p,seed,sigma,learned_risk,mono_risk,fixed_pair_risk,gap
0.1,0,0.0,0.04000000000000001,0.20000000000000004,0.04000000000000001,-0.16000000000000003
0.1,0,0.01,0.04000000000000001,0.20000000000000004,0.04000000000000001,-0.16000000000000003
0.1,0,0.02,0.04000000000000001,0.20000000000000004,0.04000000000000001,-0.16000000000000003
0.1,0,0.03,0.04000000000000001,0.20000000000000004,0.04000000000000001,-0.16000000000000003
0.1,0,0.04,0.04000000000000001,0.20000000000000004,0.04000000000000001,-0.16000000000000003
0.1,0,0.05,0.04000000000274755,0.20000000000000004,0.04000000000273669,-0.15999999999725248
0.1,0,0.06,0.040000006781770736,0.20000000000000012,0.04000000676873461,-0.15999999321822939
0.1,0,0.07,0.0400007841105149,0.20000000000091417,0.0400007832879575,-0.15999921589039928
0.1,0,0.08,0.04001762717396244,0.20000000041045274,0.04001761618763296,-0.15998237323649028
0.1,0,0.09,0.040152291483209986,0.20000002767301794,0.04015223130125113,-0.15984773618980797
0.1,0,0.1,0.04072456571580667,0.2000005733031438,0.040724374591052034,-0.15927600758733712
0.1,0,0.11,0.042329454163304914,0.20000548168265275,0.04232902655181876,-0.15767602751934784
0.1,0,0.12,0.04572564528908578,0.20003090859376463,0.045724888172026884,-0.15430526330467886
0.1,0,0.13,0.05163392743231493,0.20011998644089785,0.05163278659977891,-0.14848605900858292
0.1,0,0.14,0.06057349144782857,0.200355039380747,0.06057195780250541,-0.13978154793291842
0.1,0,0.15,0.07279328184234758,0.2008581206663937,0.07279138330857303,-0.12806483882404612
0.1,0,0.16,0.08828539934551594,0.20177805059821688,0.08828318740481661,-0.11349265125270094
0.1,0,0.17,0.10684268735318717,0.2032696820126937,0.10684022432314427,-0.09642699465950652
0.1,0,0.18,0.1281279294488321,0.2054732035724883,0.12812527904063964,-0.07734527412365619
0.1,0,0.19,0.15173585983958032,0.20849891186920233,0.15173308126984109,-0.05676305202962201
0.1,0,0.2,0.17724064720975033,0.21241933065155233,0.17723779217441066,-0.035178683441802
0.1,0,0.21,0.2042282627636247,0.2172679439961756,0.20422537437669616,-0.013039681232550893
0.1,0,0.22,0.23231615383125148,0.22304262008776188,0.23231326675522368,0.009273533743489604
0.1,0,0.23,0.2611634478040828,0.22971166628795342,0.2611605890116116,0.03145178151612937
0.1,0,0.24,0.2904746658468699,0.23722085037977272,0.2904718556500256,0.05325381546709715
0.1,0,0.25,0.31999931170672846,0.24550026389635843,0.31999656483896743,0.07449904781037003
0.1,0,0.26,0.34952905293882924,0.25447039002747746,0.34952637957549104,0.09505866291135179
0.1,0,0.27,0.37889366406322267,0.26404709948144306,0.3788910707288559,0.11484656458177961
0.1,0,0.28,0.40795648622184827,0.27414553111140694,0.4079539765685161,0.13381095511044133
0.1,0,0.29,0.4366098645567395,0.2846829459575784,0.4366074400162141,0.15192691859916108
0.1,0,0.3,0.46477082722506147,0.29558070454562946,0.4647684875463953,0.169190122679432
0.1,0,0.31,0.492377142453126,0.3067655342680818,0.49237488614009367,0.18561160818504424
0.1,0,0.32,0.5193838105129794,0.31817024586533516,0.5193816351760341,0.20121356464764428
0.1,0,0.33,0.5457599997181601,0.32973403829466896,0.5457579023544659,0.21602596142349118
0.1,0,0.34,0.57148640812684,0.34140250748661305,0.5714843853404104,0.230083900640227
0.1,0,0.35000000000000003,0.5965530180352607,0.3531274510196697,0.5965510662076445,0.24342556701559104
0.1,0,0.36,0.6209572036400294,0.36486653974790906,0.6209553190605028,0.2560906638921203
0.1,0,0.37,0.6447021503328169,0.37658290970746644,0.6447003292957025,0.2681192406253504
0.1,0,0.38,0.66779554500923,0.38824471328231647,0.6677937838847877,0.27955083172691353
0.1,0,0.39,0.6902484992980064,0.3998246573323837,0.6902467945823041,0.29042384196562265
0.1,0,0.4,0.7120746709757282,0.41129954733371077,0.7120730193239949,0.3007751236420174
0.1,0,0.41000000000000003,0.7332895525399613,0.4226498500785068,0.7332879507871367,0.3106397024614545
0.1,0,0.42,0.7539098996654107,0.433859282692745,0.7539083448369387,0.3200506169726657
0.1,0,0.43,0.7739532758760619,0.44491443226993516,0.7739517651913799,0.32903884360612673
0.1,0,0.44,0.7934376931215283,0.45580440797661637,0.793436223992224,0.337633285144912
0.1,0,0.45,0.8123813309901153,0.46652052580501085,0.812379901014307,0.3458608051851045
0.1,0,0.46,0.8308023200014094,0.4770560250326205,0.8308009269555678,0.3537462949687889
0.1,0,0.47000000000000003,0.8487185767975642,0.48740581474433525,0.8487172186267075,0.361312762053229
0.1,0,0.48,0.8661476811097713,0.4975662483635041,0.866146355916748,0.36858143274626715
0.1,0,0.49,0.8831067861383813,0.5075349239372042,0.8831054921727683,0.3755718622011771
0.1,0,0.5,0.8996125554802241,0.5173105078629143,0.8996112911272215,0.3823020476173098
0.1,0,0.51,0.9156811209949585,0.5268925797815179,0.9156798847645544,0.38878854121344053
0.1,0,0.52,0.931328057053709,0.5362814964606776,0.9313268475703008,0.39504656059303145
0.1,0,0.53,0.9465683674861635,0.5454782726285542,0.9465671834787504,0.40109009485760927
0.1,0,0.54,0.9614164822628299,0.5544844768733121,0.9614153225558459,0.4069320053895178
0.1,0,0.55,0.9758862615407604,0.5633021408868981,0.9758851250455801,0.4125841206538623
0.1,0,0.56,0.9899910051844213,0.5719336804941778,0.9899898908915393,0.4180573246902435
0.1,0,0.5700000000000001,1.0037434662665592,0.5803818270654377,1.0037423732384345,0.42336163920112146
0.1,0,0.58,1.0171558673723113,0.588649568058315,1.0171547947368418,0.4285062993139963
0.1,0,0.59,1.030239918786585,0.5967400955726005,1.030238865731183,0.4334998232139844
0.1,0,0.6,1.0430068378509847,0.6046567619272863,1.043005803617212,0.43835007592369835
0.1,0,0.61,1.055467368941543,0.6124030413835464,1.0554663528202617,0.44306432755799663
0.1,0,0.62,1.0676318036499106,0.6199824972403392,1.0676308049769074,0.44764930640957146
0.1,0,0.63,1.0795100008548895,0.6273987536215908,1.0795090190069343,0.45211124723329865
0.1,0,0.64,1.0911114064534413,0.6346554713561713,1.0911104408447376,0.45645593509727
0.1,0,0.65,1.1024450725849049,0.6417563274249196,1.1024441226638968,0.46068874515998526
0.1,0,0.66,1.113519676232579,0.6487049975136355,1.1135187414790757,0.46481467871894344
0.1,0,0.67,1.124343537125932,0.6555051412680653,1.1243426170485225,0.4688383958578668
0.1,0,0.68,1.1349246348967972,0.6621603898972167,1.134923729030522,0.4727642449995805
0.1,0,0.6900000000000001,1.1452706254658391,0.6686743358156106,1.1452697333700939,0.4765962896502285
0.1,0,0.7000000000000001,1.1553888566528605,0.6750505240539533,1.1553879779095064,0.48033833259890724
0.1,0,0.71,1.1652863830173465,0.6812924452018418,1.165285517229003,0.4839939378155047
0.1,0,0.72,1.1749699799449695,0.6874035296760255,1.1749691267334779,0.4875664502689441
0.1,0,0.73,1.1844461570024087,0.6933871431339438,1.1844453160074364,0.49105901386846496
0.1,0,0.74,1.1937211705873272,0.6992465828752197,1.19372034146511,0.4944745877121075
0.1,0,0.75,1.202801035903262,0.7049850750938459,1.2028002183254598,0.49781596080941604
0.1,0,0.76,1.2116915382908027,0.7106057728613782,1.2116907319434596,0.5010857654294245
0.1,0,0.77,1.2203982439471752,0.7161117547368014,1.220397448529779,0.5042864892103738
0.1,0,0.78,1.228926510066364,0.7215060239121669,1.2289257252909818,0.5074204861541971
0.1,0,0.79,1.237281494431404,0.7267915078148319,1.2372807200218991,0.510489986616572
0.1,0,0.8,1.245468164489655,0.7319710580974013,1.2454674001809696,0.5134971063922538
0.1,0,0.81,1.2534913059407422,0.7370474509554286,1.253490551478237,0.5164438549853136
0.1,0,0.8200000000000001,1.2613555308655977,0.7420233877207771,1.2613547860044503,0.5193321431448206
0.1,0,0.8300000000000001,1.2690652854236746,0.7469014956853831,1.2690645499283255,0.5221637897382915
0.1,0,0.84,1.2766248571439898,0.751684329116147,1.2766241307876287,0.5249405280278427
0.1,0,0.85,1.2840383818342271,0.7563743704269068,1.2840376643983227,0.5276640114073203
0.1,0,0.86,1.291309850130732,0.7609740314780107,1.2913091414045954,0.5303358186527214
0.1,0,0.87,1.2984431137108432,0.7654856549779914,1.2984424134912247,0.5329574587328518
0.1,0,0.88,1.3054418911876986,0.7699115159653344,1.3054411992784118,0.5355303752223642
0.1,0,0.89,1.3123097737063647,0.7742538233513665,1.3123090899179402,0.5380559503549982
0.1,0,0.9,1.3190502302589522,0.778514721507944,1.3190495544083105,0.5405355087510082
0.1,0,0.91,1.3256666127352263,0.7826962918859454,1.3256659446453787,0.542970320849281
0.1,0,0.92,1.3321621607241603,0.7868005546525825,1.3321615002239222,0.5453616060715778
0.1,0,0.93,1.338540006080855,0.7908294703373169,1.338539353004586,0.5477105357435381
0.1,0,0.9400000000000001,1.3448031772723306,0.7947849414776958,1.344802531459683,0.5500182357946347
0.1,0,0.9500000000000001,1.350954603514785,0.7986688142577656,1.3509539648104738,0.5522857892570194
0.1,0,0.96,1.3569971187141185,0.8024828801328798,1.3569964869677018,0.5545142385812387
0.1,0,0.97,1.36293346522074,0.8062288774357442,1.362932840286414,0.5567045877849959
0.1,0,0.98,1.36876629740897,0.8099084929594,1.368765679145375,0.55885780444957
0.1,0,0.99,1.3744981850906874,0.8135233635136379,1.3744975733607245,0.5609748215770496
0.1,0,1.0,1.3801316167722464,0.8170750774519738,1.380131011442906,0.5630565393202726
0.1,0,1.01,1.3856690027631315,0.8205651761669088,1.385668403705329,0.5651038265962227
0.1,0,1.02,1.3911126781442755,0.8239951555516807,1.3911120852326972,0.5671175225925948
0.1,0,1.03,1.3964649056034664,0.8273664674271484,1.3964643187164234,0.569098438176318
0.1,0,1.04,1.401727878144831,0.83068052093282,1.4017272971641188,0.571047357212011
0.1,0,1.05,1.406903721678929,0.8339386838813458,1.4069031464896962,0.5729650377975832
0.1,0,1.06,1.4119944974996133,0.8371422840760747,1.4119939279902365,0.5748522134235385
0.1,0,1.07,1.417002204653435,0.8402926105915007,1.4170016407154002,0.5767095940619342
0.1,0,1.08,1.421928782207032,0.8433909150166249,1.421928223734819,0.578537867190407
0.1,0,1.09,1.4267761114176054,0.8464384126614243,1.426775558308581,0.5803376987561811
0.1,0,1.1,1.431546017811316,0.8494362837267548,1.4315454699656298,0.5821097340845611
0.1,0,1.11,1.4362402731741228,0.8523856744381417,1.4362397304946086,0.5838545987359811
0.1,0,1.12,1.4408605974593538,0.8552876981439996,1.4408600598514376,0.5855728993153542
0.1,0,1.1300000000000001,1.445408660616037,0.8581434363789067,1.4454081279876447,0.5872652242371303
0.1,0,1.1400000000000001,1.4498860843418022,0.8609539398926243,1.4498855566032745,0.588932144449178
0.1,0,1.1500000000000001,1.4542944437639516,0.8637202296456025,1.454293920827962,0.5905742141183491
0.1,0,1.16,1.4586352690520952,0.866443297771752,1.4586347508335704,0.5921919712803432
0.1,0,1.17,1.4629100469655654,0.8691241085092951,1.462909533381612,0.5937859384562703
0.1,0,1.18,1.4671202223386506,0.8717635991005281,1.4671197133084801,0.5953566232381224
0.1,0,1.19,1.4712671995065172,0.8743626806613455,1.471266694951379,0.5969045188451717
0.1,0,1.2,1.475352343674555,0.8769222390213796,1.4753518435176696,0.5984301046531755
0.1,0,1.21,1.4793769822337128,0.879443135535619,1.4793764864002068,0.5999338466980938
0.1,0,1.22,1.4833424060242766,0.8819262078683632,1.4833419144411228,0.6014161981559134
0.1,0,1.23,1.487249870550408,0.8843722707503647,1.4872493831463665,0.6028775998000433
0.1,0,1.24,1.491100597147635,0.886782116710007,1.4911001138531952,0.604318480437628
0.1,0,1.25,1.4948957741053923,0.8891565167793518,1.4948952948527223,0.6057392573260405
0.1,0,1.26,1.4986365577465848,0.8914962211758752,1.4986360824694753,0.6071403365707095
0.1,0,1.27,1.5023240734660586,0.8938019599606986,1.5023236020998743,0.60852211350536
0.1,0,1.28,1.5059594167297643,0.8960744436741047,1.5059589492113965,0.6098849730556596
0.1,0,1.29,1.5095436540363218,0.898314363949111,1.5095431903041414,0.6112292900872108
0.1,0,1.3,1.5130778238425913,0.9005223941038489,1.5130773638364026,0.6125554297387423
0.1,0,1.31,1.5165629374547924,0.9026991897134882,1.516562481115793,0.6138637477413043
0.1,0,1.32,1.5199999798866417,0.9048453891624165,1.5199995271573772,0.6151545907242252
0.1,0,1.33,1.5233899106858853,0.9069616141773683,1.5233894615102135,0.6164282965085169
0.1,0,1.34,1.5267336647305723,0.9090484703421773,1.526733219053622,0.617685194388395
0.1,0,1.35,1.5300321529963166,0.9111065475948039,1.5300317107644505,0.6189256054015126
0.1,0,1.36,1.533286263295759,0.9131364207072732,1.53328582445654,0.6201498425884857
0.1,0,1.37,1.5364968609913758,0.9151386497491307,1.5364964254935292,0.6213582112422451
0.1,0,1.3800000000000001,1.5396647896827291,0.9171137805350158,1.5396643574761106,0.6225510091477133
0.1,0,1.3900000000000001,1.542790871869195,0.9190623450569168,1.5427904429047605,0.6237285268122782
0.1,0,1.4000000000000001,1.5458759095891819,0.9209848619016711,1.5458754838189532,0.6248910476875108
0.1,0,1.41,1.548920685036767,0.9228818366542344,1.548920262413805,0.6260388483825325
0.1,0,1.42,1.55192596115668,0.9247537622872456,1.551925541635053,0.6271721988694344
0.1,0,1.43,1.554892482218482,0.9266011195373758,1.5548920657532388,0.6282913626811062
0.1,0,1.44,1.557820974370779,0.9284243772689482,1.5578205609179223,0.6293965971018307
0.1,0,1.45,1.5607121461762545,0.9302239928252889,1.5607117356927134,0.6304881533509656
0.1,0,1.46,1.5635666891282771,0.9320004123682547,1.5635662815718834,0.6315662767600224
0.1,0,1.47,1.5663852781498069,0.9337540712063704,1.5663848734792694,0.6326312069434364
0.1,0,1.48,1.569168572075288,0.9354853941119861,1.56916817025017,0.6336831779633019
0.1,0,1.49,1.5719172141161906,0.937194795627857,1.5719168150968859,0.6347224184883336
0.1,0,1.5,1.5746318323108297,0.9388826803635275,1.5746314360585418,0.6357491519473022
0.1,1,0.0,0.04000000000000001,0.20000000000000004,0.04000000000000001,-0.16000000000000003
0.1,1,0.01,0.04000000000000001,0.20000000000000004,0.04000000000000001,-0.16000000000000003
0.1,1,0.02,0.04000000000000001,0.20000000000000004,0.04000000000000001,-0.16000000000000003
0.1,1,0.03,0.04000000000000001,0.20000000000000004,0.04000000000000001,-0.16000000000000003
0.1,1,0.04,0.04000000000000001,0.20000000000000004,0.04000000000000001,-0.16000000000000003
0.1,1,0.05,0.04000000000274366,0.20000000000000004,0.04000000000273669,-0.1599999999972564
0.1,1,0.06,0.04000000677711579,0.20000000000000012,0.04000000676873461,-0.15999999322288433
0.1,1,0.07,0.04000078381649169,0.20000000000091417,0.0400007832879575,-0.15999921618442248
0.1,1,0.08,0.04001762323000802,0.20000000041045274,0.04001761618763296,-0.15998237718044472
0.1,1,0.09,0.04015226973531061,0.20000002767301794,0.04015223130125113,-0.15984775793770734
0.1,1,0.1,0.040724496068108657,0.2000005733031438,0.040724374591052034,-0.15927607723503515
0.1,1,0.11,0.042329296805021635,0.20000548168265275,0.04232902655181876,-0.15767618487763113
0.1,1,0.12,0.045725363608843425,0.20003090859376463,0.045724888172026884,-0.15430554498492122
0.1,1,0.13,0.05163349790667206,0.20011998644089785,0.05163278659977891,-0.1484864885342258
0.1,1,0.14,0.06057290662915321,0.200355039380747,0.06057195780250541,-0.1397821327515938
0.1,1,0.15,0.07279254809902062,0.2008581206663937,0.07279138330857303,-0.12806557256737305
0.1,1,0.16,0.08828453241993678,0.20177805059821688,0.08828318740481661,-0.1134935181782801
0.1,1,0.17,0.10684170792764103,0.2032696820126937,0.10684022432314427,-0.09642797408505266
0.1,1,0.18,0.12812685970226106,0.2054732035724883,0.12812527904063964,-0.07734634387022724
0.1,1,0.19,0.15173472117811396,0.20849891186920233,0.15173308126984109,-0.05676419069108837
0.1,1,0.2,0.17723945898746937,0.21241933065155233,0.17723779217441066,-0.03517987166408296
0.1,1,0.21,0.20422704171172396,0.2172679439961756,0.20422537437669616,-0.01304090228445165
0.1,1,0.22,0.23231491393850895,0.22304262008776188,0.23231326675522368,0.009272293850747071
0.1,1,0.23,0.26116220045498284,0.22971166628795342,0.2611605890116116,0.03145053416702942
0.1,1,0.24,0.2904734200871921,0.23722085037977272,0.2904718556500256,0.0532525697074194
0.1,1,0.25,0.3199980745564768,0.24550026389635843,0.31999656483896743,0.07449781066011835
0.1,1,0.26,0.34952782970722085,0.25447039002747746,0.34952637957549104,0.0950574396797434
0.1,1,0.27,0.3788924586426352,0.26404709948144306,0.3788910707288559,0.11484535916119215
0.1,1,0.28,0.4079553013506848,0.27414553111140694,0.4079539765685161,0.13380977023927787
0.1,1,0.29,0.4366087020483167,0.2846829459575784,0.4366074400162141,0.15192575609073827
0.1,1,0.3,0.46476968816322217,0.29558070454562946,0.4647684875463953,0.16918898361759271
0.1,1,0.31,0.49237602735693337,0.3067655342680818,0.49237488614009367,0.18561049308885158
0.1,1,0.32,0.5193827194735039,0.31817024586533516,0.5193816351760341,0.20121247360816874
0.1,1,0.33,0.5457589325105449,0.32973403829466896,0.5457579023544659,0.2160248942158759
0.1,1,0.34,0.5714853643007971,0.34140250748661305,0.5714843853404104,0.23008285681418406
0.1,1,0.35000000000000003,0.5965519969870087,0.3531274510196697,0.5965510662076445,0.24342454596733898
0.1,1,0.36,0.6209562046684806,0.36486653974790906,0.6209553190605028,0.2560896649205715
0.1,1,0.37,0.6447011726826001,0.37658290970746644,0.6447003292957025,0.26811826297513364
0.1,1,0.38,0.6677945879028704,0.38824471328231647,0.6677937838847877,0.2795498746205539
0.1,1,0.39,0.6902475619593206,0.3998246573323837,0.6902467945823041,0.2904229046269369
0.1,1,0.4,0.7120737526462213,0.41129954733371077,0.7120730193239949,0.30077420531251053
0.1,1,0.41000000000000003,0.7332886524897433,0.4226498500785068,0.7332879507871367,0.3106388024112365
0.1,1,0.42,0.7539090171999133,0.433859282692745,0.7539083448369387,0.32004973450716834
0.1,1,0.43,0.7739524103395978,0.44491443226993516,0.7739517651913799,0.3290379780696627
0.1,1,0.44,0.7934368438985443,0.45580440797661637,0.793436223992224,0.33763243592192793
0.1,1,0.45,0.8123804975048101,0.46652052580501085,0.812379901014307,0.34585997169979926
0.1,1,0.46,0.8308015017162428,0.4770560250326205,0.8308009269555678,0.3537454766836223
0.1,1,0.47000000000000003,0.8487177732110608,0.48740581474433525,0.8487172186267075,0.36131195846672554
0.1,1,0.48,0.8661468917539159,0.4975662483635041,0.866146355916748,0.3685806433904118
0.1,1,0.49,0.883106010575836,0.5075349239372042,0.8831054921727683,0.3755710866386318
0.1,1,0.5,0.8996117933015149,0.5173105078629143,0.8996112911272215,0.38230128543860054
0.1,1,0.51,0.9156803718157457,0.5268925797815179,0.9156798847645544,0.38878779203422775
0.1,1,0.52,0.9313273205122103,0.5362814964606776,0.9313268475703008,0.39504582405153277
0.1,1,0.53,0.9465676432407706,0.5454782726285542,0.9465671834787504,0.4010893706122164
0.1,1,0.54,0.9614157699899404,0.5544844768733121,0.9614153225558459,0.40693129311662823
0.1,1,0.55,0.9758855609328316,0.5633021408868981,0.9758851250455801,0.4125834200459335
0.1,1,0.56,0.9899903159482433,0.5719336804941778,0.9899898908915393,0.41805663545406546
0.1,1,0.5700000000000001,1.0037427881217351,0.5803818270654377,1.0037423732384345,0.4233609610562974
0.1,1,0.58,1.0171552000499307,0.588649568058315,1.0171547947368418,0.4285056319916156
0.1,1,0.59,1.0302392620280716,0.5967400955726005,1.030238865731183,0.43349916645547104
0.1,1,0.6,1.0430061914071067,0.6046567619272863,1.043005803617212,0.43834942947982036
0.1,1,0.61,1.0554667325715599,0.6124030413835464,1.0554663528202617,0.4430636911880135
0.1,1,0.62,1.0676311771208455,0.6199824972403392,1.0676308049769074,0.4476486798805064
0.1,1,0.63,1.0795093839409082,0.6273987536215908,1.0795090190069343,0.4521106303193174
0.1,1,0.64,1.0911107989353246,0.6346554713561713,1.0911104408447376,0.4564553275791533
0.1,1,0.65,1.102444474249601,0.6417563274249196,1.1024441226638968,0.4606881468246813
0.1,1,0.66,1.1135190868728215,0.6487049975136355,1.1135187414790757,0.464814089359186
0.1,1,0.67,1.1243429565399172,0.6555051412680653,1.1243426170485225,0.468837815271852
0.1,1,0.68,1.1349240628879085,0.6621603898972167,1.134923729030522,0.4727636729906918
0.1,1,0.6900000000000001,1.1452700618424112,0.6686743358156106,1.1452697333700939,0.47659572602680056
0.1,1,0.7000000000000001,1.1553883012279778,0.6750505240539533,1.1553879779095064,0.4803377771740245
0.1,1,0.71,1.165285835608667,0.6812924452018418,1.165285517229003,0.4839933904068252
0.1,1,0.72,1.1749694403745738,0.6874035296760255,1.1749691267334779,0.4875659106985484
0.1,1,0.73,1.1844456250966644,0.6933871431339438,1.1844453160074364,0.4910584819627206
0.1,1,0.74,1.193720646176771,0.6992465828752197,1.19372034146511,0.4944740633015514
0.1,1,0.75,1.2028005188224908,0.7049850750938459,1.2028002183254598,0.49781544372864495
0.1,1,0.76,1.211691028378376,0.7106057728613782,1.2116907319434596,0.5010852555169978
0.1,1,0.77,1.2203977410455245,0.7161117547368014,1.220397448529779,0.504285986308723
0.1,1,0.78,1.2289260140217058,0.7215060239121669,1.2289257252909818,0.5074199901095389
0.1,1,0.79,1.237281005093662,0.7267915078148319,1.2372807200218991,0.5104894972788301
0.1,1,0.8,1.2454676817123829,0.7319710580974013,1.2454674001809696,0.5134966236149816
0.1,1,0.81,1.2534908295810463,0.7370474509554286,1.253490551478237,0.5164433786256177
0.1,1,0.8200000000000001,1.2613550607840678,0.7420233877207771,1.2613547860044503,0.5193316730632906
0.1,1,0.8300000000000001,1.2690648214843112,0.7469014956853831,1.2690645499283255,0.5221633257989281
0.1,1,0.84,1.276624399214136,0.751684329116147,1.2766241307876287,0.5249400700979889
0.1,1,0.85,1.284037929784497,0.7563743704269068,1.2840376643983227,0.5276635593575902
0.1,1,0.86,1.291309403834944,0.7609740314780107,1.2913091414045954,0.5303353723569333
0.1,1,0.87,1.2984426730459528,0.7654856549779914,1.2984424134912247,0.5329570180679615
0.1,1,0.88,1.3054414560337295,0.7699115159653344,1.3054411992784118,0.5355299400683952
0.1,1,0.89,1.312309343946343,0.7742538233513665,1.3123090899179402,0.5380555205949764
0.1,1,0.9,1.3190498057788391,0.778514721507944,1.3190495544083105,0.5405350842708951
0.1,1,0.91,1.3256661934238534,0.7826962918859454,1.3256659446453787,0.542969901537908
0.1,1,0.92,1.3321617464731608,0.7868005546525825,1.3321615002239222,0.5453611918205783
0.1,1,0.93,1.3385395967846017,0.7908294703373169,1.338539353004586,0.5477101264472848
0.1,1,0.9400000000000001,1.3448027728278704,0.7947849414776958,1.344802531459683,0.5500178313501746
0.1,1,0.9500000000000001,1.3509542038217737,0.7986688142577656,1.3509539648104738,0.5522853895640081
0.1,1,0.96,1.3569967236747584,0.8024828801328798,1.3569964869677018,0.5545138435418786
0.1,1,0.97,1.3629330747397168,0.8062288774357442,1.362932840286414,0.5567041973039726
0.1,1,0.98,1.3687659113933928,0.8099084929594,1.368765679145375,0.5588574184339927
0.1,1,0.99,1.3744978034500246,0.8135233635136379,1.3744975733607245,0.5609744399363867
0.1,1,1.0,1.380131239418267,0.8170750774519738,1.380131011442906,0.5630561619662932
0.1,1,1.01,1.3856686296098477,0.8205651761669088,1.385668403705329,0.5651034534429389
0.1,1,1.02,1.391112309107881,0.8239951555516807,1.3911120852326972,0.5671171535562003
0.1,1,1.03,1.3964645406022826,0.8273664674271484,1.3964643187164234,0.5690980731751343
0.1,1,1.04,1.4017275170992485,0.83068052093282,1.4017272971641188,0.5710469961664285
0.1,1,1.05,1.4069033645113531,0.8339386838813458,1.4069031464896962,0.5729646806300073
0.1,1,1.06,1.4119941441344108,0.8371422840760747,1.4119939279902365,0.5748518600583361
0.1,1,1.07,1.4170018550168813,0.8402926105915007,1.4170016407154002,0.5767092444253805
0.1,1,1.08,1.4219284362272577,0.8433909150166249,1.421928223734819,0.5785375212106328
0.1,1,1.09,1.4267757690245488,0.8464384126614243,1.426775558308581,0.5803373563631246
0.1,1,1.1,1.4315456789366703,0.8494362837267548,1.4315454699656298,0.5821093952099154
0.1,1,1.11,1.4362399377512902,0.8523856744381417,1.4362397304946086,0.5838542633131485
0.1,1,1.12,1.440860265423398,0.8552876981439996,1.4408600598514376,0.5855725672793983
0.1,1,1.1300000000000001,1.4454083319036364,0.8581434363789067,1.4454081279876447,0.5872648955247297
0.1,1,1.1400000000000001,1.4498857588912055,0.8609539398926243,1.4498855566032745,0.5889318189985813
0.1,1,1.1500000000000001,1.454294121514935,0.8637202296456025,1.454293920827962,0.5905738918693325
0.1,1,1.16,1.4586349499459181,0.866443297771752,1.4586347508335704,0.5921916521741661
0.1,1,1.17,1.462909730944932,0.8691241085092951,1.462909533381612,0.5937856224356368
0.1,1,1.18,1.4671199093476655,0.8717635991005281,1.4671197133084801,0.5953563102471373
0.1,1,1.19,1.4712668894906498,0.8743626806613455,1.471266694951379,0.5969042088293043
0.1,1,1.2,1.4753520365805994,0.8769222390213796,1.4753518435176696,0.5984297975592199
0.1,1,1.21,1.4793766780097508,0.879443135535619,1.4793764864002068,0.5999335424741318
0.1,1,1.22,1.4833421046196429,0.8819262078683632,1.4833419144411228,0.6014158967512797
0.1,1,1.23,1.4872495719156533,0.8843722707503647,1.4872493831463665,0.6028773011652886
0.1,1,1.24,1.4911003012344934,0.886782116710007,1.4911001138531952,0.6043181845244865
0.1,1,1.25,1.4948954808667483,0.8891565167793518,1.4948952948527223,0.6057389640873965
0.1,1,1.26,1.4986362671364397,0.8914962211758752,1.4986360824694753,0.6071400459605645
0.1,1,1.27,1.5023237854394997,0.8938019599606986,1.5023236020998743,0.6085218254788012
0.1,1,1.28,1.505959131242937,0.8960744436741047,1.5059589492113965,0.6098846875688323
0.1,1,1.29,1.5095433710463966,0.898314363949111,1.5095431903041414,0.6112290070972856
0.1,1,1.3,1.513077543307737,0.9005223941038489,1.5130773638364026,0.6125551492038881
0.1,1,1.31,1.516562659334149,0.9026991897134882,1.516562481115793,0.6138634696206609
0.1,1,1.32,1.5199997041402917,0.9048453891624165,1.5199995271573772,0.6151543149778752
0.1,1,1.33,1.5233896372748297,0.9069616141773683,1.5233894615102135,0.6164280230974614
0.1,1,1.34,1.5267333936167036,0.9090484703421773,1.526733219053622,0.6176849232745263
0.1,1,1.35,1.5300318841423957,0.9111065475948039,1.5300317107644505,0.6189253365475917
0.1,1,1.36,1.53328599666539,0.9131364207072732,1.53328582445654,0.6201495759581168
0.1,1,1.37,1.5364965965489836,0.9151386497491307,1.5364964254935292,0.6213579467998529
0.1,1,1.3800000000000001,1.539664527393536,0.9171137805350158,1.5396643574761106,0.6225507468585203
0.1,1,1.3900000000000001,1.542790611699201,0.9190623450569168,1.5427904429047605,0.6237282666422842
0.1,1,1.4000000000000001,1.5458756515051415,0.9209848619016711,1.5458754838189532,0.6248907896034704
0.1,1,1.41,1.5489204290061698,0.9228818366542344,1.548920262413805,0.6260385923519354
0.1,1,1.42,1.5519257071477304,0.9247537622872456,1.551925541635053,0.6271719448604848
0.1,1,1.43,1.5548922302000807,0.9266011195373758,1.5548920657532388,0.6282911106627049
0.1,1,1.44,1.5578207243125037,0.9284243772689482,1.5578205609179223,0.6293963470435555
0.1,1,1.45,1.5607118980483417,0.9302239928252889,1.5607117356927134,0.6304879052230528
0.1,1,1.46,1.5635664429016036,0.9320004123682547,1.5635662815718834,0.6315660305333489
0.1,1,1.47,1.5663850337958756,0.9337540712063704,1.5663848734792694,0.6326309625895051
0.1,1,1.48,1.5691683295662087,0.9354853941119861,1.56916817025017,0.6336829354542226
0.1,1,1.49,1.5719169734246652,0.937194795627857,1.5719168150968859,0.6347221777968082
0.1,1,1.5,1.5746315934101358,0.9388826803635275,1.5746314360585418,0.6357489130466083
0.1,2,0.0,0.11810000000000002,0.20000000000000004,0.04000000000000001,-0.08190000000000001
0.1,2,0.01,0.11828731530428882,0.20000000000000004,0.04000000000000001,-0.08171268469571122
0.1,2,0.02,0.12377200229425775,0.20000000000000004,0.04000000000000001,-0.07622799770574229
0.1,2,0.03,0.13010960081631526,0.20000000000000004,0.04000000000000001,-0.06989039918368478
0.1,2,0.04,0.13472720858039536,0.20000000000000004,0.04000000000000001,-0.06527279141960468
0.1,2,0.05,0.1384491728794846,0.20000000000000004,0.04000000000273669,-0.06155082712051543
0.1,2,0.06,0.142031980972953,0.20000000000000012,0.04000000676873461,-0.057968019027047124
0.1,2,0.07,0.14607788291299123,0.20000000000091417,0.0400007832879575,-0.05392211708792294
0.1,2,0.08,0.1512321724539976,0.20000000041045274,0.04001761618763296,-0.04876782795645515
0.1,2,0.09,0.15801279317700148,0.20000002767301794,0.04015223130125113,-0.04198723449601646
0.1,2,0.1,0.16670724643823742,0.2000005733031438,0.040724374591052034,-0.03329332686490638
0.1,2,0.11,0.17744825829213093,0.20000548168265275,0.04232902655181876,-0.022557223390521824
0.1,2,0.12,0.19030318941080307,0.20003090859376463,0.045724888172026884,-0.009727719182961558
0.1,2,0.13,0.20530340539576647,0.20011998644089785,0.05163278659977891,0.005183418954868624
0.1,2,0.14,0.22243509034671613,0.200355039380747,0.06057195780250541,0.022080050965969128
0.1,2,0.15,0.2416251543613925,0.2008581206663937,0.07279138330857303,0.04076703369499882
0.1,2,0.16,0.2627378158223574,0.20177805059821688,0.08828318740481661,0.06095976522414051
0.1,2,0.17,0.28558289721773,0.2032696820126937,0.10684022432314427,0.08231321520503632
0.1,2,0.18,0.3099311683125825,0.2054732035724883,0.12812527904063964,0.1044579647400942
0.1,2,0.19,0.3355317035893317,0.20849891186920233,0.15173308126984109,0.12703279172012938
0.1,2,0.2,0.3621277890163421,0.21241933065155233,0.17723779217441066,0.1497084583647898
0.1,2,0.21,0.389469643466079,0.2172679439961756,0.20422537437669616,0.17220169946990338
0.1,2,0.22,0.41732348967518074,0.22304262008776188,0.23231326675522368,0.19428086958741886
0.1,2,0.23,0.44547724921905973,0.22971166628795342,0.2611605890116116,0.21576558293110631
0.1,2,0.24,0.47374346942950263,0.23722085037977272,0.2904718556500256,0.2365226190497299
0.1,2,0.25,0.5019601686926898,0.24550026389635843,0.31999656483896743,0.25645990479633135
0.1,2,0.26,0.5299902303708268,0.25447039002747746,0.34952637957549104,0.27551984034334936
0.1,2,0.27,0.5577198639269799,0.26404709948144306,0.3788910707288559,0.29367276444553686
0.1,2,0.28,0.5850565300338925,0.27414553111140694,0.4079539765685161,0.3109109989224855
0.1,2,0.29,0.6119266166270806,0.2846829459575784,0.4366074400162141,0.32724367066950216
0.1,2,0.3,0.6382730631593817,0.29558070454562946,0.4647684875463953,0.34269235861375225
0.1,2,0.31,0.6640530614644284,0.3067655342680818,0.49237488614009367,0.35728752719634665
0.1,2,0.32,0.6892359110808464,0.31817024586533516,0.5193816351760341,0.3710656652155112
0.1,2,0.33,0.7138010710575361,0.32973403829466896,0.5457579023544659,0.38406703276286713
0.1,2,0.34,0.737736425681904,0.34140250748661305,0.5714843853404104,0.39633391819529096
0.1,2,0.35000000000000003,0.7610367653070731,0.3531274510196697,0.5965510662076445,0.4079093142874034
0.1,2,0.36,0.7837024731810489,0.36486653974790906,0.6209553190605028,0.41883593343313985
0.1,2,0.37,0.8057384031420176,0.37658290970746644,0.6447003292957025,0.42915549343455117
0.1,2,0.38,0.8271529299377339,0.38824471328231647,0.6677937838847877,0.43890821665541746
0.1,2,0.39,0.8479571528039486,0.3998246573323837,0.6902467945823041,0.44813249547156486
0.1,2,0.4,0.8681642331121053,0.41129954733371077,0.7120730193239949,0.45686468577839456
0.1,2,0.41000000000000003,0.8877888478812689,0.4226498500785068,0.7332879507871367,0.4651389978027621
0.1,2,0.42,0.9068467423990272,0.433859282692745,0.7539083448369387,0.4729874597062822
0.1,2,0.43,0.9253543668726264,0.44491443226993516,0.7739517651913799,0.48043993460269124
0.1,2,0.44,0.943328583774062,0.45580440797661637,0.793436223992224,0.48752417579744567
0.1,2,0.45,0.9607864342468245,0.46652052580501085,0.812379901014307,0.4942659084418137
0.1,2,0.46,0.977744953543348,0.4770560250326205,0.8308009269555678,0.5006889285107274
0.1,2,0.47000000000000003,0.9942210269253746,0.48740581474433525,0.8487172186267075,0.5068152121810394
0.1,2,0.48,1.0102312787684828,0.4975662483635041,0.866146355916748,0.5126650304049787
0.1,2,0.49,1.025791988764155,0.5075349239372042,0.8831054921727683,0.5182570648269507
0.1,2,0.5,1.040919030113559,0.5173105078629143,0.8996112911272215,0.5236085222506446
0.1,2,0.51,1.0556278254673435,0.5268925797815179,0.9156798847645544,0.5287352456858255
0.1,2,0.52,1.0699333170983378,0.5362814964606776,0.9313268475703008,0.5336518206376603
0.1,2,0.53,1.0838499484133943,0.5454782726285542,0.9465671834787504,0.5383716757848401
0.1,2,0.54,1.0973916544308273,0.5544844768733121,0.9614153225558459,0.5429071775575152
0.1,2,0.55,1.1105718592844454,0.5633021408868981,0.9758851250455801,0.5472697183975472
0.1,2,0.56,1.1234034791764005,0.5719336804941778,0.9899898908915393,0.5514697986822227
0.1,2,0.5700000000000001,1.135898929500056,0.5803818270654377,1.0037423732384345,0.5555171024346184
0.1,2,0.58,1.1480701351006208,0.588649568058315,1.0171547947368418,0.5594205670423058
0.1,2,0.59,1.1599285428438595,0.5967400955726005,1.030238865731183,0.5631884472712589
0.1,2,0.6,1.1714851358291105,0.6046567619272863,1.043005803617212,0.5668283739018242
0.1,2,0.61,1.1827504487183516,0.6124030413835464,1.0554663528202617,0.5703474073348052
0.1,2,0.62,1.1937345837633613,0.6199824972403392,1.0676308049769074,0.5737520865230221
0.1,2,0.63,1.2044472272026232,0.6273987536215908,1.0795090190069343,0.5770484735810324
0.1,2,0.64,1.2148976657721484,0.6346554713561713,1.0911104408447376,0.5802421944159771
0.1,2,0.65,1.2250948031329547,0.6417563274249196,1.1024441226638968,0.5833384757080351
0.1,2,0.66,1.235047176065056,0.6487049975136355,1.1135187414790757,0.5863421785514206
0.1,2,0.67,1.2447629703156393,0.6555051412680653,1.1243426170485225,0.5892578290475741
0.1,2,0.68,1.2542500360192916,0.6621603898972167,1.134923729030522,0.5920896461220749
0.1,2,0.6900000000000001,1.263515902632205,0.6686743358156106,1.1452697333700939,0.5948415668165943
0.1,2,0.7000000000000001,1.2725677933412984,0.6750505240539533,1.1553879779095064,0.5975172692873452
0.1,2,0.71,1.281412638924202,0.6812924452018418,1.165285517229003,0.6001201937223601
0.1,2,0.72,1.2900570910477656,0.6874035296760255,1.1749691267334779,0.6026535613717401
0.1,2,0.73,1.2985075350018163,0.6933871431339438,1.1844453160074364,0.6051203918678725
0.1,2,0.74,1.3067701018718916,0.6992465828752197,1.19372034146511,0.6075235189966719
0.1,2,0.75,1.3148506801599134,0.7049850750938459,1.2028002183254598,0.6098656050660675
0.1,2,0.76,1.322754926865692,0.7106057728613782,1.2116907319434596,0.6121491540043138
0.1,2,0.77,1.3304882780449916,0.7161117547368014,1.220397448529779,0.6143765233081901
0.1,2,0.78,1.3380559588618488,0.7215060239121669,1.2289257252909818,0.6165499349496819
0.1,2,0.79,1.345462993154159,0.7267915078148319,1.2372807200218991,0.6186714853393271
0.1,2,0.8,1.3527142125322955,0.7319710580974013,1.2454674001809696,0.6207431544348943
0.1,2,0.81,1.3598142650309093,0.7370474509554286,1.253490551478237,0.6227668140754807
0.1,2,0.8200000000000001,1.3667676233340837,0.7420233877207771,1.2613547860044503,0.6247442356133066
0.1,2,0.8300000000000001,1.3735785925938315,0.7469014956853831,1.2690645499283255,0.6266770969084484
0.1,2,0.84,1.3802513178615265,0.751684329116147,1.2766241307876287,0.6285669887453795
0.1,2,0.85,1.3867897911513665,0.7563743704269068,1.2840376643983227,0.6304154207244597
0.1,2,0.86,1.3931978581543323,0.7609740314780107,1.2913091414045954,0.6322238266763216
0.1,2,0.87,1.3994792246204542,0.7654856549779914,1.2984424134912247,0.6339935696424628
0.1,2,0.88,1.4056374624264563,0.7699115159653344,1.3054411992784118,0.6357259464611219
0.1,2,0.89,1.4116760153451358,0.7742538233513665,1.3123090899179402,0.6374221919937693
0.1,2,0.9,1.417598204532063,0.778514721507944,1.3190495544083105,0.639083483024119
0.1,2,0.91,1.4234072337444512,0.7826962918859454,1.3256659446453787,0.6407109418585059
0.1,2,0.92,1.4291061943063161,0.7868005546525825,1.3321615002239222,0.6423056396537337
0.1,2,0.93,1.434698069833313,0.7908294703373169,1.338539353004586,0.6438685994959961
0.1,2,0.9400000000000001,1.4401857407299514,0.7947849414776958,1.344802531459683,0.6454007992522556
0.1,2,0.9500000000000001,1.4455719884712177,0.7986688142577656,1.3509539648104738,0.6469031742134521
0.1,2,0.96,1.4508594996799755,0.8024828801328798,1.3569964869677018,0.6483766195470957
0.1,2,0.97,1.4560508700109158,0.8062288774357442,1.362932840286414,0.6498219925751716
0.1,2,0.98,1.4611486078512224,0.8099084929594,1.368765679145375,0.6512401148918223
0.1,2,0.99,1.4661551378475663,0.8135233635136379,1.3744975733607245,0.6526317743339285
0.1,2,1.0,1.47107280426851,0.8170750774519738,1.380131011442906,0.6539977268165361
0.1,2,1.01,1.4759038742108896,0.8205651761669088,1.385668403705329,0.6553386980439808
0.1,2,1.02,1.4806505406582813,0.8239951555516807,1.3911120852326972,0.6566553851066006
0.1,2,1.03,1.4853149253991857,0.8273664674271484,1.3964643187164234,0.6579484579720374
0.1,2,1.04,1.4898990818121594,0.83068052093282,1.4017272971641188,0.6592185608793394
0.1,2,1.05,1.4944049975246994,0.8339386838813458,1.4069031464896962,0.6604663136433535
0.1,2,1.06,1.4988345969523245,0.8371422840760747,1.4119939279902365,0.6616923128762497
0.1,2,1.07,1.5031897437239286,0.8402926105915007,1.4170016407154002,0.6628971331324278
0.1,2,1.08,1.5074722429991447,0.8433909150166249,1.421928223734819,0.6640813279825198
0.1,2,1.09,1.5116838436831506,0.8464384126614243,1.426775558308581,0.6652454310217263
0.1,2,1.1,1.5158262405440288,0.8494362837267548,1.4315454699656298,0.666389956817274
0.1,2,1.11,1.5199010762375391,0.8523856744381417,1.4362397304946086,0.6675154017993974
0.1,2,1.12,1.5239099432438628,0.8552876981439996,1.4408600598514376,0.6686222450998631
0.1,2,1.1300000000000001,1.527854385720662,0.8581434363789067,1.4454081279876447,0.6697109493417552
0.1,2,1.1400000000000001,1.5317359012765395,0.8609539398926243,1.4498855566032745,0.6707819613839152
0.1,2,1.1500000000000001,1.535555942668772,0.8637202296456025,1.454293920827962,0.6718357130231695
0.1,2,1.16,1.539315919428973,0.866443297771752,1.4586347508335704,0.672872621657221
0.1,2,1.17,1.543017199420166,0.8691241085092951,1.462909533381612,0.6738930909108709
0.1,2,1.18,1.5466611103285344,0.8717635991005281,1.4671197133084801,0.6748975112280062
0.1,2,1.19,1.5502489410929636,0.8743626806613455,1.471266694951379,0.6758862604316181
0.1,2,1.2,1.5537819432753168,0.8769222390213796,1.4753518435176696,0.6768597042539373
0.1,2,1.21,1.5572613323742324,0.879443135535619,1.4793764864002068,0.6778181968386133
0.1,2,1.22,1.560688289085083,0.8819262078683632,1.4833419144411228,0.6787620812167199
0.1,2,1.23,1.5640639605086037,0.8843722707503647,1.4872493831463665,0.679691689758239
0.1,2,1.24,1.5673894613105654,0.886782116710007,1.4911001138531952,0.6806073446005585
0.1,2,1.25,1.5706658748347435,0.8891565167793518,1.4948952948527223,0.6815093580553917
0.1,2,1.26,1.5738942541713157,0.8914962211758752,1.4986360824694753,0.6823980329954404
0.1,2,1.27,1.577075623182729,0.8938019599606986,1.5023236020998743,0.6832736632220304
0.1,2,1.28,1.5802109774889477,0.8960744436741047,1.5059589492113965,0.684136533814843
0.1,2,1.29,1.5833012854139166,0.898314363949111,1.5095431903041414,0.6849869214648056
0.1,2,1.3,1.586347488894979,0.9005223941038489,1.5130773638364026,0.68582509479113
0.1,2,1.31,1.589350504356891,0.9026991897134882,1.516562481115793,0.6866513146434028
0.1,2,1.32,1.5923112235520098,0.9048453891624165,1.5199995271573772,0.6874658343895933
0.1,2,1.33,1.5952305143681347,0.9069616141773683,1.5233894615102135,0.6882689001907664
0.1,2,1.34,1.598109221605428,0.9090484703421773,1.526733219053622,0.6890607512632507
0.1,2,1.35,1.6009481677237576,0.9111065475948039,1.5300317107644505,0.6898416201289537
0.1,2,1.36,1.6037481535617437,0.9131364207072732,1.53328582445654,0.6906117328544705
0.1,2,1.37,1.606509959028734,0.9151386497491307,1.5364964254935292,0.6913713092796032
0.1,2,1.3800000000000001,1.6092343437708607,0.9171137805350158,1.5396643574761106,0.6921205632358449
0.1,2,1.3900000000000001,1.6119220478122922,0.9190623450569168,1.5427904429047605,0.6928597027553755
0.1,2,1.4000000000000001,1.6145737921727294,0.9209848619016711,1.5458754838189532,0.6935889302710584
0.1,2,1.41,1.617190279462147,0.9228818366542344,1.548920262413805,0.6943084428079127
0.1,2,1.42,1.6197721944537418,0.9247537622872456,1.551925541635053,0.6950184321664962
0.1,2,1.43,1.6223202046359886,0.9266011195373758,1.5548920657532388,0.6957190850986128
0.1,2,1.44,1.624834960744686,0.9284243772689482,1.5578205609179223,0.6964105834757377
0.1,2,1.45,1.6273170972758024,0.9302239928252889,1.5607117356927134,0.6970931044505135
0.1,2,1.46,1.6297672329799302,0.9320004123682547,1.5635662815718834,0.6977668206116755
0.1,2,1.47,1.6321859713390852,0.9337540712063704,1.5663848734792694,0.6984319001327147
0.1,2,1.48,1.6345739010265787,0.9354853941119861,1.56916817025017,0.6990885069145927
0.1,2,1.49,1.6369315963506497,0.937194795627857,1.5719168150968859,0.6997368007227927
0.1,2,1.5,1.6392596176825023,0.9388826803635275,1.5746314360585418,0.7003769373189748
0.2,0,0.0,0.16000000000000003,0.40000000000000013,0.16000000000000003,-0.2400000000000001
0.2,0,0.01,0.16000000000000003,0.40000000000000013,0.16000000000000003,-0.2400000000000001
0.2,0,0.02,0.16000000000000003,0.40000000000000013,0.16000000000000003,-0.2400000000000001
0.2,0,0.03,0.16000000000000003,0.40000000000000013,0.16000000000000003,-0.2400000000000001
0.2,0,0.04,0.16000000000000003,0.40000000000000013,0.16000000000000003,-0.2400000000000001
0.2,0,0.05,0.16000000000234543,0.40000000000000013,0.160000000002337,-0.2399999999976547
0.2,0,0.06,0.16000000579026058,0.4000000000000002,0.1600000057800431,-0.2399999942097396
0.2,0,0.07,0.16000066952473602,0.4000000000009143,0.16000066887510983,-0.23999933047617827
0.2,0,0.08,0.16001505178187633,0.40000000041045286,0.16001504303663042,-0.23998494862857653
0.2,0,0.09,0.1601300435765498,0.40000002767301795,0.16012999526848418,-0.23986998409646815
0.2,0,0.1,0.16061872185836173,0.40000057330314387,0.1606185670665164,-0.23938185144478213
0.2,0,0.11,0.16198918129165207,0.4000054816826528,0.1619888316622273,-0.23801630039100075
0.2,0,0.12,0.1648892938558551,0.4000309085937647,0.16488866855139378,-0.23514161473790962
0.2,0,0.13,0.169934567767845,0.4001199864408979,0.16993361552340683,-0.23018541867305292
0.2,0,0.14,0.17756835946321348,0.400355039380747,0.17756706508978587,-0.22278667991753354
0.2,0,0.15,0.188003251570888,0.40085812066639376,0.18800163069072257,-0.21285486909550574
0.2,0,0.16,0.20123249805499388,0.4017780505982169,0.20123058700298688,-0.20054555254322304
0.2,0,0.17,0.21707919974292128,0.4032696820126938,0.21707704556257482,-0.18619048226977253
0.2,0,0.18,0.23525539517756025,0.4054732035724884,0.23525304790301105,-0.17021780839492814
0.2,0,0.19,0.25541501517160703,0.4084989118692024,0.255412522781485,-0.15308389669759537
0.2,0,0.2,0.2771944358347973,0.4124193306515524,0.27719184144290576,-0.1352248948167551
0.2,0,0.21,0.300240130887765,0.4172679439961757,0.3002374715209016,-0.1170278131084107
0.2,0,0.22,0.3242254958088795,0.42304262008776194,0.3242228021845518,-0.09881712427888245
0.2,0,0.23,0.34885960102878266,0.4297116662879535,0.34885689789446844,-0.08085206525917082
0.2,0,0.24,0.3738904179877506,0.43722085037977276,0.37388772473117315,-0.06333043239202218
0.2,0,0.25,0.39910453231967175,0.44550026389635855,0.39910186367547307,-0.046395731576686805
0.2,0,0.26,0.4243248008812392,0.4544703900274775,0.42432216763898273,-0.030145589146238327
0.2,0,0.27,0.44940693998187803,0.4640470994814432,0.44940434964940135,-0.014640159499565153
0.2,0,0.28,0.4742356793101157,0.47414553111140706,0.4742331367135987,9.014819870861723e-05
0.2,0,0.29,0.4987208693129312,0.4846829459575785,0.4987183771286449,0.0140379233553527
0.2,0,0.3,0.5227937659879232,0.4955807045456295,0.5227913252065644,0.02721306144229363
0.2,0,0.31,0.5464036124807088,0.5067655342680819,0.5464012228074808,0.03963807821262688
0.2,0,0.32,0.5695145720830662,0.5181702458653352,0.5695122322774537,0.051344326217730996
0.2,0,0.33,0.5921030280067985,0.529734038294669,0.5921007361663873,0.06236898971212945
0.2,0,0.34,0.6141552420886243,0.5414025074866131,0.6141529958816645,0.07275273460201115
0.2,0,0.35000000000000003,0.6356653512516166,0.5531274510196698,0.6356631481033832,0.08253790023194685
0.2,0,0.36,0.6566336733503477,0.5648665397479091,0.6566315105886305,0.0917671336024386
0.2,0,0.37,0.6770652906867087,0.5765829097074666,0.6770631656518833,0.10048238097924211
0.2,0,0.38,0.6969688786167828,0.5882447132823165,0.6969667887418572,0.10872416533446627
0.2,0,0.39,0.7163557474054624,0.5998246573323838,0.7163536902712464,0.1165310900730786
0.2,0,0.4,0.7352390672490174,0.6112995473337108,0.7352370406191668,0.1239395199153066
0.2,0,0.41000000000000003,0.7536332487757315,0.6226498500785069,0.75363125061593,0.13098339869722453
0.2,0,0.42,0.7715534540615232,0.6338592826927452,0.7715514825465096,0.13769417136877804
0.2,0,0.43,0.7890152160495236,0.6449144322699352,0.7890132695611121,0.14410078377958846
0.2,0,0.44,0.8060341470874509,0.6558044079766165,0.8060322242061497,0.15022973911083437
0.2,0,0.45,0.822625719988655,0.6665205258050109,0.822623819480989,0.1561051941836441
0.2,0,0.46,0.8388051075137981,0.6770560250326205,0.838803228316998,0.1617490824811776
0.2,0,0.47000000000000003,0.8545870684216461,0.6874058147443354,0.8545852096269773,0.16718125367731074
0.2,0,0.48,0.869985870233108,0.6975662483635041,0.8699840310687983,0.1724196218696039
0.2,0,0.49,0.8850152405926053,0.7075349239372042,0.8850134204070581,0.1774803166554011
0.2,0,0.5,0.8996883406062993,0.7173105078629143,0.8996865388520702,0.18237783274338504
0.2,0,0.51,0.9140177548060219,0.726892579781518,0.9140159710248684,0.18712517502450388
0.2,0,0.52,0.9280154934531402,0.7362814964606776,0.9280137272623261,0.19173399699246252
0.2,0,0.53,0.9416930037817932,0.7454782726285545,0.9416912548617336,0.19621473115323873
0.2,0,0.54,0.9550611875096318,0.7544844768733123,0.9550594555928926,0.20057671063631943
0.2,0,0.55,0.9681304225388201,0.7633021408868982,0.9681287074004383,0.2048282816519219
0.2,0,0.56,0.9809105872512689,0.7719336804941779,0.9809088887003262,0.20897690675709102
0.2,0,0.5700000000000001,0.993411086188371,0.780381827065438,0.9934094040607317,0.21302925912293302
0.2,0,0.58,1.0056408762130733,0.788649568058315,1.0056392103651877,0.2169913081547583
0.2,0,0.59,1.0176084924950395,0.7967400955726005,1.0176068427987062,0.22086839692243898
0.2,0,0.6,1.0293220738497948,0.8046567619272864,1.0293204401877816,0.22466531192250838
0.2,0,0.61,1.0407893871102245,0.8124030413835466,1.040787769372641,0.22838634572667793
0.2,0,0.62,1.0520178503219555,0.8199824972403393,1.0520162484032904,0.23203535308161616
0.2,0,0.63,1.0630145546399692,0.8273987536215909,1.0630129684366971,0.2356158010183783
0.2,0,0.64,1.0737862848679023,0.8346554713561716,1.0737847142765848,0.2391308135117307
0.2,0,0.65,1.0843395386285866,0.8417563274249198,1.0843379835443954,0.24258321120366677
0.2,0,0.66,1.0946805441881418,0.8487049975136357,1.0946790045037345,0.24597554667450605
0.2,0,0.67,1.1048152769794193,0.8555051412680652,1.1048137525841197,0.24931013571135408
0.2,0,0.68,1.1147494748861897,0.8621603898972168,1.1147479656654147,0.2525890849889729
0.2,0,0.6900000000000001,1.1244886523590696,0.8686743358156109,1.124487158193963,0.25581431654345865
0.2,0,0.7000000000000001,1.134038113439319,0.8750505240539534,1.1340366342065573,0.2589875893853655
0.2,0,0.71,1.1434029637684853,0.881292445201842,1.1434014993402166,0.26211051856664325
0.2,0,0.72,1.1525881216613207,0.8874035296760256,1.1525866719052156,0.2651845919852951
0.2,0,0.73,1.1615983283171922,0.893387143133944,1.1615968930965805,0.26821118518324827
0.2,0,0.74,1.1704381572418827,0.8992465828752197,1.170436736415955,0.27119157436666297
0.2,0,0.75,1.1791120229476144,0.9049850750938462,1.179110616371676,0.27412694785376823
0.2,0,0.76,1.1876241889946972,0.9106057728613783,1.1876227965204553,0.2770184161333189
0.2,0,0.77,1.195978775433554,0.9161117547368016,1.1959773969094314,0.2798670206967524
0.2,0,0.78,1.2041797657012518,0.9215060239121671,1.204178400972715,0.2826737417890848
0.2,0,0.79,1.2122310130221199,0.926791507814832,1.2122296619320134,0.2854395052072879
0.2,0,0.8,1.2201362463576837,0.9319710580974013,1.2201349087465685,0.28816518826028237
0.2,0,0.81,1.2278990759470325,0.9370474509554287,1.2278977516535183,0.2908516249916038
0.2,0,0.8200000000000001,1.2355229984748786,0.9420233877207774,1.2355216873359487,0.29349961075410114
0.2,0,0.8300000000000001,1.2430114019009932,0.9469014956853834,1.2430101037523227,0.29610990621560984
0.2,0,0.84,1.2503675699814254,0.9516843291161472,1.2503662846576817,0.2986832408652782
0.2,0,0.85,1.257594686508891,0.9563743704269072,1.2575934138440208,0.30122031608198374
0.2,0,0.86,1.2646958392969774,0.9609740314780107,1.2646945791244828,0.3037218078189666
0.2,0,0.87,1.2716740239303432,0.9654856549779914,1.2716727760835362,0.3061883689523518
0.2,0,0.88,1.2785321473008175,0.9699115159653346,1.278530911613062,0.3086206313354829
0.2,0,0.89,1.2852730309473124,0.9742538233513667,1.2852718072522469,0.3110192075959457
0.2,0,0.9,1.291899414215612,0.9785147215079442,1.2918982023473582,0.3133846927076678
0.2,0,0.91,1.2984139572525017,0.9826962918859456,1.2984127570458561,0.3157176653665561
0.2,0,0.92,1.3048192438472201,0.9868005546525825,1.3048180551378294,0.3180186891946376
0.2,0,0.93,1.311117784131913,0.9908294703373168,1.311116606756435,0.3202883137945962
0.2,0,0.9400000000000001,1.3173120171516144,0.9947849414776961,1.3173108509478655,0.32252707567391825
0.2,0,0.9500000000000001,1.3234043133132285,0.9986688142577658,1.3234031581203163,0.32473549905546273
0.2,0,0.96,1.329396976722061,1.00248288013288,1.3293958323805037,0.326914096589181
0.2,0,0.97,1.335292247413629,1.0062288774357444,1.3352911137654622,0.32906336997788466
0.2,0,0.98,1.3410923034877253,1.0099084929594002,1.3410911803766004,0.33118381052832513
0.2,0,0.99,1.3467992631510834,1.013523363513638,1.346798150422349,0.3332758996374454
0.2,0,1.0,1.352415186674376,1.017075077451974,1.3524140841751553,0.3353401092224022
0.2,0,1.01,1.3579420782687825,1.0205651761669092,1.3579409858480371,0.3373769021018733
0.2,0,1.02,1.36338188788688,1.0239951555516809,1.3633808053954675,0.3393867323351991
0.2,0,1.03,1.3687365129522133,1.0273664674271485,1.368735440242934,0.3413700455250648
0.2,0,1.04,1.374007800021517,1.0306805209328203,1.3740067369491547,0.34332727908869676
0.2,0,1.05,1.3791975463832375,1.033938683881346,1.3791964928045934,0.34525886250189153
0.2,0,1.06,1.3843075015957143,1.037142284076075,1.3843064573696333,0.34716521751963936
0.2,0,1.07,1.3893393689681006,1.0402926105915007,1.3893383339554943,0.34904675837659993
0.2,0,1.08,1.3942948069868886,1.0433909150166252,1.3942937810507487,0.3509038919702634
0.2,0,1.09,1.3991754306906643,1.0464384126614246,1.3991744136960738,0.35273701802923974
0.2,0,1.1,1.4039828129955543,1.049436283726755,1.4039818048096937,0.35454652926879926
0.2,0,1.11,1.4087184859736321,1.052385674438142,1.4087174864657819,0.35633281153549023
0.2,0,1.12,1.4133839420864154,1.0552876981439998,1.4133829511279525,0.35809624394241557
0.2,0,1.1300000000000001,1.4179806353754256,1.0581434363789066,1.4179796528398205,0.359837198996519
0.2,0,1.1400000000000001,1.4225099826116747,1.0609539398926247,1.4225090083744805,0.36155604271905006
0.2,0,1.1500000000000001,1.4269733644058133,1.0637202296456025,1.4269723983446563,0.3632531347602108
0.2,0,1.16,1.4313721262805754,1.0664432977717522,1.4313711682751404,0.36492882850882324
0.2,0,1.17,1.4357075797070662,1.0691241085092953,1.4357066296390808,0.3665834711977709
0.2,0,1.18,1.4399810031063318,1.0717635991005283,1.4399800608595497,0.3682174040058035
0.2,0,1.19,1.444193642817603,1.0743626806613455,1.444192708277782,0.36983096215625744
0.2,0,1.2,1.4483467140344914,1.0769222390213797,1.4483457870893743,0.3714244750131117
0.2,0,1.21,1.4524414017103884,1.079443135535619,1.4524404822496788,0.3729982661747693
0.2,0,1.22,1.456478861434222,1.0819262078683636,1.4564779493495612,0.3745526535658583
0.2,0,1.23,1.4604602202776942,1.084372270750365,1.4604593154626366,0.37608794952732927
0.2,0,1.24,1.4643865776150522,1.086782116710007,1.464385679965039,0.3776044609050453
0.2,0,1.25,1.4682590059164045,1.089156516779352,1.468258115328737,0.37910248913705247
0.2,0,1.26,1.4720785515155412,1.0914962211758756,1.4720776678893546,0.3805823303396656
0.2,0,1.27,1.4758462353531874,1.0938019599606987,1.4758453585894225,0.38204427539248864
0.2,0,1.28,1.479563053696558,1.0960744436741052,1.479562183697932,0.3834886100224528
0.2,0,1.29,1.4832299788360626,1.0983143639491115,1.483229115507043,0.38491561488695103
0.2,0,1.3,1.4868479597599653,1.1005223941038489,1.48684710300674,0.3863255656561164
0.2,0,1.31,1.490417922807773,1.1026991897134883,1.490417072538221,0.3877187330942846
0.2,0,1.32,1.4939407723030884,1.1048453891624166,1.493939928426752,0.3890953831406718
0.2,0,1.33,1.4974173911666462,1.1069616141773686,1.4974165535947013,0.3904557769892776
0.2,0,1.34,1.5008486415102096,1.1090484703421775,1.5008478101554372,0.3918001711680321
0.2,0,1.35,1.5042353652119878,1.1111065475948043,1.504234539988745,0.39312881761718343
0.2,0,1.36,1.507578384474201,1.1131364207072734,1.5075775652983925,0.39444196376692764
0.2,0,1.37,1.5108785023634046,1.115138649749131,1.5108776891524536,0.3957398526142737
0.2,0,1.3800000000000001,1.5141365033341514,1.117113780535016,1.514135696006972,0.3970227227991354
0.2,0,1.3900000000000001,1.517353153736557,1.1190623450569168,1.5173523522135266,0.3982908086796402
0.2,0,1.4000000000000001,1.5205292023083097,1.1209848619016711,1.5205284065112392,0.39954434040663855
0.2,0,1.41,1.5236653806516407,1.1228818366542346,1.5236645905037496,0.4007835439974061
0.2,0,1.42,1.5267624036957652,1.1247537622872459,1.5267616191216526,0.40200864140851933
0.2,0,1.43,1.5298209701452685,1.126601119537376,1.5298201910708866,0.40321985060789256
0.2,0,1.44,1.53284176291491,1.1284243772689484,1.532840989267538,0.40441738564596164
0.2,0,1.45,1.5358254495512926,1.130223992825289,1.53582468125951,0.40560145672600356
0.2,0,1.46,1.538772682641828,1.132000412368255,1.53877191963549,0.406772270273573
0.2,0,1.47,1.541684100211421,1.1337540712063707,1.5416833424216323,0.40793002900505027
0.2,0,1.48,1.5445603261072693,1.1354853941119862,1.5445595734663589,0.4090749319952831
0.2,0,1.49,1.5474019703721762,1.1371947956278574,1.5474012228136729,0.4102071747443188
0.2,0,1.5,1.5502096296067402,1.1388826803635277,1.5502088870653496,0.41132694924321256
0.2,1,0.0,0.16000000000000003,0.40000000000000013,0.16000000000000003,-0.2400000000000001
0.2,1,0.01,0.16000000000000003,0.40000000000000013,0.16000000000000003,-0.2400000000000001
0.2,1,0.02,0.16000000000000003,0.40000000000000013,0.16000000000000003,-0.2400000000000001
0.2,1,0.03,0.16000000000000003,0.40000000000000013,0.16000000000000003,-0.2400000000000001
0.2,1,0.04,0.16000000000000003,0.40000000000000013,0.16000000000000003,-0.2400000000000001
0.2,1,0.05,0.16000000000251352,0.40000000000000013,0.160000000002337,-0.2399999999974866
0.2,1,0.06,0.16000000598707573,0.4000000000000002,0.1600000057800431,-0.23999999401292446
0.2,1,0.07,0.16000068178685217,0.4000000000009143,0.16000066887510983,-0.23999931821406212
0.2,1,0.08,0.160015214154538,0.40000000041045286,0.16001504303663042,-0.23998478625591485
0.2,1,0.09,0.16013092671568563,0.40000002767301795,0.16012999526848418,-0.23986910095733233
0.2,1,0.1,0.1606215078076639,0.40000057330314387,0.1606185670665164,-0.23937906549547996
0.2,1,0.11,0.16199537274031003,0.4000054816826528,0.1619888316622273,-0.23801010894234279
0.2,1,0.12,0.16490018047931132,0.4000309085937647,0.16488866855139378,-0.2351307281144534
0.2,1,0.13,0.16995085304816923,0.4001199864408979,0.16993361552340683,-0.23016913339272868
0.2,1,0.14,0.17759008528116788,0.400355039380747,0.17756706508978587,-0.22276495409957914
0.2,1,0.15,0.18802993079048302,0.40085812066639376,0.18800163069072257,-0.21282818987591073
0.2,1,0.16,0.2012633196703974,0.4017780505982169,0.20123058700298688,-0.20051473092781952
0.2,1,0.17,0.21711321736757389,0.4032696820126938,0.21707704556257482,-0.18615646464511992
0.2,1,0.18,0.23529166360046316,0.4054732035724884,0.23525304790301105,-0.17018153997202523
0.2,1,0.19,0.25545267284912015,0.4084989118692024,0.255412522781485,-0.15304623902008224
0.2,1,0.2,0.2772327448404691,0.4124193306515524,0.27719184144290576,-0.13518658581108328
0.2,1,0.21,0.30027848827757264,0.4172679439961757,0.3002374715209016,-0.11698945571860309
0.2,1,0.22,0.3242634281081741,0.42304262008776194,0.3242228021845518,-0.09877919197958784
0.2,1,0.23,0.3488967501674979,0.4297116662879535,0.34885689789446844,-0.0808149161204556
0.2,1,0.24,0.3739265239935263,0.43722085037977276,0.37388772473117315,-0.06329432638624644
0.2,1,0.25,0.39913941584188634,0.44550026389635855,0.39910186367547307,-0.046360848054472215
0.2,1,0.26,0.42435834712917886,0.4544703900274775,0.42432216763898273,-0.030112042898298663
0.2,1,0.27,0.4494390847453132,0.4640470994814432,0.44940434964940135,-0.014608014736129993
0.2,1,0.28,0.47426639721075253,0.47414553111140706,0.4742331367135987,0.00012086609934547354
0.2,1,0.29,0.49875016416674633,0.4846829459575785,0.4987183771286449,0.014067218209167842
0.2,1,0.3,0.5228216630395721,0.4955807045456295,0.5227913252065644,0.02724095849394259
0.2,1,0.31,0.5464301522356516,0.5067655342680819,0.5464012228074808,0.039664617967569704
0.2,1,0.32,0.5695398054701521,0.5181702458653352,0.5695122322774537,0.05136955960481693
0.2,1,0.33,0.5921270126303321,0.529734038294669,0.5921007361663873,0.06239297433566304
0.2,1,0.34,0.6141780393616817,0.5414025074866131,0.6141529958816645,0.07277553187506858
0.2,1,0.35000000000000003,0.6356870242352042,0.5531274510196698,0.6356631481033832,0.08255957321553442
0.2,1,0.36,0.6566542851530327,0.5648665397479091,0.6566315105886305,0.09178774540512358
0.2,1,0.37,0.6770849033055804,0.5765829097074666,0.6770631656518833,0.10050199359811374
0.2,1,0.38,0.6969875521229347,0.5882447132823165,0.6969667887418572,0.1087428388406182
0.2,1,0.39,0.7163735393958874,0.5998246573323838,0.7163536902712464,0.11654888206350367
0.2,1,0.4,0.7352560325023096,0.6112995473337108,0.7352370406191668,0.1239564851685988
0.2,1,0.41000000000000003,0.75364943906176,0.6226498500785069,0.75363125061593,0.13099958898325303
0.2,1,0.42,0.7715689180656642,0.6338592826927452,0.7715514825465096,0.13770963537291903
0.2,1,0.43,0.789029999380526,0.6449144322699352,0.7890132695611121,0.14411556711059081
0.2,1,0.44,0.8060482923448518,0.6558044079766165,0.8060322242061497,0.15024388436823521
0.2,1,0.45,0.8226392668711711,0.6665205258050109,0.822623819480989,0.1561187410661602
0.2,1,0.46,0.8388180929545003,0.6770560250326205,0.838803228316998,0.16176206792187975
0.2,1,0.47000000000000003,0.8545995267392077,0.6874058147443354,0.8545852096269773,0.16719371199487232
0.2,1,0.48,0.8699978332911541,0.6975662483635041,0.8699840310687983,0.17243158492764998
0.2,1,0.49,0.8850267379613291,0.7075349239372042,0.8850134204070581,0.17749181402412495
0.2,1,0.5,0.899699399722169,0.7173105078629143,0.8996865388520702,0.18238889185925466
0.2,1,0.51,0.9140284011266762,0.726892579781518,0.9140159710248684,0.18713582134515816
0.2,1,0.52,0.9280257506055423,0.7362814964606776,0.9280137272623261,0.19174425414486462
0.2,1,0.53,0.9417028937024376,0.7454782726285545,0.9416912548617336,0.19622462107388317
0.2,1,0.54,0.9550707305761439,0.7544844768733123,0.9550594555928926,0.20058625370283156
0.2,1,0.55,0.9681396376926841,0.7633021408868982,0.9681287074004383,0.2048374968057859
0.2,1,0.56,0.9809194921117053,0.7719336804941779,0.9809088887003262,0.20898581161752738
0.2,1,0.5700000000000001,0.9934196971575759,0.780381827065438,0.9934094040607317,0.21303787009213793
0.2,1,0.58,1.0056492085731765,0.788649568058315,1.0056392103651877,0.21699964051486154
0.2,1,0.59,1.0176165604972118,0.7967400955726005,1.0176068427987062,0.22087646492461133
0.2,1,0.6,1.02932989079599,0.8046567619272864,1.0293204401877816,0.2246731288687036
0.2,1,0.61,1.0407969654280573,0.8124030413835466,1.040787769372641,0.22839392404451075
0.2,1,0.62,1.0520252016332299,0.8199824972403393,1.0520162484032904,0.23204270439289054
0.2,1,0.63,1.0630216898233469,0.8273987536215909,1.0630129684366971,0.235622936201756
0.2,1,0.64,1.0737932141161959,0.8346554713561716,1.0737847142765848,0.2391377427600243
0.2,1,0.65,1.08434627150113,0.8417563274249198,1.0843379835443954,0.24258994407621026
0.2,1,0.66,1.0946870896586602,0.8487049975136357,1.0946790045037345,0.24598209214502453
0.2,1,0.67,1.104821643479801,0.8555051412680652,1.1048137525841197,0.24931650221173585
0.2,1,0.68,1.1147556703465202,0.8621603898972168,1.1147479656654147,0.25259528044930346
0.2,1,0.6900000000000001,1.1244946842442676,0.8686743358156109,1.124487158193963,0.25582034842865664
0.2,1,0.7000000000000001,1.1340439887826845,0.8750505240539534,1.1340366342065573,0.2589934647287311
0.2,1,0.71,1.1434086892024369,0.881292445201842,1.1434014993402166,0.26211624400059486
0.2,1,0.72,1.1525937034455813,0.8874035296760256,1.1525866719052156,0.26519017376955567
0.2,1,0.73,1.1616037723646566,0.893387143133944,1.1615968930965805,0.26821662923071266
0.2,1,0.74,1.1704434691423744,0.8992465828752197,1.170436736415955,0.27119688626715466
0.2,1,0.75,1.1791172079897299,0.9049850750938462,1.179110616371676,0.2741321328958837
0.2,1,0.76,1.1876292521859015,0.9106057728613783,1.1876227965204553,0.2770234793245232
0.2,1,0.77,1.1959837215186941,0.9161117547368016,1.1959773969094314,0.2798719667818925
0.2,1,0.78,1.204184599179622,0.9215060239121671,1.204178400972715,0.282678575267455
0.2,1,0.79,1.2122357381632096,0.926791507814832,1.2122296619320134,0.2854442303483776
0.2,1,0.8,1.2201408672157266,0.9319710580974013,1.2201349087465685,0.28816980911832524
0.2,1,0.81,1.2279035963744582,0.9370474509554287,1.2278977516535183,0.2908561454190295
0.2,1,0.8200000000000001,1.2355274221347603,0.9420233877207774,1.2355216873359487,0.2935040344139829
0.2,1,0.8300000000000001,1.243015732278583,0.9469014956853834,1.2430101037523227,0.2961142365931997
0.2,1,0.84,1.250371810394849,0.9516843291161472,1.2503662846576817,0.2986874812787017
0.2,1,0.85,1.257598840119074,0.9563743704269072,1.2575934138440208,0.3012244696921669
0.2,1,0.86,1.2646999091168702,0.9609740314780107,1.2646945791244828,0.3037258776388595
0.2,1,0.87,1.271678012833496,0.9654856549779914,1.2716727760835362,0.30619235785550447
0.2,1,0.88,1.2785360580293652,0.9699115159653346,1.278530911613062,0.30862454206403056
0.2,1,0.89,1.2852768661194098,0.9742538233513667,1.2852718072522469,0.31102304276804316
0.2,1,0.9,1.2919031763323687,0.9785147215079442,1.2918982023473582,0.31338845482442457
0.2,1,0.91,1.2984176487044543,0.9826962918859456,1.2984127570458561,0.31572135681850866
0.2,1,0.92,1.3048228669203747,0.9868005546525825,1.3048180551378294,0.3180223122677922
0.2,1,0.93,1.3111213410133948,0.9908294703373168,1.311116606756435,0.320291870676078
0.2,1,0.9400000000000001,1.3173155099349547,0.9947849414776961,1.3173108509478655,0.3225305684572586
0.2,1,0.9500000000000001,1.3234077440033125,0.9986688142577658,1.3234031581203163,0.32473892974554674
0.2,1,0.96,1.329400347239764,1.00248288013288,1.3293958323805037,0.32691746710688396
0.2,1,0.97,1.3352955596001632,1.0062288774357444,1.3352911137654622,0.3290666821644188
0.2,1,0.98,1.3410955591087217,1.0099084929594002,1.3410911803766004,0.3311870661493215
0.2,1,0.99,1.3468024639004201,1.013523363513638,1.346798150422349,0.3332791003867821
0.2,1,1.0,1.3524183341777793,1.017075077451974,1.3524140841751553,0.33534325672580545
0.2,1,1.01,1.3579451740872104,1.0205651761669092,1.3579409858480371,0.33737999792030116
0.2,1,1.02,1.363384933519709,1.0239951555516809,1.3633808053954675,0.33938977796802816
0.2,1,1.03,1.3687395098402355,1.0273664674271485,1.368735440242934,0.34137304241308697
0.2,1,1.04,1.374010749549766,1.0306805209328203,1.3740067369491547,0.34333022861694573
0.2,1,1.05,1.3792004498836512,1.033938683881346,1.3791964928045934,0.3452617660023052
0.2,1,1.06,1.3843103603496476,1.037142284076075,1.3843064573696333,0.3471680762735727
0.2,1,1.07,1.3893421842086977,1.0402926105915007,1.3893383339554943,0.349049573617197
0.2,1,1.08,1.3942975799013206,1.0433909150166252,1.3942937810507487,0.35090666488469546
0.2,1,1.09,1.3991781624222461,1.0464384126614246,1.3991744136960738,0.35273974976082156
0.2,1,1.1,1.4039855046457443,1.049436283726755,1.4039818048096937,0.3545492209189893
0.2,1,1.11,1.408721138603926,1.052385674438142,1.4087174864657819,0.3563354641657841
0.2,1,1.12,1.4133865567201362,1.0552876981439998,1.4133829511279525,0.35809885857613644
0.2,1,1.1300000000000001,1.4179832129994199,1.0581434363789066,1.4179796528398205,0.35983977662051325
0.2,1,1.1400000000000001,1.4225125241779182,1.0609539398926247,1.4225090083744805,0.3615585842852935
0.2,1,1.1500000000000001,1.4269758708329348,1.0637202296456025,1.4269723983446563,0.3632556411873322
0.2,1,1.16,1.4313745984553012,1.0664432977717522,1.4313711682751404,0.36493130068354906
0.2,1,1.17,1.4357100184855889,1.0691241085092953,1.4357066296390808,0.3665859099762936
0.2,1,1.18,1.4399834093156128,1.0717635991005283,1.4399800608595497,0.36821981021508443
0.2,1,1.19,1.4441960172566044,1.0743626806613455,1.444192708277782,0.36983333659525885
0.2,1,1.2,1.4483490574753524,1.0769222390213797,1.4483457870893743,0.37142681845397263
0.2,1,1.21,1.4524437148995375,1.079443135535619,1.4524404822496788,0.3730005793639184
0.2,1,1.22,1.4564811450934392,1.0819262078683636,1.4564779493495612,0.3745549372250756
0.2,1,1.23,1.4604624751051185,1.084372270750365,1.4604593154626366,0.3760902043547536
0.2,1,1.24,1.4643888042861426,1.086782116710007,1.464385679965039,0.3776066875761357
0.2,1,1.25,1.468261205084851,1.089156516779352,1.468258115328737,0.3791046883054989
0.2,1,1.26,1.4720807238141376,1.0914962211758756,1.4720776678893546,0.38058450263826193
0.2,1,1.27,1.475848381394659,1.0938019599606987,1.4758453585894225,0.3820464214339603
0.2,1,1.28,1.4795651740743514,1.0960744436741052,1.479562183697932,0.38349073040024617
0.2,1,1.29,1.483232074125099,1.0983143639491115,1.483229115507043,0.3849177101759875
0.2,1,1.3,1.4868500305173602,1.1005223941038489,1.48684710300674,0.3863276364135113
0.2,1,1.31,1.4904199695735207,1.1026991897134883,1.490417072538221,0.3877207798600324
0.2,1,1.32,1.4939427956007152,1.1048453891624166,1.493939928426752,0.3890974064382986
0.2,1,1.33,1.4974193915038378,1.1069616141773686,1.4974165535947013,0.39045777732646925
0.2,1,1.34,1.5008506193794051,1.1090484703421775,1.5008478101554372,0.39180214903722765
0.2,1,1.35,1.5042373210909514,1.1111065475948043,1.504234539988745,0.3931307734961471
0.2,1,1.36,1.507580318826566,1.1131364207072734,1.5075775652983925,0.3944438981192926
0.2,1,1.37,1.5108804156391946,1.115138649749131,1.5108776891524536,0.3957417658900637
0.2,1,1.3800000000000001,1.5141383959702788,1.117113780535016,1.514135696006972,0.3970246154352628
0.2,1,1.3900000000000001,1.517355026157299,1.1190623450569168,1.5173523522135266,0.3982926811003822
0.2,1,1.4000000000000001,1.5205310549257645,1.1209848619016711,1.5205284065112392,0.39954619302409333
0.2,1,1.41,1.5236672138661644,1.1228818366542346,1.5236645905037496,0.40078537721192986
0.2,1,1.42,1.5267642178963896,1.1247537622872459,1.5267616191216526,0.4020104556091437
0.2,1,1.43,1.5298227657101013,1.126601119537376,1.5298201910708866,0.4032216461727254
0.2,1,1.44,1.5328435402115186,1.1284243772689484,1.532840989267538,0.4044191629425702
0.2,1,1.45,1.5358272089370717,1.130223992825289,1.53582468125951,0.4056032161117826
0.2,1,1.46,1.538774424464353,1.132000412368255,1.53877191963549,0.4067740120960981
0.2,1,1.47,1.5416858248087832,1.1337540712063707,1.5416833424216323,0.4079317536024125
0.2,1,1.48,1.5445620338084045,1.1354853941119862,1.5445595734663589,0.4090766396964183
0.2,1,1.49,1.5474036614971716,1.1371947956278574,1.5474012228136729,0.41020886586931415
0.2,1,1.5,1.5502113044671342,1.1388826803635277,1.5502088870653496,0.4113286241036065
0.2,2,0.0,0.40000000000000013,0.40000000000000013,0.16000000000000003,0.0
0.2,2,0.01,0.40000000000000013,0.40000000000000013,0.16000000000000003,0.0
0.2,2,0.02,0.40000000000000013,0.40000000000000013,0.16000000000000003,0.0
0.2,2,0.03,0.3999999999999929,0.40000000000000013,0.16000000000000003,-7.216449660063518e-15
0.2,2,0.04,0.39999999902169536,0.40000000000000013,0.16000000000000003,-9.78304770526961e-10
0.2,2,0.05,0.39999969033403593,0.40000000000000013,0.160000000002337,-3.09665964204342e-07
0.2,2,0.06,0.39999184332330173,0.4000000000000002,0.1600000057800431,-8.156676698456433e-06
0.2,2,0.07,0.39994078727895743,0.4000000000009143,0.16000066887510983,-5.921272195685834e-05
0.2,2,0.08,0.39980707554416695,0.40000000041045286,0.16001504303663042,-0.0001929248662859151
0.2,2,0.09,0.39967398858433595,0.40000002767301795,0.16012999526848418,-0.00032603908868200637
0.2,2,0.1,0.39986196954320896,0.40000057330314387,0.1606185670665164,-0.0001386037599349077
0.2,2,0.11,0.4009123514086317,0.4000054816826528,0.1619888316622273,0.000906869725978865
0.2,2,0.12,0.4034556008034497,0.4000309085937647,0.16488866855139378,0.0034246922096849985
0.2,2,0.13,0.408053792838423,0.4001199864408979,0.16993361552340683,0.007933806397525112
0.2,2,0.14,0.4150918022832233,0.400355039380747,0.17756706508978587,0.014736762902476275
0.2,2,0.15,0.42473992141333117,0.40085812066639376,0.18800163069072257,0.02388180074693741
0.2,2,0.16,0.4369722228168735,0.4017780505982169,0.20123058700298688,0.03519417221865656
0.2,2,0.17,0.4516134076828425,0.4032696820126938,0.21707704556257482,0.04834372567014872
0.2,2,0.18,0.4683919550575151,0.4054732035724884,0.23525304790301105,0.06291875148502668
0.2,2,0.19,0.4869869359434003,0.4084989118692024,0.255412522781485,0.07848802407419792
0.2,2,0.2,0.5070636527874908,0.4124193306515524,0.27719184144290576,0.09464432213593837
0.2,2,0.21,0.5282978874297155,0.4172679439961757,0.3002374715209016,0.11102994343353978
0.2,2,0.22,0.5503906200759943,0.42304262008776194,0.3242228021845518,0.12734799998823232
0.2,2,0.23,0.5730756335563392,0.4297116662879535,0.34885689789446844,0.14336396726838568
0.2,2,0.24,0.596122229391213,0.43722085037977276,0.37388772473117315,0.1589013790114402
0.2,2,0.25,0.6193348289750062,0.44550026389635855,0.39910186367547307,0.1738345650786477
0.2,2,0.26,0.6425507531801398,0.4544703900274775,0.42432216763898273,0.18808036315266224
0.2,2,0.27,0.6656370649319038,0.4640470994814432,0.44940434964940135,0.2015899654504606
0.2,2,0.28,0.6884870472651592,0.47414553111140706,0.4742331367135987,0.21434151615375213
0.2,2,0.29,0.7110166672482887,0.4846829459575785,0.4987183771286449,0.22633372129071022
0.2,2,0.3,0.7331612260481545,0.4955807045456295,0.5227913252065644,0.23758052150252496
0.2,2,0.31,0.7548722982638634,0.5067655342680819,0.5464012228074808,0.24810676399578147
0.2,2,0.32,0.7761150032536246,0.5181702458653352,0.5695122322774537,0.25794475738828937
0.2,2,0.33,0.7968656151533691,0.529734038294669,0.5921007361663873,0.26713157685870004
0.2,2,0.34,0.8171094978639246,0.5414025074866131,0.6141529958816645,0.2757069903773115
0.2,2,0.35000000000000003,0.8368393405558402,0.5531274510196698,0.6356631481033832,0.28371188953617044
0.2,2,0.36,0.8560536643847951,0.5648665397479091,0.6566315105886305,0.291187124636886
0.2,2,0.37,0.8747555697288565,0.5765829097074666,0.6770631656518833,0.29817266002138987
0.2,2,0.38,0.8929516938817824,0.5882447132823165,0.6969667887418572,0.3047069805994659
0.2,2,0.39,0.9106513508743449,0.5998246573323838,0.7163536902712464,0.31082669354196113
0.2,2,0.4,0.927865827411515,0.6112995473337108,0.7352370406191668,0.3165662800778042
0.2,2,0.41000000000000003,0.9446078114818609,0.6226498500785069,0.75363125061593,0.321957961403354
0.2,2,0.42,0.960890932817414,0.6338592826927452,0.7715514825465096,0.32703165012466884
0.2,2,0.43,0.9767293969349362,0.6449144322699352,0.7890132695611121,0.33181496466500104
0.2,2,0.44,0.9921376968982644,0.6558044079766165,0.8060322242061497,0.3363332889216478
0.2,2,0.45,1.0071303891627825,0.6665205258050109,0.822623819480989,0.34060986335777166
0.2,2,0.46,1.0217219218748528,0.6770560250326205,0.838803228316998,0.34466589684223226
0.2,2,0.47000000000000003,1.0359265057937435,0.6874058147443354,0.8545852096269773,0.3485206910494081
0.2,2,0.48,1.0497580195839935,0.6975662483635041,0.8699840310687983,0.3521917712204894
0.2,2,0.49,1.0632299426020984,0.7075349239372042,0.8850134204070581,0.35569501866489417
0.2,2,0.5,1.0763553094871456,0.7173105078629143,0.8996865388520702,0.35904480162423136
0.2,2,0.51,1.0891466818775997,0.726892579781518,0.9140159710248684,0.36225410209608166
0.2,2,0.52,1.1016161334338317,0.7362814964606776,0.9280137272623261,0.36533463697315405
0.2,2,0.53,1.1137752450665404,0.7454782726285545,0.9416912548617336,0.36829697243798587
0.2,2,0.54,1.1256351078723819,0.7544844768733123,0.9550594555928926,0.37115063099906953
0.2,2,0.55,1.1372063317764576,0.7633021408868982,0.9681287074004383,0.3739041908895594
0.2,2,0.56,1.148499058291751,0.7719336804941779,0.9809088887003262,0.37656537779757304
0.2,2,0.5700000000000001,1.1595229761416876,0.780381827065438,0.9934094040607317,0.37914114907624963
0.2,2,0.58,1.1702873387655675,0.788649568058315,1.0056392103651877,0.38163777070725247
0.2,2,0.59,1.1808009829480408,0.7967400955726005,1.0176068427987062,0.3840608873754403
0.2,2,0.6,1.191072347992011,0.8046567619272864,1.0293204401877816,0.3864155860647245
0.2,2,0.61,1.201109494996894,0.8124030413835466,1.040787769372641,0.3887064536133473
0.2,2,0.62,1.2109201259175348,0.8199824972403393,1.0520162484032904,0.3909376286771955
0.2,2,0.63,1.2205116021686213,0.8273987536215909,1.0630129684366971,0.39311284854703044
0.2,2,0.64,1.2298909626096521,0.8346554713561716,1.0737847142765848,0.39523549125348056
0.2,2,0.65,1.239064940800151,0.8417563274249198,1.0843379835443954,0.39730861337523127
0.2,2,0.66,1.2480399814569256,0.8487049975136357,1.0946790045037345,0.3993349839432899
0.2,2,0.67,1.2568222560772455,0.8555051412680652,1.1048137525841197,0.4013171148091803
0.2,2,0.68,1.2654176777159676,0.8621603898972168,1.1147479656654147,0.4032572878187508
0.2,2,0.6900000000000001,1.2738319149224717,0.8686743358156109,1.124487158193963,0.4051575791068608
0.2,2,0.7000000000000001,1.2820704048561722,0.8750505240539534,1.1340366342065573,0.40701988080221874
0.2,2,0.71,1.2901383656084247,0.881292445201842,1.1434014993402166,0.40884592040658263
0.2,2,0.72,1.298040807764709,0.8874035296760256,1.1525866719052156,0.41063727808868333
0.2,2,0.73,1.3057825452447323,0.893387143133944,1.1615968930965805,0.4123954021107883
0.2,2,0.74,1.31336820546015,0.8992465828752197,1.170436736415955,0.41412162258493035
0.2,2,0.75,1.3208022388303124,0.9049850750938462,1.179110616371676,0.41581716373646627
0.2,2,0.76,1.3280889276962389,0.9106057728613783,1.1876227965204553,0.41748315483486054
0.2,2,0.77,1.3352323946720936,0.9161117547368016,1.1959773969094314,0.419120639935292
0.2,2,0.78,1.3422366104720482,0.9215060239121671,1.204178400972715,0.42073058655988116
0.2,2,0.79,1.3491054012486994,0.926791507814832,1.2122296619320134,0.4223138934338674
0.2,2,0.8,1.3558424554772892,0.9319710580974013,1.2201349087465685,0.4238713973798879
0.2,2,0.81,1.362451330417973,0.9370474509554287,1.2278977516535183,0.4254038794625443
0.2,2,0.8200000000000001,1.3689354581863047,0.9420233877207774,1.2355216873359487,0.42691207046552726
0.2,2,0.8300000000000001,1.3752981514600888,0.9469014956853834,1.2430101037523227,0.4283966557747054
0.2,2,0.84,1.3815426088487506,0.9516843291161472,1.2503662846576817,0.4298582797326034
0.2,2,0.85,1.387671919949466,0.9563743704269072,1.2575934138440208,0.43129754952255883
0.2,2,0.86,1.3936890701124738,0.9609740314780107,1.2646945791244828,0.43271503863446303
0.2,2,0.87,1.3995969449362748,0.9654856549779914,1.2716727760835362,0.4341112899582834
0.2,2,0.88,1.4053983345118142,0.9699115159653346,1.278530911613062,0.4354868185464795
0.2,2,0.89,1.4110959374332444,0.9742538233513667,1.2852718072522469,0.4368421140818777
0.2,2,0.9,1.4166923645914684,0.9785147215079442,1.2918982023473582,0.43817764308352425
0.2,2,0.91,1.4221901427653751,0.9826962918859456,1.2984127570458561,0.4394938508794295
0.2,2,0.92,1.4275917180245004,0.9868005546525825,1.3048180551378294,0.4407911633719178
0.2,2,0.93,1.4328994589557373,0.9908294703373168,1.311116606756435,0.4420699886184205
0.2,2,0.9400000000000001,1.4381156597257343,0.9947849414776961,1.3173108509478655,0.44333071824803816
0.2,2,0.9500000000000001,1.4432425429896778,0.9986688142577658,1.3234031581203163,0.44457372873191203
0.2,2,0.96,1.4482822626563399,1.00248288013288,1.3293958323805037,0.44579938252345985
0.2,2,0.97,1.453236906518473,1.0062288774357444,1.3352911137654622,0.4470080290827285
0.2,2,0.98,1.4581084987569517,1.0099084929594002,1.3410911803766004,0.4482000057975515
0.2,2,0.99,1.4628990023263977,1.013523363513638,1.346798150422349,0.44937563881275966
0.2,2,1.0,1.467610321229454,1.017075077451974,1.3524140841751553,0.4505352437774801
0.2,2,1.01,1.4722443026863217,1.0205651761669092,1.3579409858480371,0.45167912651941244
0.2,2,1.02,1.4768027392056857,1.0239951555516809,1.3633808053954675,0.45280758365400486
0.2,2,1.03,1.4812873705627108,1.0273664674271485,1.368735440242934,0.4539209031355622
0.2,2,1.04,1.4856998856893728,1.0306805209328203,1.3740067369491547,0.4550193647565526
0.2,2,1.05,1.4900419244820164,1.033938683881346,1.3791964928045934,0.4561032406006704
0.2,2,1.06,1.4943150795306819,1.037142284076075,1.3843064573696333,0.457172795454607
0.2,2,1.07,1.4985208977744418,1.0402926105915007,1.3893383339554943,0.45822828718294106
0.2,2,1.08,1.502660882086681,1.0433909150166252,1.3942937810507487,0.45926996707005574
0.2,2,1.09,1.506736492793997,1.0464384126614246,1.3991744136960738,0.46029808013257245
0.2,2,1.1,1.5107491491321663,1.049436283726755,1.4039818048096937,0.4613128654054113
0.2,2,1.11,1.5147002306423683,1.052385674438142,1.4087174864657819,0.46231455620422635
0.2,2,1.12,1.5185910785106864,1.0552876981439998,1.4133829511279525,0.4633033803666866
0.2,2,1.1300000000000001,1.5224229968536922,1.0581434363789066,1.4179796528398205,0.4642795604747856
0.2,2,1.1400000000000001,1.526197253952755,1.0609539398926247,1.4225090083744805,0.4652433140601304
0.2,2,1.1500000000000001,1.5299150834395523,1.0637202296456025,1.4269723983446563,0.46619485379394976
0.2,2,1.16,1.5335776854351106,1.0664432977717522,1.4313711682751404,0.46713438766335846
0.2,2,1.17,1.5371862276445718,1.0691241085092953,1.4357066296390808,0.4680621191352765
0.2,2,1.18,1.5407418464097362,1.0717635991005283,1.4399800608595497,0.4689782473092079
0.2,2,1.19,1.5442456477213389,1.0743626806613455,1.444192708277782,0.46988296705999333
0.2,2,1.2,1.547698708192887,1.0769222390213797,1.4483457870893743,0.4707764691715073
0.2,2,1.21,1.5511020759977865,1.079443135535619,1.4524404822496788,0.4716589404621674
0.2,2,1.22,1.5544567717714046,1.0819262078683636,1.4564779493495612,0.47253056390304105
0.2,2,1.23,1.5577637894796021,1.084372270750365,1.4604593154626366,0.47339151872923724
0.2,2,1.24,1.561024097255215,1.086782116710007,1.464385679965039,0.47424198054520805
0.2,2,1.25,1.5642386382038589,1.089156516779352,1.468258115328737,0.4750821214245069
0.2,2,1.26,1.5674083311803833,1.0914962211758756,1.4720776678893546,0.4759121100045076
0.2,2,1.27,1.5705340715372156,1.0938019599606987,1.4758453585894225,0.47673211157651685
0.2,2,1.28,1.5736167318457837,1.0960744436741052,1.479562183697932,0.47754228817167843
0.2,2,1.29,1.5766571625921384,1.0983143639491115,1.483229115507043,0.47834279864302687
0.2,2,1.3,1.5796561928478514,1.1005223941038489,1.48684710300674,0.4791337987440025
0.2,2,1.31,1.582614630917197,1.1026991897134883,1.490417072538221,0.47991544120370855
0.2,2,1.32,1.585533264961593,1.1048453891624166,1.493939928426752,0.4806878757991764
0.2,2,1.33,1.58841286360222,1.1069616141773686,1.4974165535947013,0.4814512494248513
0.2,2,1.34,1.5912541765016934,1.1090484703421775,1.5008478101554372,0.48220570615951597
0.2,2,1.35,1.5940579349256296,1.1111065475948043,1.504234539988745,0.4829513873308253
0.2,2,1.36,1.5968248522849013,1.1131364207072734,1.5075775652983925,0.483688431577628
0.2,2,1.37,1.5995556246593439,1.115138649749131,1.5108776891524536,0.48441697491021296
0.2,2,1.3800000000000001,1.60225093130364,1.117113780535016,1.514135696006972,0.48513715076862396
0.2,2,1.3900000000000001,1.604911435136074,1.1190623450569168,1.5173523522135266,0.4858490900791572
0.2,2,1.4000000000000001,1.6075377832108204,1.1209848619016711,1.5205284065112392,0.4865529213091493
0.2,2,1.41,1.6101306071743986,1.1228818366542346,1.5236645905037496,0.487248770520164
0.2,2,1.42,1.612690523706901,1.1247537622872459,1.5267616191216526,0.48793676141965503
0.2,2,1.43,1.6152181349485684,1.126601119537376,1.5298201910708866,0.4886170154111924
0.2,2,1.44,1.6177140289122744,1.1284243772689484,1.532840989267538,0.48928965164332605
0.2,2,1.45,1.6201787798824419,1.130223992825289,1.53582468125951,0.4899547870571528
0.2,2,1.46,1.6226129488008993,1.132000412368255,1.53877191963549,0.49061253643264435
0.2,2,1.47,1.6250170836401665,1.1337540712063707,1.5416833424216323,0.4912630124337958
0.2,2,1.48,1.6273917197646353,1.1354853941119862,1.5445595734663589,0.491906325652649
0.2,2,1.49,1.6297373802800834,1.1371947956278574,1.5474012228136729,0.492542584652226
0.2,2,1.5,1.6320545763719585,1.1388826803635277,1.5502088870653496,0.4931718960084308
0.35,0,0.0,0.4749937499999999,0.7,0.4899999999999999,-0.22500625000000007
0.35,0,0.01,0.4781631957830029,0.7,0.4899999999999999,-0.22183680421699703
0.35,0,0.02,0.478647418462316,0.7,0.4899999999999999,-0.22135258153768395
0.35,0,0.03,0.48174865001645956,0.7,0.4899999999999999,-0.2182513499835404
0.35,0,0.04,0.48586730739714684,0.7,0.4899999999999999,-0.21413269260285311
0.35,0,0.05,0.49002143082780336,0.7,0.4900000000016219,-0.2099785691721966
0.35,0,0.06,0.49421526984943004,0.7,0.4900000040118061,-0.20578473015056992
0.35,0,0.07,0.4985821492960557,0.7000000000009141,0.490000464252132,-0.2014178507048584
0.35,0,0.08,0.5032714452886151,0.7000000004104527,0.49001044105502956,-0.19672855512183762
0.35,0,0.09,0.5084129936121811,0.7000000276730178,0.4900902269791122,-0.19158703406083677
0.35,0,0.1,0.514131306763229,0.7000005733031438,0.4904293343784043,-0.18586926653991476
0.35,0,0.11,0.5205629216834434,0.7000054816826526,0.4913804061866116,-0.17944255999920922
0.35,0,0.12,0.5278440219593719,0.7000309085937645,0.4933931219221844,-0.17218688663439263
0.35,0,0.13,0.5360820853023692,0.7001199864408978,0.49689471340604874,-0.16403790113852856
0.35,0,0.14,0.5453346745495439,0.700355039380747,0.5021929300458793,-0.15502036483120307
0.35,0,0.15,0.555603941306815,0.7008581206663935,0.509435342354774,-0.14525417935957852
0.35,0,0.16,0.5668434429532622,0.7017780505982167,0.5186172824342794,-0.13493460764495457
0.35,0,0.17,0.5789706720224022,0.7032696820126936,0.5296159758054164,-0.12429900999029142
0.35,0,0.18,0.5918802860852389,0.7054732035724882,0.5422315571604066,-0.11359291748724931
0.35,0,0.19,0.6054554887598838,0.7084989118692022,0.5562238289020166,-0.10304342310931847
0.35,0,0.2,0.619576765574961,0.7124193306515522,0.5713404164353383,-0.09284256507659117
0.35,0,0.21,0.6341280739184761,0.7172679439961755,0.5873359791000288,-0.08313987007769941
0.35,0,0.22,0.6490009175919604,0.7230426200877618,0.6039839220374082,-0.07404170249580133
0.35,0,0.23,0.6640967874853361,0.7297116662879533,0.6210825276502023,-0.06561487880261718
0.35,0,0.24,0.6793283927119665,0.7372208503797726,0.6384572717338453,-0.05789245766780604
0.35,0,0.25,0.6946200233908459,0.7455002638963584,0.6559607146141851,-0.05088024050551243
0.35,0,0.26,0.709907308902867,0.7544703900274773,0.6734709647515047,-0.04456308112461027
0.35,0,0.27,0.7251365724825513,0.764047099481443,0.6908893842723438,-0.03891052699889175
0.35,0,0.28,0.7402639341143994,0.7741455311114069,0.7081379630310012,-0.033881596997007546
0.35,0,0.29,0.7552542760129416,0.7846829459575784,0.7251566218041215,-0.029428669944636776
0.35,0,0.3,0.770080155555527,0.7955807045456293,0.7419005980967768,-0.025500548990102345
0.35,0,0.31,0.7847207272003233,0.8067655342680817,0.7583380015102867,-0.022044807067758465
0.35,0,0.32,0.7991607162127685,0.818170245865335,0.7744475849990038,-0.019009529652566526
0.35,0,0.33,0.813389472051687,0.8297340382946687,0.7902167533435105,-0.01634456624298175
0.35,0,0.34,0.8274001174633026,0.8414025074866129,0.8056398143112387,-0.014002390023310385
0.35,0,0.35000000000000003,0.8411888002759975,0.8531274510196696,0.8207164675222677,-0.011938650743672063
0.35,0,0.36,0.8547540482063538,0.8648665397479088,0.8354505189781514,-0.010112491541555024
0.35,0,0.37,0.8680962223107973,0.8765829097074664,0.8498488045050299,-0.008486687396669135
0.35,0,0.38,0.8812170616841566,0.8882447132823164,0.8639203024484342,-0.007027651598159768
0.35,0,0.39,0.894119310270219,0.8998246573323836,0.8776754144798546,-0.005705347062164634
0.35,0,0.4,0.9068064158945266,0.9112995473337107,0.8911253930513146,-0.0044931314391840615
0.35,0,0.41000000000000003,0.9192822915827972,0.9226498500785066,0.9042818946055071,-0.003367558495709466
0.35,0,0.42,0.9315511296628769,0.933859282692745,0.9171566388735121,-0.0023081530298680875
0.35,0,0.43,0.9436172598842552,0.944914432269935,0.9297611562504761,-0.0012971723856798345
0.35,0,0.44,0.9554850436899789,0.9558044079766163,0.9421066071438021,-0.00031936428663736915
0.35,0,0.45,0.9671587977415343,0.9665205258050107,0.9542036591863119,0.00063827193652366
0.35,0,0.46,0.9786427407586104,0.9770560250326203,0.9660624101833367,0.0015867157259900067
0.35,0,0.47000000000000003,0.9899409586474153,0.9874058147443352,0.9776923465367275,0.0025351439030800726
0.35,0,0.48,1.0010573837264156,0.9975662483635039,0.9891023286085339,0.0034911353629116793
0.35,0,0.49,1.011995784603364,1.007534923937204,1.000300596024378,0.004460860666160027
0.35,0,0.5,1.0227597639079946,1.017310507862914,1.0112947872609697,0.005449256045080508
0.35,0,0.51,1.033352761642761,1.0268925797815178,1.0220919690161012,0.006460181861243086
0.35,0,0.52,1.0437780623852801,1.0362814964606775,1.0326986718336333,0.007496565924602683
0.35,0,0.53,1.0540388049687983,1.045478272628554,1.0431209292662063,0.008560532340244231
0.35,0,0.54,1.064137993589993,1.054484476873312,1.0533643185230535,0.009653516716681132
0.35,0,0.55,1.0740785095559415,1.063302140886898,1.0634340010882983,0.010776368669043634
0.35,0,0.56,1.083863123092958,1.0719336804941777,1.0733347622249907,0.011929442598780371
0.35,0,0.5700000000000001,1.0934945048073366,1.0803818270654377,1.0830710486190802,0.013112677741898837
0.35,0,0.58,1.1029752365191765,1.0886495680583148,1.0926470036809939,0.014325668460861696
0.35,0,0.59,1.1123078212918283,1.0967400955726003,1.1020665002241858,0.015567725719227932
0.35,0,0.6,1.121494692556609,1.1046567619272862,1.11133317039166,0.016837930629322706
0.35,0,0.61,1.1305382222900546,1.1124030413835462,1.1204504328130565,0.018135180906508452
0.35,0,0.62,1.1394407282430055,1.1199824972403392,1.1294215170547792,0.019458231002666304
0.35,0,0.63,1.1482044802506157,1.1273987536215904,1.1382494854807343,0.020805726629025356
0.35,0,0.64,1.1568317056725879,1.1346554713561712,1.1469372526771806,0.022176234316416688
0.35,0,0.65,1.1653245940257988,1.1417563274249194,1.1554876026165728,0.023568266600879406
0.35,0,0.66,1.1736853008787596,1.1487049975136354,1.1639032037456842,0.024980303365124135
0.35,0,0.67,1.1819159510804715,1.155505141268065,1.1721866221857336,0.02641080981240651
0.35,0,0.68,1.190018641396339,1.1621603898972164,1.1803403332288922,0.027858251499122577
0.35,0,0.6900000000000001,1.1979954426217185,1.1686743358156106,1.188366731308256,0.02932110680610789
0.35,0,0.7000000000000001,1.2058484012401771,1.175050524053953,1.1962681386084466,0.030797877186224065
0.35,0,0.71,1.2135795406890644,1.1812924452018416,1.2040468124725239,0.03228709548722275
0.35,0,0.72,1.2211908622900012,1.187403529676025,1.211704951748589,0.03378733261397615
0.35,0,0.73,1.2286843458966592,1.1933871431339436,1.2192447022069164,0.03529720276271564
0.35,0,0.74,1.2360619503069254,1.1992465828752195,1.2266681611460908,0.03681536743170599
0.35,0,0.75,1.2433256134814323,1.2049850750938458,1.2339773812946833,0.038340538387586554
0.35,0,0.76,1.2504772526055181,1.210605772861378,1.2411743741037076,0.03987147974414018
0.35,0,0.77,1.2575187640270968,1.2161117547368012,1.248261112514546,0.041407009290295616
0.35,0,0.78,1.264452023098657,1.2215060239121667,1.2552395332772823,0.042945999186490225
0.35,0,0.79,1.2712788839477305,1.226791507814832,1.262111538885459,0.04448737613289855
0.35,0,0.8,1.2780011791966275,1.2319710580974013,1.2688789991851657,0.04603012109922622
0.35,0,0.81,1.284620719649085,1.2370474509554281,1.2755437527090716,0.04757326869365697
0.35,0,0.8200000000000001,1.2911392939586421,1.2420233877207771,1.2821076077794347,0.04911590623786499
0.35,0,0.8300000000000001,1.2975586682910567,1.2469014956853828,1.2885723434182865,0.05065717260567393
0.35,0,0.84,1.3038805859908784,1.2516843291161468,1.2949397100977769,0.05219625687473162
0.35,0,0.85,1.310106767260372,1.2563743704269068,1.3012114303590756,0.05373239683346509
0.35,0,0.86,1.3162389088573048,1.2609740314780105,1.3073891993241635,0.05526487737929431
0.35,0,0.87,1.3222786838166836,1.265485654977991,1.3134746851212795,0.05679302883869264
0.35,0,0.88,1.3282277412002668,1.2699115159653342,1.319469529241691,0.05831622523493252
0.35,0,0.89,1.334087705876639,1.2742538233513663,1.3253753468427103,0.059833882525272664
0.35,0,0.9,1.3398601783337283,1.2785147215079438,1.3311937270095267,0.06134545682578452
0.35,0,0.91,1.3455467345248948,1.2826962918859453,1.3369262329863738,0.06285044263894957
0.35,0,0.92,1.351148925749095,1.2868005546525825,1.342574402385762,0.06434837109651248
0.35,0,0.93,1.356668278565102,1.2908294703373167,1.3481397473829937,0.06583880822778543
0.35,0,0.9400000000000001,1.3621062947393452,1.2947849414776957,1.3536237549018537,0.06732135326164945
0.35,0,0.9500000000000001,1.3674644512265828,1.2986688142577654,1.3590278867962433,0.06879563696881741
0.35,0,0.96,1.372744200182357,1.3024828801328796,1.364353580031573,0.0702613200494775
0.35,0,0.97,1.3779469690059716,1.306228877435744,1.3696022468689053,0.07171809157022757
0.35,0,0.98,1.3830741604125663,1.3099084929593996,1.3747752750541524,0.07316566745316666
0.35,0,0.99,1.388127152532757,1.3135233635136376,1.379874028014053,0.07460378901911935
0.35,0,1.0,1.3931072990382352,1.3170750774519737,1.3848998450601608,0.07603222158626144
0.35,0,1.01,1.3980159292916565,1.3205651761669088,1.3898540416016771,0.0774507531247477
0.35,0,1.02,1.4028543485191598,1.3239951555516805,1.3947379093676173,0.07885919296747934
0.35,0,1.03,1.4076238380038228,1.3273664674271481,1.3995527166385304,0.0802573705766747
0.35,0,1.04,1.4123256552984103,1.3306805209328199,1.404299708487762,0.0816451343655904
0.35,0,1.05,1.4169610344557846,1.3339386838813456,1.4089801070320784,0.08302235057443896
0.35,0,1.06,1.4215311862753974,1.3371422840760747,1.413595111691313,0.08438890219932271
0.35,0,1.07,1.426037298564336,1.3402926105915005,1.4181458994566032,0.08574468797283541
0.35,0,1.08,1.430480536411453,1.3433909150166248,1.4226336251666827,0.08708962139482823
0.35,0,1.09,1.4348620424731737,1.3464384126614242,1.4270594217916488,0.08842362981174956
0.35,0,1.1,1.4391829372696394,1.3494362837267546,1.4314244007235715,0.0897466535428848
0.35,0,1.11,1.443444319489918,1.3523856744381417,1.4357296520732872,0.0910586450517763
0.35,0,1.12,1.4476472663050797,1.3552876981439996,1.4399762449727076,0.09235956816108004
0.35,0,1.1300000000000001,1.4517928336880026,1.3581434363789062,1.444165227881967,0.09364939730909638
0.35,0,1.1400000000000001,1.4558820567388537,1.360953939892624,1.4482976289007383,0.0949281168462297
0.35,0,1.1500000000000001,1.4599159500152403,1.3637202296456024,1.452374456083068,0.09619572036963797
0.35,0,1.16,1.4638955078661104,1.3664432977717518,1.4563966977550775,0.09745221009435867
0.35,0,1.17,1.4678217047685371,1.3691241085092947,1.4603653228349298,0.09869759625924246
0.35,0,1.18,1.471695495666582,1.371763599100528,1.464281281154455,0.09993189656605406
0.35,0,1.19,1.475517816311498,1.3743626806613451,1.4681455037818796,0.10115513565015277
0.35,0,1.2,1.4792895836025866,1.3769222390213791,1.4719589033451248,0.10236734458120744
0.35,0,1.21,1.4830116959280777,1.3794431355356187,1.4757223743551604,0.10356856039245899
0.35,0,1.22,1.4866850335054527,1.3819262078683632,1.4794367935289536,0.10475882563708949
0.35,0,1.23,1.4903104587206841,1.3843722707503647,1.4831030201115571,0.1059381879703194
0.35,0,1.24,1.4938888164659043,1.3867821167100067,1.4867218961969355,0.1071066997558976
0.35,0,1.25,1.4974209344750675,1.3891565167793516,1.490294247047139,0.10826441769571593
0.35,0,1.26,1.5009076236572052,1.391496221175875,1.4938208814094782,0.10941140248133019
0.35,0,1.27,1.504349678426915,1.3938019599606983,1.4973025918313723,0.1105477184662167
0.35,0,1.28,1.507747877031758,1.3960744436741046,1.500740154972579,0.11167343335765345
0.35,0,1.29,1.51110298187628,1.398314363949111,1.5041343319145286,0.1127886179271691
0.35,0,1.3,1.5144157398423923,1.4005223941038487,1.5074858684665273,0.1138933457385436
0.35,0,1.31,1.5176868826058882,1.402699189713488,1.5107954954686025,0.1149876928924003
0.35,0,1.32,1.5209171269488906,1.4048453891624164,1.514063929090792,0.11607173778647417
0.35,0,1.33,1.5241071750680575,1.4069616141773682,1.5172918711287129,0.11714556089068928
0.35,0,1.34,1.5272577148783908,1.409048470342177,1.520480009295232,0.11820924453621373
0.35,0,1.35,1.5303694203125207,1.411106547594804,1.5236290175081286,0.11926287271771674
0.35,0,1.36,1.5334429516153514,1.4131364207072727,1.5267395561736083,0.12030653090807863
0.35,0,1.37,1.5364789556339793,1.4151386497491303,1.5298122724655803,0.12134030588484901
0.35,0,1.3800000000000001,1.539478066102809,1.4171137805350156,1.532847800600606,0.12236428556779333
0.35,0,1.3900000000000001,1.5424409039238063,1.4190623450569166,1.5358467621084495,0.12337855886688964
0.35,0,1.4000000000000001,1.5453680774418457,1.4209848619016707,1.5388097660981712,0.12438321554017495
0.35,0,1.41,1.5482601827151168,1.4228818366542342,1.5417374095197218,0.1253783460608826
0.35,0,1.42,1.5511178037805775,1.4247537622872453,1.5446302774209988,0.12636404149333225
0.35,0,1.43,1.5539415129144385,1.4266011195373756,1.5474889432003476,0.12734039337706293
0.35,0,1.44,1.5567318708876845,1.428424377268948,1.5503139688544898,0.1283074936187365
0.35,0,1.45,1.5594894272166435,1.430223992825289,1.5531059052218772,0.12926543439135463
0.35,0,1.46,1.5622147204086185,1.4320004123682546,1.5558652922214766,0.13021430804036394
0.35,0,1.47,1.5649082782026165,1.4337540712063703,1.5585926590869945,0.13115420699624614
0.35,0,1.48,1.567570617805198,1.4354853941119858,1.561288524596561,0.13208522369321218
0.35,0,1.49,1.570202246121493,1.4371947956278568,1.5639533972979034,0.13300745049363627
0.35,0,1.5,1.5728036599814281,1.4388826803635273,1.5665877757290296,0.13392097961790084
0.35,1,0.0,0.4899999999999999,0.7,0.4899999999999999,-0.21000000000000008
0.35,1,0.01,0.4899999999999999,0.7,0.4899999999999999,-0.21000000000000008
0.35,1,0.02,0.4899999999999999,0.7,0.4899999999999999,-0.21000000000000008
0.35,1,0.03,0.4899999999999999,0.7,0.4899999999999999,-0.21000000000000008
0.35,1,0.04,0.4899999999999999,0.7,0.4899999999999999,-0.21000000000000008
0.35,1,0.05,0.49000000000307803,0.7,0.4900000000016219,-0.20999999999692193
0.35,1,0.06,0.490000005559638,0.7,0.4900000040118061,-0.20999999444036194
0.35,1,0.07,0.4900005567768273,0.7000000000009141,0.490000464252132,-0.2099994432240868
0.35,1,0.08,0.49001164206530046,0.7000000004104527,0.49001044105502956,-0.20998835834515228
0.35,1,0.09,0.49009669001569867,0.7000000276730178,0.4900902269791122,-0.20990333765731917
0.35,1,0.1,0.4904495948165168,0.7000005733031438,0.4904293343784043,-0.20955097848662702
0.35,1,0.11,0.4914252476049482,0.7000054816826526,0.4913804061866116,-0.20858023407770443
0.35,1,0.12,0.49347173201321903,0.7000309085937645,0.4933931219221844,-0.20655917658054546
0.35,1,0.13,0.49701202250995435,0.7001199864408978,0.49689471340604874,-0.20310796393094344
0.35,1,0.14,0.5023490980551872,0.700355039380747,0.5021929300458793,-0.1980059413255597
0.35,1,0.15,0.5096267355425872,0.7008581206663935,0.509435342354774,-0.19123138512380633
0.35,1,0.16,0.5188379627132343,0.7017780505982167,0.5186172824342794,-0.1829400878849824
0.35,1,0.17,0.5298590618872314,0.7032696820126936,0.5296159758054164,-0.17341062012546216
0.35,1,0.18,0.5424902064773334,0.7054732035724882,0.5422315571604066,-0.16298299709515485
0.35,1,0.19,0.5564918274556692,0.7084989118692022,0.5562238289020166,-0.15200708441353306
0.35,1,0.2,0.5716124613733533,0.7124193306515522,0.5713404164353383,-0.14080686927819885
0.35,1,0.21,0.5876077556965995,0.7172679439961755,0.5873359791000288,-0.12966018829957604
0.35,1,0.22,0.6042520599996926,0.7230426200877618,0.6039839220374082,-0.11879056008806921
0.35,1,0.23,0.62134449690405,0.7297116662879533,0.6210825276502023,-0.10836716938390323
0.35,1,0.24,0.6387112558026505,0.7372208503797726,0.6384572717338453,-0.09850959457712205
0.35,1,0.25,0.6562054834153489,0.7455002638963584,0.6559607146141851,-0.08929478048100947
0.35,1,0.26,0.6737057578584444,0.7544703900274773,0.6734709647515047,-0.08076463216903285
0.35,1,0.27,0.6911138091607649,0.764047099481443,0.6908893842723438,-0.07293329032067808
0.35,1,0.28,0.7083519092047279,0.7741455311114069,0.7081379630310012,-0.06579362190667903
0.35,1,0.29,0.7253601898923128,0.7846829459575784,0.7251566218041215,-0.0593227560652656
0.35,1,0.3,0.7420940422619666,0.7955807045456293,0.7419005980967768,-0.05348666228366272
0.35,1,0.31,0.7585216833107962,0.8067655342680817,0.7583380015102867,-0.04824385095728556
0.35,1,0.32,0.7746219369175349,0.818170245865335,0.7744475849990038,-0.04354830894780015
0.35,1,0.33,0.7903822503676758,0.8297340382946687,0.7902167533435105,-0.0393517879269929
0.35,1,0.34,0.8057969521535235,0.8414025074866129,0.8056398143112387,-0.0356055553330894
0.35,1,0.35000000000000003,0.8208657462628983,0.8531274510196696,0.8207164675222677,-0.03226170475677126
0.35,1,0.36,0.8355924310928275,0.8648665397479088,0.8354505189781514,-0.029274108655081288
0.35,1,0.37,0.8499838263982554,0.8765829097074664,0.8498488045050299,-0.026599083309211013
0.35,1,0.38,0.864048888753314,0.8882447132823164,0.8639203024484342,-0.024195824529002374
0.35,1,0.39,0.8777979945084564,0.8998246573323836,0.8776754144798546,-0.02202666282392718
0.35,1,0.4,0.8912423688875672,0.9112995473337107,0.8911253930513146,-0.02005717844614341
0.35,1,0.41000000000000003,0.9043936404263668,0.9226498500785066,0.9042818946055071,-0.01825620965213981
0.35,1,0.42,0.9172635011648212,0.933859282692745,0.9171566388735121,-0.016595781527923736
0.35,1,0.43,0.929863454652607,0.944914432269935,0.9297611562504761,-0.015050977617327987
0.35,1,0.44,0.942204635719833,0.9558044079766163,0.9421066071438021,-0.013599772256783216
0.35,1,0.45,0.9542976879532732,0.9665205258050107,0.9542036591863119,-0.0122228378517375
0.35,1,0.46,0.9661526867861177,0.9770560250326203,0.9660624101833367,-0.010903338246502692
0.35,1,0.47000000000000003,0.9777790979757006,0.9874058147443352,0.9776923465367275,-0.00962671676863458
0.35,1,0.48,0.9891857629569578,0.9975662483635039,0.9891023286085339,-0.008380485406546123
0.35,1,0.49,1.0003809040912066,1.007534923937204,1.000300596024378,-0.007154019845997395
0.35,1,0.5,1.0113721441697754,1.017310507862914,1.0112947872609697,-0.005938363693138715
0.35,1,0.51,1.022166535682254,1.0268925797815178,1.0220919690161012,-0.004726044099263804
0.35,1,0.52,1.0327705963303622,1.0362814964606775,1.0326986718336333,-0.0035109001303152976
0.35,1,0.53,1.043190348076355,1.045478272628554,1.0431209292662063,-0.002287924552199172
0.35,1,0.54,1.053431357677697,1.054484476873312,1.0533643185230535,-0.0010531191956149044
0.35,1,0.55,1.0634987771963595,1.063302140886898,1.0634340010882983,0.00019663630946165078
0.35,1,0.56,1.0733973833999062,1.0719336804941777,1.0733347622249907,0.0014637029057285034
0.35,1,0.5700000000000001,1.0831316153096862,1.0803818270654377,1.0830710486190802,0.00274978824424843
0.35,1,0.58,1.0927056094143583,1.0886495680583148,1.0926470036809939,0.004056041356043538
0.35,1,0.59,1.102123232268241,1.0967400955726003,1.1020665002241858,0.005383136695640722
0.35,1,0.6,1.111388110345346,1.1046567619272862,1.11133317039166,0.006731348418059779
0.35,1,0.61,1.1205036571313491,1.1124030413835462,1.1204504328130565,0.008100615747802964
0.35,1,0.62,1.1294730975155158,1.1199824972403392,1.1294215170547792,0.009490600275176675
0.35,1,0.63,1.1382994895996346,1.1273987536215904,1.1382494854807343,0.010900735978044196
0.35,1,0.64,1.1469857440769113,1.1346554713561712,1.1469372526771806,0.012330272720740165
0.35,1,0.65,1.155534641355144,1.1417563274249194,1.1554876026165728,0.01377831393022455
0.35,1,0.66,1.1639488466089465,1.1487049975136354,1.1639032037456842,0.015243849095311068
0.35,1,0.67,1.1722309229482246,1.155505141268065,1.1721866221857336,0.01672578168015959
0.35,1,0.68,1.180383342886818,1.1621603898972164,1.1803403332288922,0.018222952989601637
0.35,1,0.6900000000000001,1.1884084982879555,1.1686743358156106,1.188366731308256,0.01973416247234483
0.35,1,0.7000000000000001,1.1963087089532953,1.175050524053953,1.1962681386084466,0.02125818489934228
0.35,1,0.71,1.2040862300108768,1.1812924452018416,1.2040468124725239,0.022793784809035156
0.35,1,0.72,1.211743258245042,1.187403529676025,1.211704951748589,0.024339728569017005
0.35,1,0.73,1.2192819374988915,1.1933871431339436,1.2192447022069164,0.025894794364947904
0.35,1,0.74,1.2267043632674883,1.1992465828752195,1.2266681611460908,0.02745778039226887
0.35,1,0.75,1.234012586588132,1.2049850750938458,1.2339773812946833,0.029027511494286173
0.35,1,0.76,1.2412086173227481,1.210605772861378,1.2411743741037076,0.030602844461370182
0.35,1,0.77,1.24829442691691,1.2161117547368012,1.248261112514546,0.03218267218010884
0.35,1,0.78,1.2552719507102827,1.2215060239121667,1.2552395332772823,0.033765926798116075
0.35,1,0.79,1.262143089864376,1.226791507814832,1.262111538885459,0.03535158204954403
0.35,1,0.8,1.2689097129654066,1.2319710580974013,1.2688789991851657,0.036938654868005294
0.35,1,0.81,1.275573657352772,1.2370474509554281,1.2755437527090716,0.03852620639734394
0.35,1,0.8200000000000001,1.282136730217094,1.2420233877207771,1.2821076077794347,0.04011334249631693
0.35,1,0.8300000000000001,1.2886007095059508,1.2469014956853828,1.2885723434182865,0.04169921382056807
0.35,1,0.84,1.2949673446702232,1.2516843291161468,1.2949397100977769,0.04328301555407643
0.35,1,0.85,1.30123835727939,1.2563743704269068,1.3012114303590756,0.04486398685248316
0.35,1,0.86,1.3074154415300545,1.2609740314780105,1.3073891993241635,0.04644141005204405
0.35,1,0.87,1.3135002646684435,1.265485654977991,1.3134746851212795,0.04801460969045257
0.35,1,0.88,1.3194944673444866,1.2699115159653342,1.319469529241691,0.04958295137915236
0.35,1,0.89,1.3253996639123815,1.2742538233513663,1.3253753468427103,0.05114584056101523
0.35,1,0.9,1.3312174426901884,1.2785147215079438,1.3311937270095267,0.052702721182244616
0.35,1,0.91,1.3369493661889378,1.2826962918859453,1.3369262329863738,0.05425307430299253
0.35,1,0.92,1.3425969713199748,1.2868005546525825,1.342574402385762,0.05579641666739232
0.35,1,0.93,1.3481617695877297,1.2908294703373167,1.3481397473829937,0.057332299250413055
0.35,1,0.9400000000000001,1.353645247273794,1.2947849414776957,1.3536237549018537,0.058860305796098356
0.35,1,0.9500000000000001,1.3590488656170614,1.2986688142577654,1.3590278867962433,0.06038005135929603
0.35,1,0.96,1.3643740609937292,1.3024828801328796,1.364353580031573,0.06189118086084955
0.35,1,0.97,1.3696222451001456,1.306228877435744,1.3696022468689053,0.06339336766440162
0.35,1,0.98,1.374794805140802,1.3099084929593996,1.3747752750541524,0.0648863121814025
0.35,1,0.99,1.3798931040231759,1.3135233635136376,1.379874028014053,0.06636974050953826
0.35,1,1.0,1.384918480560661,1.3170750774519737,1.3848998450601608,0.0678434031086872
0.35,1,1.01,1.3898722496844038,1.3205651761669088,1.3898540416016771,0.06930707351749499
0.35,1,1.02,1.3947557026645367,1.3239951555516805,1.3947379093676173,0.07076054711285629
0.35,1,1.03,1.3995701073410114,1.3273664674271481,1.3995527166385304,0.07220363991386325
0.35,1,1.04,1.404316708364036,1.3306805209328199,1.404299708487762,0.07363618743121614
0.35,1,1.05,1.408996727443907,1.3339386838813456,1.4089801070320784,0.0750580435625614
0.35,1,1.06,1.4136113636099181,1.3371422840760747,1.413595111691313,0.07646907953384341
0.35,1,1.07,1.4181617934778896,1.3402926105915005,1.4181458994566032,0.07786918288638911
0.35,1,1.08,1.4226491715257967,1.3433909150166248,1.4226336251666827,0.07925825650917195
0.35,1,1.09,1.427074630376902,1.3464384126614242,1.4270594217916488,0.0806362177154778
0.35,1,1.1,1.431439281089766,1.3494362837267546,1.4314244007235715,0.08200299736301142
0.35,1,1.11,1.4357442134544678,1.3523856744381417,1.4357296520732872,0.08335853901632606
0.35,1,1.12,1.4399904962943721,1.3552876981439996,1.4399762449727076,0.08470279815037252
0.35,1,1.1300000000000001,1.4441791777727593,1.3581434363789062,1.444165227881967,0.08603574139385306
0.35,1,1.1400000000000001,1.4483112857036518,1.360953939892624,1.4482976289007383,0.08735734581102772
0.35,1,1.1500000000000001,1.4523878278661764,1.3637202296456024,1.452374456083068,0.08866759822057402
0.35,1,1.16,1.4564097923218229,1.3664432977717518,1.4563966977550775,0.08996649455007111
0.35,1,1.17,1.4603781477339823,1.3691241085092947,1.4603653228349298,0.09125403922468767
0.35,1,1.18,1.464293843689166,1.371763599100528,1.464281281154455,0.09253024458863801
0.35,1,1.19,1.4681578110193492,1.3743626806613451,1.4681455037818796,0.09379513035800402
0.35,1,1.2,1.471970962124895,1.3769222390213791,1.4719589033451248,0.09504872310351598
0.35,1,1.21,1.4757341912975595,1.3794431355356187,1.4757223743551604,0.09629105576194075
0.35,1,1.22,1.4794483750430976,1.3819262078683632,1.4794367935289536,0.09752216717473439
0.35,1,1.23,1.483114372403032,1.3843722707503647,1.4831030201115571,0.09874210165266728
0.35,1,1.24,1.4867330252751687,1.3867821167100067,1.4867218961969355,0.09995090856516198
0.35,1,1.25,1.4903051587324763,1.3891565167793516,1.490294247047139,0.10114864195312467
0.35,1,1.26,1.493831581339978,1.391496221175875,1.4938208814094782,0.10233536016410305
0.35,1,1.27,1.4973130854693317,1.3938019599606983,1.4973025918313723,0.1035111255086334
0.35,1,1.28,1.5007504476107965,1.3960744436741046,1.500740154972579,0.10467600393669185
0.35,1,1.29,1.5041444286823262,1.398314363949111,1.5041343319145286,0.10583006473321532
0.35,1,1.3,1.5074957743355302,1.4005223941038487,1.5074858684665273,0.10697338023168146
0.35,1,1.31,1.5108052152582951,1.402699189713488,1.5107954954686025,0.1081060255448072
0.35,1,1.32,1.5140734674738583,1.4048453891624164,1.514063929090792,0.10922807831144188
0.35,1,1.33,1.5173012326361635,1.4069616141773682,1.5172918711287129,0.11033961845879525
0.35,1,1.34,1.5204891983213393,1.409048470342177,1.520480009295232,0.11144072797916227
0.35,1,1.35,1.523638038315166,1.411106547594804,1.5236290175081286,0.11253149072036206
0.35,1,1.36,1.5267484128964095,1.4131364207072727,1.5267395561736083,0.11361199218913676
0.35,1,1.37,1.5298209691159221,1.4151386497491303,1.5298122724655803,0.11468231936679185
0.35,1,1.3800000000000001,1.532856341071425,1.4171137805350156,1.532847800600606,0.11574256053640952
0.35,1,1.3900000000000001,1.5358551501778963,1.4190623450569166,1.5358467621084495,0.11679280512097967
0.35,1,1.4000000000000001,1.5388180054335119,1.4209848619016707,1.5388097660981712,0.11783314353184116
0.35,1,1.41,1.5417455036810912,1.4228818366542342,1.5417374095197218,0.11886366702685702
0.35,1,1.42,1.544638229865012,1.4247537622872453,1.5446302774209988,0.11988446757776683
0.35,1,1.43,1.5474967572835756,1.4266011195373756,1.5474889432003476,0.12089563774620005
0.35,1,1.44,1.5503216478368056,1.428424377268948,1.5503139688544898,0.1218972705678576
0.35,1,1.45,1.5531134522696761,1.430223992825289,1.5531059052218772,0.12288945944438723
0.35,1,1.46,1.5558727104107763,1.4320004123682546,1.5558652922214766,0.12387229804252176
0.35,1,1.47,1.5585999514064217,1.4337540712063703,1.5585926590869945,0.12484588020005138
0.35,1,1.48,1.5612956939502265,1.4354853941119858,1.561288524596561,0.12581029983824066
0.35,1,1.49,1.5639604465081707,1.4371947956278568,1.5639533972979034,0.12676565088031388
0.35,1,1.5,1.5665947075391844,1.4388826803635273,1.5665877757290296,0.1277120271756571
0.35,2,0.0,0.4899999999999999,0.7,0.4899999999999999,-0.21000000000000008
0.35,2,0.01,0.4899999999999999,0.7,0.4899999999999999,-0.21000000000000008
0.35,2,0.02,0.4899999999999999,0.7,0.4899999999999999,-0.21000000000000008
0.35,2,0.03,0.4899999999999999,0.7,0.4899999999999999,-0.21000000000000008
0.35,2,0.04,0.48999999999999994,0.7,0.4899999999999999,-0.21000000000000002
0.35,2,0.05,0.4900000000062493,0.7,0.4900000000016219,-0.20999999999375063
0.35,2,0.06,0.4900000082221031,0.7,0.4900000040118061,-0.20999999177789686
0.35,2,0.07,0.4900006990675102,0.7000000000009141,0.490000464252132,-0.2099993009334039
0.35,2,0.08,0.49001338722467247,0.7000000004104527,0.49001044105502956,-0.20998661318578027
0.35,2,0.09,0.4901057987670958,0.7000000276730178,0.4900902269791122,-0.20989422890592202
0.35,2,0.1,0.4904776575720685,0.7000005733031438,0.4904293343784043,-0.2095229157310753
0.35,2,0.11,0.49148671947212086,0.7000054816826526,0.4913804061866116,-0.20851876221053178
0.35,2,0.12,0.4935788118962008,0.7000309085937645,0.4933931219221844,-0.2064520966975637
0.35,2,0.13,0.4971711707868072,0.7001199864408978,0.49689471340604874,-0.20294881565409056
0.35,2,0.14,0.5025604070053804,0.700355039380747,0.5021929300458793,-0.19779463237536654
0.35,2,0.15,0.5098852564433956,0.7008581206663935,0.509435342354774,-0.19097286422299797
0.35,2,0.16,0.5191356962656909,0.7017780505982167,0.5186172824342794,-0.18264235433252585
0.35,2,0.17,0.530186769884768,0.7032696820126936,0.5296159758054164,-0.1730829121279256
0.35,2,0.18,0.5428387164372159,0.7054732035724882,0.5422315571604066,-0.1626344871352723
0.35,2,0.19,0.556852815407124,0.7084989118692022,0.5562238289020166,-0.15164609646207827
0.35,2,0.2,0.571978826174939,0.7124193306515522,0.5713404164353383,-0.14044050447661316
0.35,2,0.21,0.5879737201411638,0.7172679439961755,0.5873359791000288,-0.12929422385501177
0.35,2,0.22,0.6046131115803948,0.7230426200877618,0.6039839220374082,-0.118429508507367
0.35,2,0.23,0.6216972481928287,0.7297116662879533,0.6210825276502023,-0.10801441809512458
0.35,2,0.24,0.6390532751056028,0.7372208503797726,0.6384572717338453,-0.09816757527416975
0.35,2,0.25,0.6565351247156951,0.7455002638963584,0.6559607146141851,-0.08896513918066329
0.35,2,0.26,0.674022004728099,0.7544703900274773,0.6734709647515047,-0.08044838529937826
0.35,2,0.27,0.691416138640794,0.764047099481443,0.6908893842723438,-0.07263096084064902
0.35,2,0.28,0.7086401768413426,0.7741455311114069,0.7081379630310012,-0.06550535427006432
0.35,2,0.29,0.7256345347229789,0.7846829459575784,0.7251566218041215,-0.059048411234599474
0.35,2,0.3,0.7423548095509608,0.7955807045456293,0.7419005980967768,-0.053225894994668566
0.35,2,0.31,0.7587693625757299,0.8067655342680817,0.7583380015102867,-0.04799617169235182
0.35,2,0.32,0.7748571128789767,0.818170245865335,0.7744475849990038,-0.043313132986358305
0.35,2,0.33,0.7906055646828125,0.8297340382946687,0.7902167533435105,-0.03912847361185623
0.35,2,0.34,0.8060090740592998,0.8414025074866129,0.8056398143112387,-0.03539343342731316
0.35,2,0.35000000000000003,0.8210673505105579,0.8531274510196696,0.8207164675222677,-0.03206010050911168
0.35,2,0.36,0.8357841817894361,0.8648665397479088,0.8354505189781514,-0.029082357958472693
0.35,2,0.37,0.8501663655790885,0.8765829097074664,0.8498488045050299,-0.026416544128377906
0.35,2,0.38,0.8642228286934912,0.8882447132823164,0.8639203024484342,-0.02402188458882515
0.35,2,0.39,0.8779639129451954,0.8998246573323836,0.8776754144798546,-0.021860744387188213
0.35,2,0.4,0.8914008064677919,0.9112995473337107,0.8911253930513146,-0.019898740865918807
0.35,2,0.41000000000000003,0.9045450998195885,0.9226498500785066,0.9042818946055071,-0.018104750258918112
0.35,2,0.42,0.9174084473894226,0.933859282692745,0.9171566388735121,-0.016450835303322364
0.35,2,0.43,0.930002316256059,0.944914432269935,0.9297611562504761,-0.014912116013875987
0.35,2,0.44,0.9423378065312509,0.9558044079766163,0.9421066071438021,-0.013466601445365378
0.35,2,0.45,0.9544255291914061,0.9665205258050107,0.9542036591863119,-0.01209499661360458
0.35,2,0.46,0.9662755293588716,0.9770560250326203,0.9660624101833367,-0.010780495673748725
0.35,2,0.47000000000000003,0.9778972448500807,0.9874058147443352,0.9776923465367275,-0.009508569894254526
0.35,2,0.48,0.9892994915123606,0.9975662483635039,0.9891023286085339,-0.008266756851143309
0.35,2,0.49,1.0004904683956788,1.007534923937204,1.000300596024378,-0.007044455541525219
0.35,2,0.5,1.0114777771394357,1.017310507862914,1.0112947872609697,-0.005832730723478452
0.35,2,0.51,1.022268451099682,1.0268925797815178,1.0220919690161012,-0.004624128681835815
0.35,2,0.52,1.0328689907093689,1.0362814964606775,1.0326986718336333,-0.003412505751308581
0.35,2,0.53,1.0432854023689815,1.045478272628554,1.0431209292662063,-0.002192870259572599
0.35,2,0.54,1.053523238825249,1.054484476873312,1.0533643185230535,-0.0009612380480630289
0.35,2,0.55,1.0635876395303354,1.063302140886898,1.0634340010882983,0.00028549864343752063
0.35,2,0.56,1.0734833699012813,1.0719336804941777,1.0733347622249907,0.0015496894071036493
0.35,2,0.5700000000000001,1.0832148587365364,1.0803818270654377,1.0830710486190802,0.002833031671098718
0.35,2,0.58,1.0927862333085434,1.0886495680583148,1.0926470036809939,0.004136665250228599
0.35,2,0.59,1.1022013518520404,1.0967400955726003,1.1020665002241858,0.005461256279440052
0.35,2,0.6,1.11146383331872,1.1046567619272862,1.11133317039166,0.006807071391433661
0.35,2,0.61,1.120577084380018,1.1124030413835462,1.1204504328130565,0.008174042996471842
0.35,2,0.62,1.1295443237394227,1.1199824972403392,1.1294215170547792,0.009561826499083548
0.35,2,0.63,1.13836860387061,1.1273987536215904,1.1382494854807343,0.010969850249019641
0.35,2,0.64,1.147052830333615,1.1346554713561712,1.1469372526771806,0.012397358977443762
0.35,2,0.65,1.1555997788425816,1.1417563274249194,1.1554876026165728,0.01384345141766219
0.35,2,0.66,1.164012110269118,1.1487049975136354,1.1639032037456842,0.015307112755482688
0.35,2,0.67,1.1722923837677617,1.155505141268065,1.1721866221857336,0.016787242499696653
0.35,2,0.68,1.180443068206813,1.1621603898972164,1.1803403332288922,0.018282678309596623
0.35,2,0.6900000000000001,1.1884665520805806,1.1686743358156106,1.188366731308256,0.019792216264969964
0.35,2,0.7000000000000001,1.1963651520692749,1.175050524053953,1.1962681386084466,0.0213146280153218
0.35,2,0.71,1.2041411204013683,1.1812924452018416,1.2040468124725239,0.022848675199526713
0.35,2,0.72,1.2117966511610598,1.187403529676025,1.211704951748589,0.024393121485034808
0.35,2,0.73,1.2193338856710034,1.1933871431339436,1.2192447022069164,0.025946742537059864
0.35,2,0.74,1.2267549170681757,1.1992465828752195,1.2266681611460908,0.027508334192956285
0.35,2,0.75,1.2340617941788987,1.2049850750938458,1.2339773812946833,0.029076719085052938
0.35,2,0.76,1.2412565247877934,1.210605772861378,1.2411743741037076,0.03065075192641542
0.35,2,0.77,1.2483410783849493,1.2161117547368012,1.248261112514546,0.03222932364814812
0.35,2,0.78,1.2553173884658957,1.2215060239121667,1.2552395332772823,0.03381136455372902
0.35,2,0.79,1.2621873544500801,1.226791507814832,1.262111538885459,0.035395846635248196
0.35,2,0.8,1.2689528432755008,1.2319710580974013,1.2688789991851657,0.03698178517809958
0.35,2,0.81,1.2756156907198617,1.2370474509554281,1.2755437527090716,0.038568239764433576
0.35,2,0.8200000000000001,1.2821777024920906,1.2420233877207771,1.2821076077794347,0.04015431477131348
0.35,2,0.8300000000000001,1.2886406551322351,1.2469014956853828,1.2885723434182865,0.04173915944685236
0.35,2,0.84,1.2950062967525786,1.2516843291161468,1.2949397100977769,0.04332196763643181
0.35,2,0.85,1.30127634764823,1.2563743704269068,1.3012114303590756,0.044901977221323275
0.35,2,0.86,1.3074525008014135,1.2609740314780105,1.3073891993241635,0.04647846932340305
0.35,2,0.87,1.3135364223001247,1.265485654977991,1.3134746851212795,0.04805076732213376
0.35,2,0.88,1.31952975168873,1.2699115159653342,1.319469529241691,0.049618235723395854
0.35,2,0.89,1.3254341022653637,1.2742538233513663,1.3253753468427103,0.05118027891399746
0.35,2,0.9,1.3312510613386288,1.2785147215079438,1.3311937270095267,0.05273633983068504
0.35,2,0.91,1.3369821904540518,1.2826962918859453,1.3369262329863738,0.054285898568106505
0.35,2,0.92,1.342629025598997,1.2868005546525825,1.342574402385762,0.05582847094641452
0.35,2,0.93,1.3481930773931907,1.2908294703373167,1.3481397473829937,0.057363607055874066
0.35,2,0.9400000000000001,1.3536758312707284,1.2947849414776957,1.3536237549018537,0.0588908897930327
0.35,2,0.9500000000000001,1.359078747658294,1.2986688142577654,1.3590278867962433,0.06040993340052858
0.35,2,0.96,1.3644032621533793,1.3024828801328796,1.364353580031573,0.061920382020499654
0.35,2,0.97,1.369650785705473,1.306228877435744,1.3696022468689053,0.06342190826972893
0.35,2,0.98,1.3748227048025004,1.3099084929593996,1.3747752750541524,0.06491421184310076
0.35,2,0.99,1.3799203816642194,1.3135233635136376,1.379874028014053,0.06639701815058174
0.35,2,1.0,1.3849451544437934,1.3170750774519737,1.3848998450601608,0.06787007699181968
0.35,2,1.01,1.3898983374383511,1.3205651761669088,1.3898540416016771,0.06933316127144229
0.35,2,1.02,1.394781221309017,1.3239951555516805,1.3947379093676173,0.07078606575733648
0.35,2,1.03,1.399595073310619,1.3273664674271481,1.3995527166385304,0.07222860588347091
0.35,2,1.04,1.4043411375310542,1.3306805209328199,1.404299708487762,0.07366061659823431
0.35,2,1.05,1.4090206351401144,1.3339386838813456,1.4089801070320784,0.07508195125876882
0.35,2,1.06,1.4136347646474383,1.3371422840760747,1.413595111691313,0.0764924805713636
0.35,2,1.07,1.4181847021691376,1.3402926105915005,1.4181458994566032,0.0778920915776371
0.35,2,1.08,1.422671601702567,1.3433909150166248,1.4226336251666827,0.07928068668594213
0.35,2,1.09,1.4270965954086414,1.3464384126614242,1.4270594217916488,0.08065818274721726
0.35,2,1.1,1.4314607939010724,1.3494362837267546,1.4314244007235715,0.08202451017431778
0.35,2,1.11,1.4357652865418529,1.3523856744381417,1.4357296520732872,0.08337961210371114
0.35,2,1.12,1.4400111417423225,1.3552876981439996,1.4399762449727076,0.08472344359832285
0.35,2,1.1300000000000001,1.4441994072691309,1.3581434363789062,1.444165227881967,0.08605597089022465
0.35,2,1.1400000000000001,1.4483311105544265,1.360953939892624,1.4482976289007383,0.0873771706618025
0.35,2,1.1500000000000001,1.4524072590096129,1.3637202296456024,1.452374456083068,0.08868702936401052
0.35,2,1.16,1.4564288403420291,1.3664432977717518,1.4563966977550775,0.08998554257027735
0.35,2,1.17,1.4603968228739317,1.3691241085092947,1.4603653228349298,0.09127271436463702
0.35,2,1.18,1.4643121558631913,1.371763599100528,1.464281281154455,0.09254855676266338
0.35,2,1.19,1.4681757698251277,1.3743626806613451,1.4681455037818796,0.0938130891637825
0.35,2,1.2,1.4719885768549532,1.3769222390213791,1.4719589033451248,0.0950663378335741
0.35,2,1.21,1.4757514709503186,1.3794431355356187,1.4757223743551604,0.09630833541469985
0.35,2,1.22,1.4794653283334758,1.3819262078683632,1.4794367935289536,0.0975391204651126
0.35,2,1.23,1.4831310077726279,1.3843722707503647,1.4831030201115571,0.09875873702226312
0.35,2,1.24,1.4867493509020395,1.3867821167100067,1.4867218961969355,0.0999672341920328
0.35,2,1.25,1.4903211825405314,1.3891565167793516,1.490294247047139,0.10116466576117977
0.35,2,1.26,1.4938473110080035,1.391496221175875,1.4938208814094782,0.10235108983212848
0.35,2,1.27,1.4973285284396594,1.3938019599606983,1.4973025918313723,0.10352656847896102
0.35,2,1.28,1.5007656110976368,1.3960744436741046,1.500740154972579,0.10469116742353224
0.35,2,1.29,1.5041593196797751,1.398314363949111,1.5041343319145286,0.10584495573066421
0.35,2,1.3,1.5075103996252668,1.4005223941038487,1.5074858684665273,0.10698800552141807
0.35,2,1.31,1.5108195814169796,1.402699189713488,1.5107954954686025,0.10812039170349164
0.35,2,1.32,1.514087580880247,1.4048453891624164,1.514063929090792,0.10924219171783056
0.35,2,1.33,1.517315099477949,1.4069616141773682,1.5172918711287129,0.11035348530058076
0.35,2,1.34,1.52050282460173,1.409048470342177,1.520480009295232,0.11145435425955297
0.35,2,1.35,1.5236514298592123,1.411106547594804,1.5236290175081286,0.1125448822644084
0.35,2,1.36,1.5267615753570927,1.4131364207072727,1.5267395561736083,0.11362515464981993
0.35,2,1.37,1.529833907980009,1.4151386497491303,1.5298122724655803,0.11469525823087867
0.35,2,1.3800000000000001,1.5328690616651028,1.4171137805350156,1.532847800600606,0.11575528113008726
0.35,2,1.3900000000000001,1.5358676576721957,1.4190623450569166,1.5358467621084495,0.11680531261527904
0.35,2,1.4000000000000001,1.538830304849525,1.4209848619016707,1.5388097660981712,0.11784544294785437
0.35,2,1.41,1.5417575998949948,1.4228818366542342,1.5417374095197218,0.11887576324076066
0.35,2,1.42,1.5446501276129045,1.4247537622872453,1.5446302774209988,0.11989636532565928
0.35,2,1.43,1.5475084611661316,1.4266011195373756,1.5474889432003476,0.12090734162875605
0.35,2,1.44,1.55033316232376,1.428424377268948,1.5503139688544898,0.12190878505481195
0.35,2,1.45,1.5531247817041423,1.430223992825289,1.5531059052218772,0.12290078887885336
0.35,2,1.46,1.555883859013404,1.4320004123682546,1.5558652922214766,0.1238834466451495
0.35,2,1.47,1.5586109232794034,1.4337540712063703,1.5585926590869945,0.1248568520730331
0.35,2,1.48,1.5613064930811569,1.4354853941119858,1.561288524596561,0.12582109896917104
0.35,2,1.49,1.5639710767737656,1.4371947956278568,1.5639533972979034,0.12677628114590878
0.35,2,1.5,1.5666051727088643,1.4388826803635273,1.5665877757290296,0.12772249234533706
0.5,0,0.0,0.9375,1.0,1.0,-0.0625
0.5,0,0.01,0.9392587683141954,1.0,1.0,-0.060741231685804586
0.5,0,0.02,0.9495619217425005,1.0,1.0,-0.050438078257499463
0.5,0,0.03,0.9603022025489039,1.0,1.0,-0.03969779745109614
0.5,0,0.04,0.9699366192192123,1.0,1.0,-0.03006338078078774
0.5,0,0.05,0.9779825074011125,1.0,1.0000000000007687,-0.022017492598887523
0.5,0,0.06,0.9844006549325958,1.0,1.00000000190133,-0.015599345067404236
0.5,0,0.07,0.9895745869664996,1.000000000000914,1.0000002200247073,-0.010425413034414355
0.5,0,0.08,0.9940294531713351,1.000000000410453,1.0000049483673128,-0.00597054723911794
0.5,0,0.09,0.9982320177028271,1.0000000276730177,1.000042761601475,-0.0017680099701905538
0.5,0,0.1,1.0025040250222133,1.0000005733031436,1.0002034760087224,0.002503451719069627
0.5,0,0.11,1.007021078376495,1.0000054816826527,1.0006542209415223,0.00701559669384233
0.5,0,0.12,1.0118540721547162,1.0000309085937644,1.0016081146550637,0.01182316356095181
0.5,0,0.13,1.0170143045839488,1.0001199864408976,1.0032676366853313,0.0168943181430512
0.5,0,0.14,1.0224848921246235,1.000355039380747,1.0057786398321804,0.022129852743876466
0.5,0,0.15,1.028237958081538,1.0008581206663933,1.0092110627278181,0.027379837415144603
0.5,0,0.16,1.034242857340314,1.001778050598217,1.0135626931064172,0.03246480674209695
0.5,0,0.17,1.0404699747724844,1.0032696820126938,1.0187753441086933,0.03720029275979053
0.5,0,0.18,1.0468924905255537,1.005473203572488,1.0247542935744087,0.041419286953065626
0.5,0,0.19,1.0534870863013597,1.0084989118692023,1.0313857076462276,0.04498817443215741
0.5,0,0.2,1.0602339895471562,1.0124193306515523,1.0385499927353994,0.04781465889560388
0.5,0,0.21,1.067116593152421,1.0172679439961758,1.046130920914539,0.049848649156245095
0.5,0,0.22,1.0741208460642073,1.0230426200877618,1.0540212219409026,0.05107822597644551
0.5,0,0.23,1.0812345743657872,1.0297116662879535,1.0621255571236747,0.05152290807783366
0.5,0,0.24,1.0884468467544701,1.0372208503797724,1.070361710793659,0.05122599637469771
0.5,0,0.25,1.0957474519216768,1.0455002638963586,1.0786606487736419,0.050247188025318135
0.5,0,0.26,1.1031265162643757,1.0544703900274772,1.0869658998847687,0.04865612623689852
0.5,0,0.27,1.1105742619330885,1.064047099481443,1.095232558385836,0.046527162451645454
0.5,0,0.28,1.1180808873929209,1.074145531111407,1.1034260926681392,0.043935356281513904
0.5,0,0.29,1.1256365437687055,1.0846829459575784,1.1115210732877951,0.04095359781112706
0.5,0,0.3,1.1332313780131367,1.0955807045456294,1.1194998906669402,0.03765067346750728
0.5,0,0.31,1.1408556161162817,1.1067655342680816,1.1273515086551633,0.03409008184820017
0.5,0,0.32,1.148499664201999,1.1181702458653353,1.1350702862038595,0.030329418336663583
0.5,0,0.33,1.1561542109115384,1.1297340382946688,1.1426548902717237,0.026420172616869575
0.5,0,0.34,1.163810319911817,1.141402507486613,1.150107315882045,0.022407812425204066
0.5,0,0.35000000000000003,1.1714595060686908,1.1531274510196696,1.1574320228314852,0.018332055049021134
0.5,0,0.36,1.1790937925168876,1.164866539747909,1.164635192684468,0.014227252768978627
0.5,0,0.37,1.186705748499961,1.1765829097074665,1.1717241045408275,0.010122838792494537
0.5,0,0.38,1.1942885095532074,1.1882447132823164,1.178706623860179,0.006043796270891022
0.5,0,0.39,1.201835782538566,1.1998246573323836,1.1855907954986977,0.002011125206182296
0.5,0,0.4,1.2093418384097738,1.2112995473337107,1.1923845300707312,-0.001957708923936874
0.5,0,0.41000000000000003,1.2168014955705737,1.2226498500785068,1.1990953716907498,-0.0058483545079330845
0.5,0,0.42,1.2242100964394669,1.233859282692745,1.2057303349156907,-0.009649186253278152
0.5,0,0.43,1.2315634794659842,1.244914432269935,1.2122957991015593,-0.013350952803950822
0.5,0,0.44,1.2388579484358282,1.2558044079766164,1.2187974492215718,-0.016946459540788217
0.5,0,0.45,1.24609024050668,1.266520525805011,1.2252402532979958,-0.020430285298330908
0.5,0,0.46,1.253257494061824,1.2770560250326204,1.2316284678387084,-0.023798530970796428
0.5,0,0.47000000000000003,1.2603572171679964,1.2874058147443352,1.2379656639376933,-0.027048597576338818
0.5,0,0.48,1.2673872571796176,1.2975662483635038,1.2442547679222624,-0.030178991183886117
0.5,0,0.49,1.2743457718402165,1.307534923937204,1.2504981115607612,-0.033189152096987584
0.5,0,0.5,1.2812312020867278,1.3173105078629144,1.2566974878558215,-0.036079305776186565
0.5,0,0.51,1.2880422466555497,1.3268925797815179,1.2628542093282498,-0.038850333125968195
0.5,0,0.52,1.2947778385131434,1.3362814964606775,1.2689691664448655,-0.04150365794753408
0.5,0,0.53,1.3014371230815418,1.3454782726285544,1.2750428844666775,-0.04404114954701255
0.5,0,0.54,1.3080194381945955,1.3544844768733117,1.2810755775027243,-0.04646503867871621
0.5,0,0.55,1.3145242956993488,1.3633021408868977,1.287067198962846,-0.04877784518754891
0.5,0,0.56,1.3209513646048845,1.3719336804941777,1.2930174879234366,-0.05098231588929325
0.5,0,0.5700000000000001,1.3273004556755146,1.3803818270654378,1.2989260111673127,-0.05308137138992319
0.5,0,0.58,1.3335715073641832,1.388649568058315,1.3047922008447461,-0.0550780606941319
0.5,0,0.59,1.3397645729839174,1.3967400955726004,1.3106153878386997,-0.05697552258868299
0.5,0,0.6,1.345879809018995,1.4046567619272863,1.3163948310131683,-0.058776952908291324
0.5,0,0.61,1.3519174644824559,1.4124030413835462,1.3221297425876881,-0.060485576901090354
0.5,0,0.62,1.3578778712321569,1.4199824972403392,1.3278193099205668,-0.06210462600818234
0.5,0,0.63,1.3637614351633822,1.4273987536215906,1.3334627140040438,-0.06363731845820841
0.5,0,0.64,1.3695686282018875,1.4346554713561712,1.3390591449811666,-0.0650868431542837
0.5,0,0.65,1.3752999810269801,1.4417563274249194,1.3446078149904666,-0.06645634639793929
0.5,0,0.66,1.380956076459766,1.4487049975136355,1.3501079686335884,-0.06774892105386954
0.5,0,0.67,1.386537543456949,1.4555051412680653,1.35555889134521,-0.06896759781111639
0.5,0,0.68,1.392045051655535,1.4621603898972166,1.3609599159257377,-0.0701153382416817
0.5,0,0.6900000000000001,1.397479306418437,1.4686743358156105,1.3663104274767366,-0.07119502939717348
0.5,0,0.7000000000000001,1.4028410443353252,1.475050524053953,1.371609866957912,-0.0722094797186279
0.5,0,0.71,1.408131029137088,1.481292445201842,1.3768577335634165,-0.07316141606475379
0.5,0,0.72,1.4133500479860064,1.4874035296760253,1.3820535860948837,-0.07405348169001891
0.5,0,0.73,1.4184989081071706,1.4933871431339436,1.3871970434891971,-0.074888235026773
0.5,0,0.74,1.4235784337298476,1.4992465828752195,1.3922877846408706,-0.0756681491453719
0.5,0,0.75,1.4285894633103884,1.5049850750938458,1.3973255476421111,-0.07639561178345744
0.5,0,0.76,1.4335328470109359,1.510605772861378,1.4023101285482713,-0.07707292585044212
0.5,0,0.77,1.4384094444105981,1.5161117547368015,1.4072413797624244,-0.07770231032620334
0.5,0,0.78,1.443220122427969,1.521506023912167,1.4121192081202123,-0.0782859014841979
0.5,0,0.79,1.4479657534358776,1.5267915078148317,1.4169435727448345,-0.07882575437895412
0.5,0,0.8,1.4526472135510664,1.531971058097401,1.4217144827320027,-0.07932384454633468
0.5,0,0.81,1.4572653810831433,1.5370474509554284,1.4264319947157842,-0.07978206987228509
0.5,0,0.8200000000000001,1.4618211351286474,1.5420233877207772,1.4310962103584075,-0.08020225259212976
0.5,0,0.8300000000000001,1.466315354297409,1.546901495685383,1.4357072738002123,-0.08058614138797404
0.5,0,0.84,1.4707489155595992,1.5516843291161466,1.4402653690998917,-0.08093541355654743
0.5,0,0.85,1.475122693202961,1.5563743704269069,1.4447707176899418,-0.08125167722394577
0.5,0,0.86,1.4794375578907004,1.5609740314780103,1.4492235758676648,-0.08153647358730987
0.5,0,0.87,1.4836943758113983,1.5654856549779912,1.4536242323381552,-0.0817912791665929
0.5,0,0.88,1.4878940079131096,1.5699115159653343,1.4579730058223053,-0.08201750805222474
0.5,0,0.89,1.4920373092145318,1.5742538233513663,1.4622702427399776,-0.0822165141368345
0.5,0,0.9,1.49612512818677,1.5785147215079438,1.4665163149760132,-0.08238959332117379
0.5,0,0.91,1.5001583061998134,1.582696291885945,1.470711617734654,-0.08253798568613169
0.5,0,0.92,1.5041376770283557,1.5868005546525823,1.474856567486182,-0.08266287762422664
0.5,0,0.93,1.5080640664120715,1.590829470337317,1.4789516000080956,-0.08276540392524545
0.5,0,0.9400000000000001,1.5119382916658766,1.5947849414776956,1.4829971685219,-0.082846649811819
0.5,0,0.9500000000000001,1.5157611613360968,1.5986688142577652,1.4869937419255685,-0.08290765292166835
0.5,0,0.96,1.5195334748988012,1.6024828801328797,1.4909418031208839,-0.08294940523407845
0.5,0,0.97,1.5232560224968836,1.6062288774357443,1.4948418474341938,-0.08297285493886064
0.5,0,0.98,1.5269295847127498,1.6099084929593999,1.4986943811285638,-0.08297890824665011
0.5,0,0.99,1.530554932373727,1.6135233635136377,1.5024999200048792,-0.08296843113991059
0.5,0,1.0,1.5341328263875502,1.6170750774519735,1.5062589880891242,-0.08294225106442332
0.5,0,1.01,1.5376640176054774,1.6205651761669086,1.5099721164028113,-0.08290115856143121
0.5,0,1.02,1.541149246710802,1.6239951555516807,1.5136398418133625,-0.08284590884087883
0.5,0,1.03,1.544589244130677,1.627366467427148,1.5172627059611248,-0.08277722329647097
0.5,0,1.04,1.5479847299693503,1.63068052093282,1.5208412542596355,-0.08269579096346957
0.5,0,1.05,1.5513364139610433,1.6339386838813459,1.524376034965732,-0.08260226992030262
0.5,0,1.06,1.5546449954408377,1.6371422840760745,1.527867598316096,-0.08249728863523687
0.5,0,1.07,1.5579111633320715,1.6402926105915006,1.531316495726875,-0.08238144725942909
0.5,0,1.08,1.5611355961488373,1.6433909150166248,1.5347232790530654,-0.08225531886778747
0.5,0,1.09,1.5643189620122981,1.646438412661424,1.538088499904427,-0.08211945064912585
0.5,0,1.1,1.5674619186796206,1.6494362837267547,1.5414127090147876,-0.08197436504713407
0.5,0,1.11,1.5705651135844123,1.6523856744381415,1.5446964556616891,-0.08182056085372924
0.5,0,1.12,1.5736291838876428,1.6552876981439995,1.5479402871334436,-0.08165851425635662
0.5,0,1.1300000000000001,1.5766547565380828,1.6581434363789063,1.5511447482407745,-0.08148867984082342
0.5,0,1.1400000000000001,1.579642448341387,1.6609539398926243,1.5543103808703365,-0.0813114915512374
0.5,0,1.1500000000000001,1.5825928660369908,1.6637202296456022,1.5574377235775256,-0.08112736360861139
0.5,0,1.16,1.585506606382067,1.6664432977717518,1.5605273112161144,-0.08093669138968473
0.5,0,1.17,1.5883842562418287,1.669124108509295,1.5635796746023554,-0.08073985226746627
0.5,0,1.18,1.5912263926855252,1.6717635991005277,1.5665953402113222,-0.0805372064150025
0.5,0,1.19,1.5940335830875272,1.6743626806613454,1.569574829903371,-0.08032909757381823
0.5,0,1.2,1.5968063852329295,1.6769222390213794,1.572518660678708,-0.08011585378844988
0.5,0,1.21,1.5995453474271537,1.6794431355356187,1.5754273444581717,-0.07989778810846504
0.5,0,1.22,1.602251008609065,1.6819262078683632,1.578301387888429,-0.07967519925929811
0.5,0,1.23,1.6049238984671546,1.6843722707503646,1.5811412921698969,-0.07944837228321
0.5,0,1.24,1.607564537558368,1.686782116710007,1.5839475529057903,-0.07921757915163896
0.5,0,1.25,1.6101734374292018,1.6891565167793514,1.586720659970798,-0.07898307935014959
0.5,0,1.26,1.6127511007387059,1.6914962211758748,1.5894610973979677,-0.07874512043716897
0.5,0,1.27,1.615298021383066,1.6938019599606982,1.592169343282477,-0.07850393857763205
0.5,0,1.28,1.61781468462146,1.6960744436741049,1.594845869701039,-0.07825975905264482
0.5,0,1.29,1.620301567202913,1.6983143639491107,1.5974911426457752,-0.07801279674619765
0.5,0,1.3,1.6227591374938821,1.7005223941038485,1.6001056219714536,-0.07776325660996641
0.5,0,1.31,1.6251878556063466,1.702699189713488,1.602689761355071,-0.0775113341071414
0.5,0,1.32,1.6275881735261708,1.7048453891624162,1.6052440082668076,-0.07725721563624544
0.5,0,1.33,1.6299605352415472,1.7069616141773682,1.6077688039514617,-0.07700107893582109
0.5,0,1.34,1.632305376871332,1.7090484703421769,1.6102645834195148,-0.07674309347084485
0.5,0,1.35,1.6346231267931044,1.7111065475948037,1.6127317754470447,-0.07648342080169934
0.5,0,1.36,1.6369142057707906,1.713136420707273,1.61517080258375,-0.0762222149364824
0.5,0,1.37,1.6391790270817204,1.7151386497491306,1.6175820811683963,-0.07595962266741019
0.5,0,1.3800000000000001,1.6414179966429758,1.7171137805350156,1.6199660213510514,-0.07569578389203979
0.5,0,1.3900000000000001,1.6436315131369248,1.7190623450569165,1.6223230271215026,-0.07543083191999167
0.5,0,1.4000000000000001,1.645819968135825,1.7209848619016705,1.6246534963433084,-0.07516489376584556
0.5,0,1.41,1.6479837462254099,1.722881836654234,1.6269578207929614,-0.07489809042882412
0.5,0,1.42,1.6501232251273628,1.7247537622872455,1.6292363862036827,-0.07463053715988277
0.5,0,1.43,1.6522387758206039,1.7266011195373756,1.6314895723133978,-0.07436234371677175
0.5,0,1.44,1.6543307626613242,1.728424377268948,1.6337177529164761,-0.07409361460762387
0.5,0,1.45,1.6563995435016963,1.7302239928252887,1.6359212959188514,-0.07382444932359244
0.5,0,1.46,1.658445469807213,1.7320004123682544,1.6381005633961558,-0.07355494256104134
0.5,0,1.47,1.6604688867726047,1.7337540712063704,1.6402559116545403,-0.07328518443376564
0.5,0,1.48,1.6624701334362872,1.7354853941119859,1.6423876912938677,-0.07301526067569863
0.5,0,1.49,1.6644495427933137,1.7371947956278566,1.644496247272995,-0.07274525283454292
0.5,0,1.5,1.6664074419067858,1.7388826803635276,1.646581918976873,-0.07247523845674175
0.5,1,0.0,1.0,1.0,1.0,0.0
0.5,1,0.01,0.9832582533213072,1.0,1.0,-0.01674174667869277
0.5,1,0.02,0.979828921617035,1.0,1.0,-0.020171078382964946
0.5,1,0.03,0.9841075717686076,1.0,1.0,-0.015892428231392364
0.5,1,0.04,0.9900820892740552,1.0,1.0,-0.009917910725944834
0.5,1,0.05,0.9967099246748289,1.0,1.0000000000007687,-0.0032900753251711157
0.5,1,0.06,1.0036663412790885,1.0,1.00000000190133,0.003666341279088492
0.5,1,0.07,1.0107758467165824,1.000000000000914,1.0000002200247073,0.010775846715668447
0.5,1,0.08,1.0179024724220975,1.000000000410453,1.0000049483673128,0.01790247201164452
0.5,1,0.09,1.0248870876589078,1.0000000276730177,1.000042761601475,0.024887059985890136
0.5,1,0.1,1.0315864403696435,1.0000005733031436,1.0002034760087224,0.031585867066499906
0.5,1,0.11,1.037920995219749,1.0000054816826527,1.0006542209415223,0.037915513537096324
0.5,1,0.12,1.0438850638784898,1.0000309085937644,1.0016081146550637,0.04385415528472536
0.5,1,0.13,1.0495300475758635,1.0001199864408976,1.0032676366853313,0.04941006113496593
0.5,1,0.14,1.054938867900491,1.000355039380747,1.0057786398321804,0.05458382851974397
0.5,1,0.15,1.0602025976879605,1.0008581206663933,1.0092110627278181,0.0593444770215672
0.5,1,0.16,1.0654040970984164,1.001778050598217,1.0135626931064172,0.06362604650019943
0.5,1,0.17,1.0706094457551587,1.0032696820126938,1.0187753441086933,0.06733976374246486
0.5,1,0.18,1.075865687788221,1.005473203572488,1.0247542935744087,0.07039248421573285
0.5,1,0.19,1.081202576252165,1.0084989118692023,1.0313857076462276,0.07270366438296283
0.5,1,0.2,1.0866361701175298,1.0124193306515523,1.0385499927353994,0.07421683946597746
0.5,1,0.21,1.0921727658978544,1.0172679439961758,1.046130920914539,0.07490482190167858
0.5,1,0.22,1.097812325513023,1.0230426200877618,1.0540212219409026,0.07476970542526118
0.5,1,0.23,1.1035510838477482,1.0297116662879535,1.0621255571236747,0.07383941755979473
0.5,1,0.24,1.1093833361276564,1.0372208503797724,1.070361710793659,0.07216248574788398
0.5,1,0.25,1.1153025528807705,1.0455002638963586,1.0786606487736419,0.06980228898441188
0.5,1,0.26,1.1213020087925616,1.0544703900274772,1.0869658998847687,0.06683161876508437
0.5,1,0.27,1.127375093732883,1.064047099481443,1.095232558385836,0.06332799425143998
0.5,1,0.28,1.133515435113274,1.074145531111407,1.1034260926681392,0.059369904001866924
0.5,1,0.29,1.1397169201813655,1.0846829459575784,1.1115210732877951,0.055033974223787085
0.5,1,0.3,1.1459736734658668,1.0955807045456294,1.1194998906669402,0.05039296892023737
0.5,1,0.31,1.1522800205125239,1.1067655342680816,1.1273515086551633,0.04551448624444232
0.5,1,0.32,1.1586304533707255,1.1181702458653353,1.1350702862038595,0.040460207505390144
0.5,1,0.33,1.165019603998335,1.1297340382946688,1.1426548902717237,0.035285565703666144
0.5,1,0.34,1.171442226804374,1.141402507486613,1.150107315882045,0.03003971931776106
0.5,1,0.35000000000000003,1.1778931892854958,1.1531274510196696,1.1574320228314852,0.024765738265826176
0.5,1,0.36,1.184367468951778,1.164866539747909,1.164635192684468,0.019500929203869033
0.5,1,0.37,1.190860154721313,1.1765829097074665,1.1717241045408275,0.014277245013846418
0.5,1,0.38,1.1973664512482014,1.1882447132823164,1.178706623860179,0.009121737965885002
0.5,1,0.39,1.2038816850029996,1.1998246573323836,1.1855907954986977,0.004057027670615998
0.5,1,0.4,1.2104013112448033,1.2112995473337107,1.1923845300707312,-0.0008982360889073782
0.5,1,0.41000000000000003,1.2169209212764671,1.2226498500785068,1.1990953716907498,-0.005728928802039679
0.5,1,0.42,1.2234362495592122,1.233859282692745,1.2057303349156907,-0.010423033133532877
0.5,1,0.43,1.2299431803930014,1.244914432269935,1.2122957991015593,-0.0149712518769336
0.5,1,0.44,1.2364377539598295,1.2558044079766164,1.2187974492215718,-0.019366654016786944
0.5,1,0.45,1.2429161715913981,1.266520525805011,1.2252402532979958,-0.023604354213612844
0.5,1,0.46,1.2493748001699625,1.2770560250326204,1.2316284678387084,-0.027681224862657894
0.5,1,0.47000000000000003,1.255810175607647,1.2874058147443352,1.2379656639376933,-0.03159563913668828
0.5,1,0.48,1.2622190053789044,1.2975662483635038,1.2442547679222624,-0.03534724298459935
0.5,1,0.49,1.2685981701051063,1.307534923937204,1.2504981115607612,-0.038936753832097715
0.5,1,0.5,1.2749447242104925,1.3173105078629144,1.2566974878558215,-0.04236578365242183
0.5,1,0.51,1.2812558956854208,1.3268925797815179,1.2628542093282498,-0.04563668409609711
0.5,1,0.52,1.287529085006279,1.3362814964606775,1.2689691664448655,-0.04875241145439846
0.5,1,0.53,1.2937618632717722,1.3454782726285544,1.2750428844666775,-0.05171640935678212
0.5,1,0.54,1.29995196962278,1.3544844768733117,1.2810755775027243,-0.054532507250531825
0.5,1,0.55,1.306097308017864,1.3633021408868977,1.287067198962846,-0.05720483286903377
0.5,1,0.56,1.3121959434390649,1.3719336804941777,1.2930174879234366,-0.05973773705511287
0.5,1,0.5700000000000001,1.3182460976032202,1.3803818270654378,1.2989260111673127,-0.06213572946221757
0.5,1,0.58,1.3242461442529425,1.388649568058315,1.3047922008447461,-0.06440342380537256
0.5,1,0.59,1.3301946040989838,1.3967400955726004,1.3106153878386997,-0.06654549147361655
0.5,1,0.6,1.3360901394822582,1.4046567619272863,1.3163948310131683,-0.06856662244502809
0.5,1,0.61,1.3419315488195718,1.4124030413835462,1.3221297425876881,-0.07047149256397445
0.5,1,0.62,1.3477177608923732,1.4199824972403392,1.3278193099205668,-0.07226473634796604
0.5,1,0.63,1.3534478290327787,1.4273987536215906,1.3334627140040438,-0.07395092458881192
0.5,1,0.64,1.3591209252559278,1.4346554713561712,1.3390591449811666,-0.07553454610024346
0.5,1,0.65,1.3647363343825112,1.4417563274249194,1.3446078149904666,-0.07701999304240825
0.5,1,0.66,1.3702934481902251,1.4487049975136355,1.3501079686335884,-0.07841154932341032
0.5,1,0.67,1.3757917596279698,1.4555051412680653,1.35555889134521,-0.07971338164009545
0.5,1,0.68,1.381230857121975,1.4621603898972166,1.3609599159257377,-0.08092953277524173
0.5,1,0.6900000000000001,1.3866104189986392,1.4686743358156105,1.3663104274767366,-0.08206391681697123
0.5,1,0.7000000000000001,1.3919302080448386,1.475050524053953,1.371609866957912,-0.08312031600911451
0.5,1,0.71,1.3971900662227277,1.481292445201842,1.3768577335634165,-0.08410237897911421
0.5,1,0.72,1.4023899095526964,1.4874035296760253,1.3820535860948837,-0.08501362012332891
0.5,1,0.73,1.40752972317508,1.4933871431339436,1.3871970434891971,-0.08585741995886353
0.5,1,0.74,1.4126095565985153,1.4992465828752195,1.3922877846408706,-0.08663702627670422
0.5,1,0.75,1.4176295191404171,1.5049850750938458,1.3973255476421111,-0.0873555559534287
0.5,1,0.76,1.4225897755629267,1.510605772861378,1.4023101285482713,-0.08801599729845133
0.5,1,0.77,1.4274905419058428,1.5161117547368015,1.4072413797624244,-0.0886212128309587
0.5,1,0.78,1.432332081516444,1.521506023912167,1.4121192081202123,-0.08917394239572296
0.5,1,0.79,1.4371147012747474,1.5267915078148317,1.4169435727448345,-0.08967680654008436
0.5,1,0.8,1.4418387480115948,1.531971058097401,1.4217144827320027,-0.09013231008580624
0.5,1,0.81,1.4465046051159893,1.5370474509554284,1.4264319947157842,-0.09054284583943906
0.5,1,0.8200000000000001,1.4511126893273119,1.5420233877207772,1.4310962103584075,-0.09091069839346533
0.5,1,0.8300000000000001,1.4556634477074035,1.546901495685383,1.4357072738002123,-0.09123804797797952
0.5,1,0.84,1.4601573547869857,1.5516843291161466,1.4402653690998917,-0.0915269743291609
0.5,1,0.85,1.464594909880506,1.5563743704269069,1.4447707176899418,-0.09177946054640085
0.5,1,0.86,1.4689766345632045,1.5609740314780103,1.4492235758676648,-0.0919973969148058
0.5,1,0.87,1.4733030703040013,1.5654856549779912,1.4536242323381552,-0.09218258467398988
0.5,1,0.88,1.4775747762476845,1.5699115159653343,1.4579730058223053,-0.09233673971764977
0.5,1,0.89,1.481792327139826,1.5742538233513663,1.4622702427399776,-0.09246149621154043
0.5,1,0.9,1.4859563113878542,1.5785147215079438,1.4665163149760132,-0.09255841012008958
0.5,1,0.91,1.4900673292517692,1.582696291885945,1.470711617734654,-0.09262896263417586
0.5,1,0.92,1.4941259911580684,1.5868005546525823,1.474856567486182,-0.09267456349451386
0.5,1,0.93,1.4981329161305834,1.590829470337317,1.4789516000080956,-0.0926965542067335
0.5,1,0.9400000000000001,1.5020887303320762,1.5947849414776956,1.4829971685219,-0.09269621114561932
0.5,1,0.9500000000000001,1.5059940657106101,1.5986688142577652,1.4869937419255685,-0.09267474854715507
0.5,1,0.96,1.509849558744906,1.6024828801328797,1.4909418031208839,-0.09263332138797375
0.5,1,0.97,1.513655849283094,1.6062288774357443,1.4948418474341938,-0.09257302815265023
0.5,1,0.98,1.5174135794694723,1.6099084929593999,1.4986943811285638,-0.09249491348992755
0.5,1,0.99,1.5211233927541106,1.6135233635136377,1.5024999200048792,-0.0923999707595271
0.5,1,1.0,1.524785932980347,1.6170750774519735,1.5062589880891242,-0.0922891444716265
0.5,1,1.01,1.5284018435454518,1.6205651761669086,1.5099721164028113,-0.09216333262145682
0.5,1,1.02,1.5319717666299426,1.6239951555516807,1.5136398418133625,-0.09202338892173811
0.5,1,1.03,1.5354963424912587,1.627366467427148,1.5172627059611248,-0.09187012493588931
0.5,1,1.04,1.538976208817715,1.63068052093282,1.5208412542596355,-0.09170431211510488
0.5,1,1.05,1.5424120001388568,1.6339386838813459,1.524376034965732,-0.09152668374248907
0.5,1,1.06,1.5458043472885477,1.6371422840760745,1.527867598316096,-0.09133793678752689
0.5,1,1.07,1.5491538769173152,1.6402926105915006,1.531316495726875,-0.09113873367418535
0.5,1,1.08,1.5524612110506701,1.6433909150166248,1.5347232790530654,-0.09092970396595468
0.5,1,1.09,1.555726966690294,1.646438412661424,1.538088499904427,-0.09071144597113001
0.5,1,1.1,1.5589517554551775,1.6494362837267547,1.5414127090147876,-0.09048452827157716
0.5,1,1.11,1.562136183259943,1.6523856744381415,1.5446964556616891,-0.09024949117819858
0.5,1,1.12,1.5652808500277668,1.6552876981439995,1.5479402871334436,-0.09000684811623261
0.5,1,1.1300000000000001,1.568386349435449,1.6581434363789063,1.5511447482407745,-0.08975708694345719
0.5,1,1.1400000000000001,1.5714532686883471,1.6609539398926243,1.5543103808703365,-0.08950067120427718
0.5,1,1.1500000000000001,1.57448218832301,1.6637202296456022,1.5574377235775256,-0.08923804132259217
0.5,1,1.16,1.577473682035498,1.6664432977717518,1.5605273112161144,-0.08896961573625384
0.5,1,1.17,1.580428316533486,1.669124108509295,1.5635796746023554,-0.0886957919758089
0.5,1,1.18,1.5833466514103791,1.6717635991005277,1.5665953402113222,-0.08841694769014863
0.5,1,1.19,1.586229239039773,1.6743626806613454,1.569574829903371,-0.08813344162157244
0.5,1,1.2,1.5890766244887018,1.6769222390213794,1.572518660678708,-0.08784561453267759
0.5,1,1.21,1.5918893454482208,1.6794431355356187,1.5754273444581717,-0.08755379008739794
0.5,1,1.22,1.5946679321799557,1.6819262078683632,1.578301387888429,-0.0872582756884075
0.5,1,1.23,1.5974129074773518,1.6843722707503646,1.5811412921698969,-0.08695936327301279
0.5,1,1.24,1.6001247866404338,1.686782116710007,1.5839475529057903,-0.08665733006957321
0.5,1,1.25,1.6028040774629644,1.6891565167793514,1.586720659970798,-0.08635243931638703
0.5,1,1.26,1.6054512802309735,1.6914962211758748,1.5894610973979677,-0.08604494094490134
0.5,1,1.27,1.6080668877316873,1.6938019599606982,1.592169343282477,-0.08573507222901089
0.5,1,1.28,1.6106513852719646,1.6960744436741049,1.594845869701039,-0.08542305840214026
0.5,1,1.29,1.6132052507054002,1.6983143639491107,1.5974911426457752,-0.08510911324371051
0.5,1,1.3,1.6157289544673201,1.7005223941038485,1.6001056219714536,-0.08479343963652841
0.5,1,1.31,1.618222959616939,1.702699189713488,1.602689761355071,-0.08447623009654892
0.5,1,1.32,1.6206877218860154,1.7048453891624162,1.6052440082668076,-0.08415766727640084
0.5,1,1.33,1.6231236897333654,1.7069616141773682,1.6077688039514617,-0.08383792444400284
0.5,1,1.34,1.6255313044046709,1.7090484703421769,1.6102645834195148,-0.08351716593750602
0.5,1,1.35,1.627910999997026,1.7111065475948037,1.6127317754470447,-0.0831955475977777
0.5,1,1.36,1.630263203527734,1.713136420707273,1.61517080258375,-0.082873217179539
0.5,1,1.37,1.632588335006883,1.7151386497491306,1.6175820811683963,-0.0825503147422475
0.5,1,1.3800000000000001,1.6348868075132776,1.7171137805350156,1.6199660213510514,-0.08222697302173798
0.5,1,1.3900000000000001,1.6371590272733192,1.7190623450569165,1.6223230271215026,-0.08190331778359727
0.5,1,1.4000000000000001,1.639405393742477,1.7209848619016705,1.6246534963433084,-0.08157946815919348
0.5,1,1.41,1.641626299689004,1.722881836654234,1.6269578207929614,-0.08125553696522991
0.5,1,1.42,1.6438221312795824,1.7247537622872455,1.6292363862036827,-0.0809316310076631
0.5,1,1.43,1.6459932681666123,1.7266011195373756,1.6314895723133978,-0.08060785137076332
0.5,1,1.44,1.6481400835768738,1.728424377268948,1.6337177529164761,-0.08028429369207424
0.5,1,1.45,1.650262944401316,1.7302239928252887,1.6359212959188514,-0.07996104842397278
0.5,1,1.46,1.6523622112857457,1.7320004123682544,1.6381005633961558,-0.07963820108250874
0.5,1,1.47,1.6544382387222083,1.7337540712063704,1.6402559116545403,-0.07931583248416207
0.5,1,1.48,1.6564913751408685,1.7354853941119859,1.6423876912938677,-0.07899401897111735
0.5,1,1.49,1.6585219630022145,1.7371947956278566,1.644496247272995,-0.07867283262564206
0.5,1,1.5,1.6605303388894255,1.7388826803635276,1.646581918976873,-0.07835234147410208
0.5,2,0.0,0.75,1.0,1.0,-0.25
0.5,2,0.01,0.7712852681388436,1.0,1.0,-0.22871473186115643
0.5,2,0.02,0.7803158516333052,1.0,1.0,-0.2196841483666948
0.5,2,0.03,0.7829945472099213,1.0,1.0,-0.21700545279007866
0.5,2,0.04,0.7847732851858691,1.0,1.0,-0.21522671481413091
0.5,2,0.05,0.7886879920047185,1.0,1.0000000000007687,-0.2113120079952815
0.5,2,0.06,0.7949330198290199,1.0,1.00000000190133,-0.20506698017098013
0.5,2,0.07,0.802804351829407,1.000000000000914,1.0000002200247073,-0.19719564817150692
0.5,2,0.08,0.8117187030655427,1.000000000410453,1.0000049483673128,-0.18828129734491028
0.5,2,0.09,0.8212779225659753,1.0000000276730177,1.000042761601475,-0.17872210510704234
0.5,2,0.1,0.8311952113063411,1.0000005733031436,1.0002034760087224,-0.16880536199680252
0.5,2,0.11,0.841267615345263,1.0000054816826527,1.0006542209415223,-0.15873786633738973
0.5,2,0.12,0.8513668854811809,1.0000309085937644,1.0016081146550637,-0.14866402311258353
0.5,2,0.13,0.8614264718907724,1.0001199864408976,1.0032676366853313,-0.13869351455012524
0.5,2,0.14,0.8714236155985141,1.000355039380747,1.0057786398321804,-0.12893142378223288
0.5,2,0.15,0.8813616096522886,1.0008581206663933,1.0092110627278181,-0.11949651101410474
0.5,2,0.16,0.8912558424210189,1.001778050598217,1.0135626931064172,-0.11052220817719816
0.5,2,0.17,0.9011246575603684,1.0032696820126938,1.0187753441086933,-0.10214502445232543
0.5,2,0.18,0.910984435324323,1.005473203572488,1.0247542935744087,-0.09448876824816499
0.5,2,0.19,0.9208476753183321,1.0084989118692023,1.0313857076462276,-0.08765123655087015
0.5,2,0.2,0.9307228536391834,1.0124193306515523,1.0385499927353994,-0.08169647701236893
0.5,2,0.21,0.9406151001037032,1.0172679439961758,1.046130920914539,-0.07665284389247262
0.5,2,0.22,0.9505270800649643,1.0230426200877618,1.0540212219409026,-0.07251554002279748
0.5,2,0.23,0.9604597584046277,1.0297116662879535,1.0621255571236747,-0.0692519078833258
0.5,2,0.24,0.9704129294646353,1.0372208503797724,1.070361710793659,-0.0668079209151371
0.5,2,0.25,0.9803855167254739,1.0455002638963586,1.0786606487736419,-0.06511474717088472
0.5,2,0.26,0.9903757000099357,1.0544703900274772,1.0869658998847687,-0.06409469001754153
0.5,2,0.27,1.0003809399952213,1.064047099481443,1.095232558385836,-0.06366615948622179
0.5,2,0.28,1.0103979600632662,1.074145531111407,1.1034260926681392,-0.06374757104814077
0.5,2,0.29,1.0204227277900455,1.0846829459575784,1.1115210732877951,-0.06426021816753291
0.5,2,0.3,1.0304504605201292,1.0955807045456294,1.1194998906669402,-0.06513024402550016
0.5,2,0.31,1.0404756650585103,1.1067655342680816,1.1273515086551633,-0.06628986920957125
0.5,2,0.32,1.0504922115023398,1.1181702458653353,1.1350702862038595,-0.06767803436299547
0.5,2,0.33,1.060493435270463,1.1297340382946688,1.1426548902717237,-0.06924060302420587
0.5,2,0.34,1.0704722585906064,1.141402507486613,1.150107315882045,-0.07093024889600663
0.5,2,0.35000000000000003,1.0804213221163153,1.1531274510196696,1.1574320228314852,-0.07270612890335437
0.5,2,0.36,1.0903331181339064,1.164866539747909,1.164635192684468,-0.07453342161400256
0.5,2,0.37,1.100200118337767,1.1765829097074665,1.1717241045408275,-0.0763827913696995
0.5,2,0.38,1.1100148909423668,1.1882447132823164,1.178706623860179,-0.07822982233994957
0.5,2,0.39,1.11977020366371,1.1998246573323836,1.1855907954986977,-0.08005445366867359
0.5,2,0.4,1.1294591106685217,1.2112995473337107,1.1923845300707312,-0.08184043666518903
0.5,2,0.41000000000000003,1.1390750228734068,1.2226498500785068,1.1990953716907498,-0.08357482720510001
0.5,2,0.42,1.1486117619568126,1.233859282692745,1.2057303349156907,-0.08524752073593245
0.5,2,0.43,1.1580635991401185,1.244914432269935,1.2122957991015593,-0.08685083312981656
0.5,2,0.44,1.1674252802377316,1.2558044079766164,1.2187974492215718,-0.08837912773888479
0.5,2,0.45,1.176692038715569,1.266520525805011,1.2252402532979958,-0.08982848708944191
0.5,2,0.46,1.1858595985796176,1.2770560250326204,1.2316284678387084,-0.09119642645300274
0.5,2,0.47000000000000003,1.1949241688844452,1.2874058147443352,1.2379656639376933,-0.09248164585989005
0.5,2,0.48,1.2038824315424397,1.2975662483635038,1.2442547679222624,-0.09368381682106408
0.5,2,0.49,1.2127315239580985,1.307534923937204,1.2504981115607612,-0.09480339997910558
0.5,2,0.5,1.221469017830879,1.3173105078629144,1.2566974878558215,-0.09584149003203546
0.5,2,0.51,1.230092895281898,1.3268925797815179,1.2628542093282498,-0.09679968449961995
0.5,2,0.52,1.2386015232758507,1.3362814964606775,1.2689691664448655,-0.0976799731848268
0.5,2,0.53,1.2469936271375537,1.3454782726285544,1.2750428844666775,-0.09848464549100067
0.5,2,0.54,1.2552682638068653,1.3544844768733117,1.2810755775027243,-0.09921621306644646
0.5,2,0.55,1.2634247953385822,1.3633021408868977,1.287067198962846,-0.09987734554831551
0.5,2,0.56,1.271462863035556,1.3719336804941777,1.2930174879234366,-0.10047081745862174
0.5,2,0.5700000000000001,1.2793823625031893,1.3803818270654378,1.2989260111673127,-0.10099946456224851
0.5,2,0.58,1.2871834198302134,1.388649568058315,1.3047922008447461,-0.10146614822810163
0.5,2,0.59,1.2948663690325874,1.3967400955726004,1.3106153878386997,-0.10187372654001292
0.5,2,0.6,1.302431730842575,1.4046567619272863,1.3163948310131683,-0.10222503108471126
0.5,2,0.61,1.3098801928817712,1.4124030413835462,1.3221297425876881,-0.10252284850177507
0.5,2,0.62,1.3172125912232207,1.4199824972403392,1.3278193099205668,-0.10276990601711855
0.5,2,0.63,1.324429893322272,1.4273987536215906,1.3334627140040438,-0.10296886029931862
0.5,2,0.64,1.33153318227694,1.4346554713561712,1.3390591449811666,-0.10312228907923116
0.5,2,0.65,1.33852364236509,1.4417563274249194,1.3446078149904666,-0.10323268505982952
0.5,2,0.66,1.3454025457966479,1.4487049975136355,1.3501079686335884,-0.1033024517169876
0.5,2,0.67,1.35217124061333,1.4555051412680653,1.35555889134521,-0.10333390065473536
0.5,2,0.68,1.3588311396653734,1.4621603898972166,1.3609599159257377,-0.10332925023184325
0.5,2,0.6900000000000001,1.3653837105937756,1.4686743358156105,1.3663104274767366,-0.10329062522183485
0.5,2,0.7000000000000001,1.3718304667471242,1.475050524053953,1.371609866957912,-0.10322005730682893
0.5,2,0.71,1.3781729589638014,1.481292445201842,1.3768577335634165,-0.10311948623804046
0.5,2,0.72,1.3844127681528735,1.4874035296760253,1.3820535860948837,-0.10299076152315179
0.5,2,0.73,1.3905514986100287,1.4933871431339436,1.3871970434891971,-0.10283564452391492
0.5,2,0.74,1.396590772008349,1.4992465828752195,1.3922877846408706,-0.10265581086687048
0.5,2,0.75,1.402532222007304,1.5049850750938458,1.3973255476421111,-0.10245285308654184
0.5,2,0.76,1.4083774894270313,1.510605772861378,1.4023101285482713,-0.10222828343434665
0.5,2,0.77,1.4141282179386367,1.5161117547368015,1.4072413797624244,-0.10198353679816474
0.5,2,0.78,1.4197860502248343,1.521506023912167,1.4121192081202123,-0.10171997368733265
0.5,2,0.79,1.4253526245687032,1.5267915078148317,1.4169435727448345,-0.1014388832461286
0.5,2,0.8,1.430829571831648,1.531971058097401,1.4217144827320027,-0.10114148626575314
0.5,2,0.81,1.4362185127847784,1.5370474509554284,1.4264319947157842,-0.10082893817064997
0.5,2,0.8200000000000001,1.4415210557608678,1.5420233877207772,1.4310962103584075,-0.10050233195990943
0.5,2,0.8300000000000001,1.4467387945968029,1.546901495685383,1.4357072738002123,-0.10016270108858016
0.5,2,0.84,1.451873306839002,1.5516843291161466,1.4402653690998917,-0.09981102227714467
0.5,2,0.85,1.4569261521866501,1.5563743704269069,1.4447707176899418,-0.09944821824025674
0.5,2,0.86,1.4618988711498049,1.5609740314780103,1.4492235758676648,-0.0990751603282054
0.5,2,0.87,1.46679298390144,1.5654856549779912,1.4536242323381552,-0.09869267107655122
0.5,2,0.88,1.4716099893043681,1.5699115159653343,1.4579730058223053,-0.09830152666096614
0.5,2,0.89,1.4763513640956836,1.5742538233513663,1.4622702427399776,-0.09790245925568275
0.5,2,0.9,1.4810185622129315,1.5785147215079438,1.4665163149760132,-0.09749615929501232
0.5,2,0.91,1.4856130142476582,1.582696291885945,1.470711617734654,-0.09708327763828684
0.5,2,0.92,1.4901361270132865,1.5868005546525823,1.474856567486182,-0.09666442763929584
0.5,2,0.93,1.4945892832154715,1.590829470337317,1.4789516000080956,-0.09624018712184546
0.5,2,0.9400000000000001,1.4989738412141789,1.5947849414776956,1.4829971685219,-0.09581110026351669
0.5,2,0.9500000000000001,1.5032911348677218,1.5986688142577652,1.4869937419255685,-0.09537767939004338
0.5,2,0.96,1.5075424734499037,1.6024828801328797,1.4909418031208839,-0.09494040668297599
0.5,2,0.97,1.511729141632236,1.6062288774357443,1.4948418474341938,-0.09449973580350823
0.5,2,0.98,1.5158523995239546,1.6099084929593999,1.4986943811285638,-0.0940560934354453
0.5,2,0.99,1.5199134827632428,1.6135233635136377,1.5024999200048792,-0.09360988075039489
0.5,2,1.0,1.5239136026536917,1.6170750774519735,1.5062589880891242,-0.09316147479828185
0.5,2,1.01,1.5278539463405951,1.6205651761669086,1.5099721164028113,-0.09271122982631352
0.5,2,1.02,1.5317356770221893,1.6239951555516807,1.5136398418133625,-0.09225947852949146
0.5,2,1.03,1.5355599341914217,1.627366467427148,1.5172627059611248,-0.0918065332357263
0.5,2,1.04,1.5393278339042529,1.63068052093282,1.5208412542596355,-0.09135268702856703
0.5,2,1.05,1.543040469070885,1.6339386838813459,1.524376034965732,-0.0908982148104609
0.5,2,1.06,1.5466989097666644,1.6371422840760745,1.527867598316096,-0.09044337430941018
0.5,2,1.07,1.550304203559721,1.6402926105915006,1.531316495726875,-0.08998840703177957
0.5,2,1.08,1.5538573758527017,1.6433909150166248,1.5347232790530654,-0.08953353916392315
0.5,2,1.09,1.5573594302362161,1.646438412661424,1.538088499904427,-0.08907898242520784
0.5,2,1.1,1.560811348851857,1.6494362837267547,1.5414127090147876,-0.08862493487489775
0.5,2,1.11,1.5642140927628638,1.6523856744381415,1.5446964556616891,-0.08817158167527772
0.5,2,1.12,1.5675686023307183,1.6552876981439995,1.5479402871334436,-0.08771909581328119
0.5,2,1.1300000000000001,1.5708757975961078,1.6581434363789063,1.5511447482407745,-0.08726763878279842
0.5,2,1.1400000000000001,1.574136578662892,1.6609539398926243,1.5543103808703365,-0.08681736122973227
0.5,2,1.1500000000000001,1.5773518260838217,1.6637202296456022,1.5574377235775256,-0.08636840356178044
0.5,2,1.16,1.5805224012469203,1.6664432977717518,1.5605273112161144,-0.08592089652483148
0.5,2,1.17,1.5836491467615432,1.669124108509295,1.5635796746023554,-0.08547496174775171
0.5,2,1.18,1.5867328868432442,1.6717635991005277,1.5665953402113222,-0.08503071225728354
0.5,2,1.19,1.589774427696687,1.6743626806613454,1.569574829903371,-0.08458825296465844
0.5,2,1.2,1.592774557895916,1.6769222390213794,1.572518660678708,-0.08414768112546334
0.5,2,1.21,1.5957340487613951,1.6794431355356187,1.5754273444581717,-0.08370908677422362
0.5,2,1.22,1.5986536547332895,1.6819262078683632,1.578301387888429,-0.08327255313507376
0.5,2,1.23,1.6015341137405368,1.6843722707503646,1.5811412921698969,-0.08283815700982777
0.5,2,1.24,1.6043761475653178,1.686782116710007,1.5839475529057903,-0.08240596914468923
0.5,2,1.25,1.6071804622025776,1.6891565167793514,1.586720659970798,-0.08197605457677382
0.5,2,1.26,1.60994774821432,1.6914962211758748,1.5894610973979677,-0.08154847296155476
0.5,2,1.27,1.6126786810784224,1.6938019599606982,1.592169343282477,-0.08112327888227577
0.5,2,1.28,1.615373921531769,1.6960744436741049,1.594845869701039,-0.0807005221423358
0.5,2,1.29,1.618034115907537,1.6983143639491107,1.5974911426457752,-0.08028024804157363
0.5,2,1.3,1.6206598964664978,1.7005223941038485,1.6001056219714536,-0.07986249763735076
0.5,2,1.31,1.623251881722228,1.702699189713488,1.602689761355071,-0.0794473079912601
0.5,2,1.32,1.625810676760152,1.7048453891624162,1.6052440082668076,-0.07903471240226434
0.5,2,1.33,1.6283368735503616,1.7069616141773682,1.6077688039514617,-0.07862474062700664
0.5,2,1.34,1.6308310512541722,1.7090484703421769,1.6102645834195148,-0.07821741908800472
0.5,2,1.35,1.6332937765244075,1.7111065475948037,1.6127317754470447,-0.07781277107039619
0.5,2,1.36,1.6357256037994103,1.713136420707273,1.61517080258375,-0.07741081690786267
0.5,2,1.37,1.6381270755907926,1.7151386497491306,1.6175820811683963,-0.07701157415833793
0.5,2,1.3800000000000001,1.6404987227649592,1.7171137805350156,1.6199660213510514,-0.0766150577700564
0.5,2,1.3900000000000001,1.6428410648184442,1.7190623450569165,1.6223230271215026,-0.0762212802384723
0.5,2,1.4000000000000001,1.645154610147109,1.7209848619016705,1.6246534963433084,-0.07583025175456148
0.5,2,1.41,1.647439856309265,1.722881836654234,1.6269578207929614,-0.07544198034496907
0.5,2,1.42,1.6496972902827896,1.7247537622872455,1.6292363862036827,-0.07505647200445598
0.5,2,1.43,1.6519273887163073,1.7266011195373756,1.6314895723133978,-0.07467373082106832
0.5,2,1.44,1.6541306181745195,1.728424377268948,1.6337177529164761,-0.07429375909442859
0.5,2,1.45,1.6563074353777676,1.7302239928252887,1.6359212959188514,-0.07391655744752113
0.5,2,1.46,1.658458287435922,1.7320004123682544,1.6381005633961558,-0.07354212493233248
0.5,2,1.47,1.660583612076686,1.7337540712063704,1.6402559116545403,-0.07317045912968445
0.5,2,1.48,1.6626838378684163,1.7354853941119859,1.6423876912938677,-0.07280155624356954
0.5,2,1.49,1.6647593844375586,1.7371947956278566,1.644496247272995,-0.07243541119029806
0.5,2,1.5,1.6668106626807935,1.7388826803635276,1.646581918976873,-0.07207201768273408
0.7,0,0.0,0.7581,1.4,1.9599999999999997,-0.6418999999999999
0.7,0,0.01,0.7603366245688103,1.4,1.9599999999999997,-0.6396633754311896
0.7,0,0.02,0.7698332259000399,1.4,1.9599999999999997,-0.63016677409996
0.7,0,0.03,0.7752907442234309,1.4,1.9599999999999997,-0.624709255776569
0.7,0,0.04,0.7788543940889354,1.4,1.9599999999999997,-0.6211456059110645
0.7,0,0.05,0.781396644057119,1.4,1.9599999999994153,-0.618603355942881
0.7,0,0.06,0.783458119081403,1.4,1.959999998554989,-0.616541880918597
0.7,0,0.07,0.7851926929562754,1.4000000000009138,1.9599998327812223,-0.6148073070446385
0.7,0,0.08,0.7865820784747886,1.4000000004104527,1.9599962392408423,-0.6134179219356641
0.7,0,0.09,0.7876345367725699,1.4000000276730176,1.9599675011828788,-0.6123654909004477
0.7,0,0.1,0.7884321548559796,1.4000005733031435,1.9598453582333701,-0.6115684184471639
0.7,0,0.11,0.7891088988416646,1.4000054816826526,1.959502792084443,-0.610896582840988
0.7,0,0.12,0.7898129232372617,1.4000309085937643,1.9587778328621512,-0.6102179853565026
0.7,0,0.13,0.790676658945365,1.4001199864408975,1.9575165961191483,-0.6094433274955325
0.7,0,0.14,0.7918016766175173,1.4003550393807467,1.9556082337275709,-0.6085533627632294
0.7,0,0.15,0.7932559264817793,1.4008581206663935,1.9529995923280878,-0.6076021941846141
0.7,0,0.16,0.7950782546186175,1.4017780505982167,1.949692353266137,-0.6066997959795992
0.7,0,0.17,0.7972858727721777,1.4032696820126933,1.9457307388292948,-0.6059838092405156
0.7,0,0.18,0.799882004084796,1.405473203572488,1.9411867399255769,-0.6055911994876919
0.7,0,0.19,0.802862244068295,1.4084989118692022,1.9361468811642313,-0.6056366678009072
0.7,0,0.2,0.8062191030442507,1.4124193306515522,1.9307020965029014,-0.6062002276073015
0.7,0,0.21,0.8099447705671363,1.4172679439961757,1.9249408521444815,-0.6073231734290394
0.7,0,0.22,0.8140324342393562,1.4230426200877615,1.9189450130021086,-0.6090101858484053
0.7,0,0.23,0.8184765778343509,1.4297116662879532,1.9127877737603423,-0.6112350884536023
0.7,0,0.24,0.8232726580325023,1.4372208503797723,1.9065330171845187,-0.61394819234727
0.7,0,0.25,0.8284164793584248,1.4455002638963583,1.9002355793296306,-0.6170837845379336
0.7,0,0.26,0.833903494247884,1.4544703900274771,1.8939420280947183,-0.6205668957795931
0.7,0,0.27,0.8397281712186516,1.4640470994814432,1.8876916741891243,-0.6243189282627916
0.7,0,0.28,0.8458835074918039,1.474145531111407,1.8815176262372435,-0.628262023619603
0.7,0,0.29,0.8523607144291805,1.484682945957578,1.8754477747454437,-0.6323222315283976
0.7,0,0.3,0.8591490726837812,1.4955807045456293,1.8695056447070812,-0.6364316318618481
0.7,0,0.31,0.8662359356182529,1.5067655342680815,1.8637110957582197,-0.6405295986498286
0.7,0,0.32,0.8736068508366667,1.518170245865335,1.8580808743399193,-0.6445633950286683
0.7,0,0.33,0.8812457675142951,1.5297340382946687,1.8526290368999252,-0.6484882707803736
0.7,0,0.34,0.8891352991222077,1.541402507486613,1.8473672695294807,-0.6522672083644052
0.7,0,0.35000000000000003,0.8972570152745885,1.5531274510196695,1.8423051301842923,-0.6558704357450811
0.7,0,0.36,0.9055917414789063,1.564866539747909,1.837450237007906,-0.6592747982690026
0.7,0,0.37,0.9141198506979485,1.5765829097074664,1.8328084219837928,-0.6624630590095179
0.7,0,0.38,0.922821535339192,1.5882447132823163,1.8283838643949886,-0.6654231779431243
0.7,0,0.39,0.9316770523190707,1.5998246573323835,1.8241792141175195,-0.6681476050133128
0.7,0,0.4,0.9406669371213889,1.6112995473337106,1.8201957110101485,-0.6706326102123217
0.7,0,0.41000000000000003,0.9497721852974939,1.6226498500785067,1.8164333037309963,-0.6728776647810129
0.7,0,0.42,0.9589744017155337,1.633859282692745,1.812890769195535,-0.6748848809772112
0.7,0,0.43,0.9682559191581529,1.644914432269935,1.8095658324879005,-0.676658513111782
0.7,0,0.44,0.977599888699514,1.655804407976616,1.8064552862098913,-0.6782045192771021
0.7,0,0.45,0.9869903447651746,1.6665205258050109,1.8035551078568022,-0.6795301810398363
0.7,0,0.46,0.9964122479818358,1.6770560250326203,1.8008605737176988,-0.6806437770507845
0.7,0,0.47000000000000003,1.0058515089337836,1.687405814744335,1.798366367903093,-0.6815543058105513
0.7,0,0.48,1.015294995820002,1.6975662483635037,1.7960666853223333,-0.6822712525435017
0.7,0,0.49,1.024730528798188,1.707534923937204,1.7939553277055922,-0.6828043951390159
0.7,0,0.5,1.0341468635453839,1.717310507862914,1.792025792049327,-0.6831636443175302
0.7,0,0.51,1.0435336662862214,1.7268925797815178,1.7902713511325372,-0.6833589134952964
0.7,0,0.52,1.0528814822575931,1.7362814964606772,1.788685125988612,-0.683400014203084
0.7,0,0.53,1.0621816993056632,1.745478272628554,1.7872601504166359,-0.6832965733228908
0.7,0,0.54,1.0714265080555703,1.7544844768733117,1.7859894277748558,-0.6830579688177414
0.7,0,0.55,1.0806088598606334,1.7633021408868976,1.7848659804193125,-0.6826932810262643
0.7,0,0.56,1.089722423528509,1.7719336804941774,1.7838828922361358,-0.6822112569656684
0.7,0,0.5700000000000001,1.0987615416370444,1.7803818270654377,1.783033344771442,-0.6816202854283933
0.7,0,0.58,1.10772118709178,1.788649568058315,1.7823106474932198,-0.680928380966535
0.7,0,0.59,1.116596920438794,1.7967400955726003,1.7817082627298821,-0.6801431751338063
0.7,0,0.6,1.1253848483289146,1.8046567619272862,1.7812198258248253,-0.6792719135983716
0.7,0,0.61,1.1340815834302818,1.8124030413835464,1.7808391610293108,-0.6783214579532646
0.7,0,0.62,1.1426842060036244,1.8199824972403391,1.7805602936305243,-0.6772982912367147
0.7,0,0.63,1.1511902272864456,1.8273987536215903,1.7803774587806576,-0.6762085263351447
0.7,0,0.64,1.159597554776616,1.8346554713561711,1.780285107458421,-0.6750579165795552
0.7,0,0.65,1.1679044594608887,1.8417563274249193,1.7802779099583272,-0.6738518679640306
0.7,0,0.66,1.1761095449979773,1.848704997513635,1.780350757266722,-0.6725954525156577
0.7,0,0.67,1.1842117188376495,1.855505141268065,1.7804987606478528,-0.6712934224304155
0.7,0,0.68,1.1922101652355335,1.8621603898972166,1.7807172497289914,-0.6699502246616831
0.7,0,0.6900000000000001,1.2001043201069215,1.8686743358156104,1.7810017693412243,-0.6685700157086889
0.7,0,0.7000000000000001,1.2078938476508592,1.875050524053953,1.7813480753423172,-0.6671566764030938
0.7,0,0.71,1.2155786186674093,1.8812924452018416,1.7817521296201835,-0.6657138265344322
0.7,0,0.72,1.2231586904855127,1.8874035296760252,1.7822100944500425,-0.6642448391905125
0.7,0,0.73,1.2306342884157424,1.8933871431339435,1.7827183263552628,-0.6627528547182011
0.7,0,0.74,1.2380057886410059,1.8992465828752194,1.7832733696011327,-0.6612407942342136
0.7,0,0.75,1.2452737024584524,1.9049850750938457,1.7838719494322237,-0.6597113726353934
0.7,0,0.76,1.252438661787194,1.910605772861378,1.7845109651475066,-0.6581671110741838
0.7,0,0.77,1.2595014058586527,1.916111754736801,1.7851874830927832,-0.6566103488781483
0.7,0,0.78,1.2664627690091765,1.9215060239121668,1.7858987296371256,-0.6550432549029903
0.7,0,0.79,1.2733236694978562,1.9267915078148317,1.7866420841887813,-0.6534678383169754
0.7,0,0.8,1.2800850992760573,1.931971058097401,1.7874150722961581,-0.6518859588213437
0.7,0,0.81,1.2867481146389474,1.9370474509554283,1.7882153588709813,-0.6502993363164808
0.7,0,0.8200000000000001,1.2933138276931688,1.942023387720777,1.7890407415633502,-0.6487095600276083
0.7,0,0.8300000000000001,1.299783398578654,1.946901495685383,1.789889144312054,-0.647118097106729
0.7,0,0.84,1.3061580283864416,1.9516843291161468,1.790758611088075,-0.6455263007297052
0.7,0,0.85,1.312438952718072,1.956374370426907,1.7916472998445792,-0.643935417708835
0.7,0,0.86,1.3186274358357768,1.9609740314780102,1.7925534766827202,-0.6423465956422334
0.7,0,0.87,1.3247247653561751,1.9654856549779909,1.7934755102393058,-0.6407608896218158
0.7,0,0.88,1.3307322474435002,1.9699115159653342,1.7944118662995454,-0.639179268521834
0.7,0,0.89,1.3366512024615638,1.974253823351366,1.7953611026358072,-0.6376026208898022
0.7,0,0.9,1.3424829610466507,1.9785147215079435,1.7963218640713778,-0.6360317604612928
0.7,0,0.91,1.3482288605663606,1.982696291885945,1.7972928777666577,-0.6344674313195844
0.7,0,0.92,1.353890241932061,1.986800554652582,1.7982729487239446,-0.6329103127205209
0.7,0,0.93,1.359468446735101,1.9908294703373168,1.7992609555059644,-0.6313610236022158
0.7,0,0.9400000000000001,1.3649648146792484,1.9947849414776955,1.8002558461624965,-0.6298201267984471
0.7,0,0.9500000000000001,1.3703806812839747,1.998668814257765,1.8012566343588428,-0.6282881329737904
0.7,0,0.96,1.3757173758352246,2.002482880132879,1.8022623956994508,-0.6267655042976545
0.7,0,0.97,1.3809762195621635,2.006228877435744,1.8032722642396708,-0.6252526578735806
0.7,0,0.98,1.3861585240201375,2.0099084929593998,1.8042854291784476,-0.6237499689392623
0.7,0,0.99,1.3912655896616752,2.013523363513638,1.8053011317246144,-0.6222577738519628
0.7,0,1.0,1.39629870457884,2.017075077451973,1.8063186621294536,-0.620776372873133
0.7,0,1.01,1.4012591434016208,2.0205651761669086,1.8073373568782027,-0.6193060327652877
0.7,0,1.02,1.406148166338297,2.0239951555516806,1.8083565960332812,-0.6178469892133835
0.7,0,1.03,1.4109670183448944,2.0273664674271483,1.8093758007221354,-0.616399449082254
0.7,0,1.04,1.4157169284119053,2.03068052093282,1.810394430762769,-0.6149635925209145
0.7,0,1.05,1.420399108957455,2.0339386838813454,1.8114119824201984,-0.6135395749238903
0.7,0,1.06,1.4250147553169838,2.037142284076074,1.8124279862872994,-0.6121275287590902
0.7,0,1.07,1.4295650453203712,2.0402926105915005,1.8134420052837124,-0.6107275652711293
0.7,0,1.08,1.434051138948182,2.0433909150166247,1.8144536327667173,-0.6093397760684427
0.7,0,1.09,1.4384741780594321,2.046438412661424,1.815462490748225,-0.6079642346019918
0.7,0,1.1,1.442835286183916,2.0494362837267546,1.8164682282122686,-0.6066009975428386
0.7,0,1.11,1.4471355683727358,2.0523856744381415,1.8174705195276186,-0.6052501060654056
0.7,0,1.12,1.4513761111012151,2.0552876981439994,1.8184690629503935,-0.6039115870427842
0.7,0,1.1300000000000001,1.4555579822188927,2.058143436378906,1.8194635792117677,-0.6025854541600135
0.7,0,1.1400000000000001,1.4596822309417377,2.060953939892624,1.8204538101861056,-0.6012717089508866
0.7,0,1.1500000000000001,1.4637498878821675,2.063720229645602,1.821439517635095,-0.5999703417634346
0.7,0,1.16,1.4677619651128186,2.0664432977717517,1.8224204820236514,-0.5986813326589331
0.7,0,1.17,1.4717194562603944,2.069124108509295,1.8233965014035964,-0.5974046522489005
0.7,0,1.18,1.4756233366262197,2.0717635991005277,1.8243673903613087,-0.596140262474308
0.7,0,1.19,1.4794745633304527,2.074362680661345,1.8253329790257489,-0.5948881173308922
0.7,0,1.2,1.4832740754771563,2.0769222390213793,1.8262931121334474,-0.593648163544223
0.7,0,1.21,1.487022794337694,2.079443135535618,1.8272476481472317,-0.5924203411979243
0.7,0,1.22,1.4907216235501448,2.081926207868363,1.828196458425636,-0.5912045843182183
0.7,0,1.23,1.4943714493326357,2.0843722707503645,1.8291394264401115,-0.5900008214177288
0.7,0,1.24,1.4979731407086827,2.0867821167100065,1.8300764470373083,-0.5888089760013238
0.7,0,1.25,1.5015275497428142,2.0891565167793513,1.831007425743853,-0.5876289670365371
0.7,0,1.26,1.505035511784906,2.0914962211758747,1.8319322781111897,-0.5864607093909688
0.7,0,1.27,1.508497845721803,2.093801959960698,1.8328509290981896,-0.5853041142388951
0.7,0,1.28,1.5119153542349415,2.096074443674105,1.8337633124893618,-0.5841590894391633
0.7,0,1.29,1.5152888240628064,2.0983143639491106,1.83466937034662,-0.5830255398863042
0.7,0,1.3,1.518619026267174,2.1005223941038484,1.835569052492681,-0.5819033678366745
0.7,0,1.31,1.521906716502187,2.102699189713488,1.8364623160242761,-0.580792473211301
0.7,0,1.32,1.5251526352854097,2.104845389162416,1.8373491248534553,-0.5796927538770065
0.7,0,1.33,1.5283575082700949,2.106961614177368,1.8382294492753841,-0.5786041059072733
0.7,0,1.34,1.531522046517968,2.1090484703421772,1.839103265561094,-0.5775264238242093
0.7,0,1.35,1.5346469467719133,2.1111065475948037,1.8399705555737602,-0.5764596008228904
0.7,0,1.36,1.5377328917280102,2.113136420707273,1.8408313064071549,-0.5754035289792627
0.7,0,1.37,1.5407805503064176,2.1151386497491305,1.841685510045,-0.5743580994427129
0.7,0,1.3800000000000001,1.543790577920678,2.1171137805350155,1.8425331630400172,-0.5733232026143376
0.7,0,1.3900000000000001,1.5467636167450434,2.1190623450569164,1.8433742662115524,-0.572298728311873
0.7,0,1.4000000000000001,1.5497002959794846,2.1209848619016705,1.8442088243606976,-0.5712845659221859
0.7,0,1.41,1.5526012321120728,2.122881836654234,1.8450368460019182,-0.5702806045421611
0.7,0,1.42,1.5554670291784771,2.1247537622872454,1.8458583431102298,-0.5692867331087683
0.7,0,1.43,1.558298279018341,2.1266011195373755,1.8466733308830463,-0.5683028405190345
0.7,0,1.44,1.5610955615283348,2.128424377268948,1.8474818275158449,-0.5673288157406131
0.7,0,1.45,1.5638594449117196,2.1302239928252886,1.8482838539908717,-0.566364547913569
0.7,0,1.46,1.566590485924268,2.1320004123682543,1.8490794338781373,-0.5654099264439862
0.7,0,1.47,1.569289230116422,2.1337540712063703,1.8498685931479966,-0.5644648410899482
0.7,0,1.48,1.5719562120715838,2.135485394111986,1.8506513599946601,-0.563529182040402
0.7,0,1.49,1.5745919556404582,2.1371947956278565,1.851427764670012,-0.5626028399873984
0.7,0,1.5,1.5771969741713763,2.138882680363527,1.8521978393271397,-0.5616857061921507
0.7,1,0.0,0.6678,1.4,1.9599999999999997,-0.7322
0.7,1,0.01,0.671127819928012,1.4,1.9599999999999997,-0.728872180071988
0.7,1,0.02,0.6699001016502939,1.4,1.9599999999999997,-0.730099898349706
0.7,1,0.03,0.6720512187021936,1.4,1.9599999999999997,-0.7279487812978063
0.7,1,0.04,0.6763942425190961,1.4,1.9599999999999997,-0.7236057574809038
0.7,1,0.05,0.6809578412645634,1.4,1.9599999999994153,-0.7190421587354365
0.7,1,0.06,0.6851081828135778,1.4,1.959999998554989,-0.7148918171864221
0.7,1,0.07,0.6888723698420736,1.4000000000009138,1.9599998327812223,-0.7111276301588403
0.7,1,0.08,0.692550251826094,1.4000000004104527,1.9599962392408423,-0.7074497485843587
0.7,1,0.09,0.6964200162910211,1.4000000276730176,1.9599675011828788,-0.7035800113819964
0.7,1,0.1,0.7006205545171091,1.4000005733031435,1.9598453582333701,-0.6993800187860344
0.7,1,0.11,0.705170627246243,1.4000054816826526,1.959502792084443,-0.6948348544364096
0.7,1,0.12,0.7100278099090158,1.4000309085937643,1.9587778328621512,-0.6900030986847485
0.7,1,0.13,0.7151339069066625,1.4001199864408975,1.9575165961191483,-0.6849860795342351
0.7,1,0.14,0.7204367528228606,1.4003550393807467,1.9556082337275709,-0.6799182865578861
0.7,1,0.15,0.7258959894278234,1.4008581206663935,1.9529995923280878,-0.6749621312385701
0.7,1,0.16,0.7314818050800411,1.4017780505982167,1.949692353266137,-0.6702962455181756
0.7,1,0.17,0.7371720089403468,1.4032696820126933,1.9457307388292948,-0.6660976730723465
0.7,1,0.18,0.7429495738676852,1.405473203572488,1.9411867399255769,-0.6625236297048027
0.7,1,0.19,0.748801061237951,1.4084989118692022,1.9361468811642313,-0.6596978506312512
0.7,1,0.2,0.7547157264085564,1.4124193306515522,1.9307020965029014,-0.6577036042429958
0.7,1,0.21,0.7606850167404973,1.4172679439961757,1.9249408521444815,-0.6565829272556785
0.7,1,0.22,0.7667022544138522,1.4230426200877615,1.9189450130021086,-0.6563403656739093
0.7,1,0.23,0.7727623888268713,1.4297116662879532,1.9127877737603423,-0.6569492774610819
0.7,1,0.24,0.7788617664933873,1.4372208503797723,1.9065330171845187,-0.658359083886385
0.7,1,0.25,0.784997901512123,1.4455002638963583,1.9002355793296306,-0.6605023623842353
0.7,1,0.26,0.7911692469904694,1.4544703900274771,1.8939420280947183,-0.6633011430370077
0.7,1,0.27,0.7973749749828964,1.4640470994814432,1.8876916741891243,-0.6666721244985467
0.7,1,0.28,0.8036147739512718,1.474145531111407,1.8815176262372435,-0.6705307571601351
0.7,1,0.29,0.8098886710237283,1.484682945957578,1.8754477747454437,-0.6747942749338498
0.7,1,0.3,0.8161968831686564,1.4955807045456293,1.8695056447070812,-0.679383821376973
0.7,1,0.31,0.8225396980789985,1.5067655342680815,1.8637110957582197,-0.684225836189083
0.7,1,0.32,0.8289173828781922,1.518170245865335,1.8580808743399193,-0.6892528629871428
0.7,1,0.33,0.8353301170556942,1.5297340382946687,1.8526290368999252,-0.6944039212389745
0.7,1,0.34,0.8417779453054912,1.541402507486613,1.8473672695294807,-0.6996245621811217
0.7,1,0.35000000000000003,0.8482607459599207,1.5531274510196695,1.8423051301842923,-0.7048667050597488
0.7,1,0.36,0.8547782112023657,1.564866539747909,1.837450237007906,-0.7100883285455432
0.7,1,0.37,0.8613298359510878,1.5765829097074664,1.8328084219837928,-0.7152530737563786
0.7,1,0.38,0.8679149130463988,1.5882447132823163,1.8283838643949886,-0.7203298002359175
0.7,1,0.39,0.8745325330329515,1.5998246573323835,1.8241792141175195,-0.725292124299432
0.7,1,0.4,0.8811815873578221,1.6112995473337106,1.8201957110101485,-0.7301179599758885
0.7,1,0.41000000000000003,0.8878607741946518,1.6226498500785067,1.8164333037309963,-0.7347890758838549
0.7,1,0.42,0.8945686063693834,1.633859282692745,1.812890769195535,-0.7392906763233615
0.7,1,0.43,0.9013034210292744,1.644914432269935,1.8095658324879005,-0.7436110112406605
0.7,1,0.44,0.9080633907906612,1.655804407976616,1.8064552862098913,-0.7477410171859549
0.7,1,0.45,0.9148465361463309,1.6665205258050109,1.8035551078568022,-0.7516739896586799
0.7,1,0.46,0.9216507389294035,1.6770560250326203,1.8008605737176988,-0.7554052861032168
0.7,1,0.47000000000000003,0.9284737566314927,1.687405814744335,1.798366367903093,-0.7589320581128423
0.7,1,0.48,0.935313237368208,1.6975662483635037,1.7960666853223333,-0.7622530109952956
0.7,1,0.49,0.9421667352808764,1.707534923937204,1.7939553277055922,-0.7653681886563276
0.7,1,0.5,0.9490317261630146,1.717310507862914,1.792025792049327,-0.7682787816998995
0.7,1,0.51,0.955905623105048,1.7268925797815178,1.7902713511325372,-0.7709869566764698
0.7,1,0.52,0.9627857919612097,1.7362814964606772,1.788685125988612,-0.7734957044994675
0.7,1,0.53,0.9696695664578592,1.745478272628554,1.7872601504166359,-0.7758087061706949
0.7,1,0.54,0.9765542627816455,1.7544844768733117,1.7859894277748558,-0.7779302140916662
0.7,1,0.55,0.983437193507794,1.7633021408868976,1.7848659804193125,-0.7798649473791036
0.7,1,0.56,0.9903156807521795,1.7719336804941774,1.7838828922361358,-0.781617999741998
0.7,1,0.5700000000000001,0.9971870684546693,1.7803818270654377,1.783033344771442,-0.7831947586107684
0.7,1,0.58,1.0040487337245911,1.788649568058315,1.7823106474932198,-0.7846008343337239
0.7,1,0.59,1.0108980972013584,1.7967400955726003,1.7817082627298821,-0.7858419983712419
0.7,1,0.6,1.017732632403775,1.8046567619272862,1.7812198258248253,-0.7869241295235112
0.7,1,0.61,1.0245498740599255,1.8124030413835464,1.7808391610293108,-0.7878531673236209
0.7,1,0.62,1.0313474254256925,1.8199824972403391,1.7805602936305243,-0.7886350718146466
0.7,1,0.63,1.0381229646136778,1.8273987536215903,1.7803774587806576,-0.7892757890079125
0.7,1,0.64,1.0448742499657206,1.8346554713561711,1.780285107458421,-0.7897812213904505
0.7,1,0.65,1.0515991245113534,1.8417563274249193,1.7802779099583272,-0.790157202913566
0.7,1,0.66,1.0582955195615877,1.848704997513635,1.780350757266722,-0.7904094779520472
0.7,1,0.67,1.0649614574925768,1.855505141268065,1.7804987606478528,-0.7905436837754882
0.7,1,0.68,1.0715950537771266,1.8621603898972166,1.7807172497289914,-0.79056533612009
0.7,1,0.6900000000000001,1.078194518323989,1.8686743358156104,1.7810017693412243,-0.7904798174916214
0.7,1,0.7000000000000001,1.0847581561855537,1.875050524053953,1.7813480753423172,-0.7902923678683993
0.7,1,0.71,1.0912843676941768,1.8812924452018416,1.7817521296201835,-0.7900080775076648
0.7,1,0.72,1.0977716480861246,1.8874035296760252,1.7822100944500425,-0.7896318815899006
0.7,1,0.73,1.1042185866701852,1.8933871431339435,1.7827183263552628,-0.7891685564637583
0.7,1,0.74,1.1106238655955047,1.8992465828752194,1.7832733696011327,-0.7886227172797147
0.7,1,0.75,1.1169862582703494,1.9049850750938457,1.7838719494322237,-0.7879988168234964
0.7,1,0.76,1.1233046274803358,1.910605772861378,1.7845109651475066,-0.7873011453810421
0.7,1,0.77,1.1295779232513676,1.916111754736801,1.7851874830927832,-0.7865338314854333
0.7,1,0.78,1.1358051804991067,1.9215060239121668,1.7858987296371256,-0.7857008434130601
0.7,1,0.79,1.1419855165033974,1.9267915078148317,1.7866420841887813,-0.7848059913114342
0.7,1,0.8,1.1481181282426949,1.931971058097401,1.7874150722961581,-0.7838529298547061
0.7,1,0.81,1.1542022896202624,1.9370474509554283,1.7882153588709813,-0.7828451613351659
0.7,1,0.8200000000000001,1.1602373486107471,1.942023387720777,1.7890407415633502,-0.78178603911003
0.7,1,0.8300000000000001,1.166222724352743,1.946901495685383,1.789889144312054,-0.78067877133264
0.7,1,0.84,1.172157904210094,1.9516843291161468,1.790758611088075,-0.7795264249060527
0.7,1,0.85,1.1780424408220451,1.956374370426907,1.7916472998445792,-0.7783319296048619
0.7,1,0.86,1.1838759491598558,1.9609740314780102,1.7925534766827202,-0.7770980823181544
0.7,1,0.87,1.1896581036052127,1.9654856549779909,1.7934755102393058,-0.7758275513727781
0.7,1,0.88,1.1953886350636598,1.9699115159653342,1.7944118662995454,-0.7745228809016744
0.7,1,0.89,1.201067328124347,1.974253823351366,1.7953611026358072,-0.7731864952270191
0.7,1,0.9,1.2066940182756394,1.9785147215079435,1.7963218640713778,-0.7718207032323041
0.7,1,0.91,1.2122685891845528,1.982696291885945,1.7972928777666577,-0.7704277027013922
0.7,1,0.92,1.21779097004654,1.986800554652582,1.7982729487239446,-0.7690095846060421
0.7,1,0.93,1.2232611330108871,1.9908294703373168,1.7992609555059644,-0.7675683373264297
0.7,1,0.9400000000000001,1.228679090685827,1.9947849414776955,1.8002558461624965,-0.7661058507918685
0.7,1,0.9500000000000001,1.2340448937264688,1.998668814257765,1.8012566343588428,-0.7646239205312964
0.7,1,0.96,1.2393586285077483,2.002482880132879,1.8022623956994508,-0.7631242516251309
0.7,1,0.97,1.2446204148838118,2.006228877435744,1.8032722642396708,-0.7616084625519324
0.7,1,0.98,1.24983040403457,2.0099084929593998,1.8042854291784476,-0.7600780889248298
0.7,1,0.99,1.2549887763995509,2.013523363513638,1.8053011317246144,-0.7585345871140872
0.7,1,1.0,1.260095739698678,2.017075077451973,1.8063186621294536,-0.756979337753295
0.7,1,1.01,1.2651515270391491,2.0205651761669086,1.8073373568782027,-0.7554136491277594
0.7,1,1.02,1.270156395107226,2.0239951555516806,1.8083565960332812,-0.7538387604444545
0.7,1,1.03,1.2751106224434283,2.0273664674271483,1.8093758007221354,-0.75225584498372
0.7,1,1.04,1.2800145077993637,2.03068052093282,1.810394430762769,-0.7506660131334562
0.7,1,1.05,1.2848683685742164,2.0339386838813454,1.8114119824201984,-0.749070315307129
0.7,1,1.06,1.2896725393287416,2.037142284076074,1.8124279862872994,-0.7474697447473324
0.7,1,1.07,1.294427370374479,2.0402926105915005,1.8134420052837124,-0.7458652402170214
0.7,1,1.08,1.2991332264358078,2.0433909150166247,1.8144536327667173,-0.744257688580817
0.7,1,1.09,1.303790485382371,2.046438412661424,1.815462490748225,-0.7426479272790529
0.7,1,1.1,1.3083995370293748,2.0494362837267546,1.8164682282122686,-0.7410367466973797
0.7,1,1.11,1.312960782003222,2.0523856744381415,1.8174705195276186,-0.7394248924349194
0.7,1,1.12,1.31747463066994,2.0552876981439994,1.8184690629503935,-0.7378130674740593
0.7,1,1.1300000000000001,1.3219415021238712,2.058143436378906,1.8194635792117677,-0.736201934255035
0.7,1,1.1400000000000001,1.3263618232341134,2.060953939892624,1.8204538101861056,-0.7345921166585108
0.7,1,1.1500000000000001,1.33073602774623,2.063720229645602,1.821439517635095,-0.7329842018993722
0.7,1,1.16,1.3350645554367975,2.0664432977717517,1.8224204820236514,-0.7313787423349543
0.7,1,1.17,1.339347851318401,2.069124108509295,1.8233965014035964,-0.7297762571908939
0.7,1,1.18,1.3435863648927493,2.0717635991005277,1.8243673903613087,-0.7281772342077784
0.7,1,1.19,1.3477805494496442,2.074362680661345,1.8253329790257489,-0.7265821312117007
0.7,1,1.2,1.3519308614096013,2.0769222390213793,1.8262931121334474,-0.724991377611778
0.7,1,1.21,1.3560377597079913,2.079443135535618,1.8272476481472317,-0.7234053758276269
0.7,1,1.22,1.3601017052186406,2.081926207868363,1.828196458425636,-0.7218245026497225
0.7,1,1.23,1.3641231602149007,2.0843722707503645,1.8291394264401115,-0.7202491105354638
0.7,1,1.24,1.3681025878662738,2.0867821167100065,1.8300764470373083,-0.7186795288437327
0.7,1,1.25,1.3720404517687534,2.0891565167793513,1.831007425743853,-0.7171160650105979
0.7,1,1.26,1.375937215507108,2.0914962211758747,1.8319322781111897,-0.7155590056687668
0.7,1,1.27,1.3797933422474145,2.093801959960698,1.8328509290981896,-0.7140086177132836
0.7,1,1.28,1.3836092943582177,2.096074443674105,1.8337633124893618,-0.7124651493158871
0.7,1,1.29,1.387385533058762,2.0983143639491106,1.83466937034662,-0.7109288308903485
0.7,1,1.3,1.3911225180928075,2.1005223941038484,1.835569052492681,-0.7093998760110409
0.7,1,1.31,1.3948207074266161,2.102699189713488,1.8364623160242761,-0.7078784822868718
0.7,1,1.32,1.398480556969758,2.104845389162416,1.8373491248534553,-0.7063648321926581
0.7,1,1.33,1.4021025203174418,2.106961614177368,1.8382294492753841,-0.7048590938599264
0.7,1,1.34,1.4056870485131499,2.1090484703421772,1.839103265561094,-0.7033614218290274
0.7,1,1.35,1.4092345898304073,2.1111065475948037,1.8399705555737602,-0.7018719577643964
0.7,1,1.36,1.4127455895725738,2.113136420707273,1.8408313064071549,-0.7003908311346991
0.7,1,1.37,1.4162204898896056,2.1151386497491305,1.841685510045,-0.6989181598595249
0.7,1,1.3800000000000001,1.4196597296107845,2.1171137805350155,1.8425331630400172,-0.6974540509242311
0.7,1,1.3900000000000001,1.4230637440924652,2.1190623450569164,1.8433742662115524,-0.6959986009644512
0.7,1,1.4000000000000001,1.4264329650799357,2.1209848619016705,1.8442088243606976,-0.6945518968217348
0.7,1,1.41,1.4297678205825375,2.122881836654234,1.8450368460019182,-0.6931140160716964
0.7,1,1.42,1.4330687347612374,2.1247537622872454,1.8458583431102298,-0.691685027526008
0.7,1,1.43,1.436336127827882,2.1266011195373755,1.8466733308830463,-0.6902649917094936
0.7,1,1.44,1.4395704159554057,2.128424377268948,1.8474818275158449,-0.6888539613135423
0.7,1,1.45,1.4427720111983104,2.1302239928252886,1.8482838539908717,-0.6874519816269782
0.7,1,1.46,1.4459413214227652,2.1320004123682543,1.8490794338781373,-0.6860590909454891
0.7,1,1.47,1.4490787502457043,2.1337540712063703,1.8498685931479966,-0.684675320960666
0.7,1,1.48,1.4521846969823573,2.135485394111986,1.8506513599946601,-0.6833006971296285
0.7,1,1.49,1.4552595566016453,2.1371947956278565,1.851427764670012,-0.6819352390262112
0.7,1,1.5,1.4583037196889401,2.138882680363527,1.8521978393271397,-0.6805789606745869
0.7,2,0.0,0.7119000000000001,1.4,1.9599999999999997,-0.6880999999999998
0.7,2,0.01,0.7119037216163856,1.4,1.9599999999999997,-0.6880962783836143
0.7,2,0.02,0.7143578316653775,1.4,1.9599999999999997,-0.6856421683346224
0.7,2,0.03,0.7223918700688832,1.4,1.9599999999999997,-0.6776081299311167
0.7,2,0.04,0.7322942659982676,1.4,1.9599999999999997,-0.6677057340017323
0.7,2,0.05,0.7417980696345403,1.4,1.9599999999994153,-0.6582019303654596
0.7,2,0.06,0.7497722844641515,1.4,1.959999998554989,-0.6502277155358485
0.7,2,0.07,0.7560396552259989,1.4000000000009138,1.9599998327812223,-0.6439603447749149
0.7,2,0.08,0.760947062073464,1.4000000004104527,1.9599962392408423,-0.6390529383369887
0.7,2,0.09,0.7649364446421347,1.4000000276730176,1.9599675011828788,-0.6350635830308828
0.7,2,0.1,0.7683572328915537,1.4000005733031435,1.9598453582333701,-0.6316433404115899
0.7,2,0.11,0.7714469531911695,1.4000054816826526,1.959502792084443,-0.6285585284914831
0.7,2,0.12,0.774366785511134,1.4000309085937643,1.9587778328621512,-0.6256641230826303
0.7,2,0.13,0.7772360367057478,1.4001199864408975,1.9575165961191483,-0.6228839497351497
0.7,2,0.14,0.7801512098561956,1.4003550393807467,1.9556082337275709,-0.6202038295245511
0.7,2,0.15,0.783192602635554,1.4008581206663935,1.9529995923280878,-0.6176655180308395
0.7,2,0.16,0.7864249281085216,1.4017780505982167,1.949692353266137,-0.6153531224896951
0.7,2,0.17,0.7898966420699807,1.4032696820126933,1.9457307388292948,-0.6133730399427126
0.7,2,0.18,0.7936400785796445,1.405473203572488,1.9411867399255769,-0.6118331249928435
0.7,2,0.19,0.7976728112742366,1.4084989118692022,1.9361468811642313,-0.6108261005949656
0.7,2,0.2,0.8019999341453729,1.4124193306515522,1.9307020965029014,-0.6104193965061794
0.7,2,0.21,0.8066167885197326,1.4172679439961757,1.9249408521444815,-0.6106511554764431
0.7,2,0.22,0.8115117228227767,1.4230426200877615,1.9189450130021086,-0.6115308972649848
0.7,2,0.23,0.8166685938651089,1.4297116662879532,1.9127877737603423,-0.6130430724228443
0.7,2,0.24,0.8220688414770254,1.4372208503797723,1.9065330171845187,-0.6151520089027469
0.7,2,0.25,0.8276930721664928,1.4455002638963583,1.9002355793296306,-0.6178071917298655
0.7,2,0.26,0.8335221649228977,1.4544703900274771,1.8939420280947183,-0.6209482251045795
0.7,2,0.27,0.8395379616986899,1.4640470994814432,1.8876916741891243,-0.6245091377827533
0.7,2,0.28,0.8457236290811373,1.474145531111407,1.8815176262372435,-0.6284219020302696
0.7,2,0.29,0.8520637818504325,1.484682945957578,1.8754477747454437,-0.6326191641071456
0.7,2,0.3,0.8585444503222992,1.4955807045456293,1.8695056447070812,-0.6370362542233301
0.7,2,0.31,0.8651529579075337,1.5067655342680815,1.8637110957582197,-0.6416125763605478
0.7,2,0.32,0.8718777580230627,1.518170245865335,1.8580808743399193,-0.6462924878422723
0.7,2,0.33,0.878708263457249,1.5297340382946687,1.8526290368999252,-0.6510257748374197
0.7,2,0.34,0.8856346881034722,1.541402507486613,1.8473672695294807,-0.6557678193831407
0.7,2,0.35000000000000003,0.8926479111038227,1.5531274510196695,1.8423051301842923,-0.6604795399158468
0.7,2,0.36,0.8997393666858511,1.564866539747909,1.837450237007906,-0.6651271730620578
0.7,2,0.37,0.9069009587932056,1.5765829097074664,1.8328084219837928,-0.6696819509142607
0.7,2,0.38,0.9141249973697785,1.5882447132823163,1.8283838643949886,-0.6741197159125378
0.7,2,0.39,0.9214041522585283,1.5998246573323835,1.8241792141175195,-0.6784205050738552
0.7,2,0.4,0.9287314206248722,1.6112995473337106,1.8201957110101485,-0.6825681267088384
0.7,2,0.41000000000000003,0.9361001042360477,1.6226498500785067,1.8164333037309963,-0.686549745842459
0.7,2,0.42,0.9435037935611592,1.633859282692745,1.812890769195535,-0.6903554891315857
0.7,2,0.43,0.9509363563346369,1.644914432269935,1.8095658324879005,-0.693978075935298
0.7,2,0.44,0.9583919288524442,1.655804407976616,1.8064552862098913,-0.6974124791241719
0.7,2,0.45,0.9658649087992572,1.6665205258050109,1.8035551078568022,-0.7006556170057536
0.7,2,0.46,0.973349948821944,1.6770560250326203,1.8008605737176988,-0.7037060762106763
0.7,2,0.47000000000000003,0.9808419503749789,1.687405814744335,1.798366367903093,-0.706563864369356
0.7,2,0.48,0.9883360575815183,1.6975662483635037,1.7960666853223333,-0.7092301907819853
0.7,2,0.49,0.9958276509979268,1.707534923937204,1.7939553277055922,-0.7117072729392772
0.7,2,0.5,1.0033123412576088,1.717310507862914,1.792025792049327,-0.7139981666053052
0.7,2,0.51,1.0107859626180105,1.7268925797815178,1.7902713511325372,-0.7161066171635073
0.7,2,0.52,1.018244566455709,1.7362814964606772,1.788685125988612,-0.7180369300049683
0.7,2,0.53,1.025684414758664,1.745478272628554,1.7872601504166359,-0.7197938578698901
0.7,2,0.54,1.033101973659335,1.7544844768733117,1.7859894277748558,-0.7213825032139767
0.7,2,0.55,1.0404939070425727,1.7633021408868976,1.7848659804193125,-0.7228082338443249
0.7,2,0.56,1.0478570702512155,1.7719336804941774,1.7838828922361358,-0.7240766102429619
0.7,2,0.5700000000000001,1.055188503902175,1.7803818270654377,1.783033344771442,-0.7251933231632628
0.7,2,0.58,1.062485427817434,1.788649568058315,1.7823106474932198,-0.7261641402408809
0.7,2,0.59,1.0697452350681904,1.7967400955726003,1.7817082627298821,-0.7269948605044099
0.7,2,0.6,1.0769654861263387,1.8046567619272862,1.7812198258248253,-0.7276912758009475
0.7,2,0.61,1.0841439031153186,1.8124030413835464,1.7808391610293108,-0.7282591382682277
0.7,2,0.62,1.0912783641517347,1.8199824972403391,1.7805602936305243,-0.7287041330886044
0.7,2,0.63,1.0983668977696532,1.8273987536215903,1.7803774587806576,-0.7290318558519371
0.7,2,0.64,1.105407677420781,1.8346554713561711,1.780285107458421,-0.7292477939353901
0.7,2,0.65,1.1123990160454884,1.8417563274249193,1.7802779099583272,-0.7293573113794309
0.7,2,0.66,1.1193393607116011,1.848704997513635,1.780350757266722,-0.7293656368020338
0.7,2,0.67,1.1262272873198713,1.855505141268065,1.7804987606478528,-0.7292778539481937
0.7,2,0.68,1.1330614953768796,1.8621603898972166,1.7807172497289914,-0.7290988945203369
0.7,2,0.6900000000000001,1.1398408028377567,1.8686743358156104,1.7810017693412243,-0.7288335329778537
0.7,2,0.7000000000000001,1.1465641410224463,1.875050524053953,1.7813480753423172,-0.7284863830315067
0.7,2,0.71,1.1532305496102944,1.8812924452018416,1.7817521296201835,-0.7280618955915472
0.7,2,0.72,1.1598391717184742,1.8874035296760252,1.7822100944500425,-0.727564357957551
0.7,2,0.73,1.1663892490702326,1.8933871431339435,1.7827183263552628,-0.726997894063711
0.7,2,0.74,1.1728801172591201,1.8992465828752194,1.7832733696011327,-0.7263664656160993
0.7,2,0.75,1.1793112011153573,1.9049850750938457,1.7838719494322237,-0.7256738739784885
0.7,2,0.76,1.1856820101802443,1.910605772861378,1.7845109651475066,-0.7249237626811336
0.7,2,0.77,1.1919921342941686,1.916111754736801,1.7851874830927832,-0.7241196204426323
0.7,2,0.78,1.1982412393032444,1.9215060239121668,1.7858987296371256,-0.7232647846089224
0.7,2,0.79,1.2044290628890464,1.9267915078148317,1.7866420841887813,-0.7223624449257853
0.7,2,0.8,1.2105554105252478,1.931971058097401,1.7874150722961581,-0.7214156475721532
0.7,2,0.81,1.216620151564292,1.9370474509554283,1.7882153588709813,-0.7204272993911363
0.7,2,0.8200000000000001,1.2226232154565309,1.942023387720777,1.7890407415633502,-0.7194001722642462
0.7,2,0.8300000000000001,1.228564588103577,1.946901495685383,1.789889144312054,-0.718336907581806
0.7,2,0.84,1.2344443083469407,1.9516843291161468,1.790758611088075,-0.717240020769206
0.7,2,0.85,1.240262464592381,1.956374370426907,1.7916472998445792,-0.716111905834526
0.7,2,0.86,1.246019191569795,1.9609740314780102,1.7925534766827202,-0.7149548399082153
0.7,2,0.87,1.2517146672279114,1.9654856549779909,1.7934755102393058,-0.7137709877500795
0.7,2,0.88,1.2573491097625393,1.9699115159653342,1.7944118662995454,-0.7125624062027949
0.7,2,0.89,1.2629227747766552,1.974253823351366,1.7953611026358072,-0.7113310485747109
0.7,2,0.9,1.2684359525702082,1.9785147215079435,1.7963218640713778,-0.7100787689377352
0.7,2,0.91,1.2738889655571533,1.982696291885945,1.7972928777666577,-0.7088073263287917
0.7,2,0.92,1.279282165806906,1.986800554652582,1.7982729487239446,-0.707518388845676
0.7,2,0.93,1.2846159327071618,1.9908294703373168,1.7992609555059644,-0.706213537630155
0.7,2,0.9400000000000001,1.2898906707447708,1.9947849414776955,1.8002558461624965,-0.7048942707329247
0.7,2,0.9500000000000001,1.2951068074012118,1.998668814257765,1.8012566343588428,-0.7035620068565533
0.7,2,0.96,1.3002647911590377,2.002482880132879,1.8022623956994508,-0.7022180889738414
0.7,2,0.97,1.3053650896155795,2.006228877435744,1.8032722642396708,-0.7008637878201647
0.7,2,0.98,1.3104081877001033,2.0099084929593998,1.8042854291784476,-0.6995003052592965
0.7,2,0.99,1.31539458599058,2.013523363513638,1.8053011317246144,-0.698128777523058
0.7,2,1.0,1.3203247991262028,2.017075077451973,1.8063186621294536,-0.6967502783257702
0.7,2,1.01,1.3251993543117946,2.0205651761669086,1.8073373568782027,-0.695365821855114
0.7,2,1.02,1.330018789910261,2.0239951555516806,1.8083565960332812,-0.6939763656414197
0.7,2,1.03,1.3347836541192954,2.0273664674271483,1.8093758007221354,-0.6925828133078529
0.7,2,1.04,1.339494503728597,2.03068052093282,1.810394430762769,-0.6911860172042228
0.7,2,1.05,1.34415190295392,2.0339386838813454,1.8114119824201984,-0.6897867809274254
0.7,2,1.06,1.348756422344373,2.037142284076074,1.8124279862872994,-0.6883858617317009
0.7,2,1.07,1.3533086377594539,2.0402926105915005,1.8134420052837124,-0.6869839728320466
0.7,2,1.08,1.3578091294124142,2.0433909150166247,1.8144536327667173,-0.6855817856042106
0.7,2,1.09,1.3622584809766507,2.046438412661424,1.815462490748225,-0.6841799316847732
0.7,2,1.1,1.366657278751918,2.0494362837267546,1.8164682282122686,-0.6827790049748366
0.7,2,1.11,1.3710061108872686,2.0523856744381415,1.8174705195276186,-0.6813795635508728
0.7,2,1.12,1.3753055666577503,2.0552876981439994,1.8184690629503935,-0.6799821314862491
0.7,2,1.1300000000000001,1.3795562357919793,2.058143436378906,1.8194635792117677,-0.6785872005869269
0.7,2,1.1400000000000001,1.3837587078478468,2.060953939892624,1.8204538101861056,-0.6771952320447774
0.7,2,1.1500000000000001,1.387913571633709,2.063720229645602,1.821439517635095,-0.6758066580118931
0.7,2,1.16,1.3920214146725332,2.0664432977717517,1.8224204820236514,-0.6744218830992186
0.7,2,1.17,1.396082822706579,2.069124108509295,1.8233965014035964,-0.6730412858027159
0.7,2,1.18,1.4000983792403021,2.0717635991005277,1.8243673903613087,-0.6716652198602255
0.7,2,1.19,1.4040686651192769,2.074362680661345,1.8253329790257489,-0.670294015542068
0.7,2,1.2,1.4079942581430323,2.0769222390213793,1.8262931121334474,-0.668927980878347
0.7,2,1.21,1.4118757327098002,2.079443135535618,1.8272476481472317,-0.6675674028258181
0.7,2,1.22,1.4157136594912738,2.081926207868363,1.828196458425636,-0.6662125483770893
0.7,2,1.23,1.4195086051355648,2.0843722707503645,1.8291394264401115,-0.6648636656147997
0.7,2,1.24,1.42326113199664,2.0867821167100065,1.8300764470373083,-0.6635209847133665
0.7,2,1.25,1.4269717978886116,2.0891565167793513,1.831007425743853,-0.6621847188907397
0.7,2,1.26,1.4306411558633298,2.0914962211758747,1.8319322781111897,-0.6608550653125449
0.7,2,1.27,1.4342697540098193,2.093801959960698,1.8328509290981896,-0.6595322059508788
0.7,2,1.28,1.4378581352741682,2.096074443674105,1.8337633124893618,-0.6582163083999366
0.7,2,1.29,1.441406837298566,2.0983143639491106,1.83466937034662,-0.6569075266505446
0.7,2,1.3,1.4449163922782398,2.1005223941038484,1.835569052492681,-0.6556060018256087
0.7,2,1.31,1.448387326835128,2.102699189713488,1.8364623160242761,-0.65431186287836
0.7,2,1.32,1.4518201619071804,2.104845389162416,1.8373491248534553,-0.6530252272552357
0.7,2,1.33,1.4552154126522396,2.106961614177368,1.8382294492753841,-0.6517462015251285
0.7,2,1.34,1.4585735883655206,2.1090484703421772,1.839103265561094,-0.6504748819766566
0.7,2,1.35,1.4618951924097616,2.1111065475948037,1.8399705555737602,-0.649211355185042
0.7,2,1.36,1.4651807221571642,2.113136420707273,1.8408313064071549,-0.6479556985501087
0.7,2,1.37,1.4684306689423101,2.1151386497491305,1.841685510045,-0.6467079808068203
0.7,2,1.3800000000000001,1.4716455180252663,2.1171137805350155,1.8425331630400172,-0.6454682625097492
0.7,2,1.3900000000000001,1.4748257485641554,2.1190623450569164,1.8433742662115524,-0.644236596492761
0.7,2,1.4000000000000001,1.4779718335965026,2.1209848619016705,1.8442088243606976,-0.6430130283051678
0.7,2,1.41,1.481084240028713,2.122881836654234,1.8450368460019182,-0.6417975966255209
0.7,2,1.42,1.4841634286330736,2.1247537622872454,1.8458583431102298,-0.6405903336541718
0.7,2,1.43,1.4872098540517074,2.1266011195373755,1.8466733308830463,-0.6393912654856682
0.7,2,1.44,1.4902239648069457,2.128424377268948,1.8474818275158449,-0.6382004124620022
0.7,2,1.45,1.4932062033176172,2.1302239928252886,1.8482838539908717,-0.6370177895076714
0.7,2,1.46,1.49615700592078,2.1320004123682543,1.8490794338781373,-0.6358434064474743
0.7,2,1.47,1.4990768028984565,2.1337540712063703,1.8498685931479966,-0.6346772683079138
0.7,2,1.48,1.5019660185089543,2.135485394111986,1.8506513599946601,-0.6335193756030315
0.7,2,1.49,1.50482507102239,2.1371947956278565,1.851427764670012,-0.6323697246054665
0.7,2,1.5,1.5076543727600442,2.138882680363527,1.8521978393271397,-0.6312283076034828
