step,loss,encoder_energy,tangent_gradient_norm,bias_gradient_norm
0.0,0.4157032532911924,4.0,0.26779852267723103,0.2011868903889348
1.0,0.400053451616494,4.0,0.24698060664128627,0.1850317870939697
2.0,0.387076445933344,3.9999999999999996,0.23368392058105492,0.1794810858687229
3.0,0.37587710783851874,4.000000000000002,0.2204907987491341,0.16589199834413013
4.0,0.36622980853029186,4.0,0.2088950656782763,0.15413605742026926
5.0,0.35776059711452435,3.9999999999999996,0.19854264165294086,0.14059156570966613
6.0,0.35024650813212416,4.000000000000001,0.18738120893866358,0.12498589826969156
7.0,0.3437291550812766,3.9999999999999982,0.17770956809215083,0.10871938049112792
8.0,0.33797851197097645,4.000000000000002,0.16758350095802,0.09263534705100167
9.0,0.3330801165268353,3.9999999999999996,0.15788391249301154,0.0812106983241756
10.0,0.3289786192286605,3.9999999999999996,0.1479774094749757,0.06826667907621876
11.0,0.32560812970530617,4.000000000000001,0.13975450458126637,0.05709717932899023
12.0,0.32279715234281897,3.9999999999999996,0.1338167076716683,0.051403310938949766
13.0,0.3204547783961451,3.999999999999999,0.1274052247142974,0.05018954366775893
14.0,0.3184599564277172,4.000000000000002,0.12230144451064306,0.052010804366212034
15.0,0.31669705684044547,4.0,0.11784646055754099,0.0549996161355616
16.0,0.31507998310239604,4.0,0.1147395700795925,0.05863726153130086
17.0,0.31354849963536846,4.000000000000001,0.11231869840610058,0.06231337053546634
18.0,0.31205262549659407,3.999999999999999,0.11061995308477611,0.06541824415192163
19.0,0.31057262330257424,4.000000000000001,0.10927603363735672,0.06788438223576032
20.0,0.3090961333928174,4.0,0.10813613686356312,0.06962055757757023
21.0,0.30763311488950906,4.0,0.1068575680825209,0.07067570500943955
22.0,0.30618897522157673,4.000000000000001,0.10531680293172695,0.07095125258772228
23.0,0.30476522922723914,4.0,0.10354630098707712,0.07040186840117345
24.0,0.30336442961867693,4.0,0.10151121622076785,0.06908670403167495
25.0,0.30198224451852373,3.999999999999999,0.09985294025919458,0.06694898479454407
26.0,0.3006184903806529,3.9999999999999996,0.09775350130556677,0.0635515181705871
27.0,0.29930057693459167,4.0,0.0955944223945909,0.05910054488305269
28.0,0.29805304839120506,4.0,0.09367195549484574,0.053840282948849495
29.0,0.2968954875959611,3.999999999999999,0.09209176580838961,0.04794009021013942
30.0,0.2958444715464135,3.999999999999999,0.09094582793958161,0.04168104299960098
31.0,0.2949008494729855,3.9999999999999996,0.09033749130537336,0.03525787575471742
32.0,0.2940655903862232,4.0,0.0902249820910855,0.0289585470355431
33.0,0.29332147719401974,4.0,0.09091653211893229,0.02314922124724524
34.0,0.29267048058125456,3.9999999999999996,0.09173190964757674,0.017788579328333134
35.0,0.29209859416770345,3.999999999999999,0.0928120353565156,0.01349890969613151
36.0,0.2915890375382646,4.000000000000001,0.09410312474377212,0.010791680181587718
37.0,0.2911218032219136,3.9999999999999996,0.09550132044502671,0.010207729679649214
38.0,0.2906762378178324,4.0,0.09669622083609723,0.011020218098153465
39.0,0.2902412050951546,3.9999999999999996,0.09777828185710465,0.012225746732038328
40.0,0.28980379168908743,3.999999999999999,0.09853831972427061,0.013362447987286122
41.0,0.28935872587830447,4.0,0.0988887702296148,0.014003304683775962
42.0,0.2889065390899851,3.9999999999999996,0.098934961218428,0.014202142128042185
43.0,0.2884558161493539,4.0,0.09874280038962495,0.013822955864891785
44.0,0.2880138349634409,4.000000000000001,0.09840058747819683,0.013150711562090843
45.0,0.2875879691277843,3.999999999999999,0.09796547396596324,0.012269744619009443
46.0,0.2871834514998704,3.9999999999999996,0.09752370922060175,0.0113804996792746
47.0,0.28680416407425446,4.0,0.09714867792182298,0.01074127160283315
48.0,0.286450523299833,3.9999999999999996,0.09683323766318462,0.010123123443293292
49.0,0.2861260977496605,4.0,0.09664957107765268,0.009820598641302764
50.0,0.2858293203194995,4.000000000000001,0.09660044736092104,0.009698840303753654
51.0,0.28555775919766313,4.0,0.0967200462310416,0.009750637433941845
52.0,0.2853071443288859,4.0,0.09686313395448772,0.009865252018750239
53.0,0.2850758695625152,3.999999999999999,0.09705630835641199,0.00998821369442769
54.0,0.2848598862545113,3.9999999999999987,0.09724399638878051,0.010131993958112121
55.0,0.28465685093264936,4.0,0.09745189533620412,0.01016509546730911
56.0,0.2844642388279052,4.000000000000001,0.09761743667987238,0.010079200177256909
57.0,0.28428007964337293,4.0,0.09774232257102418,0.00996142147751176
58.0,0.28410311211677813,4.0,0.09784486264686729,0.009793784384900885
59.0,0.28392511794481573,4.000000000000002,0.09794343862219963,0.010160089638208188
60.0,0.28375015154341127,4.0,0.09797733025446899,0.00993728479849411
61.0,0.28357442944277034,4.000000000000002,0.0981353032947088,0.008963895580181114
62.0,0.28339731174729355,3.999999999999999,0.09811314514447125,0.008453487354972625
63.0,0.28322219438610874,3.9999999999999996,0.09809048709428661,0.007843608225197262
64.0,0.2830500771737643,4.000000000000002,0.0980852362162144,0.0071475389368203576
65.0,0.2828801586780946,4.0,0.09806002915993797,0.006510559460303629
66.0,0.28271288147938656,4.0,0.09799684897844008,0.0061927659116747715
67.0,0.28254993259509253,4.0,0.0979768826402768,0.005802835350604615
68.0,0.28239232098388634,4.0,0.09796328223564899,0.005580298788252485
69.0,0.2822398749041219,3.9999999999999982,0.09795936575784894,0.005494885358593864
70.0,0.28209233825142804,4.0,0.09797493229764136,0.005545735191486331
71.0,0.2819479254889762,4.0,0.09799244086756498,0.005347973808180552
72.0,0.2818064474764732,4.0,0.09808787851851644,0.005511128056258648
73.0,0.28166876409596314,4.0,0.0981550480122837,0.005665654191102017
74.0,0.28153454730449223,4.000000000000001,0.09826333183959819,0.00579907357301912
75.0,0.28140414315634255,3.9999999999999982,0.09838274249758579,0.005843892340303661
76.0,0.28127815666040135,3.999999999999999,0.09852090832292372,0.005783779991919065
77.0,0.28115635231225256,4.0,0.09867388964247555,0.005664649987579239
78.0,0.2810355763461915,4.000000000000001,0.09892177912198492,0.0053933782164800395
79.0,0.2809195257391879,3.999999999999999,0.09904143567393854,0.00518848710586493
80.0,0.28080827881384846,4.0,0.09911066962943263,0.004901912796352372
81.0,0.2807015090222695,4.000000000000001,0.09926031022645225,0.006031694997366535
82.0,0.28059309066655497,4.0,0.09928641547690094,0.005647865953860659
83.0,0.28049014203616573,4.0,0.09929488660326036,0.005205544624836515
84.0,0.28039208965283835,4.0,0.09929140799969348,0.00470408139490081
85.0,0.28029814002008324,4.000000000000001,0.09932637196933386,0.004143653741642931
86.0,0.28020844152161845,4.0,0.09939345856862375,0.003772920441823805
87.0,0.28012378460030174,4.0,0.09951095849337052,0.0035093842825035687
88.0,0.28004437539824245,4.0,0.09969136687891814,0.00333152484696454
89.0,0.27996863528545757,4.000000000000001,0.0998317676225962,0.003678624529693913
90.0,0.27989190999444136,4.0,0.10009084743255028,0.0034471621740755935
91.0,0.27981616364875,4.0,0.1004286956291979,0.0034934601154305448
92.0,0.2797436956327987,4.000000000000001,0.10114634593042506,0.00481778444085554
93.0,0.27967235212498404,4.000000000000001,0.10142954238743938,0.005005053264090581
94.0,0.27960908758337866,4.0,0.10183062731876374,0.004880244513638096
95.0,0.2795589681518488,4.000000000000001,0.10217372003235577,0.004709214051314337
96.0,0.2795236174731356,4.000000000000002,0.10248107106346299,0.004968839662387365
97.0,0.2795061345057765,3.999999999999999,0.10276390957459489,0.004546272808547395
98.0,0.27951250121165205,4.0,0.10307483173568928,0.00407555908411627
99.0,0.27954353952291205,4.0,0.10338870760081827,0.0035897678614973685
100.0,0.27959888820200773,4.0,0.10382237012102725,0.0031000194171144817
101.0,0.2796675471604194,3.9999999999999996,0.10420969515985419,0.003302918782740194
102.0,0.2797683659201397,3.999999999999999,0.10462899538371885,0.002794745315321507
103.0,0.27990351539307934,4.0,0.10509892790634202,0.0025953342185373266
104.0,0.2800706530348679,3.999999999999999,0.1056332579583904,0.0026724305961558234
105.0,0.28027001929557094,3.999999999999999,0.10619045721913903,0.0031662964780920936
106.0,0.28049954748158734,4.000000000000001,0.10680546482178908,0.003739413025103395
107.0,0.280757513917669,4.0,0.10745125731677937,0.004210098181402142
108.0,0.28104228086003263,4.0,0.10871806757044815,0.004295919550447251
109.0,0.2813468081507219,4.0,0.10952837232225063,0.004432617147579173
110.0,0.28167314646403735,4.0,0.11042948804302671,0.004308582767317301
111.0,0.28201432032490586,3.999999999999999,0.11153373614856578,0.004428204924484008
112.0,0.2823642608482069,4.000000000000002,0.11252841853516216,0.004215921625642195
113.0,0.2827291513924684,3.999999999999999,0.11402536840093677,0.0037106533258702747
114.0,0.2830829492021071,4.0,0.11677397122149735,0.0036651930101942692
115.0,0.28344070012783806,4.0,0.1176886485124971,0.0033258710268521804
116.0,0.2838039993571895,4.000000000000001,0.11874180619239898,0.0037961891866362197
117.0,0.284174442943653,4.0,0.11983022783997252,0.004246939899217141
118.0,0.28455646292955417,4.0,0.12100017738769893,0.0052656098361277895
119.0,0.28495280866615413,3.999999999999999,0.12232137406380922,0.006123547696277844
120.0,0.2853533651700245,4.000000000000001,0.12406597140433719,0.007783981721342987
121.0,0.285739773289044,4.0,0.12562106778300122,0.007617804082761525
122.0,0.2861260619426992,4.0,0.12729466273632048,0.007230476156734188
123.0,0.2865146277499974,4.000000000000002,0.12891729010579026,0.006587821757843282
124.0,0.28690823545689526,4.0,0.13047437375609816,0.005959685688148506
125.0,0.2873034690797047,3.9999999999999996,0.1317772791677104,0.0052894764442836155
126.0,0.28769608940746727,4.0,0.1332267401664949,0.004866513654671457
127.0,0.28809028202223974,3.9999999999999996,0.13456338268950824,0.004652771845888974
128.0,0.2884803478544711,3.9999999999999982,0.1360509071865414,0.004493766252814436
129.0,0.28885926359342495,3.999999999999999,0.13654938842134418,0.0052031252698877305
130.0,0.2892341356299537,4.0,0.13765630611351262,0.004991844115199789
131.0,0.2896021217624913,4.0,0.13874251697534157,0.004602449762866407
132.0,0.28996000753228146,3.9999999999999996,0.13970322142328184,0.004154326505179808
133.0,0.2903035396961858,4.0,0.14046917993739258,0.0036704410851362227
134.0,0.290630709429184,3.999999999999999,0.14128321754639994,0.0032048040112983424
135.0,0.2909366409728217,4.000000000000001,0.14202537367606832,0.0030482523143252086
136.0,0.291218003155687,4.0,0.14236268225811746,0.00335240415973381
137.0,0.29148367515643275,4.0,0.1429273045740026,0.0037667100565291927
138.0,0.29173411299088103,3.999999999999999,0.14352897845881188,0.004230383450348449
139.0,0.2919648340235002,3.9999999999999996,0.1438767559144038,0.0045513650414578735
140.0,0.29217946066629563,4.0,0.1443997337289225,0.004850486813958483
141.0,0.292377267043897,3.9999999999999996,0.14488768604373098,0.005009400582626579
142.0,0.2925580640922519,4.0,0.1453195232246691,0.004994125410730415
143.0,0.29272033652065316,3.999999999999999,0.14580668930291454,0.004986032243753996
144.0,0.29286460124762803,4.0,0.1461892156133991,0.004842559556002028
145.0,0.2929890127356891,3.999999999999999,0.1468727673545364,0.005276634660073193
146.0,0.29308264942009954,4.0,0.14711638881382186,0.004779974955225178
147.0,0.29315378677604775,3.999999999999999,0.14731710895908107,0.004353502392522382
148.0,0.29320155575928497,3.9999999999999996,0.1474424538576678,0.0037758069844312197
149.0,0.2932293850558564,4.000000000000001,0.14753095524687973,0.003400692097906298
150.0,0.29323772257994885,3.999999999999999,0.1475759583741487,0.0032492096784871626
151.0,0.2932265348475802,4.0,0.14758034326332983,0.0032165365363096216
152.0,0.2931957882822821,4.000000000000001,0.14752692127771144,0.0032637385145258733
153.0,0.2931458614299864,4.0,0.1474146887499133,0.0031735553088708852
154.0,0.29307818372245004,3.999999999999999,0.1472896498787632,0.0030496734823543185
155.0,0.29299395190349214,3.999999999999999,0.14713576670019837,0.002933350702361152
156.0,0.29289420112999054,4.000000000000001,0.14694478902050429,0.002880939928458208
157.0,0.2927798652487032,4.0,0.14669164921725286,0.0028587347282451356
158.0,0.29265218856511677,4.000000000000001,0.14644887047545277,0.0028863127072351496
159.0,0.2925121628428943,3.9999999999999996,0.14619259654918723,0.002898109270860057
160.0,0.29236045132616906,4.0,0.14591850253719194,0.002860331094260079
161.0,0.29219826432958834,3.999999999999999,0.14561634404659243,0.0028506976158688387
162.0,0.29202718920665566,3.9999999999999996,0.14528919396066428,0.002902983820752225
163.0,0.2918480733171094,4.000000000000002,0.14495035322623104,0.0030031627065614944
164.0,0.29166146516822333,4.0,0.1445810162569566,0.0030824692021691894
165.0,0.29146733442421285,3.999999999999999,0.1440801759824706,0.002855702820578159
166.0,0.29126729932733,3.9999999999999987,0.1436835318389495,0.002949168767953712
167.0,0.2910624074051064,4.000000000000001,0.1432853777785539,0.003041955958318689
168.0,0.29085352633926664,4.0,0.14284110606196274,0.0030494087398763663
169.0,0.29064081569638006,4.000000000000001,0.1423864252800776,0.003046553466751497
170.0,0.29042604142367523,4.0,0.14196956617353407,0.003094212387850716
171.0,0.2902107298377592,3.9999999999999996,0.14155831602535787,0.0031639721141328886
172.0,0.28999610452534785,4.000000000000001,0.14113256529341695,0.0032713652140321727
173.0,0.2897831958228313,4.0,0.14070047488405996,0.003377304375290211
174.0,0.2895728568042416,3.9999999999999996,0.1402665266557282,0.0034292778073748693
175.0,0.2893653548006955,3.999999999999999,0.13983238907085555,0.0033816257219803636
176.0,0.2891615138748923,4.0,0.13940983931338166,0.003319793336449282
177.0,0.2889596640189782,3.9999999999999996,0.13971769261844602,0.0037778361810385454
178.0,0.28875534388677637,4.000000000000001,0.13954374128284808,0.0039220208577236335
179.0,0.2885488728924402,4.000000000000002,0.13914128694084385,0.0035853163202795605
180.0,0.28834296714825447,3.999999999999999,0.1387439474211409,0.0032110191804024957
181.0,0.28813471963895193,4.0,0.13851292692881362,0.003112838451759576
182.0,0.28792746897230503,4.0,0.13819796857427794,0.002766679594200036
183.0,0.287723120584135,4.0,0.13781004747802517,0.002506628725554246
184.0,0.28751443036206964,4.0,0.13697647816812797,0.0034617342305932994
185.0,0.2873042305806034,3.9999999999999987,0.13657885726059177,0.002944071550855766
186.0,0.28709822967937937,4.0,0.13594793504386424,0.0032816167190039924
187.0,0.28689449619972224,4.000000000000002,0.1355608454997757,0.002989048244971599
188.0,0.2866999631654087,3.999999999999999,0.135223132158845,0.0033578046625514697
189.0,0.286513903598819,4.0,0.13491320654796055,0.004112233210400258
190.0,0.2863346208466551,4.000000000000001,0.13461130934528567,0.004668052826125001
191.0,0.28616052771427886,4.0,0.13431015728808093,0.0047439590521328795
192.0,0.2859909843617928,4.000000000000002,0.13398611147753955,0.004119660654537496
193.0,0.28582736878345727,3.999999999999999,0.1337041463176933,0.0033695369531072197
194.0,0.28567163914637395,4.0,0.1334286501229919,0.002593033877532737
195.0,0.2855246694926304,3.9999999999999996,0.13313224903078819,0.0021963703933631515
196.0,0.2853868834256782,4.0,0.13288952318971226,0.002414319779358079
197.0,0.2852556248756864,4.0,0.13257763323762237,0.0032460360375701556
198.0,0.285130971904338,4.0,0.1323889910253151,0.003294376644737125
199.0,0.28501338097591045,4.0,0.13222585382955085,0.00300910371298389
200.0,0.28490351903565125,3.9999999999999996,0.13209216129161389,0.0026208875976515863
201.0,0.2848019200915094,3.999999999999999,0.1319861785571711,0.002451449843637632
202.0,0.2847083840600228,4.0,0.13190515215015758,0.002621539250204482
203.0,0.2846219535347112,4.0,0.13184457180541437,0.002903499351736906
204.0,0.2845414323061316,4.0,0.13179705011806475,0.0030329767937909455
205.0,0.2844659950163998,4.0,0.1317542748912962,0.0028988919193887797
206.0,0.284395452389698,4.0,0.13171383229897818,0.002533323474040847
207.0,0.28433000811114933,4.000000000000001,0.13167340720805346,0.002087694633875527
208.0,0.284269843679676,3.9999999999999996,0.13163385219041332,0.0017889400620324245
209.0,0.28421482311292934,3.9999999999999982,0.1315914198844201,0.0017734473476212912
210.0,0.28416455384162564,4.0,0.13155666901723997,0.0019160619942231287
211.0,0.284118460757401,4.0,0.1315416939421695,0.002004060615804926
212.0,0.2840761083663124,4.0,0.13154813444235638,0.001928643687649434
213.0,0.28403726075495506,3.999999999999999,0.13159765281874058,0.0016960805778128845
214.0,0.2840018705267654,4.000000000000001,0.13165871876668636,0.0014603647105048813
215.0,0.28396994433702083,4.0,0.1317371417438589,0.001352114719825879
216.0,0.2839412834975952,3.9999999999999982,0.13182301765423465,0.0014224383668741247
217.0,0.2839155237715836,3.999999999999999,0.13190663380584153,0.0015585366432767302
218.0,0.28389228066667693,4.000000000000001,0.13198146076068715,0.0016349649826890474
219.0,0.2838712923330129,4.000000000000001,0.13204575267063795,0.0016053785945642218
220.0,0.2838524577375864,4.000000000000001,0.13210234217337866,0.001497031427764403
221.0,0.28383576023265367,4.0,0.1321570798186539,0.0013785048891714487
222.0,0.28382114509607215,3.9999999999999996,0.13221582371481516,0.0013252457379672778
223.0,0.28380846955268846,3.9999999999999987,0.1322831751073547,0.0013408770460225307
224.0,0.2837974986485808,4.0,0.1323611985356656,0.0013698198598278547
225.0,0.2837879856441864,3.999999999999999,0.13244946399374938,0.0013546108150810736
226.0,0.2837797380066044,3.9999999999999996,0.13254688160440012,0.0012745388911205187
227.0,0.28377262605164344,4.0,0.13265089392853532,0.001153638304558959
228.0,0.2837665522281514,4.000000000000001,0.13275889427223247,0.0010441096173594534
229.0,0.28376140672030536,3.9999999999999996,0.13286850095075242,0.0009911655392583097
230.0,0.2837570508254289,3.999999999999999,0.13297758538864204,0.0009920693963302277
231.0,0.2837533388080979,4.0,0.13308421997450598,0.001002582438364251
232.0,0.28375015793200964,3.9999999999999996,0.13318669720281315,0.0009833954566209546
233.0,0.2837474539336604,4.000000000000001,0.13328383170374197,0.0009262673545324896
234.0,0.2837451279853882,3.999999999999999,0.13337915376857973,0.0007938735656431155
235.0,0.2837432291638153,4.000000000000001,0.13346633190374171,0.0007388547312958328
236.0,0.28374179414947365,3.9999999999999987,0.13355275440365175,0.0007139073814307998
237.0,0.2837408038726743,4.0,0.1336377697399056,0.0007371640571343026
238.0,0.2837402697322343,4.0,0.13372391067185724,0.0007642314770188012
239.0,0.28374020009454204,4.000000000000001,0.13381137101663595,0.000773312316539787
240.0,0.28374060264622974,4.000000000000002,0.1339052983273497,0.0007773482160525172
241.0,0.28374147685352813,4.0,0.13400548002451426,0.0007878462366845319
242.0,0.2837428143942035,3.9999999999999996,0.13411006513206677,0.0008129553785388197
243.0,0.28374459762497,4.0,0.13421613688509537,0.0008480794494936306
244.0,0.2837468066104881,3.9999999999999996,0.1343206809109988,0.0008790138587728366
245.0,0.2837494250032866,4.000000000000001,0.13442127297128942,0.0008872095184446369
246.0,0.2837524656977972,4.0,0.13451732551646173,0.0008785563508383524
247.0,0.28375595524742603,3.999999999999999,0.1346090488788356,0.0008514816445732299
248.0,0.28375992622163115,4.0,0.1346978382502812,0.0008144043954475872
249.0,0.28376440642219664,4.0,0.13478547381586825,0.000774854254005682
250.0,0.28376941134665357,3.9999999999999996,0.1348735947571824,0.0007354600604791975
251.0,0.2837749434989061,4.0,0.13496335763380132,0.0006944986804633019
252.0,0.2837809953147004,4.000000000000001,0.13505518953924056,0.000644417529789801
253.0,0.2837875574356795,4.0,0.13514952704789707,0.0005988754739097183
254.0,0.28379462040535686,3.9999999999999996,0.13524603164603147,0.0005586773270985144
255.0,0.28380216284071036,4.0,0.13534368846325742,0.0005255965891603486
256.0,0.28381016995459396,3.999999999999999,0.13544329642672,0.0005152017773522363
257.0,0.2838186128090644,4.0,0.1355459532717238,0.0004960642116634678
258.0,0.28382745378694274,4.0,0.13564619264718447,0.0005081775328035816
259.0,0.28383669609509077,4.000000000000001,0.13574553288613886,0.0005237687688439862
260.0,0.28384626968502924,4.0,0.13584722659031695,0.00040595685364187926
261.0,0.28385596944169655,4.0,0.1359436077278828,0.00043236909634698827
262.0,0.28386590911920606,4.0,0.1360391471254904,0.00046967985230254796
263.0,0.28387608869149666,4.000000000000001,0.13613448186441662,0.0005149134326517729
264.0,0.2838864954884231,4.000000000000002,0.13623039996881953,0.0005624860364105805
265.0,0.2838971060545241,4.0,0.1363275075010672,0.0006068929165483115
266.0,0.28390788989623417,4.000000000000002,0.1364259552362251,0.0006443054072299691
267.0,0.2839188140448047,3.9999999999999987,0.13652532948090043,0.0006725808733429266
268.0,0.283929848395694,4.0,0.13662446806868772,0.0006917485403452083
269.0,0.2839409066390354,3.999999999999999,0.1367201819892753,0.000607770710695773
270.0,0.28395202332878655,3.999999999999999,0.13681675585489297,0.0006104329321442816
271.0,0.28396323497442316,3.999999999999999,0.13691115263268513,0.0006070316331308002
272.0,0.2839745461495652,4.000000000000001,0.13700305816980887,0.0005995955075662996
273.0,0.2839859704468676,4.0,0.13709249039314464,0.0005869997606885425
274.0,0.2839975235634862,3.9999999999999996,0.1371798603725213,0.0005704350436665805
275.0,0.2840092221899283,3.999999999999999,0.13726576416485686,0.0005513085165501128
276.0,0.2840210808790914,3.9999999999999996,0.137350807412663,0.00053076940838086
277.0,0.2840331097531882,4.000000000000001,0.1374354857156817,0.0005097345722324428
278.0,0.28404531318612036,4.0,0.13752013999565857,0.0004892504129867754
279.0,0.28405768922513847,3.9999999999999996,0.13760496982094472,0.0004707492383999356
280.0,0.28407022946464455,4.000000000000002,0.13769006926788405,0.00045584777008860465
281.0,0.28408291923609263,3.9999999999999996,0.1377754542893497,0.00044573212363038025
282.0,0.2840957381124335,3.999999999999999,0.13786107043950147,0.0004405890136858555
283.0,0.2841086607389838,3.999999999999999,0.1379467641693189,0.00043967074269350936
284.0,0.28412162210065484,4.000000000000002,0.13803284238365995,0.0004085826395914963
285.0,0.28413459019182374,4.0,0.1381182079516935,0.00041695435116842673
286.0,0.2841475569848868,4.0,0.13820333451576106,0.00042817896514260573
287.0,0.28416048744175854,4.0,0.13828804423682525,0.00044095519572506016
288.0,0.2841733432333446,4.0,0.1383722613810665,0.0004541268766781628
289.0,0.2841860837731782,4.0,0.138456003150033,0.00046657225940747256
290.0,0.28419866749105044,3.999999999999999,0.1385393216760602,0.00047730467705845873
291.0,0.28421105332018104,4.0,0.13862222264298793,0.00048562709007299505
292.0,0.28422320230578185,4.000000000000001,0.13870459906173743,0.0004911937791470419
293.0,0.2842350646519926,4.000000000000002,0.1387871962721477,0.00047585732309975165
294.0,0.2842466148131467,3.9999999999999996,0.1388678070442625,0.00047756506726326223
295.0,0.284257840714883,4.0,0.1389470741824239,0.0004785140886512971
296.0,0.2842687239892192,4.0,0.13902476713302914,0.00047837610743551635
297.0,0.28427925202007365,4.000000000000001,0.13910074360899166,0.0004770819035332954
298.0,0.284289417627369,4.0,0.13917502275380406,0.0004747583152738462
299.0,0.28429921804179104,3.999999999999999,0.1392477503913765,0.0004716996046199348
300.0,0.2843086534897701,3.999999999999999,0.1393191341077288,0.00046826826868139396
301.0,0.2843177257106124,4.0,0.1393893787650884,0.0004648039717276317
302.0,0.2843264308821035,3.9999999999999987,0.139458864918983,0.00045778241668898356
303.0,0.2843347747022812,3.999999999999999,0.13952730161395077,0.0004556587277593463
304.0,0.28434275862891767,4.0,0.1395949844413475,0.00045452953437018857
305.0,0.284350380525367,3.9999999999999996,0.13966193607599792,0.00045445486560937316
306.0,0.28435763654402246,3.9999999999999987,0.13972820533391503,0.00045533391134289485
307.0,0.28436452108116517,4.0,0.1397938091832871,0.0004569997424976201
308.0,0.2843710270988117,4.000000000000001,0.13985873244497776,0.00045920561498386675
309.0,0.28437714649722695,4.0,0.13992292018323813,0.0004616737169819578
310.0,0.2843828705290121,4.000000000000001,0.13998628326188708,0.0004641518788498224
311.0,0.28438819021605277,4.0,0.1400487204249113,0.0004664443410602202
312.0,0.28439309673235325,3.9999999999999996,0.14011014771549796,0.0004684149562563358
313.0,0.28439758172617224,4.0,0.14017052095740187,0.0004699809824306827
314.0,0.28440163757116255,3.999999999999999,0.14022984013950252,0.00047111198980982375
315.0,0.28440525755511875,4.000000000000001,0.14028813392460698,0.0004718330520488162
316.0,0.2844084360301735,4.0,0.140345432776895,0.0004722219259867904
317.0,0.28441116855149207,4.0,0.14040174473936531,0.00047239251473691956
318.0,0.284413452018098,3.999999999999999,0.1404570459118925,0.0004724670637769669
319.0,0.2844152848035435,4.0,0.14051128959416995,0.000472548729578041
320.0,0.28441666683806754,3.999999999999999,0.14056442844780934,0.000472706618936721
321.0,0.28441759959278395,3.9999999999999996,0.14061643798489093,0.00047297605414676325
322.0,0.2844180859303395,4.000000000000001,0.14066733004763685,0.00047336617730349846
323.0,0.2844181298228666,4.000000000000001,0.14071715095504697,0.00047386519778083
324.0,0.2844177359809681,4.0,0.14076596700342905,0.00047444097279720213
325.0,0.28441690946597775,3.9999999999999987,0.14081384566620236,0.00047504214002006294
326.0,0.2844156553588235,4.0,0.14086084149205413,0.00047560538989108576
327.0,0.2844139785345188,4.000000000000001,0.1409069916561812,0.000476068916477553
328.0,0.2844118835555955,4.0,0.14095232016694723,0.0004763865737941855
329.0,0.28440937466732724,4.0,0.14099684535644966,0.0004765360224196664
330.0,0.28440645586291713,4.000000000000001,0.14104058468224395,0.00047651755439779555
331.0,0.2844031309884909,3.9999999999999996,0.14108355386402038,0.00047634567716999893
332.0,0.2843994038681306,4.0,0.14112576177651706,0.0004760389619120688
333.0,0.2843952784387015,3.9999999999999996,0.1411672055469277,0.0004756128349019964
334.0,0.28439075888734355,4.000000000000001,0.14120787025507772,0.00047507651402065146
335.0,0.28438584978196657,4.000000000000001,0.14124773475609453,0.000474432794531079
336.0,0.28438055618157515,3.9999999999999996,0.14128678133861494,0.00047367940931336924
337.0,0.28437488371355824,3.999999999999999,0.1413250045227277,0.00047281165225612775
338.0,0.2843688386111672,4.0,0.14136241466368765,0.00047182598638290145
339.0,0.2843624277144567,4.000000000000001,0.14139903484821348,0.00047072351471194287
340.0,0.28435565844725824,3.999999999999999,0.1414348931397562,0.00046951167380612156
341.0,0.28434853878631705,3.9999999999999987,0.14147001450629318,0.00046820302949963065
342.0,0.2843410772343736,4.0,0.14150441655940266,0.00046681140595211174
343.0,0.2843332827988319,3.9999999999999982,0.14153811082427253,0.0004653469605113428
344.0,0.2843251649671277,3.999999999999999,0.14157110813198134,0.0004638122654817713
345.0,0.2843167336647989,4.0,0.1416034246480385,0.00046220061914079914
346.0,0.2843079991856636,3.9999999999999996,0.1416350850672632,0.0004604964652067628
347.0,0.2842989720940111,3.9999999999999996,0.14166612140593676,0.00045867714946479005
348.0,0.28428966311102133,3.9999999999999996,0.1416965683721874,0.00045671557458367877
349.0,0.28428008300544716,4.0,0.1417264580179511,0.0004545838288128172
350.0,0.28427024250828137,4.000000000000002,0.1417558164066769,0.00045225776055698855
351.0,0.28426015226333756,3.9999999999999996,0.14178466354842276,0.00044972177713486133
352.0,0.2842498228147239,3.9999999999999987,0.1418130158741149,0.00044697248855463063
353.0,0.28423926462323024,4.0,0.14184088923271293,0.0004440197874366357
354.0,0.2842284880999338,3.9999999999999996,0.14186830045998378,0.0004408847318238839
355.0,0.2842175036468361,3.9999999999999996,0.14189526678839687,0.0004375948259171698
356.0,0.2842063216984196,4.0,0.14192180388781175,0.00043417826517437553
357.0,0.28419495276138546,3.9999999999999996,0.14194792419599356,0.00043065888496182474
358.0,0.2841834074507424,3.999999999999999,0.14197363694321838,0.00042705298737925966
359.0,0.2841716965192902,4.0,0.14199895013974115,0.00042336841415917037
360.0,0.2841598308763319,3.9999999999999996,0.14202387353478338,0.0004196055893583935
361.0,0.28414782159203755,4.000000000000001,0.1420484209479509,0.0004157598691378784
362.0,0.2841356798867845,4.000000000000001,0.14207261075077995,0.00041182437227235805
363.0,0.28412341710880107,3.999999999999999,0.14209646435866127,0.00040779251225244595
364.0,0.2841110447064,4.0,0.14212000370109043,0.000403659683370899
365.0,0.2840985742012376,4.0,0.14214324912059426,0.00039942388907196903
366.0,0.2840860171661779,3.9999999999999996,0.1421662187698402,0.00039508544014779185
367.0,0.2840733852069818,4.0,0.14218892961697474,0.00039064608834145104
368.0,0.28406068994354744,4.0,0.14221139923184156,0.00038610801515585815
369.0,0.28404794298569147,4.000000000000001,0.14223364715040254,0.00038147298610478084
370.0,0.28403515590085254,3.999999999999999,0.14225569496930712,0.0003767418415245814
371.0,0.2840223401752859,4.0,0.1422775651354582,0.00037191443661716505
372.0,0.2840095071740615,4.0,0.14229927915228205,0.0003669901293507887
373.0,0.2839966681065818,4.0,0.14232085619142906,0.0003619688273332288
374.0,0.28398383400288874,4.0,0.1423423127701986,0.0003568524015188773
375.0,0.28397101570266087,4.0,0.14236366348515544,0.00035164604441138836
376.0,0.2839582238553101,4.0,0.14238492221039828,0.0003463590425417948
377.0,0.283945468927468,4.0,0.1424061030072624,0.00034100455457551117
378.0,0.28393276121391253,3.9999999999999996,0.14242722029787921,0.0003355983242690133
379.0,0.2839201108490507,4.0,0.14244828838925244,0.00033015666110930127
380.0,0.28390752781732004,3.9999999999999996,0.142469320844904,0.00032469428748280735
381.0,0.28389502196146943,3.999999999999999,0.14249033024654337,0.00031922266247569385
382.0,0.2838826029875399,3.999999999999999,0.14251132857589233,0.00031374918221554896
383.0,0.28387028046505924,4.0,0.14253232800573015,0.0003082773513430437
384.0,0.28385806382122925,4.000000000000001,0.14255334160978572,0.0003028077460841446
385.0,0.2838459623290158,4.0,0.14257438355022656,0.00029733942523197613
386.0,0.28383398509067614,4.0,0.14259546862874642,0.00029187141297912206
387.0,0.28382214101955155,4.0,0.14261661147223564,0.0002864039473984086
388.0,0.2838104388231567,3.9999999999999996,0.14263782582502382,0.0002809393051289936
389.0,0.283798886989543,3.9999999999999996,0.14265912432433175,0.00027548213042578895
390.0,0.283787493777109,3.9999999999999996,0.14268051882072644,0.00027003929269019133
391.0,0.2837762672064229,4.0,0.1427020209764223,0.00026461936504567875
392.0,0.2837652150520048,4.000000000000001,0.1427236427301988,0.0002592318627992492
393.0,0.2837543448326354,3.999999999999999,0.14274539633045916,0.0002538864153604171
394.0,0.2837436638001771,4.0,0.14276729391882526,0.00024859206675829286
395.0,0.2837331789282844,4.000000000000001,0.14278934691336156,0.00024335688440058097
396.0,0.2837228969030308,4.0,0.14281156553567173,0.0002381879776800542
397.0,0.283712824117136,4.0,0.14283395871040624,0.00023309189399003908
398.0,0.28370296666844125,4.0,0.1428565343306168,0.0002280752174553722
399.0,0.28369333036215727,3.999999999999999,0.14287929968183297,0.0002231451112224039
400.0,0.2836839207157136,4.0,0.14290226176782342,0.0002183095648484023
401.0,0.2836747429649448,3.9999999999999996,0.14292542739264077,0.00021357723261996597
402.0,0.28366580207063463,4.000000000000001,0.14294880303660937,0.00020895692015137683
403.0,0.2836571027247634,4.0,0.14297239469387826,0.00020445691388395662
404.0,0.2836486493559057,3.999999999999999,0.14299620783885283,0.00020008439275947542
405.0,0.2836404461331494,3.999999999999999,0.14302024757271287,0.00019584510770321147
406.0,0.28363249696788223,3.999999999999999,0.14304451885759942,0.0001917434021688909
407.0,0.283624805513064,4.0,0.14306902667377394,0.00018778253125895992
408.0,0.2836173751602017,3.9999999999999996,0.1430937759788419,0.00018396516060442472
409.0,0.28361020903494794,4.0,0.14311877147368682,0.00018029390354741992
410.0,0.2836033099927008,3.9999999999999996,0.14314401730145,0.00017677177343105942
411.0,0.2835966806155376,3.9999999999999996,0.1431695168452665,0.00017340246350163352
412.0,0.2835903232112631,3.999999999999999,0.14319527272605717,0.00017019040403090947
413.0,0.28358423981456676,3.9999999999999996,0.14322128697893072,0.00016714058204982528
414.0,0.28357843218965073,3.999999999999999,0.14324756128482757,0.00016425814797540542
415.0,0.2835729018334703,3.999999999999999,0.14327409711369202,0.00016154787739151478
416.0,0.2835676499789762,3.999999999999999,0.143300895702467,0.0001590135978966042
417.0,0.28356267759823767,4.0,0.14332795789718702,0.00015665771268130954
418.0,0.2835579854057567,4.0,0.1433552839655598,0.0001544809358559046
419.0,0.2835535738624453,3.9999999999999996,0.14338287349126583,0.00015248229506609694
420.0,0.2835494431805937,3.9999999999999996,0.14341072539935887,0.00015065937281080302
421.0,0.28354559332985885,4.000000000000001,0.14343883807972022,0.00014900868334346055
422.0,0.2835420240440418,4.0,0.14346720952594333,0.00014752604976380246
423.0,0.283538734828328,3.999999999999999,0.14349583741655836,0.00014620686894981837
424.0,0.2835357249667142,4.0,0.14352471911954198,0.0001450462162388823
425.0,0.2835329935294372,3.9999999999999996,0.1435538516580371,0.00014403881389244767
426.0,0.2835305393802451,3.9999999999999996,0.14358323169653756,0.00014317893434357274
427.0,0.28352836118330293,3.999999999999999,0.14361285558193845,0.0001424603160128427
428.0,0.28352645740945975,3.9999999999999996,0.14364271942463072,0.0001418761435277687
429.0,0.2835248263416464,4.0,0.14367281916798097,0.0001414191062572518
430.0,0.2835234660793624,3.999999999999999,0.14370315059585545,0.00014108151905416042
431.0,0.2835223745424911,4.000000000000001,0.14373370926553208,0.00014085547602972367
432.0,0.28352154947492947,3.999999999999999,0.14376449040096728,0.0001407330089374228
433.0,0.2835209884485883,4.000000000000001,0.14379548880695384,0.00014070622754482103
434.0,0.2835206888681902,3.9999999999999987,0.14382669885216587,0.0001407674241649008
435.0,0.2835206479769966,3.999999999999999,0.1438581145278409,0.00014090912852996468
436.0,0.28352086286331374,4.000000000000001,0.143889729546171,0.00014112410652966382
437.0,0.283521330467448,3.999999999999999,0.14392153742462188,0.000141405309434806
438.0,0.2835220475887857,4.000000000000001,0.14395353151806833,0.00014174579640951213
439.0,0.2835230108928074,4.000000000000001,0.14398570499680066,0.00014213866494568213
440.0,0.28352421691799423,4.0,0.144018050800686,0.000142577023662503
441.0,0.28352566208268587,3.9999999999999996,0.1440505616088112,0.00014305402734546602
442.0,0.2835273426919481,3.999999999999999,0.14408322984742247,0.00014356297048063855
443.0,0.2835292549444517,4.0,0.14411604773106015,0.00014409741344110306
444.0,0.283531394939313,4.000000000000001,0.14414900731208266,0.00014465130481466744
445.0,0.2835337586828359,4.0,0.1441821005139257,0.0001452190680273268
446.0,0.2835363420951308,4.0,0.14421531914037253,0.00014579563660775747
447.0,0.2835391410166136,3.9999999999999987,0.14424865487273897,0.00014637644126663224
448.0,0.2835421512143901,3.999999999999999,0.14428209927487995,0.00014695736489027324
449.0,0.2835453683884866,3.999999999999999,0.14431564381757392,0.00014753468476346596
450.0,0.2835487881778412,4.0,0.14434927991644997,0.00014810501675730121
451.0,0.28355240616595967,3.9999999999999996,0.14438299896448822,0.00014866526892138971
452.0,0.28355621788619567,3.9999999999999996,0.14441679234084934,0.00014921260643321654
453.0,0.2835602188267101,4.000000000000001,0.14445065139182187,0.00014974442768522013
454.0,0.28356440443525993,3.9999999999999982,0.1444845673972207,0.00015025835100912821
455.0,0.2835687701239976,4.0,0.1445185315447709,0.00015075221079625367
456.0,0.2835733112744291,4.0,0.1445525349300607,0.00015122405961641436
457.0,0.28357802324257153,4.0,0.14458656858431,0.00015167217044433136
458.0,0.2835829013642622,3.9999999999999982,0.1446206235167185,0.00015209503248141351
459.0,0.2835879409604976,4.0,0.144654690752069,0.00015249133658869123
460.0,0.2835931373426919,4.000000000000001,0.1446887613502894,0.00015285995135245575
461.0,0.28359848581777125,3.9999999999999987,0.14472282640757078,0.0001531998957086855
462.0,0.28360398169308004,4.000000000000001,0.14475687704944565,0.00015351031615831913
463.0,0.2836096202811013,4.000000000000001,0.1447909044284665,0.00015379047463894854
464.0,0.2836153969039893,3.999999999999999,0.1448248997327771,0.00015403974820195102
465.0,0.2836213068979108,4.000000000000002,0.14485885420259564,0.00015425763649354863
466.0,0.2836273456171837,4.0,0.14489275914623903,0.00015444377027195674
467.0,0.2836335084382092,3.9999999999999996,0.144926605949024,0.00015459791490753422
468.0,0.2836397907632234,4.0,0.14496038607497802,0.00015471996608250611
469.0,0.2836461880238942,3.999999999999999,0.14499409106728395,0.00015480993856624323
470.0,0.2836526956847903,3.999999999999999,0.1450277125542485,0.00015486795111880898
471.0,0.28365930924671834,3.999999999999999,0.1450612422629031,0.00015489421063441912
472.0,0.28366602424990467,3.999999999999999,0.14509467203583376,0.00015488899735920979
473.0,0.28367283627698914,4.0,0.14512799384339503,0.0001548526517338229
474.0,0.2836797409558207,4.0,0.14516119978562358,0.0001547855629986841
475.0,0.2836867339620738,3.9999999999999996,0.1451942820843876,0.00015468816007326329
476.0,0.2836938110217347,4.0,0.14522723307228702,0.00015456090559559115
477.0,0.2837009679135133,3.999999999999999,0.14526004518656438,0.000154404293649789
478.0,0.28370820047121303,4.000000000000001,0.14529271097286303,0.00015421885056528042
479.0,0.283715504586065,4.0,0.1453252230976012,0.00015400513692518611
480.0,0.2837228762089971,3.9999999999999982,0.1453575743630571,0.00015376374844743222
481.0,0.28373031135280546,4.000000000000001,0.1453897577187443,0.00015349531414469
482.0,0.28373780609419624,3.999999999999999,0.14542176626603817,0.00015320049173157276
483.0,0.2837453565756849,4.0,0.1454535932575683,0.00015287996173942768
484.0,0.28375295900735403,3.9999999999999987,0.1454852320954859,0.00015253442234971657
485.0,0.28376060966847294,3.999999999999999,0.14551667633198503,0.00015216458632038402
486.0,0.2837683049089821,4.0,0.14554791967252517,0.0001517711800665465
487.0,0.28377604115084165,4.0,0.14557895597954806,0.00015135494380784747
488.0,0.2837838148892472,4.000000000000001,0.14560977927405042,0.00015091663136906393
489.0,0.2837916226937244,3.9999999999999996,0.14564038373422816,0.0001504570087725213
490.0,0.28379946120911875,3.999999999999999,0.14567076369287751,0.00014997685168527858
491.0,0.2838073271565007,4.0,0.14570091363632234,0.00014947694244721595
492.0,0.2838152173339957,4.0,0.14573082820649927,0.0001489580674418165
493.0,0.28382312861753733,4.0,0.14576050220535428,0.00014842101510797854
494.0,0.2838310579615395,4.0,0.1457899305987683,0.00014786657439052627
495.0,0.2838390023994778,4.0,0.14581910851722538,0.00014729553325060102
496.0,0.2838469590443855,4.0,0.14584803125238624,0.0001467086771096004
497.0,0.28385492508927734,4.0,0.14587669425121544,0.0001461067874841841
498.0,0.2838628978075195,3.9999999999999996,0.14590509311066066,0.00014549064123947216
499.0,0.28387087455316,4.0,0.14593322357526184,0.00014486101067186675
500.0,0.28387885276122704,4.0,0.145961081538048,0.00014421866418401057
501.0,0.2838868299479888,3.9999999999999996,0.14598866304309463,0.00014356436696798592
502.0,0.28389480371116693,3.9999999999999987,0.14601596428743083,0.00014289888113271378
503.0,0.2839027717300957,4.0,0.1460429816208459,0.00014222296509877727
504.0,0.28391073176582715,4.0,0.14606971154373136,0.00014153737256663275
505.0,0.2839186816611809,4.0,0.14609615070421245,0.00014084285161740804
506.0,0.2839266193407497,4.0,0.14612229589579648,0.0001401401443840092
507.0,0.283934542810861,4.0,0.14614814405582496,0.00013942998732492564
508.0,0.2839424501594982,4.0,0.14617369226403223,0.00013871311175284835
509.0,0.2839503395561862,4.0,0.14619893774028092,0.00013799024415229183
510.0,0.2839582092518459,3.999999999999999,0.14622387784117416,0.0001372621060206611
511.0,0.2839660575786257,3.9999999999999987,0.14624851005617967,0.00013652941331358126
512.0,0.28397388294972037,4.000000000000001,0.14627283200436342,0.0001357928758258767
513.0,0.28398168385918116,3.999999999999999,0.14629684143244107,0.00013505319683675314
514.0,0.2839894588817189,4.000000000000001,0.14632053621390786,0.00013431107313991055
515.0,0.28399720667250183,4.000000000000001,0.1463439143482135,0.00013356719534405364
516.0,0.2840049259669425,4.0,0.14636697395886558,0.00013282224821805
517.0,0.2840126155804791,4.0,0.1463897132900392,0.0001320769109445815
518.0,0.28402027440835653,4.0,0.14641213070221218,0.00013133185730207814
519.0,0.28402790142541284,3.9999999999999996,0.14643422466788858,0.00013058775589822047
520.0,0.28403549568587905,3.9999999999999996,0.1464559937682965,0.0001298452705396164
521.0,0.28404305632319476,3.999999999999999,0.1464774366912284,0.0001291050606864469
522.0,0.2840505825498384,4.0,0.14649855222948263,0.0001283677818338205
523.0,0.28405807365717184,3.9999999999999982,0.14651933927912447,0.0001276340856802083
524.0,0.2840655290152947,4.000000000000001,0.1465397968370979,0.0001269046200764229
525.0,0.2840729480729148,4.000000000000001,0.1465599239982736,0.00012618002891165686
526.0,0.28408033035722974,4.0,0.1465797199523712,0.00012546095214070678
527.0,0.2840876754738296,4.0,0.1465991839811344,0.0001247480260779571
528.0,0.2840949831066204,4.0,0.1466183154557749,0.00012404188390416742
529.0,0.2841022530177697,4.000000000000002,0.1466371138343783,0.0001233431561915114
530.0,0.2841094850476791,3.999999999999999,0.14665557865895223,0.00012265247124007545
531.0,0.2841166791149846,4.000000000000002,0.14667370955208586,0.00012197045512259842
532.0,0.28412383521659273,4.0,0.1466915062135398,0.0001212977314972917
533.0,0.2841309534277488,3.9999999999999996,0.1467089684171958,0.00012063492134038486
534.0,0.28413803390214815,4.0,0.1467260960085942,0.00011998264275028921
535.0,0.2841450768720847,4.0,0.14674288890289822,0.00011934151088271314
536.0,0.28415208264863934,3.999999999999999,0.1467593470828589,0.00011871213798312547
537.0,0.2841590516219077,3.999999999999999,0.14677547059638452,0.0001180951334452079
538.0,0.2841659842612687,3.999999999999999,0.14679125955361663,0.0001174911038469735
539.0,0.28417288111569755,3.9999999999999996,0.1468067141237532,0.00011690065296198028
540.0,0.28417974281412434,4.0,0.1468218345320051,0.00011632438176123653
541.0,0.2841865700658438,4.000000000000001,0.14683662105695014,0.00011576288839294434
542.0,0.2841933636609754,3.9999999999999996,0.14685107402827335,0.00011521676808722851
543.0,0.2842001244709745,3.9999999999999996,0.14686519382466331,0.00011468661292004315
544.0,0.284206853449195,3.9999999999999996,0.14687898087161846,0.00011417301141073829
545.0,0.2842135516315043,3.9999999999999987,0.14689243563907026,0.00011367654799654086
546.0,0.28422022013694803,4.0,0.14690555863891813,0.00011319780247867433
547.0,0.2842268601684723,4.000000000000001,0.14691835042263668,0.0001127373495304168
548.0,0.284233473013698,3.9999999999999987,0.14693081157903243,0.00011229575829288772
549.0,0.2842400600457531,4.0,0.1469429427320851,0.00011187359201078121
550.0,0.2842466227241643,3.9999999999999996,0.14695474453873172,0.00011147140761386801
551.0,0.28425316259580613,4.000000000000001,0.14696621768650794,0.00011108975516365269
552.0,0.28425968129591384,3.9999999999999996,0.14697736289110455,0.00011072917714589157
553.0,0.28426618054915864,3.9999999999999996,0.14698818089400084,0.0001103902076448846
554.0,0.284272662170789,4.000000000000001,0.14699867246032577,0.00011007337147029092
555.0,0.2842791280678383,4.0,0.14700883837697135,0.00010977918329028449
556.0,0.28428558024039763,4.000000000000001,0.14701867945084104,0.00010950814679654578
557.0,0.2842920207829576,3.999999999999999,0.14702819650706386,0.00010926075389823517
558.0,0.2842984518858144,4.000000000000001,0.14703739038706554,0.00010903748393370605
559.0,0.28430487583654657,4.0,0.1470462619465216,0.00010883880289694931
560.0,0.2843112950215594,4.000000000000001,0.147054812053315,0.00010866516267681895
561.0,0.2843177119277013,4.000000000000001,0.14706304158562278,0.00010851700030187511
562.0,0.28432412914395205,4.0,0.14707095143017423,0.0001083947371657936
563.0,0.28433054936318325,3.999999999999999,0.14707854248062796,0.00010829877820602501
564.0,0.28433697538399233,4.0,0.14708581563597686,0.00010822951102463677
565.0,0.2843434101126101,4.0,0.14709277179892652,0.0001081873049701205
566.0,0.2843498565648803,4.0,0.14709941187426362,0.000108172510226749
567.0,0.2843563178683156,4.0,0.14710573676727187,0.0001081854569654424
568.0,0.2843627972642263,4.0,0.14711174738223837,0.00010822645459016895
569.0,0.2843692981099253,3.9999999999999996,0.14711744462103865,0.00010829579107901072
570.0,0.28437582388100807,3.9999999999999996,0.14712282938174565,0.00010839373239528879
571.0,0.2843823781737091,3.999999999999999,0.1471279025572212,0.00010852052193431007
572.0,0.28438896470733377,3.9999999999999996,0.1471326650336898,0.00010867637998780241
573.0,0.2843955873267686,4.0,0.14713711768935578,0.0001088615032298005
574.0,0.2844022500050681,3.999999999999999,0.14714126139312797,0.00010907606424336068
575.0,0.28440895684611833,4.0,0.14714509700348208,0.00010932021111053143
576.0,0.28441571208737954,4.0,0.14714862536743353,0.0001095940670814129
577.0,0.2844225201027026,4.0,0.1471518473195573,0.00010989773032911996
578.0,0.2844293854052228,4.0,0.14715476368100688,0.00011023127379098571
579.0,0.2844363126503281,3.999999999999999,0.14715737525852962,0.00011059474509424836
580.0,0.284443306638702,3.9999999999999996,0.14715968284351724,0.000110988166561751
581.0,0.28445037231943987,4.0,0.14716168721114042,0.00011141153528488621
582.0,0.2844575147932389,4.0,0.14716338911959215,0.00011186482324773555
583.0,0.2844647393156592,4.000000000000001,0.1471647893094259,0.00011234797748319927
584.0,0.28447205130045616,4.000000000000001,0.14716588850296122,0.00011286092025079065
585.0,0.2844794563229814,3.999999999999999,0.1471666874037372,0.0001134035492374435
586.0,0.2844869601236505,4.0,0.1471671866960207,0.00011397573779478233
587.0,0.28449456861147704,4.0,0.14716738704439516,0.00011457733522836817
588.0,0.2845022878676686,4.000000000000002,0.14716728909345014,0.00011520816714917136
589.0,0.2845101241492847,4.0,0.14716689346756953,0.0001158680358811221
590.0,0.28451808389295086,3.999999999999999,0.14716620077080197,0.00011655672091068084
591.0,0.2845261737186299,3.9999999999999996,0.14716521158679688,0.00011727397935674867
592.0,0.28453440043344463,4.000000000000001,0.14716392647881052,0.000118019546443115
593.0,0.2845427710355486,3.9999999999999996,0.14716234598980488,0.00011879313596427769
594.0,0.28455129271804225,3.9999999999999987,0.14716047064267151,0.00011959444073942566
595.0,0.28455997287293056,4.0,0.1471583009405953,0.00012042313305769414
596.0,0.28456881909511683,3.999999999999999,0.14715583736755353,0.00012127886511464683
597.0,0.28457783918642776,3.999999999999999,0.14715308038893032,0.00012216126944198017
598.0,0.2845870411596643,3.999999999999999,0.14715003045223357,0.00012306995933040427
599.0,0.28459643324267436,3.9999999999999987,0.14714668798791744,0.00012400452924261253
600.0,0.2846060238824376,4.0,0.14714305341032827,0.00012496455521297066
601.0,0.28461582174916067,4.0,0.14713912711879895,0.00012594959522472274
602.0,0.2846258357403711,4.000000000000002,0.14713490949890068,0.0001269591895563857
603.0,0.284636074985007,4.0,0.14713040092385563,0.00012799286108820866
604.0,0.2846465488474902,4.0,0.14712560175610104,0.00012905011556475256
605.0,0.2846572669317786,4.0,0.14712051234900858,0.00013013044181574502
606.0,0.2846682390853856,4.000000000000001,0.14711513304876556,0.00013123331194161522
607.0,0.2846794754033588,4.0,0.14710946419643536,0.000132358181471534
608.0,0.28469098623220707,4.0,0.1471035061302085,0.00013350448950083822
609.0,0.2847027821737662,4.0,0.14709725918784786,0.00013467165880695116
610.0,0.2847148740889908,4.000000000000001,0.14709072370932658,0.00013585909594313056
611.0,0.2847272731016611,4.000000000000001,0.14708390003965702,0.00013706619130236127
612.0,0.2847399906019926,4.000000000000001,0.1470767885319212,0.0001382923191504269
613.0,0.28475303825013415,4.0,0.14706938955051607,0.00013953683762350875
614.0,0.2847664279795425,3.999999999999999,0.14706170347463174,0.00014079908869410606
615.0,0.2847801720002168,4.000000000000002,0.1470537307019712,0.00014207839810860274
616.0,0.2847942828017809,3.9999999999999996,0.1470454716527135,0.000143374075302549
617.0,0.28480877315639197,4.0,0.14703692677371627,0.00014468541330109964
618.0,0.2848236561214671,4.0,0.14702809654295998,0.0001460116886103175
619.0,0.28483894504220264,3.999999999999999,0.14701898147423884,0.00014735216110375223
620.0,0.28485465355387285,3.9999999999999982,0.14700958212211124,0.00014870607390870142
621.0,0.2848707955838889,4.0,0.14699989908712002,0.0001500726532918106
622.0,0.2848873853535979,3.999999999999999,0.1469899330212884,0.00015145110854427506
623.0,0.28490443737980153,4.0,0.14697968463389208,0.00015284063186916252
624.0,0.2849219664759766,4.0,0.14696915469750887,0.00015424039827077821
625.0,0.2849399877531719,4.0,0.14695834405434538,0.00015564956545523412
626.0,0.2849585166205648,4.0,0.14694725362284866,0.00015706727374617478
627.0,0.28497756878564995,4.000000000000001,0.14693588440460476,0.0001584926460245632
628.0,0.28499716025404154,4.0,0.146924237491528,0.00015992478769989493
629.0,0.2850173073288629,3.999999999999999,0.14691231407333588,0.00016136278671726874
630.0,0.2850380266097008,4.0,0.14690011544530687,0.00016280571360304381
631.0,0.28505933499110053,4.000000000000002,0.14688764301631377,0.0001642526215524476
632.0,0.2850812496605766,3.9999999999999996,0.14687489831713377,0.0001657025465597373
633.0,0.28510378809611325,3.9999999999999987,0.14686188300903003,0.0001671545075963809
634.0,0.2851269680631328,4.0,0.1468485988926037,0.000168607506838476
635.0,0.2851508076109043,4.0,0.14683504791690624,0.00017006052995089549
636.0,0.2851753250683671,3.9999999999999996,0.14682123218879686,0.00017151254643442337
637.0,0.285200539039347,4.000000000000002,0.14680715398253197,0.00017296251004199464
638.0,0.28522646839713767,4.0,0.14679281574956962,0.0001744093592710613
639.0,0.285253132278424,4.0,0.1467782201285732,0.00017585201793673212
640.0,0.2852805500765239,4.000000000000001,0.1467633699555997,0.00017728939583042458
641.0,0.28530874143392454,4.0,0.14674826827445103,0.00017872038946603377
642.0,0.2853377262340905,4.0,0.14673291834716595,0.00018014388291683333
643.0,0.2853675245925229,3.9999999999999996,0.14671732366462298,0.00018155874874476146
644.0,0.28539815684704883,3.999999999999999,0.14670148795722637,0.00018296384902534636
645.0,0.2854296435473208,4.0,0.14668541520564304,0.00018435803647141535
646.0,0.28546200544351014,4.0,0.14666910965155888,0.00018574015566151517
647.0,0.28549526347417625,4.0,0.14665257580841606,0.0001871090443747819
648.0,0.2855294387532994,3.999999999999999,0.14663581847209342,0.00018846353503748094
649.0,0.2855645525564629,4.0,0.14661884273148376,0.0001898024562820681
650.0,0.28560062630617644,3.999999999999999,0.1466016539789224,0.00019112463461985868
651.0,0.28563768155633085,3.9999999999999996,0.14658425792041763,0.00019242889622848893
652.0,0.28567573997578133,4.000000000000001,0.14656666058563464,0.00019371406885079003
653.0,0.2857148233310564,3.9999999999999996,0.14654886833757946,0.00019497898380563622
654.0,0.2857549534681929,4.000000000000002,0.14653088788192653,0.00019622247810969175
655.0,0.2857961522937033,4.000000000000001,0.1465127262759315,0.00019744339670606898
656.0,0.2858384417546811,4.0,0.1464943909368644,0.00019864059480074136
657.0,0.2858818438180579,4.000000000000001,0.1464758896499001,0.00019981294030317747
658.0,0.2859263804490264,4.0,0.14645723057540116,0.00020095931636672192
659.0,0.28597207358865095,4.0,0.14643842225552645,0.00020207862402496114
660.0,0.28601894513068676,4.000000000000002,0.1464194736200975,0.0002031697849174887
661.0,0.28606701689764036,3.999999999999999,0.14640039399165503,0.00020423174409617346
662.0,0.2861163106161,4.0,0.14638119308963377,0.00020526347290428733
663.0,0.28616684789137886,4.0,0.14636188103358658,0.00020626397191744237
664.0,0.28621865018150905,4.0,0.14634246834538808,0.00020723227393638243
665.0,0.2862717387706376,4.0,0.14632296595034963,0.0002081674470208571
666.0,0.2863261347418756,3.999999999999999,0.14630338517718028,0.00020906859755123738
667.0,0.28638185894965773,4.0,0.1462837377567261,0.00020993487330800837
668.0,0.28643893199167614,3.999999999999999,0.1462640358194283,0.0002107654665510632
669.0,0.28649737418045446,4.0,0.1462442918914363,0.0002115596170878867
670.0,0.2865572055146353,4.0,0.1462245188893247,0.00021231661531070751
671.0,0.28661844565005734,4.0,0.14620473011336035,0.0002130358051877745
672.0,0.2866811138707032,4.000000000000002,0.1461849392392782,0.0002137165871879036
673.0,0.2867452290596051,4.000000000000001,0.1461651603085236,0.00021435842112149794
674.0,0.2868108096697939,4.0,0.1461454077169312,0.00021496082887756233
675.0,0.28687787369538936,3.999999999999999,0.146125696201813,0.00021552339703704125
676.0,0.28694643864292313,4.0,0.14610604082743822,0.00021604577934468153
677.0,0.28701652150299695,4.0,0.14608645696889708,0.00021652769901592224
678.0,0.2870881387223751,3.9999999999999996,0.14606696029434865,0.00021696895086390668
679.0,0.28716130617661356,4.000000000000001,0.14604756674566458,0.00021736940322241693
680.0,0.2872360391433333,4.0,0.14602829251748928,0.000217728999646597
681.0,0.2873123522762383,3.999999999999999,0.14600915403474835,0.000218047760372735
682.0,0.2873902595799859,3.999999999999999,0.145990167928647,0.0002183257835171192
683.0,0.2874697743860124,4.000000000000001,0.14597135101121528,0.0002185632459961538
684.0,0.28755090932941674,3.9999999999999996,0.14595272024846345,0.00021876040415278993
685.0,0.28763367632700154,3.9999999999999987,0.14593429273222627,0.00021891759407354695
686.0,0.28771808655657094,3.999999999999999,0.14591608565078734,0.00021903523158269564
687.0,0.2878041504375777,3.999999999999999,0.1458981162583804,0.00021911381190316365
688.0,0.28789187761320806,3.9999999999999996,0.1458804018436819,0.00021915390897502834
689.0,0.2879812769339911,3.999999999999999,0.14586295969741697,0.00021915617442288854
690.0,0.2880723564430073,3.999999999999999,0.1458458070792108,0.00021912133616935602
691.0,0.2881651233627708,4.0,0.14582896118382926,0.0002190501966907645
692.0,0.28825958408384716,4.000000000000001,0.1458124391069604,0.00021894363091575633
693.0,0.2883557441552644,3.999999999999999,0.14579625781069563,0.00021880258377032313
694.0,0.2884536082767619,4.000000000000001,0.14578043408887528,0.0002186280673762312
695.0,0.28855318029291976,4.000000000000001,0.14576498453247272,0.0002184211579099447
696.0,0.28865446318919197,3.9999999999999996,0.1457499254951901,0.00021818299213803252
697.0,0.2887574590898642,3.999999999999999,0.1457352730594472,0.00021791476364199213
698.0,0.2888621692579454,3.999999999999999,0.14572104300294278,0.00021761771875284972
699.0,0.2889685940969867,4.0,0.14570725076596983,0.000217293152215146
700.0,0.2890767331548172,3.9999999999999996,0.1456939114196631,0.00021694240260682938
701.0,0.2891865851291694,4.0,0.14568103963535495,0.0002165668475404657
702.0,0.2892981478751609,4.0,0.14566864965521206,0.00021616789867502732
703.0,0.2894114184145849,3.999999999999999,0.1456567552643155,0.0002157469965706393
704.0,0.28952639294695215,4.000000000000001,0.14564536976434353,0.0002153056054191246
705.0,0.2896430668622199,4.0,0.14563450594900262,0.00021484520768576398
706.0,0.28976143475512883,4.000000000000001,0.14562417608134393,0.0002143672986995912
707.0,0.2898814904410638,3.999999999999999,0.1456143918730883,0.00021387338122802002
708.0,0.290003226973345,4.0,0.1456051644660704,0.0002133649600751816
709.0,0.2901266366618472,4.0,0.14559650441589755,0.00021284353674028627
710.0,0.29025171109283854,4.0,0.14558842167790195,0.0002123106041751229
711.0,0.29037844114992606,4.0,0.1455809255954498,0.0002117676416752713
712.0,0.29050681703598835,3.999999999999999,0.14557402489065285,0.00021121610994132795
713.0,0.2906368282959708,4.0,0.14556772765750822,0.00021065744634398431
714.0,0.2907684638404213,3.9999999999999996,0.14556204135747833,0.00021009306042320543
715.0,0.2909017119696349,4.0,0.14555697281749944,0.0002095243296516485
716.0,0.2910365603982824,4.000000000000001,0.14555252823039308,0.00020895259548745502
717.0,0.29117299628039417,3.999999999999999,0.1455487131576345,0.00020837915974046447
718.0,0.29131100623457284,4.0,0.145545532534417,0.0002078052812698036
719.0,0.2914505763693128,4.0,0.14554299067693183,0.00020723217302960902
720.0,0.2915916923083055,3.9999999999999996,0.1455410912917696,0.0002066609994742929
721.0,0.2917343392156171,3.999999999999999,0.1455398374873334,0.00020609287433076963
722.0,0.2918785018206274,4.0,0.14553923178714226,0.0002055288587423473
723.0,0.2920241644426298,4.000000000000001,0.1455392761448877,0.00020496995978291083
724.0,0.29217131101499255,4.0,0.14553997196110116,0.00020441712933848998
725.0,0.29231992510879695,4.0,0.14554132010127466,0.0002038712633473966
726.0,0.2924699899558716,4.0,0.14554332091527597,0.00020333320138820593
727.0,0.2926214884711503,3.999999999999999,0.1455459742578899,0.0002028037266002022
728.0,0.2927744032742938,4.0,0.14554927951031466,0.00020228356591870094
729.0,0.2929287167105232,4.0,0.14555323560244257,0.00020177339060463458
730.0,0.2930844108509526,4.0,0.14555779502807556,0.00020141034904147198
731.0,0.29324146601467804,4.0,0.14556271552975206,0.00020200872764275114
732.0,0.2933998632994458,3.9999999999999996,0.14556857597744657,0.00020215642933864788
733.0,0.29355958691063283,3.9999999999999996,0.1455754850311217,0.00020160597068124333
734.0,0.29372062400336774,3.9999999999999996,0.14558338554765832,0.00020056410154722993
735.0,0.2938829639850644,3.999999999999999,0.14559209454860944,0.00019951961996129373
736.0,0.2940465967360313,4.000000000000001,0.14560138397717326,0.00019885039627677486
737.0,0.29421151059722717,4.000000000000001,0.14561106574419908,0.00019860468807848645
738.0,0.2943776909705255,4.0,0.1456210503746841,0.00019860349035847761
739.0,0.2945451200322706,3.999999999999999,0.14563136401974514,0.00019864943574034584
740.0,0.2947137775724338,4.000000000000001,0.14564212478371122,0.00019860872310049218
741.0,0.29488364253901034,4.0,0.14565349106774678,0.00019838493276892044
742.0,0.2950546946296572,4.0,0.14566560102672468,0.00019793034796788803
743.0,0.29522691529930567,3.999999999999999,0.14567852368026657,0.0001973155759604977
744.0,0.2954002878286168,4.0,0.14569223823463115,0.00019673727023500462
745.0,0.2955747965081288,4.0,0.14570664832134397,0.0001963964863106658
746.0,0.2957504252263511,4.000000000000001,0.1457215845197232,0.00019633496928782708
747.0,0.29592715549912796,3.999999999999999,0.14573693249521222,0.00019636512745490196
748.0,0.2961049665688446,4.0,0.14575283944883646,0.00019633929389260797
749.0,0.2962838379998991,4.000000000000001,0.14576935816825248,0.00019616505227335347
750.0,0.296463750266438,4.0,0.14578651899936723,0.00019583265686818225
751.0,0.29664468515470777,4.0,0.14580431989145318,0.00019542302950678516
752.0,0.29682662543263466,3.999999999999999,0.14582273048042482,0.00019506113805203948
753.0,0.2970095539960791,4.0,0.14584170627684367,0.00019484180048180173
754.0,0.2971934528918412,4.0,0.14586120573592248,0.00019477998710872447
755.0,0.29737830182974867,4.0,0.14588085549766905,0.00019398520825364106
756.0,0.2975640741689035,3.999999999999999,0.14590083459958136,0.00019539174366577937
757.0,0.29775075791075645,4.0,0.1459221381140666,0.00019738539905905537
758.0,0.2979383577296666,3.999999999999999,0.1459450124866496,0.00019759762993811015
759.0,0.29812689032237844,3.9999999999999996,0.145969255310858,0.00019679410786297625
760.0,0.29831637994899,3.9999999999999996,0.14599440934007668,0.00019678723333130095
761.0,0.29850684825327506,3.9999999999999996,0.1460194749978294,0.00020192385807955677
762.0,0.2986983164754058,3.999999999999999,0.14604369036517173,0.00021179867376575846
763.0,0.2988908275272356,3.999999999999999,0.14606742890305605,0.0002166741917101183
764.0,0.2990844161504187,4.000000000000001,0.14609079482884332,0.0002156537868227477
765.0,0.2992791122329482,4.0,0.14611428405321855,0.00021046805620080706
766.0,0.2994749419612429,4.000000000000001,0.14613851750281495,0.00020396356785793622
767.0,0.2996719247125349,4.0,0.14616407099484977,0.0001989315029903314
768.0,0.29987006648626613,4.000000000000002,0.14619092638548176,0.00019962965519154443
769.0,0.3000693592084261,4.000000000000001,0.1462189082013775,0.00021012510458614077
770.0,0.3002698179709077,4.0,0.14624834374606313,0.00022020403392895182
771.0,0.30047145999261204,4.0,0.14627875016400646,0.000226929394094865
772.0,0.30067430586900823,4.0,0.14630967737875344,0.00022890198334577744
773.0,0.30087837663839134,4.000000000000002,0.1463406881683407,0.00022814730946149736
774.0,0.30108366170659995,3.999999999999999,0.1463679270900608,0.00026078533003077536
775.0,0.3012902565872361,3.999999999999999,0.14639446440313492,0.00028209964342552104
776.0,0.30149830314610593,4.0,0.14642043617327227,0.00028436840241318135
777.0,0.3017079838209639,4.0,0.14644647684416112,0.00027017827768567365
778.0,0.30191951059493416,4.0,0.14647375740237698,0.0002488348207678343
779.0,0.30213308675877126,4.0,0.14650347873803454,0.00023279611903598377
780.0,0.3023488622658846,3.9999999999999996,0.14653648849507445,0.00022958474141122036
781.0,0.30256690992853097,4.0,0.14657325485899503,0.00024041800670992773
782.0,0.30278721477041226,4.000000000000001,0.14661341012324278,0.0002624910645656096
783.0,0.30300970072837935,3.999999999999999,0.14665634073964612,0.00028659629769921675
784.0,0.3032342631809483,4.0,0.14670113843486873,0.0003047787818108571
785.0,0.30346080505514095,3.9999999999999996,0.14674716469940804,0.00031179644286681785
786.0,0.3036892504052482,4.000000000000001,0.14679317188438692,0.0003184345213918876
787.0,0.30391955876478505,4.0,0.14684003163391088,0.0003160653689070599
788.0,0.3041517384570443,4.0,0.14688856596977354,0.0003048153578518786
789.0,0.3043858148726271,4.0,0.1469395429910889,0.00029072387855034353
790.0,0.30462180139924677,4.000000000000002,0.1469933434693932,0.0002849145508056069
791.0,0.30485966695728783,3.9999999999999996,0.14705010380083483,0.00029170418034631416
792.0,0.30509936149470684,4.0,0.147110049815117,0.00030168704466015787
793.0,0.3053408142040713,4.0,0.1471727288579907,0.00031111961408686946
794.0,0.3055839490448169,4.000000000000001,0.14723768046134753,0.0003168935104636395
795.0,0.3058286988415345,4.000000000000001,0.14730464118335965,0.0003176110205544782
796.0,0.30607500788160313,4.000000000000002,0.14737361848303704,0.0003130235066969523
797.0,0.3063228229270596,4.000000000000001,0.14744513325341474,0.00030594380902796776
798.0,0.30657208694373783,3.9999999999999982,0.147519890480957,0.00030017698833038003
799.0,0.306822729576848,4.000000000000001,0.14759836959607228,0.00029825151275310454
800.0,0.3070746602562685,4.0,0.14768063879409749,0.0003012263771285739
801.0,0.3073277619248635,3.9999999999999996,0.14776620105802138,0.0003106080579136169
802.0,0.30758190047571143,4.000000000000001,0.14785458958604958,0.0003201090029514384
803.0,0.30783694500823816,3.9999999999999987,0.1479451707869622,0.000326552858303753
804.0,0.30809277622940023,4.000000000000001,0.14803755953582612,0.0003281232709139209
805.0,0.3083492901133186,3.999999999999999,0.14813171125373994,0.0003249716767943348
806.0,0.30860639303696974,4.000000000000002,0.14822787887991715,0.0003189764765215181
807.0,0.30886399143003085,4.0,0.14832646413995507,0.0003128256576715837
808.0,0.3091219810007155,3.9999999999999996,0.14842782495719115,0.00030889973418989097
809.0,0.30938024026370836,4.0,0.14853211168132058,0.00030844936680223103
810.0,0.30963863085589,4.0,0.14863919168518955,0.0003113208949207969
811.0,0.3098970041839312,4.0,0.148748685707746,0.00031619865953208645
812.0,0.31015521134440166,4.000000000000001,0.14886003125251435,0.000321042045509866
813.0,0.31041311448181824,4.0,0.1489728672060971,0.0003242577447445234
814.0,0.3106705895098255,4.0,0.1490867237687154,0.0003243024985870969
815.0,0.31092753219442976,3.999999999999999,0.14920176912162694,0.00032225450241319146
816.0,0.31118384869104015,4.000000000000001,0.14931821127344988,0.0003193814908654282
817.0,0.3114394456585058,4.000000000000001,0.14943627398517845,0.000317074998413982
818.0,0.31169422356539345,4.0,0.1495561176964981,0.00031638937017989063
819.0,0.31194807363879024,3.999999999999999,0.14967777832107693,0.0003174130698917663
820.0,0.3122008785495994,4.0,0.1498011675824259,0.00031931455107046076
821.0,0.3124525189315184,4.000000000000001,0.14992601393562321,0.0003222672205723358
822.0,0.3127028806948609,4.000000000000001,0.15005197702083012,0.0003252099176776631
823.0,0.3129518600475355,4.000000000000002,0.15017858739770187,0.0003267956383862236
824.0,0.3131993714073461,3.999999999999999,0.15030598324172018,0.0003273244900938378
825.0,0.3134453351789849,3.999999999999999,0.15043345010009665,0.00032766873472943455
826.0,0.3136896866529525,4.0,0.15056071380802655,0.0003288702757954945
827.0,0.3139324034499671,4.0,0.15068828707887774,0.0003281404743361135
828.0,0.31417344720410223,4.0,0.15081742807576679,0.00031559102340255197
829.0,0.31441290036709674,3.999999999999999,0.1509462273184302,0.0003134882188775613
830.0,0.3146507468596354,3.999999999999999,0.15107600587411482,0.0003127754812932923
831.0,0.3148868431754507,3.999999999999999,0.15121313995221172,0.00030164051807908895
832.0,0.31512151641823954,3.999999999999999,0.15134647717895472,0.000298617250924754
833.0,0.31535465094242315,4.0,0.1514806750622343,0.0003028321065891364
834.0,0.31558609537891574,4.0,0.15161646901216025,0.0003164030717150826
835.0,0.3158156799106405,3.999999999999999,0.1517534311671621,0.00033811897248992457
836.0,0.31604319776811746,4.0,0.15189508337527777,0.0003075495272568624
837.0,0.3162687198361589,3.999999999999999,0.1520343383412922,0.00032025236017676193
838.0,0.31649219089853375,4.0,0.15217327909184014,0.0003533344448730891
839.0,0.31671309241078627,3.999999999999999,0.15233248508063787,0.0005070682846906496
840.0,0.31693273786025816,4.000000000000001,0.15246744843518972,0.00046338230712118593
841.0,0.31715104824104856,3.9999999999999996,0.15258654463765337,0.00048725745555126143
842.0,0.31736882224415774,4.0,0.15272010762744892,0.00040301041008939867
843.0,0.31758553409381285,3.9999999999999996,0.15288596955349068,0.0006844271082786297
844.0,0.31780290623735447,3.999999999999999,0.15302715813568346,0.0004816123787308303
845.0,0.31802124916116137,4.0,0.15318196657601785,0.0003884825258025522
846.0,0.31823937346815023,3.9999999999999996,0.15336331617779556,0.0004926629791893838
847.0,0.3184551205304087,4.0,0.1536154801334661,0.0024071716176288166
848.0,0.3186727195298611,4.0,0.15380879055661162,0.0018291869268703125
849.0,0.3188948614116464,4.000000000000001,0.1540233221662188,0.0011241522114949871
850.0,0.31912120597654103,4.000000000000002,0.1542552433840451,0.00061222230442945
851.0,0.3193508506322195,4.0,0.15450296949204131,0.0009126208073258506
852.0,0.31958239240726993,3.9999999999999996,0.15476811523678918,0.0015019852532221294
853.0,0.31981374812301755,3.9999999999999996,0.15501862866890112,0.0019598775472708368
854.0,0.3200438192254924,3.9999999999999996,0.15530281395515552,0.0021397084630054653
855.0,0.3202728732400903,3.9999999999999996,0.15558754561571994,0.0020975119303998013
856.0,0.320501502953451,4.0,0.15587662090495766,0.0018703566636324666
857.0,0.3207308763779277,4.0,0.15617970234906078,0.001524670437509717
858.0,0.32095829408707055,4.000000000000001,0.1564885258174818,0.002202345802983745
859.0,0.3211891728464057,4.0,0.15682560349452462,0.0015828474068374275
860.0,0.3214245083402095,4.0,0.1571730626208591,0.0008904386340321226
861.0,0.3216640832681512,4.0,0.15753669831899697,0.0007611562354851221
862.0,0.3219057085314666,4.0,0.15793907487354036,0.0011380890986811478
863.0,0.3221482201287836,4.0,0.15835469152458537,0.0014081295592876005
864.0,0.32238902630434907,3.9999999999999996,0.15876771711063262,0.0017210786619391203
865.0,0.3226271986326996,4.000000000000001,0.15918034907958842,0.0018866506236992196
866.0,0.3228614142029941,4.000000000000001,0.15959230266161556,0.0018731642074662918
867.0,0.32309088573050354,4.0,0.1599990371276785,0.0016851400402453111
868.0,0.32331548138679134,4.000000000000001,0.1604006941481401,0.0013892399044162509
869.0,0.32353415610034664,4.0,0.1608713507749949,0.0006262616364340065
870.0,0.3237485166943221,4.0,0.16125915957141468,0.0008460481504797522
871.0,0.3239591857039281,3.999999999999999,0.16164011325069408,0.0009559098183991791
872.0,0.3241662242514767,4.0,0.16202431702053016,0.0009324078099188423
873.0,0.3243695534039758,4.0,0.1624224821339829,0.0008318638922317303
874.0,0.32456867819056906,4.0,0.16283391360334515,0.0007157870658549763
875.0,0.32476278666809194,4.0,0.16326088346834453,0.0007102650519506035
876.0,0.3249507412076821,3.999999999999999,0.16369939215703058,0.0008358488202054355
877.0,0.3251311329581147,4.0,0.16413829875494845,0.001007874053489957
878.0,0.3253026428053802,3.999999999999999,0.1645721785463659,0.0011363217180408191
879.0,0.3254642594187469,3.9999999999999996,0.16499292591972736,0.0011791304343736408
880.0,0.3256153501898793,4.0,0.16541221891473262,0.0009723267048625398
881.0,0.32575581527523395,3.999999999999999,0.16579816136754674,0.0008525193016147413
882.0,0.3258859209044076,4.0,0.16616652566230217,0.0006897983810260846
883.0,0.32600608631863304,4.000000000000001,0.16652577792434445,0.000503024091920105
884.0,0.32611685981444316,4.0,0.16688284729124073,0.00034172686557475444
885.0,0.32621865708105624,4.000000000000001,0.16723402777067783,0.0002667358602540716
886.0,0.3263118173124022,3.999999999999999,0.16758171291218626,0.0003107973715011702
887.0,0.3263966845942682,4.000000000000001,0.16792737056996213,0.000407125473818564
888.0,0.3264735288520487,4.0,0.16827287052426906,0.0005033489707318045
889.0,0.3265425351335467,3.9999999999999996,0.16861923356660408,0.0005826147432970835
890.0,0.32660374051681135,4.000000000000001,0.16896831752505398,0.0006442740735829817
891.0,0.32665707798541865,4.0,0.16932001238394204,0.0006884023643521193
892.0,0.3267024296771665,3.999999999999999,0.1696743375708746,0.0007154545863775147
893.0,0.3267396216111087,4.0,0.17003144890037786,0.0007248416852929087
894.0,0.32676843686473994,3.9999999999999996,0.1703904365602374,0.0007125907770017391
895.0,0.3267886637696057,4.0,0.17074940854160692,0.0006776776838971435
896.0,0.32680013783711953,3.9999999999999996,0.17111080639581908,0.0006276684361609121
897.0,0.32680267692867326,4.0,0.17147378639253139,0.0005653965629303176
898.0,0.3267960751388957,4.0,0.1718367391924883,0.0004989436723923396
899.0,0.3267801030538294,4.0,0.17219884914147335,0.0004374390359398268
900.0,0.32675450351798707,3.999999999999999,0.17255922532800172,0.00039153999854594064
901.0,0.3267189946325032,4.0,0.17291523018563673,0.0003684729353852527
902.0,0.32667329213601837,3.999999999999999,0.17326860300197663,0.00037867608547174697
903.0,0.32661710291736457,4.0,0.1736171662794349,0.0004137857357996492
904.0,0.326550094303123,4.000000000000001,0.17395429047669872,0.00044952140107345015
905.0,0.32647210429479273,4.0,0.1742847405037903,0.0004912684903041539
906.0,0.3263830259028984,3.9999999999999996,0.1746174665437185,0.0005617486076179974
907.0,0.3262825492093767,4.000000000000002,0.17491812275988186,0.0005574067773403311
908.0,0.32617083894637844,4.0,0.17523268421569557,0.0006044996891318464
909.0,0.32604789426828606,3.999999999999999,0.17554100140730702,0.0006417214387959244
910.0,0.3259135506966132,4.0,0.17582000274110135,0.000622530810791925
911.0,0.32576800958651875,3.999999999999999,0.1760943220607248,0.0005917098149202812
912.0,0.3256114661453824,4.0,0.17639054183376046,0.0005795297781904399
913.0,0.3254437622435488,4.000000000000001,0.1766706242593925,0.0005618373726086608
914.0,0.3252639904121568,4.0,0.17683564330860613,0.00047197155627794196
915.0,0.32507468179716753,4.000000000000001,0.1771074030848216,0.0004204453042732389
916.0,0.32487579825555546,4.0,0.1773460140355298,0.0004094013354133111
917.0,0.32466760215041185,4.000000000000001,0.17760354578546428,0.00045280621391084893
918.0,0.3244503472280832,4.0,0.177849930232535,0.0005563178264276227
919.0,0.3242240439420064,3.999999999999999,0.17808286477514534,0.0006825865769563652
920.0,0.32398873581228094,3.9999999999999996,0.1783024844534706,0.0007903983535222011
921.0,0.3237445444166325,4.000000000000001,0.1785104372174906,0.0008609872632721001
922.0,0.3234916375815902,4.0,0.1787084498667733,0.0008928440282712548
923.0,0.32323021514497047,3.999999999999999,0.17889801447570688,0.000884272886055
924.0,0.32296050298482604,4.0,0.17908140274202952,0.0008462899895859706
925.0,0.32268277520418037,4.0,0.1792535497359014,0.0007785728440563622
926.0,0.3223972972375041,4.0,0.17941810087905988,0.0007200049276664885
927.0,0.32210429098786586,3.999999999999999,0.17957208956826243,0.000680058863662416
928.0,0.3218039680551162,3.999999999999999,0.1797151060038724,0.0006600088443210338
929.0,0.32149651507390986,4.0,0.1798448442518777,0.0006449848086695489
930.0,0.32118217505577806,4.000000000000001,0.17996214963111873,0.0006234509283683951
931.0,0.3208612467316003,3.999999999999999,0.18006610476182652,0.0005949726356047788
932.0,0.3205341795180441,4.0,0.1801574523841413,0.0005671392789418308
933.0,0.32020150223200267,3.9999999999999996,0.18024577056624885,0.0005442113596232676
934.0,0.3198635877181356,4.0,0.18033207499884718,0.0005442298798575655
935.0,0.3195209454319948,4.0,0.18041567138811435,0.0005742943352010383
936.0,0.31917408095057376,3.999999999999999,0.18049830739743508,0.0006252242648339697
937.0,0.3188235372229713,3.9999999999999996,0.18057788570498695,0.0006854106651765237
938.0,0.3184698684074505,4.0,0.18065308845199432,0.0007408230906665984
939.0,0.3181135789481718,4.0,0.1807265323816348,0.000761844946566257
940.0,0.317755128940289,4.000000000000001,0.18079418474698547,0.0007338347136480541
941.0,0.3173949088959036,3.9999999999999996,0.18084716183812805,0.0006914022680856275
942.0,0.3170334737360726,3.999999999999999,0.18088219788751228,0.0006454903384723509
943.0,0.31667164869401754,4.0,0.18090047055593314,0.0006094496889989048
944.0,0.3163104989649604,3.9999999999999982,0.18090639623188046,0.000594208184799593
945.0,0.3159512319853981,4.0,0.18090636755013728,0.0006023419216674079
946.0,0.3155950405658199,3.9999999999999987,0.18090688905516006,0.0006263969831879719
947.0,0.31524294558513694,4.0,0.1809132011674072,0.0006525475101081591
948.0,0.31489568077594865,4.0,0.18092793273593016,0.0006680923842604714
949.0,0.3145536556478065,3.999999999999999,0.18095045807740318,0.0006651999443769239
950.0,0.31421701273215624,4.000000000000001,0.18097732005320555,0.0006360082353912437
951.0,0.3138857061391571,3.9999999999999996,0.18100546340743728,0.0005931619902772052
952.0,0.3135595740228363,3.999999999999999,0.18102777868563746,0.0005594725827088176
953.0,0.3132385989405997,4.0,0.18103548293673782,0.0005154411199315052
954.0,0.3129232182048384,3.999999999999999,0.18102310991195308,0.0004443070621778381
955.0,0.3126140356772617,3.9999999999999996,0.18099529641358758,0.0003979807995262705
956.0,0.31231171944421277,4.0,0.18094442662699314,0.000376398209920702
957.0,0.3120182893026383,3.9999999999999996,0.18083682445074076,0.0004995121188870084
958.0,0.31173613802979455,4.000000000000001,0.1807156580176077,0.0007755667789171481
959.0,0.3114670024047156,4.0,0.18059924490090518,0.0010243485275427385
960.0,0.3112121810714076,3.9999999999999996,0.1804880448633913,0.0011791750512205605
961.0,0.3109729181576052,3.9999999999999996,0.18037652929052672,0.0012110725719077
962.0,0.3107499702729393,4.0,0.18022288406436185,0.0012722985781647095
963.0,0.3105445954129048,4.0,0.17996310899211457,0.0015718008650708363
964.0,0.3103609517897774,4.0,0.1797804126879762,0.0014028287024638805
965.0,0.3102007855357314,3.999999999999999,0.1794382800821787,0.0019322437664481289
966.0,0.3100661402963979,3.9999999999999996,0.1784856812022216,0.0052994371265857295
967.0,0.30996798285573474,4.0,0.17834109261894407,0.005044623864306811
968.0,0.3098923952216986,4.000000000000002,0.17651606460760688,0.013030883575397568
969.0,0.30984486534371314,4.0,0.17653952339774115,0.01165265459441893
970.0,0.3098857289864123,3.9999999999999996,0.17712562235593413,0.0072882190624315715
971.0,0.31002755809432836,3.999999999999999,0.17763137380887153,0.0035609356834987098
972.0,0.3102292868205233,4.000000000000002,0.17746943640504162,0.0027055199149730665
973.0,0.31050459951424775,3.999999999999999,0.17822072802723832,0.003091254418852791
974.0,0.3108532745642071,4.0,0.17906196512858308,0.006457918622279205
975.0,0.31123740262556565,3.9999999999999996,0.17966019095216784,0.009162861235244617
976.0,0.31161312657542706,4.000000000000001,0.18051845998573557,0.010109674584835844
977.0,0.31196754023442597,3.999999999999999,0.18150352277815104,0.009473903533104984
978.0,0.31229580183261935,4.0,0.18242896529112257,0.007731718931430322
979.0,0.31259671944396333,4.0,0.1834028185223457,0.005115752620022832
980.0,0.3128762089884106,3.999999999999999,0.18426967324929555,0.0025745814924976046
981.0,0.31313139763331865,3.9999999999999996,0.1849779005082516,0.0024941263872389815
982.0,0.31335391854071576,3.9999999999999996,0.1855013173981188,0.004463068092807907
983.0,0.3135336738370133,4.0,0.18584036554931,0.0060918140341678
984.0,0.3136638570305419,3.9999999999999987,0.18601521332117096,0.006913114967229614
985.0,0.3137444292442593,4.0,0.18605603651849376,0.0068616232930178225
986.0,0.31378250613647996,3.999999999999999,0.18599471407521026,0.006038865546425726
987.0,0.3137898611164843,4.000000000000001,0.18586066390656533,0.004657224662961881
988.0,0.31377920781958635,3.999999999999999,0.1856768732467843,0.003035075857343517
989.0,0.313760975837732,3.999999999999999,0.18545775207689086,0.0017675659133250517
990.0,0.3137418027269073,4.0,0.18521206442536534,0.0019492689637794932
991.0,0.3137249460039925,3.999999999999999,0.18494955127565574,0.002921041457332216
992.0,0.31371192247492824,3.9999999999999996,0.1846861661816262,0.0036680959273068013
993.0,0.31370426454817574,3.999999999999999,0.184443543268742,0.003945404019480895
994.0,0.31370448214087243,3.9999999999999996,0.18424303941213255,0.003731090244118215
995.0,0.31371592312164953,3.999999999999999,0.1840988741028841,0.0031035704424267688
996.0,0.3137418323479977,4.0,0.18401479259689357,0.002222822860081729
997.0,0.3137842322375569,4.000000000000001,0.18398515058168402,0.0013953840559103366
998.0,0.31384322481561533,3.999999999999999,0.18399830109937645,0.00127221276355726
999.0,0.31391703690626277,3.999999999999999,0.18404013789359727,0.0018681374264444379
1000.0,0.3140027433130421,4.000000000000001,0.18409735786503792,0.0024699236499280504
1001.0,0.3140972786544787,3.999999999999999,0.1841606827202401,0.0028028522071232792
1002.0,0.3141982475760073,4.0,0.18422722487570228,0.0027973305745768316
1003.0,0.31430420594299646,4.0,0.1843003072456007,0.0024672539377246804
1004.0,0.31441439215511297,3.9999999999999996,0.1843861524181195,0.0018802054412476463
1005.0,0.31452815480365615,4.000000000000001,0.18448922972699747,0.0011470800493112588
1006.0,0.314644424540355,3.9999999999999987,0.18460922729032286,0.0004884056232875211
1007.0,0.3147614995782364,4.0,0.18474127876914825,0.0006601962516144095
1008.0,0.3148772237358931,3.9999999999999982,0.1848785326056277,0.0011867259518427028
1009.0,0.31498943186682765,4.0,0.18501480938751644,0.0015426219467679215
1010.0,0.31509641709182923,4.0,0.18514586254034737,0.0016546680479165034
1011.0,0.3151971917761756,3.9999999999999987,0.18526936174788736,0.0015233287821071354
1012.0,0.31529144751789073,3.9999999999999996,0.18538441608695386,0.001190616096720906
1013.0,0.3153792842482652,4.0,0.18549096557176192,0.0007330256718350936
1014.0,0.3154608815652765,4.0,0.185588835910097,0.0003145952840729231
1015.0,0.3155362827139708,4.0,0.18567657346212688,0.0004745932695223732
1016.0,0.3156053747929266,4.0,0.18575089166520625,0.0008517493867131098
1017.0,0.3156680355787098,4.000000000000002,0.18580753004039152,0.0011159857589928882
1018.0,0.31572433679417067,4.000000000000001,0.1858432737924107,0.0012158295655624715
1019.0,0.31577467996521275,4.0,0.185857816204683,0.0011474544668012177
1020.0,0.3158197919439901,4.0,0.1858542043037997,0.000935545011250356
1021.0,0.3158605890804125,4.000000000000001,0.18583774355638533,0.0006263650681018315
1022.0,0.3158979846736145,4.000000000000001,0.18581430277999902,0.0002906047253174366
1023.0,0.31593273078487694,3.999999999999999,0.1857890173921766,0.000198297056207265
1024.0,0.31596535278949617,4.0,0.18576566037287098,0.0004433587940513971
1025.0,0.3159961801063908,4.000000000000001,0.1857463842369251,0.0006393769747276089
1026.0,0.3160254322909114,4.0,0.18573164388945015,0.0007313097968373678
1027.0,0.3160533051468466,3.999999999999999,0.1857204791502062,0.0007142931045018732
1028.0,0.31608001584981005,4.000000000000001,0.18571130062496963,0.0006033385844522571
1029.0,0.3161057958761926,4.000000000000001,0.185702847899931,0.000428712664086764
1030.0,0.3161308489586666,3.9999999999999996,0.18569468518309887,0.0002409196213642504
1031.0,0.31615530549867005,4.000000000000001,0.185686922427755,0.00017382717373513328
1032.0,0.3161792008465846,3.999999999999999,0.18567951665481522,0.00029295415558221855
1033.0,0.3162024878251816,4.0,0.18567182523215547,0.00041491967522308255
1034.0,0.3162250749137719,3.999999999999999,0.18566275125316276,0.0004829251305802687
1035.0,0.3162468707657671,3.9999999999999996,0.1856512456574326,0.0004882960289766063
1036.0,0.31626781665186643,3.999999999999999,0.18563671225807893,0.00043831621063454855
1037.0,0.3162878976113884,4.0,0.1856191239227668,0.00035125003706687165
1038.0,0.3163071339274121,3.999999999999999,0.1855989901866747,0.0002569832711642489
1039.0,0.31632556164638215,4.000000000000001,0.18557732824246986,0.00020211023424267918
1040.0,0.31634321246059494,4.0,0.18555556047175287,0.00021919292821842828
1041.0,0.31636010049246366,3.9999999999999982,0.18553517270092096,0.00026792796640955405
1042.0,0.3163762188747147,3.999999999999999,0.18551718328084046,0.00030256858989112794
1043.0,0.31639154483619847,3.999999999999999,0.18550173959181085,0.0003056407690189718
1044.0,0.3164060494991824,3.9999999999999996,0.1854881324026824,0.0002751475572495603
1045.0,0.3164197080464647,4.0,0.18547519531107604,0.0002178036256670169
1046.0,0.31643250697032765,4.0,0.18546177305239034,0.00014815512862465674
1047.0,0.31644444708928354,4.0,0.18544697637920438,9.824715150200355e-05
1048.0,0.3164555430574278,3.9999999999999996,0.1854302063913986,0.00011606387772163291
1049.0,0.3164658212745648,3.9999999999999996,0.18541111487224538,0.0001690503929098872
1050.0,0.31647531801382844,4.0,0.1853896072031184,0.0002140426172309021
1051.0,0.3164840786168202,4.0,0.18536583483237437,0.00023791352216278724
1052.0,0.31649215758786975,3.9999999999999996,0.18534009533658133,0.00023831852876181271
1053.0,0.31649961891084516,3.999999999999999,0.1853126848509536,0.00021858307383911828
1054.0,0.3165065358364099,4.0,0.1852838426294659,0.00018645503005181174
1055.0,0.31651298943711703,4.0,0.18525384770173117,0.00015355790781428985
1056.0,0.31651906540461316,3.999999999999999,0.18522315763394112,0.00013320230321034614
1057.0,0.31652484906983386,4.0,0.18519242118008677,0.00013129929750780746
1058.0,0.31653041942541255,3.999999999999999,0.18516231969789224,0.00013894407269376838
1059.0,0.31653584357641296,3.9999999999999996,0.18513335615803767,0.00014322908016197838
1060.0,0.3165411730824039,4.000000000000001,0.18510574029395555,0.00013737145835710884
1061.0,0.31654644308127355,4.000000000000001,0.18507940526663455,0.0001215090194624741
1062.0,0.3165516742849561,3.9999999999999996,0.18505408161530892,0.00010208029635397241
1063.0,0.3165568772604165,4.0,0.18502936145128573,9.141418686228188e-05
1064.0,0.3165620579460674,3.9999999999999996,0.18500476526214915,9.924359654200218e-05
1065.0,0.3165672230723105,4.0,0.1849798518835047,0.00011941445190254169
1066.0,0.31657238414984945,3.9999999999999996,0.1849543509717534,0.0001395624732602905
1067.0,0.3165775591245519,4.0,0.18492823440171066,0.00015200036636731678
1068.0,0.31658277163075804,4.000000000000002,0.18490167108005975,0.0001538019326077731
1069.0,0.31658804864614926,3.999999999999999,0.18487490639494467,0.00014543795934754734
1070.0,0.31659341778990285,3.999999999999999,0.18484816491658,0.00012992864229196036
1071.0,0.316598905299376,4.0,0.18482163243893188,0.00011212287070783688
1072.0,0.3166045350738273,4.0,0.1847954863343276,9.756619828571769e-05
1073.0,0.31661032851976967,3.999999999999999,0.18476990921644126,9.012232702018418e-05
1074.0,0.3166163046138151,4.0,0.18474506428135315,8.928624415692519e-05
1075.0,0.3166224796829139,4.0,0.18472106496254698,9.125977726224789e-05
1076.0,0.31662886674269597,4.0,0.18469797069459395,9.287508887343842e-05
1077.0,0.31663547463527486,3.9999999999999996,0.18467579749896473,9.346025047260478e-05
1078.0,0.31664230749849376,4.0,0.1846545113960053,9.428625267910117e-05
1079.0,0.31664936514129927,4.0,0.18463400282830067,9.697100887288756e-05
1080.0,0.3166566446191428,4.0,0.18461407966901253,0.00010188135486793661
1081.0,0.3166641427747182,3.999999999999999,0.1845945104727505,0.00010772219315341433
1082.0,0.3166718589959668,4.0,0.18457510146731138,0.00011245226535636767
1083.0,0.3166797972566683,3.999999999999999,0.18455575597711987,0.000114402012130588
1084.0,0.31668796677636685,4.000000000000002,0.18453648223885352,0.00011285657099508644
1085.0,0.31669638120795995,4.0,0.1845173620821076,0.000108146560948843
1086.0,0.3167050568072579,4.0,0.18449851632592448,0.00010146102791581342
1087.0,0.3167140103065453,4.0,0.18448008458294884,9.44881547662965e-05
1088.0,0.3167232571589938,3.999999999999999,0.18446220908984168,8.889937719674956e-05
1089.0,0.3167328105545937,4.0,0.18444501058237675,8.575040951575082e-05
1090.0,0.3167426812731995,4.0,0.18442856540533262,8.511410826753561e-05
1091.0,0.31675287814498065,4.0,0.18441290338691338,8.628047663143425e-05
1092.0,0.3167634087214074,3.9999999999999996,0.1843980286627957,8.833749637814187e-05
1093.0,0.31677427978618855,3.999999999999999,0.18438394177599896,9.061170576335434e-05
1094.0,0.3167854975424088,4.0,0.18437064138983528,9.275417117723139e-05
1095.0,0.3167970675768119,3.9999999999999996,0.18435810837382027,9.460855511376668e-05
1096.0,0.31680899485715275,3.9999999999999996,0.18434629481233183,9.605559502271628e-05
1097.0,0.316821283975637,3.999999999999999,0.18433513367664797,9.694063500363742e-05
1098.0,0.31683393966576634,3.999999999999999,0.18432456208020906,9.709815691676926e-05
1099.0,0.3168469674308009,4.0,0.1843145396146251,9.643128756046711e-05
1100.0,0.3168603740387002,3.999999999999999,0.1843050534135783,9.499047481518352e-05
1101.0,0.3168741676789061,4.0,0.1842961168396607,9.300803128243717e-05
1102.0,0.3168883576954573,3.9999999999999996,0.1842877697425716,9.086489353870234e-05
1103.0,0.3169029539562114,4.0,0.18428007710887212,8.899010017041313e-05
1104.0,0.3169179660479293,3.9999999999999996,0.18427311754209288,8.772419333587544e-05
1105.0,0.31693340255785063,4.0,0.18426696218419933,8.720697426425898e-05
1106.0,0.31694927067260437,4.0,0.1842616568932229,8.735058856759562e-05
1107.0,0.3169655761923217,4.000000000000001,0.18425721963873654,8.791092634520225e-05
1108.0,0.3169823238833381,4.0,0.18425365135151808,8.860857973613913e-05
1109.0,0.3169995179714112,4.0,0.18425094762135646,8.923068087063412e-05
1110.0,0.31701716256797485,4.000000000000001,0.18424910207487738,8.967332854957594e-05
1111.0,0.3170352619079171,4.000000000000001,0.18424810390342639,8.992578569588984e-05
1112.0,0.31705382039095475,4.0,0.18424793743992343,9.002387191521685e-05
1113.0,0.31707284249953294,3.999999999999999,0.18424858625698312,9.000554117330498e-05
1114.0,0.31709233269428816,4.0,0.18425003713040164,8.989058174315916e-05
1115.0,0.317112295372201,4.000000000000001,0.18425227999351773,8.968688268834827e-05
1116.0,0.31713273492580674,4.0,0.18425530656627045,8.940977677061483e-05
1117.0,0.31715365587852706,3.999999999999999,0.18425911289700533,8.909618692972085e-05
1118.0,0.3171750630174642,4.000000000000002,0.18426370573910258,8.880162237595318e-05
1119.0,0.31719696143374565,3.999999999999999,0.18426910641322675,8.858034803687354e-05
1120.0,0.31721935642457577,4.0,0.18427534686860617,8.84604800018489e-05
1121.0,0.31724225328494354,4.000000000000002,0.18428246002784218,8.843029737161284e-05
1122.0,0.31726565707252297,4.000000000000001,0.18429047150072053,8.844582497467134e-05
1123.0,0.31728957243487044,4.000000000000001,0.18429939710588925,8.845597819454139e-05
1124.0,0.31731400354960915,4.0,0.18430924444161081,8.84303830031184e-05
1125.0,0.31733895417644586,4.0,0.18432001446391327,8.837427787439338e-05
1126.0,0.3173644277807229,3.999999999999999,0.18433170212682018,8.832395842279309e-05
1127.0,0.317390427670266,4.0,0.18434429826219167,8.832752549748599e-05
1128.0,0.31741695708970047,4.0,0.1843577936151762,8.842214235525152e-05
1129.0,0.3174440192385379,3.999999999999999,0.18437218244494039,8.861848402687054e-05
1130.0,0.3174716172168436,3.9999999999999996,0.18438746258584315,8.889763979096905e-05
1131.0,0.31749975393913066,3.9999999999999996,0.18440363244306046,8.921932939793893e-05
1132.0,0.31752843207111126,3.999999999999999,0.1844206886753515,8.953598450131926e-05
1133.0,0.3175576540250676,4.0,0.184438627264833,8.980618835739106e-05
1134.0,0.31758742201102597,4.0,0.18445744670681624,9.000291930319394e-05
1135.0,0.3176177381086273,4.000000000000001,0.18447714995385844,9.011558242626999e-05
1136.0,0.3176486043162298,4.000000000000001,0.18449774358200663,9.014796428624531e-05
1137.0,0.3176800225478482,4.0,0.18451923561192368,9.011529663531921e-05
1138.0,0.31771199457216515,3.999999999999999,0.18454163389624303,9.004219012053916e-05
1139.0,0.31774452191000624,3.999999999999999,0.18456494507928298,8.996081760315715e-05
1140.0,0.3177776057222904,3.999999999999999,0.18458917295667843,8.990751709826516e-05
1141.0,0.3178112467257092,4.000000000000002,0.1846143162746743,8.991690809689042e-05
1142.0,0.31784544516400737,4.000000000000002,0.18464036774212578,9.001468318653455e-05
1143.0,0.3178802008396856,3.999999999999999,0.18466731564098327,9.021153484189696e-05
1144.0,0.317915513185127,4.000000000000001,0.18469514711504778,9.050031526644182e-05
1145.0,0.31795138133857337,3.9999999999999987,0.18472385073090283,9.085717973564136e-05
1146.0,0.3179878041961121,4.0,0.18475341693707256,9.124628865897816e-05
1147.0,0.3180247804293178,3.9999999999999996,0.18478383720833572,9.162700824434829e-05
1148.0,0.31806230847596456,3.9999999999999996,0.18481510343376734,9.196206430140796e-05
1149.0,0.3181003865194674,4.0,0.18484720799340582,9.22246957938054e-05
1150.0,0.31813901247137677,3.9999999999999987,0.18488014378351836,9.240301632213126e-05
1151.0,0.31817818396465797,4.000000000000001,0.18491390370825211,9.25007903043123e-05
1152.0,0.31821789835691294,4.0,0.1849484801959213,9.253511744454483e-05
1153.0,0.3182581527344063,4.0,0.1849838654560483,9.253219796147705e-05
1154.0,0.3182989439036202,4.0,0.1850200521670255,9.25221963700209e-05
1155.0,0.31834026836110985,3.999999999999999,0.18505703348568384,9.253384308632682e-05
1156.0,0.31838212224421947,4.000000000000001,0.185094801850885,9.258942512636462e-05
1157.0,0.3184245012777126,4.0,0.1851333473649881,9.270109522508989e-05
1158.0,0.3184674007360647,4.0,0.1851726570115683,9.286934803652828e-05
1159.0,0.31851081543509263,4.0,0.18521271512449378,9.308385620595401e-05
1160.0,0.31855473975432336,4.0,0.18525350446013192,9.332612434263625e-05
1161.0,0.31859916768031915,3.9999999999999996,0.18529500710780147,9.357316413364444e-05
1162.0,0.3186440928554145,3.999999999999999,0.18533720513197363,9.380156930143198e-05
1163.0,0.3186895086163527,3.9999999999999996,0.1853800812136574,9.399148552191177e-05
1164.0,0.31873540801191375,4.0,0.1854236192078399,9.412982771506831e-05
1165.0,0.3187817837966367,4.0,0.18546780413338895,9.42120234263026e-05
1166.0,0.3188286284068091,4.0,0.18551262139788338,9.424190397906224e-05
1167.0,0.3188759339309865,4.000000000000001,0.18555805577427698,9.422998726699321e-05
1168.0,0.3189236920869582,4.000000000000002,0.18560409089169416,9.419081843168597e-05
1169.0,0.31897189421081845,4.000000000000001,0.18565070944990972,9.414001623067265e-05
1170.0,0.31902053125619073,4.0,0.18569789367214276,9.409144960077346e-05
1171.0,0.3190695937975615,3.9999999999999987,0.18574562544635942,9.405488589204636e-05
1172.0,0.31911907203252265,3.9999999999999996,0.18579388611478065,9.403451664528057e-05
1173.0,0.3191689557813323,4.000000000000001,0.18584265625027974,9.402869163904899e-05
1174.0,0.3192192344856683,4.0,0.18589191561275278,9.403084322802598e-05
1175.0,0.3192698972103321,4.0,0.18594164315462675,9.403119619333208e-05
1176.0,0.31932093265170236,4.0,0.18599181694903674,9.401874350842295e-05
1177.0,0.31937232915481756,4.0,0.18604241420308473,9.398312867870448e-05
1178.0,0.3194240747373086,4.0,0.18609341161168547,9.391624081537146e-05
1179.0,0.31947615711451904,3.9999999999999996,0.18614478599661136,9.381333285982219e-05
1180.0,0.31952856371858795,3.999999999999999,0.1861965148247056,9.367344375804411e-05
1181.0,0.3195812817065201,4.000000000000001,0.18624857625514352,9.349903837869513e-05
1182.0,0.31963429795718745,4.0,0.18630094877125736,9.32950430203052e-05
1183.0,0.3196875990618052,4.0,0.18635361074172965,9.306762057038496e-05
1184.0,0.31974117131435,4.0,0.18640654015630734,9.2822970966261e-05
1185.0,0.3197950007073713,3.9999999999999987,0.1864597145110551,9.256628708636866e-05
1186.0,0.3198490729359924,4.0,0.18651311073617602,9.23009396200372e-05
1187.0,0.3199033734099224,4.0,0.18656670519209295,9.202801734248583e-05
1188.0,0.31995788727081254,3.9999999999999987,0.1866204738309989,9.174634998373729e-05
1189.0,0.3200125994109658,3.9999999999999996,0.1866743924822266,9.145299872939162e-05
1190.0,0.32006749448986016,3.999999999999999,0.18672843705662198,9.11440238912191e-05
1191.0,0.3201225569470821,4.0,0.18678258352322222,9.081529237137958e-05
1192.0,0.3201777710128464,4.0,0.18683680774621514,9.046317743517791e-05
1193.0,0.3202331207186008,3.9999999999999996,0.18689108540292265,9.00850945731774e-05
1194.0,0.3202885899096053,3.9999999999999982,0.18694539208832964,8.967982272531467e-05
1195.0,0.32034416225961554,4.0,0.18699970350905318,8.924754222371831e-05
1196.0,0.32039982128630146,4.0,0.18705399561778102,8.878957838483176e-05
1197.0,0.32045555036560514,4.000000000000002,0.1871082446538266,8.830795591342538e-05
1198.0,0.3205113327437807,4.000000000000001,0.18716242715038472,8.780492974842442e-05
1199.0,0.32056715154687065,4.0,0.1872165199306797,8.728260460735193e-05
1200.0,0.3206229897885239,4.0,0.187270500040026,8.674266055053055e-05
1201.0,0.32067883037800554,3.9999999999999996,0.18732434459087957,8.618616843196349e-05
1202.0,0.32073465613050134,3.999999999999999,0.1873780306090817,8.561351152190983e-05
1203.0,0.3207904497810228,3.9999999999999996,0.18743153500753928,8.502444515403141e-05
1204.0,0.3208461940016544,4.0,0.18748483471234617,8.441827886678428e-05
1205.0,0.3209018714204711,3.9999999999999996,0.18753790683927196,8.379410645097545e-05
1206.0,0.3209574646400259,4.0,0.1875907288072097,8.315101007205093e-05
1207.0,0.3210129562539435,4.000000000000001,0.18764327837084524,8.24882183012645e-05
1208.0,0.3210683288612666,3.999999999999999,0.18769553362768995,8.180523348602597e-05
1209.0,0.3211235650791213,4.0,0.18774747303207992,8.110192535115605e-05
1210.0,0.32117864755472747,4.0,0.1877990753948147,8.037855749425167e-05
1211.0,0.32123355897778194,3.9999999999999996,0.1878503198525089,7.963572693704498e-05
1212.0,0.3212882820938591,4.0,0.18790118584319845,7.887424528057289e-05
1213.0,0.3213427997187944,3.999999999999999,0.18795165313711049,7.809501567688724e-05
1214.0,0.32139709475334144,4.0,0.18800170191337687,7.729893643733786e-05
1215.0,0.32145115019715675,3.999999999999999,0.1880513128162107,7.648682630202757e-05
1216.0,0.32150494916153594,4.0,0.18810046694189406,7.565936311364332e-05
1217.0,0.3215584748810455,4.000000000000001,0.18814914577838676,7.481705005693142e-05
1218.0,0.3216117107247324,4.0,0.18819733115722057,7.396022891426743e-05
1219.0,0.32166464020765173,3.999999999999999,0.18824500524723561,7.308913260011306e-05
1220.0,0.3217172470031187,4.000000000000001,0.18829215057287915,7.22039424178578e-05
1221.0,0.32176951495563444,4.0,0.18833875003530018,7.130482298560781e-05
1222.0,0.321821428094076,4.0,0.18838478694219235,7.039193870295254e-05
1223.0,0.32187297064454434,4.000000000000002,0.18843024505911565,6.946547135243331e-05
1224.0,0.3219241270422814,4.0,0.18847510866634354,6.852564487428827e-05
1225.0,0.3219748819423394,3.9999999999999996,0.18851936258409632,6.757274548862338e-05
1226.0,0.322025220229136,4.0,0.1885629921512512,6.66071286352363e-05
1227.0,0.3220751270253812,4.000000000000001,0.18860598318488034,6.562922028592377e-05
1228.0,0.3221245877009066,4.000000000000001,0.18864832195952289,6.463952272128043e-05
1229.0,0.3221735878816505,4.0,0.18868999521556268,6.363861901502174e-05
1230.0,0.3222221134586825,3.9999999999999987,0.18873099017546763,6.262715923032724e-05
1231.0,0.3222701505969341,4.0,0.18877129454915084,6.16058223239268e-05
1232.0,0.3223176857433045,3.9999999999999996,0.18881089653203875,6.05752686665755e-05
1233.0,0.3223647056339586,4.0,0.1888497848065211,5.9536104052912974e-05
1234.0,0.3224111973008324,4.000000000000001,0.18888794854314186,5.848886260539483e-05
1235.0,0.32245714807754344,3.999999999999999,0.18892537738899054,5.743400229432551e-05
1236.0,0.32250254560501995,3.9999999999999996,0.188962061444429,5.637190797456699e-05
1237.0,0.32254737783712417,4.0,0.1889979912476829,5.530290511272007e-05
1238.0,0.32259163304633903,4.0,0.1890331577832502,5.4227286629370826e-05
1239.0,0.32263529982933314,4.0,0.1890675525070372,5.314534511387272e-05
1240.0,0.3226783671120754,4.0,0.18910116736652435,5.20573979004131e-05
1241.0,0.3227208241542145,3.9999999999999996,0.18913399480364948,5.0963800790031806e-05
1242.0,0.32276266055262404,4.0,0.18916602774617733,4.986495694938398e-05
1243.0,0.32280386624419255,3.9999999999999996,0.18919725959759662,4.876132688431084e-05
1244.0,0.3228444315080348,3.999999999999999,0.18922768422606642,4.765343534516906e-05
1245.0,0.3228843469673195,3.9999999999999996,0.1892572959478142,4.654186586899541e-05
1246.0,0.322923603590853,4.0,0.18928608950775902,4.5427240303931814e-05
1247.0,0.32296219269446264,4.0,0.1893140600674968,4.431019042885573e-05
1248.0,0.3230001059421135,4.000000000000001,0.1893412032050856,4.3191330547515134e-05
1249.0,0.32303733534663026,4.0,0.18936751491833742,4.20712348008247e-05
1250.0,0.3230738732699323,4.0,0.18939299162009263,4.095042038556973e-05
1251.0,0.32310971242280084,4.0,0.18941763012413987,3.9829341058245e-05
1252.0,0.32314484586428777,4.0,0.18944142763062857,3.8708396940969876e-05
1253.0,0.32317926700089583,4.0,0.18946438171809002,3.758796062786256e-05
1254.0,0.32321296958559464,4.0,0.18948649034019946,3.646841063595498e-05
1255.0,0.3232459477166516,4.000000000000001,0.18950775182185817,3.535016091097865e-05
1256.0,0.32327819583619893,3.999999999999999,0.18952816485383103,3.4233681062988526e-05
1257.0,0.3233097087284331,4.0,0.18954772848895068,3.311950848756122e-05
1258.0,0.323340481517367,4.0,0.18956644213948431,3.200825415427875e-05
1259.0,0.323370509664105,4.000000000000001,0.18958430557020697,3.0900601348094596e-05
1260.0,0.32339978896369903,3.9999999999999987,0.1896013188835006,2.9797297361102246e-05
1261.0,0.32342831554170165,3.9999999999999987,0.18961748250015897,2.8699142368588697e-05
1262.0,0.3234560858505472,3.999999999999999,0.1896327971432551,2.7606981753086595e-05
1263.0,0.32348309666583897,3.999999999999999,0.18964726382813127,2.6521704989584965e-05
1264.0,0.3235093450825488,4.0,0.18966088385535126,2.5444250070037166e-05
1265.0,0.32353482851109033,4.0,0.18967365880280707,2.4375612664196752e-05
1266.0,0.3235595446732194,4.0,0.18968559051718067,2.3316862827907505e-05
1267.0,0.3235834915977358,4.0,0.1896966811069206,2.226917347902625e-05
1268.0,0.32360666761598655,4.000000000000002,0.1897069329363671,2.123386176935004e-05
1269.0,0.3236290713571937,4.0,0.18971634861825035,2.0212440812563307e-05
1270.0,0.3236507017436443,3.999999999999999,0.1897249310036022,1.920667934494064e-05
1271.0,0.32367155798577496,4.000000000000001,0.1897326831716903,1.8218669792894437e-05
1272.0,0.3236916395771604,4.000000000000001,0.18973960842270765,1.7250906651365366e-05
1273.0,0.32371094628938396,4.0,0.1897457102723355,1.6306375885439063e-05
1274.0,0.32372947816676156,3.999999999999999,0.1897509924448368,1.538865541105076e-05
1275.0,0.3237472355209079,4.0,0.1897554588631026,1.4502028606738768e-05
1276.0,0.32376421892516744,3.9999999999999996,0.18975911363737188,1.3651614076929372e-05
1277.0,0.32378042920895655,4.000000000000001,0.18976196105491483,1.284351010244085e-05
1278.0,0.3237958674520704,4.000000000000001,0.18976400557082782,1.2084939269385317e-05
1279.0,0.32381053497899115,4.0,0.18976525179883758,1.1384359362875921e-05
1280.0,0.3238244333532213,4.0,0.18976570450227137,1.0751482199344189e-05
1281.0,0.32383756437163846,4.0,0.18976536858672782,1.019711397510798e-05
1282.0,0.32384993005885104,4.0,0.18976424909500433,9.73270893597317e-06
1283.0,0.32386153266153117,3.999999999999999,0.18976235120264642,9.369541162090405e-06
1284.0,0.3238723746427038,3.999999999999999,0.1897596802121174,9.117487228437516e-06
1285.0,0.3238824586760006,4.0,0.18975624154550605,8.983590013007178e-06
1286.0,0.3238917876398973,3.9999999999999996,0.18975204073729915,8.97077607188278e-06
1287.0,0.32390036461195765,3.999999999999999,0.18974708342812854,9.077176470956623e-06
1288.0,0.3239081928630999,4.0,0.18974137535882063,9.296332136663101e-06
1289.0,0.32391527585189017,3.9999999999999996,0.18973492236384953,9.618210836925772e-06
1290.0,0.3239216172188607,4.0,0.1897277303644718,1.003065612968485e-05
1291.0,0.323927220780854,3.9999999999999996,0.18971980536245658,1.0520816641686719e-05
1292.0,0.3239320905253928,3.9999999999999996,0.189711153434502,1.1076249164393252e-05
1293.0,0.3239362306050839,3.999999999999999,0.18970178072649718,1.16855991810113e-05
1294.0,0.32393964533207165,4.000000000000001,0.1896916934472126,1.23389126576508e-05
1295.0,0.3239423391725568,4.000000000000001,0.18968089786217496,1.3027691721654025e-05
1296.0,0.32394431674139584,4.000000000000001,0.1896694002887078,1.3744802610401298e-05
1297.0,0.32394558279677965,4.0,0.189657207092093,1.4484315135879464e-05
1298.0,0.32394614223498497,4.0,0.18964432468192982,1.5241322853342214e-05
1299.0,0.32394600008518554,4.0,0.18963075950811575,1.6011770745325892e-05
1300.0,0.32394516150431596,4.000000000000001,0.18961651805673246,1.6792302755778938e-05
1301.0,0.3239436317719878,4.0,0.18960160684624486,1.7580132873046744e-05
1302.0,0.3239414162854629,3.999999999999999,0.18958603242381414,1.837293888416966e-05
1303.0,0.32393852055469197,4.000000000000001,0.18956980136126375,1.916877603347773e-05
1304.0,0.3239349501974298,3.9999999999999996,0.18955292025077375,1.9966007394199688e-05
1305.0,0.32393071093443204,4.0,0.18953539570091135,2.076324790847113e-05
1306.0,0.3239258085847383,4.000000000000001,0.18951723433332862,2.1559319411762666e-05
1307.0,0.3239202490610352,4.0,0.18949844277977357,2.235321443379847e-05
1308.0,0.3239140383650988,4.0,0.1894790276789122,2.3144067058649633e-05
1309.0,0.3239071825833126,4.0,0.189458995672987,2.3931129467893405e-05
1310.0,0.3238996878822678,3.9999999999999996,0.18943835340475898,2.471375298768823e-05
1311.0,0.323891560504448,3.999999999999999,0.18941710751493965,2.5491372631984287e-05
1312.0,0.3238828067640035,4.0,0.1893952646398702,2.6263494365149372e-05
1313.0,0.3238734330426152,3.9999999999999996,0.1893728314091955,2.702968453353796e-05
1314.0,0.323863445785447,3.999999999999999,0.18934981444364243,2.778956105901049e-05
1315.0,0.3238528514971821,3.9999999999999987,0.189326220353122,2.854278608056254e-05
1316.0,0.32384165673813836,4.000000000000001,0.18930205573506081,2.9289059814043574e-05
1317.0,0.3238298681204601,4.000000000000001,0.18927732717261106,3.0028115473919765e-05
1318.0,0.3238174923043837,3.999999999999999,0.18925204123259795,3.075971509920156e-05
1319.0,0.3238045359945827,4.0,0.18922620446345312,3.1483646088569726e-05
1320.0,0.32379100593659543,4.0,0.18919982339342978,3.21997182535952e-05
1321.0,0.32377690891333644,3.999999999999999,0.189172904529085,3.290776127841632e-05
1322.0,0.32376225174169343,3.999999999999999,0.18914545435381283,3.360762254804826e-05
1323.0,0.32374704126920695,4.000000000000001,0.18911747932635933,3.4299165321359634e-05
1324.0,0.3237312843708309,3.9999999999999996,0.18908898587946066,3.498226718917147e-05
1325.0,0.32371498794577025,4.000000000000002,0.1890599804186953,3.565681875838975e-05
1326.0,0.32369815891439874,4.000000000000001,0.1890304693214302,3.632272252188775e-05
1327.0,0.3236808042152506,4.0,0.18900045893572567,3.697989188329929e-05
1328.0,0.3236629308020924,3.9999999999999996,0.18896995557926152,3.762825027395314e-05
1329.0,0.32364454564107226,4.000000000000002,0.18893896553846345,3.8267730291905194e-05
1330.0,0.32362565570794755,3.999999999999999,0.1889074950678639,3.889827284175762e-05
1331.0,0.3236062679853851,4.000000000000001,0.1888755503895285,3.9519826317756135e-05
1332.0,0.32358638946033536,3.999999999999999,0.1888431376923955,4.013234588584808e-05
1333.0,0.32356602712147264,4.0,0.18881026313155932,4.073579288491805e-05
1334.0,0.3235451879567068,4.0,0.18877693282761326,4.1330134335564115e-05
1335.0,0.3235238789507588,3.9999999999999996,0.1887431528660707,4.191534255204197e-05
1336.0,0.3235021070828079,4.000000000000001,0.1887089292967936,4.24913948559601e-05
1337.0,0.32347987932420663,3.999999999999999,0.1886742681334178,4.3058273371423975e-05
1338.0,0.3234572026362633,3.9999999999999987,0.18863917535286867,4.361596485371817e-05
1339.0,0.323434083968095,3.9999999999999987,0.18860365689502986,4.416446051095826e-05
1340.0,0.3234105302545442,4.0,0.18856771866249908,4.47037558168755e-05
1341.0,0.3233865484141607,3.999999999999999,0.18853136652032032,4.523385032937684e-05
1342.0,0.3233621453472435,3.999999999999999,0.18849460629567974,4.57547475140918e-05
1343.0,0.3233373279339462,3.9999999999999987,0.18845744377765034,4.626645454987534e-05
1344.0,0.3233121030324407,4.000000000000001,0.18841988471703983,4.6768982102980236e-05
1345.0,0.3232864774771434,4.000000000000002,0.18838193482629603,4.726234408269054e-05
1346.0,0.3232604580769976,4.000000000000001,0.1883435997794124,4.774655740231594e-05
1347.0,0.32323405161381524,3.9999999999999987,0.18830488521183686,4.8221641755778196e-05
1348.0,0.3232072648406737,4.0,0.18826579672042335,4.8687619417567866e-05
1349.0,0.3231801044803678,4.0,0.1882263398634108,4.9144515080995504e-05
1350.0,0.32315257722391344,4.0,0.18818652016037254,4.959235575888141e-05
1351.0,0.32312468972910424,4.0,0.18814634309211858,5.0031170744823536e-05
1352.0,0.3230964486191212,4.0,0.18810581410060997,5.046099160854345e-05
1353.0,0.323067860481192,4.000000000000001,0.1880649385889456,5.0881852188198795e-05
1354.0,0.3230389318653051,4.0,0.18802372192141475,5.1293788561567476e-05
1355.0,0.3230096692829703,4.0,0.1879821694235681,5.169683899313747e-05
1356.0,0.32298007920603194,4.000000000000001,0.18794028638228708,5.2091043858673807e-05
1357.0,0.3229501680655278,4.0,0.187898078045871,5.2476445544150975e-05
1358.0,0.3229199422505944,4.0,0.18785554962415452,5.285308832673451e-05
1359.0,0.3228894081074183,3.9999999999999996,0.18781270628862787,5.322101825331937e-05
1360.0,0.3228585719382312,3.999999999999999,0.18776955317253655,5.358028303318243e-05
1361.0,0.3228274400003487,4.0,0.18772609537097812,5.39309319443607e-05
1362.0,0.32279601850525236,4.000000000000001,0.18768233794103,5.427301574709338e-05
1363.0,0.3227643136177141,4.0,0.18763828590190862,5.460658660527556e-05
1364.0,0.32273233145496133,4.000000000000001,0.1875939442351242,5.493169802525501e-05
1365.0,0.32270007808588264,4.000000000000001,0.18754931788461068,5.524840481671566e-05
1366.0,0.3226675595302727,4.0,0.1875044117568421,5.555676306975528e-05
1367.0,0.32263478175811566,3.9999999999999996,0.18745923072096252,5.5856830136383206e-05
1368.0,0.3226017506889064,4.000000000000001,0.18741377960892946,5.61486646086026e-05
1369.0,0.3225684721910099,4.0,0.18736806321565902,5.643232629139063e-05
1370.0,0.32253495208105654,3.999999999999999,0.1873220862991754,5.670787616353557e-05
1371.0,0.322501196123374,4.0,0.1872758535807829,5.6975376321328994e-05
1372.0,0.3224672100294555,4.0,0.18722936974526116,5.7234889906790274e-05
1373.0,0.3224329994574593,4.000000000000001,0.18718263944106397,5.7486481031009504e-05
1374.0,0.3223985700117451,4.0,0.18713566728049782,5.773021470538451e-05
1375.0,0.3223639272424397,4.0,0.1870884578398855,5.796615678341699e-05
1376.0,0.32232907664503585,4.0,0.18704101565973077,5.8194373910636915e-05
1377.0,0.32229402366002274,4.0,0.18699334524489147,5.841493348170627e-05
1378.0,0.3222587736725454,4.000000000000001,0.18694545106475188,5.8627903603781554e-05
1379.0,0.32222333201209596,3.999999999999999,0.18689733755338997,5.883335306562279e-05
1380.0,0.3221877039522326,4.0,0.18684900910974667,5.903135130857593e-05
1381.0,0.32215189471032846,3.999999999999999,0.18680047009780304,5.9221968394292904e-05
1382.0,0.32211590944734736,4.0,0.18675172484675873,5.940527497146775e-05
1383.0,0.32207975326764776,3.9999999999999996,0.18670277765119966,5.958134224229025e-05
1384.0,0.32204343121881196,4.000000000000001,0.18665363277125907,5.9750241928994865e-05
1385.0,0.3220069482915032,3.999999999999999,0.1866042944327832,5.9912046235500154e-05
1386.0,0.32197030941934635,4.000000000000001,0.18655476682750946,6.006682780478856e-05
1387.0,0.32193351947883553,4.0,0.18650505411325083,6.0214659673282365e-05
1388.0,0.32189658328926407,3.999999999999999,0.1864551604140765,6.035561522733057e-05
1389.0,0.3218595056126794,3.999999999999999,0.18640508982048812,6.048976816301658e-05
1390.0,0.3218222911538603,3.9999999999999987,0.18635484638959673,6.061719244861206e-05
1391.0,0.32178494456031603,4.000000000000002,0.1863044341452974,6.0737962290535414e-05
1392.0,0.32174747042230856,3.999999999999999,0.18625385707843595,6.08521521036489e-05
1393.0,0.32170987327289313,3.9999999999999987,0.1862031191469694,6.0959836485388304e-05
1394.0,0.32167215758798295,4.0,0.18615222427612843,6.106109018982308e-05
1395.0,0.3216343277864321,3.9999999999999996,0.18610117635858747,6.11559880989444e-05
1396.0,0.32159638823013814,4.0,0.18604997925463873,6.124460519255965e-05
1397.0,0.3215583432241647,3.999999999999999,0.18599863679236456,6.132701651795086e-05
1398.0,0.3215201970168816,3.999999999999999,0.18594715276780532,6.140329715971096e-05
1399.0,0.32148195380012395,3.999999999999999,0.185895530945129,6.147352220950902e-05
1400.0,0.3214436177093678,4.0,0.18584377505680127,6.153776673539416e-05
1401.0,0.32140519282392366,4.000000000000001,0.18579188880375574,6.159610575266097e-05
1402.0,0.3213666831671457,4.0,0.18573987585556292,6.16486141956288e-05
1403.0,0.3213280927066569,4.0,0.18568773985060055,6.169536689118844e-05
1404.0,0.3212894253545914,4.0,0.18563548439622965,6.173643853119417e-05
1405.0,0.3212506849678488,4.000000000000002,0.18558311306897055,6.177190364725955e-05
1406.0,0.32121187534836604,4.0,0.18553062941467788,6.180183658524966e-05
1407.0,0.3211730002434008,4.0,0.18547803694871023,6.182631148384741e-05
1408.0,0.3211340633458297,4.0,0.1854253391561001,6.184540225204626e-05
1409.0,0.3210950682944595,3.999999999999999,0.1853725394917265,6.185918254745155e-05
1410.0,0.32105601867435024,4.000000000000001,0.1853196413804886,6.186772575419342e-05
1411.0,0.3210169180171516,4.0,0.18526664821748068,6.187110496178613e-05
1412.0,0.3209777698014497,4.0,0.18521356336816946,6.18693929430547e-05
1413.0,0.32093857745312687,4.0,0.18516039016857405,6.186266213315222e-05
1414.0,0.32089934434573086,3.9999999999999982,0.18510713192544911,6.185098460749279e-05
1415.0,0.32086007380085513,4.0,0.18505379191646626,6.18344320617748e-05
1416.0,0.3208207690885295,3.9999999999999996,0.18500037339039516,6.18130757930365e-05
1417.0,0.3207814334276192,4.0,0.184946879567286,6.178698668156105e-05
1418.0,0.32074206998623433,4.0,0.18489331363865513,6.175623517307634e-05
1419.0,0.32070268188214746,4.000000000000002,0.18483967876767288,6.172089126119133e-05
1420.0,0.3206632721832203,4.0,0.1847859780893523,6.168102447053014e-05
1421.0,0.3206238439078367,4.0,0.18473221471073992,6.163670384080407e-05
1422.0,0.32058440002534583,3.9999999999999996,0.18467839171110714,6.158799791119754e-05
1423.0,0.32054494345650986,4.000000000000001,0.18462451214214412,6.1534974705347e-05
1424.0,0.32050547707396104,4.0,0.18457057902815363,6.147770171772884e-05
1425.0,0.3204660037026629,3.999999999999999,0.1845165953662456,6.141624590036308e-05
1426.0,0.32042652612037925,4.0,0.18446256412653467,6.135067365022115e-05
1427.0,0.3203870470581485,4.0,0.18440848825233982,6.128105079628533e-05
1428.0,0.3203475692007633,3.9999999999999996,0.18435437066038798,6.120744258758171e-05
1429.0,0.32030809518725534,4.0,0.18430021424101872,6.11299136801692e-05
1430.0,0.32026862761138497,3.9999999999999996,0.18424602185839023,6.104852812611762e-05
1431.0,0.32022916902213516,4.0,0.18419179635068758,6.096334936248356e-05
1432.0,0.3201897219242099,4.000000000000001,0.18413754053033263,6.087444020057866e-05
1433.0,0.3201502887785359,4.000000000000001,0.1840832571841956,6.078186281637348e-05
1434.0,0.3201108720027675,4.000000000000001,0.18402894907380715,6.068567874152962e-05
1435.0,0.32007147397179636,3.999999999999999,0.18397461893557335,6.058594885462122e-05
1436.0,0.32003209701826135,4.0,0.1839202694809931,6.048273337315663e-05
1437.0,0.31999274343306416,3.9999999999999996,0.18386590339687706,6.037609184604688e-05
1438.0,0.3199534154658844,4.0,0.18381152334556775,6.0266083146878944e-05
1439.0,0.31991411532569836,3.9999999999999982,0.18375713196516189,6.0152765467741286e-05
1440.0,0.31987484518129866,4.000000000000001,0.18370273186973327,6.0036196314091345e-05
1441.0,0.31983560716181675,4.000000000000001,0.18364832564955821,5.991643249871354e-05
1442.0,0.3197964033572446,3.999999999999999,0.1835939158713421,5.979353013747847e-05
1443.0,0.3197572358189581,4.0,0.18353950507844896,5.9667544644174334e-05
1444.0,0.31971810656024297,4.000000000000001,0.18348509579113095,5.95385307258517e-05
1445.0,0.31967901755681816,4.0,0.1834306905067613,5.9406542378506453e-05
1446.0,0.31963997074736133,4.000000000000001,0.1833762917000681,5.927163288309543e-05
1447.0,0.3196009680340343,3.999999999999999,0.18332190182336947,5.91338548022555e-05
1448.0,0.319562011283007,3.999999999999999,0.18326752330680923,5.899325997789972e-05
1449.0,0.3195231023249824,4.0,0.18321315855859402,5.8849899529001814e-05
1450.0,0.31948424295572003,4.0,0.1831588099652317,5.870382384997822e-05
1451.0,0.3194454349365585,4.0,0.1831044798917709,5.855508260993813e-05
1452.0,0.3194066799949376,4.0,0.1830501706820414,5.8403724752011805e-05
1453.0,0.3193679798249175,4.000000000000001,0.18299588465889635,5.824979849314502e-05
1454.0,0.3193293360876993,4.0,0.1829416241244542,5.809335132420208e-05
1455.0,0.3192907504121405,4.0,0.1828873913603425,5.793443001035521e-05
1456.0,0.3192522243952717,4.0,0.18283318862794248,5.7773080592066695e-05
1457.0,0.319213759602809,4.0,0.18277901816863348,5.7609348385606324e-05
1458.0,0.31917535756966553,3.999999999999999,0.18272488220403835,5.744327798443164e-05
1459.0,0.31913701980045994,3.9999999999999982,0.18267078293626957,5.727491326059681e-05
1460.0,0.3190987477700227,4.0,0.1826167225481766,5.710429736627994e-05
1461.0,0.3190605429238999,3.999999999999999,0.1825627032035926,5.6931472735506706e-05
1462.0,0.3190224066788532,4.0,0.18250872704758128,5.6756481087405085e-05
1463.0,0.3189843404233584,3.9999999999999996,0.18245479620668476,5.65793634283996e-05
1464.0,0.3189463455180992,4.000000000000001,0.18240091278917053,5.640016005613326e-05
1465.0,0.31890842329645935,3.9999999999999996,0.1823470788852791,5.621891056271403e-05
1466.0,0.3188705750650098,4.0,0.18229329656747043,5.6035653839650046e-05
1467.0,0.3188328021039939,3.999999999999999,0.1822395678906709,5.585042808120272e-05
1468.0,0.3187951056678072,4.0,0.18218589489251996,5.566327078976547e-05
1469.0,0.3187574869854761,3.999999999999999,0.18213227959361686,5.547421877990073e-05
1470.0,0.318719947261129,4.0,0.18207872399776578,5.52833081837524e-05
1471.0,0.3186824876744676,4.0,0.1820252300922213,5.5090574455774625e-05
1472.0,0.3186451093812307,3.9999999999999996,0.18197179984793244,5.4896052378287875e-05
1473.0,0.31860781351365575,3.9999999999999996,0.18191843521978668,5.469977606683932e-05
1474.0,0.3185706011809357,3.9999999999999996,0.18186513814685257,5.450177897607693e-05
1475.0,0.31853347346967126,3.999999999999999,0.18181191055262114,5.430209390545493e-05
1476.0,0.31849643144431883,4.000000000000001,0.18175875434524633,5.410075300587961e-05
1477.0,0.3184594761476348,3.999999999999999,0.18170567141778488,5.389778778589101e-05
1478.0,0.31842260860111293,4.0,0.18165266364843394,5.36932291185272e-05
1479.0,0.31838582980542024,4.000000000000001,0.18159973290076747,5.348710724843326e-05
1480.0,0.31834914074082554,4.000000000000001,0.18154688102397112,5.3279451799256016e-05
1481.0,0.3183125423676244,3.999999999999999,0.18149410985307565,5.307029178041036e-05
1482.0,0.31827603562655915,4.0,0.1814414212091883,5.2859655595757474e-05
1483.0,0.3182396214392339,4.000000000000001,0.18138881689972253,5.264757105023901e-05
1484.0,0.31820330070852443,4.0,0.18133629871862564,5.243406535845875e-05
1485.0,0.3181670743189827,4.000000000000002,0.1812838684466047,5.2219165152013785e-05
1486.0,0.31813094313723844,3.999999999999999,0.18123152785135024,5.200289648804504e-05
1487.0,0.3180949080123913,4.0,0.1811792786877569,5.1785284857167944e-05
1488.0,0.31805896977640313,4.000000000000001,0.18112712269814307,5.1566355192091865e-05
1489.0,0.3180231292444806,4.0,0.18107506161246698,5.134613187594124e-05
1490.0,0.3179873872154557,3.9999999999999996,0.1810230971485403,5.112463875112882e-05
1491.0,0.3179517444721585,4.0,0.18097123101224005,5.090189912821835e-05
1492.0,0.317916201781787,4.0,0.18091946489771643,5.0677935794714027e-05
1493.0,0.3178807598962694,4.000000000000001,0.1808678004875985,5.045277102439065e-05
1494.0,0.31784541955262324,4.0,0.18081623945319666,5.022642658654245e-05
1495.0,0.31781018147330714,3.999999999999999,0.18076478345470204,4.999892375524622e-05
1496.0,0.31777504636656806,4.0,0.18071343414138336,4.977028331895669e-05
1497.0,0.317740014926784,4.0,0.18066219315177912,4.954052558986318e-05
1498.0,0.31770508783479956,4.0,0.1806110621138878,4.9309670413784734e-05
1499.0,0.3176702657582575,3.9999999999999996,0.18056004264535386,4.907773717993199e-05
1500.0,0.3176355493519237,4.000000000000001,0.18050913635365032,4.884474483041935e-05
1501.0,0.317600939258008,4.0,0.18045834483625847,4.861071187037339e-05
1502.0,0.3175664361064782,4.000000000000001,0.18040766968084185,4.837565637803955e-05
1503.0,0.31753204051536976,4.0,0.18035711246541852,4.813959601465793e-05
1504.0,0.31749775309108935,4.0,0.1803066747585284,4.790254803463948e-05
1505.0,0.31746357442871276,4.0,0.1802563581193968,4.7664529296121224e-05
1506.0,0.3174295051122781,4.0,0.18020616409809323,4.74255562709417e-05
1507.0,0.3173955457150733,3.9999999999999996,0.18015609423568688,4.7185645055161504e-05
1508.0,0.3173616967999174,4.0,0.18010615006439715,4.694481137976092e-05
1509.0,0.3173279589194374,4.0,0.18005633310774052,4.670307062093805e-05
1510.0,0.31729433261633927,3.999999999999999,0.18000664488067203,4.6460437810797875e-05
1511.0,0.31726081842367304,4.0,0.17995708688972234,4.6216927648277244e-05
1512.0,0.3172274168650936,4.0,0.17990766063313118,4.597255450949536e-05
1513.0,0.31719412845511485,4.0,0.1798583676009749,4.572733245892851e-05
1514.0,0.3171609536993593,4.0,0.1798092092752895,4.548127526015379e-05
1515.0,0.3171278930948017,4.0,0.17976018713018915,4.523439638685724e-05
1516.0,0.31709494713000785,3.9999999999999996,0.17971130263197924,4.498670903347436e-05
1517.0,0.3170621162853678,3.999999999999999,0.17966255723926475,4.4738226126541026e-05
1518.0,0.31702940103332344,4.0,0.1796139524030534,4.4488960335662925e-05
1519.0,0.3169968018385914,3.9999999999999996,0.17956548956685286,4.423892408476675e-05
1520.0,0.31696431915837964,4.000000000000001,0.17951717016676413,4.3988129563185775e-05
1521.0,0.31693195344260017,4.000000000000001,0.17946899563156815,4.3736588736813176e-05
1522.0,0.3168997051340753,3.999999999999999,0.1794209673828079,4.348431335948748e-05
1523.0,0.3168675746687386,3.9999999999999987,0.17937308683486397,4.3231314984577944e-05
1524.0,0.3168355624758321,3.999999999999999,0.17932535539502562,4.2977604975930475e-05
1525.0,0.31680366897809653,4.0,0.1792777744635557,4.272319451992183e-05
1526.0,0.31677189459195754,4.0,0.17923034543374983,4.246809463628867e-05
1527.0,0.31674023972770604,3.9999999999999996,0.1791830696919891,4.221231619018642e-05
1528.0,0.31670870478967394,3.9999999999999996,0.17913594861778886,4.1955869903694286e-05
1529.0,0.31667729017640467,4.000000000000002,0.17908898358383923,4.169876636737305e-05
1530.0,0.31664599628081846,4.000000000000002,0.17904217595604086,4.144101605186715e-05
1531.0,0.31661482349037273,4.000000000000001,0.17899552709353483,4.118262931994349e-05
1532.0,0.3165837721872169,4.0,0.1789490383487255,4.092361643815712e-05
1533.0,0.31655284274834333,4.0,0.1789027110672983,4.066398758854928e-05
1534.0,0.31652203554573244,3.9999999999999996,0.17885654658823016,4.040375288065328e-05
1535.0,0.3164913509464926,3.999999999999999,0.17881054624379414,4.01429223637312e-05
1536.0,0.3164607893129965,3.999999999999999,0.17876471135955826,3.988150603831688e-05
1537.0,0.31643035100301053,4.0,0.17871904325437687,3.961951386868079e-05
1538.0,0.3164000363698218,4.000000000000001,0.17867354324037618,3.935695579497926e-05
1539.0,0.3163698457623578,3.9999999999999996,0.17862821262293307,3.9093841744931407e-05
1540.0,0.3163397795253031,3.999999999999999,0.17858305270064767,3.883018164701282e-05
1541.0,0.3163098379992105,4.0,0.17853806476530937,3.856598544187152e-05
1542.0,0.31628002152060747,3.9999999999999996,0.1784932501018553,3.8301263095129075e-05
1543.0,0.31625033042209794,3.9999999999999996,0.17844860998832268,3.803602461003113e-05
1544.0,0.3162207650324596,4.0,0.17840414569579519,3.777028003958135e-05
1545.0,0.3161913256767361,4.0,0.17835985848834154,3.750403949938269e-05
1546.0,0.31616201267632515,3.999999999999999,0.17831574962294805,3.7237313180201515e-05
1547.0,0.31613282634906126,3.999999999999999,0.17827182034944294,3.697011136075057e-05
1548.0,0.3161037670092946,4.000000000000001,0.1782280719104154,3.670244442074159e-05
1549.0,0.31607483496796573,4.000000000000001,0.17818450554112747,3.6434322853316723e-05
1550.0,0.3160460305326741,4.0,0.17814112246941835,3.6165757278598665e-05
1551.0,0.3160173540077435,4.000000000000001,0.178097923915602,3.589675845651635e-05
1552.0,0.3159888056942833,4.0,0.17805491109235766,3.562733729994218e-05
1553.0,0.31596038589024333,4.000000000000001,0.17801208520461437,3.535750488823156e-05
1554.0,0.31593209489046753,4.0,0.17796944744942744,3.5087272480254185e-05
1555.0,0.3159039329867394,4.0,0.17792699901584808,3.4816651528627503e-05
1556.0,0.31587590046782665,4.0,0.17788474108478614,3.4545653692363825e-05
1557.0,0.315847997619519,4.000000000000001,0.17784267482886615,3.427429085133725e-05
1558.0,0.3158202247246632,4.000000000000001,0.17780080141227617,3.400257511999487e-05
1559.0,0.31579258206319333,3.9999999999999996,0.17775912199060925,3.373051886111938e-05
1560.0,0.31576506991215625,4.0,0.1777176377106985,3.34581347003162e-05
1561.0,0.315737688545734,4.0,0.17767634971044466,3.318543554002199e-05
1562.0,0.31571043823526146,4.0,0.17763525911863687,3.291243457390784e-05
1563.0,0.3156833192492397,4.0,0.17759436705476664,3.263914530189907e-05
1564.0,0.3156563318533455,4.0,0.1775536746288347,3.23655815442245e-05
1565.0,0.31562947631043686,4.000000000000001,0.17751318294115095,3.2091757457078446e-05
1566.0,0.3156027528805543,4.0,0.17747289308212716,3.181768754723356e-05
1567.0,0.31557616182091813,4.0,0.17743280613206375,3.1543386687536916e-05
1568.0,0.315549703385922,4.0,0.17739292316092886,3.1268870132320166e-05
1569.0,0.3155233778271221,4.0,0.17735324522813084,3.0994153533225814e-05
1570.0,0.3154971853932232,3.999999999999999,0.177313773382284,3.071925295504545e-05
1571.0,0.31547112633005947,3.9999999999999996,0.177274508660968,3.0444184891951296e-05
1572.0,0.31544520088057315,3.9999999999999996,0.1772354520904802,3.0168966283743517e-05
1573.0,0.31541940928478795,4.0,0.17719660468558174,2.989361453302489e-05
1574.0,0.3153937517797795,4.000000000000001,0.17715796744923645,2.9618147521214316e-05
1575.0,0.315368228599642,3.999999999999999,0.17711954137234404,2.934258362682376e-05
1576.0,0.31534283997545,4.0,0.17708132743346697,2.9066941742322985e-05
1577.0,0.3153175861352188,4.000000000000001,0.17704332659855015,2.8791241292175726e-05
1578.0,0.3152924673038591,4.0,0.17700553982063522,2.851550225099246e-05
1579.0,0.3152674837031285,4.000000000000001,0.1769679680395683,2.823974516232783e-05
1580.0,0.3152426355515804,4.000000000000002,0.17693061218170186,2.796399115698793e-05
1581.0,0.31521792306450813,4.000000000000001,0.176893473159591,2.768826197286871e-05
1582.0,0.31519334645388625,4.0,0.17685655187168284,2.74125799745715e-05
1583.0,0.31516890592830815,3.999999999999999,0.1768198492020013,2.7136968173318164e-05
1584.0,0.31514460169292025,4.0,0.1767833660198258,2.686145024762325e-05
1585.0,0.3151204339493529,4.0,0.17674710317936437,2.658605056448237e-05
1586.0,0.31509640289564783,4.0,0.17671106151942176,2.6310794200876668e-05
1587.0,0.315072508726182,3.999999999999999,0.17667524186306152,2.6035706965700368e-05
1588.0,0.3150487516315883,4.000000000000001,0.17663964501726448,2.5760815422697434e-05
1589.0,0.315025131798674,4.0,0.17660427177258067,2.5486146913286183e-05
1590.0,0.31500164941033376,4.0,0.17656912290277732,2.52117295808301e-05
1591.0,0.31497830464546195,3.9999999999999987,0.17653419916448224,2.4937592394873643e-05
1592.0,0.3149550976788596,3.999999999999999,0.17649950129682204,2.4663765176332588e-05
1593.0,0.31493202868114045,3.999999999999999,0.17646503002105768,2.4390278623182464e-05
1594.0,0.3149090978186319,3.999999999999999,0.1764307860402135,2.411716433731652e-05
1595.0,0.31488630525327427,4.000000000000001,0.17639677003870424,2.3844454851920188e-05
1596.0,0.3148636511425169,3.9999999999999996,0.1763629826819578,2.357218365885068e-05
1597.0,0.3148411356392107,3.999999999999999,0.176329424616034,2.330038523875752e-05
1598.0,0.3148187588914983,3.9999999999999996,0.1762960964672405,2.3029095090183627e-05
1599.0,0.3147965210427017,4.0,0.1762629988417453,2.275834976048296e-05
1600.0,0.31477442223120655,4.0,0.17623013232518642,2.2488186877486693e-05
1601.0,0.31475246259034373,4.0,0.17619749748227898,2.2218645182145237e-05
1602.0,0.31473064224826874,3.9999999999999996,0.17616509485641937,2.1949764562207e-05
1603.0,0.31470896132783777,3.999999999999999,0.17613292496928784,2.1681586086866255e-05
1604.0,0.3146874199464819,4.0,0.17610098832044874,2.141415204248387e-05
1605.0,0.31466601821607854,4.0,0.17606928538694885,2.114750596933711e-05
1606.0,0.31464475624281957,4.000000000000002,0.17603781662291423,2.0881692699666987e-05
1607.0,0.31462363412707883,3.9999999999999996,0.17600658245914597,2.0616758396480836e-05
1608.0,0.3146026519632751,3.9999999999999996,0.17597558330271557,2.0352750593954962e-05
1609.0,0.3145818098397344,4.0,0.1759448195365585,2.0089718238361866e-05
1610.0,0.3145611078385498,4.0,0.17591429151906773,1.9827711730473922e-05
1611.0,0.31454054603543796,3.9999999999999996,0.17588399958368733,1.9566782969366864e-05
1612.0,0.3145201244995949,3.9999999999999996,0.17585394403850635,1.930698539661335e-05
1613.0,0.3144998432935485,3.9999999999999996,0.17582412516585305,1.9048374041792583e-05
1614.0,0.3144797024730105,4.0,0.17579454322188898,1.8791005569432238e-05
1615.0,0.3144597020867247,4.0,0.1757651984362053,1.853493832588836e-05
1616.0,0.3144398421763146,4.0,0.17573609101142024,1.82802323875449e-05
1617.0,0.3144201227761291,4.0,0.17570722112277812,1.8026949609663852e-05
1618.0,0.31440054391308536,4.000000000000001,0.17567858891774932,1.777515367583818e-05
1619.0,0.31438110560651195,3.9999999999999996,0.17565019451563452,1.7524910147118628e-05
1620.0,0.31436180786798806,4.000000000000001,0.17562203800717013,1.7276286511810393e-05
1621.0,0.31434265070118367,3.999999999999999,0.175594119454137,1.7029352234651225e-05
1622.0,0.31432363410169517,4.000000000000002,0.17556643888897297,1.67841788057197e-05
1623.0,0.3143047580568836,3.9999999999999996,0.17553899631438857,1.6540839787424887e-05
1624.0,0.3142860225457072,4.000000000000001,0.17551179170298672,1.6299410861844703e-05
1625.0,0.3142674275385563,4.0,0.1754848249968873,1.6059969873817427e-05
1626.0,0.314248972997085,4.0,0.17545809610735552,1.582259687368761e-05
1627.0,0.31423065887404256,4.0,0.17543160491443638,1.5587374155018906e-05
1628.0,0.3142124851131036,3.9999999999999996,0.17540535126659396,1.5354386289223023e-05
1629.0,0.3141944516486974,3.999999999999999,0.17537933498035607,1.5123720154724036e-05
1630.0,0.3141765584058365,4.0,0.17535355583996648,1.4895464960187562e-05
1631.0,0.3141588052999444,4.0,0.17532801359704214,1.4669712260416906e-05
1632.0,0.31414119223668246,4.000000000000001,0.17530270797023786,1.4446555964449922e-05
1633.0,0.31412371911177694,4.0,0.17527763864491794,1.4226092332384852e-05
1634.0,0.3141063858108444,3.999999999999999,0.17525280527283665,1.4008419962518475e-05
1635.0,0.3140891922092178,4.0,0.17522820747182455,1.3793639763620493e-05
1636.0,0.31407213817177226,4.0,0.1752038448254844,1.3581854912763626e-05
1637.0,0.3140552235527495,3.999999999999999,0.1751797168828959,1.3373170796107065e-05
1638.0,0.31403844819558324,3.9999999999999996,0.17515582315832925,1.316769492969231e-05
1639.0,0.3140218119327247,4.0,0.17513216313096755,1.2965536858935146e-05
1640.0,0.31400531458546743,4.0,0.1751087362446395,1.2766808033101214e-05
1641.0,0.31398895596377296,3.999999999999999,0.17508554190756195,1.2571621653955112e-05
1642.0,0.3139727358660962,4.0,0.17506257949209347,1.2380092493662294e-05
1643.0,0.31395665407921236,4.0,0.17503984833449784,1.219233668067225e-05
1644.0,0.31394071037804266,3.999999999999999,0.1750173477347194,1.2008471450128806e-05
1645.0,0.3139249045254825,4.0,0.17499507695616903,1.1828614856776176e-05
1646.0,0.313909236272229,3.999999999999999,0.17497303522552343,1.1652885447221667e-05
1647.0,0.31389370535660993,4.000000000000002,0.1749512217325353,1.1481401889126962e-05
1648.0,0.3138783115044142,3.999999999999999,0.174929635629856,1.1314282555711147e-05
1649.0,0.31386305442872153,4.0,0.17490827603287154,1.1151645064176478e-05
1650.0,0.31384793382973575,4.000000000000002,0.17488714201955174,1.0993605766272264e-05
1651.0,0.31383294939461803,4.0,0.17486623263031237,1.0840279191109999e-05
1652.0,0.31381810079732086,4.0,0.17484554686789108,1.0691777440900805e-05
1653.0,0.31380338769842553,4.0,0.17482508369723745,1.0548209540728821e-05
1654.0,0.31378880974497925,4.0,0.17480484204541746,1.0409680744831861e-05
1655.0,0.3137743665703356,4.000000000000001,0.17478482080153213,1.0276291804910995e-05
1656.0,0.3137600577939961,3.9999999999999996,0.17476501881665124,1.0148138202766061e-05
1657.0,0.3137458830214535,3.9999999999999996,0.17474543490376224,1.002530935610054e-05
1658.0,0.31373184184403824,4.0,0.17472606783773356,9.907887804698163e-06
1659.0,0.313717933838766,4.000000000000001,0.1747069163552952,9.795948386098922e-06
1660.0,0.3137041585681893,4.0,0.17468797915503326,9.689557412545952e-06
1661.0,0.31369051558024885,4.0,0.17466925489740145,9.588771861871653e-06
1662.0,0.31367700440813107,4.0,0.17465074220474877,9.49363859165791e-06
1663.0,0.31366362457012537,3.999999999999999,0.17463243966136283,9.404193595293718e-06
1664.0,0.31365037556948605,4.0,0.17461434581353066,9.320461312193791e-06
1665.0,0.3136372568942968,4.0,0.17459645916961528,9.24245400389909e-06
1666.0,0.3136242680173383,4.0,0.17457877820014978,9.170171215204488e-06
1667.0,0.3136114083959588,4.0,0.17456130133794825,9.103599327830917e-06
1668.0,0.31359867747194914,3.9999999999999996,0.1745440269782333,9.042711221749393e-06
1669.0,0.3135860746714201,4.0,0.17452695347878142,8.987466053265305e-06
1670.0,0.31357359940468454,3.9999999999999996,0.1745100791600852,8.937809155069726e-06
1671.0,0.3135612510661427,3.999999999999999,0.17449340230553329,8.8936720662816e-06
1672.0,0.31354902903417153,4.0,0.17447692116160676,8.85497269283159e-06
1673.0,0.31353693267101856,3.9999999999999996,0.17446063393809474,8.821615597693956e-06
1674.0,0.31352496132269964,3.9999999999999996,0.17444453880832575,8.793492417724111e-06
1675.0,0.31351311431890105,3.9999999999999996,0.17442863390941762,8.770482399742379e-06
1676.0,0.3135013909728862,4.000000000000001,0.17441291734254433,8.752453047385892e-06
1677.0,0.31348979058140763,3.9999999999999987,0.17439738717322095,8.739260866429792e-06
1678.0,0.3134783124246219,4.0,0.17438204143160532,8.73075219694121e-06
1679.0,0.313466955766012,3.999999999999999,0.17436687811281756,8.72676411409364e-06
1680.0,0.3134557198523127,4.000000000000001,0.1743518951772772,8.727125386587773e-06
1681.0,0.3134446039134421,3.999999999999999,0.17433709055105673,8.731657471510188e-06
1682.0,0.313433607162438,4.0,0.17432246212625316,8.740175534695782e-06
1683.0,0.3134227287954005,4.0,0.17430800776137625,8.752489476700688e-06
1684.0,0.3134119679914391,3.9999999999999996,0.1742937252817534,8.768404952730589e-06
1685.0,0.31340132391262626,3.9999999999999987,0.1742796124799522,8.787724372010466e-06
1686.0,0.31339079570395656,3.999999999999999,0.17426566711621846,8.810247865992068e-06
1687.0,0.31338038249331185,4.000000000000001,0.17425188691893145,8.835774213473797e-06
1688.0,0.3133700833914326,4.0,0.17423826958507535,8.86410171656305e-06
1689.0,0.31335989749189513,3.9999999999999996,0.17422481278072632,8.895029019545293e-06
1690.0,0.31334982387109533,3.9999999999999996,0.17421151414155556,8.928355866495085e-06
1691.0,0.3133398615882389,4.000000000000001,0.1741983712733486,8.963883794449795e-06
1692.0,0.31333000968533853,4.0,0.1741853817525387,9.001416759746163e-06
1693.0,0.31332026718721673,3.9999999999999996,0.17417254312675573,9.040761698649678e-06
1694.0,0.3133106331015163,4.000000000000001,0.17415985291539088,9.081729022583263e-06
1695.0,0.3133011064187179,3.9999999999999996,0.17414730861017472,9.124133049102618e-06
1696.0,0.3132916861121636,3.999999999999999,0.17413490767576958,9.167792371845614e-06
1697.0,0.31328237113808843,4.000000000000001,0.1741226475503754,9.212530173633913e-06
1698.0,0.31327316043565917,4.0,0.17411052564635046,9.258174483877359e-06
1699.0,0.3132640529270198,3.9999999999999996,0.17409853935084402,9.30455838765331e-06
1700.0,0.3132550475173448,4.0,0.17408668602644248,9.351520187396065e-06
1701.0,0.31324614309490023,3.999999999999999,0.1740749630118269,9.39890352335645e-06
1702.0,0.3132373385311117,4.000000000000001,0.1740633676224439,9.446557456897821e-06
1703.0,0.3132286326806409,3.999999999999999,0.1740518971511877,9.49433651966227e-06
1704.0,0.3132200243814686,4.0,0.17404054886909334,9.54210073415679e-06
1705.0,0.31321151245498735,4.000000000000001,0.1740293200260398,9.589715607523677e-06
1706.0,0.3132030957061005,4.0,0.17401820785146604,9.637052103525216e-06
1707.0,0.3131947729233294,3.999999999999999,0.17400720955509436,9.68398659569769e-06
1708.0,0.31318654287892966,4.0,0.17399632232766468,9.730400804177054e-06
1709.0,0.3131784043290147,4.000000000000001,0.17398554334167757,9.776181718314315e-06
1710.0,0.31317035601368737,4.0,0.17397486975214618,9.821221509765242e-06
1711.0,0.31316239665718015,3.9999999999999996,0.17396429869735644,9.865417435755958e-06
1712.0,0.3131545249680032,4.0,0.173953827299634,9.908671735978715e-06
1713.0,0.31314673963910183,4.0,0.1739434526661196,9.950891523865733e-06
1714.0,0.31313903934802045,4.0,0.17393317188955082,9.991988674823257e-06
1715.0,0.31313142275707617,4.0,0.17392298204905002,1.00318797118367e-05
1716.0,0.3131238885135406,3.999999999999999,0.17391288021091786,1.0070485689801232e-05
1717.0,0.3131164352498297,4.000000000000001,0.17390286342943262,1.0107732079719533e-05
1718.0,0.3131090615837021,4.000000000000001,0.1738929287476544,1.0143548653538579e-05
1719.0,0.3131017661184664,4.0,0.1738830731982333,1.0177869370104507e-05
1720.0,0.3130945474431953,4.0,0.1738732938042213,1.0210632263082453e-05
1721.0,0.3130874041329503,4.000000000000001,0.17386358757988818,1.0241779331393756e-05
1722.0,0.31308033474901287,3.9999999999999996,0.1738539515315401,1.027125643154025e-05
1723.0,0.3130733378391246,4.000000000000002,0.17384438265833987,1.0299013174117285e-05
1724.0,0.31306641193773654,3.9999999999999996,0.17383487795313027,1.0325002822525039e-05
1725.0,0.31305955556626497,4.000000000000001,0.17382543440325804,1.0349182195695842e-05
1726.0,0.31305276723335707,4.0,0.17381604899139885,1.0371511574129959e-05
1727.0,0.3130460454351634,4.000000000000002,0.17380671869638267,1.0391954609490218e-05
1728.0,0.3130393886556204,3.9999999999999987,0.1737974404940202,1.0410478237972215e-05
1729.0,0.31303279536673756,4.000000000000001,0.17378821135792696,1.0427052597376855e-05
1730.0,0.3130262640288971,4.0,0.1737790282603478,1.0441650947822702e-05
1731.0,0.3130197930911572,3.9999999999999996,0.17376988817297925,1.0454249595895715e-05
1732.0,0.31301338099156556,3.999999999999999,0.17376078806779058,1.0464827822935853e-05
1733.0,0.3130070261574799,4.0,0.17375172491784252,1.0473367816257135e-05
1734.0,0.3130007270058964,4.0,0.17374269569810238,1.0479854604461062e-05
1735.0,0.31299448194378465,3.9999999999999996,0.1737336973862562,1.0484275995549845e-05
1736.0,0.3129882893684309,4.0,0.1737247269635183,1.0486622518911615e-05
1737.0,0.31298214766778854,4.0,0.17371578141543567,1.0486887370358276e-05
1738.0,0.3129760552208348,3.9999999999999996,0.17370685773268812,1.0485066360407035e-05
1739.0,0.3129700103979352,4.0,0.17369795291188328,1.0481157865654604e-05
1740.0,0.3129640115612145,4.000000000000001,0.17368906395634648,1.047516278285001e-05
1741.0,0.3129580570649344,4.0,0.17368018787690617,1.0467084486912556e-05
1742.0,0.3129521452558772,4.0,0.17367132169267122,1.0456928790678671e-05
1743.0,0.3129462744737368,4.000000000000001,0.17366246243180203,1.0444703908373147e-05
1744.0,0.31294044305151464,4.0,0.1736536071322764,1.0430420420701354e-05
1745.0,0.3129346493159224,4.0,0.17364475284264755,1.041409124465753e-05
1746.0,0.31292889158779014,4.0,0.17363589662279355,1.0395731603361043e-05
1747.0,0.31292316818247995,4.0,0.17362703554465994,1.0375359000452755e-05
1748.0,0.31291747741030507,4.0,0.173618166692994,1.0352993196253936e-05
1749.0,0.312911817576954,4.0,0.17360928716607082,1.0328656186364062e-05
1750.0,0.31290618698392003,4.0,0.17360039407640995,1.0302372182857952e-05
1751.0,0.31290058392893416,3.999999999999999,0.17359148455148332,1.0274167598074823e-05
1752.0,0.312895006706404,3.9999999999999996,0.17358255573441375,1.0244071029820828e-05
1753.0,0.3128894536078566,4.0,0.17357360478466388,1.0212113249860978e-05
1754.0,0.3128839229223839,4.000000000000001,0.17356462887871588,1.0178327194182292e-05
1755.0,0.3128784129370942,3.999999999999999,0.17355562521073936,1.014274795558527e-05
1756.0,0.31287292193756444,4.0,0.17354659099325023,1.0105412778413097e-05
1757.0,0.31286744820829865,4.000000000000001,0.17353752345775925,1.0066361055169779e-05
1758.0,0.31286199003318704,4.0,0.173528419855409,1.0025634325624453e-05
1759.0,0.31285654569596894,4.000000000000001,0.1735192774575995,9.983276277027124e-06
1760.0,0.31285111348069783,4.0,0.1735100935566037,9.939332747687313e-06
1761.0,0.3128456916722088,4.000000000000001,0.17350086546617122,9.893851730813879e-06
1762.0,0.31284027855658814,4.0,0.17349159052212051,9.846883381073723e-06
1763.0,0.3128348724216432,4.0,0.1734822660829186,9.798480022768067e-06
1764.0,0.31282947155737606,4.0,0.17347288953025003,9.748696158631762e-06
1765.0,0.3128240742564558,4.0,0.1734634582695738,9.697588481463189e-06
1766.0,0.3128186788146935,4.0,0.17345396973066762,9.645215885887124e-06
1767.0,0.31281328353151616,3.999999999999999,0.17344442136815913,9.591639481502602e-06
1768.0,0.31280788671044213,4.0,0.17343481066204716,9.536922606558969e-06
1769.0,0.31280248665955596,4.000000000000001,0.1734251351182087,9.481130843116726e-06
1770.0,0.31279708169198306,3.9999999999999987,0.17341539226889383,9.424332031293801e-06
1771.0,0.3127916701263628,4.0,0.17340557967320724,9.366596284594258e-06
1772.0,0.31278625028732293,4.000000000000001,0.17339569491757892,9.30799600406913e-06
1773.0,0.31278082050595035,4.000000000000001,0.1733857356162209,9.248605892413246e-06
1774.0,0.3127753791202619,3.9999999999999996,0.1733756994115711,9.188502966173656e-06
1775.0,0.3127699244756723,4.000000000000002,0.17336558397472424,9.127766566429585e-06
1776.0,0.3127644549254623,3.9999999999999996,0.173355387005851,9.066478367232607e-06
1777.0,0.31275896883124066,3.9999999999999996,0.17334510623460384,9.004722381030628e-06
1778.0,0.3127534645634074,4.0,0.17333473942050862,8.942584960257318e-06
1779.0,0.31274794050161214,3.999999999999999,0.1733242843533449,8.88015479464525e-06
1780.0,0.312742395035209,4.0,0.1733137388535128,8.817522902587855e-06
1781.0,0.31273682656370955,3.999999999999999,0.17330310077238759,8.754782617083142e-06
1782.0,0.3127312334972304,3.9999999999999982,0.17329236799265962,8.692029563426635e-06
1783.0,0.31272561425693823,4.0,0.1732815384286633,8.629361628891019e-06
1784.0,0.3127199672754896,3.9999999999999996,0.17327061002669253,8.566878922219667e-06
1785.0,0.3127142909974667,4.0,0.17325958076530312,8.504683722886249e-06
1786.0,0.3127085838798081,4.0,0.17324844865560243,8.442880417614032e-06
1787.0,0.3127028443922349,4.0,0.1732372117415272,8.381575423101376e-06
1788.0,0.31269707101767125,3.9999999999999987,0.1732258681001074,8.320877093612817e-06
1789.0,0.3126912622526591,4.000000000000002,0.17321441584171857,8.260895612074209e-06
1790.0,0.31268541660776866,4.000000000000001,0.1732028531103211,8.201742862861999e-06
1791.0,0.31267953260800063,3.999999999999999,0.1731911780836873,8.143532284924203e-06
1792.0,0.312673608793184,4.000000000000001,0.17317938897361596,8.086378704375725e-06
1793.0,0.3126676437183674,4.0,0.17316748402613474,8.030398143397453e-06
1794.0,0.3126616359542023,4.000000000000002,0.17315546152169015,7.975707607165768e-06
1795.0,0.31265558408732175,3.999999999999999,0.17314331977532585,7.922424844908595e-06
1796.0,0.31264948672070914,4.0,0.1731310571368483,7.870668085867162e-06
1797.0,0.31264334247406317,4.000000000000001,0.1731186719909813,7.820555749009807e-06
1798.0,0.3126371499841524,4.000000000000001,0.17310616275750815,7.772206126363068e-06
1799.0,0.31263090790516407,3.999999999999999,0.1730935278914021,7.725737040719397e-06
1800.0,0.3126246149090441,4.0,0.1730807658829455,7.681265476937791e-06
1801.0,0.31261826968583023,4.000000000000002,0.17306787525783784,7.638907189257103e-06
1802.0,0.31261187094397624,3.999999999999999,0.17305485457729147,7.598776285406211e-06
1803.0,0.3126054174106679,4.0,0.1730417024381162,7.560984790452934e-06
1804.0,0.3125989078321313,3.999999999999999,0.1730284174727949,7.525642192196714e-06
1805.0,0.31259234097393196,4.000000000000001,0.173014998349545,7.492854972606894e-06
1806.0,0.312585715621266,4.000000000000002,0.17300144377237076,7.462726128812264e-06
1807.0,0.3125790305792419,4.0,0.1729877524811054,7.435354688032097e-06
1808.0,0.31257228467315307,4.0,0.17297392325144173,7.410835222363531e-06
1809.0,0.31256547674874324,3.9999999999999996,0.17295995489495303,7.389257367988541e-06
1810.0,0.31255860567246074,4.000000000000001,0.17294584625910206,7.370705356840296e-06
1811.0,0.31255167033170494,4.0,0.17293159622724244,7.355257563863151e-06
1812.0,0.31254466963506244,3.999999999999999,0.17291720371860864,7.342986079557891e-06
1813.0,0.3125376025125354,4.000000000000001,0.17290266768829546,7.333956312013988e-06
1814.0,0.312530467915759,3.9999999999999996,0.17288798712722947,7.328226625403414e-06
1815.0,0.31252326481821013,4.0,0.17287316106212938,7.325848021254049e-06
1816.0,0.31251599221540716,4.0,0.17285818855545856,7.32686386589753e-06
1817.0,0.3125086491250992,4.0,0.17284306870536695,7.3313096714531334e-06
1818.0,0.3125012345874463,3.9999999999999996,0.17282780064562409,7.339212931975905e-06
1819.0,0.31249374766519017,4.0,0.17281238354554435,7.350593017807987e-06
1820.0,0.3124861874438154,4.0,0.17279681660990262,7.365461131056244e-06
1821.0,0.3124785530317005,4.0,0.1727810990788408,7.383820321679445e-06
1822.0,0.3124708435602602,4.0,0.17276523022776644,7.405665564546179e-06
1823.0,0.31246305818407705,4.000000000000001,0.1727492093672441,7.430983894670565e-06
1824.0,0.3124551960810248,4.000000000000001,0.1727330358428766,7.4597545995271335e-06
1825.0,0.3124472564523809,4.0,0.17271670903518008,7.491949463853126e-06
1826.0,0.31243923852293065,4.0,0.17270022835944956,7.52753306305568e-06
1827.0,0.3124311415410609,3.999999999999999,0.17268359326561866,7.5664630994777905e-06
1828.0,0.31242296477884396,4.0,0.17266680323811057,7.6086907764432575e-06
1829.0,0.3124147075321144,3.999999999999999,0.17264985779568232,7.654161203414187e-06
1830.0,0.31240636912053377,4.0,0.17263275649126136,7.702813827334616e-06
1831.0,0.3123979488876466,4.0,0.17261549891177555,7.754582881775985e-06
1832.0,0.3123894462009288,4.0,0.1725980846779765,7.809397849433166e-06
1833.0,0.3123808604518252,4.0,0.17258051344425582,7.867183931051736e-06
1834.0,0.31237219105577824,4.000000000000001,0.17256278489845478,7.927862515933056e-06
1835.0,0.31236343745224826,4.0,0.17254489876166793,7.991351647640372e-06
1836.0,0.31235459910472446,4.000000000000001,0.1725268547880407,8.057566481589074e-06
1837.0,0.3123456755007268,4.0,0.1725086527645606,8.126419729371471e-06
1838.0,0.31233666615179956,4.000000000000001,0.17249029251084244,8.197822086870847e-06
1839.0,0.3123275705934965,4.0,0.17247177387890814,8.27168264340983e-06
1840.0,0.31231838838535636,4.0,0.17245309675296108,8.347909268853285e-06
1841.0,0.3123091191108711,3.999999999999999,0.17243426104915516,8.426408977273209e-06
1842.0,0.3122997623774453,4.0,0.1724152667153573,8.507088266991018e-06
1843.0,0.3122903178163477,3.999999999999999,0.17239611373090682,8.589853434281888e-06
1844.0,0.31228078508265383,3.9999999999999982,0.17237680210636883,8.674610861946466e-06
1845.0,0.31227116385518183,4.0,0.17235733188328303,8.761267282043515e-06
1846.0,0.3122614538364202,3.999999999999999,0.17233770313390753,8.849730013958047e-06
1847.0,0.3122516547524463,3.9999999999999987,0.17231791596095852,8.939907177995783e-06
1848.0,0.3122417663528403,4.0,0.17229797049734624,9.031707884511473e-06
1849.0,0.31223178841058874,3.9999999999999996,0.17227786690590563,9.125042401530253e-06
1850.0,0.31222172072198284,4.000000000000002,0.17225760537912366,9.219822301010181e-06
1851.0,0.3122115631065091,3.9999999999999987,0.17223718613886252,9.315960584487112e-06
1852.0,0.3122013154067317,4.000000000000001,0.17221660943607967,9.413371790641804e-06
1853.0,0.31219097748817115,4.0,0.17219587555054364,9.511972085226571e-06
1854.0,0.3121805492391724,3.999999999999999,0.1721749847905465,9.611679335820355e-06
1855.0,0.31217003057076964,4.0,0.1721539374926131,9.712413171175827e-06
1856.0,0.31215942141654335,4.0,0.17213273402120774,9.814095027855159e-06
1857.0,0.31214872173247094,4.0,0.17211137476843716,9.91664818456599e-06
1858.0,0.31213793149677194,3.9999999999999987,0.17208986015375055,1.001999778675772e-05
1859.0,0.3121270507097472,3.999999999999999,0.17206819062363754,1.0124070860571795e-05
1860.0,0.31211607939361224,4.000000000000001,0.17204636665132328,1.0228796318813074e-05
1861.0,0.31210501759232534,3.999999999999999,0.17202438873646053,1.0334104959330833e-05
1862.0,0.31209386537140943,4.000000000000001,0.17200225740482017,1.0439929457549606e-05
1863.0,0.3120826228177702,4.000000000000001,0.17197997320797972,1.0546204351928634e-05
1864.0,0.31207129003950773,3.999999999999999,0.17195753672300876,1.0652866025601806e-05
1865.0,0.3120598671657234,4.0,0.17193494855215308,1.0759852683949402e-05
1866.0,0.31204835434632394,4.0,0.17191220932251727,1.086710432772658e-05
1867.0,0.312036751751818,4.000000000000001,0.1718893196857452,1.0974562723981599e-05
1868.0,0.3120250595731104,4.000000000000001,0.17186628031769888,1.1082171374176719e-05
1869.0,0.3120132780212915,3.9999999999999996,0.1718430919181365,1.1189875480760176e-05
1870.0,0.3120014073274223,3.9999999999999996,0.17181975521038845,1.1297621911712413e-05
1871.0,0.3119894477423164,3.9999999999999996,0.17179627094103272,1.1405359164019847e-05
1872.0,0.311977399536317,4.0,0.1717726398795684,1.1513037326693663e-05
1873.0,0.3119652629990712,3.9999999999999996,0.1717488628180898,1.1620608042681803e-05
1874.0,0.3119530384393009,4.0,0.17172494057095797,1.1728024470563878e-05
1875.0,0.31194072618457,3.9999999999999996,0.17170087397447212,1.1835241246623118e-05
1876.0,0.31192832658104874,4.000000000000001,0.1716766638865413,1.1942214446270361e-05
1877.0,0.3119158399932749,4.0,0.17165231118635435,1.2048901545907946e-05
1878.0,0.3119032668039125,4.0,0.1716278167740497,1.2155261385861096e-05
1879.0,0.3118906074135075,4.000000000000001,0.1716031815703855,1.2261254132840265e-05
1880.0,0.31187786224024183,4.0,0.17157840651640918,1.2366841242976409e-05
1881.0,0.3118650317196836,3.999999999999999,0.1715534925731265,1.2471985426764848e-05
1882.0,0.31185211630453646,4.0,0.171528440721171,1.2576650613151729e-05
1883.0,0.31183911646438667,4.0,0.17150325196047403,1.2680801915202193e-05
1884.0,0.3118260326854476,4.0,0.1714779273099339,1.2784405596565345e-05
1885.0,0.3118128654703035,3.999999999999999,0.17145246780708603,1.2887429038547865e-05
1886.0,0.3117996153376505,4.000000000000001,0.1714268745077736,1.2989840708216092e-05
1887.0,0.31178628282203763,4.0,0.17140114848581822,1.3091610127111091e-05
1888.0,0.31177286847360447,3.999999999999999,0.17137529083269123,1.3192707841206149e-05
1889.0,0.31175937285781996,4.0,0.17134930265718604,1.3293105391406917e-05
1890.0,0.3117457965552187,3.9999999999999996,0.17132318508509037,1.3392775285089455e-05
1891.0,0.31173214016113615,4.0,0.17129693925886066,1.3491690968367335e-05
1892.0,0.31171840428544395,3.999999999999999,0.1712705663372962,1.3589826799327167e-05
1893.0,0.31170458955228403,3.9999999999999996,0.17124406749521398,1.3687158022278261e-05
1894.0,0.31169069659980253,3.999999999999999,0.1712174439231263,1.3783660742391624e-05
1895.0,0.3116767260798825,3.999999999999999,0.17119069682691784,1.3879311901027048e-05
1896.0,0.3116626786578776,4.0,0.171163827427524,1.39740892532253e-05
1897.0,0.3116485550123445,4.0,0.17113683696061188,1.4067971343806962e-05
1898.0,0.3116343558347756,4.0,0.1711097266762615,1.416093748591195e-05
1899.0,0.3116200818293318,3.9999999999999987,0.17108249783864812,1.425296773932713e-05
1900.0,0.3116057337125754,4.0,0.17105515172572688,1.4344042890524073e-05
1901.0,0.3115913122132038,4.0,0.17102768962891887,1.4434144431866778e-05
1902.0,0.31157681807178234,4.000000000000002,0.1710001128527981,1.4523254542789566e-05
1903.0,0.3115622520404793,4.0,0.1709724227147812,1.4611356071252423e-05
1904.0,0.31154761488279914,4.0,0.17094462054481724,1.4698432515366835e-05
1905.0,0.3115329073733192,4.0,0.17091670768508152,1.478446800602161e-05
1906.0,0.31151813029742514,3.9999999999999996,0.17088868548966918,1.4869447290118575e-05
1907.0,0.3115032844510477,3.999999999999999,0.1708605553242915,1.4953355714308612e-05
1908.0,0.311488370640401,4.0,0.17083231856597433,1.503617920901271e-05
1909.0,0.31147338968172145,4.0,0.17080397660275867,1.5117904272940212e-05
1910.0,0.3114583424010072,3.999999999999999,0.17077553083340205,1.5198517958635549e-05
1911.0,0.31144322963376025,3.9999999999999996,0.1707469826670834,1.5278007858313743e-05
1912.0,0.31142805222472836,4.000000000000001,0.17071833352310944,1.53563620891556e-05
1913.0,0.3114128110276494,4.0,0.17068958483062335,1.54335692806309e-05
1914.0,0.3113975069049959,4.0,0.17066073802831525,1.5509618561354705e-05
1915.0,0.3113821407277233,3.999999999999999,0.17063179456413552,1.5584499546202423e-05
1916.0,0.31136671337501654,4.0,0.17060275589501014,1.565820232424635e-05
1917.0,0.31135122573404195,4.0,0.17057362348655827,1.5730717446738673e-05
1918.0,0.31133567869969775,4.0,0.17054439881281247,1.5802035915817408e-05
1919.0,0.31132007317436816,4.000000000000002,0.1705150833559409,1.5872149173225604e-05
1920.0,0.31130441006767906,3.9999999999999996,0.17048567860597214,1.594104908950023e-05
1921.0,0.31128869029625417,4.000000000000001,0.17045618606052287,1.6008727953414243e-05
1922.0,0.31127291478347585,4.000000000000001,0.1704266072245273,1.6075178462033306e-05
1923.0,0.3112570844592451,3.999999999999999,0.1703969436099696,1.614039371039284e-05
1924.0,0.3112412002597451,4.000000000000001,0.17036719673561881,1.6204367182211295e-05
1925.0,0.3112252631272074,4.0,0.17033736812676628,1.6267092740369412e-05
1926.0,0.31120927400967835,4.0,0.17030745931496538,1.6328564617802555e-05
1927.0,0.31119323386078934,4.000000000000001,0.1702774718377747,1.6388777408946198e-05
1928.0,0.3111771436395293,3.999999999999999,0.1702474072385026,1.644772606051337e-05
1929.0,0.31116100431001753,4.0,0.17021726706595586,1.6505405863982934e-05
1930.0,0.3111448168412819,4.0,0.17018705287418964,1.6561812446761772e-05
1931.0,0.31112858220703643,4.000000000000001,0.17015676622226103,1.6616941764787318e-05
1932.0,0.31111230138546353,4.000000000000002,0.17012640867398512,1.6670790094340394e-05
1933.0,0.31109597535899713,4.0,0.1700959817976933,1.6723354024871676e-05
1934.0,0.31107960511410876,4.0,0.17006548716599512,1.6774630451740176e-05
1935.0,0.3110631916410966,3.999999999999999,0.1700349263555426,1.682461656870121e-05
1936.0,0.31104673593387616,4.0,0.17000430094679617,1.6873309861459512e-05
1937.0,0.3110302389897744,4.0,0.16997361252379517,1.6920708100729623e-05
1938.0,0.31101370180932536,3.999999999999999,0.16994286267393072,1.696680933535002e-05
1939.0,0.31099712539606905,4.0,0.16991205298771983,1.7011611886285343e-05
1940.0,0.31098051075635325,3.999999999999999,0.16988118505858396,1.7055114340121008e-05
1941.0,0.3109638588991365,4.0,0.16985026048263008,1.7097315543044712e-05
1942.0,0.3109471708357957,3.999999999999999,0.16981928085843406,1.7138214594646663e-05
1943.0,0.3109304475799341,4.0,0.1697882477868268,1.7177810842716197e-05
1944.0,0.3109136901471945,4.000000000000001,0.16975716287068368,1.721610387674196e-05
1945.0,0.31089689955507255,4.000000000000001,0.16972602771471682,1.7253093523070174e-05
1946.0,0.3108800768227342,3.999999999999999,0.1696948439252694,1.728877983890027e-05
1947.0,0.3108632229708355,4.0,0.1696636131101137,1.732316310736153e-05
1948.0,0.3108463390213455,4.0,0.16963233687825094,1.73562438322521e-05
1949.0,0.3108294259973708,3.9999999999999987,0.16960101683971507,1.7388022733092654e-05
1950.0,0.31081248492298325,4.0,0.16956965460537832,1.7418500740062833e-05
1951.0,0.3107955168230515,4.0,0.16953825178676016,1.744767898913513e-05
1952.0,0.31077852272307294,3.999999999999999,0.16950680999583895,1.747555881739952e-05
1953.0,0.3107615036490101,4.0,0.16947533084486605,1.750214175862166e-05
1954.0,0.3107444606271297,4.000000000000002,0.16944381594618274,1.7527429538681083e-05
1955.0,0.31072739468384314,4.000000000000001,0.1694122669120407,1.755142407077743e-05
1956.0,0.31071030684555073,4.000000000000001,0.16938068535442372,1.757412745186394e-05
1957.0,0.3106931981384883,4.000000000000001,0.1693490728848738,1.7595541957791982e-05
1958.0,0.31067606958857635,4.0,0.16931743111431888,1.761567003960427e-05
1959.0,0.3106589222212722,3.9999999999999996,0.16928576165290382,1.7634514319110813e-05
1960.0,0.31064175706142433,4.0,0.16925406610982285,1.7652077585629378e-05
1961.0,0.31062457513312947,4.0,0.1692223460931575,1.7668362791406943e-05
1962.0,0.31060737745959277,4.0,0.16919060320971427,1.768337304812742e-05
1963.0,0.3105901650629901,4.0,0.1691588390648662,1.76971116233406e-05
1964.0,0.31057293896433275,4.0,0.1691270552623971,1.7709581936967404e-05
1965.0,0.31055570018333584,4.0,0.1690952534043487,1.7720787557478413e-05
1966.0,0.3105384497382877,3.999999999999999,0.16906343509087024,1.7730732198302953e-05
1967.0,0.31052118864592304,4.000000000000002,0.16903160192006936,1.7739419715165157e-05
1968.0,0.31050391792129856,4.0,0.1689997554878675,1.7746854102422304e-05
1969.0,0.31048663857767006,4.0,0.16896789738785747,1.7753039489367e-05
1970.0,0.3104693516263737,3.999999999999999,0.16893602921116257,1.7757980137776926e-05
1971.0,0.3104520580767076,4.000000000000001,0.16890415254629854,1.7761680438481677e-05
1972.0,0.31043475893581896,4.000000000000001,0.1688722689790391,1.7764144908712703e-05
1973.0,0.3104174552085902,3.9999999999999996,0.16884038009228297,1.776537818841529e-05
1974.0,0.31040014789752995,4.0,0.1688084874659233,1.776538503832187e-05
1975.0,0.31038283800266553,4.000000000000002,0.16877659267672,1.776417033631057e-05
1976.0,0.31036552652143823,4.0,0.16874469729817435,1.7761739075172016e-05
1977.0,0.31034821444860017,4.000000000000001,0.16871280290040622,1.7758096359874776e-05
1978.0,0.3103309027761148,4.000000000000002,0.16868091105003333,1.7753247404511307e-05
1979.0,0.31031359249305834,4.000000000000002,0.16864902331005263,1.774719753052306e-05
1980.0,0.3102962845855245,3.999999999999999,0.16861714123972488,1.7739952163544578e-05
1981.0,0.3102789800365309,4.0,0.16858526639446147,1.773151683103253e-05
1982.0,0.31026167982592856,4.0,0.16855340032571217,1.772189716001964e-05
1983.0,0.3102443849303122,4.000000000000001,0.16852154458085591,1.7711098875103404e-05
1984.0,0.31022709632293466,4.000000000000002,0.16848970070309593,1.7699127795454697e-05
1985.0,0.31020981497362154,3.9999999999999996,0.1684578702313535,1.7685989833097517e-05
1986.0,0.3101925418486893,4.0,0.16842605470016528,1.767169099101334e-05
1987.0,0.31017527791086513,4.0,0.1683942556395848,1.765623736015195e-05
1988.0,0.31015802411920884,4.000000000000001,0.16836247457508338,1.7639635118181617e-05
1989.0,0.31014078142903717,4.0,0.16833071302745414,1.7621890527300267e-05
1990.0,0.3101235507918494,4.000000000000001,0.16829897251271783,1.7603009932299992e-05
1991.0,0.3101063331552556,3.9999999999999996,0.1682672545420327,1.758299975819544e-05
1992.0,0.3100891294629071,3.999999999999999,0.16823556062160322,1.7561866508852382e-05
1993.0,0.31007194065442806,4.0,0.1682038922525924,1.7539616765561467e-05
1994.0,0.3100547676653501,3.999999999999999,0.16817225093103685,1.751625718440341e-05
1995.0,0.3100376114270475,4.0,0.16814063814776292,1.749179449516696e-05
1996.0,0.31002047286667567,4.0,0.1681090553883044,1.7466235499563008e-05
1997.0,0.3100033529071107,4.000000000000001,0.16807750413282216,1.743958706985848e-05
1998.0,0.3099862524668905,4.000000000000002,0.16804598585602754,1.741185614668203e-05
1999.0,0.309969172460159,4.0,0.1680145020271052,1.7383049738096328e-05
2000.0,0.3099521137966099,4.0,0.16798305410963835,1.7353174918275974e-05
2001.0,0.3099350773814349,3.9999999999999996,0.16795164356153644,1.7322238825759063e-05
2002.0,0.3099180641152715,3.9999999999999987,0.1679202718349651,1.729024866198129e-05
2003.0,0.3099010748941534,3.9999999999999996,0.16788894037627602,1.7257211690467426e-05
2004.0,0.30988411060946264,4.0,0.16785765062593955,1.7223135235140978e-05
2005.0,0.3098671721478829,3.999999999999999,0.16782640401847942,1.7188026679193684e-05
2006.0,0.30985026039135455,3.9999999999999996,0.16779520198240844,1.7151893464226495e-05
2007.0,0.3098333762170319,4.0,0.16776404594016595,1.7114743088791704e-05
2008.0,0.309816520497241,4.0,0.16773293730805658,1.7076583107477987e-05
2009.0,0.30979969409943964,4.0,0.16770187749619145,1.703742112996888e-05
2010.0,0.30978289788617824,4.0,0.1676708679084298,1.6997264819870836e-05
2011.0,0.3097661327150635,4.000000000000001,0.16763990994232303,1.6956121893868905e-05
2012.0,0.3097493994387216,4.000000000000001,0.16760900498905917,1.6914000121069578e-05
2013.0,0.30973269890476424,4.0,0.16757815443340995,1.6870907321656514e-05
2014.0,0.3097160319557555,3.999999999999999,0.16754735965367873,1.6826851366408468e-05
2015.0,0.30969939942918,4.000000000000001,0.1675166220216491,1.6781840176363666e-05
2016.0,0.30968280215741306,3.999999999999999,0.16748594290253624,1.6735881721222874e-05
2017.0,0.30966624096769035,4.000000000000001,0.1674553236549381,1.6688984019550058e-05
2018.0,0.30964971668208185,3.9999999999999996,0.16742476563078953,1.664115513755739e-05
2019.0,0.3096332301174631,4.0,0.1673942701753159,1.6592403188870057e-05
2020.0,0.30961678208549154,4.000000000000001,0.16736383862698848,1.654273633414995e-05
2021.0,0.30960037339258156,3.999999999999999,0.16733347231748255,1.649216277990726e-05
2022.0,0.3095840048398808,4.000000000000001,0.16730317257163402,1.6440690779179075e-05
2023.0,0.30956767722324957,4.0,0.16727294070739884,1.6388328630114288e-05
2024.0,0.30955139133323817,4.000000000000001,0.16724277803581347,1.6335084676570326e-05
2025.0,0.3095351479550688,3.9999999999999996,0.1672126858609562,1.6280967306771297e-05
2026.0,0.3095189478686151,4.0,0.1671826654799086,1.622598495416528e-05
2027.0,0.30950279184838553,4.0,0.1671527181827193,1.6170146096639238e-05
2028.0,0.30948668066350604,4.0,0.16712284525236792,1.6113459256467796e-05
2029.0,0.309470615077704,3.9999999999999996,0.16709304796473057,1.605593300018593e-05
2030.0,0.3094545958492934,3.999999999999999,0.16706332758854514,1.599757593885338e-05
2031.0,0.3094386237311608,4.0,0.16703368538537844,1.5938396727558197e-05
2032.0,0.3094226994707524,4.0,0.16700412260959394,1.5878404066009055e-05
2033.0,0.30940682381006057,4.0,0.1669746405083202,1.5817606698249844e-05
2034.0,0.30939099748561355,4.0,0.16694524032142014,1.575601341309386e-05
2035.0,0.3093752212284637,4.0,0.16691592328146046,1.5693633044173167e-05
2036.0,0.3093594957641781,3.9999999999999996,0.16688669061368266,1.5630474470462534e-05
2037.0,0.3093438218128288,3.999999999999999,0.16685754353597465,1.5566546616185285e-05
2038.0,0.30932820008898426,3.9999999999999982,0.16682848325884198,1.5501858451543676e-05
2039.0,0.30931263130170156,4.0,0.16679951098538062,1.54364189930658e-05
2040.0,0.30929711615451916,4.0,0.16677062791125033,1.5370237303963877e-05
2041.0,0.30928165534545005,4.0,0.166741835224648,1.5303322494609226e-05
2042.0,0.3092662495669757,4.0,0.16671313410628155,1.5235683723624955e-05
2043.0,0.30925089950604057,4.0,0.1666845257293448,1.5167330198034999e-05
2044.0,0.3092356058440473,4.0,0.16665601125949267,1.5098271174265526e-05
2045.0,0.30922036925685237,3.999999999999999,0.16662759185481618,1.5028515958478478e-05
2046.0,0.3092051904147615,3.9999999999999996,0.16659926866581795,1.4958073908229771e-05
2047.0,0.309190069982527,3.999999999999999,0.16657104283538918,1.4886954432581933e-05
2048.0,0.30917500861934444,3.999999999999999,0.16654291549878564,1.481516699337693e-05
2049.0,0.30916000697884977,4.0,0.16651488778360438,1.4742721106236827e-05
2050.0,0.3091450657091177,4.0,0.16648696080975964,1.4669626342068549e-05
2051.0,0.30913018545265947,3.9999999999999987,0.16645913568946194,1.4595892327185846e-05
2052.0,0.30911536684642105,4.0,0.16643141352719437,1.4521528745511239e-05
2053.0,0.309100610521783,4.000000000000001,0.1664037954196894,1.4446545339598291e-05
2054.0,0.3090859171045588,3.9999999999999996,0.1663762824559065,1.43709519120056e-05
2055.0,0.309071287214994,3.9999999999999987,0.16634887571701162,1.4294758326447818e-05
2056.0,0.30905672146776664,4.000000000000001,0.16632157627635255,1.4217974509734967e-05
2057.0,0.30904222047198715,3.9999999999999996,0.16629438519943748,1.4140610453126947e-05
2058.0,0.30902778483119736,4.0,0.1662673035439126,1.4062676214339583e-05
2059.0,0.30901341514337216,4.0,0.1662403323595399,1.398418191851113e-05
2060.0,0.30899911200091906,3.9999999999999996,0.1662134726881742,1.3905137760916445e-05
2061.0,0.3089848759906788,4.0,0.16618672556374067,1.3825554008622793e-05
2062.0,0.3089707076939264,4.0,0.1661600920122119,1.3745441002307822e-05
2063.0,0.3089566076863717,4.000000000000001,0.1661335730515855,1.3664809158350839e-05
2064.0,0.30894257653816004,4.0,0.16610716969185982,1.3583668971639538e-05
2065.0,0.3089286148138735,3.9999999999999996,0.16608088293501136,1.3502031016901482e-05
2066.0,0.3089147230725311,4.0,0.16605471377497086,1.3419905951838643e-05
2067.0,0.3089009018675908,4.0,0.16602866319759862,1.3337304519403127e-05
2068.0,0.30888715174694914,4.0,0.1660027321806609,1.3254237550299447e-05
2069.0,0.3088734732529431,3.9999999999999996,0.16597692169380449,1.317071596573148e-05
2070.0,0.30885986692234996,4.0,0.16595123269853174,1.3086750780403314e-05
2071.0,0.3088463332863886,4.0,0.16592566614817497,1.3002353105017665e-05
2072.0,0.3088328728707199,3.9999999999999987,0.16590022298787044,1.2917534149687204e-05
2073.0,0.30881948619544675,4.0,0.1658749041545308,1.2832305227268582e-05
2074.0,0.3088061737751153,4.0,0.16584971057681913,1.2746677756176744e-05
2075.0,0.30879293611871395,4.0,0.16582464317512047,1.2660663264029332e-05
2076.0,0.308779773729674,4.0,0.16579970286151352,1.2574273391089903e-05
2077.0,0.3087666871058689,4.000000000000001,0.1657748905397418,1.2487519894304346e-05
2078.0,0.3087536767396144,3.9999999999999996,0.16575020710518398,1.2400414650621742e-05
2079.0,0.3087407431176667,4.000000000000002,0.1657256534448233,1.2312969661438014e-05
2080.0,0.30872788672122287,3.9999999999999987,0.1657012304372171,1.2225197056423714e-05
2081.0,0.3087151080259176,4.0,0.16567693895246385,1.2137109098090456e-05
2082.0,0.30870240750182365,4.0,0.16565277985217208,1.2048718185542177e-05
2083.0,0.3086897856134483,4.000000000000001,0.16562875398942598,1.1960036859894681e-05
2084.0,0.30867724281973197,3.9999999999999982,0.16560486220875079,1.1871077808719463e-05
2085.0,0.3086647795740445,3.9999999999999996,0.1655811053460788,1.1781853871071806e-05
2086.0,0.30865239632418356,4.0,0.1655574842287133,1.169237804220259e-05
2087.0,0.3086400935123701,3.999999999999999,0.1655339996752904,1.1602663479378417e-05
2088.0,0.30862787157524446,4.000000000000001,0.16551065249574157,1.1512723507562964e-05
2089.0,0.30861573094386285,4.000000000000001,0.1654874434912566,1.1422571624094831e-05
2090.0,0.3086036720436919,3.9999999999999987,0.16546437345424156,1.1332221505534068e-05
2091.0,0.3085916952946032,4.0,0.16544144316827814,1.124168701373249e-05
2092.0,0.3085798011108687,4.0,0.16541865340808304,1.1150982201478861e-05
2093.0,0.3085679899011534,4.0,0.16539600493946433,1.1060121319609417e-05
2094.0,0.308556262068509,4.0,0.1653734985192765,1.096911882386994e-05
2095.0,0.3085446180103666,4.0,0.16535113489537642,1.0877989381328266e-05
2096.0,0.3085330581185288,4.000000000000002,0.16532891480657666,1.0786747878180734e-05
2097.0,0.308521582779162,4.0,0.16530683898259743,1.0695409426616074e-05
2098.0,0.30851019237278565,4.0,0.16528490814401794,1.0603989373274245e-05
2099.0,0.3084988872742649,4.000000000000002,0.1652631230022272,1.0512503306608024e-05
2100.0,0.308487667852799,4.0,0.1652414842593721,1.0420967065326124e-05
2101.0,0.3084765344719109,4.0,0.16521999260830458,1.0329396746936894e-05
2102.0,0.3084654874894356,4.0,0.16519864873252893,1.0237808716301566e-05
2103.0,0.30845452725750866,3.999999999999999,0.16517745330614625,1.0146219614508471e-05
2104.0,0.30844365412255265,3.999999999999999,0.1651564069937973,1.0054646368785366e-05
2105.0,0.3084328684252643,4.0,0.16513551045060604,9.963106201248351e-06
2106.0,0.3084221705006005,4.0,0.1651147643221199,9.871616639130666e-06
2107.0,0.30841156067776276,4.0,0.16509416924424947,9.780195524728017e-06
2108.0,0.3084010392801824,3.999999999999999,0.16507372584320656,9.688861025729517e-06
2109.0,0.3083906066255041,4.0,0.16505343473544107,9.597631645617805e-06
2110.0,0.30838026302556865,4.000000000000001,0.16503329652757642,9.506526234561852e-06
2111.0,0.308370008786396,3.999999999999999,0.16501331181634346,9.415564000937176e-06
2112.0,0.3083598442081654,4.000000000000001,0.1649934811885125,9.324764522035142e-06
2113.0,0.3083497695851981,3.9999999999999982,0.1649738052208253,9.234147755552285e-06
2114.0,0.3083397852059354,3.9999999999999996,0.16495428447992386,9.143734051791204e-06
2115.0,0.30832989135291927,4.0,0.1649349195222785,9.05354416506829e-06
2116.0,0.3083200883027703,3.999999999999999,0.1649157108941152,8.963599265962901e-06
2117.0,0.30831037632616504,3.9999999999999996,0.16489665913134008,8.873920953442731e-06
2118.0,0.3083007556878134,4.0,0.16487776475946297,8.7845312674731e-06
2119.0,0.30829122664643444,4.000000000000001,0.16485902829351998,8.695452700649703e-06
2120.0,0.3082817894547315,4.0,0.16484045023799435,8.606708211132983e-06
2121.0,0.30827244435936674,3.9999999999999996,0.1648220310867347,8.51832123478673e-06
2122.0,0.3082631916009345,4.0,0.16480377132287313,8.430315697393432e-06
2123.0,0.3082540314139345,4.000000000000002,0.16478567141874198,8.342716026697402e-06
2124.0,0.3082449640267435,3.999999999999999,0.16476773183578736,8.25554716439443e-06
2125.0,0.30823598966158605,4.0,0.16474995302448228,8.168834577774677e-06
2126.0,0.3082271085345055,3.999999999999999,0.1647323354242398,8.082604270391914e-06
2127.0,0.30821832085533263,3.9999999999999996,0.1647148794633214,7.996882793286459e-06
2128.0,0.3082096268276549,4.0,0.16469758555874597,7.911697255046363e-06
2129.0,0.30820102664878374,4.0,0.16468045411619756,7.827075330933031e-06
2130.0,0.30819252050972157,3.9999999999999996,0.16466348552993107,7.743045271135936e-06
2131.0,0.3081841085951278,3.9999999999999987,0.16464668018267517,7.659635909061627e-06
2132.0,0.3081757910832842,4.0,0.16463003844553656,7.576876666927418e-06
2133.0,0.30816756814605906,4.0,0.16461356067790056,7.494797561090213e-06
2134.0,0.3081594399488712,3.9999999999999987,0.1645972472273311,7.413429205265385e-06
2135.0,0.30815140665065177,3.9999999999999996,0.1645810984294687,7.332802812481797e-06
2136.0,0.3081434684038072,3.999999999999999,0.16456511460792855,7.252950194456886e-06
2137.0,0.30813562535417927,4.000000000000001,0.1645492960741958,7.173903759058914e-06
2138.0,0.3081278776410067,3.9999999999999996,0.16453364312751917,7.095696505731873e-06
2139.0,0.30812022539688255,3.999999999999999,0.16451815605480496,7.018362017111309e-06
2140.0,0.308112668747715,3.999999999999999,0.16450283513050865,6.94193444841782e-06
2141.0,0.3081052078126838,3.9999999999999996,0.1644876806165248,6.866448513277352e-06
2142.0,0.3080978427041978,4.0,0.16447269276207663,6.79193946593892e-06
2143.0,0.30809057352785135,3.999999999999999,0.1644578718036042,6.718443078842522e-06
2144.0,0.30808340038237914,4.000000000000001,0.164443217964651,6.645995616535654e-06
2145.0,0.30807632335961216,4.000000000000001,0.16442873145574927,6.574633804757149e-06
2146.0,0.3080693425444305,4.0,0.16441441247430483,6.504394793978178e-06
2147.0,0.30806245801471716,4.0,0.16440026120448104,6.435316117915219e-06
2148.0,0.3080556698413107,4.000000000000001,0.1643862778170806,6.367435645871434e-06
2149.0,0.30804897808795706,4.0,0.16437246246942638,6.300791529624653e-06
2150.0,0.3080423828112603,4.0,0.16435881530524316,6.235422142822784e-06
2151.0,0.30803588406063376,4.000000000000001,0.16434533645453672,6.171366014313732e-06
2152.0,0.3080294818782497,3.999999999999999,0.16433202603347205,6.108661754347765e-06
2153.0,0.3080231762989878,4.000000000000001,0.16431888414425083,6.04734797331397e-06
2154.0,0.3080169673503852,3.999999999999999,0.16430591087499058,5.987463193325138e-06
2155.0,0.30801085505258297,4.000000000000001,0.16429310629959837,5.929045751944745e-06
2156.0,0.30800483941827467,4.0,0.16428047047764774,5.872133698948894e-06
2157.0,0.30799892045265254,3.9999999999999996,0.16426800345425438,5.816764684268149e-06
2158.0,0.3079930981533542,4.000000000000001,0.16425570525994992,5.762975840451628e-06
2159.0,0.3079873725104083,4.0,0.16424357591055522,5.710803656626924e-06
2160.0,0.3079817435061799,4.000000000000001,0.16423161540705558,5.6602838465085805e-06
2161.0,0.3079762111153157,4.0,0.16421982373547347,5.611451209483623e-06
2162.0,0.30797077530468775,4.000000000000001,0.16420820086674026,5.564339487138533e-06
2163.0,0.3079654360333384,3.999999999999999,0.16419674675657017,5.518981214096309e-06
2164.0,0.30796019325242324,3.999999999999999,0.16418546134533332,5.4754075655774346e-06
2165.0,0.30795504690515474,4.0,0.16417434455792684,5.43364820225746e-06
2166.0,0.30794999692674563,4.0,0.16416339630364707,5.3937311132828084e-06
2167.0,0.307945043244351,4.0,0.16415261647606436,5.3556824586770325e-06
2168.0,0.3079401857770113,4.0,0.16414200495289352,5.319526413980795e-06
2169.0,0.30793542443559435,3.9999999999999996,0.16413156159586714,5.285285016781955e-06
2170.0,0.3079307591227375,4.0,0.1641212862506091,5.252978018149813e-06
2171.0,0.30792618973278973,3.999999999999999,0.16411117874650835,5.222622739625468e-06
2172.0,0.30792171615175307,4.0,0.16410123889659228,5.194233938820426e-06
2173.0,0.3079173382572251,4.0,0.16409146649740144,5.167823683606343e-06
2174.0,0.30791305591833995,4.000000000000001,0.16408186132886515,5.143401237712925e-06
2175.0,0.30790886899571035,4.0,0.16407242315417683,5.120972959435453e-06
2176.0,0.30790477734136956,4.0,0.16406315171967117,5.100542214329269e-06
2177.0,0.3079007807987129,4.0,0.1640540467547015,5.082109303404094e-06
2178.0,0.3078968792024401,4.0,0.1640451079715191,5.065671407952947e-06
2179.0,0.30789307237849706,3.999999999999999,0.16403633506515175,5.051222552015884e-06
2180.0,0.3078893601440187,3.999999999999999,0.16402772771328605,5.038753583422308e-06
2181.0,0.30788574230727106,3.9999999999999996,0.1640192855761493,5.028252173211373e-06
2182.0,0.30788221866759485,4.000000000000002,0.1640110082963927,5.019702834386522e-06
2183.0,0.30787878901534843,4.0,0.16400289549897656,5.0130869593293215e-06
2184.0,0.3078754531318512,4.0,0.16399494679105864,5.008382875929388e-06
2185.0,0.30787221078932847,4.0,0.16398716176188108,5.0055659213421695e-06
2186.0,0.30786906175085516,4.0,0.16397953998266077,5.004608532955893e-06
2187.0,0.307866005770302,3.9999999999999987,0.16397208100648278,5.005480354945588e-06
2188.0,0.30786304259228026,4.000000000000001,0.1639647843681948,5.008148359891885e-06
2189.0,0.30786017195208926,4.000000000000001,0.16395764958430184,5.012576982780663e-06
2190.0,0.30785739357566255,4.0,0.16395067615286665,5.01872826699746e-06
2191.0,0.3078547071795164,3.999999999999999,0.16394386355341137,5.026562019890318e-06
2192.0,0.30785211247069777,4.0,0.16393721124681956,5.0360359760374895e-06
2193.0,0.30784960914673476,4.0,0.16393071867524295,5.047105966860625e-06
2194.0,0.3078471968955865,3.999999999999999,0.16392438526201156,5.059726094381478e-06
2195.0,0.30784487539559435,4.0,0.16391821041154478,5.073848907346341e-06
2196.0,0.307842644315435,3.999999999999999,0.16391219350926559,5.089425578306328e-06
2197.0,0.3078405033140731,4.0,0.16390633392151893,5.106406079884215e-06
2198.0,0.30783845204071697,3.999999999999999,0.16390063099549396,5.124739358968973e-06
2199.0,0.30783649013477343,4.000000000000001,0.16389508405914605,5.144373506524263e-06
2200.0,0.30783461722580563,3.9999999999999996,0.1638896924211257,5.165255923535e-06
2201.0,0.3078328329334906,4.000000000000001,0.16388445537071142,5.187333480407341e-06
2202.0,0.3078311368675804,4.0,0.16387937217774187,5.210552669735703e-06
2203.0,0.3078295286278615,4.0,0.16387444209255592,5.234859751631446e-06
2204.0,0.30782800780411895,3.999999999999999,0.16386966434593656,5.260200891439214e-06
2205.0,0.30782657397609964,3.9999999999999996,0.16386503814905515,5.286522287849865e-06
2206.0,0.3078252267134789,4.0,0.16386056269342308,5.313770293358971e-06
2207.0,0.3078239655758272,4.0,0.16385623715084835,5.341891525285079e-06
2208.0,0.30782279011257974,4.0,0.1638520606733925,5.370832967572578e-06
2209.0,0.30782169986300756,3.999999999999999,0.1638480323933354,5.40054206414739e-06
2210.0,0.30782069435618964,3.9999999999999996,0.16384415142314424,5.430966803356328e-06
2211.0,0.3078197731109886,3.9999999999999996,0.16384041685544595,5.4620557940170365e-06
2212.0,0.30781893563602647,3.9999999999999987,0.1638368277630049,5.493758332494448e-06
2213.0,0.30781818142966366,4.0,0.16383338319870605,5.526024462701124e-06
2214.0,0.30781750997998025,3.999999999999999,0.16383008219554313,5.558805028262294e-06
2215.0,0.30781692076475764,4.000000000000001,0.1638269237666104,5.592051717280437e-06
2216.0,0.3078164132514649,4.0,0.1638239069051021,5.625717101111254e-06
2217.0,0.30781598689724526,3.999999999999999,0.16382103058431513,5.659754666152248e-06
2218.0,0.3078156411489057,4.000000000000001,0.16381829375765836,5.694118840202758e-06
2219.0,0.30781537544290993,3.9999999999999996,0.16381569535866705,5.728765013748675e-06
2220.0,0.30781518920537115,4.0,0.163813234301023,5.76364955564942e-06
2221.0,0.3078150818520502,4.000000000000002,0.16381090947857999,5.798729824918727e-06
2222.0,0.3078150527883549,4.0,0.16380871976539615,5.833964178588332e-06
2223.0,0.307815101409341,4.000000000000001,0.16380666401577107,5.869311975258323e-06
2224.0,0.307815227099718,3.999999999999999,0.16380474106428966,5.904733576116973e-06
2225.0,0.3078154292338554,3.999999999999999,0.1638029497258715,5.940190342590993e-06
2226.0,0.30781570717579393,3.9999999999999987,0.16380128879582737,5.975644631745475e-06
2227.0,0.3078160602792571,4.0,0.1637997570499205,6.011059789040889e-06
2228.0,0.3078164878876679,4.0,0.16379835324443562,6.0464001394420055e-06
2229.0,0.307816989334167,4.0,0.1637970761162539,6.0816309768752655e-06
2230.0,0.3078175639416338,4.0,0.16379592438293405,6.116718552090459e-06
2231.0,0.30781821102271173,4.0,0.16379489674279987,6.1516300592699955e-06
2232.0,0.3078189298798353,4.000000000000001,0.16379399187503563,6.186333621906132e-06
2233.0,0.30781971980526074,4.000000000000001,0.16379320843978665,6.220798277746196e-06
2234.0,0.3078205800810999,4.000000000000001,0.1637925450782672,6.254993962666222e-06
2235.0,0.307821509979357,4.0,0.1637920004128755,6.2888914948262e-06
2236.0,0.30782250876196837,4.000000000000002,0.16379157304731484,6.3224625578745e-06
2237.0,0.30782357568084684,3.9999999999999996,0.16379126156672236,6.355679684221381e-06
2238.0,0.30782470997792666,3.9999999999999996,0.16379106453780398,6.388516237999032e-06
2239.0,0.30782591088521494,4.000000000000001,0.16379098050897714,6.420946398083535e-06
2240.0,0.3078271776248443,4.000000000000001,0.1637910080105198,6.45294514120155e-06
2241.0,0.30782850940912926,4.000000000000001,0.16379114555472615,6.484488224927495e-06
2242.0,0.3078299054406266,3.9999999999999996,0.16379139163607095,6.515552171258237e-06
2243.0,0.30783136491219837,4.000000000000001,0.16379174473137958,6.546114250189513e-06
2244.0,0.30783288700707967,4.0,0.16379220330000466,6.576152463249442e-06
2245.0,0.307834470898948,4.000000000000001,0.16379276578401133,6.605645528033113e-06
2246.0,0.307836115751998,3.9999999999999996,0.1637934306083694,6.634572862920662e-06
2247.0,0.3078378207210182,4.0,0.16379419618115032,6.662914571095161e-06
2248.0,0.3078395849514727,4.0,0.16379506089373463,6.690651426664265e-06
2249.0,0.3078414075795849,4.0,0.16379602312102393,6.717764860095541e-06
2250.0,0.30784328773242664,3.9999999999999996,0.16379708122166134,6.744236944433925e-06
2251.0,0.30784522452800855,4.0,0.1637982335382573,6.770050381208295e-06
2252.0,0.30784721707537677,4.000000000000001,0.16379947839762518,6.795188488266361e-06
2253.0,0.3078492644747109,4.0,0.16380081411102115,6.8196351867699685e-06
2254.0,0.30785136581742656,4.0,0.1638022389743921,6.843374988670423e-06
2255.0,0.3078535201862819,4.0,0.16380375126863064,6.866392985470494e-06
2256.0,0.3078557266554872,4.000000000000001,0.16380534925983714,6.888674836681867e-06
2257.0,0.307857984290818,4.000000000000002,0.1638070311995878,6.910206758698947e-06
2258.0,0.30786029214973226,4.0,0.16380879532520923,6.93097551427674e-06
2259.0,0.3078626492814907,4.0,0.16381063986006206,6.95096840285429e-06
2260.0,0.3078650547272809,4.000000000000001,0.16381256301382818,6.970173250228071e-06
2261.0,0.30786750752034553,3.9999999999999996,0.16381456298280628,6.988578399556623e-06
2262.0,0.30787000668611264,4.0,0.16381663795021292,7.0061727018267684e-06
2263.0,0.3078725512423316,3.9999999999999996,0.1638187860864925,7.022945508071594e-06
2264.0,0.30787514019921014,3.999999999999999,0.16382100554962858,7.038886660172228e-06
2265.0,0.30787777255955734,4.0,0.16382329448546654,7.053986483095055e-06
2266.0,0.3078804473189284,3.9999999999999996,0.16382565102804028,7.068235777636835e-06
2267.0,0.3078831634657732,3.9999999999999996,0.1638280732999042,7.081625812576653e-06
2268.0,0.307885919981589,4.0,0.1638305594124711,7.09414831728377e-06
2269.0,0.30788871584107547,4.000000000000001,0.16383310746635854,7.105795476007462e-06
2270.0,0.3078915500122939,4.0,0.16383571555173784,7.116559920536631e-06
2271.0,0.3078944214568294,4.0,0.16383838174868923,7.126434723673424e-06
2272.0,0.3078973291299561,4.0,0.16384110412756375,7.135413393735158e-06
2273.0,0.3079002719808064,4.0,0.16384388074935016,7.143489868905654e-06
2274.0,0.3079032489525423,4.0,0.16384670966604503,7.150658510989071e-06
2275.0,0.307906258982531,4.0,0.16384958892102996,7.1569141002823414e-06
2276.0,0.30790930100252256,4.0,0.16385251654945449,7.162251831160555e-06
2277.0,0.3079123739388316,3.999999999999999,0.16385549057862006,7.1666673057508e-06
2278.0,0.3079154767125204,3.999999999999999,0.1638585090283719,7.170156530150914e-06
2279.0,0.3079186082395873,4.0,0.1638615699114951,7.172715909508387e-06
2280.0,0.3079217674311559,4.000000000000001,0.16386467123411258,7.174342243745064e-06
2281.0,0.30792495319366797,4.0,0.16386781099608913,7.17503272280736e-06
2282.0,0.30792816442907833,4.0,0.1638709871914396,7.174784923039951e-06
2283.0,0.3079314000350541,4.0,0.16387419780874013,7.173596803207007e-06
2284.0,0.3079346589051744,3.999999999999999,0.16387744083154163,7.171466700038198e-06
2285.0,0.3079379399291341,4.000000000000001,0.16388071423878953,7.168393324974888e-06
2286.0,0.3079412419929497,3.999999999999999,0.1638840160052449,7.164375760751532e-06
2287.0,0.30794456397916636,4.0,0.16388734410190853,7.159413457489593e-06
2288.0,0.30794790476706996,4.0,0.16389069649644802,7.153506229509139e-06
2289.0,0.3079512632328982,3.999999999999999,0.1638940711536291,7.146654252083887e-06
2290.0,0.3079546382500558,4.000000000000001,0.16389746603574668,7.138858058211911e-06
2291.0,0.3079580286893318,3.999999999999999,0.16390087910305992,7.130118535735436e-06
2292.0,0.3079614334191175,3.999999999999999,0.16390430831422892,7.120436924097837e-06
2293.0,0.3079648513056277,4.0,0.16390775162675467,7.109814812192502e-06
2294.0,0.3079682812131225,4.000000000000001,0.1639112069974165,7.098254134336729e-06
2295.0,0.30797172200413214,4.0,0.1639146723827159,7.085757168643292e-06
2296.0,0.30797517253968226,4.0,0.1639181457393202,7.0723265343433464e-06
2297.0,0.307978631679521,4.0,0.16392162502450366,7.057965188770639e-06
2298.0,0.3079820982823482,4.0,0.1639251081965941,7.042676425076602e-06
2299.0,0.30798557120604453,3.999999999999999,0.16392859321541933,7.02646387046292e-06
2300.0,0.3079890493079034,4.000000000000001,0.1639320780427511,7.009331483216044e-06
2301.0,0.3079925314448633,4.000000000000001,0.16393556064275103,6.991283550798983e-06
2302.0,0.30799601647374075,3.9999999999999982,0.1639390389824186,6.972324687993176e-06
2303.0,0.3079995032514641,3.999999999999999,0.16394251103203564,6.952459834749674e-06
2304.0,0.3080029906353098,4.0,0.16394597476561057,6.931694254051975e-06
2305.0,0.3080064774831373,4.0,0.16394942816132513,6.910033530306466e-06
2306.0,0.30800996265362574,4.0,0.16395286920197785,6.8874835679459096e-06
2307.0,0.30801344500651096,3.999999999999999,0.16395629587542507,6.864050589047278e-06
2308.0,0.3080169234028222,3.9999999999999987,0.16395970617502365,6.839741132299419e-06
2309.0,0.3080203967051206,3.999999999999999,0.163963098100072,6.814562052006593e-06
2310.0,0.30802386377773616,3.9999999999999996,0.1639664696562458,6.788520515691669e-06
2311.0,0.30802732348700634,4.000000000000001,0.16396981885603576,6.7616240035917615e-06
2312.0,0.30803077470151347,3.999999999999999,0.16397314371918256,6.73388030791492e-06
2313.0,0.30803421629232214,4.0,0.16397644227310726,6.705297531078044e-06
2314.0,0.30803764713321746,3.999999999999999,0.16397971255334062,6.675884085034801e-06
2315.0,0.3080410661009414,4.000000000000001,0.1639829526039514,6.645648691259789e-06
2316.0,0.3080444720754305,3.999999999999999,0.16398616047796846,6.6146003796985014e-06
2317.0,0.30804786394005035,3.999999999999999,0.16398933423780096,6.582748487888597e-06
2318.0,0.30805124058183253,4.0,0.16399247195565736,6.550102661803114e-06
2319.0,0.30805460089170855,4.000000000000001,0.1639955717139586,6.5166728551867726e-06
2320.0,0.30805794376474405,4.0,0.16399863160574535,6.482469329307072e-06
2321.0,0.3080612681003705,4.0,0.1640016497350884,6.447502654167999e-06
2322.0,0.30806457280261834,4.0,0.16400462421748857,6.411783708675934e-06
2323.0,0.30806785678034654,3.9999999999999996,0.16400755318027302,6.375323680678635e-06
2324.0,0.3080711189474718,4.000000000000002,0.16401043476299113,6.338134069002437e-06
2325.0,0.3080743582231972,3.999999999999999,0.1640132671178027,6.300226684420247e-06
2326.0,0.30807757353223664,4.0,0.1640160484098599,6.261613650078318e-06
2327.0,0.3080807638050418,4.000000000000001,0.16401877681768856,6.222307404849526e-06
2328.0,0.3080839279780233,3.9999999999999996,0.16402145053356168,6.182320704476301e-06
2329.0,0.30808706499377236,4.0,0.1640240677638664,6.141666623721172e-06
2330.0,0.30809017380128045,4.000000000000001,0.16402662672946872,6.100358559457318e-06
2331.0,0.308093253356156,4.0,0.1640291256660716,6.058410234011724e-06
2332.0,0.3080963026208397,4.0,0.16403156282456485,6.0158356974291334e-06
2333.0,0.30809932056481726,4.0,0.16403393647137238,5.9726493323474334e-06
2334.0,0.3081023061648303,4.0,0.16403624488879326,5.928865857823769e-06
2335.0,0.3081052584050846,4.0,0.16403848637533341,5.8845003337783695e-06
2336.0,0.3081081762774557,4.0,0.16404065924603387,5.839568165816868e-06
2337.0,0.3081110587816923,3.9999999999999987,0.16404276183279434,5.794085111619922e-06
2338.0,0.30811390492561663,4.0,0.16404479248468476,5.748067286250027e-06
2339.0,0.3081167137253228,4.000000000000001,0.16404674956825419,5.701531168772687e-06
2340.0,0.30811948420537166,3.999999999999999,0.16404863146783424,5.6544936102346825e-06
2341.0,0.30812221539898255,3.999999999999999,0.16405043658583132,5.606971840196203e-06
2342.0,0.3081249063482232,4.0,0.16405216334301492,5.558983475880293e-06
2343.0,0.30812755610419573,4.000000000000002,0.16405381017879883,5.510546530982402e-06
2344.0,0.3081301637272198,4.0,0.16405537555151395,5.461679425432101e-06
2345.0,0.308132728287012,4.0,0.1640568579386747,5.412400995627922e-06
2346.0,0.3081352488628632,3.999999999999999,0.16405825583723813,5.36273050611958e-06
2347.0,0.3081377245438115,4.0,0.16405956776385563,5.312687660868183e-06
2348.0,0.30814015442881254,3.9999999999999996,0.16406079225511694,5.262292616519374e-06
2349.0,0.30814253762690536,3.9999999999999987,0.16406192786778692,5.211565995852084e-06
2350.0,0.3081448732573759,4.000000000000001,0.16406297317903476,5.160528902113263e-06
2351.0,0.30814716044991686,3.9999999999999982,0.16406392678665585,5.109202935038537e-06
2352.0,0.308149398344782,4.0,0.16406478730928503,5.05761020676392e-06
2353.0,0.30815158609294024,4.0,0.16406555338660347,5.0057733594351115e-06
2354.0,0.30815372285622245,4.000000000000001,0.16406622367953677,4.95371558286339e-06
2355.0,0.3081558078074671,3.9999999999999996,0.1640667968704462,4.901460634727311e-06
2356.0,0.3081578401306605,4.0,0.16406727166331117,4.849032860567131e-06
2357.0,0.30815981902107414,3.999999999999999,0.16406764678390431,4.796457215615297e-06
2358.0,0.3081617436853974,3.999999999999999,0.16406792097995918,4.743759286642315e-06
2359.0,0.30816361334186704,4.0,0.16406809302132974,4.690965316338908e-06
2360.0,0.3081654272203922,4.000000000000002,0.1640681617001412,4.638102226711854e-06
2361.0,0.3081671845626754,3.9999999999999996,0.1640681258309351,4.5851976459571595e-06
2362.0,0.3081688846223294,4.000000000000002,0.164067984250804,4.532279933687672e-06
2363.0,0.30817052666499123,4.0,0.16406773581952014,4.479378209632783e-06
2364.0,0.3081721099684294,4.000000000000002,0.164067379419655,4.426522381203493e-06
2365.0,0.3081736338226509,4.0,0.16406691395669287,4.373743172319426e-06
2366.0,0.3081750975299997,4.0,0.16406633835913476,4.321072153211792e-06
2367.0,0.30817650040525446,4.0,0.16406565157859426,4.268541769769141e-06
2368.0,0.30817784177572083,4.0,0.16406485258988882,4.2161853747068414e-06
2369.0,0.3081791209813192,4.000000000000001,0.16406394039111918,4.164037257176614e-06
2370.0,0.3081803373746689,4.0,0.16406291400374326,4.112132672689115e-06
2371.0,0.3081814903211676,4.000000000000001,0.16406177247264328,4.060507872182576e-06
2372.0,0.30818257919906766,4.000000000000001,0.1640605148661837,4.009200130330392e-06
2373.0,0.3081836033995463,3.999999999999999,0.16405914027626115,3.958247771599031e-06
2374.0,0.30818456232677355,3.999999999999999,0.16405764781834897,3.907690196288088e-06
2375.0,0.3081854553979747,3.999999999999999,0.1640560366315339,3.857567901744241e-06
2376.0,0.3081862820434892,4.0,0.16405430587854178,3.8079225011161394e-06
2377.0,0.30818704170682537,3.999999999999999,0.16405245474576177,3.758796737920917e-06
2378.0,0.30818773384470977,3.9999999999999996,0.16405048244326015,3.710234496645379e-06
2379.0,0.3081883579271342,4.0,0.16404838820478468,3.6622808049649818e-06
2380.0,0.3081889134373973,4.000000000000001,0.1640461712877676,3.614981832441476e-06
2381.0,0.3081893998721422,4.0,0.16404383097331665,3.568384878453236e-06
2382.0,0.30818981674139,4.000000000000001,0.1640413665662007,3.5225383513905665e-06
2383.0,0.3081901635685697,4.000000000000002,0.16403877739482992,3.4774917373427423e-06
2384.0,0.3081904398905432,4.000000000000002,0.16403606281122746,3.4332955567549234e-06
2385.0,0.30819064525762696,4.0,0.16403322219099453,3.3900013068764678e-06
2386.0,0.3081907792336084,4.000000000000001,0.1640302549332701,3.3476613900221923e-06
2387.0,0.30819084139576036,3.999999999999999,0.16402716046068322,3.3063290238388954e-06
2388.0,0.30819083133484937,4.0,0.16402393821929825,3.2660581342211386e-06
2389.0,0.3081907486551413,3.9999999999999996,0.16402058767855632,3.226903228171436e-06
2390.0,0.3081905929744026,4.000000000000001,0.16401710833120758,3.188919245825898e-06
2391.0,0.30819036392389787,4.0,0.16401349969323886,3.152161390160891e-06
2392.0,0.30819006114838293,4.000000000000001,0.16400976130379544,3.116684934691285e-06
2393.0,0.30818968430609517,4.0,0.16400589272509694,3.082545005746871e-06
2394.0,0.30818923306873913,4.0,0.16400189354234654,3.0497963435344507e-06
2395.0,0.3081887071214687,4.0,0.16399776336363545,3.0184930377832353e-06
2396.0,0.30818810616286585,4.0,0.16399350181984196,2.9886882429941043e-06
2397.0,0.3081874299049151,3.9999999999999996,0.1639891085645233,2.960433871952491e-06
2398.0,0.30818667807297484,4.000000000000001,0.1639845832738054,2.9337802720673037e-06
2399.0,0.30818585040574564,3.9999999999999982,0.16397992564626382,2.908775885402686e-06
2400.0,0.3081849466552329,4.0,0.1639751354028018,2.885466898752986e-06
2401.0,0.30818396658670916,3.9999999999999996,0.16397021228652356,2.863896886632888e-06
2402.0,0.3081829099786701,4.000000000000001,0.1639651560626009,2.8441064529935605e-06
2403.0,0.3081817766227891,4.000000000000001,0.16395996651813632,2.826132878193384e-06
2404.0,0.3081805663238676,4.000000000000001,0.16395464346202232,2.8100097767097603e-06
2405.0,0.308179278899782,3.999999999999999,0.16394918672479375,2.7957667735305823e-06
2406.0,0.3081779141814283,4.0,0.16394359615847784,2.7834292051446536e-06
2407.0,0.30817647201266274,4.0,0.16393787163644005,2.773017851935751e-06
2408.0,0.3081749522502395,4.000000000000002,0.16393201305322314,2.7645487091340107e-06
2409.0,0.3081733547637461,3.9999999999999987,0.1639260203243864,2.7580328011959657e-06
2410.0,0.30817167943553386,4.0,0.16391989338633714,2.7534760451823812e-06
2411.0,0.30816992616064837,4.000000000000001,0.16391363219616006,2.7508791659503925e-06
2412.0,0.30816809484675456,3.9999999999999996,0.16390723673144308,2.7502376666225773e-06
2413.0,0.3081661854140599,3.999999999999999,0.16390070699009995,2.7515418547193684e-06
2414.0,0.30816419779523496,4.0,0.16389404299018773,2.754776924324162e-06
2415.0,0.30816213193533193,4.0,0.16388724476972225,2.7599230917960175e-06
2416.0,0.3081599877916985,3.9999999999999996,0.16388031238649114,2.7669557819770757e-06
2417.0,0.30815776533389116,3.9999999999999996,0.16387324591786195,2.775845861683275e-06
2418.0,0.30815546454358544,3.9999999999999996,0.1638660454605878,2.786559912827241e-06
2419.0,0.308153085414483,4.000000000000002,0.16385871113061198,2.799060540988413e-06
2420.0,0.30815062795221787,4.0,0.1638512430628677,2.8133067122839225e-06
2421.0,0.3081480921742583,4.0,0.16384364141107455,2.8292541116395296e-06
2422.0,0.3081454781098083,4.000000000000001,0.16383590634753725,2.8468555130256843e-06
2423.0,0.308142785799706,4.0,0.16382803806293514,2.8660611597341063e-06
2424.0,0.30814001529632007,4.000000000000002,0.16382003676611417,2.886819143123536e-06
2425.0,0.3081371666634442,3.9999999999999982,0.16381190268387785,2.9090757758687286e-06
2426.0,0.30813423997618883,4.000000000000001,0.16380363606076917,2.932775957760993e-06
2427.0,0.3081312353208734,4.0,0.16379523715885874,2.9578635224276167e-06
2428.0,0.308128152794913,4.0,0.16378670625752775,2.984281568316718e-06
2429.0,0.30812499250670633,4.0,0.16377804365324566,3.0119727682237586e-06
2430.0,0.30812175457552055,4.0,0.16376924965935297,3.040879653242087e-06
2431.0,0.30811843913137477,3.9999999999999987,0.1637603246058391,3.0709448728249523e-06
2432.0,0.30811504631492137,4.000000000000001,0.16375126883911634,3.1021114318338484e-06
2433.0,0.30811157627732755,4.000000000000001,0.16374208272179716,3.1343228981692584e-06
2434.0,0.3081080291801528,4.0,0.16373276663246888,3.167523586820543e-06
2435.0,0.308104405195227,4.0,0.16372332096546452,3.2016587205842384e-06
2436.0,0.30810070450452653,3.999999999999999,0.16371374613063594,3.2366745658347703e-06
2437.0,0.30809692730004834,4.0,0.1637040425531262,3.2725185465497855e-06
2438.0,0.3080930737836844,4.0,0.163694210673137,3.309139340185396e-06
2439.0,0.30808914416709376,4.0,0.16368425094570044,3.3464869509699306e-06
2440.0,0.3080851386715733,4.000000000000001,0.16367416384044775,3.384512769708168e-06
2441.0,0.30808105752792864,4.0,0.16366394984137653,3.4231696158739424e-06
2442.0,0.3080769009763429,4.000000000000001,0.16365360944661989,3.4624117674722765e-06
2443.0,0.3080726692662453,4.0,0.16364314316821363,3.5021949772857605e-06
2444.0,0.3080683626561783,4.0,0.1636325515318639,3.5424764794854827e-06
2445.0,0.30806398141366476,4.0,0.1636218350767134,3.5832149876525856e-06
2446.0,0.30805952581507295,3.999999999999999,0.16361099435510992,3.624370682760812e-06
2447.0,0.30805499614548243,3.999999999999999,0.16360002993237252,3.665905196970652e-06
2448.0,0.30805039269854834,4.000000000000002,0.16358894238655813,3.707781590465512e-06
2449.0,0.30804571577636564,3.9999999999999996,0.16357773230823025,3.7499643226750692e-06
2450.0,0.30804096568933187,3.999999999999999,0.1635664003002254,3.7924192226753033e-06
2451.0,0.30803614275601054,4.0,0.1635549469774205,3.835113454108877e-06
2452.0,0.308031247302994,4.000000000000001,0.16354337296650268,3.878015478319985e-06
2453.0,0.30802627966476503,3.9999999999999982,0.16353167890573567,3.921095017195355e-06
2454.0,0.3080212401835585,4.0,0.16351986544472968,3.9643230135808645e-06
2455.0,0.30801612920922394,4.0,0.1635079332442129,4.007671589960209e-06
2456.0,0.30801094709908605,4.0,0.1634958829757979,4.05111401038028e-06
2457.0,0.30800569421780605,4.000000000000001,0.1634837153217555,4.094624638896952e-06
2458.0,0.30800037093724314,4.0,0.1634714309747868,4.138178898873356e-06
2459.0,0.3079949776363151,3.9999999999999987,0.16345903063779224,4.181753235912681e-06
2460.0,0.30798951470085956,4.0,0.16344651502364832,4.225325076825388e-06
2461.0,0.3079839825234949,3.9999999999999996,0.16343388485498206,4.268872791580547e-06
2462.0,0.30797838150348156,4.0,0.16342114086394266,4.312375658887767e-06
2463.0,0.3079727120465829,4.0,0.16340828379198152,4.355813827014428e-06
2464.0,0.30796697456492733,3.999999999999999,0.16339531438962943,4.399168280368786e-06
2465.0,0.3079611694768688,3.9999999999999987,0.16338223341627167,4.442420806955962e-06
2466.0,0.3079552972068496,4.0,0.1633690416399318,4.485553963809675e-06
2467.0,0.30794935818526226,4.0,0.16335573983705198,4.528551045501341e-06
2468.0,0.3079433528483117,4.0,0.16334232879227154,4.571396057062108e-06
2469.0,0.30793728163787865,4.000000000000001,0.16332880929821614,4.614073681265168e-06
2470.0,0.3079311450013822,4.000000000000002,0.1633151821552798,4.6565692526327e-06
2471.0,0.3079249433916442,4.0,0.16330144817140962,4.69886873186589e-06
2472.0,0.3079186772667528,4.000000000000001,0.1632876081618979,4.740958677985774e-06
2473.0,0.3079123470899281,3.9999999999999987,0.16327366294916928,4.782826224973946e-06
2474.0,0.30790595332938586,3.999999999999999,0.16325961336256958,4.82445905984813e-06
2475.0,0.30789949645820514,4.0,0.16324546023816264,4.8658453981494494e-06
2476.0,0.3078929769541937,4.0,0.16323120441852185,4.906973963483442e-06
2477.0,0.30788639529975526,4.000000000000002,0.16321684675252454,4.947833968402233e-06
2478.0,0.3078797519817579,3.9999999999999996,0.16320238809515283,4.9884150928835e-06
2479.0,0.30787304749140154,4.0,0.16318782930729053,5.0287074672852476e-06
2480.0,0.3078662823240884,4.0,0.16317317125552344,5.06870165487643e-06
2481.0,0.3078594569792926,3.9999999999999996,0.1631584148119434,5.1083886336974315e-06
2482.0,0.3078525719604308,3.999999999999999,0.16314356085395254,5.147759781320075e-06
2483.0,0.30784562777473423,4.000000000000001,0.16312861026406744,5.186806860198294e-06
2484.0,0.30783862493312153,3.999999999999999,0.16311356392972945,5.22552200150173e-06
2485.0,0.3078315639500715,4.0,0.16309842274311348,5.263897692196267e-06
2486.0,0.3078244453434983,4.000000000000001,0.16308318760093957,5.301926761228474e-06
2487.0,0.30781726963462647,3.999999999999999,0.16306785940428586,5.3396023678018525e-06
2488.0,0.30781003734786677,4.0,0.1630524390584063,5.376917987484663e-06
2489.0,0.3078027490106944,4.0,0.16303692747254528,5.413867402332526e-06
2490.0,0.30779540515352655,4.000000000000001,0.16302132555975768,5.450444689393257e-06
2491.0,0.307788006309602,4.0,0.16300563423673253,5.486644208800464e-06
2492.0,0.30778055301486135,3.9999999999999996,0.16298985442361225,5.522460595785571e-06
2493.0,0.3077730458078288,3.999999999999999,0.1629739870438207,5.557888749952032e-06
2494.0,0.3077654852294941,3.9999999999999996,0.16295803302389042,5.5929238252229736e-06
2495.0,0.30775787182319675,4.0,0.16294199329328918,5.627561223237243e-06
2496.0,0.3077502061345104,4.0,0.1629258687842544,5.661796582537971e-06
2497.0,0.30774248871112875,4.0,0.1629096604316252,5.695625771344619e-06
2498.0,0.3077347201027526,3.999999999999999,0.16289336917267605,5.729044880904539e-06
2499.0,0.3077269008609782,4.0,0.16287699594695632,5.762050216667265e-06
2500.0,0.30771903153918645,4.0,0.16286054169612998,5.7946382908930406e-06
2501.0,0.30771111269243356,3.9999999999999996,0.1628440073638129,5.826805818072595e-06
2502.0,0.30770314487734257,4.0,0.1628273938954216,5.8585497057199984e-06
2503.0,0.30769512865199683,3.9999999999999996,0.16281070223801647,5.889867048989815e-06
2504.0,0.3076870645758337,4.0,0.16279393334014639,5.920755126648481e-06
2505.0,0.30767895320954036,4.0,0.1627770881517043,5.951211391542367e-06
2506.0,0.3076707951149503,4.0,0.16276016762377443,5.981233467825158e-06
2507.0,0.3076625908549415,4.0,0.16274317270848604,6.010819145390519e-06
2508.0,0.30765434099333544,4.0,0.16272610435887247,6.039966373037529e-06
2509.0,0.3076460460947978,4.0,0.16270896352872624,6.068673254884824e-06
2510.0,0.3076377067247401,3.9999999999999996,0.16269175117245838,6.096938046152372e-06
2511.0,0.30762932344922256,4.0,0.1626744682449636,6.12475914665724e-06
2512.0,0.3076208968348589,4.000000000000002,0.16265711570148145,6.152135097590868e-06
2513.0,0.30761242744872236,3.9999999999999987,0.16263969449746232,6.179064577929498e-06
2514.0,0.3076039158582509,4.0,0.16262220558843835,6.205546398457373e-06
2515.0,0.30759536263115794,4.0,0.1626046499298905,6.231579499118826e-06
2516.0,0.30758676833534004,4.0,0.16258702847712114,6.257162945376325e-06
2517.0,0.3075781335387886,4.0,0.16256934218513097,6.2822959230215e-06
2518.0,0.307569458809502,4.0,0.16255159200849137,6.306977736323886e-06
2519.0,0.30756074471539907,3.999999999999999,0.16253377890122508,6.331207803380487e-06
2520.0,0.30755199182423376,3.9999999999999996,0.16251590381668585,6.354985653217809e-06
2521.0,0.3075432007035119,4.000000000000002,0.16249796770744038,6.37831092235377e-06
2522.0,0.30753437192040817,3.999999999999999,0.1624799715251523,6.40118335204211e-06
2523.0,0.30752550604168466,4.0,0.16246191622046946,6.42360278467426e-06
2524.0,0.3075166036336122,3.999999999999999,0.16244380274291048,6.4455691612882e-06
2525.0,0.3075076652618903,3.999999999999999,0.1624256320407557,6.467082518461945e-06
2526.0,0.307498691491571,3.9999999999999987,0.16240740506093948,6.488142985505694e-06
2527.0,0.3074896828869826,4.0,0.16238912274894343,6.508750782010508e-06
2528.0,0.3074806400116551,4.0,0.16237078604869234,6.5289062151850255e-06
2529.0,0.3074715634282469,4.000000000000002,0.16235239590245276,6.5486096769267364e-06
2530.0,0.30746245369847297,4.0,0.16233395325073194,6.567861641687172e-06
2531.0,0.3074533113830339,3.9999999999999987,0.16231545903217898,6.5866626644650855e-06
2532.0,0.3074441370415464,4.0,0.16229691418348977,6.60501337755569e-06
2533.0,0.3074349312324761,4.000000000000001,0.16227831963931066,6.622914489149462e-06
2534.0,0.30742569451307017,3.9999999999999996,0.1622596763321462,6.640366780866119e-06
2535.0,0.3074164274392911,4.000000000000001,0.1622409851922688,6.657371105190634e-06
2536.0,0.3074071305657542,4.000000000000001,0.1622222471476284,6.673928383882722e-06
2537.0,0.307397804445663,4.0,0.16220346312376524,6.690039606158474e-06
2538.0,0.3073884496307484,4.000000000000001,0.16218463404372505,6.705705826036114e-06
2539.0,0.3073790666712084,4.0,0.16216576082797438,6.72092816091054e-06
2540.0,0.3073696561156485,3.9999999999999996,0.16214684439431828,6.735707789845427e-06
2541.0,0.3073602185110238,3.999999999999999,0.16212788565782113,6.750045950962684e-06
2542.0,0.30735075440258286,4.0,0.16210888553072703,6.763943940331807e-06
2543.0,0.3073412643338116,3.9999999999999996,0.16208984492238207,6.7774031105987635e-06
2544.0,0.30733174884637965,4.0,0.16207076473916185,6.790424867900663e-06
2545.0,0.30732220848008696,4.000000000000001,0.16205164588439447,6.8030106721454174e-06
2546.0,0.3073126437728124,4.0,0.16203248925829103,6.815162033760905e-06
2547.0,0.3073030552604628,4.0,0.16201329575787501,6.826880512834625e-06
2548.0,0.30729344347692367,3.999999999999999,0.16199406627691243,6.838167718033738e-06
2549.0,0.307283808954011,4.0,0.16197480170584605,6.849025304257188e-06
2550.0,0.3072741522214246,4.000000000000001,0.16195550293172967,6.859454971548653e-06
2551.0,0.30726447380670174,4.0,0.16193617083816364,6.869458464066492e-06
2552.0,0.30725477423517256,4.0,0.1619168063052341,6.8790375677684615e-06
2553.0,0.30724505402991653,4.0,0.16189741020944975,6.8881941104833504e-06
2554.0,0.3072353137117202,4.0,0.1618779834236855,6.8969299589867735e-06
2555.0,0.30722555379903527,4.0,0.1618585268171222,6.905247019207494e-06
2556.0,0.30721577480793927,4.0,0.16183904125519216,6.913147233954644e-06
2557.0,0.30720597725209586,4.000000000000001,0.1618195275995239,6.9206325821382715e-06
2558.0,0.307196161642717,3.999999999999999,0.1617999867078881,6.927705077492897e-06
2559.0,0.3071863284885257,3.999999999999999,0.1617804194341468,6.93436676757846e-06
2560.0,0.3071764782957207,3.9999999999999996,0.16176082662820285,6.94061973212611e-06
2561.0,0.30716661156794145,3.999999999999999,0.16174120913594922,6.946466083182386e-06
2562.0,0.3071567288062341,3.9999999999999996,0.16172156779922423,6.951907962294422e-06
2563.0,0.30714683050901914,4.0,0.1617019034557631,6.956947540377174e-06
2564.0,0.3071369171720594,4.0,0.1616822169391527,6.961587017501695e-06
2565.0,0.3071269892884295,3.9999999999999996,0.16166250907879026,6.9658286201319605e-06
2566.0,0.3071170473484863,3.9999999999999996,0.16164278069983884,6.969674601371727e-06
2567.0,0.30710709183983986,3.9999999999999996,0.16162303262318675,6.973127240175756e-06
2568.0,0.3070971232473261,4.0,0.16160326566540875,6.976188839447172e-06
2569.0,0.3070871420529795,4.0,0.16158348063872732,6.9788617254555235e-06
2570.0,0.3070771487360081,4.0,0.16156367835097366,6.981148247965555e-06
2571.0,0.3070671437727678,4.000000000000001,0.16154385960555484,6.983050777543932e-06
2572.0,0.30705712763673887,4.000000000000002,0.16152402520141607,6.984571706487594e-06
2573.0,0.30704710079850295,4.0,0.1615041759330081,6.985713447438913e-06
2574.0,0.3070370637257206,4.0,0.16148431259025603,6.986478431491309e-06
2575.0,0.3070270168831104,3.9999999999999996,0.16146443595852614,6.986869108841005e-06
2576.0,0.30701696073242846,3.999999999999999,0.16144454681859585,6.986887947924226e-06
2577.0,0.30700689573244877,3.9999999999999996,0.16142464594662692,6.9865374333720004e-06
2578.0,0.3069968223389448,4.000000000000001,0.16140473411413406,6.985820066970972e-06
2579.0,0.30698674100467205,4.0,0.16138481208796077,6.984738365756449e-06
2580.0,0.30697665217934994,4.0,0.16136488063025262,6.983294861829883e-06
2581.0,0.30696655630964687,4.0,0.16134494049843218,6.981492101395062e-06
2582.0,0.30695645383916403,4.000000000000001,0.1613249924451749,6.9793326450558855e-06
2583.0,0.30694634520842146,4.0,0.1613050372183882,6.976819065659123e-06
2584.0,0.30693623085484406,4.0,0.16128507556118796,6.973953948667554e-06
2585.0,0.3069261112127481,4.0,0.16126510821187692,6.970739892233948e-06
2586.0,0.30691598671332976,3.9999999999999996,0.16124513590392922,6.967179504028697e-06
2587.0,0.30690585778465296,4.0,0.1612251593659658,6.963275403962684e-06
2588.0,0.3068957248516389,4.000000000000002,0.16120517932173942,6.959030221900684e-06
2589.0,0.30688558833605606,3.9999999999999996,0.16118519649011998,6.954446595957865e-06
2590.0,0.3068754486565103,4.000000000000002,0.16116521158507224,6.949527175181876e-06
2591.0,0.306865306228437,4.0,0.16114522531564565,6.94427461631745e-06
2592.0,0.3068551614640922,4.0,0.16112523838595985,6.938691583419734e-06
2593.0,0.30684501477254555,4.000000000000002,0.16110525149518629,6.93278075005602e-06
2594.0,0.3068348665596744,4.0,0.161085265337541,6.926544795488873e-06
2595.0,0.3068247172281565,3.9999999999999996,0.16106528060227063,6.919986405722751e-06
2596.0,0.30681456717746514,3.999999999999999,0.1610452979736384,6.913108274429573e-06
2597.0,0.3068044168038645,4.0,0.16102531813091975,6.90591309940842e-06
2598.0,0.30679426650040575,3.999999999999999,0.16100534174838702,6.898403584713636e-06
2599.0,0.3067841166569221,3.9999999999999987,0.1609853694953027,6.890582440071051e-06
2600.0,0.30677396766002746,4.0,0.1609654020359133,6.882452378649999e-06
2601.0,0.3067638198931131,4.000000000000001,0.16094544002943767,6.8740161189767755e-06
2602.0,0.30675367373634566,4.0,0.1609254841300634,6.865276383458947e-06
2603.0,0.3067435295666662,4.0,0.1609055349869415,6.856235897023225e-06
2604.0,0.30673338775778913,3.9999999999999996,0.16088559324417603,6.84689738971654e-06
2605.0,0.3067232486802019,4.0,0.16086565954082552,6.837263593239396e-06
2606.0,0.30671311270116564,4.0,0.16084573451089504,6.827337242271901e-06
2607.0,0.30670298018471503,4.0,0.16082581878333227,6.817121074694175e-06
2608.0,0.3066928514916605,4.0,0.1608059129820284,6.806617829160965e-06
2609.0,0.3066827269795891,4.0,0.1607860177258117,6.795830246864575e-06
2610.0,0.3066726070028669,4.0,0.16076613362844683,6.7847610711429145e-06
2611.0,0.306662491912642,4.0,0.16074626129863664,6.77341304524914e-06
2612.0,0.3066523820568467,4.000000000000002,0.1607264013400163,6.761788915144058e-06
2613.0,0.3066422777802021,4.0,0.16070655435115733,6.749891426647877e-06
2614.0,0.3066321794242205,3.999999999999999,0.16068672092556727,6.737723326163529e-06
2615.0,0.3066220873272111,4.0,0.1606669016516883,6.725287361437477e-06
2616.0,0.30661200182428394,4.0,0.1606470971129015,6.7125862795416824e-06
2617.0,0.30660192324735525,4.000000000000001,0.16062730788752763,6.699622827912338e-06
2618.0,0.3065918519251528,4.000000000000001,0.16060753454882823,6.686399754113329e-06
2619.0,0.3065817881832217,4.0,0.16058777766501034,6.672919805022389e-06
2620.0,0.3065717323439303,4.000000000000001,0.16056803779922896,6.659185727212992e-06
2621.0,0.3065616847264776,4.0,0.16054831550959006,6.645200266763103e-06
2622.0,0.30655164564689896,4.0,0.16052861134915522,6.630966169001408e-06
2623.0,0.3065416154180741,3.999999999999999,0.16050892586594678,6.616486177966335e-06
2624.0,0.30653159434973426,4.000000000000001,0.1604892596029506,6.601763037457529e-06
2625.0,0.3065215827484702,4.0,0.16046961309812358,6.58679948924514e-06
2626.0,0.30651158091773983,4.0,0.16044998688439796,6.5715982743834656e-06
2627.0,0.30650158915787723,3.9999999999999996,0.16043038148968652,6.5561621328769005e-06
2628.0,0.3064916077661008,3.999999999999999,0.16041079743689124,6.540493802443446e-06
2629.0,0.3064816370365222,4.0,0.16039123524390703,6.5245960201126305e-06
2630.0,0.3064716772601562,4.0,0.16037169542363008,6.508471520884181e-06
2631.0,0.30646172872492905,4.0,0.16035217848396568,6.492123037829005e-06
2632.0,0.30645179171568904,3.999999999999999,0.1603326849278334,6.475553303033682e-06
2633.0,0.30644186651421557,4.0,0.16031321525317718,6.45876504619586e-06
2634.0,0.30643195339923024,3.9999999999999996,0.16029376995297231,6.441760995080968e-06
2635.0,0.30642205264640615,4.000000000000001,0.16027434951523253,6.424543876466482e-06
2636.0,0.30641216452837927,4.000000000000001,0.16025495442302146,6.407116413821461e-06
2637.0,0.30640228931475866,3.999999999999999,0.16023558515445765,6.389481330054608e-06
2638.0,0.30639242727213706,4.0,0.16021624218272654,6.371641345012679e-06
2639.0,0.30638257866410323,3.999999999999999,0.16019692597608834,6.3535991768684815e-06
2640.0,0.3063727437512515,3.999999999999999,0.16017763699788604,6.335357542310478e-06
2641.0,0.30636292279119437,4.000000000000001,0.16015837570655822,6.316919155243926e-06
2642.0,0.306353116038574,4.0,0.1601391425556456,6.298286727973504e-06
2643.0,0.306343323745073,4.0,0.1601199379938019,6.279462970849558e-06
2644.0,0.3063335461594273,3.999999999999999,0.16010076246480578,6.260450591518752e-06
2645.0,0.30632378352743733,3.999999999999999,0.16008161640756696,6.2412522968606215e-06
2646.0,0.3063140360919806,4.0,0.16006250025614074,6.221870790751331e-06
2647.0,0.3063043040930239,3.9999999999999996,0.16004341443973616,6.202308775408546e-06
2648.0,0.30629458776763485,3.9999999999999996,0.160024359382726,6.182568951532208e-06
2649.0,0.3062848873499952,4.000000000000002,0.16000533550466045,6.162654017120957e-06
2650.0,0.3062752030714132,4.000000000000001,0.15998634322027416,6.142566669007154e-06
2651.0,0.30626553516033533,4.0,0.15996738293949944,6.122309602246706e-06
2652.0,0.30625588384235986,3.999999999999999,0.1599484550674776,6.1018855094528185e-06
2653.0,0.30624624934024874,4.000000000000001,0.15992956000456737,6.081297082479719e-06
2654.0,0.3062366318739417,4.0,0.15991069814635958,6.060547010618913e-06
2655.0,0.30622703166056714,4.000000000000001,0.15989186988368514,6.039637982159064e-06
2656.0,0.3062174489144569,3.9999999999999996,0.15987307560262806,6.018572683840445e-06
2657.0,0.30620788384715775,3.9999999999999982,0.15985431568453687,5.997353800577765e-06
2658.0,0.306198336667445,4.000000000000001,0.15983559050603469,5.975984016222566e-06
2659.0,0.30618880758133565,3.999999999999999,0.15981690043903163,5.954466013076639e-06
2660.0,0.30617929679210093,3.9999999999999987,0.1597982458507358,5.932802472388736e-06
2661.0,0.3061698045002792,4.000000000000001,0.1597796271036651,5.910996074194219e-06
2662.0,0.30616033090369,4.0,0.15976104455565746,5.889049497472567e-06
2663.0,0.3061508761974456,4.000000000000001,0.15974249855988434,5.866965419912207e-06
2664.0,0.30614144057396525,4.0,0.15972398946485997,5.8447465186078026e-06
2665.0,0.3061320242229876,4.0,0.15970551761445417,5.8223954695973e-06
2666.0,0.3061226273315839,4.0,0.15968708334790327,5.79991494846264e-06
2667.0,0.3061132500841709,3.9999999999999996,0.15966868699982148,5.777307629988463e-06
2668.0,0.306103892662524,3.999999999999999,0.1596503289002125,5.754576188094982e-06
2669.0,0.3060945552457899,4.0,0.15963200937448047,5.731723296775176e-06
2670.0,0.3060852380104999,3.9999999999999996,0.15961372874344187,5.708751629154444e-06
2671.0,0.30607594113058273,3.9999999999999996,0.159595487323336,5.685663858436621e-06
2672.0,0.306066664777377,3.999999999999999,0.1595772854258364,5.66246265772408e-06
2673.0,0.3060574091196442,4.0,0.15955912335806333,5.639150699551231e-06
2674.0,0.3060481743235818,4.000000000000001,0.15954100142259223,5.615730656978618e-06
2675.0,0.30603896055283575,3.999999999999999,0.1595229199174673,5.592205202904111e-06
2676.0,0.30602976796851245,4.0,0.15950487913621172,5.568577010436586e-06
2677.0,0.3060205967291924,4.0,0.15948687936783695,5.544848753415312e-06
2678.0,0.306011446990942,4.0,0.15946892089685644,5.521023105752104e-06
2679.0,0.3060023189073264,4.0,0.15945100400329426,5.497102741735114e-06
2680.0,0.30599321262942114,4.0,0.15943312896269624,5.4730903367767214e-06
2681.0,0.3059841283058255,4.000000000000001,0.1594152960461414,5.448988566563447e-06
2682.0,0.3059750660826739,3.9999999999999987,0.15939750552025125,5.4248001079165115e-06
2683.0,0.30596602610364787,3.9999999999999982,0.15937975764720105,5.4005276386074165e-06
2684.0,0.30595700850998886,4.000000000000001,0.15936205268473036,5.376173837152627e-06
2685.0,0.30594801344050987,4.000000000000001,0.15934439088615188,5.351741383512477e-06
2686.0,0.30593904103160674,4.000000000000001,0.1593267725003636,5.327232958586362e-06
2687.0,0.3059300914172708,3.999999999999999,0.1593091977718574,5.302651244708168e-06
2688.0,0.30592116472909936,4.0,0.15929166694072894,5.277998926001257e-06
2689.0,0.3059122610963083,4.0,0.15927418024268922,5.2532786872146666e-06
2690.0,0.30590338064574335,3.9999999999999996,0.15925673790907152,5.228493215797209e-06
2691.0,0.3058945235018905,4.0,0.15923934016684377,5.203645200014036e-06
2692.0,0.30588568978688846,3.9999999999999982,0.15922198723861683,5.178737329964449e-06
2693.0,0.30587687962053844,4.0,0.15920467934265298,5.153772298305547e-06
2694.0,0.30586809312031665,4.0,0.15918741669287736,5.12875279869669e-06
2695.0,0.3058593304013838,3.999999999999999,0.15917019949888533,5.103681527377364e-06
2696.0,0.3058505915765962,4.0,0.15915302796595213,5.078561182617449e-06
2697.0,0.30584187675651714,3.9999999999999982,0.159135902295043,5.053394464286832e-06
2698.0,0.3058331860494259,4.0,0.15911882268281888,5.028184075471843e-06
2699.0,0.3058245195613299,4.000000000000001,0.1591017893216496,5.002932720369168e-06
2700.0,0.3058158773959733,4.0,0.15908480239961817,4.977643106243568e-06
2701.0,0.30580725965484823,3.9999999999999996,0.1590678621005319,4.9523179425894495e-06
2702.0,0.30579866643720377,4.0,0.1590509686039309,4.926959940875284e-06
2703.0,0.3057900978400571,4.0,0.1590341220850937,4.901571815742088e-06
2704.0,0.3057815539582017,4.0,0.1590173227150487,4.876156283806144e-06
2705.0,0.30577303488421853,3.999999999999999,0.1590005706605809,4.85071606402201e-06
2706.0,0.3057645407084837,3.9999999999999996,0.1589838660842379,4.825253878615886e-06
2707.0,0.3057560715191794,3.999999999999999,0.1589672091443414,4.7997724517272255e-06
2708.0,0.30574762740230194,3.9999999999999996,0.1589505999949926,4.774274509919735e-06
2709.0,0.3057392084416716,4.0,0.15893403878607854,4.748762783329062e-06
2710.0,0.30573081471894065,3.999999999999999,0.1589175256632839,4.723240003373886e-06
2711.0,0.3057224463136029,3.999999999999999,0.158901060768094,4.697708904750372e-06
2712.0,0.30571410330300186,4.0,0.1588846442378031,4.672172225024375e-06
2713.0,0.3057057857623396,3.9999999999999996,0.15886827620552504,4.646632702924203e-06
2714.0,0.30569749376468447,4.0,0.15885195680019434,4.621093081246155e-06
2715.0,0.3056892273809799,4.0,0.15883568614657878,4.595556103984402e-06
2716.0,0.3056809866800523,3.999999999999999,0.15881946436528316,4.570024517990241e-06
2717.0,0.3056727717286187,4.0,0.15880329157275586,4.544501072814831e-06
2718.0,0.3056645825912949,4.0,0.1587871678812983,4.518988519356864e-06
2719.0,0.30565641933060317,4.0,0.15877109339906828,4.4934896113419836e-06
2720.0,0.30564828200697924,4.0,0.15875506823008875,4.4680071042634e-06
2721.0,0.30564017067878024,3.9999999999999996,0.15873909247425388,4.442543755457276e-06
2722.0,0.30563208540229164,4.0,0.15872316622733426,4.4171023242946285e-06
2723.0,0.30562402623173446,4.0,0.15870728958098404,4.391685572023738e-06
2724.0,0.30561599321927224,4.0,0.1586914626227484,4.366296260697556e-06
2725.0,0.30560798641501796,3.9999999999999996,0.15867568543606683,4.340937154583569e-06
2726.0,0.3056000058670406,4.0,0.15865995810028247,4.315611018634582e-06
2727.0,0.3055920516213717,4.0,0.15864428069064532,4.290320619215307e-06
2728.0,0.305584123722012,4.000000000000002,0.1586286532783199,4.265068723505309e-06
2729.0,0.3055762222109378,4.000000000000002,0.1586130759303919,4.239858098730048e-06
2730.0,0.3055683471281069,3.9999999999999996,0.15859754870987064,4.214691513526e-06
2731.0,0.30556049851146466,3.999999999999999,0.1585820716757001,4.1895717356142236e-06
2732.0,0.3055526763969504,3.999999999999999,0.15856664488275987,4.164501533316095e-06
2733.0,0.3055448808185027,4.0,0.15855126838187347,4.13948367472169e-06
2734.0,0.3055371118080658,4.0,0.15853594221981473,4.1145209265435496e-06
2735.0,0.30552936939559433,3.999999999999999,0.15852066643931106,4.089616055281867e-06
2736.0,0.30552165360905914,4.000000000000001,0.1585054410790515,4.064771825676944e-06
2737.0,0.3055139644744533,4.0,0.15849026617369183,4.039991000712684e-06
2738.0,0.3055063020157964,4.0,0.15847514175385874,4.015276342089301e-06
2739.0,0.3054986662551405,3.999999999999999,0.15846006784615876,3.990630608236458e-06
2740.0,0.30549105721257425,3.9999999999999987,0.1584450444731805,3.966056555608361e-06
2741.0,0.3054834749062289,3.999999999999999,0.15843007165350306,3.9415569365930045e-06
2742.0,0.3054759193522827,3.9999999999999982,0.15841514940170004,3.917134500525969e-06
2743.0,0.30546839056496505,4.0,0.15840027772834683,3.892791992410042e-06
2744.0,0.3054608885565625,4.0,0.15838545664002518,3.868532152396023e-06
2745.0,0.305453413337422,4.0,0.15837068613932956,3.844357715967779e-06
2746.0,0.305445964915956,4.0,0.15835596622487336,3.820271412389459e-06
2747.0,0.30543854329864684,4.0,0.1583412968912945,3.796275964989557e-06
2748.0,0.30543114849005104,4.0,0.15832667812926127,3.772374090302453e-06
2749.0,0.3054237804928034,3.999999999999999,0.1583121099254796,3.748568497011462e-06
2750.0,0.30541643930762097,3.999999999999999,0.1582975922626964,3.724861886474118e-06
2751.0,0.3054091249333076,4.000000000000002,0.1582831251197101,3.701256950388311e-06
2752.0,0.3054018373667581,3.999999999999999,0.15826870847137298,3.677756371447499e-06
2753.0,0.305394576602961,3.999999999999999,0.1582543422885987,3.6543628225522127e-06
2754.0,0.3053873426350039,3.9999999999999996,0.15824002653837185,3.6310789646307547e-06
2755.0,0.3053801354540764,3.9999999999999996,0.15822576118374873,3.607907448083854e-06
2756.0,0.30537295504947404,3.999999999999999,0.15821154618386887,3.5848509103931637e-06
2757.0,0.30536580140860203,3.9999999999999996,0.1581973814939619,3.561911975064087e-06
2758.0,0.3053586745169794,3.999999999999999,0.15818326706534883,3.53909325279551e-06
2759.0,0.3053515743582415,3.9999999999999996,0.15816920284545777,3.516397337868137e-06
2760.0,0.3053445009141449,4.0,0.1581551887778238,3.4938268095432175e-06
2761.0,0.3053374541645698,4.0,0.15814122480209947,3.4713842298437513e-06
2762.0,0.30533043408752447,4.0,0.15812731085406384,3.449072142457969e-06
2763.0,0.3053234406591482,4.0,0.158113446865626,3.4268930729075857e-06
2764.0,0.3053164738537144,4.000000000000001,0.15809963276483718,3.404849526378897e-06
2765.0,0.30530953364363556,3.999999999999999,0.15808586847589676,3.3829439868004067e-06
2766.0,0.3053026199994644,3.999999999999999,0.1580721539191591,3.3611789167805623e-06
2767.0,0.3052957328898993,4.000000000000001,0.15805848901114627,3.3395567549491515e-06
2768.0,0.3052888722817868,4.000000000000001,0.15804487366455186,3.3180799158063056e-06
2769.0,0.3052820381401251,4.000000000000001,0.15803130778825245,3.296750788359513e-06
2770.0,0.3052752304280675,4.0,0.15801779128731722,3.275571734673731e-06
2771.0,0.3052684491069254,4.000000000000001,0.15800432406301437,3.2545450893084796e-06
2772.0,0.3052616941361728,3.9999999999999996,0.15799090601282428,3.233673156762862e-06
2773.0,0.3052549654734486,4.0,0.1579775370304457,3.212958211824558e-06
2774.0,0.3052482630745607,4.0,0.15796421700580862,3.192402496551561e-06
2775.0,0.3052415868934891,4.0,0.15795094582508276,3.1720082201154337e-06
2776.0,0.30523493688238995,4.0,0.15793772337068807,3.1517775573847247e-06
2777.0,0.30522831299159825,3.999999999999999,0.1579245495213073,3.131712646766578e-06
2778.0,0.30522171516963226,3.9999999999999996,0.15791142415189405,3.1118155896424704e-06
2779.0,0.30521514336319666,4.0,0.15789834713368678,3.092088448278441e-06
2780.0,0.3052085975171864,4.0,0.15788531833421948,3.0725332445594743e-06
2781.0,0.30520207757469026,3.9999999999999987,0.15787233761733185,3.0531519591622125e-06
2782.0,0.3051955834769944,4.0,0.15785940484318522,3.0339465288583164e-06
2783.0,0.30518911516358715,4.0,0.1578465198682709,3.0149188460155393e-06
2784.0,0.30518267257216175,3.999999999999999,0.1578336825454257,2.996070756729938e-06
2785.0,0.3051762556386209,4.0,0.15782089272384497,2.9774040588722404e-06
2786.0,0.3051698642970808,3.9999999999999996,0.15780815024909348,2.958920501790622e-06
2787.0,0.3051634984798751,4.0,0.15779545496312297,2.9406217833593785e-06
2788.0,0.3051571581175593,3.9999999999999996,0.15778280670428324,2.9225095491763686e-06
2789.0,0.30515084313891466,4.000000000000001,0.15777020530733768,2.904585391317734e-06
2790.0,0.3051445534709535,3.9999999999999996,0.15775765060347946,2.8868508456226545e-06
2791.0,0.30513828903892215,4.0,0.157745142420343,2.8693073918175905e-06
2792.0,0.30513204976630715,3.999999999999999,0.1577326805820249,2.851956450229777e-06
2793.0,0.3051258355748389,3.9999999999999982,0.15772026490909433,2.8347993819910804e-06
2794.0,0.3051196463844966,3.9999999999999996,0.1577078952186129,2.817837486450085e-06
2795.0,0.3051134821135141,4.0,0.15769557132415143,2.8010719997115254e-06
2796.0,0.3051073426783834,4.0,0.15768329303580325,2.784504093796868e-06
2797.0,0.30510122799386097,4.0,0.15767106016020732,2.76813487459428e-06
2798.0,0.305095137972973,3.999999999999999,0.15765887250056132,2.7519653808465843e-06
2799.0,0.3050890725270198,4.000000000000001,0.15764672985664172,2.7359965831957317e-06
2800.0,0.30508303156558286,4.0,0.15763463202482397,2.720229381546627e-06
2801.0,0.30507701499652934,4.0,0.15762257879809807,2.704664605297754e-06
2802.0,0.3050710227260187,4.000000000000002,0.15761056996609213,2.689303010757775e-06
2803.0,0.3050650546585083,4.000000000000001,0.15759860531508912,2.67414528103864e-06
2804.0,0.30505911069675984,3.999999999999999,0.1575866846280485,2.6591920247685335e-06
2805.0,0.30505319074184534,4.0,0.15757480768462795,2.6444437742980834e-06
2806.0,0.3050472946931539,3.9999999999999996,0.15756297426120264,2.629900985394807e-06
2807.0,0.3050414224483985,4.0,0.15755118413088887,2.61556403562938e-06
2808.0,0.3050355739036227,3.999999999999999,0.1575394370635646,2.601433224576493e-06
2809.0,0.3050297489532071,4.0,0.15752773282589327,2.5875087721696783e-06
2810.0,0.30502394748987804,3.9999999999999996,0.1575160711813465,2.573790817920532e-06
2811.0,0.30501816940471316,3.999999999999999,0.15750445189022705,2.560279420628751e-06
2812.0,0.30501241458715006,4.000000000000001,0.15749287470969356,2.5469745579373676e-06
2813.0,0.3050066829249941,4.0,0.1574813393937845,2.5338761254656882e-06
2814.0,0.30500097430442596,3.9999999999999987,0.1574698456934435,2.5209839368368226e-06
2815.0,0.3049952886100097,4.0,0.15745839335654413,2.5082977231136524e-06
2816.0,0.30498962572470173,4.0,0.15744698212791655,2.4958171325738265e-06
2817.0,0.30498398552985895,3.9999999999999996,0.15743561174937284,2.4835417308267677e-06
2818.0,0.30497836790524746,4.0,0.1574242819597349,2.471471000820682e-06
2819.0,0.3049727727290519,3.9999999999999996,0.1574129924948609,2.459604342934022e-06
2820.0,0.30496719987788434,4.0,0.15740174308767302,2.4479410750903635e-06
2821.0,0.30496164922679425,3.9999999999999996,0.15739053346818704,2.436480433291953e-06
2822.0,0.30495612064927735,3.999999999999999,0.15737936336353858,2.4252215719573396e-06
2823.0,0.30495061401728585,3.999999999999999,0.157368232498015,2.4141635647030116e-06
2824.0,0.30494512920123923,4.0,0.1573571405930836,2.403305404440877e-06
2825.0,0.30493966607003375,3.999999999999999,0.15734608736742087,2.3926460048757687e-06
2826.0,0.30493422449105306,3.999999999999999,0.15733507253694648,2.3821842010185953e-06
2827.0,0.30492880433017955,3.9999999999999987,0.15732409581485055,2.3719187503040558e-06
2828.0,0.30492340545180496,3.999999999999999,0.15731315691162728,2.3618483337737158e-06
2829.0,0.3049180277188422,4.0,0.15730225553510846,2.3519715571576355e-06
2830.0,0.3049126709927362,3.999999999999999,0.1572913913904915,2.3422869523153437e-06
2831.0,0.30490733513347623,4.0,0.15728056418037864,2.332792978951466e-06
2832.0,0.3049020199996079,4.0,0.1572697736048052,2.3234880253692474e-06
2833.0,0.3048967254482453,3.9999999999999996,0.15725901936127631,2.3143704114971755e-06
2834.0,0.3048914513350835,4.0,0.15724830114480207,2.305438389254478e-06
2835.0,0.3048861975144116,4.0,0.15723761864792937,2.2966901453349335e-06
2836.0,0.3048809638391257,4.0,0.15722697156078153,2.2881238027823166e-06
2837.0,0.3048757501607421,4.0,0.1572163595710911,2.279737423220459e-06
2838.0,0.3048705563294112,4.000000000000001,0.15720578236423705,2.2715290089731404e-06
2839.0,0.30486538219393083,4.0,0.15719523962328344,2.2634965050489394e-06
2840.0,0.304860227601761,3.9999999999999996,0.15718473102901406,2.2556378021735128e-06
2841.0,0.3048550923990374,4.0,0.15717425625997217,2.247950738146886e-06
2842.0,0.30484997643058737,3.999999999999999,0.15716381499249849,2.240433101202713e-06
2843.0,0.3048448795399431,4.0,0.1571534069007687,2.233082631989878e-06
2844.0,0.30483980156935847,3.999999999999999,0.1571430316568353,2.2258970260988993e-06
2845.0,0.3048347423598231,3.9999999999999996,0.15713268893066384,2.2188739377046686e-06
2846.0,0.3048297017510788,4.0,0.1571223783901763,2.212010980947131e-06
2847.0,0.3048246795816356,4.000000000000002,0.15711209970128923,2.205305733144888e-06
2848.0,0.3048196756887878,4.000000000000001,0.15710185252795578,2.1987557378486185e-06
2849.0,0.3048146899086299,3.9999999999999996,0.15709163653220792,2.192358507403915e-06
2850.0,0.30480972207607415,4.000000000000001,0.15708145137419544,2.1861115261379145e-06
2851.0,0.30480477202486755,4.0,0.15707129671223255,2.18001225249177e-06
2852.0,0.3047998395876085,4.000000000000001,0.15706117220283553,2.174058122376278e-06
2853.0,0.3047949245957651,3.999999999999999,0.1570510775007707,2.1682465520603203e-06
2854.0,0.30479002687969226,4.0,0.15704101225909395,2.1625749412557594e-06
2855.0,0.30478514626865044,4.0,0.15703097612919667,2.157040675499976e-06
2856.0,0.30478028259082357,4.0,0.15702096876085062,2.1516411292941994e-06
2857.0,0.304775435673338,4.0,0.1570109898022494,2.146373668826192e-06
2858.0,0.3047706053422808,3.9999999999999996,0.157001038900058,2.1412356553919266e-06
2859.0,0.3047657914227195,4.0,0.15699111569945406,2.136224447388874e-06
2860.0,0.3047609937387212,4.000000000000001,0.15698121984417623,2.131337403812709e-06
2861.0,0.3047562121133724,3.999999999999999,0.1569713509765686,2.1265718865650645e-06
2862.0,0.30475144636879836,3.999999999999999,0.1569615087376294,2.1219252636746315e-06
2863.0,0.3047466963261839,3.9999999999999996,0.15695169276705462,2.1173949112565812e-06
2864.0,0.3047419618057936,4.0,0.15694190270328792,2.1129782168997956e-06
2865.0,0.3047372426269922,4.0,0.15693213818356713,2.1086725819615075e-06
2866.0,0.3047325386082655,4.0,0.15692239884396986,2.104475424245536e-06
2867.0,0.30472784956724214,4.000000000000001,0.15691268431946773,2.100384180295984e-06
2868.0,0.304723175320714,4.000000000000001,0.15690299424396478,2.096396307756753e-06
2869.0,0.3047185156846587,4.000000000000001,0.1568933282503572,2.0925092880409393e-06
2870.0,0.30471387047426063,4.0,0.15688368597057423,2.0887206286529102e-06
2871.0,0.3047092395039337,4.000000000000001,0.15687406703562864,2.0850278653773253e-06
2872.0,0.3047046225873434,4.0,0.15686447107567206,2.0814285643540606e-06
2873.0,0.30470001953742926,3.999999999999999,0.1568548977200341,2.0779203238916468e-06
2874.0,0.3046954301664274,4.0,0.15684534659728377,2.074500777137898e-06
2875.0,0.3046908542858942,3.9999999999999987,0.1568358173352707,2.0711675933659087e-06
2876.0,0.3046862917067287,4.0,0.15682630956117932,2.0679184807047105e-06
2877.0,0.30468174223919653,3.9999999999999996,0.15681682290158114,2.0647511873469534e-06
2878.0,0.30467720569295315,4.0,0.15680735698247944,2.0616635030847926e-06
2879.0,0.30467268187706786,4.0,0.156797911429369,2.0586532610326007e-06
2880.0,0.3046681706000478,4.000000000000001,0.156788485867278,2.0557183397261404e-06
2881.0,0.30466367166986225,4.0,0.15677907992082565,2.0528566642748743e-06
2882.0,0.3046591848939664,4.000000000000001,0.156769693214273,2.050066208058469e-06
2883.0,0.30465471007932676,4.0,0.15676032537156864,2.0473449927098352e-06
2884.0,0.30465024703244553,4.0,0.15675097601641125,2.044691091036012e-06
2885.0,0.3046457955593853,4.0,0.15674164477228852,2.0421026271096342e-06
2886.0,0.3046413554657947,4.0,0.1567323312625412,2.039577778328048e-06
2887.0,0.3046369265569331,3.999999999999999,0.1567230351104057,2.0371147751590722e-06
2888.0,0.3046325086376961,4.0,0.15671375593907144,2.0347119029063383e-06
2889.0,0.30462810151264175,3.9999999999999996,0.15670449337173312,2.032367502211995e-06
2890.0,0.3046237049860155,3.999999999999999,0.15669524703163776,2.0300799697615533e-06
2891.0,0.3046193188617763,4.0,0.15668601654214576,2.0278477593697807e-06
2892.0,0.30461494162657016,4.0,0.15669731456061825,0.0004635351777788026
2893.0,0.3046099887113173,3.9999999999999987,0.15679737589696946,0.0021228471925034773
2894.0,0.3046014740254878,4.000000000000001,0.1569065330187591,0.0017539675310907174
2895.0,0.3045901305281912,3.9999999999999996,0.15716245087271638,0.0019681941241565257
2896.0,0.30455117056132364,3.9999999999999987,0.1587683525852691,0.014129941333954179
2897.0,0.3043001596619894,4.0,0.16039757138566452,0.014973575544787461
2898.0,0.3040686332544638,4.0,0.16084400797207254,0.0022162219768569248
2899.0,0.30408418389292563,3.9999999999999987,0.16144193434636314,0.010216687374948208
2900.0,0.3041578936186533,4.0,0.16174829209564448,0.017285996236330155
2901.0,0.30404254771666983,3.999999999999999,0.16144825179406042,0.017104792189721517
2902.0,0.30377526114414954,3.9999999999999987,0.16063712062544463,0.01115260793342208
2903.0,0.3035400258405082,4.0,0.15963348255739057,0.0022279435621076153
2904.0,0.30343497851552326,3.999999999999999,0.15873424991627108,0.006513932751958077
2905.0,0.30338979150462414,4.0,0.15808576388780762,0.01208370819648285
2906.0,0.30328447334207365,4.0,0.1576905755656583,0.012981642035920378
2907.0,0.303105147682973,4.0,0.15751613839182382,0.009577171476416287
2908.0,0.3029325174202392,4.0,0.15754950739054654,0.003492429541661459
2909.0,0.30283182081571514,3.999999999999999,0.15771328038072302,0.003125523975392502
2910.0,0.302785203931656,3.9999999999999996,0.15783955672681343,0.00812735673973615
2911.0,0.30272446445662526,4.0,0.15775017697560567,0.010103996786374525
2912.0,0.3026152514009842,4.0,0.157384396841307,0.00879776169412191
2913.0,0.3024866282873028,4.0,0.15682536985006704,0.004998821353782076
2914.0,0.30238732913955985,4.0,0.15622154643286937,0.00016424255361095514
2915.0,0.3023332207628881,3.9999999999999996,0.15570773215718559,0.0042970019600937276
2916.0,0.30229880989953073,3.9999999999999996,0.15535282024593927,0.006919126748071363
2917.0,0.3022535231917325,4.000000000000001,0.15518010744172672,0.007151296180514329
2918.0,0.3021956183094414,4.0,0.1551852779499386,0.005190752128146567
2919.0,0.3021470473781252,4.0,0.15533353248236914,0.001858798617121813
2920.0,0.3021241304842973,4.0,0.15554570103457394,0.001721048602553056
2921.0,0.30211961380291064,3.9999999999999996,0.1557124003405069,0.004445703560876398
2922.0,0.3021126417184152,3.999999999999999,0.15574935841444068,0.005587529018438714
2923.0,0.3020918407470895,3.9999999999999996,0.15563165429118656,0.004970870468138517
2924.0,0.3020646938441862,3.9999999999999996,0.1554008553963442,0.002962313578344247
2925.0,0.30204621886004684,3.9999999999999996,0.1551293951573795,0.00029647967494578556
2926.0,0.30204275806821634,3.9999999999999987,0.15488977236885718,0.00218165227576394
2927.0,0.3020479022281407,4.0,0.15473643511845012,0.00374870254673102
2928.0,0.3020521587873829,3.999999999999999,0.15469860294393217,0.004036122697182511
2929.0,0.30205347517025294,4.0,0.15477872224695483,0.0030912267035349177
2930.0,0.30205734834654907,3.999999999999999,0.1549443715171101,0.0013195115304513551
2931.0,0.3020686374276311,4.000000000000001,0.1551402943903229,0.0006749526720110131
2932.0,0.3020853861511397,3.9999999999999996,0.1553045118006669,0.0022752346120383437
2933.0,0.30210093378046077,3.999999999999999,0.1553932257388924,0.0030499157781319368
2934.0,0.3021108445617813,4.0,0.1553919392196851,0.002851555684297846
2935.0,0.3021167003594516,3.9999999999999996,0.15531520832905715,0.0018362766981392734
2936.0,0.30212342012933663,4.0,0.15519902977358127,0.0003857847141440292
2937.0,0.30213399562682797,3.9999999999999996,0.15508645116154557,0.0010317866680268956
2938.0,0.3021473411690129,3.9999999999999996,0.15501811663945,0.0019986935274945166
2939.0,0.30216064235577855,3.9999999999999996,0.15501723655762562,0.0022755668793910657
2940.0,0.30217277263056547,4.0,0.15508501434525693,0.0018501336120803152
2941.0,0.3021849594258714,3.9999999999999996,0.15520058387810856,0.0009193981183060635
2942.0,0.3021985882871404,4.0,0.1553320078529253,0.00019206191697618166
2943.0,0.30221310678388585,4.0,0.15544719540269372,0.0011350795837893174
2944.0,0.30222634229120854,4.0,0.15552118552096283,0.001648614004811995
2945.0,0.3022366174472061,4.0,0.1555426643383888,0.0016225962340176093
2946.0,0.3022442255423049,4.0,0.15551489757895387,0.001118625329380524
2947.0,0.30225086344806107,4.0,0.15545692533697733,0.00033320975738067055
2948.0,0.3022579269139921,3.9999999999999982,0.15539535681612293,0.0004734244004333574
2949.0,0.3022655223602667,4.0,0.15535581078597546,0.0010598696608026875
2950.0,0.3022729511538858,4.000000000000002,0.1553526496338898,0.0012743462846782697
2951.0,0.30227978660476573,4.000000000000001,0.15538651882463292,0.0010906268767585283
2952.0,0.3022862635632902,4.000000000000001,0.15544746320508554,0.0006029455274104628
2953.0,0.302292726146908,4.0,0.15551939984276322,1.4872111920903253e-05
2954.0,0.3022989561400528,4.0,0.15558509317261043,0.0005628893847918839
2955.0,0.3023042027865276,4.0,0.1556286083680141,0.0008882478026275933
2956.0,0.3023078485204004,4.000000000000001,0.15564117541251618,0.0009153530219886584
2957.0,0.3023099559660874,3.9999999999999996,0.1556235022687714,0.0006657066520119616
2958.0,0.3023111622880522,4.0,0.15558660030340726,0.000241244594148431
2959.0,0.3023121148484137,4.0,0.15554605111861747,0.00021466765022787082
2960.0,0.30231305722273066,4.0,0.15551600301973914,0.0005624335942622225
2961.0,0.30231389275391307,4.000000000000001,0.1555047404011778,0.0007096846378124084
2962.0,0.3023145071960425,3.9999999999999982,0.15551374889173528,0.0006322934930261398
2963.0,0.302314933974437,4.0,0.15553927508185986,0.00037575828960658076
2964.0,0.30231522340742334,4.0,0.15557293377123235,3.53211391031974e-05
2965.0,0.30231524861060954,4.0,0.1556043177277401,0.000281608314638748
2966.0,0.30231471883579963,3.999999999999999,0.15562330555685505,0.0004801311544092708
2967.0,0.3023134031530039,4.0,0.15562456389819918,0.0005137022185499482
2968.0,0.3023113267526664,4.000000000000001,0.1556087612753812,0.0003887783796679555
2969.0,0.30230874920946915,4.0,0.15558206600077523,0.00015860121118357447
2970.0,0.3023059710152035,4.0,0.1555526749019612,9.772904400048145e-05
2971.0,0.3023031678546425,3.9999999999999996,0.1555280682406956,0.0003003756637102485
2972.0,0.30230037756689543,4.0,0.1555133642296074,0.00039414227388754935
2973.0,0.30229758796439604,3.999999999999999,0.155510425732945,0.00036171187695430845
2974.0,0.3022947943067932,4.0,0.1555177838807903,0.00022532760046359152
2975.0,0.30229197366582694,4.0,0.15553049331978752,3.6430294516227156e-05
2976.0,0.3022890405196015,4.0,0.15554219769953917,0.00014393567071498112
2977.0,0.302285864637577,4.0,0.15554709559036198,0.00026145351856466146
2978.0,0.30228235259917835,4.0,0.15554246385943776,0.0002876014362228517
2979.0,0.30227851610177037,3.9999999999999982,0.15552867548596824,0.00022361145902135418
2980.0,0.30227446559554305,4.0,0.1555087580041486,9.773189101035838e-05
2981.0,0.30227034143543924,4.000000000000001,0.15548681969179884,4.6101330114911675e-05
2982.0,0.30226624728513235,4.000000000000002,0.15546718046746502,0.00016242198906694363
2983.0,0.3022622304753132,4.0,0.15545321549215546,0.00021915508566531684
2984.0,0.30225829972295915,4.000000000000001,0.15544637260426988,0.00020501277614246076
2985.0,0.30225444293106735,4.000000000000002,0.15544568616194082,0.0001312736372389499
2986.0,0.302250626975902,4.0,0.15544811667037792,2.6235973946225293e-05
2987.0,0.3022467946163277,3.999999999999998,0.15545005999636852,7.575317939717221e-05
2988.0,0.30224287944375294,3.999999999999999,0.15544847093822886,0.00014371626632229113
2989.0,0.30223883763650644,3.9999999999999996,0.15544188681915452,0.0001607410174713369
2990.0,0.3022346725518387,3.9999999999999996,0.15543025685946124,0.0001267562037922239
2991.0,0.30223043266424415,4.0,0.15541504421812774,5.716172088781134e-05
2992.0,0.3022261853304665,4.000000000000001,0.15539855118843046,2.3508327520769538e-05
2993.0,0.30222198765412034,4.000000000000001,0.15538350017230776,8.956336067169114e-05
2994.0,0.302217871370907,4.000000000000001,0.15537186907903286,0.00012250484388952765
2995.0,0.3022138434587261,3.999999999999999,0.15536439550777864,0.00011561039560303893
2996.0,0.3022098920550955,3.9999999999999996,0.15536030537368448,7.49327777738703e-05
2997.0,0.30220599079710986,4.000000000000001,0.15535796312422667,1.6225271416676787e-05
2998.0,0.30220210318152396,3.999999999999999,0.15535544498868303,4.119341545427998e-05
2999.0,0.3021981921915441,3.9999999999999996,0.1553511457874175,7.96485547678504e-05
3000.0,0.3021942342006467,4.000000000000001,0.1553440833269291,8.95371309067829e-05
3001.0,0.30219022920121674,3.999999999999999,0.15533414747773677,7.06941455911427e-05
3002.0,0.3021861998127259,4.000000000000001,0.15532216772954538,3.173043234346541e-05
3003.0,0.3021821795678262,3.999999999999999,0.15530958592900737,1.3722418261300613e-05
3004.0,0.30217819855118555,4.0,0.15529794749699494,5.070443574568423e-05
3005.0,0.3021742743328355,4.0,0.15528826035683196,6.913126733579764e-05
3006.0,0.30217041028000136,3.999999999999999,0.15528083994834385,6.514499057701873e-05
3007.0,0.30216659774571414,4.0,0.15527526615344528,4.218080455562529e-05
3008.0,0.3021628191587199,4.0,0.15527072940252018,9.231819900591503e-06
3009.0,0.3021590518631693,4.0,0.1552661394261894,2.30130038885683e-05
3010.0,0.3021552743369674,4.000000000000001,0.15526055058463908,4.434994685956896e-05
3011.0,0.3021514734006251,4.0,0.15525332082008547,4.955522082320648e-05
3012.0,0.3021476488619214,4.0,0.15524448425353013,3.8634577528226424e-05
3013.0,0.3021438122203315,4.0,0.15523454461682182,1.6597356712759967e-05
3014.0,0.3021399806082944,4.0,0.1552243776235161,9.178990987961067e-06
3015.0,0.3021361695753688,4.000000000000001,0.15521472106038292,2.961411222562907e-05
3016.0,0.30213238851451446,3.999999999999999,0.15520615267041626,3.953909048144743e-05
3017.0,0.302128639049133,4.000000000000002,0.15519879996322888,3.683897502209654e-05
3018.0,0.3021249156237567,4.0,0.1551925397306476,2.3599501456402327e-05
3019.0,0.3021212070732436,3.999999999999999,0.15518681638603574,5.089852287795256e-06
3020.0,0.3021174997330617,4.0,0.15518104579171277,1.3109026930909906e-05
3021.0,0.3021137814235372,4.000000000000001,0.15517458767920847,2.4682119180737767e-05
3022.0,0.30211004541227837,4.0,0.15516724009135072,2.710169445198431e-05
3023.0,0.30210629194443694,4.0,0.15515897211659702,2.0524321439377952e-05
3024.0,0.30210252724344816,4.000000000000001,0.155150191512933,7.960251418389219e-06
3025.0,0.3020987602266026,4.0,0.15514121319763563,6.790822087110972e-06
3026.0,0.3020949993209252,3.999999999999999,0.15513258467590788,1.7925134470103355e-05
3027.0,0.3020912496862296,4.0,0.1551244788391815,2.303897739320179e-05
3028.0,0.3020875122060791,4.0,0.15511717020078103,2.1041392795210648e-05
3029.0,0.3020837831883736,3.999999999999999,0.15511033861079448,1.3267411404805817e-05
3030.0,0.3020800559700607,4.0,0.15510388315621962,3.001783524445963e-06
3031.0,0.3020763226614245,4.0,0.15509718605923256,7.5360418074825175e-06
3032.0,0.3020725770044078,4.000000000000001,0.15509026484671276,1.3619238342537687e-05
3033.0,0.3020688155560347,3.999999999999999,0.15508264275069827,1.452827499930969e-05
3034.0,0.30206503894324965,3.9999999999999996,0.15507475974763657,1.0460123180312658e-05
3035.0,0.30206125043912757,4.0,0.15506628085257543,3.5059788288535774e-06
3036.0,0.30205745538947126,3.999999999999999,0.15505803940441945,5.390452699088448e-06
3037.0,0.3020536582380441,4.0,0.15504958638652525,1.1326048697116668e-05
3038.0,0.30204986230583436,4.0,0.15504195331357373,1.3782720655653919e-05
3039.0,0.30204606735954537,3.9999999999999996,0.15503413966016413,1.229913150884967e-05
3040.0,0.3020422717444255,4.000000000000001,0.15502730545901855,7.728629513597413e-06
3041.0,0.30203847088539126,4.000000000000001,0.1550197299162337,2.725990824178995e-06
3042.0,0.30203466149263786,3.999999999999999,0.1550131240500161,4.686580567056791e-06
3043.0,0.3020308391519003,4.0,0.15500499945862345,7.750383102227125e-06
3044.0,0.3020270036673932,4.0,0.1549981781147947,7.977892939257463e-06
3045.0,0.3020231538503842,4.000000000000002,0.15498906484297403,6.157796057664383e-06
3046.0,0.302019294049336,3.999999999999999,0.154982272381424,4.5420441397643685e-06
3047.0,0.30201542463408326,3.9999999999999996,0.15497230351986493,7.060799003105745e-06
3048.0,0.3020115516538927,4.0,0.1549664185553592,1.00260861107971e-05
3049.0,0.30200767241970583,4.0,0.15495570216462468,1.225601772777927e-05
3050.0,0.3020037923075265,3.999999999999999,0.1549515681774466,1.3200041230504548e-05
3051.0,0.3019999032096482,4.000000000000001,0.154939432678467,1.5024922456812928e-05
3052.0,0.30199601170235674,4.000000000000002,0.15493776853586008,1.8115136833684484e-05
3053.0,0.3019921043949877,4.0,0.15492265812887554,2.3645254628256415e-05
3054.0,0.30198819392292825,4.000000000000002,0.15492465972551836,3.0326239468412846e-05
3055.0,0.30198426117996446,3.9999999999999987,0.15490414610034925,3.950632949460153e-05
3056.0,0.3019803307246144,4.000000000000002,0.15491245158644118,5.093992757865718e-05
3057.0,0.30197637297596625,4.0,0.154882913400504,6.681078977545405e-05
3058.0,0.30197243046273636,3.999999999999999,0.15490270665808537,8.72869311856463e-05
3059.0,0.301968451868292,4.0,0.15485787077619614,0.00011510653955435953
3060.0,0.30196450825927407,4.0,0.15489823799333088,0.0001514517072288515
3061.0,0.30196050877773634,4.0,0.15482641908397451,0.00020061789452689117
3062.0,0.30195657567312084,4.000000000000001,0.15490330433272367,0.00026578145573671023
3063.0,0.30195255021248857,4.0,0.15478296884122067,0.00035381769385522965
3064.0,0.30194865017317896,4.0,0.15492500725122543,0.00047117835306293386
3065.0,0.3019446005994354,4.0,0.15471729198429066,0.0006288987407552628
3066.0,0.30194079728774725,3.9999999999999996,0.15497585864702645,0.0008380658128888143
3067.0,0.3019367642861566,3.999999999999999,0.15461341425083636,0.0011136280388423627
3068.0,0.3019332167722656,3.999999999999999,0.1550743278972588,0.0014661008122444003
3069.0,0.3019293169659383,4.0,0.15445585968736825,0.0018970533571460574
3070.0,0.30192623962513676,4.0,0.15522475180854842,0.002374253696995794
3071.0,0.30192239490710737,4.0,0.15427661126324765,0.0028059176240122995
3072.0,0.3019192083498602,4.000000000000002,0.15532653863267284,0.003013453747077022
3073.0,0.30191420669961155,4.0,0.15426496311841545,0.0027804710760126737
3074.0,0.3019094499805761,4.0,0.15512204186319645,0.001991093054449527
3075.0,0.301904101246524,4.000000000000001,0.15460920660308067,0.0007765059352800479
3076.0,0.3018999336704636,4.000000000000001,0.15464590871048292,0.0005287184466082383
3077.0,0.30189666100155693,4.000000000000001,0.155017871269005,0.0015569731345038767
3078.0,0.3018927226511098,4.000000000000001,0.15435751315643784,0.0020358529927481054
3079.0,0.30188873802379745,4.000000000000001,0.155052341183332,0.0018350106080001851
3080.0,0.30188365438546566,4.000000000000001,0.15452015693826648,0.001040531365260566
3081.0,0.301879295530654,4.000000000000001,0.1546933584106569,3.912981158564626e-05
3082.0,0.30187554765181424,4.000000000000001,0.1548738670968759,0.0009965889631123365
3083.0,0.30187153896546903,4.000000000000001,0.15441182678869855,0.0015035487611747185
3084.0,0.3018675821472905,4.0,0.15493266304734984,0.0014076913125595058
3085.0,0.3018628035782823,3.999999999999999,0.15452449727852888,0.0007883321266650185
3086.0,0.3018585221630398,4.0,0.1546456484047751,7.472936052219484e-05
3087.0,0.30185463147942193,3.9999999999999996,0.1548007311148333,0.0008221317810236449
3088.0,0.30185046588567727,4.0,0.15442960895828692,0.0011752733527225256
3089.0,0.3018463928436639,4.0,0.15482168324846943,0.001028288585397788
3090.0,0.3018418036211624,3.9999999999999996,0.154537869587645,0.00048418119427387377
3091.0,0.30183757109210774,4.000000000000001,0.15458067677495324,0.0002020155861358223
3092.0,0.30183360183962055,4.0,0.1547433805644808,0.0007375660171040859
3093.0,0.3018293170867489,3.999999999999999,0.15443341655888426,0.000921980236075404
3094.0,0.30182515240937263,4.000000000000001,0.154721927027167,0.0007116900553196692
3095.0,0.301820697981138,4.0,0.1545418658480527,0.0002312316414959239
3096.0,0.30181646897352143,4.0,0.15452154197964643,0.0002969855318437557
3097.0,0.30181241978136586,3.999999999999999,0.15468555459029068,0.0006502252578715668
3098.0,0.30180806318302644,3.9999999999999987,0.1544311668644755,0.0007025229344761781
3099.0,0.3018038396221992,4.0,0.15463401299064897,0.00046023134501091195
3100.0,0.30179946809715374,4.000000000000002,0.15453201650023188,5.344317773840713e-05
3101.0,0.30179520918281205,4.0,0.1544722721139819,0.0003355604496538752
3102.0,0.30179107981902675,4.0,0.1546245051584276,0.0005476225819386465
3103.0,0.3017866907622796,4.0,0.15442271736883265,0.00051517007850546
3104.0,0.3017824298239822,3.999999999999999,0.15455774014078794,0.0002744163897136967
3105.0,0.30177809992555754,4.0,0.15450909787579695,5.386234775206051e-05
3106.0,0.3017738026015013,4.000000000000001,0.15443120547870132,0.00032812772546613833
3107.0,0.30176960528408175,3.9999999999999987,0.1545626798286248,0.0004411650847872753
3108.0,0.30176520606443913,3.999999999999999,0.15440752399279106,0.00036486859368482815
3109.0,0.30176091445568826,3.9999999999999996,0.1544921883532614,0.0001478483979338408
3110.0,0.3017565933657773,4.0,0.15447611589554464,0.00010651965937054627
3111.0,0.3017522585627517,3.999999999999999,0.15439485267809763,0.00029343180989596315
3112.0,0.30174800573859795,4.0,0.15450216736300834,0.00034351543529586003
3113.0,0.3017436035614822,4.0,0.15438521027423863,0.0002521761997048596
3114.0,0.30173928412874584,4.0,0.15443499976845762,6.883507351884669e-05
3115.0,0.3017349544845996,4.0,0.15443628041481552,0.0001229010746364264
3116.0,0.3017305905477934,3.9999999999999996,0.15436032884650866,0.00024766290535513445
3117.0,0.30172629487393604,4.0,0.15444444073135566,0.00026181652225276626
3118.0,0.30172189017033346,3.999999999999999,0.1543567967353473,0.00017264315560894852
3119.0,0.30171754479452484,3.999999999999999,0.1543839847289253,2.4254119354843177e-05
3120.0,0.3017131974388751,4.0,0.1543924975121662,0.00011822839676003164
3121.0,0.30170881038942926,4.0,0.1543257535568278,0.0002013477453559521
3122.0,0.30170447967045244,4.0,0.15438974136309241,0.00019777584829539652
3123.0,0.3017000692874586,3.9999999999999996,0.15432340795397742,0.00011933394635276097
3124.0,0.30169570050763184,4.0,0.15433688996308384,3.3802817041946687e-06
3125.0,0.30169133311199703,4.0,0.15434663665627021,0.00010326637777518669
3126.0,0.30168692874731473,4.0,0.1542901405184548,0.00015985489663426645
3127.0,0.3016825700509719,4.0,0.1543378262750713,0.00014970852025738822
3128.0,0.3016781521551666,4.000000000000001,0.1542864609575831,8.507932758154891e-05
3129.0,0.30167376332115436,4.0,0.1542922360451582,6.234465918224311e-06
3130.0,0.3016693761580503,4.0,0.15430002443695562,8.46335384934836e-05
3131.0,0.30166495769025714,3.999999999999999,0.15425322130863933,0.0001250212293253568
3132.0,0.301660575486058,4.0,0.15428813125236363,0.0001144978700897128
3133.0,0.30165614847384403,4.0,0.1542470225117678,6.376656377073947e-05
3134.0,0.3016517426340837,4.0,0.1542488390296003,6.53852419430428e-06
3135.0,0.3016473376488371,3.999999999999999,0.15425325828271447,6.594049687876895e-05
3136.0,0.30164290803690225,3.999999999999999,0.1542149909162714,9.672975433675002e-05
3137.0,0.30163850687299276,4.0,0.15424007458588224,8.884484511710101e-05
3138.0,0.30163407115126284,3.999999999999999,0.15420600591919,5.070480786949585e-05
3139.0,0.3016296516894793,3.999999999999999,0.1542060689369126,3.5316239118727707e-06
3140.0,0.3016252314979623,4.0,0.15420673052315556,4.8853209058323754e-05
3141.0,0.30162079287866617,4.000000000000002,0.15417569357387284,7.400101774114152e-05
3142.0,0.30161637617348486,4.0,0.15419317042161504,6.98794110269918e-05
3143.0,0.3016119324596279,3.9999999999999996,0.15416402096439297,4.2560925447332976e-05
3144.0,0.3016075021409838,4.0,0.15416347079080586,3.354430422908976e-06
3145.0,0.301603069558793,4.0,0.15416052396214794,3.399280985562781e-05
3146.0,0.3015986241997249,4.000000000000001,0.15413552623427879,5.5668725906704575e-05
3147.0,0.30159419552649824,4.0,0.1541470185016317,5.536907558678286e-05
3148.0,0.30158974572540437,3.999999999999999,0.15412151079846909,3.707205921376452e-05
3149.0,0.30158530755011853,4.000000000000001,0.15412084425084088,7.554143592885345e-06
3150.0,0.30158086569602427,4.000000000000001,0.15411471905351035,2.145963635613138e-05
3151.0,0.3015764158088239,3.999999999999999,0.15409473695289694,4.068627472987007e-05
3152.0,0.301571978252613,4.0,0.15410136891367543,4.370062854589445e-05
3153.0,0.30156752434273343,4.000000000000001,0.15407876663188846,3.276724979147165e-05
3154.0,0.30156308087202904,4.0,0.1540780517978799,1.148425047353108e-05
3155.0,0.30155863276409794,3.9999999999999996,0.15406929840240674,1.1236502927858817e-05
3156.0,0.3015541806710722,4.000000000000001,0.15405346472321346,2.828521698725592e-05
3157.0,0.3015497374056092,4.0,0.1540560328644453,3.3810181208471497e-05
3158.0,0.30154528194766816,4.000000000000001,0.15403597531450874,2.873834087341313e-05
3159.0,0.30154083595426107,3.999999999999999,0.15403504804312798,1.4261800406934772e-05
3160.0,0.3015363848302505,3.9999999999999996,0.15402428929150033,3.6535212878326318e-06
3161.0,0.3015319329655685,4.000000000000001,0.15401184587622713,1.7978957588234452e-05
3162.0,0.30152748700968035,4.0,0.15401093735124027,2.5068360072294207e-05
3163.0,0.3015230325458995,4.000000000000001,0.15399326085450932,2.447931932046037e-05
3164.0,0.30151858656162644,4.0,0.1539918111976785,1.5604127104338022e-05
3165.0,0.3015141355333297,3.999999999999999,0.15397969344404078,4.162962205177424e-06
3166.0,0.30150968634171893,4.0,0.1539699323943435,9.594038003682485e-06
3167.0,0.3015052407801715,4.0,0.15396604382029336,1.7217008456776893e-05
3168.0,0.3015007900941568,3.9999999999999987,0.15395067741309634,1.9803118309173056e-05
3169.0,0.3014963468251822,4.000000000000001,0.1539483552631385,1.5426106523918258e-05
3170.0,0.3014918991559644,3.9999999999999996,0.15393554101877208,7.861060763060687e-06
3171.0,0.3014874551822817,4.0,0.15392777056938015,3.4871085845898846e-06
3172.0,0.30148301311522924,4.000000000000001,0.1539213894289927,1.028641412984889e-05
3173.0,0.30147856893713365,4.0,0.15390824659427899,1.477772523392217e-05
3174.0,0.30147413100437737,4.0,0.15390472217008389,1.3813548233818604e-05
3175.0,0.3014696898397198,4.0,0.15389184480836232,9.862790321645589e-06
3176.0,0.3014652535845136,4.0,0.15388536533703154,3.3397818508097264e-06
3177.0,0.3014608181678542,4.0,0.15387702551837681,4.669853346638739e-06
3178.0,0.3014563832819886,4.0,0.15386593792863534,9.711861857216478e-06
3179.0,0.3014519534709346,4.0,0.1538609833823942,1.1037730705406683e-05
3180.0,0.3014475220137559,4.0,0.1538486098248521,1.0058344564513092e-05
3181.0,0.3014430960543891,4.0,0.15384273563728046,5.810007093390812e-06
3182.0,0.30143867050657847,4.0,0.15383303779080312,2.4348004484205115e-06
3183.0,0.3014342476254547,4.000000000000001,0.15382370463531514,5.153991558864849e-06
3184.0,0.30142982875551716,4.0,0.15381724691453286,7.571392756203765e-06
3185.0,0.30142541007157875,4.000000000000001,0.15380580756818424,8.718040280135905e-06
3186.0,0.3014209969656373,4.0,0.15379990800630572,6.795128695936608e-06
3187.0,0.3014165845127986,4.000000000000002,0.15378949567594952,4.340545557936191e-06
3188.0,0.3014121763164159,4.0,0.15378147694139355,2.4112349179622762e-06
3189.0,0.30140777136729413,3.999999999999999,0.1537736428720575,4.159201416824534e-06
3190.0,0.30140336848192534,4.0,0.15376337619862893,6.356732113653692e-06
3191.0,0.30139897089585044,4.000000000000001,0.15375695224611355,6.22361414764396e-06
3192.0,0.3013945747675252,3.9999999999999982,0.15374645155850242,5.470885649300571e-06
3193.0,0.3013901838826042,4.0,0.15373920357401502,3.1407021841570617e-06
3194.0,0.3013857959083917,4.0,0.15373031699113396,2.317329064922001e-06
3195.0,0.30138141168941257,4.0,0.15372122242921388,3.7759342209884635e-06
3196.0,0.3013770323521107,3.999999999999999,0.1537139777779764,4.586421263445007e-06
3197.0,0.30137265568804095,4.0,0.15370390360560027,5.196101637320374e-06
3198.0,0.30136828472781024,3.9999999999999996,0.15369686259364773,4.029153269450522e-06
3199.0,0.30136391687068365,4.0,0.1536873956691887,3.0991477755659996e-06
3200.0,0.3013595540985734,3.9999999999999996,0.15367923999526573,2.3129011790074175e-06
3201.0,0.30135519589013415,3.9999999999999996,0.1536711352273638,2.805948051881565e-06
3202.0,0.3013508417313518,4.0,0.1536617995759591,3.93371196855855e-06
3203.0,0.3013464933458849,3.9999999999999987,0.15365449606977716,3.802794576587603e-06
3204.0,0.30134214873917853,4.0,0.1536449634305526,3.74868063289492e-06
3205.0,0.3013378100788183,4.000000000000002,0.15363734288355085,2.6705524664657843e-06
3206.0,0.30133347596807125,3.9999999999999987,0.15362858691983847,2.309495526827848e-06
3207.0,0.30132914719290216,3.999999999999999,0.1536200385280523,2.596780459792672e-06
3208.0,0.3013248241117197,4.000000000000001,0.15361220709819845,2.86535163139171e-06
3209.0,0.30132050582563397,4.000000000000002,0.1536030318101509,3.439525016597479e-06
3210.0,0.30131619391748965,4.000000000000001,0.15359549873532202,2.9788426231434487e-06
3211.0,0.3013118869536437,3.9999999999999996,0.15358647026291086,2.8328554183845016e-06
3212.0,0.3013075863127569,4.000000000000001,0.15357851024984512,2.2582084833222484e-06
3213.0,0.3013032913797783,3.9999999999999996,0.1535701491917621,2.232289800986802e-06
3214.0,0.3012990023485096,3.9999999999999996,0.1535615427756501,2.630772275315688e-06
3215.0,0.3012947198493814,4.0,0.1535537552455649,2.6316635331429066e-06
3216.0,0.30129044304924923,4.0,0.153544856115814,2.92384246369727e-06
3217.0,0.3012861731844321,3.999999999999999,0.1535371383793416,2.490237407531116e-06
3218.0,0.30128190932381516,4.000000000000001,0.15352847691948313,2.4242982319270533e-06
3219.0,0.3012776523265722,4.0,0.15352039233947185,2.196610851700356e-06
3220.0,0.30127340198052494,3.9999999999999996,0.1535122318617301,2.210683216354882e-06
3221.0,0.3012691582690769,3.999999999999999,0.15350372936021575,2.4998755507082517e-06
3222.0,0.30126492180765324,4.0,0.15349592501294682,2.3959544253978693e-06
3223.0,0.30126069196315497,4.0,0.15348729557708066,2.5742771359289468e-06
3224.0,0.30125646964948644,3.9999999999999996,0.15347948949781082,2.2662674318001017e-06
3225.0,0.3012522542787661,3.9999999999999996,0.15347107967391585,2.2613921687982354e-06
3226.0,0.3012480464212344,4.0,0.15346300818567374,2.1668296416142437e-06
3227.0,0.30124384602884047,4.0,0.15345495818127283,2.16061113132113e-06
3228.0,0.30123965306194067,4.0,0.1534466210377569,2.346271354356999e-06
3229.0,0.30123546802207724,4.0,0.15343881006770296,2.2341145902816483e-06
3230.0,0.30123129047771335,4.0,0.15343041448564756,2.3647918689803897e-06
3231.0,0.30122712110262506,4.0,0.15342260175397568,2.1615613461334017e-06
3232.0,0.30122295951871025,4.000000000000001,0.15341437487519866,2.1829575988462056e-06
3233.0,0.30121880615201846,3.9999999999999996,0.15340639099276543,2.12259282380236e-06
3234.0,0.3012146609960084,4.000000000000001,0.1533984219991737,2.106979456868155e-06
3235.0,0.3012105240606524,4.0,0.15339026784320076,2.2173522648218593e-06
3236.0,0.3012063957159624,4.0,0.15338247901917063,2.129333061866245e-06
3237.0,0.30120227569648017,3.999999999999999,0.15337428867065397,2.231469687367524e-06
3238.0,0.30119816450537845,4.0,0.1533665230229197,2.095647532792126e-06
3239.0,0.3011940618917762,3.999999999999999,0.1533584484550041,2.1289789776740397e-06
3240.0,0.3011899682119824,3.9999999999999996,0.1533505879724815,2.07197627696992e-06
3241.0,0.3011858834507767,4.0,0.15334269929688452,2.061084273176698e-06
3242.0,0.3011818076865149,4.0,0.1533347309115602,2.115915999578041e-06
3243.0,0.3011777411683024,4.000000000000001,0.15332699124632407,2.056063353532003e-06
3244.0,0.30117368376313036,4.000000000000001,0.1533189921951536,2.1326511818757492e-06
3245.0,0.3011696358455579,4.000000000000001,0.15331130413842076,2.039960782499488e-06
3246.0,0.3011655972510767,3.999999999999999,0.15330337602477676,2.079249819386904e-06
3247.0,0.3011615682937202,4.000000000000001,0.1532956534245287,2.0209312397846887e-06
3248.0,0.30115754893838953,4.0,0.153287857413799,2.0213706494067617e-06
3249.0,0.3011535393255038,4.0,0.15328007344663763,2.034290862859151e-06
3250.0,0.30114953960185215,4.0,0.15327240446964757,1.9990939550133597e-06
3251.0,0.3011455497428943,4.0,0.15326459405271461,2.0482466230266336e-06
3252.0,0.30114157001583336,3.9999999999999996,0.15325699882586058,1.9864524202969208e-06
3253.0,0.30113760032948267,4.0,0.15324922576135958,2.025481637664038e-06
3254.0,0.3011336409557715,4.000000000000001,0.15324164328276152,1.9705279767008637e-06
3255.0,0.3011296918505339,3.999999999999999,0.1532339594720805,1.9827184793485243e-06
3256.0,0.30112575319557283,4.0,0.15322635585560812,1.9663863660089377e-06
3257.0,0.30112182505825424,4.0,0.15321877685205149,1.9514895389103e-06
3258.0,0.3011179075017275,4.0,0.15321115728902332,1.9713031319405997e-06
3259.0,0.3011140006975847,4.000000000000002,0.15320366284433298,1.9340933226682353e-06
3260.0,0.30111010462779375,4.000000000000001,0.15319606038534403,1.964015149052583e-06
3261.0,0.3011062195092008,4.0,0.1531886131574725,1.919377664926346e-06
3262.0,0.3011023453120608,4.000000000000002,0.15318106622584804,1.9385229881380733e-06
3263.0,0.30109848222903085,3.999999999999999,0.15317363432977923,1.907454978721394e-06
3264.0,0.3010946302786983,4.0,0.15316616718613638,1.9083407997268973e-06
3265.0,0.30109078958566526,3.9999999999999982,0.1531587384794705,1.901854225130702e-06
3266.0,0.3010869602409033,4.0,0.15315135337918692,1.8848145009067187e-06
3267.0,0.3010831422973539,4.0,0.1531439368081395,1.89680335048507e-06
3268.0,0.3010793359036254,4.0,0.15313661837521372,1.867411494823367e-06
3269.0,0.3010755410698881,4.000000000000001,0.15312923530253264,1.8837525224827446e-06
3270.0,0.3010717579645323,4.000000000000001,0.15312196177317708,1.8525388151536892e-06
3271.0,0.30106798659584966,3.9999999999999996,0.15311463395771044,1.8621829634048066e-06
3272.0,0.3010642271131284,4.000000000000001,0.15310738832984044,1.8401124926818723e-06
3273.0,0.30106047955521587,3.999999999999999,0.15310012884652155,1.8382908806771247e-06
3274.0,0.3010567440291375,4.0,0.1530929051118171,1.8303006602871068e-06
3275.0,0.3010530206166958,3.999999999999999,0.15308571527620238,1.8170676112094726e-06
3276.0,0.30104930938100216,3.999999999999999,0.15307851845955178,1.820238662087563e-06
3277.0,0.30104561043894346,4.0,0.153071390367614,1.7991271163875688e-06
3278.0,0.30104192382500294,4.0,0.1530642321281638,1.806431132662218e-06
3279.0,0.3010382496709597,4.0,0.15305715414939744,1.7832897188002588e-06
3280.0,0.30103458800489247,4.000000000000001,0.15305004696251762,1.788247525877502e-06
3281.0,0.3010309389516216,4.000000000000002,0.1530430091876468,1.7690057459182164e-06
3282.0,0.30102730255200316,4.0,0.15303596178661352,1.7678799661432388e-06
3283.0,0.3010236789087878,4.0,0.15302895935020897,1.7559901993924474e-06
3284.0,0.301020068085629,3.9999999999999987,0.15302197476406065,1.7478462375585726e-06
3285.0,0.3010164701584943,4.0,0.15301500846046165,1.743225436340554e-06
3286.0,0.3010128852134896,4.000000000000001,0.15300808459650733,1.7293013149305375e-06
3287.0,0.3010093133044519,4.0,0.1530011593656531,1.7292585029488202e-06
3288.0,0.30100575453194367,3.999999999999999,0.15299429115744315,1.7122059362723806e-06
3289.0,0.3010022089377824,3.9999999999999987,0.15298741361956716,1.7132649431787023e-06
3290.0,0.3009986766258296,4.0,0.1529805955331858,1.696198740999478e-06
3291.0,0.3009951576368818,4.000000000000001,0.15297377167700849,1.695516681805272e-06
3292.0,0.30099165206802775,4.000000000000001,0.15296699963962226,1.6809871802654565e-06
3293.0,0.3009881599673988,3.9999999999999987,0.15296023337318923,1.6769532247753896e-06
3294.0,0.30098468141899704,4.0,0.1529535056971751,1.6662430079309179e-06
3295.0,0.3009812164822955,3.999999999999999,0.15294679843269895,1.6584741513953116e-06
3296.0,0.3009777652264308,4.0,0.1529401157737272,1.651490998814144e-06
3297.0,0.30097432772192073,4.000000000000002,0.1529334668467423,1.6405613599905027e-06
3298.0,0.3009709040250308,4.0,0.15292683151928446,1.6362437924891843e-06
3299.0,0.3009674942139562,3.9999999999999996,0.15292023903927948,1.6233117458243476e-06
3300.0,0.3009640983363139,3.9999999999999987,0.15291365409506377,1.6202198278275967e-06
3301.0,0.30096071647321954,4.0,0.1529071158531449,1.6066345101198901e-06
3302.0,0.3009573486684413,3.9999999999999987,0.15290058425270725,1.6034390525086642e-06
3303.0,0.3009539950013903,4.0,0.15289409841740284,1.5903917908229036e-06
3304.0,0.3009506555160957,4.000000000000001,0.15288762248462165,1.5861426781219678e-06
3305.0,0.3009473302867717,3.9999999999999996,0.15288118798552522,1.5744392924909186e-06
3306.0,0.30094401936041804,4.0,0.1528747691847087,1.5686370203984468e-06
3307.0,0.3009407228040995,4.0,0.15286838579171377,1.5586251060676767e-06
3308.0,0.3009374406689427,4.0,0.15286202476950486,1.5511705422978083e-06
3309.0,0.30093417301437325,3.999999999999999,0.1528556929606001,1.5428020383252057e-06
3310.0,0.30093091989548026,4.0,0.15284938974515724,1.533888063846659e-06
3311.0,0.3009276813646666,4.0,0.15284311046461893,1.5268549436434351e-06
3312.0,0.3009244574799439,4.000000000000001,0.15283686472123534,1.5168446305640462e-06
3313.0,0.3009212482879514,4.0,0.15283063912664327,1.5107251459311635e-06
3314.0,0.30091805384817033,4.0,0.15282445039205603,1.5000388475455708e-06
3315.0,0.3009148742029536,4.0,0.1528182796459823,1.4944113621458376e-06
3316.0,0.3009117094117649,3.9999999999999996,0.15281214750217073,1.4834419373056008e-06
3317.0,0.30090855951404577,3.999999999999999,0.15280603263745307,1.4779548904260867e-06
3318.0,0.3009054245679625,4.0,0.15279995681100939,1.467015272854118e-06
3319.0,0.30090230461113227,4.000000000000001,0.15279389866506857,1.4614161647794118e-06
3320.0,0.300899199699474,3.999999999999999,0.1527878790626748,1.4507208834104613e-06
3321.0,0.3008961098695136,4.000000000000001,0.15278187826764375,1.4448580905092283e-06
3322.0,0.30089303517431987,4.0,0.1527759149647338,1.4345274910885464e-06
3323.0,0.3008899756497325,4.0,0.1527699719716096,1.428334246250067e-06
3324.0,0.30088693134567435,4.0,0.15276406517712898,1.418413103824727e-06
3325.0,0.3008839022974362,4.0,0.15275818029722935,1.41188534026903e-06
3326.0,0.30088088855173084,4.0,0.15275233030940613,1.4023652048811594e-06
3327.0,0.3008778901432506,4.0,0.15274650375805393,1.3955384070950597e-06
3328.0,0.30087490711558296,4.000000000000001,0.15274071092382535,1.3863794638664697e-06
3329.0,0.30087193950265645,4.000000000000002,0.15273494285813702,1.3793101573270258e-06
3330.0,0.30086898734509776,3.999999999999999,0.15272920753960822,1.370458371949867e-06
3331.0,0.30086605067585176,4.000000000000001,0.15272349808601898,1.3632102856312687e-06
3332.0,0.3008631295327793,4.0,0.15271782063765654,1.3546094131558654e-06
3333.0,0.30086022394761136,4.0,0.15271216990949088,1.3472449235053293e-06
3334.0,0.3008573339556361,4.0,0.15270655066395614,1.3388431384703008e-06
3335.0,0.3008544595871548,4.0,0.1527009587706984,1.3314186242387842e-06
3336.0,0.3008516008750598,4.0,0.15269539803329113,1.3231713815702524e-06
3337.0,0.3008487578480301,3.9999999999999987,0.15268986508371457,1.3157357603543176e-06
3338.0,0.3008459305367127,4.0,0.1526843631315288,1.3076058932703654e-06
3339.0,0.30084311896799687,4.0,0.15267888923237993,1.3002014718745471e-06
3340.0,0.30084032317041176,3.9999999999999996,0.15267344631745178,1.2921577951497239e-06
3341.0,0.30083754316890743,3.999999999999999,0.15266803156896425,1.2848222569918138e-06
3342.0,0.30083477899000727,3.9999999999999996,0.15266264792302087,1.276836908494634e-06
3343.0,0.30083203065658404,3.9999999999999996,0.15265729241244802,1.2696063771295296e-06
3344.0,0.300829298193265,3.999999999999999,0.1526519682540216,1.261651539723569e-06
3345.0,0.30082658162070525,3.9999999999999996,0.15264667204736926,1.2545640662541377e-06
3346.0,0.30082388096175694,4.0,0.15264140759074324,1.2466077537089087e-06
3347.0,0.3008211962346994,3.999999999999999,0.15263617072239496,1.239708180799678e-06
3348.0,0.30081852746075965,3.9999999999999996,0.1526309661899344,1.2317092184482898e-06
3349.0,0.3008158746556413,4.0,0.15262578864822174,1.2250553541379662e-06
3350.0,0.3008132378391518,4.0,0.15262064428729644,1.2169562728249444e-06
3351.0,0.3008106170241476,4.0,0.15261552599370365,1.2106279773864893e-06
3352.0,0.3008080122293133,3.999999999999998,0.15261044210198413,1.202345046726444e-06
3353.0,0.30080542346426953,4.0,0.1526053828793584,1.1964576309837974e-06
3354.0,0.3008028507470255,4.0,0.152600359843874,1.1878658364924794e-06
3355.0,0.30080029408339237,3.9999999999999996,0.15259535936706511,1.182591681472113e-06
3356.0,0.3007977534913855,4.000000000000001,0.15259039772657157,1.1735025625689053e-06
3357.0,0.3007952289721355,4.000000000000001,0.1525854554431116,1.1691066290858133e-06
3358.0,0.30079272054472517,4.0,0.1525805559890158,1.1592350737864094e-06
3359.0,0.30079022820425505,4.0,0.1525756709900262,1.1561357062088793e-06
3360.0,0.3007877519725419,4.0,0.15257083493214238,1.1450523487549831e-06
3361.0,0.30078529183653513,4.0,0.15256600573856896,1.1439293168121032e-06
3362.0,0.30078284782343934,3.9999999999999996,0.15256123498077986,1.1309985450446776e-06
3363.0,0.3007804199086689,4.000000000000002,0.1525564591860676,1.1329952678357165e-06
3364.0,0.30077800812909244,4.0,0.15255175679031124,1.1173174959823961e-06
3365.0,0.3007756124431189,4.0,0.15254703045564974,1.1244416831870275e-06
3366.0,0.3007732329042526,4.000000000000001,0.15254240143161654,1.104883684317299e-06
3367.0,0.30077086944493747,4.000000000000002,0.15253771805157354,1.1208482572498056e-06
3368.0,0.30076852214681876,4.0,0.1525331707152662,1.096458679209662e-06
3369.0,0.30076619090151335,3.9999999999999996,0.15252851942848616,1.128522864480238e-06
3370.0,0.3007638758380209,4.0,0.1525240677648109,1.100267784844633e-06
3371.0,0.3007615767821763,4.0,0.1525194302257644,1.1632422514361961e-06
3372.0,0.30075929394280687,4.0,0.15251509804138938,1.1395560840104151e-06
3373.0,0.30075702703755136,4.000000000000001,0.15251044289213195,1.2634919569496068e-06
3374.0,0.3007547764106032,4.0,0.15250627119357013,1.2738217815930432e-06
3375.0,0.30075254159845677,4.0,0.15250154419045978,1.5140198137000746e-06
3376.0,0.3007503231767832,3.9999999999999996,0.15249760443121263,1.6285895482651172e-06
3377.0,0.3007481203739856,3.999999999999999,0.15249271062445077,2.0715064689574434e-06
3378.0,0.3007459341654963,4.000000000000001,0.15248912874080908,2.412788431516409e-06
3379.0,0.30074376324814867,4.000000000000001,0.152483899972207,3.189410433893439e-06
3380.0,0.3007416092952303,4.0,0.15248090045036874,3.9490407554733275e-06
3381.0,0.30073947007411067,4.000000000000001,0.15247503545556662,5.289014736388068e-06
3382.0,0.30073734849013223,3.9999999999999987,0.15247302296348264,6.794729710216402e-06
3383.0,0.3007352406648975,4.000000000000001,0.1524659758473719,9.131857829729305e-06
3384.0,0.300733151704338,4.0,0.15246568801029867,1.1986440613934473e-05
3385.0,0.30073107478096944,3.999999999999999,0.15245645847509323,1.6142942435480156e-05
3386.0,0.30072901897831106,4.0,0.1524592547120634,2.1479888745968948e-05
3387.0,0.30072697212455224,4.0,0.15244598951428773,2.9014877222199286e-05
3388.0,0.3007249505819237,4.000000000000001,0.15245440258162646,3.898622657892826e-05
3389.0,0.300722932393274,3.999999999999999,0.15243363094318702,5.2874462473772984e-05
3390.0,0.3007209474160999,4.0,0.15245243026758076,7.16020724677898e-05
3391.0,0.3007189556193962,3.999999999999999,0.15241758378659293,9.756640089853423e-05
3392.0,0.30071701225059916,3.999999999999999,0.15245584288635056,0.00013301106809822063
3393.0,0.3007150437034044,3.999999999999999,0.15239437084413954,0.00018214118594610712
3394.0,0.3007131538335232,4.0,0.15246950598783485,0.00024975877416129436
3395.0,0.3007112066743934,3.9999999999999996,0.15235725576965498,0.0003435697471493033
3396.0,0.30070940116450606,3.999999999999999,0.1525028492189923,0.0004731723726151345
3397.0,0.3007074867968131,3.999999999999999,0.15229340429636104,0.0006525193568773465
3398.0,0.3007058525076083,4.000000000000001,0.15257349764683384,0.0008987494769230517
3399.0,0.3007040415118195,4.000000000000001,0.15218045121571835,0.0012329629816841977
3400.0,0.30070281364162577,3.9999999999999996,0.1527088738208164,0.001673550462756444
3401.0,0.3007013151563853,3.999999999999999,0.15199408194166206,0.002222370168859299
3402.0,0.30070082474938337,4.000000000000001,0.15291547454644214,0.0028277281165652304
3403.0,0.30069944496101086,3.9999999999999996,0.15178750126199148,0.003330773834890686
3404.0,0.3006984598340454,4.0,0.1530222852542834,0.0034391181838198124
3405.0,0.30069504916550427,4.0,0.1518660675653837,0.002853100757821091
3406.0,0.3006919787846325,3.999999999999999,0.15266337071175023,0.0015422909933839085
3407.0,0.3006894131779671,4.000000000000001,0.15239873791279807,0.00012151671612788444
3408.0,0.3006882842954828,3.9999999999999996,0.15208538407998065,0.001580187269546824
3409.0,0.3006878490722342,4.0,0.15280440803432535,0.0023604796096218963
3410.0,0.30068553444518603,4.0,0.15196579419008327,0.0022038090272548357
3411.0,0.30068314957212555,3.9999999999999982,0.15258130314797644,0.001189695717288695
3412.0,0.30068099344092425,4.000000000000001,0.1523994282525681,0.0002178529865855484
3413.0,0.3006797681135822,4.000000000000001,0.15210244010106605,0.0013933573832654114
3414.0,0.3006788825665667,4.0,0.1526938732243155,0.0018531812713886008
3415.0,0.3006765613951274,3.9999999999999996,0.1520867745690385,0.001443585574929282
3416.0,0.3006745669691024,4.000000000000001,0.15242190797795718,0.00041161362254014223
3417.0,0.30067310853023743,4.000000000000001,0.15247335584180124,0.000709265160463578
3418.0,0.30067176764785997,3.999999999999999,0.15208759821253973,0.001386210852714493
3419.0,0.3006704273839768,4.0,0.15258261922660352,0.0013372167768982916
3420.0,0.3006682928201527,4.0,0.15221587446004842,0.0006462608069066547
3421.0,0.3006667027515205,3.999999999999999,0.15227742500263405,0.0002920814437080748
3422.0,0.30066557920098724,3.9999999999999996,0.1525100696910538,0.0009936037217221961
3423.0,0.30066397314879967,4.0,0.1521175931855229,0.0011357463914571393
3424.0,0.3006624246138648,3.9999999999999996,0.15244977940631735,0.0006986064871638727
3425.0,0.3006607491334794,4.0,0.1523269309164447,4.491002778555525e-05
3426.0,0.3006593685596678,4.000000000000001,0.1521894071387619,0.0006919266359658111
3427.0,0.3006581932081306,4.0,0.15248288710368443,0.0009269890377814177
3428.0,0.3006564949243854,4.0,0.15218731948925346,0.0006712934274619709
3429.0,0.300655025026357,3.9999999999999996,0.15232554516674038,0.00010114587131132414
3430.0,0.3006537207382459,4.000000000000001,0.15238906463583016,0.0004633572959005588
3431.0,0.30065232176642925,3.999999999999999,0.1521667114607616,0.0007372908312315514
3432.0,0.3006510268577293,4.000000000000001,0.1524104350939409,0.0006104475250996788
3433.0,0.30064949369805716,3.999999999999999,0.15226161615216835,0.000186626670580898
3434.0,0.3006481557466123,3.9999999999999987,0.15224002154156757,0.00028967839099754736
3435.0,0.3006469785054231,4.000000000000001,0.15239507403734348,0.0005718736920711773
3436.0,0.30064554625801343,4.0,0.1521894670840648,0.0005368312996259323
3437.0,0.30064424622306246,4.000000000000001,0.15232766774636497,0.00023375321634991954
3438.0,0.30064293958444566,3.9999999999999996,0.15231096531640395,0.00015715168011109384
3439.0,0.30064165584844105,3.9999999999999996,0.15220097532823684,0.0004299837147322222
3440.0,0.30064048325285553,4.000000000000001,0.15236112864675325,0.00045934847336354074
3441.0,0.30063912197002246,3.999999999999999,0.15222771174998903,0.00025509693061566803
3442.0,0.3006378848964838,3.9999999999999996,0.15226140431010446,5.6776908640933016e-05
3443.0,0.3006367214656642,4.0,0.1523258793273748,0.00030914650929200944
3444.0,0.300635459926762,3.9999999999999996,0.15219686624576956,0.00038221573939289775
3445.0,0.30063429689752247,4.0,0.15231143496738703,0.0002577109789884277
3446.0,0.30063306444298,4.0,0.15225853339212944,1.7648964891918766e-05
3447.0,0.3006318855718261,4.0,0.1522213989433549,0.00020729839689153441
3448.0,0.3006307870747198,4.0,0.15231320085809166,0.0003074338255244809
3449.0,0.3006295758434838,4.0,0.1522094483909514,0.00024620415702920895
3450.0,0.3006284518768603,4.000000000000001,0.15226492584038331,7.011360408123773e-05
3451.0,0.30062733456974117,3.999999999999999,0.15227220936250746,0.0001227717983637965
3452.0,0.30062620053439804,4.0,0.15220413415506065,0.00023651464287777435
3453.0,0.3006251407482784,4.0,0.15228605797607894,0.0002238064727252819
3454.0,0.30062400937575584,3.999999999999999,0.1522237890535752,0.00010375789309388486
3455.0,0.3006229346312428,3.999999999999999,0.1522305190329377,5.454394344026247e-05
3456.0,0.3006218976655636,4.000000000000001,0.15226951238591763,0.00017076919654447078
3457.0,0.30062081239589533,4.000000000000001,0.15220063686848462,0.00019335282444590335
3458.0,0.30061979249906945,4.0,0.15225596053765034,0.00012106695321377473
3459.0,0.30061874588821,4.000000000000002,0.15223193739212598,2.0129649071795552e-06
3460.0,0.30061771952006283,4.000000000000001,0.15220900327793188,0.00011161879087201657
3461.0,0.3006167395741892,4.000000000000001,0.152256121890903,0.00015754511573934957
3462.0,0.30061571324633785,4.0,0.15220237476449866,0.00012442744057798136
3463.0,0.30061473761252844,4.000000000000001,0.15222962079232447,3.602761751508361e-05
3464.0,0.30061376496173164,4.000000000000001,0.15223200860812758,6.0514305646005694e-05
3465.0,0.3006127868938866,4.0,0.1521970642180617,0.00011910331495519677
3466.0,0.30061185448041244,3.999999999999999,0.15223811239525162,0.0001163831347138704
3467.0,0.3006108917728558,3.999999999999999,0.1522038093115864,5.9864454362296087e-05
3468.0,0.30060996181471655,3.9999999999999996,0.15220932260935557,1.871714970891456e-05
3469.0,0.30060905022808715,4.0,0.1522255483114401,8.085010808620448e-05
3470.0,0.30060812238400164,4.0,0.15219053262288584,9.963641576074277e-05
3471.0,0.3006072346029459,4.000000000000001,0.15221979806418492,7.099466400737372e-05
3472.0,0.3006063333351047,3.9999999999999996,0.15220251293729883,1.2815872009706188e-05
3473.0,0.3006054489102111,4.000000000000002,0.15219462115694546,4.538790072527754e-05
3474.0,0.3006045890703275,4.0,0.15221516324684825,7.726932536696968e-05
3475.0,0.3006037126499843,3.9999999999999987,0.1521861106254234,7.109566249482106e-05
3476.0,0.30060286826384464,3.999999999999999,0.15220340579267191,3.365927315069418e-05
3477.0,0.3006020228472778,3.9999999999999987,0.15219816332703506,1.5192830797393725e-05
3478.0,0.3006011834621679,4.0,0.1521839672506528,5.2319651091224275e-05
3479.0,0.3006003696151599,4.000000000000002,0.15220317347645765,6.258864989849821e-05
3480.0,0.30059954368068054,4.000000000000001,0.15218183367070473,4.4098281637263746e-05
3481.0,0.30059874144675325,4.0,0.1521895875459815,8.113687373991487e-06
3482.0,0.30059794586147,4.0,0.15219144873183452,2.79737345107734e-05
3483.0,0.3005971506393654,4.0,0.15217575709049708,4.81273272482553e-05
3484.0,0.3005963790638728,3.999999999999999,0.15219112651562489,4.5390898423740016e-05
3485.0,0.3005956008535772,4.0,0.15217684198399337,2.3181956511320497e-05
3486.0,0.300594839244568,4.0,0.15217812350559187,6.82158105119403e-06
3487.0,0.3005940882636836,3.999999999999999,0.15218331478719851,3.090103872311052e-05
3488.0,0.30059333562699886,3.9999999999999996,0.15216877622188835,3.9302491528472686e-05
3489.0,0.30059260346002653,3.9999999999999996,0.15217981591802812,3.0176045202859417e-05
3490.0,0.3005918692812225,3.9999999999999996,0.15217097384995704,9.081768327167078e-06
3491.0,0.3005911464532448,3.9999999999999996,0.1521684697257669,1.3743839731163553e-05
3492.0,0.3005904357381418,4.0,0.15217456738973265,2.852660087116402e-05
3493.0,0.3005897233627616,4.0,0.15216227161051102,2.979275397782461e-05
3494.0,0.3005890280064062,4.0,0.15216951122258757,1.8570786154827784e-05
3495.0,0.30058833391343914,4.0,0.15216440188134725,1.0200884393371423e-06
3496.0,0.30058764767186885,3.999999999999999,0.15216006297565668,1.5699404707400527e-05
3497.0,0.30058697350994734,4.0,0.15216575180665884,2.3993616870412602e-05
3498.0,0.3005862985106148,4.000000000000001,0.1521558637208601,2.151959721962145e-05
3499.0,0.3005856373634056,3.999999999999999,0.15216018657121003,1.0592696228406465e-05
3500.0,0.30058497948246515,3.9999999999999996,0.1521573907923517,3.7739001805486467e-06
3501.0,0.30058432729239115,3.9999999999999996,0.1521524560978231,1.4950318536404799e-05
3502.0,0.3005836863228594,4.000000000000001,0.15215717407663304,1.9127851164649374e-05
3503.0,0.3005830454758135,4.0,0.15214940814527653,1.5109532723771777e-05
3504.0,0.30058241582547174,4.0,0.15215168748642927,5.5756307127486256e-06
3505.0,0.3005817904513282,4.0,0.1521501820626284,5.456912618755699e-06
3506.0,0.3005811694870496,4.0,0.152145342984437,1.3008386272906795e-05
3507.0,0.30058055850442994,4.0,0.15214896335058584,1.4802500018577698e-05
3508.0,0.3005799484247841,4.000000000000001,0.15214288417420752,1.0506572958818947e-05
3509.0,0.30057934741880477,4.0,0.1521438336036811,2.715971291796389e-06
3510.0,0.3005787509957588,4.0,0.1521429499318409,5.668715125188755e-06
3511.0,0.3005781582108876,4.0,0.15213853180078635,1.0750276814461543e-05
3512.0,0.30057757405596974,4.0,0.15214114222659042,1.13094014198393e-05
3513.0,0.30057699130341997,3.999999999999999,0.1521363229502235,7.37739898957576e-06
3514.0,0.3005764159497048,4.0,0.15213646193151048,1.3345506111957868e-06
3515.0,0.30057584502436835,4.0,0.15213579851088635,5.13347977190124e-06
3516.0,0.3005752772255903,4.000000000000001,0.1521319118853822,8.613045662289273e-06
3517.0,0.30057471672828934,4.0,0.15213367841558828,8.638428586520048e-06
3518.0,0.3005741578547365,4.0,0.1521297639891278,5.334440986410075e-06
3519.0,0.30057360504355995,3.999999999999999,0.1521294414947895,8.831257778432151e-07
3520.0,0.3005730562236245,3.9999999999999996,0.1521287785147064,4.293856545656267e-06
3521.0,0.3005725101254802,4.0,0.15212542096764567,6.767953287944314e-06
3522.0,0.30057197008028136,3.9999999999999996,0.15212651535760366,6.653937826434588e-06
3523.0,0.3005714316506213,3.9999999999999996,0.15212323826183993,4.036062027610568e-06
3524.0,0.3005708981822016,4.000000000000001,0.15212267330120285,8.078472723405482e-07
3525.0,0.30057036810496834,3.999999999999999,0.15212190287005836,3.3931829101837507e-06
3526.0,0.3005698403693825,3.9999999999999996,0.15211902181682152,5.2452552203871e-06
3527.0,0.300569317532663,4.000000000000001,0.15211959157496444,5.190958397285973e-06
3528.0,0.3005687961292389,4.0,0.1521167627525153,3.2173039539684174e-06
3529.0,0.30056827873874487,4.0,0.15211608200419632,8.260662249196139e-07
3530.0,0.300567764055366,3.9999999999999987,0.15211516149351662,2.552972268320974e-06
3531.0,0.30056725131884476,4.000000000000001,0.15211268927679372,4.01265910597738e-06
3532.0,0.3005667424135851,4.0,0.1521128481664296,4.099853442562e-06
3533.0,0.3005662346359348,3.999999999999999,0.15211034011190397,2.6881348328950384e-06
3534.0,0.3005657300176463,3.9999999999999982,0.15210960943842827,9.022811721225757e-07
3535.0,0.3005652273868128,3.9999999999999996,0.1521085320667661,1.8300781165273372e-06
3536.0,0.3005647262766009,3.9999999999999996,0.15210640131414357,3.0194737000747472e-06
3537.0,0.3005642280029703,4.0,0.15210623153778893,3.262160698308129e-06
3538.0,0.30056373046898577,4.0,0.15210396237727988,2.320044753798841e-06
3539.0,0.300563235295107,4.0,0.1521032084793357,1.0156089939032564e-06
3540.0,0.3005627413825327,4.0,0.15210198567456842,1.2571046422503015e-06
3541.0,0.3005622485291901,4.0,0.15210013548256746,2.2194357323569506e-06
3542.0,0.3005617575773354,3.9999999999999987,0.15209969446522018,2.5926556413306127e-06
3543.0,0.30056126692423407,4.000000000000001,0.15209761338158131,2.0305026710691813e-06
3544.0,0.30056077786061736,3.999999999999999,0.15209683840204974,1.1259204809700364e-06
3545.0,0.3005602893440805,3.9999999999999996,0.1520954911947634,8.728518746910766e-07
3546.0,0.30055980139076716,4.0,0.1520938675482999,1.5821883099718997e-06
3547.0,0.3005593144528437,4.0,0.15209319487565098,2.036256866110204e-06
3548.0,0.30055882734061595,4.000000000000001,0.15209127115253437,1.770039001465213e-06
3549.0,0.30055834106089935,4.0,0.15209046285511038,1.198922292267939e-06
3550.0,0.30055785463659274,3.999999999999999,0.1520890170547666,7.196253692620925e-07
3551.0,0.3005573682468214,4.0,0.15208757070476006,1.1007407934920804e-06
3552.0,0.30055688202970166,3.999999999999999,0.15208669533369834,1.5641897762918193e-06
3553.0,0.30055639514588095,3.9999999999999996,0.1520849098967748,1.5136004324971222e-06
3554.0,0.30055590834326185,4.0,0.1520840481113294,1.2146543692609246e-06
3555.0,0.30055542073347663,3.999999999999999,0.15208253186057868,7.47272029840358e-07
3556.0,0.3005549325992761,3.9999999999999996,0.1520812162724166,7.964027729088851e-07
3557.0,0.3005544438361534,4.000000000000001,0.15208016226303228,1.1714982657512944e-06
3558.0,0.300553953901071,3.9999999999999987,0.15207850072442547,1.2558362562752596e-06
3559.0,0.3005534632998408,4.0,0.1520775626397546,1.166788568485475e-06
3560.0,0.30055297126111835,4.0,0.15207600475381836,8.218186155274729e-07
3561.0,0.3005524781107823,4.0,0.15207477417342916,6.889040807442722e-07
3562.0,0.3005519835719882,4.0,0.1520735650120444,8.75546462005024e-07
3563.0,0.30055148734526116,4.0,0.15207201260434072,1.009515046737559e-06
3564.0,0.3005509897116762,4.0,0.1520709771531848,1.0619701913311782e-06
3565.0,0.30055049004230056,3.999999999999999,0.1520694048034244,8.609073306024917e-07
3566.0,0.30054998864895466,3.9999999999999996,0.15206821383543317,7.129719793160606e-07
3567.0,0.3005494851521122,3.9999999999999996,0.15206687530825166,7.05365338334197e-07
3568.0,0.3005489794393171,4.0,0.15206541289302777,8.045522204576495e-07
3569.0,0.3005484715919665,4.000000000000001,0.15206426455578664,9.204604282838939e-07
3570.0,0.3005479611394162,4.0,0.15206270058989438,8.418852546763883e-07
3571.0,0.300547448330177,3.9999999999999996,0.15206150538060184,7.579929613703218e-07
3572.0,0.30054693274888233,3.999999999999999,0.1520600661823437,6.578436714516492e-07
3573.0,0.30054641440901975,3.9999999999999987,0.15205866800492607,6.781519492734782e-07
3574.0,0.300545893228939,4.0,0.1520574001289806,7.761404433876348e-07
3575.0,0.3005453688967228,3.9999999999999996,0.15205585970791194,7.750782905036079e-07
3576.0,0.3005448415622505,4.000000000000001,0.15205462058493896,7.647831664694846e-07
3577.0,0.30054431083378896,4.0,0.1520531109403224,6.691267955921253e-07
3578.0,0.30054377678761024,3.999999999999999,0.15205174453945358,6.397987683715805e-07
3579.0,0.3005432392272475,4.0,0.15205036110227252,6.691222937779561e-07
3580.0,0.3005426979816638,3.999999999999999,0.15204884852933226,6.912263433499996e-07
3581.0,0.30054215308622406,4.0,0.15204753390549744,7.255419150312066e-07
3582.0,0.3005416042179958,4.0,0.15204598204974404,6.741483155068372e-07
3583.0,0.30054105145707966,4.0,0.1520446104994951,6.471248847311409e-07
3584.0,0.30054049454812193,4.0,0.15204312580838153,6.209036060899352e-07
3585.0,0.30053993342548585,3.999999999999999,0.15204163271764715,6.277158700176328e-07
3586.0,0.3005393680165481,4.000000000000001,0.15204022286090732,6.626955465124758e-07
3587.0,0.300538798091607,4.000000000000001,0.15203865016418944,6.505915672666977e-07
3588.0,0.30053822368842037,4.0,0.1520372368018241,6.487845673799816e-07
3589.0,0.30053764454798415,4.0,0.15203567237403756,6.117688498147487e-07
3590.0,0.30053706066260144,3.999999999999999,0.15203417831559085,6.022521487439487e-07
3591.0,0.3005364718794662,4.0,0.15203266763909118,6.093667285911711e-07
3592.0,0.3005358780619553,4.000000000000002,0.15203108392832876,6.114701602865986e-07
3593.0,0.30053527918013334,3.999999999999999,0.152029598405408,6.257443535269765e-07
3594.0,0.3005346750153687,4.000000000000002,0.1520279771511789,6.050453233374755e-07
3595.0,0.3005340655688171,4.0,0.15202645355804084,5.97751762958841e-07
3596.0,0.30053345064942627,4.000000000000001,0.15202484980078337,5.830520502454317e-07
3597.0,0.30053283019059285,4.0,0.1520232507046198,5.809901661372322e-07
3598.0,0.3005322040946453,3.999999999999999,0.15202167457659987,5.902068932502652e-07
3599.0,0.3005315722064857,4.0,0.1520200136891927,5.851240449782379e-07
3600.0,0.3005309344978302,3.9999999999999996,0.15201843076167929,5.877254997841498e-07
3601.0,0.30053029078333726,4.0,0.15201675020883948,5.72426600633506e-07
3602.0,0.3005296410290882,3.9999999999999996,0.15201511849318658,5.672950888358693e-07
3603.0,0.300528985092332,4.0,0.15201344788400648,5.629324838320442e-07
3604.0,0.30052832287937536,4.0,0.15201175279735096,5.61164531775242e-07
3605.0,0.3005276543154693,3.999999999999999,0.1520100874786549,5.656819962324763e-07
3606.0,0.30052697925304356,3.9999999999999996,0.15200834708454805,5.5917234931894e-07
3607.0,0.30052629765315025,4.0,0.15200665849538192,5.577815321908732e-07
3608.0,0.30052560936290573,3.9999999999999996,0.1520049018551106,5.486665956328975e-07
3609.0,0.3005249143268407,4.0,0.15200316425437477,5.4513535962027e-07
3610.0,0.30052421243119193,3.999999999999999,0.1520014061069499,5.43380694532399e-07
3611.0,0.3005235035762245,3.999999999999999,0.1519996151652919,5.411246004397975e-07
3612.0,0.3005227876944323,3.9999999999999987,0.15199784723464424,5.420662086973246e-07
3613.0,0.3005220646545649,4.000000000000001,0.15199601821857603,5.36917968077552e-07
3614.0,0.3005213344078116,4.0,0.15199421980275973,5.345064217321864e-07
3615.0,0.30052059682648424,4.0,0.1519923715779364,5.291144748709144e-07
3616.0,0.30051985184606816,4.000000000000001,0.1519905269260692,5.263036103657372e-07
3617.0,0.3005190993693234,3.9999999999999996,0.15198866695752802,5.246766790687757e-07
3618.0,0.30051833930135874,4.0,0.15198677512959935,5.225664777045865e-07
3619.0,0.30051757157639913,3.999999999999999,0.15198489611179544,5.216724015801422e-07
3620.0,0.3005167960805524,3.9999999999999996,0.15198296801319439,5.182780269474054e-07
3621.0,0.3005160127595192,3.999999999999999,0.15198105575221812,5.157416687893433e-07
3622.0,0.30051522150422233,4.0,0.15197910354305702,5.123623167353922e-07
3623.0,0.30051442224933467,4.000000000000001,0.1519771478292954,5.099849885769523e-07
3624.0,0.3005136149077272,3.999999999999999,0.15197517590899667,5.081990620598928e-07
3625.0,0.3005127993940093,4.0,0.15197317618820266,5.065755822951081e-07
3626.0,0.3005119756432661,4.0,0.1519711795177991,5.049553874439957e-07
3627.0,0.30051114355766795,3.9999999999999996,0.15196914277946166,5.029967102752518e-07
3628.0,0.30051030308141524,3.9999999999999996,0.15196711188414905,5.006322908558676e-07
3629.0,0.30050945411987434,4.0,0.15196504608427996,4.985490255990567e-07
3630.0,0.3005085966113856,4.0,0.1519629737917848,4.965360198075173e-07
3631.0,0.30050773047631224,3.999999999999999,0.1519608821922345,4.949075619748013e-07
3632.0,0.3005068556403059,4.0,0.1519587673445508,4.937778708154868e-07
3633.0,0.3005059720400429,3.9999999999999996,0.15195664715556298,4.920930305951125e-07
3634.0,0.30050507959233574,3.9999999999999996,0.15195449368545566,4.912030748308405e-07
3635.0,0.3005041782425011,4.0,0.15195233879968117,4.891730914620365e-07
3636.0,0.300503267908327,4.0,0.15195015190753786,4.881632683666716e-07
3637.0,0.30050234853377605,3.9999999999999996,0.1519479570129337,4.864965859849722e-07
3638.0,0.30050142004617364,3.9999999999999987,0.15194573949452164,4.854183892382083e-07
3639.0,0.3005004823822969,4.0,0.15194350275373358,4.846581754442086e-07
3640.0,0.30049953548154495,4.0,0.1519412536249906,4.833653617952274e-07
3641.0,0.30049857927433904,4.000000000000001,0.151938976697701,4.832197040340329e-07
3642.0,0.30049761370854666,3.999999999999999,0.1519366923413354,4.81690120867649e-07
3643.0,0.30049663871377014,4.0,0.1519343784172118,4.816408693677493e-07
3644.0,0.30049565424001184,4.0,0.15193205494572748,4.803589410562869e-07
3645.0,0.30049466022216936,3.999999999999999,0.151929706407447,4.801269572045509e-07
3646.0,0.3004936566074299,4.0,0.15192734161762533,4.796228157630621e-07
3647.0,0.30049264333921344,3.9999999999999996,0.15192495871683542,4.790813252271072e-07
3648.0,0.3004916203606939,4.000000000000001,0.15192255266979987,4.793779998672305e-07
3649.0,0.300490587623094,3.9999999999999996,0.1519201336718638,4.785636910731268e-07
3650.0,0.3004895450679105,3.999999999999999,0.15191768795011512,4.792723032114917e-07
3651.0,0.30048849265077454,3.9999999999999996,0.1519152302821377,4.78510484061692e-07
3652.0,0.3004874303153843,3.9999999999999982,0.1519127466575781,4.792155941690367e-07
3653.0,0.30048635801804113,4.0,0.15191024820952972,4.789660797705727e-07
3654.0,0.30048527570777306,3.9999999999999987,0.15190772755335058,4.794147734799922e-07
3655.0,0.30048418333940136,3.999999999999999,0.151905187434892,4.79921542724884e-07
3656.0,0.3004830808683129,3.9999999999999996,0.15190262934876625,4.800609744698346e-07
3657.0,0.30048196824795387,4.0,0.1519000478784158,4.812079937066335e-07
3658.0,0.3004808454389993,3.9999999999999996,0.15189745102797608,4.812031462593276e-07
3659.0,0.3004797123953142,3.999999999999999,0.15189482916691435,4.826614231114052e-07
3660.0,0.3004785690806706,4.0,0.15189219197341783,4.828393180537571e-07
3661.0,0.30047741545162676,3.9999999999999996,0.1518895306166657,4.842816362736693e-07
3662.0,0.30047625147298757,4.0,0.15188685188961784,4.849559736792902e-07
3663.0,0.30047507710564103,4.000000000000001,0.15188415137679376,4.861881454167712e-07
3664.0,0.30047389231435506,3.9999999999999996,0.15188143062221826,4.874868123427045e-07
3665.0,0.30047269706479623,3.999999999999999,0.1518786906200006,4.884904715075441e-07
3666.0,0.30047149132183615,4.0,0.1518759279812154,4.903176397948596e-07
3667.0,0.3004702750552743,3.9999999999999996,0.15187314768583046,4.912366497676721e-07
3668.0,0.3004690482310911,4.000000000000001,0.15187034364362884,4.933606518734249e-07
3669.0,0.3004678108219997,4.0,0.15186752212768032,4.944285166628608e-07
3670.0,0.3004665627963512,4.0,0.15186467715274304,4.966079541603862e-07
3671.0,0.30046530412858996,3.9999999999999987,0.1518618136753802,4.98038754902795e-07
3672.0,0.3004640347904096,3.999999999999999,0.15185892798309528,5.001117990313534e-07
3673.0,0.300462754757276,4.000000000000001,0.1518560221533211,5.020118506657954e-07
3674.0,0.30046146400461454,3.999999999999999,0.15185309562698246,5.03934440785891e-07
3675.0,0.3004601625088142,4.0,0.15185014739977132,5.062758206905408e-07
3676.0,0.300458850248841,3.9999999999999996,0.15184717966086836,5.081135054055122e-07
3677.0,0.3004575272024015,4.000000000000001,0.15184418921819876,5.107708103975664e-07
3678.0,0.30045619335143736,4.0,0.15184117977449718,5.126563906489854e-07
3679.0,0.30045484867559946,4.000000000000002,0.151838147366828,5.154700003636918e-07
3680.0,0.3004534931591451,3.999999999999999,0.15183509576369908,5.175462757635179e-07
3681.0,0.3004521267842623,4.0,0.15183202157910564,5.203800749890219e-07
3682.0,0.30045074953699863,3.9999999999999996,0.1518289275009067,5.227486238618142e-07
3683.0,0.30044936140246037,4.0,0.1518258115966734,5.255241670896238e-07
3684.0,0.3004479623682159,3.9999999999999996,0.15182267490142382,5.282197530571104e-07
3685.0,0.30044655242239426,3.9999999999999996,0.1518195172003193,5.309238612629634e-07
3686.0,0.3004451315540811,3.9999999999999982,0.15181633789683666,5.339165058989729e-07
3687.0,0.3004436997542942,4.000000000000001,0.1518131382293779,5.365892274096957e-07
3688.0,0.3004422570138249,3.999999999999999,0.151809916422493,5.398060466601378e-07
3689.0,0.3004408033263044,4.000000000000001,0.15180667458705785,5.42516197837243e-07
3690.0,0.300439338684503,3.999999999999999,0.15180341041726209,5.4586990839542e-07
3691.0,0.30043786308435394,3.999999999999999,0.15180012623550876,5.486893859701743e-07
3692.0,0.3004363765208681,4.000000000000001,0.15179681983160753,5.521019633395764e-07
3693.0,0.300434878992016,4.0,0.15179349318488822,5.550855778122596e-07
3694.0,0.30043337049523533,4.0,0.15179014463867763,5.585031152876269e-07
3695.0,0.3004318510303602,3.999999999999999,0.15178677548217429,5.616782735855468e-07
3696.0,0.3004303205973389,3.999999999999999,0.15178338484381113,5.65075100306847e-07
3697.0,0.3004287791977958,3.9999999999999996,0.15177997320244677,5.684415172124645e-07
3698.0,0.30042722683417844,3.999999999999999,0.1517765404908714,5.718169212747786e-07
3699.0,0.30042566350991085,4.0,0.1517730864440067,5.753526315320102e-07
3700.0,0.30042408922985764,3.999999999999999,0.1517696116643914,5.787229874332932e-07
3701.0,0.30042250399930326,4.000000000000002,0.1517661153272564,5.823937640929288e-07
3702.0,0.3004209078254113,4.0,0.15176259848879103,5.85783392064003e-07
3703.0,0.30041930071540707,3.9999999999999996,0.15175905999576234,5.895514997102645e-07
3704.0,0.30041768267862634,3.999999999999999,0.1517555011257812,5.929850360741492e-07
3705.0,0.3004160537243104,3.999999999999999,0.15175192061868356,5.968159300384187e-07
3706.0,0.3004144138638538,3.9999999999999996,0.1517483197710913,6.003128975818015e-07
3707.0,0.30041276310856785,4.0,0.15174469739309362,6.041790869369354e-07
3708.0,0.3004111014718155,4.0,0.15174105465167517,6.077515020980742e-07
3709.0,0.3004094289670049,3.999999999999999,0.15173739054577373,6.116336398061216e-07
3710.0,0.30040774560940253,3.999999999999999,0.1517337060234498,6.152857525687296e-07
3711.0,0.30040605141451493,4.0,0.15173000033422626,6.191721103249995e-07
3712.0,0.30040434639946934,4.000000000000001,0.15172627416999318,6.229016312045455e-07
3713.0,0.30040263058185074,3.9999999999999996,0.1517225270467919,6.267863062596781e-07
3714.0,0.30040090398062086,3.9999999999999996,0.15171875940183494,6.305864419320165e-07
3715.0,0.30039916661540844,4.0,0.151714971002333,6.344673888836685e-07
3716.0,0.3003974185069932,3.999999999999999,0.15171116205617796,6.383287463564512e-07
3717.0,0.3003956596770053,4.0,0.15170733254945037,6.422059135408527e-07
3718.0,0.3003938901480301,3.9999999999999996,0.15170348249690518,6.461182996094225e-07
3719.0,0.3003921099436533,3.999999999999999,0.15169961206563756,6.499921011211784e-07
3720.0,0.3003903190882527,3.999999999999999,0.1516957211145222,6.539457130531411e-07
3721.0,0.3003885176073247,3.9999999999999996,0.15169180995642778,6.578160920908675e-07
3722.0,0.3003867055270239,3.9999999999999996,0.1516878783261307,6.61802330952025e-07
3723.0,0.30038488287471476,3.9999999999999996,0.1516839266545793,6.656680749865043e-07
3724.0,0.3003830496783083,3.9999999999999996,0.15167995457521857,6.696800164667508e-07
3725.0,0.300381205966998,4.0,0.15167596261944602,6.735384836240347e-07
3726.0,0.30037935177042585,4.000000000000001,0.15167195033134084,6.775710562531608e-07
3727.0,0.30037748711958034,3.999999999999999,0.15166791833637877,6.814179840324859e-07
3728.0,0.30037561204580254,4.0,0.15166386608970742,6.854681609419721e-07
3729.0,0.30037372658184625,4.0,0.15165979431628054,6.892975017826452e-07
3730.0,0.30037183076071483,4.0,0.15165570237061343,6.933644445256699e-07
3731.0,0.3003699246169025,4.0,0.15165159109522044,6.971681474250932e-07
3732.0,0.30036800818503123,3.999999999999999,0.15164745971883847,7.012535593358802e-07
3733.0,0.30036608150131655,4.000000000000002,0.15164330923411876,7.050210649785479e-07
3734.0,0.3003641446019485,3.9999999999999996,0.15163913870289483,7.091298231375962e-07
3735.0,0.30036219752485266,4.0,0.15163494931856625,7.12847273859471e-07
3736.0,0.3003602403077259,3.9999999999999987,0.15163073991417375,7.169884673197184e-07
3737.0,0.30035827299020246,4.000000000000001,0.1516265119587391,7.206373363883692e-07
3738.0,0.30035629561141336,4.0,0.15162226396590875,7.248260366343737e-07
3739.0,0.3003543082127147,4.0,0.15161799778957163,7.283809505149503e-07
3740.0,0.3003523108345793,3.9999999999999996,0.15161371149182593,7.326409582424115e-07
3741.0,0.30035030352011927,4.000000000000002,0.15160940747126544,7.3606628785719e-07
3742.0,0.3003482863110318,3.9999999999999996,0.1516050831443588,7.404345483695398e-07
3743.0,0.30034625925225156,4.0,0.15160074169038723,7.43678990475902e-07
3744.0,0.3003442223865395,4.000000000000002,0.15159637959207142,7.482125982424701e-07
3745.0,0.30034217576077094,4.0,0.15159200116195307,7.512006899055315e-07
3746.0,0.3003401194185481,4.0,0.15158760151583814,7.559881292794369e-07
3747.0,0.30033805340888076,4.000000000000001,0.15158318663310452,7.586067439447428e-07
3748.0,0.30033597777589316,4.0,0.15157874960292494,7.637862099892587e-07
3749.0,0.30033389257104565,3.999999999999999,0.15157429888952043,7.658630704602099e-07
3750.0,0.30033179783851,4.000000000000001,0.15156982453752682,7.716526953498924e-07
3751.0,0.300329693632708,4.0,0.15156533876640152,7.729220818188012e-07
3752.0,0.3003275799971391,3.999999999999999,0.15156082698533413,7.796708488271502e-07
3753.0,0.3003254569900086,4.0,0.1515563071672917,7.797190504875861e-07
3754.0,0.30032332465302447,4.000000000000002,0.1515517575677962,7.87994439580573e-07
3755.0,0.30032118304950794,4.0,0.1515472050964185,7.861743401732434e-07
3756.0,0.30031903221760503,3.9999999999999996,0.15154261681859207,7.969174811161739e-07
3757.0,0.3003168722279191,3.9999999999999996,0.15153803371453858,7.922198443077935e-07
3758.0,0.3003147031121879,3.999999999999999,0.1515334051089426,8.070296628651966e-07
3759.0,0.30031252495185556,4.0,0.15152879443615652,7.979074223248174e-07
3760.0,0.30031033776760097,4.000000000000001,0.15152412251787128,8.195816039831513e-07
3761.0,0.3003081416576104,3.9999999999999996,0.151519489100171,8.037751937974644e-07
3762.0,0.30030593662380095,3.999999999999999,0.15151476860425805,8.373799499537803e-07
3763.0,0.3003037227909899,4.0,0.1515101202722045,8.119968073236425e-07
3764.0,0.30030150012940604,4.0,0.15150534200190532,8.670237196785424e-07
3765.0,0.3002992688072511,4.0,0.15150069178537273,8.298142496627333e-07
3766.0,0.3002970287410942,3.9999999999999987,0.1514958396926001,9.243537209290451e-07
3767.0,0.30029478017122657,3.999999999999999,0.1514912097170017,8.789558420248508e-07
3768.0,0.30029252292275554,3.9999999999999996,0.1514862556875652,1.0463148181904511e-06
3769.0,0.30029025735780335,3.999999999999999,0.1514816841702006,1.0163298154511278e-06
3770.0,0.3002879831442,4.000000000000001,0.15147657861144206,1.310789196253837e-06
3771.0,0.30028570085307493,4.0,0.1514721325557003,1.3605860930806439e-06
3772.0,0.3002834098790569,4.0,0.15146678723081802,1.859252030171703e-06
3773.0,0.30028111115680867,4.0,0.1514625856971978,2.1057872711283605e-06
3774.0,0.30027880360123704,3.9999999999999996,0.1514568420961729,2.927318094060572e-06
3775.0,0.30027648878756724,4.0,0.1514530993014656,3.557666489801957e-06
3776.0,0.3002741647789496,4.0,0.1514466697650905,4.922342379772991e-06
3777.0,0.3002718342934661,3.9999999999999996,0.15144377571893142,6.259511780050534e-06
3778.0,0.30026949386501867,3.999999999999999,0.15143613273137796,8.593320837249985e-06
3779.0,0.3002671482757211,4.000000000000001,0.15143480563026443,1.1234331146492552e-05
3780.0,0.30026479128356487,4.0,0.1514249715585949,1.535314544949768e-05
3781.0,0.3002624314438726,4.000000000000001,0.15142654867897035,2.0428668359223334e-05
3782.0,0.30026005742226924,4.000000000000001,0.15141269248233183,2.789385524852124e-05
3783.0,0.300257684757645,4.000000000000001,0.15141969091936167,3.7569518790676196e-05
3784.0,0.3002552926821389,4.0,0.15139834716568587,5.1388275761579346e-05
3785.0,0.3002529098303206,4.0,0.15141555501332604,6.985090288618765e-05
3786.0,0.3002504978150625,4.000000000000001,0.15138009795501367,9.586366277280119e-05
3787.0,0.30024811019115843,4.0,0.15141671565397655,0.00013127654456987294
3788.0,0.30024567549527637,3.9999999999999987,0.15135435734233496,0.0001809094891081286
3789.0,0.3002432955515295,4.0,0.15142822051357058,0.0002492747888496557
3790.0,0.30024083688000214,4.0,0.1513141060600948,0.00034491378476946493
3791.0,0.3002384969127945,4.000000000000001,0.1514599486888607,0.0004774081807586385
3792.0,0.300236027407906,3.999999999999999,0.15124583298892463,0.0006620056040903862
3793.0,0.30023381954347017,4.000000000000001,0.15153056187535366,0.0009163894762032247
3794.0,0.300231417454839,4.000000000000001,0.15112574315007793,0.0012636308463150757
3795.0,0.3002295956714711,4.0,0.15166939384031855,0.0017228523261805754
3796.0,0.3002274932457081,3.9999999999999987,0.15092786313881776,0.0022962298169422446
3797.0,0.30022641237743786,4.0,0.15188284274476221,0.0029257344267638384
3798.0,0.30022437485997044,4.000000000000001,0.15071159686252414,0.003436870176784824
3799.0,0.3002226246638028,3.9999999999999996,0.1519821228907933,0.003511547484548914
3800.0,0.3002183063632684,4.000000000000001,0.15080834667869192,0.0028407234764696978
3801.0,0.3002143829027477,3.999999999999999,0.15158293930616593,0.0014239066535899558
3802.0,0.30021119684624975,4.000000000000001,0.15137226300097276,0.00031165986347458116
3803.0,0.300209401500921,3.999999999999999,0.1509863361547172,0.001770499064535235
3804.0,0.30020813383399314,4.0,0.1517607781147117,0.0024664478968386195
3805.0,0.3002047654011649,4.000000000000002,0.15090485436930143,0.0021609950429450626
3806.0,0.30020142736218974,4.000000000000001,0.1514778462993953,0.0009987903074329422
3807.0,0.3001986067788958,3.999999999999999,0.15137588271924518,0.000474790112495407
3808.0,0.3001965632432413,4.0,0.150991519120219,0.0015959201180018774
3809.0,0.3001946443252453,4.0,0.15162830950287234,0.0018972080972750004
3810.0,0.30019121882700694,4.0,0.15103530619711877,0.0012964136143948067
3811.0,0.3001882955187799,4.000000000000002,0.15129305357255213,0.00014059779311201528
3812.0,0.3001860735339834,4.000000000000001,0.15143992543907542,0.0009669986055951907
3813.0,0.3001836599759802,3.9999999999999996,0.15098245519475317,0.0014979494178291718
3814.0,0.3001811255740676,4.0,0.15147981129530255,0.0012406047997084457
3815.0,0.30017797338428787,4.0,0.15117407586394516,0.00038983209844587597
3816.0,0.30017541913105666,3.9999999999999996,0.15113510455386764,0.0005730197859596852
3817.0,0.3001732792823625,4.000000000000002,0.151446828689752,0.0011501123492126358
3818.0,0.30017042544669226,4.0,0.15103057656951885,0.0010854488490707227
3819.0,0.3001676807867446,4.000000000000001,0.15131024075138658,0.0004692763323044434
3820.0,0.30016502144421314,4.0,0.15127865462673112,0.0003272731564180248
3821.0,0.30016248961980996,3.999999999999999,0.1510524953544302,0.0008759234535823008
3822.0,0.3001600581256344,4.0,0.15137624028511823,0.000915772974252417
3823.0,0.30015711863181915,3.999999999999999,0.15111480206169003,0.0004754966020021737
3824.0,0.30015445919484857,4.0,0.15116542622472992,0.00016964981999328298
3825.0,0.30015202331042834,4.0,0.1513128472971933,0.0006615013479798461
3826.0,0.30014929179446076,3.9999999999999987,0.15104627095487363,0.0007597212787215342
3827.0,0.30014665077718805,4.0,0.15126294091016557,0.0004504136549152952
3828.0,0.3001439060633761,4.0,0.1511861587792813,6.331422126691107e-05
3829.0,0.30014127285647285,3.9999999999999987,0.15107847643348177,0.0004932867127141645
3830.0,0.3001387636403927,4.000000000000002,0.15127804939399722,0.0006223759901386966
3831.0,0.30013594049354647,4.000000000000001,0.1510819005146673,0.0004141702153980343
3832.0,0.300133264784462,4.000000000000001,0.15115418547823198,1.0021299868128076e-05
3833.0,0.3001306661744343,3.9999999999999996,0.15121277810678604,0.00035863552585442446
3834.0,0.3001279495783451,4.000000000000001,0.15104865307544707,0.0005045613905687986
3835.0,0.3001253210533099,4.0,0.1512043354627047,0.0003733465273744469
3836.0,0.3001225585644001,3.9999999999999996,0.15111867224807615,6.203976116652797e-05
3837.0,0.3001198743404606,3.999999999999999,0.15107841186122725,0.00025091748577591117
3838.0,0.300117276872408,3.999999999999999,0.15119295721059853,0.0004025942837589329
3839.0,0.30011450059600603,4.0,0.15105228263434198,0.0003322161618106611
3840.0,0.3001118160169257,4.000000000000001,0.15112558654743005,9.74204756434919e-05
3841.0,0.3001091282850048,3.999999999999999,0.15113210651578865,0.00016345620516579787
3842.0,0.3001064031255435,4.000000000000001,0.15103854478796946,0.0003152330819436066
3843.0,0.3001037501961906,4.0,0.15114423508054806,0.0002904582728610907
3844.0,0.3001009820341781,4.000000000000001,0.15106297682026393,0.00012077779066712196
3845.0,0.30009827140561074,4.0,0.15106226982003362,9.388689558008573e-05
3846.0,0.3000956020161157,3.999999999999999,0.15111785261907096,0.00023908598670495905
3847.0,0.30009283995823,4.0,0.15102237539772675,0.00024965297008374017
3848.0,0.3000901419189357,4.0,0.1510870020612699,0.0001329233962292382
3849.0,0.30008740440689213,3.9999999999999996,0.151063957051593,3.839656961157616e-05
3850.0,0.3000846668882188,3.9999999999999996,0.1510192797061311,0.00017395510084674534
3851.0,0.30008197747319765,4.0,0.1510839363866381,0.00020868561656628418
3852.0,0.3000792058961031,4.0,0.15101476487306723,0.00013668409972305691
3853.0,0.30007647928552744,4.0,0.15103484534561373,3.6586969561199058e-06
3854.0,0.30007375702513206,4.0,0.1510501238229723,0.00011758094475613468
3855.0,0.3000709954104702,3.9999999999999996,0.15099172221347415,0.0001692201524611399
3856.0,0.3000682786051243,4.0,0.15104140077236453,0.0001320586174339071
3857.0,0.30006551412039173,3.999999999999999,0.1510050750203417,3.4493694648328533e-05
3858.0,0.3000627658230693,3.999999999999999,0.15099270268531226,7.075325134810809e-05
3859.0,0.30006003975529805,3.999999999999999,0.15102400282687853,0.00013054371658376867
3860.0,0.30005726512389813,4.0,0.1509719296020111,0.00012164879151316252
3861.0,0.3000545256335019,4.0,0.15099854878659374,5.4329719726554147e-05
3862.0,0.30005176845326353,4.0,0.15098870870705425,3.192411200334547e-05
3863.0,0.300049002830468,4.000000000000001,0.1509596995178134,9.478837952793682e-05
3864.0,0.30004626400645784,4.0,0.15099079153119843,0.0001055317681813382
3865.0,0.3000434861703656,4.000000000000001,0.15095362510557697,6.546628037272467e-05
3866.0,0.30004072936300274,4.0,0.150959509586296,2.4616141225633667e-06
3867.0,0.30003797323146586,4.000000000000001,0.15096550913601353,6.161181331945321e-05
3868.0,0.3000351959496433,4.0,0.15093253617881303,8.654924343467674e-05
3869.0,0.3000324433357082,3.9999999999999996,0.15095516530515043,6.779615613460115e-05
3870.0,0.3000296663731129,4.0,0.1509333290711483,1.9734500396061807e-05
3871.0,0.3000268965442753,3.999999999999999,0.15092507796219504,3.333727948558932e-05
3872.0,0.300024136439097,4.000000000000002,0.15093741314521283,6.50438091227973e-05
3873.0,0.3000213531118472,4.0,0.1509079332308205,6.402384977855986e-05
3874.0,0.3000185888008626,4.0,0.15092001318440781,3.302414489800132e-05
3875.0,0.3000158127560304,4.000000000000001,0.15090994211693315,9.59195567816118e-06
3876.0,0.300013033873647,4.000000000000001,0.15089433546641912,4.403889827426895e-05
3877.0,0.3000102678274887,4.0,0.15090667729579546,5.4448437346790284e-05
3878.0,0.3000074823694812,3.999999999999999,0.1508836245539594,3.961920583621892e-05
3879.0,0.30000470922123024,4.000000000000001,0.15088656936652853,7.826029648922582e-06
3880.0,0.3000019329546477,3.999999999999999,0.1508837639699335,2.3887513890793102e-05
3881.0,0.29999914870024336,4.0,0.15086585920914525,4.217295849205556e-05
3882.0,0.29999637700346915,4.0,0.15087505190510464,3.921529836738695e-05
3883.0,0.2999935915111771,4.0,0.15085847132647767,1.9617444196069005e-05
3884.0,0.2999908124091124,3.9999999999999987,0.1508549588593801,7.38671910996431e-06
3885.0,0.29998803524141726,4.0,0.15085564070679375,2.7781967924931937e-05
3886.0,0.2999852486874317,4.0,0.1508384262289051,3.448569537999813e-05
3887.0,0.29998247275782153,4.0,0.15084355665324184,2.4838811799060847e-05
3888.0,0.29997968826962906,4.0,0.15083215371690617,5.894468032781523e-06
3889.0,0.2999769059230884,3.9999999999999996,0.1508248053177501,1.4417014606620183e-05
3890.0,0.29997412800083845,4.0,0.15082641740881317,2.579353968485813e-05
3891.0,0.29997134149994886,4.0,0.15081123145377495,2.5446459545829616e-05
3892.0,0.29996856320369103,4.0,0.15081263847326035,1.3651667539893225e-05
3893.0,0.29996578040154165,4.000000000000002,0.15080478892460808,2.5201114561688864e-06
3894.0,0.29996299724522785,4.000000000000001,0.15079561014658796,1.6247736400284578e-05
3895.0,0.299960219391314,4.0,0.15079673593992293,2.1309151716682636e-05
3896.0,0.29995743470020053,4.0,0.15078385714928874,1.7395805946635095e-05
3897.0,0.2999546560072165,3.999999999999999,0.1507823786483583,6.0453504686532226e-06
3898.0,0.299951875626532,4.0,0.15077666628409556,6.3469007924347325e-06
3899.0,0.2999490937687448,4.000000000000001,0.15076694986980269,1.5232626596329865e-05
3900.0,0.29994631721040255,3.9999999999999982,0.15076698768940877,1.639131317215728e-05
3901.0,0.2999435357311996,4.0,0.1507561627172069,1.1194353316396788e-05
3902.0,0.2999407585512063,4.0,0.15075268910437642,1.635032627320546e-06
3903.0,0.299937981498972,4.0,0.1507480752203386,7.618697674358463e-06
3904.0,0.29993520275692964,4.000000000000001,0.15073853860242648,1.3011601314550293e-05
3905.0,0.29993242891549626,4.0,0.15073737443130472,1.2056758320857083e-05
3906.0,0.2999296518747283,3.9999999999999987,0.15072815479209684,6.874041261426274e-06
3907.0,0.2999268779970342,3.9999999999999987,0.15072343271161337,1.5335884853739168e-06
3908.0,0.29992410534503555,4.000000000000001,0.1507192487497642,7.424063299602698e-06
3909.0,0.29992133129953885,4.000000000000002,0.15071021115254501,1.0547358873543852e-05
3910.0,0.29991856165994096,4.0,0.15070797391058868,8.653607158932187e-06
3911.0,0.299915790225515,4.000000000000001,0.15069990926675922,4.112199341090644e-06
3912.0,0.2999130212943676,3.999999999999999,0.15069448133545935,2.4655409554926453e-06
3913.0,0.29991025422463324,3.999999999999999,0.15069034609183385,6.5494964200156784e-06
3914.0,0.2999074862939293,3.999999999999999,0.15068189541556992,8.312434787153642e-06
3915.0,0.2999047223241914,4.0,0.15067879675907966,6.1738267437087804e-06
3916.0,0.2999019576531898,4.000000000000002,0.1506715150477974,2.50414594743371e-06
3917.0,0.29989919518071917,4.0,0.15066574259027174,2.704052363238299e-06
3918.0,0.29989643492599266,4.000000000000001,0.1506614658094898,5.46185863081386e-06
3919.0,0.29989367441769726,4.0,0.15065357231764273,6.476637175329736e-06
3920.0,0.2998909175351038,4.0,0.15064982762585882,4.460070090765671e-06
3921.0,0.29988816078361386,4.000000000000001,0.1506430526369028,1.6795512492517152e-06
3922.0,0.29988540616525483,3.9999999999999996,0.15063715641928807,2.5393968676174654e-06
3923.0,0.2998826539690984,3.999999999999999,0.15063266541033785,4.402508466410016e-06
3924.0,0.29987990211471366,4.000000000000001,0.1506252525968934,5.0499424092159685e-06
3925.0,0.29987715366682655,3.999999999999999,0.1506210427525906,3.3199739312747597e-06
3926.0,0.29987440598681686,4.000000000000001,0.1506145866325999,1.323210173354551e-06
3927.0,0.29987166052067915,4.0,0.1506086911669311,2.1992529927440587e-06
3928.0,0.29986891760563816,4.0,0.1506039748899645,3.4742142088544767e-06
3929.0,0.2998661755814502,4.0,0.15059695939160472,3.973086439052764e-06
3930.0,0.29986343684278727,4.0,0.15059242264937153,2.5791945760111495e-06
3931.0,0.2998606993684272,3.999999999999998,0.1505861643309946,1.1957677130048375e-06
3932.0,0.2998579642718945,3.9999999999999996,0.15058033373210697,1.8189536942433246e-06
3933.0,0.2998552318231705,4.000000000000002,0.15057541096066834,2.7054241733231197e-06
3934.0,0.29985250075651315,3.9999999999999987,0.1505687181109248,3.1676415202244356e-06
3935.0,0.299849772930183,3.999999999999999,0.15056395369367492,2.099225210104195e-06
3936.0,0.2998470467684645,4.0,0.15055782101215903,1.1652787353402685e-06
3937.0,0.2998443231874719,4.0,0.1505520821135512,1.4730241986720792e-06
3938.0,0.2998416023428372,4.0,0.15054698280691506,2.0908994536428508e-06
3939.0,0.2998388833160378,4.0,0.15054055354557133,2.5609549276970325e-06
3940.0,0.29983616753579573,4.0,0.1505356284097739,1.779311381769798e-06
3941.0,0.29983345375710024,4.000000000000001,0.15052958198822494,1.1737191409118478e-06
3942.0,0.2998307427745663,4.000000000000001,0.15052394126631696,1.201725731503596e-06
3943.0,0.29982803461866153,3.9999999999999996,0.1505186969364765,1.6157895524532254e-06
3944.0,0.2998253286675399,4.0,0.15051248675650322,2.0951024496400913e-06
3945.0,0.2998226260024659,3.999999999999999,0.15050744488240567,1.5519599023854364e-06
3946.0,0.29981992563385984,4.0,0.15050146643804746,1.1928426560226933e-06
3947.0,0.2998172282728753,4.0,0.15049591861175607,1.0229611904294373e-06
3948.0,0.29981453383584367,4.0,0.1504905595634496,1.2682734265006083e-06
3949.0,0.2998118419478405,4.0,0.15048453560300115,1.7293899832544511e-06
3950.0,0.2998091534046605,4.0,0.1504794045284907,1.3753082962257277e-06
3951.0,0.2998064674259918,4.0,0.15047348951564327,1.2050905567593893e-06
3952.0,0.299803784652131,3.9999999999999996,0.15046802290523986,9.332303909606759e-07
3953.0,0.2998011049082614,4.000000000000001,0.1504625769245368,1.0418219977616251e-06
3954.0,0.29979842802073225,3.999999999999999,0.15045671479506736,1.4391941541014001e-06
3955.0,0.29979575454654056,4.0,0.1504515116861675,1.2269760217488483e-06
3956.0,0.2997930838867618,4.0,0.1504456632755623,1.1989103904580486e-06
3957.0,0.29979041660953876,4.000000000000001,0.15044026297776225,9.071198707486836e-07
3958.0,0.29978775247751865,4.0,0.15043475614948537,9.269332421656043e-07
3959.0,0.2997850914752647,4.000000000000001,0.15042903604323216,1.2130078305351314e-06
3960.0,0.2997824339597761,3.9999999999999987,0.1504237724896723,1.0988553800790944e-06
3961.0,0.2997797794950741,3.999999999999999,0.1504179979358326,1.1690324867311506e-06
3962.0,0.2997771285681751,4.000000000000001,0.15041264722035214,9.1011843601215e-07
3963.0,0.2997744809114157,4.0,0.15040710479016858,8.970592260610807e-07
3964.0,0.29977183662549656,4.0,0.15040150894889612,1.0481955155958713e-06
3965.0,0.2997691959023147,4.0,0.150396194293804,9.931364246685081e-07
3966.0,0.2997665584544803,3.999999999999999,0.15039050184762334,1.1163181056266732e-06
3967.0,0.299763924676768,4.000000000000001,0.15038518393278635,9.152931746030437e-07
3968.0,0.2997612943032892,4.0,0.15037963052980108,9.11405918556807e-07
3969.0,0.2997586675099016,3.9999999999999987,0.15037414113965689,9.43148341665571e-07
3970.0,0.29975604435816766,3.9999999999999996,0.15036878552592758,9.175563870742349e-07
3971.0,0.2997534246931782,4.0,0.15036318170762597,1.0478491466551174e-06
3972.0,0.29975080880935995,4.0,0.1503578812507722,9.091833275959752e-07
3973.0,0.29974819647196954,3.999999999999999,0.15035234086255284,9.334560980965926e-07
3974.0,0.29974558789192035,4.000000000000001,0.1503469389312415,8.888614968752967e-07
3975.0,0.29974298303715957,3.9999999999999996,0.15034155506770008,8.773183369287431e-07
3976.0,0.2997403818644626,4.0,0.15033604270478917,9.759091355793545e-07
3977.0,0.2997377845660494,3.999999999999999,0.15033074757750978,8.909037714444986e-07
3978.0,0.29973519096183976,3.999999999999999,0.15032524234867486,9.414402101423671e-07
3979.0,0.29973260126093587,4.000000000000001,0.15031990798763054,8.670405550974494e-07
3980.0,0.29973001537558314,3.9999999999999996,0.1503145119238114,8.675391001639581e-07
3981.0,0.2997274333474734,4.0,0.15030908851944114,9.141577946155455e-07
3982.0,0.29972485527403026,4.0,0.15030379181327802,8.682680639181406e-07
3983.0,0.2997222810437473,3.999999999999999,0.15029834022224878,9.28778626783947e-07
3984.0,0.2997197108335873,3.9999999999999996,0.15029305386598033,8.576956359483116e-07
3985.0,0.29971714453711595,4.0,0.15028766460077467,8.731090103063185e-07
3986.0,0.29971458224881303,4.0,0.15028232182353518,8.71560999699271e-07
3987.0,0.2997120239888643,4.0,0.1502770232307616,8.513518377224777e-07
3988.0,0.2997094697163268,4.0,0.15027163802938912,9.006130810235089e-07
3989.0,0.29970691955576684,4.0,0.1502663827534948,8.485387187460094e-07
3990.0,0.2997043734140529,4.0,0.1502610202893134,8.770842855104729e-07
3991.0,0.29970183140460055,3.999999999999999,0.15025574490894858,8.475561770447114e-07
3992.0,0.29969929349623814,3.999999999999999,0.1502504511876507,8.449500352069044e-07
3993.0,0.29969675970787,3.9999999999999996,0.1502451375733048,8.682295547329959e-07
3994.0,0.29969423010479357,4.0,0.15023990183658334,8.376802500694997e-07
3995.0,0.2996917046291734,3.9999999999999996,0.1502345842374441,8.697959386345592e-07
3996.0,0.29968918338301787,4.0,0.15022936049727612,8.342265624069983e-07
3997.0,0.29968666631382607,4.0,0.1502240843271733,8.448510529386415e-07
3998.0,0.29968415347899335,4.0,0.15021883946595807,8.416639666001185e-07
3999.0,0.29968164489177784,4.0,0.1502136192247325,8.290321547328052e-07
4000.0,0.2996791405380288,3.999999999999999,0.1502083593039472,8.519118061186238e-07
4001.0,0.29967664048735304,3.999999999999999,0.1502031726009888,8.241813179419032e-07
4002.0,0.29967414469347053,4.0,0.1501979295622635,8.422662775014266e-07
4003.0,0.2996716532258049,3.999999999999999,0.1501927440541541,8.238994879952657e-07
4004.0,0.2996691660641779,4.0,0.15018754334164253,8.246658913740398e-07
4005.0,0.299666683231931,4.000000000000001,0.15018234612653703,8.307415763168038e-07
4006.0,0.2996642047591158,3.999999999999999,0.15017718688460624,8.154664788865449e-07
4007.0,0.29966173062386836,4.0,0.15017199123092637,8.32040907398138e-07
4008.0,0.2996592608835955,3.999999999999999,0.15016685260972407,8.119143990381185e-07
4009.0,0.2996567955083875,4.000000000000001,0.15016168169568506,8.211186970857231e-07
4010.0,0.2996543345416973,4.000000000000001,0.15015654407158804,8.129103228526119e-07
4011.0,0.2996518779811921,4.0,0.15015141029657247,8.091269857936954e-07
4012.0,0.29964942583383325,4.0,0.15014627078196216,8.162115251984846e-07
4013.0,0.29964697813077995,4.000000000000002,0.15014116828463533,8.025777441586263e-07
4014.0,0.29964453485265174,4.0,0.15013603952750582,8.133672652652292e-07
4015.0,0.2996420960419533,4.000000000000001,0.15013095269663096,7.998467902186382e-07
4016.0,0.29963966168095424,4.000000000000001,0.15012584985853733,8.040261182362773e-07
4017.0,0.29963723179638746,4.0,0.15012076746015376,8.002611148279194e-07
4018.0,0.2996348063927239,4.000000000000001,0.1501156961747391,7.952398317703773e-07
4019.0,0.2996323854705882,4.0,0.15011061898737635,8.006813559267071e-07
4020.0,0.29962996905576655,3.9999999999999987,0.15010557320441484,7.899138289002253e-07
4021.0,0.2996275571334443,4.000000000000001,0.15010051093228505,7.965963330131152e-07
4022.0,0.299625149733623,4.0,0.15009547993012404,7.873331632721483e-07
4023.0,0.2996227468453529,4.000000000000001,0.15009044223151807,7.890042239659492e-07
4024.0,0.29962034848554253,3.9999999999999982,0.15008541944342824,7.86642198002154e-07
4025.0,0.29961795465918417,4.000000000000001,0.15008040903173664,7.820038537743538e-07
4026.0,0.2996155653650775,4.000000000000001,0.15007539587633364,7.853990540864552e-07
4027.0,0.29961318062194964,3.999999999999999,0.1500704081249226,7.772495147380372e-07
4028.0,0.299610800418688,4.0,0.15006541133232618,7.812545661774434e-07
4029.0,0.2996084247758677,4.0,0.1500604390967617,7.744320888594732e-07
4030.0,0.29960605368535076,3.999999999999999,0.15005546495525668,7.750271235068806e-07
4031.0,0.2996036871582749,4.000000000000001,0.15005050402351033,7.727754140041231e-07
4032.0,0.2996013251972325,4.0,0.15004555424085714,7.690884644566685e-07
4033.0,0.2995989678007642,4.0,0.1500406055437268,7.706914729784739e-07
4034.0,0.29959661498073,3.999999999999999,0.15003567712725793,7.645802626783823e-07
4035.0,0.2995942667283752,3.999999999999999,0.1500307450243642,7.668471679852033e-07
4036.0,0.29959192305712085,3.9999999999999996,0.15002583326738878,7.614263713145218e-07
4037.0,0.29958958395939045,3.999999999999999,0.1500209220028812,7.616298915876054e-07
4038.0,0.29958724944254533,4.0,0.15001602387446566,7.590755549067664e-07
4039.0,0.29958491950573746,4.000000000000001,0.1500111349257817,7.564022270819621e-07
4040.0,0.2995825941475425,4.0,0.15000625061225978,7.565653972878945e-07
4041.0,0.29958027337362547,3.999999999999999,0.15000138238293517,7.520182513075238e-07
4042.0,0.29957795717657704,4.0,0.14999651447106452,7.530619708595105e-07
4043.0,0.29957564556399485,4.0,0.1499916639398308,7.485695191673279e-07
4044.0,0.29957333852789453,3.999999999999999,0.1499868153309729,7.486116365103603e-07
4045.0,0.29957103607258595,4.0,0.14998198016187192,7.457436253996339e-07
4046.0,0.2995687381937374,4.000000000000001,0.14997715229290384,7.439403370996111e-07
4047.0,0.29956644488972706,4.0,0.14997233203706486,7.429830598076993e-07
4048.0,0.2995641561607296,4.0,0.1499675243714548,7.396813048389968e-07
4049.0,0.29956187200007844,4.000000000000002,0.14996272029649654,7.397439459310985e-07
4050.0,0.2995595924101987,4.000000000000001,0.14995793105517233,7.360353928388405e-07
4051.0,0.299557317382521,4.000000000000001,0.149953145045619,7.358851059756003e-07
4052.0,0.29955504691830775,4.000000000000002,0.14994837245292994,7.328859591418452e-07
4053.0,0.2995527810102506,4.0,0.14994360583186067,7.317122842559603e-07
4054.0,0.2995505196560052,3.999999999999999,0.14993884905494678,7.299385062584545e-07
4055.0,0.29954826285100566,3.9999999999999996,0.149934101992205,7.276440853706079e-07
4056.0,0.29954601058890806,4.0,0.14992936134706014,7.268510377192646e-07
4057.0,0.29954376286729856,3.999999999999999,0.14992463301388734,7.239222230617263e-07
4058.0,0.29954151967723497,4.0,0.1499199095241858,7.234254022481765e-07
4059.0,0.2995392810165659,4.0,0.14991519871769432,7.205696107941434e-07
4060.0,0.2995370468758388,4.0,0.14991049342115428,7.197121900041409e-07
4061.0,0.29953481725121833,4.000000000000001,0.14990579922043828,7.174650021793094e-07
4062.0,0.29953259213433087,4.000000000000001,0.14990111263651065,7.159226934753743e-07
4063.0,0.2995303715186224,3.999999999999999,0.14989643475568468,7.144200990241278e-07
4064.0,0.2995281553972431,4.000000000000001,0.14989176673396074,7.12260868704913e-07
4065.0,0.2995259437610792,4.0,0.1498871054821658,7.112665587061306e-07
4066.0,0.2995237366041689,4.0,0.149882455400153,7.088257435638213e-07
4067.0,0.29952153391584435,4.0,0.1498778113754796,7.079374585932864e-07
4068.0,0.2995193356898567,4.000000000000002,0.1498731784982789,7.056095236974542e-07
4069.0,0.2995171419151958,4.0,0.14986855222757864,7.044828940698333e-07
4070.0,0.29951495258425975,4.000000000000001,0.1498639360242021,7.025365069284157e-07
4071.0,0.29951276768654045,4.0,0.149859327723384,7.010140840388907e-07
4072.0,0.2995105872125623,4.0,0.149854728012087,6.995061288697825e-07
4073.0,0.29950841115253035,4.000000000000001,0.14985013753881665,6.976321725742173e-07
4074.0,0.2995062394952108,3.9999999999999996,0.1498455544461096,6.964357969381931e-07
4075.0,0.2995040722311675,4.000000000000002,0.14984098141061225,6.943886975846352e-07
4076.0,0.2995019093479643,3.999999999999999,0.14983641521469235,6.932925266366558e-07
4077.0,0.29949975083588476,3.999999999999999,0.14983185915766017,6.912834673345324e-07
4078.0,0.2994975966819686,3.9999999999999996,0.14982731011214623,6.900961976968912e-07
4079.0,0.2994954468756105,4.0,0.14982277066089933,6.882817697638526e-07
4080.0,0.2994933014038458,4.0,0.14981823887273016,6.868968537127697e-07
4081.0,0.29949116025482403,4.0,0.14981371582167782,6.853353117029178e-07
4082.0,0.29948902341578854,4.0,0.1498092012145863,6.837456572257808e-07
4083.0,0.29948689087361013,4.0,0.14980469452139225,6.824011547872703e-07
4084.0,0.29948476261565116,4.0,0.1498001968732252,6.80675611410982e-07
4085.0,0.2994826386277252,3.9999999999999996,0.14979570659767638,6.794554273044504e-07
4086.0,0.2994805188970312,4.000000000000001,0.14979122561567929,6.77696319736259e-07
4087.0,0.29947840340867016,3.999999999999999,0.14978675183996562,6.764971237772937e-07
4088.0,0.299476292149345,4.0,0.1497822872371143,6.747989809633468e-07
4089.0,0.2994741851037727,4.0,0.1497778299996451,6.735420158535483e-07
4090.0,0.29947208225789784,4.000000000000001,0.14977338154651065,6.719648160227556e-07
4091.0,0.2994699835962725,4.0,0.14976894080705863,6.706124702345191e-07
4092.0,0.29946788910395417,4.0,0.14976450834966828,6.69173068956202e-07
4093.0,0.29946579876540674,4.0,0.14976008398735635,6.677282921419554e-07
4094.0,0.2994637125648101,4.0,0.14975566743638516,6.664074137682116e-07
4095.0,0.29946163048649327,3.999999999999999,0.14975125927033117,6.649015251432899e-07
4096.0,0.29945955251386974,3.9999999999999996,0.14974685857433023,6.636593314168861e-07
4097.0,0.2994574786310116,3.9999999999999996,0.14974246639369862,6.621357687603035e-07
4098.0,0.2994554088207254,3.999999999999999,0.1497380815089332,6.609280856178206e-07
4099.0,0.2994533430666825,3.999999999999999,0.14973370510110973,6.594281998320778e-07
4100.0,0.29945128135123933,4.000000000000001,0.1497293359675769,6.582185154533054e-07
4101.0,0.29944922365754556,4.0,0.14972497513711291,6.567723023502179e-07
4102.0,0.29944716996762805,3.9999999999999996,0.14972062166540295,6.555380444299054e-07
4103.0,0.2994451202640392,3.999999999999999,0.149716276241862,6.54160526260617e-07
4104.0,0.29944307452854574,4.0,0.14971193831037113,6.528938543954073e-07
4105.0,0.2994410327430798,4.0,0.14970760814715006,6.515863756322108e-07
4106.0,0.29943899488916836,3.9999999999999996,0.14970328560672705,6.502911744999304e-07
4107.0,0.29943696094814387,4.0,0.14969897057416418,6.490453783143545e-07
4108.0,0.2994349309012773,3.9999999999999996,0.14969466325667777,6.477328380935171e-07
4109.0,0.2994329047293507,3.999999999999999,0.14969036323303506,6.4653527285073e-07
4110.0,0.29943088241334237,3.999999999999999,0.14968607096041356,6.452194698089748e-07
4111.0,0.2994288639335458,4.000000000000001,0.14968178582373654,6.440557314897941e-07
4112.0,0.2994268492706055,3.999999999999999,0.14967750841520314,6.427500777558479e-07
4113.0,0.29942483840438716,3.9999999999999996,0.1496732380374999,6.41607670783467e-07
4114.0,0.2994228313151647,4.0,0.14966897531427506,6.403228295897888e-07
4115.0,0.2994208279824292,3.999999999999999,0.1496647195582782,6.39192526800395e-07
4116.0,0.29941882838605854,3.9999999999999982,0.1496604713457484,6.37935647222946e-07
4117.0,0.299416832505209,4.0,0.1496562300640599,6.368117589532067e-07
4118.0,0.2994148403193509,4.0,0.14965199619185307,6.35586563690469e-07
4119.0,0.299412851807333,3.999999999999999,0.14964776922776446,6.344665310368904e-07
4120.0,0.2994108669482173,4.0,0.14964354952862466,6.332739677207547e-07
4121.0,0.2994088857205623,4.0,0.14963933671771462,6.321575256496663e-07
4122.0,0.29940690810303106,3.999999999999999,0.14963513102591583,6.309966906337546e-07
4123.0,0.29940493407390034,4.0,0.1496309321978906,6.298849644201334e-07
4124.0,0.2994029636114497,4.000000000000001,0.14962674034758386,6.287539205950306e-07
4125.0,0.2994009966936795,3.9999999999999996,0.1496225553280116,6.27648714685438e-07
4126.0,0.2993990332985036,3.9999999999999987,0.1496183771518471,6.265451271859123e-07
4127.0,0.29939707340364885,3.9999999999999996,0.14961420576349344,6.254483577536673e-07
4128.0,0.2993951169866824,3.9999999999999996,0.1496100410916923,6.243699906359026e-07
4129.0,0.2993931640250614,4.000000000000002,0.14960588315543052,6.232832931724217e-07
4130.0,0.2993912144960247,4.0,0.14960173181521735,6.222282866574048e-07
4131.0,0.29938926837676394,3.999999999999999,0.14959758715064092,6.211528399626219e-07
4132.0,0.2993873256442056,4.0,0.14959344896594265,6.201198246136107e-07
4133.0,0.29938538627528355,4.0,0.14958931739172412,6.190562726742266e-07
4134.0,0.2993834502466264,4.000000000000001,0.14958519218309796,6.180444309873977e-07
4135.0,0.29938151753491854,4.000000000000001,0.14958107351717884,6.169928352801251e-07
4136.0,0.29937958811650334,4.000000000000002,0.1495769611018255,6.160019299241831e-07
4137.0,0.29937766196782734,4.000000000000001,0.14957285516160096,6.149617617935998e-07
4138.0,0.2993757390649576,4.0,0.14956875535333325,6.139921401318343e-07
4139.0,0.29937381938411756,4.0,0.14956466195590346,6.129622648607549e-07
4140.0,0.29937190290110505,4.0,0.1495605745650326,6.120149109470634e-07
4141.0,0.29936998959193717,4.0,0.14955649352757064,6.109934876143975e-07
4142.0,0.2993680794321463,3.999999999999999,0.1495524183606199,6.100701695330483e-07
4143.0,0.29936617239756413,4.0,0.14954834950098234,6.090544704811385e-07
4144.0,0.29936426846345693,4.000000000000001,0.14954428636008862,6.081579685273256e-07
4145.0,0.2993623676054975,4.000000000000001,0.1495402294978035,6.071440904575205e-07
4146.0,0.2993604697986789,4.000000000000001,0.1495361781796726,6.062785868211374e-07
4147.0,0.299358575018548,3.999999999999999,0.1495321331374633,6.052609485711924e-07
4148.0,0.29935668323981024,4.0,0.1495280934316638,6.044326811222536e-07
4149.0,0.29935479443792945,4.0,0.14952406003780966,6.034032282990182e-07
4150.0,0.29935290858729646,4.000000000000001,0.14952003172400286,6.026215073620334e-07
4151.0,0.29935102566335053,4.000000000000001,0.14951600981604304,6.015684813542972e-07
4152.0,0.2993491456401215,4.0,0.1495119926595273,6.008472997038007e-07
4153.0,0.2993472684931062,4.0,0.14950798209008354,5.997532996844623e-07
4154.0,0.2993453941958983,3.999999999999999,0.14950397583465558,5.991139197269536e-07
4155.0,0.2993435227241702,4.0,0.1494999764806811,5.979528447882797e-07
4156.0,0.29934165405095914,3.9999999999999987,0.1494959808370992,5.974279960128617e-07
4157.0,0.29933978815228846,4.0,0.14949199261478185,5.961602325212268e-07
4158.0,0.29933792500044587,4.0,0.14948800724195815,5.958010176745331e-07
4159.0,0.2993360645720724,4.0,0.14948403013099074,5.943658732590462e-07
4160.0,0.29933420683839856,4.0,0.14948005460507333,5.942534132411375e-07
4161.0,0.29933235177709516,4.000000000000001,0.1494760886886315,5.925572949734169e-07
4162.0,0.29933049935784195,4.0,0.14947212245165714,5.928229127554321e-07
4163.0,0.29932864955998995,3.9999999999999996,0.1494681679830177,5.90721350919874e-07
4164.0,0.29932680235086895,4.000000000000001,0.14946421025673645,5.915827753747529e-07
4165.0,0.29932495771255274,3.999999999999999,0.1494602677715358,5.888547285769131e-07
4166.0,0.2993231156087174,3.9999999999999987,0.14945631741127818,5.906840686800309e-07
4167.0,0.2993212760258539,4.000000000000002,0.14945238791874052,5.870007919372776e-07
4168.0,0.2993194389218356,4.0,0.14944844316300196,5.904594076282816e-07
4169.0,0.29931760429036536,4.0,0.1494445284752332,5.853668128965569e-07
4170.0,0.2993157720799296,3.9999999999999987,0.14944058651199674,5.91690025787111e-07
4171.0,0.29931394229611114,4.0,0.1494366898171397,5.846828278716548e-07
4172.0,0.2993121148719722,4.0,0.14943274602488923,5.963170620781021e-07
4173.0,0.2993102898328698,4.000000000000002,0.1494288728953313,5.872771806990317e-07
4174.0,0.29930846708615133,3.9999999999999996,0.14942491950077966,6.093536108688653e-07
4175.0,0.2993066466904621,3.9999999999999996,0.14942107968535265,6.001942427314329e-07
4176.0,0.29930482850969775,4.000000000000002,0.14941710336477682,6.438151564025132e-07
4177.0,0.2993030126592026,3.9999999999999996,0.14941331400794367,6.433903362299989e-07
4178.0,0.29930119892850066,3.9999999999999996,0.14940929155616223,7.31635995778219e-07
4179.0,0.29929938753065966,4.0,0.14940558304041626,7.661579957989292e-07
4180.0,0.2992975781263221,4.0,0.14940147346996854,9.405290034955158e-07
4181.0,0.2992957710990026,3.999999999999999,0.14939790012822882,1.0648895852001246e-06
4182.0,0.29929396588328294,3.9999999999999996,0.14939363010866913,1.3894670496315495e-06
4183.0,0.2992921631634996,3.9999999999999987,0.14939029006684668,1.6940067536247468e-06
4184.0,0.2992903619730106,3.9999999999999982,0.1493857268173612,2.272996805198071e-06
4185.0,0.2992885635333344,4.0,0.14938279912138985,2.907219728473287e-06
4186.0,0.2992867661574311,3.999999999999999,0.14937769943636667,3.934032329778633e-06
4187.0,0.29928497203730414,4.000000000000001,0.14937551421853199,5.170244151995687e-06
4188.0,0.2992831781777262,4.0,0.149369427653206,7.016192444400923e-06
4189.0,0.29928138854444986,4.0,0.14936860006212802,9.370584313306873e-06
4190.0,0.29927959774043233,4.0,0.14936068323412313,1.2748962961042507e-05
4191.0,0.2992778130113051,4.000000000000001,0.14936237159988136,1.7211906629670846e-05
4192.0,0.2992760245036647,4.0,0.14935102851947318,2.3498677659419696e-05
4193.0,0.2992742456007962,4.0,0.14935743684925826,3.1986764645850254e-05
4194.0,0.29927245809986297,4.000000000000001,0.14933961563130022,4.3857049112130375e-05
4195.0,0.29927068701528814,3.9999999999999987,0.1493549809510159,6.011267128941531e-05
4196.0,0.29926889836991344,4.0,0.14932478618490408,8.281340558368355e-05
4197.0,0.2992671395324056,4.0,0.14935733546026894,0.00011420773053712173
4198.0,0.2992653465590669,3.9999999999999987,0.14930326980803088,0.0001581119507394743
4199.0,0.2992636105185794,4.000000000000001,0.14936912233080024,0.00021925703317938824
4200.0,0.2992618105556218,4.000000000000001,0.1492685908111518,0.00030494309495464783
4201.0,0.29926012505489696,4.0,0.14939951438181046,0.000424739317308334
4202.0,0.2992583263332642,3.999999999999999,0.14920805700179995,0.0005924850952769446
4203.0,0.29925677168468257,4.0,0.14946627852600888,0.0008260796444226262
4204.0,0.2992550379581559,3.9999999999999996,0.14909837130006945,0.0011484988239980904
4205.0,0.2992538472126234,4.000000000000001,0.14959949211633328,0.0015833025442505274
4206.0,0.29925240450163965,4.0,0.14890902660612534,0.0021429635675645686
4207.0,0.2992520050183234,3.9999999999999996,0.14981850528476554,0.0027944572772043534
4208.0,0.2992508422869794,3.9999999999999996,0.14867338665743504,0.003398759850580938
4209.0,0.2992502332833943,3.9999999999999996,0.14997361707318477,0.0036571391986160336
4210.0,0.29924693890194765,3.999999999999999,0.14870084377227966,0.0032026851454061583
4211.0,0.29924368094912146,4.0,0.1496383756875876,0.0019088559049849894
4212.0,0.29924065712170783,4.0,0.14925629160384615,0.00012225215064664923
4213.0,0.2992394699664417,4.0,0.14899466683930376,0.0015293779430632893
4214.0,0.29923920905400614,4.0,0.1497325731706038,0.0024734929663426572
4215.0,0.29923686909638464,4.0,0.14883092285338673,0.0023785381565127888
4216.0,0.2992342888983323,4.0,0.14950681729959817,0.0013014034405901896
4217.0,0.29923194953134186,3.999999999999999,0.14930418017363664,0.00024031169943352693
4218.0,0.2992307095537252,3.999999999999999,0.14897704424993174,0.0015202829652536652
4219.0,0.29922977517280375,4.0,0.1496222541584626,0.0019807462873837594
4220.0,0.29922716670958094,4.0,0.14897926609504256,0.001460633887512182
4221.0,0.2992249816062801,3.9999999999999996,0.14929830875279101,0.0002805252408955578
4222.0,0.299223526664148,3.9999999999999996,0.14941243790934677,0.0009213765605282417
4223.0,0.29922200632154033,3.999999999999999,0.1489531028477769,0.0015441325474247235
4224.0,0.2992203559671638,4.000000000000001,0.14948134912074756,0.0013235751969022712
4225.0,0.2992179792883283,4.0,0.14914765604514188,0.0004432641187118643
4226.0,0.2992162721003946,4.0,0.14911992653429626,0.000580631769819176
4227.0,0.29921503341770367,4.0,0.14944630322775146,0.0011987730371135717
4228.0,0.2992130194905333,3.9999999999999987,0.1490106174225355,0.0011255092875022846
4229.0,0.29921112753127105,4.0,0.14930225955055568,0.00046198797421194177
4230.0,0.2992093623967339,4.0,0.14928231445077864,0.00038260209647325913
4231.0,0.2992077196591499,4.0,0.14903449556882165,0.0009379650099054979
4232.0,0.2992061691142356,4.000000000000001,0.14937915719238526,0.0009352593322691303
4233.0,0.29920409592386243,4.0,0.14912033607264488,0.0004291155623691847
4234.0,0.2992023488327229,3.999999999999999,0.14914943643886738,0.0002593495785505191
4235.0,0.29920085707682315,4.0,0.14933067398067537,0.0007381533128307758
4236.0,0.29919899404062805,4.0,0.14904612192455344,0.0007706280458481248
4237.0,0.2991972468153813,4.0,0.1492576169941897,0.0003823492543155697
4238.0,0.2991954619048507,3.9999999999999996,0.14921405726553388,0.00017527140553962246
4239.0,0.29919375317851754,3.999999999999999,0.14907040469126148,0.0005816037431720339
4240.0,0.2991921647608837,4.0,0.14929301879820225,0.0006328718924388631
4241.0,0.2991902566299692,4.0,0.1491077596004358,0.00033659887653735113
4242.0,0.2991885250766368,3.999999999999999,0.1491466656100936,0.00011335498377607127
4243.0,0.29918691343009873,4.0,0.14924845165692882,0.00045607996219438913
4244.0,0.29918511182532775,4.0,0.1490628989121589,0.0005192017357423782
4245.0,0.29918341558273376,4.000000000000001,0.14921176090780616,0.0002961502896612423
4246.0,0.29918164353161875,4.0,0.14916392029714237,6.496672413275617e-05
4247.0,0.29917991708696023,3.999999999999999,0.1490827765679759,0.0003541520245637472
4248.0,0.2991782885907823,4.000000000000001,0.14922456120574437,0.0004251573172839525
4249.0,0.29917646537628995,3.999999999999999,0.14909206001814088,0.0002617747508298321
4250.0,0.299174748734109,3.9999999999999982,0.14913309475341904,2.6755976314106444e-05
4251.0,0.29917307826068645,4.0,0.14918421100565057,0.0002702865755560524
4252.0,0.29917131177884454,4.0,0.14906521337432865,0.0003471121161936108
4253.0,0.29916963015273446,3.9999999999999987,0.14917007946962305,0.0002321168135883585
4254.0,0.2991678706479543,3.999999999999999,0.14912137165347658,8.658125105182208e-06
4255.0,0.29916614538244046,4.000000000000002,0.14908153549925277,0.00020116289146496918
4256.0,0.2991644860443192,4.0,0.14916806057433887,0.000281400412270785
4257.0,0.2991627086159899,4.000000000000001,0.14907289307574187,0.00020609564832324621
4258.0,0.29916100248026173,4.0,0.14911375296793697,3.057569135970291e-05
4259.0,0.2991593016099735,4.000000000000001,0.14913104615541828,0.00014382935480717547
4260.0,0.2991575572566021,3.9999999999999987,0.1490582539041022,0.0002256946584571463
4261.0,0.29915587558795015,4.0,0.1491310743259001,0.00018213196777181034
4262.0,0.299154126521731,4.0,0.14908386241065072,4.8834938337037465e-05
4263.0,0.29915240790452824,3.9999999999999996,0.14907139750292273,9.670162635225059e-05
4264.0,0.299150725240826,3.9999999999999996,0.14911906681216208,0.00017768278097646449
4265.0,0.2991489740288811,4.0,0.14905206344405628,0.00015959319760592257
4266.0,0.2991472738570173,4.0,0.14908997272267754,6.155565784414278e-05
4267.0,0.2991455573759405,4.000000000000002,0.14908548283267453,5.80477959105516e-05
4268.0,0.2991438273767578,3.999999999999999,0.149045408025336,0.0001362880781855063
4269.0,0.2991421391085122,3.9999999999999987,0.14909312596104712,0.00013754525553027184
4270.0,0.2991403989702591,3.999999999999999,0.1490505209234518,6.93292146594376e-05
4271.0,0.29913868689248496,4.0,0.14905482017683058,2.718320142860786e-05
4272.0,0.29913698691648993,4.0,0.14907501395755893,0.00010025357869421426
4273.0,0.2991352515029072,3.9999999999999996,0.14903070730108267,0.00011603693361955086
4274.0,0.2991335526057817,4.000000000000002,0.14906239884960015,7.223385171179412e-05
4275.0,0.2991318290117859,3.999999999999999,0.1490456662677268,3.0462730182013348e-06
4276.0,0.29913010836209897,4.0,0.14902840459513594,6.936642485418559e-05
4277.0,0.2991284106541142,4.0,0.14905554494941514,9.473661546627402e-05
4278.0,0.2991266780117599,4.0,0.14902069265074905,7.108978579857754e-05
4279.0,0.299124969946378,4.0,0.14903313120754635,1.4786805110538073e-05
4280.0,0.2991232579355775,4.0,0.14903475508897462,4.3009928750640774e-05
4281.0,0.2991215322619135,4.000000000000001,0.14900903096358623,7.422319803634839e-05
4282.0,0.29911983036266465,4.000000000000002,0.14903171147485095,6.614035046266048e-05
4283.0,0.2991181046336037,3.9999999999999987,0.149010537678265,2.700334327542361e-05
4284.0,0.2991163895642577,3.999999999999999,0.14900786726567875,2.1425047298887343e-05
4285.0,0.29911468204999564,4.0,0.1490184771014748,5.456744598780157e-05
4286.0,0.29911295526872167,4.000000000000001,0.14899355613625823,5.842623096446717e-05
4287.0,0.29911124764851116,4.000000000000001,0.14900717924531093,3.387072867873758e-05
4288.0,0.2991095282432192,3.999999999999999,0.1489979557726755,4.286268127546499e-06
4289.0,0.2991078083144229,3.9999999999999996,0.14898655643998843,3.664996711391118e-05
4290.0,0.2991061003964146,3.9999999999999996,0.14899885085029044,4.839566282186402e-05
4291.0,0.29910437509112675,3.9999999999999987,0.14897926193737668,3.6354103187934506e-05
4292.0,0.29910266212702274,4.0,0.14898391443239478,8.342661387604203e-06
4293.0,0.29910094627999456,4.0,0.1489825882914822,2.0688151366647033e-05
4294.0,0.29909922351175416,3.9999999999999996,0.1489679900096013,3.72987915353251e-05
4295.0,0.29909751281751656,4.0,0.14897782490014733,3.481047119638202e-05
4296.0,0.29909578963536065,4.0,0.1489645118848864,1.6650668171874568e-05
4297.0,0.2990940722545617,4.0,0.14896247925267816,7.586639168189423e-06
4298.0,0.29909235720845173,4.0,0.1489650573935714,2.5709059026890852e-05
4299.0,0.2990906330873886,4.000000000000001,0.1489508240270059,3.0459441972213355e-05
4300.0,0.2990889188282949,3.9999999999999996,0.1489567024358077,2.071513220202553e-05
4301.0,0.29908719708908377,4.000000000000002,0.1489486598866987,2.799567817474534e-06
4302.0,0.29908547627108717,4.000000000000002,0.14894263843703837,1.4922964426030705e-05
4303.0,0.29908376011129145,4.000000000000001,0.14894623070215773,2.3885786957058793e-05
4304.0,0.29908203536023514,4.0,0.14893405811322627,2.14122201609917e-05
4305.0,0.29908031750865494,4.000000000000001,0.14893611280122349,9.465821252004785e-06
4306.0,0.2990785960568545,4.000000000000002,0.14893168657383915,5.411569051660447e-06
4307.0,0.2990768725971112,4.0,0.14892387372327343,1.649871736104571e-05
4308.0,0.2990751542459369,3.9999999999999996,0.14892683322957254,1.9057555094334106e-05
4309.0,0.2990734289362891,3.9999999999999996,0.14891712698307474,1.3149843758598435e-05
4310.0,0.29907170775390995,3.9999999999999987,0.1489162125921108,1.9742041217666733e-06
4311.0,0.2990699855044785,3.999999999999999,0.14891385147104044,8.926192531741032e-06
4312.0,0.29906825990882185,3.999999999999999,0.1489056859482709,1.4923923157960575e-05
4313.0,0.299066538863494,4.0,0.1489073297291623,1.3699186079076747e-05
4314.0,0.29906481268861174,3.999999999999999,0.1488998064738789,6.870510508392274e-06
4315.0,0.2990630884887874,4.0,0.14889691127886967,2.49364996428838e-06
4316.0,0.299061364632497,4.0,0.1488954662346134,9.588100523389975e-06
4317.0,0.29905963712488753,3.9999999999999996,0.14888771404868228,1.210332259032622e-05
4318.0,0.2990579132103124,4.0,0.14888795221600457,9.061119406566195e-06
4319.0,0.299056185734454,4.0,0.14888207675381368,2.7059403393880513e-06
4320.0,0.2990544587742409,4.0,0.14887803445607015,4.434113181416836e-06
4321.0,0.29905273278536404,4.0,0.14887678667075768,8.743628786651057e-06
4322.0,0.29905100338653023,3.9999999999999996,0.14886974565454683,9.166339095206121e-06
4323.0,0.2990492765871333,4.0,0.14886877580857238,5.565099238595233e-06
4324.0,0.2990475473969042,3.9999999999999996,0.14886400996124996,5.510055162514432e-07
4325.0,0.299045817846472,4.0,0.1488594138515606,4.940941297362747e-06
4326.0,0.2990440894177654,3.9999999999999996,0.14885798378524198,7.308787218267337e-06
4327.0,0.29904235803777346,4.0,0.1488516813424206,6.647848447206411e-06
4328.0,0.2990406284028392,3.9999999999999987,0.14884979161175232,3.1837764179968144e-06
4329.0,0.29903889717111937,4.0,0.14884570058563584,1.2017291363299158e-06
4330.0,0.29903716512347833,4.0,0.14884092183187217,4.669784729450149e-06
4331.0,0.29903543409644645,4.0,0.14883915433827424,5.808064342387538e-06
4332.0,0.2990337006079892,3.999999999999999,0.14883349159323123,4.711370852877617e-06
4333.0,0.29903196820527916,4.000000000000001,0.14883095696107182,1.7100746834126492e-06
4334.0,0.29903023470460927,4.0,0.14882723216458205,1.6551760203744327e-06
4335.0,0.2990285002014291,4.0,0.1488224754518367,4.0616604165412346e-06
4336.0,0.29902676651229665,4.0,0.14882034301148112,4.488241869905917e-06
4337.0,0.29902503079780424,3.9999999999999996,0.14881518277964648,3.32814453391684e-06
4338.0,0.299023295696108,4.0,0.14881222392767934,9.143880151398378e-07
4339.0,0.29902155978844364,4.000000000000002,0.14880866635130632,1.7007124546717362e-06
4340.0,0.2990198228481574,4.0,0.1488040276640985,3.3712157727963334e-06
4341.0,0.29901808649274664,3.9999999999999982,0.1488015636741045,3.4285377642372667e-06
4342.0,0.29901634846822484,4.0,0.14879677515028242,2.3929810793172044e-06
4343.0,0.2990146107358676,4.0,0.14879355197176147,5.948329409617208e-07
4344.0,0.2990128723561236,4.0,0.14879004375611637,1.5365000792306869e-06
4345.0,0.2990111329960118,3.999999999999999,0.14878555566785037,2.7247879290081865e-06
4346.0,0.2990093940100229,4.0,0.14878281476672783,2.6218805119700526e-06
4347.0,0.2990076536341463,3.999999999999999,0.1487782911876293,1.7870868447649365e-06
4348.0,0.2990059133436526,4.0,0.1487749113171691,5.219779130779436e-07
4349.0,0.29900417248499744,4.0,0.14877138889863745,1.2913899913591333e-06
4350.0,0.29900243073612054,4.0,0.14876705120409575,2.171465821808584e-06
4351.0,0.2990006891850441,4.0,0.14876408870666075,2.0258211394443428e-06
4352.0,0.2989989464606158,4.0,0.14875975056789958,1.4060169328628652e-06
4353.0,0.298997203694909,4.0,0.14875628213409517,5.123129003567177e-07
4354.0,0.29899546039756186,4.000000000000001,0.14875271554562614,1.0386092695591508e-06
4355.0,0.29899371631376825,4.000000000000001,0.14874851375325035,1.7196226564821958e-06
4356.0,0.2989919722885297,4.000000000000001,0.1487453769341826,1.5902583257359649e-06
4357.0,0.2989902272604271,4.0,0.1487411687636745,1.1685845595786346e-06
4358.0,0.2989884821184701,4.000000000000001,0.14873765227625899,5.119630244791817e-07
4359.0,0.29898673646202256,4.000000000000001,0.14873403103971278,8.174636596133514e-07
4360.0,0.2989849901245747,4.0,0.14872994633746286,1.3598360683553833e-06
4361.0,0.298983243740266,4.0,0.14872667218389524,1.2704067529491405e-06
4362.0,0.29898149649226563,4.0,0.14872255733244333,1.016925779773747e-06
4363.0,0.2989797490932826,3.9999999999999996,0.14871901496328066,5.179191497091195e-07
4364.0,0.2989780011918319,4.0,0.14871533930839598,6.494711365196594e-07
4365.0,0.29897625271122596,4.0,0.14871135319734058,1.077847044226162e-06
4366.0,0.29897450410720594,4.0,0.14870796924036356,1.0314783634516695e-06
4367.0,0.29897275475887436,4.000000000000002,0.1487039247714002,9.127633343119344e-07
4368.0,0.2989710052450705,4.0,0.14870036692847877,5.299151670973494e-07
4369.0,0.298969255244232,3.999999999999999,0.1486966427460847,5.457558515811454e-07
4370.0,0.29896750476047956,4.000000000000001,0.14869273865673177,8.610914561267494e-07
4371.0,0.29896575410084747,4.0,0.14868926496463594,8.494161913406869e-07
4372.0,0.2989640028048692,4.000000000000001,0.14868527739412932,8.324296180545206e-07
4373.0,0.298962251343048,3.9999999999999996,0.14868170715040863,5.432092395083117e-07
4374.0,0.2989604994179908,4.0,0.1486779432618639,5.041619819475312e-07
4375.0,0.29895874710013015,4.000000000000001,0.14867410666123845,7.010952457950883e-07
4376.0,0.2989569945742381,4.0,0.14867055807326932,7.099697210503692e-07
4377.0,0.2989552415140766,3.9999999999999996,0.14866661999662822,7.625651865408305e-07
4378.0,0.29895348829652446,4.0,0.14866303607182538,5.518461293247655e-07
4379.0,0.2989517346506152,3.999999999999999,0.1486592428163561,5.05872212338308e-07
4380.0,0.2989499806957671,3.9999999999999996,0.1486554606447442,5.926823145299956e-07
4381.0,0.2989482265186225,4.0,0.14865184885931962,6.068992155021781e-07
4382.0,0.2989464719065239,4.0,0.14864795633456274,6.971346047054722e-07
4383.0,0.29894471715132104,3.9999999999999996,0.14864435515016458,5.517920586805302e-07
4384.0,0.29894296201506126,3.999999999999999,0.14864054361885298,5.25731125577913e-07
4385.0,0.29894120664737966,3.9999999999999996,0.14863680360996562,5.301190374443855e-07
4386.0,0.2989394510597464,3.9999999999999996,0.14863313890102467,5.389010872803114e-07
4387.0,0.2989376951350202,3.999999999999999,0.14862928942200831,6.355299106836169e-07
4388.0,0.2989359390860617,4.000000000000002,0.14862566667611662,5.422693214165526e-07
4389.0,0.29893418271600297,4.0,0.14862184809527557,5.448827958894648e-07
4390.0,0.2989324261857005,4.0,0.14861813830715748,5.028374028237425e-07
4391.0,0.2989306694539291,3.9999999999999996,0.14861443080897746,5.04444125970881e-07
4392.0,0.29892891248136133,4.000000000000001,0.1486106217101494,5.809931634361974e-07
4393.0,0.29892715540822773,4.0,0.14860697372263437,5.260322413084725e-07
4394.0,0.2989253980857993,4.0,0.14860315875582364,5.536262099063439e-07
4395.0,0.29892364066827193,3.9999999999999987,0.1485994674708217,4.960618412616272e-07
4396.0,0.2989218830838405,4.0,0.14859572795107906,4.966958023380154e-07
4397.0,0.29892012535227935,4.000000000000001,0.14859195525333088,5.383557738678125e-07
4398.0,0.2989183675499403,4.0,0.14858828013478373,5.086819615244983e-07
4399.0,0.2989166095801582,4.0,0.14858447800495667,5.496154337308903e-07
4400.0,0.2989148515752894,3.9999999999999996,0.14858079411216363,4.962772098034851e-07
4401.0,0.29891309345398,4.0,0.14857703413323148,5.035122524592762e-07
4402.0,0.2989113352751389,4.0,0.14857329190726315,5.107771004690063e-07
4403.0,0.2989095770634828,4.0,0.14856959049049928,4.964845577286135e-07
4404.0,0.29890781877354816,4.0,0.14856580797288702,5.358310136448038e-07
4405.0,0.2989060605051902,3.999999999999999,0.1485621218111313,4.956762606209566e-07
4406.0,0.2989043021858989,3.999999999999999,0.14855835324001024,5.125072727725088e-07
4407.0,0.29890254389342186,3.9999999999999996,0.14855463361129406,4.969843911401629e-07
4408.0,0.2989007856165241,4.0,0.14855090994920703,4.929201250820801e-07
4409.0,0.298899027354424,3.9999999999999996,0.14854715045138292,5.183709376939348e-07
4410.0,0.2988972691699662,4.0,0.1485434549465794,4.928127791885415e-07
4411.0,0.29889551101318856,4.0,0.14853968886619792,5.158134088757135e-07
4412.0,0.2988937529620228,4.0,0.1485359827567588,4.917541406783372e-07
4413.0,0.2988919949870417,4.0,0.14853224395088735,4.962861541805838e-07
4414.0,0.2988902371203138,3.999999999999999,0.14852850700579398,5.033694587842234e-07
4415.0,0.2988884793901786,4.0,0.1485247987722894,4.902507292981783e-07
4416.0,0.2988867217762903,3.999999999999999,0.14852104402842115,5.116690591153415e-07
4417.0,0.29888496434233935,3.9999999999999987,0.14851734258087568,4.896193566987567e-07
4418.0,0.29888320705796956,3.999999999999999,0.1485135977786449,5.010991707862309e-07
4419.0,0.29888144997280086,4.000000000000001,0.14850987930285206,4.938593084040678e-07
4420.0,0.29887969308965145,4.0,0.14850615925258676,4.905784679046107e-07
4421.0,0.29887793641719584,4.0,0.14850242107487044,5.030956281719499e-07
4422.0,0.298876179997111,3.9999999999999996,0.14849871746191062,4.881253167572108e-07
4423.0,0.2988744238116371,4.0,0.14849497608451226,5.023532762172776e-07
4424.0,0.2988726679123882,4.0,0.14849126961011724,4.890231126148795e-07
4425.0,0.29887091228984836,4.0,0.1484875426252533,4.932766385679282e-07
4426.0,0.29886915697411065,4.0,0.1484838219021255,4.945588696843132e-07
4427.0,0.2988674019849452,3.999999999999999,0.14848011295165298,4.877070833631634e-07
4428.0,0.29886564732410426,4.0,0.14847638255867363,4.987890472262722e-07
4429.0,0.298863893033192,4.0,0.1484726813173701,4.866111861391499e-07
4430.0,0.2988621391039843,3.9999999999999987,0.14846895476987398,4.951730830381297e-07
4431.0,0.2988603855760998,4.0,0.14846524849901832,4.886117274287965e-07
4432.0,0.298858632454487,4.0,0.14846153542262722,4.888503279563435e-07
4433.0,0.29885687975949493,3.9999999999999982,0.14845781994652682,4.927136530918224e-07
4434.0,0.298855127517366,4.0,0.14845411923699156,4.855392574064568e-07
4435.0,0.298853375730999,4.000000000000001,0.14845040060545867,4.93765031817889e-07
4436.0,0.2988516244376598,4.0,0.1484467036726578,4.851870800531621e-07
4437.0,0.29884987363827187,4.0,0.1484429913508335,4.900633245264302e-07
4438.0,0.298848123364404,3.999999999999999,0.14843929053441915,4.87118170197495e-07
4439.0,0.2988463736291527,4.000000000000001,0.14843558943874652,4.856822382622029e-07
4440.0,0.29884462444956184,4.0,0.14843188383446382,4.894805559102967e-07
4441.0,0.29884287585307945,4.0,0.1484281916398473,4.83434389612078e-07
4442.0,0.2988411278463875,4.0,0.1484244864733479,4.891520992325134e-07
4443.0,0.29883938046234226,4.0,0.1484207970058365,4.83292133389087e-07
4444.0,0.29883763370854877,4.000000000000001,0.1484170985416859,4.860738363031611e-07
4445.0,0.2988358876122269,4.000000000000001,0.14841340728251998,4.846006795914913e-07
4446.0,0.2988341421904299,4.000000000000001,0.14840971810660383,4.828536368035749e-07
4447.0,0.29883239746016627,4.000000000000002,0.14840602524802984,4.857395939165343e-07
4448.0,0.29883065344805104,3.9999999999999996,0.14840234328787477,4.810781333540755e-07
4449.0,0.2988289101647196,4.0,0.14839865270247868,4.849692754166138e-07
4450.0,0.29882716763974226,3.999999999999999,0.14839497380301447,4.80790921294314e-07
4451.0,0.2988254258851083,4.0,0.14839128963544726,4.825194187512403e-07
4452.0,0.2988236849261074,3.9999999999999987,0.14838761101758108,4.814201440981761e-07
4453.0,0.29882194478145085,4.000000000000001,0.14838393486091866,4.799720092442504e-07
4454.0,0.29882020546943633,4.000000000000001,0.14838025684271774,4.818204552909419e-07
4455.0,0.2988184670153101,3.9999999999999987,0.148376587308343,4.783547555583577e-07
4456.0,0.2988167294330668,3.999999999999999,0.14837291252965554,4.809759412430784e-07
4457.0,0.2988149927500572,4.000000000000001,0.1483692469238505,4.777753693894904e-07
4458.0,0.2988132569810945,4.000000000000001,0.1483655782007154,4.790150696062021e-07
4459.0,0.29881152215081214,4.0,0.14836191467878534,4.778305572784496e-07
4460.0,0.2988097882784934,3.999999999999999,0.14835825323817567,4.768701536368315e-07
4461.0,0.29880805538406335,3.9999999999999996,0.14835459191006653,4.777748447856429e-07
4462.0,0.29880632349141506,4.0,0.1483509370559705,4.752649812847446e-07
4463.0,0.29880459261725567,3.9999999999999996,0.14834727959120766,4.769565550404714e-07
4464.0,0.29880286278738993,4.000000000000001,0.14834362966113177,4.743696993455574e-07
4465.0,0.2988011340185749,4.0,0.14833997801362372,4.753538451201255e-07
4466.0,0.2987994063352849,3.9999999999999996,0.14833633170804864,4.7395934139878225e-07
4467.0,0.2987976797569691,3.9999999999999996,0.1483326869678167,4.7347784046267944e-07
4468.0,0.29879595430506867,3.9999999999999996,0.14832904414649692,4.735741413773263e-07
4469.0,0.29879423000228905,3.9999999999999982,0.14832540618111695,4.7184380469038617e-07
4470.0,0.29879250686753916,4.0,0.14832176778378728,4.727699829392472e-07
4471.0,0.29879078492539357,3.9999999999999996,0.148318135682247,4.706654534961563e-07
4472.0,0.2987890641941441,4.000000000000001,0.14831450304240695,4.714208703657989e-07
4473.0,0.2987873446981276,3.9999999999999996,0.1483108758994762,4.6986804892750253e-07
4474.0,0.29878562645693557,4.000000000000001,0.1483072500001986,4.697552646667308e-07
4475.0,0.2987839094931821,4.0,0.14830362750858145,4.6919344665410313e-07
4476.0,0.29878219382860793,4.0,0.14830000861309517,4.6811324369217705e-07
4477.0,0.29878047948391034,4.0,0.14829639118433985,4.683433958201433e-07
4478.0,0.2987787664825404,4.0,0.1482927789467285,4.667146698261144e-07
4479.0,0.298777054844178,4.0,0.14828916741815673,4.671515449402273e-07
4480.0,0.29877534459278055,3.999999999999999,0.14828556128913475,4.655929498078034e-07
4481.0,0.2987736357482795,3.999999999999999,0.14828195648069334,4.6566365636875413e-07
4482.0,0.2987719283339613,4.0,0.14827835611838336,4.6463561608570543e-07
4483.0,0.2987702223709129,4.0,0.14827475850811098,4.640624901212672e-07
4484.0,0.2987685178811793,4.0,0.14827116398271903,4.636630244699256e-07
4485.0,0.2987668148871738,4.0,0.1482675736328914,4.625288789336806e-07
4486.0,0.29876511340987094,4.0,0.14826398537836702,4.625235929162181e-07
4487.0,0.29876341347253305,3.9999999999999987,0.148260402081385,4.611537451461742e-07
4488.0,0.2987617150957177,3.9999999999999996,0.1482568206856407,4.611664969605079e-07
4489.0,0.2987600183027813,4.000000000000001,0.1482532442003141,4.599259502560049e-07
4490.0,0.2987583231145834,3.9999999999999996,0.14824967017696639,4.5964726719216303e-07
4491.0,0.29875662955394694,4.000000000000001,0.14824610042033023,4.5876427362238107e-07
4492.0,0.2987549376424737,4.000000000000001,0.14824253407203064,4.5807314707079857e-07
4493.0,0.2987532474021986,4.000000000000001,0.14823897119176835,4.5756644111829233e-07
4494.0,0.2987515588554987,4.0,0.14823541260111986,4.565379361973723e-07
4495.0,0.2987498720237554,4.000000000000001,0.14823185692950427,4.5625712920706954e-07
4496.0,0.29874818692982474,3.9999999999999996,0.14822830604617726,4.550856154853389e-07
4497.0,0.29874650359480887,3.9999999999999996,0.14822475798820933,4.548154786111516e-07
4498.0,0.2987448220416127,3.9999999999999996,0.14822121474851338,4.537077841869926e-07
4499.0,0.2987431422914606,4.000000000000001,0.14821767466934438,4.532714253181494e-07
4500.0,0.2987414643669429,3.999999999999999,0.1482141390899103,4.523613750473494e-07
4501.0,0.2987397882896685,3.9999999999999982,0.14821060724737908,4.5167948737943876e-07
4502.0,0.29873811408173656,4.0,0.14820707946281025,4.509933547276784e-07
4503.0,0.29873644176519426,3.9999999999999982,0.14820355599883037,4.500896913431548e-07
4504.0,0.2987347713616789,3.9999999999999996,0.14820003624468034,4.495627467807341e-07
4505.0,0.29873310289354704,3.9999999999999987,0.14819652122185878,4.485301038531277e-07
4506.0,0.29873143638214705,4.000000000000001,0.14819300978508176,4.480528266352305e-07
4507.0,0.2987297718499212,4.0,0.14818950324187408,4.470037090908597e-07
4508.0,0.2987281093181464,4.0,0.14818600040627394,4.4647098321528954e-07
4509.0,0.2987264488091289,4.0,0.14818250240541866,4.4549490994275484e-07
4510.0,0.2987247903442497,3.9999999999999996,0.14817900841284767,4.448394723756794e-07
4511.0,0.29872313394552974,4.0,0.14817551906815316,4.43979805356506e-07
4512.0,0.2987214796345381,4.0,0.14817203410408947,4.431835485283445e-07
4513.0,0.2987198274329613,3.9999999999999996,0.14816855358297173,4.424359136648724e-07
4514.0,0.2987181773625427,3.999999999999999,0.14816507778390714,4.4152252018494497e-07
4515.0,0.2987165294446714,4.000000000000001,0.14816160629219233,4.408486062929825e-07
4516.0,0.2987148837011815,4.0,0.14815813976575634,4.3986586191711116e-07
4517.0,0.2987132401532539,4.0,0.14815467752500916,4.3921326891718085e-07
4518.0,0.2987115988226973,4.000000000000001,0.14815122037259507,4.382136585457354e-07
4519.0,0.29870995973058495,4.000000000000001,0.1481477675992252,4.375338103500838e-07
4520.0,0.2987083228985925,4.000000000000001,0.14814431993350663,4.365595191107211e-07
4521.0,0.2987066883477632,4.000000000000001,0.14814087682525617,4.3581910476750595e-07
4522.0,0.298705056099564,4.0,0.14813743877910934,4.348942187228197e-07
4523.0,0.2987034261750483,4.0,0.14813400551038816,4.3407918904208367e-07
4524.0,0.2987017985954389,4.000000000000001,0.1481305772375068,4.332088588711206e-07
4525.0,0.29870017338180066,4.0,0.1481271539619169,4.3232245431890563e-07
4526.0,0.2986985505551118,4.0,0.14812373563171932,4.314969224960071e-07
4527.0,0.29869693013641985,4.0,0.14812032248864726,4.305542383430795e-07
4528.0,0.2986953121464824,3.999999999999999,0.14811691427874152,4.297551160726739e-07
4529.0,0.29869369660628353,4.000000000000001,0.14811351140091358,4.287766548666619e-07
4530.0,0.2986920835363943,4.0,0.14811011348985234,4.279831762673608e-07
4531.0,0.298690472957686,4.0,0.1481067210096274,4.2698923013869153e-07
4532.0,0.2986888648905749,4.0,0.14810333357160171,4.26183031152179e-07
4533.0,0.2986872593557767,3.999999999999999,0.14809995162493686,4.2518989805687e-07
4534.0,0.2986856563735758,4.000000000000002,0.14809657482693386,4.243577597114014e-07
4535.0,0.2986840559644997,3.9999999999999996,0.14809320355495592,4.2337598580219205e-07
4536.0,0.298682458148713,4.0,0.1480898375560915,4.2251065331232305e-07
4537.0,0.2986808629465335,4.000000000000001,0.14808647710481387,4.2154499049284855e-07
4538.0,0.29867927037800757,3.9999999999999996,0.14808312205715007,4.2064455845403095e-07
4539.0,0.2986776804632322,3.999999999999999,0.1480797725760898,4.1969505961047216e-07
4540.0,0.29867609322212707,4.0,0.14807642862618428,4.187615538664897e-07
4541.0,0.2986745086745653,4.000000000000001,0.1480730902665774,4.178251682029443e-07
4542.0,0.29867292684032715,4.000000000000001,0.14806975755716067,4.168629022258951e-07
4543.0,0.2986713477390614,4.0,0.1480664304702662,4.159350715056914e-07
4544.0,0.2986697713903932,3.999999999999999,0.14806310914167228,4.1494918039118055e-07
4545.0,0.2986681978137489,4.000000000000001,0.14805979347743262,4.140251334884465e-07
4546.0,0.2986666270285827,3.9999999999999996,0.14805648366861293,4.130204916901386e-07
4547.0,0.2986650590541002,4.0,0.14805317957475078,4.1209610050083897e-07
4548.0,0.2986634939095686,4.000000000000001,0.14804988142386258,4.1107668748174946e-07
4549.0,0.29866193161397386,4.0,0.14804658904537443,4.1014890036882756e-07
4550.0,0.29866037218638286,4.000000000000001,0.14804330269002183,4.0911754178551117e-07
4551.0,0.2986588156455598,4.0,0.14804002216896375,4.081844979535521e-07
4552.0,0.29865726201036025,4.000000000000001,0.14803674774619993,4.071428597985451e-07
4553.0,0.29865571129932295,3.9999999999999996,0.1480334792216627,4.0620381299006545e-07
4554.0,0.29865416353108326,4.0,0.14803021686785667,4.051525316966288e-07
4555.0,0.2986526187239488,3.9999999999999982,0.1480269604760285,4.042076924757906e-07
4556.0,0.2986510768963274,4.0,0.14802371032668676,4.0314653724137283e-07
4557.0,0.2986495380662885,3.9999999999999996,0.14802046620092532,4.021969243820372e-07
4558.0,0.29864800225200755,4.0,0.14801722839053646,4.0112491417391415e-07
4559.0,0.2986464694713062,4.0,0.1480139966613956,4.0017227776378874e-07
4560.0,0.2986449397421238,4.0,0.1480107713233426,3.9908771398044357e-07
4561.0,0.2986434130820246,3.9999999999999996,0.14800755211851133,3.981345549385501e-07
4562.0,0.2986418895087094,4.0,0.1480043393850919,3.970349430377693e-07
4563.0,0.2986403690394731,4.0,0.14800113282920835,3.9608465513098865e-07
4564.0,0.2986388516917782,3.9999999999999996,0.14799793283180027,3.949664920598419e-07
4565.0,0.298637337482636,4.000000000000001,0.14799473904610114,3.94023657209294e-07
4566.0,0.29863582642927317,4.0,0.1479915519155209,3.9288204565158837e-07
4567.0,0.29863431854840117,4.000000000000001,0.14798837101726287,3.9195292742194575e-07
4568.0,0.298632813857016,3.9999999999999996,0.14798519688439646,3.907809577414875e-07
4569.0,0.2986313123715092,4.0,0.14798202898595433,3.8987427776495184e-07
4570.0,0.2986298141086565,3.9999999999999996,0.14797886798278034,3.88662068841218e-07
4571.0,0.2986283190845035,4.000000000000001,0.14797571319026495,3.877902107155927e-07
4572.0,0.2986268273156235,4.000000000000001,0.1479725654514744,3.86523427083677e-07
4573.0,0.2986253388176816,4.000000000000001,0.14796942386261003,3.857043024472507e-07
4574.0,0.29862385360707655,3.9999999999999996,0.14796628952815316,3.843618570937248e-07
4575.0,0.2986223716990454,3.9999999999999996,0.14796316122898964,3.836218274669557e-07
4576.0,0.2986208931098574,4.0,0.14796004044809757,3.82172293694701e-07
4577.0,0.29861941785425367,3.999999999999999,0.14795692550785464,3.8155078960779477e-07
4578.0,0.2986179459484441,4.0,0.14795381844543723,3.799467438967534e-07
4579.0,0.29861647740657404,4.0,0.14795071690831885,3.7950366591696805e-07
4580.0,0.2986150122449047,4.0,0.1479476237552403,3.776727056363791e-07
4581.0,0.29861355047683596,4.000000000000001,0.1479445356272787,3.7750044093170193e-07
4582.0,0.2986120921188532,3.9999999999999996,0.1479414566170253,3.7533083070979583e-07
4583.0,0.2986106371833829,4.0,0.14793838184468422,3.755740670190414e-07
4584.0,0.29860918568740674,3.999999999999999,0.1479353172806859,3.7289172603571426e-07
4585.0,0.2986077376420235,4.000000000000001,0.14793225571566115,3.737807125766129e-07
4586.0,0.29860629306514586,3.999999999999999,0.1479292060165468,3.703124022222557e-07
4587.0,0.2986048519659834,4.000000000000002,0.14792615735720832,3.722199975450115e-07
4588.0,0.29860341436407806,4.0,0.14792312313256561,3.6753517726177013e-07
4589.0,0.2986019802658515,4.0,0.147920086825466,3.710772948366487e-07
4590.0,0.2986005496936083,3.999999999999999,0.14791706900401588,3.6449946024607775e-07
4591.0,0.2985991226495203,4.000000000000001,0.14791404407643063,3.70717615748781e-07
4592.0,0.29859769916051815,4.0,0.14791104412518738,3.612009624902372e-07
4593.0,0.2985962792221162,4.0,0.14790802889732485,3.719059065452075e-07
4594.0,0.29859486286896464,4.000000000000001,0.14790504920030006,3.5790778529117506e-07
4595.0,0.2985934500859058,4.000000000000001,0.1479020407854433,3.7634580755777245e-07
4596.0,0.2985920409205085,3.999999999999999,0.14789908530495116,3.5587019880545337e-07
4597.0,0.2985906353401656,4.000000000000001,0.14789607873206773,3.8801230480796296e-07
4598.0,0.29858923341419863,4.0,0.14789315417564908,3.594969109125997e-07
4599.0,0.2985878350809763,4.0,0.14789014083315385,4.162925643105982e-07
4600.0,0.2985864404467589,3.9999999999999996,0.14788725873420172,3.822415702509287e-07
4601.0,0.29858504940088626,3.999999999999999,0.14788422358087172,4.822783249938796e-07
4602.0,0.2985836621129626,4.0,0.14788140404686273,4.5797781329235187e-07
4603.0,0.2985822783883283,3.9999999999999987,0.1478783205615343,6.277945347892955e-07
4604.0,0.2985808985063644,3.999999999999999,0.14787559909598072,6.503475697207523e-07
4605.0,0.298579522126582,4.0,0.1478724200389058,9.249041353282083e-07
4606.0,0.2985781497207137,4.0,0.14786986008454558,1.0552651777342044e-06
4607.0,0.2985767806918995,4.000000000000002,0.14786650042478675,1.4935590400024332e-06
4608.0,0.2985754158527135,4.0,0.1478642166601111,1.8280657239403334e-06
4609.0,0.2985740541501126,3.9999999999999996,0.14786052170736633,2.5467364702185883e-06
4610.0,0.29857269700750927,4.000000000000001,0.1478587237509594,3.2551898516098352e-06
4611.0,0.29857134255059326,4.000000000000001,0.14785440907353414,4.4813063445907664e-06
4612.0,0.29856999331000517,4.0,0.14785348429238168,5.880506097991203e-06
4613.0,0.2985686459160667,4.0,0.147848021317694,8.048740648695335e-06
4614.0,0.2985673049294716,3.999999999999999,0.14784869328137426,1.074072416200583e-05
4615.0,0.2985659642278733,4.0,0.1478410893315358,1.4683831132936007e-05
4616.0,0.2985646321372823,4.0,0.147844723989524,1.982452276665352e-05
4617.0,0.2985632974154531,3.999999999999999,0.14783309523975516,2.7149769198013915e-05
4618.0,0.2985619754561822,3.999999999999999,0.14784229825895207,3.697972530282019e-05
4619.0,0.2985606454038604,4.0,0.14782303285037257,5.081747678475599e-05
4620.0,0.29855933608995966,3.9999999999999996,0.1478428258789759,6.972038326807833e-05
4621.0,0.29855800846759906,3.999999999999999,0.14780892943328114,9.622260010549457e-05
4622.0,0.29855671729200683,3.999999999999999,0.1478490857323325,0.0001328484619759376
4623.0,0.2985553889411229,3.999999999999999,0.1477868883577012,0.00018419509976629885
4624.0,0.2985541290898265,3.9999999999999987,0.14786659343351702,0.00025570337266374413
4625.0,0.29855279856425365,4.000000000000002,0.1477491963905021,0.00035604069301968484
4626.0,0.29855160540974657,4.000000000000001,0.14790627719366756,0.000496252907861289
4627.0,0.2985502880911513,4.0,0.1476808424278332,0.0006924212301915215
4628.0,0.29854926549083166,3.9999999999999996,0.14798901621772215,0.0009645794040066731
4629.0,0.2985480533335892,3.9999999999999982,0.1475552118621467,0.0013372911392444064
4630.0,0.29854749257871116,4.0,0.14814769139967607,0.0018313010996560569
4631.0,0.29854665288067894,3.9999999999999996,0.1473442318986787,0.0024447583117884527
4632.0,0.2985469290311884,4.0,0.14838617131138387,0.0031049137831219986
4633.0,0.29854609397026627,4.0,0.14712333847506934,0.0036026993473872466
4634.0,0.2985454302054695,4.000000000000001,0.14847867535332043,0.0035839291703704404
4635.0,0.29854204998566614,4.000000000000001,0.14726607029549346,0.002757938930007926
4636.0,0.2985394491833686,4.0,0.1480293913873957,0.0012948349076775036
4637.0,0.29853799022815536,4.0,0.14786670114821931,0.0010695359067648708
4638.0,0.29853788419515026,4.0,0.14745249109825348,0.002303356198945898
4639.0,0.29853783121170624,4.000000000000001,0.14818891082051144,0.0028198437515812784
4640.0,0.29853567340632975,4.000000000000001,0.14748324989066067,0.0023784067107198137
4641.0,0.2985335705646291,4.000000000000001,0.14780878242025808,0.0015054543871893923
4642.0,0.2985324910353193,3.9999999999999996,0.1480113215998482,0.0015832816800409144
4643.0,0.2985313893618513,3.999999999999999,0.14737113266337692,0.0021330796355569625
4644.0,0.2985302410901338,4.0,0.14814677914980462,0.001969050106805887
4645.0,0.29852778896492005,4.000000000000001,0.14757519188630364,0.0009863689976276186
4646.0,0.2985264162984176,3.9999999999999996,0.1476853869996522,0.00045216172569199285
4647.0,0.2985260522912582,3.999999999999999,0.14803829691636805,0.0014796353170647826
4648.0,0.2985248639162065,4.0,0.14742197737757046,0.001787240060292245
4649.0,0.29852352657846093,3.999999999999999,0.1479833486670123,0.0013090052439125599
4650.0,0.2985217247238222,4.0,0.14771991788609057,0.0006515126669685229
4651.0,0.2985205807146827,3.999999999999999,0.1475916534748999,0.0009875289971588233
4652.0,0.2985197365123048,4.0,0.14798036874295958,0.0012584832184745554
4653.0,0.298518159235519,4.000000000000001,0.1475585866065355,0.0009626302162127952
4654.0,0.2985169760748255,3.999999999999999,0.1477852443565514,0.000592788821467937
4655.0,0.29851596153780807,4.0,0.14782968835755683,0.000932914473832306
4656.0,0.29851476815346273,4.0,0.14757625657526285,0.001127141079972986
4657.0,0.2985134930477671,3.9999999999999996,0.1478548894250647,0.0007946221937004859
4658.0,0.29851205262547165,4.0,0.14770805716110313,0.00010971647425930817
4659.0,0.29851097498207657,4.0,0.14764425755452046,0.0005876938835124368
4660.0,0.2985100744276671,3.9999999999999996,0.14785054408312145,0.0009144089920236202
4661.0,0.29850875757030704,4.0,0.14763088522655848,0.0007766049500007077
4662.0,0.2985074862676228,3.999999999999999,0.1477209933451054,0.0003898881670235783
4663.0,0.29850638003182317,3.999999999999999,0.1478018075135931,0.0004487984033314208
4664.0,0.2985051884892398,4.000000000000001,0.1475939147056505,0.0006567385737058819
4665.0,0.2985041211095931,4.0,0.14779851307340713,0.0005634134099352033
4666.0,0.2985028939612112,4.000000000000002,0.14770296506265745,0.00033523982297460717
4667.0,0.2985017449038282,4.0,0.1476323438172922,0.0004532932618377644
4668.0,0.29850075417502286,4.0,0.14781720332974246,0.0005951310265737082
4669.0,0.29849946854738246,4.0,0.14761188530723943,0.0004692594245167611
4670.0,0.29849834164955275,4.000000000000001,0.14772322666248994,0.00013144475422882326
4671.0,0.29849725743168226,4.0,0.14774624181810694,0.0002654212660984921
4672.0,0.29849612064333364,4.0,0.14760437978537305,0.00048076462609913804
4673.0,0.2984950981372141,3.9999999999999996,0.14777546736698255,0.0004500622122952254
4674.0,0.2984938774884341,3.9999999999999996,0.14765434421215246,0.00024132689155775407
4675.0,0.2984927747093933,4.000000000000001,0.14766477658943064,0.0001908800899561757
4676.0,0.29849173565391307,4.000000000000001,0.1477467124074739,0.00033337403580897216
4677.0,0.29849057782786165,4.0,0.14761932601066766,0.0003307108217139253
4678.0,0.29848952392520867,3.9999999999999996,0.14771384205961816,0.00021002925935160647
4679.0,0.298488420068561,4.0,0.14768709124333462,0.00020804999081983422
4680.0,0.29848733084557794,4.000000000000001,0.14763645113734328,0.0003009284582859329
4681.0,0.2984862819662739,3.9999999999999996,0.14771701588348926,0.0002782265651044396
4682.0,0.2984851553387189,4.000000000000002,0.1476482140086959,0.00012890240849786593
4683.0,0.2984840904556737,4.0,0.14766100090462533,8.587137222006843e-05
4684.0,0.29848305453319257,3.999999999999999,0.14769699889676843,0.00022816135137212505
4685.0,0.2984819683489537,3.999999999999999,0.1476310919306533,0.00025599589911061454
4686.0,0.2984809177950768,4.0,0.14767813834533622,0.00017131982613281612
4687.0,0.2984798535717702,3.9999999999999996,0.14766905078306575,8.369245163726173e-05
4688.0,0.29847878452006904,4.000000000000001,0.1476285337900479,0.0001510160340341103
4689.0,0.29847777034033157,3.9999999999999996,0.1476870623475192,0.0001842545406886734
4690.0,0.2984766995021002,4.000000000000001,0.14763503012683432,0.00013839910483967957
4691.0,0.29847566060168484,4.0,0.1476454273948053,9.38332240310903e-05
4692.0,0.2984746453510001,3.999999999999999,0.14767314595353,0.00014103479318941522
4693.0,0.29847358359756615,4.0,0.14761483072817383,0.0001644691634938203
4694.0,0.29847257881787825,3.9999999999999996,0.14766635502729986,0.00011657151419751214
4695.0,0.29847153616816274,4.000000000000001,0.1476379653177894,2.2079600896499174e-05
4696.0,0.2984705109296098,4.0,0.147624315533452,8.061618675458372e-05
4697.0,0.29846951910029174,4.0,0.14766238952296626,0.0001330016813026046
4698.0,0.2984684791628183,4.0,0.1476124952373573,0.00012287093753076298
4699.0,0.2984674847971581,3.9999999999999996,0.14764295219184928,7.078195142216673e-05
4700.0,0.2984664737168344,4.0,0.14763580988146727,5.654106263482148e-05
4701.0,0.2984654634133568,3.9999999999999996,0.14761280652109537,8.994209037658287e-05
4702.0,0.29846448133410314,4.0,0.1476434997601647,9.003978287705823e-05
4703.0,0.29846347099976683,4.000000000000001,0.14761384464487998,5.732261981891416e-05
4704.0,0.29846248648131984,3.999999999999999,0.14762160468477856,4.990568074515729e-05
4705.0,0.29846150351241746,3.9999999999999996,0.14762887992461343,7.987430382035198e-05
4706.0,0.29846051143785185,4.0,0.147606058225947,8.501636628885335e-05
4707.0,0.2984595387240488,4.0,0.14762321903306136,5.442460826969894e-05
4708.0,0.29845855831487916,4.0,0.14761345567617426,5.630122578468509e-06
4709.0,0.2984575832631474,4.0,0.14760428518818616,4.3805490779633606e-05
4710.0,0.2984566229723317,4.0,0.14761892791884015,6.617741574215274e-05
4711.0,0.29845565045244804,4.0,0.14760001394006061,5.913723933375297e-05
4712.0,0.2984546911886134,4.0,0.14760572727867252,3.683681095479313e-05
4713.0,0.2984537367768116,4.0,0.147608762669211,3.6425534769084786e-05
4714.0,0.29845277462083625,4.0,0.1475913170853561,4.9457551630245495e-05
4715.0,0.29845183307519296,4.000000000000001,0.14760726849755526,4.5256783551313915e-05
4716.0,0.2984508797069815,4.0,0.14759292644884972,2.4181937807489723e-05
4717.0,0.2984499365330071,4.0,0.14759209605352305,1.9669623023369292e-05
4718.0,0.29844900248841766,3.999999999999999,0.14759975122538632,3.975130076223482e-05
4719.0,0.2984480579310198,4.0,0.1475819856789142,4.577136107276096e-05
4720.0,0.29844713274371015,4.0,0.14759452416949834,3.384512835437472e-05
4721.0,0.2984461989375647,3.999999999999999,0.1475849488659626,1.4266086993981794e-05
4722.0,0.29844527274415233,3.999999999999999,0.1475811850210299,1.9578270909389632e-05
4723.0,0.29844435501393585,3.999999999999999,0.14758813014792077,3.0587945154466076e-05
4724.0,0.2984434305236899,4.0,0.14757477241924155,2.8951203616871273e-05
4725.0,0.2984425197057345,4.0,0.14758127487118633,1.9010863686707012e-05
4726.0,0.29844160614189796,4.000000000000001,0.147576759698771,1.835970340615307e-05
4727.0,0.2984406966795975,4.0,0.14757124812557004,2.6400151202972277e-05
4728.0,0.29843979456639835,4.0,0.14757607203515974,2.6811391340766607e-05
4729.0,0.29843889011330216,4.000000000000002,0.14756782312693353,1.715886153385329e-05
4730.0,0.2984379929972928,4.000000000000002,0.14756848529101382,1.633874424815174e-06
4731.0,0.2984370991425357,4.0,0.14756845124379947,1.3094059112658072e-05
4732.0,0.298436205475409,3.999999999999999,0.14756133197871157,2.090675679742377e-05
4733.0,0.2984353197650785,4.000000000000001,0.14756493095495019,1.9819604860211194e-05
4734.0,0.29843443373543166,4.0,0.1475598263434302,1.3452066322081573e-05
4735.0,0.29843355151531914,3.999999999999999,0.14755710663099594,1.1328211598589576e-05
4736.0,0.2984326757388528,4.0,0.14755949564651405,1.5395035841523825e-05
4737.0,0.29843179773019163,3.9999999999999996,0.14755161866676958,1.589328462892334e-05
4738.0,0.2984309285438721,4.000000000000001,0.1475547020459802,1.0385698170613012e-05
4739.0,0.2984300590966992,4.0,0.1475506948377742,3.1657918448343807e-06
4740.0,0.29842919307400406,4.000000000000001,0.1475472934956543,8.97675321361901e-06
4741.0,0.2984283333367307,3.9999999999999996,0.1475495829186349,1.3823221301509784e-05
4742.0,0.2984274718250665,3.999999999999999,0.14754262538279872,1.3495401367600424e-05
4743.0,0.29842661828027894,4.0,0.14754464123514027,9.115516920715745e-06
4744.0,0.2984257648234156,4.0,0.14754127947640142,5.897535979162748e-06
4745.0,0.2984249150602421,4.0,0.1475382541916433,8.323139461245849e-06
4746.0,0.2984240700879572,4.000000000000002,0.14753922749585507,9.633127439347719e-06
4747.0,0.2984232254001828,3.999999999999999,0.1475342393620753,7.553939865949441e-06
4748.0,0.29842238633265183,3.999999999999999,0.14753440907425328,3.701165365760169e-06
4749.0,0.2984215490296699,3.9999999999999996,0.14753226695324548,5.094955620913373e-06
4750.0,0.29842071454818353,4.0,0.14752910532623467,8.34869595109634e-06
4751.0,0.29841988437031375,4.000000000000001,0.1475292974596923,8.78252399823072e-06
4752.0,0.29841905567624183,3.9999999999999982,0.14752574936394403,6.570994717958345e-06
4753.0,0.29841823077132146,4.000000000000002,0.14752445084135232,3.5401291975753697e-06
4754.0,0.29841740918671467,3.999999999999999,0.1475234765530296,4.145734834883326e-06
4755.0,0.29841658910441565,4.0,0.14751977955258586,5.808515264206096e-06
4756.0,0.2984157738710739,3.999999999999999,0.14752003003077524,5.411778852341097e-06
4757.0,0.2984149598742317,3.999999999999999,0.14751678359285328,3.4276465710811204e-06
4758.0,0.29841414946397526,4.0,0.1475152111065822,2.546163806425571e-06
4759.0,0.2984133424159259,4.0,0.14751440172714567,4.498296773473073e-06
4760.0,0.29841253667994716,3.9999999999999996,0.1475107925928751,5.633416920029813e-06
4761.0,0.2984117357261967,4.0,0.14751092319040615,4.982634150656444e-06
4762.0,0.29841093579231004,4.000000000000001,0.1475077541464724,3.1596712699637806e-06
4763.0,0.298410139659978,4.0,0.14750640551000213,2.099191762142903e-06
4764.0,0.2984093461850568,3.999999999999999,0.14750513192270634,3.047798251940943e-06
4765.0,0.29840855474121525,4.000000000000001,0.14750224801479328,3.6403444552751384e-06
4766.0,0.2984077670717352,4.0,0.1475016744664679,2.8849659074469687e-06
4767.0,0.2984069811003009,4.0,0.14749909358841118,1.5563810890750257e-06
4768.0,0.2984061983312548,3.999999999999999,0.14749751755510168,1.8150545178109297e-06
4769.0,0.2984054182127218,4.0,0.1474961739098366,2.963732493582647e-06
4770.0,0.29840464027633806,3.999999999999999,0.14749368900290843,3.4267899350255782e-06
4771.0,0.29840386548308967,3.999999999999999,0.1474926266631932,2.8115835923618183e-06
4772.0,0.29840309290193484,4.000000000000001,0.1474905723008015,1.8796770748652645e-06
4773.0,0.29840232281808987,4.000000000000001,0.1474886383129831,1.637959785209668e-06
4774.0,0.2984015557424538,3.999999999999999,0.14748754499541125,2.148698834399022e-06
4775.0,0.2984007904022321,4.000000000000001,0.14748498082550743,2.263642793048903e-06
4776.0,0.2984000283240732,4.000000000000001,0.14748399367741594,1.5963754883862116e-06
4777.0,0.29839926815588763,3.9999999999999996,0.14748189233902792,6.13675538530293e-07
4778.0,0.29839851055537625,4.0,0.14748010567578798,9.029973687168509e-07
4779.0,0.29839775565500953,4.000000000000001,0.14747887046043676,1.6971668174855833e-06
4780.0,0.2983970025381726,4.0,0.14747648182984777,1.982968013852358e-06
4781.0,0.2983962524817402,4.0,0.14747544192720893,1.6909865332682222e-06
4782.0,0.29839550417067073,3.999999999999999,0.14747331067409178,1.23490437134672e-06
4783.0,0.2983947585077981,3.9999999999999996,0.147471737211274,1.236202082810915e-06
4784.0,0.2983940150892994,3.9999999999999996,0.14747022385980516,1.4730986353411859e-06
4785.0,0.2983932737555788,3.9999999999999996,0.14746820356974996,1.5752396750703052e-06
4786.0,0.2983925349274482,4.000000000000001,0.14746686084193447,1.18465084080214e-06
4787.0,0.29839179810604033,4.0,0.14746499689699,6.603810388967485e-07
4788.0,0.29839106352561395,3.999999999999999,0.14746329948727915,4.5625825746035744e-07
4789.0,0.29839033124575276,4.000000000000001,0.14746185942024023,8.224564020919776e-07
4790.0,0.2983896008402303,4.000000000000001,0.14745986427776903,1.0372912810237138e-06
4791.0,0.2983888728503239,4.000000000000001,0.14745852040006283,8.489780488263296e-07
4792.0,0.29838814673178493,3.999999999999999,0.14745668188728756,5.89591251347428e-07
4793.0,0.29838742274241314,4.0,0.14745502440237232,5.325615235658992e-07
4794.0,0.29838670091543157,3.9999999999999996,0.14745356880295374,8.191883412924968e-07
4795.0,0.2983859808371865,4.0,0.14745161492100578,9.958215635432425e-07
4796.0,0.29838526308869817,4.000000000000001,0.14745030920340674,9.374541450442501e-07
4797.0,0.2983845469877111,4.0,0.14744840905174733,7.479755670021835e-07
4798.0,0.2983838330535156,4.0,0.14744691169313273,6.431172887309433e-07
4799.0,0.2983831209357862,3.999999999999999,0.14744528779360302,6.715494272923932e-07
4800.0,0.2983824106900529,4.0,0.14744355273433427,8.03320711373877e-07
4801.0,0.2983817023968819,3.9999999999999996,0.1474420801495482,7.14228835974521e-07
4802.0,0.2983809958449582,4.0,0.14744034132985856,5.913107131545891e-07
4803.0,0.29838029115570863,3.9999999999999996,0.14743876590700947,3.731038114226865e-07
4804.0,0.29837958828221,4.0,0.1474372113293414,3.8929369825899624e-07
4805.0,0.29837888706177823,4.0,0.1474354646633912,4.914736907611653e-07
4806.0,0.29837818773471203,4.0,0.14743403308374858,4.896256518579943e-07
4807.0,0.298377489951869,4.0,0.14743227181776167,4.1181678964549114e-07
4808.0,0.2983767939777562,4.000000000000001,0.14743077070801563,2.3099694282465321e-07
4809.0,0.29837609960359734,4.0,0.14742915751725183,1.882847890648956e-07
4810.0,0.2983754068387474,4.0,0.14742750164147705,3.227688222234303e-07
4811.0,0.29837471576249064,4.0,0.1474260248441475,3.74163625526607e-07
4812.0,0.29837402614628267,4.0,0.14742430850489063,3.8029199676807244e-07
4813.0,0.2983733381968563,4.0,0.14742282797116982,2.9195839408538656e-07
4814.0,0.2983726516885101,4.0,0.14742118892710898,2.371926976047179e-07
4815.0,0.29837196671574323,3.999999999999999,0.14741960986687885,3.085417619472366e-07
4816.0,0.2983712832226235,4.000000000000001,0.1474180755026084,3.3851603786377875e-07
4817.0,0.2983706011387114,4.0,0.14741643782825298,4.0526788146308394e-07
4818.0,0.298369920513736,3.9999999999999996,0.14741491971799045,3.466227551263019e-07
4819.0,0.29836924126075826,4.0,0.14741332784889286,3.5755432090823835e-07
4820.0,0.2983685633563567,4.0,0.1474117375860867,3.388477966146166e-07
4821.0,0.29836788684989907,4.0,0.14741023891743454,4.0175650056678127e-07
4822.0,0.2983672115600018,3.9999999999999996,0.14740857865027232,4.3070894739246405e-07
4823.0,0.2983665376721339,4.0,0.14740712702207215,4.651383338953754e-07
4824.0,0.2983658649221445,4.0,0.14740546767287493,4.593205328718596e-07
4825.0,0.2983651935124797,3.999999999999999,0.14740399022468323,5.036146423400154e-07
4826.0,0.2983645232189402,4.0,0.1474023842213463,5.175585433340269e-07
4827.0,0.29836385417182903,4.0,0.1474008616067978,6.111331250189456e-07
4828.0,0.29836318621865665,4.000000000000002,0.1473992917324381,6.398610905652442e-07
4829.0,0.2983625194484633,4.000000000000001,0.14739776924238965,7.439709807389383e-07
4830.0,0.2983618536993842,4.0,0.14739617577438405,7.892794679328376e-07
4831.0,0.29836118912624693,4.0,0.14739471027824813,9.220628458433844e-07
4832.0,0.29836052545275193,3.9999999999999996,0.14739305188097654,1.0171971481602053e-06
4833.0,0.2983598629794666,4.0,0.14739166114550928,1.1972719745236175e-06
4834.0,0.2983592012732194,3.9999999999999987,0.14738994231971334,1.3475068649154348e-06
4835.0,0.2983585407860049,3.9999999999999987,0.14738860587655617,1.58954558505627e-06
4836.0,0.2983578809465476,3.999999999999999,0.14738685095515397,1.8166515573178695e-06
4837.0,0.2983572223348334,3.999999999999999,0.14738555177389967,2.160235956934565e-06
4838.0,0.29835656424834006,3.999999999999999,0.14738375991996042,2.509655725930762e-06
4839.0,0.29835590742268103,3.999999999999999,0.1473825212635898,3.0060959138836313e-06
4840.0,0.2983552509513652,4.0,0.14738064537551268,3.5410134228187372e-06
4841.0,0.2983545958465433,4.0,0.1473795339601104,4.267898486508843e-06
4842.0,0.29835394083263744,4.0,0.1473774922461494,5.090445099784752e-06
4843.0,0.29835328740172795,4.000000000000002,0.14737659907918838,6.176425140267807e-06
4844.0,0.2983526336737967,3.999999999999999,0.14737429295420054,7.449732070921487e-06
4845.0,0.2983519818894241,3.9999999999999996,0.14737372495393855,9.101308379874596e-06
4846.0,0.2983513292568135,4.0,0.14737103205367585,1.1087809758914123e-05
4847.0,0.2983506791322376,4.0,0.14737093704398543,1.3641529684566145e-05
4848.0,0.2983500273637234,4.0,0.14736766864205517,1.677275777220371e-05
4849.0,0.29834937899869246,3.9999999999999982,0.14736829320455566,2.078402126961381e-05
4850.0,0.2983487277926241,4.0,0.14736412385926612,2.5775695372059392e-05
4851.0,0.2983480814523217,3.9999999999999996,0.14736589490549548,3.216922928699016e-05
4852.0,0.2983474304125229,4.0,0.14736026840416544,4.0219377755110405e-05
4853.0,0.29834678667456027,3.999999999999999,0.14736390512035516,5.055086305330717e-05
4854.0,0.29834613532110643,3.9999999999999996,0.14735589566650928,6.368430689913589e-05
4855.0,0.2983454953926319,4.000000000000001,0.1473625894902254,8.059376992186277e-05
4856.0,0.2983448433000933,4.0,0.14735066387615314,0.00010225700126243297
4857.0,0.2983442097699649,4.0,0.14736239781149987,0.00013024519068701321
4858.0,0.29834355714039384,3.999999999999999,0.14734399190295744,0.00016630852237115013
4859.0,0.29834293585041616,4.0,0.1473641027895084,0.0002130037661698249
4860.0,0.2983422854416503,4.0,0.14733489797224522,0.00027330069554586236
4861.0,0.2983416901559732,3.999999999999999,0.147369002248893,0.00035118459658120776
4862.0,0.2983410528207613,4.0,0.14732181563708946,0.0004511007417759987
4863.0,0.2983405155842785,4.0,0.14737908129215904,0.0005780946532208435
4864.0,0.2983399214270481,4.000000000000001,0.1473026952170239,0.0007361319548480422
4865.0,0.29833950318792335,4.0,0.1473964230469536,0.0009258992310919446
4866.0,0.2983389937677915,4.0,0.1472768313090821,0.0011388773191688532
4867.0,0.29833871571801296,4.0,0.14741901882209435,0.0013493456889121806
4868.0,0.2983381728496671,4.0,0.14725205938677075,0.001505133898528486
4869.0,0.2983376985007411,4.0,0.14742930801108353,0.0015301510970899337
4870.0,0.2983366679232745,4.000000000000001,0.14725363127472454,0.0013515153924715537
4871.0,0.29833566810658896,3.999999999999999,0.14739691586759968,0.0009504299663229958
4872.0,0.2983345837024768,3.9999999999999987,0.14729996160796402,0.0003946460916252411
4873.0,0.29833389929908277,4.0,0.14732966582220372,0.00020626912898039348
4874.0,0.2983335019067893,4.0,0.1473606080183318,0.0006851501658629893
4875.0,0.2983330196876503,4.0,0.14727639287283914,0.000965978633718498
4876.0,0.29833248555563263,3.9999999999999996,0.14738646867634989,0.0009877727543089257
4877.0,0.29833155032816294,4.0,0.14727206138777044,0.0007538854561742817
4878.0,0.29833074252541614,4.0,0.14735808310053727,0.0003453635581293059
4879.0,0.29833002536518916,4.000000000000001,0.147310766338368,0.0001655866746489187
4880.0,0.29832949324932434,4.0,0.14730807403506038,0.0005251350699418632
4881.0,0.29832901086896485,3.9999999999999987,0.1473474875602662,0.0007193703380548995
4882.0,0.29832828952312684,4.0,0.14728232286706053,0.0006895550441008551
4883.0,0.29832756349244377,3.999999999999999,0.1473468755500654,0.00046143320618263626
4884.0,0.29832678562331816,3.9999999999999996,0.1472942948688535,0.0001367898442105182
4885.0,0.29832616865080464,4.0,0.14731783661651468,0.0002498493834906766
4886.0,0.29832562158166015,4.0,0.14731838723274346,0.0004812683850864545
4887.0,0.2983249800821829,4.0,0.1472948098239013,0.0005500459640307843
4888.0,0.2983243144846408,4.0,0.14732380713121704,0.00044503993107505266
4889.0,0.2983235650682558,3.9999999999999996,0.1472951121552266,0.00021393856914997755
4890.0,0.29832290575765136,4.000000000000001,0.14730888420941335,7.059451885201874e-05
4891.0,0.298322303156013,3.999999999999999,0.14730614099980488,0.0002939287046642247
4892.0,0.29832167592634296,3.999999999999998,0.14729525026475887,0.00040967362416947993
4893.0,0.29832103909443086,4.0,0.14730668374541928,0.00038844962874436714
4894.0,0.29832032794199403,4.000000000000002,0.1472961979504353,0.0002497550088737186
4895.0,0.298319653088715,4.0,0.14729424242955969,5.1728815278777096e-05
4896.0,0.29831901806280087,4.000000000000001,0.14730336260137236,0.00015047368551118393
4897.0,0.2983183771567729,4.0,0.14728440168050003,0.0002796254589413673
4898.0,0.298317752364221,4.0,0.14730075430283107,0.00031054439037219957
4899.0,0.29831706425398774,3.9999999999999996,0.14728777793954997,0.00024366719524376116
4900.0,0.2983163928876105,4.0,0.14728615566341965,0.00011268668950805777
4901.0,0.2983157387412164,4.000000000000002,0.14729747200363344,6.252333374172472e-05
4902.0,0.29831508113548366,4.000000000000001,0.14727300909770494,0.00017580794904780719
4903.0,0.2983144571192379,3.9999999999999996,0.1472985927042125,0.00023245755958997013
4904.0,0.2983137749915864,3.9999999999999996,0.1472729040391116,0.00021391555743441703
4905.0,0.29831311721705633,4.000000000000001,0.147286183596062,0.00013325169754075747
4906.0,0.29831244461854733,3.9999999999999982,0.14728265030556165,2.766855451579013e-05
4907.0,0.2983117834656457,3.9999999999999996,0.14727017363116934,9.151654229298798e-05
4908.0,0.2983111441524884,4.000000000000001,0.1472890683758421,0.0001609516906818233
4909.0,0.29831046925163685,3.9999999999999996,0.14726319500299623,0.00017679595316883026
4910.0,0.29830981497343156,4.000000000000002,0.14728359431822916,0.00013936129971636968
4911.0,0.29830913558692596,3.9999999999999987,0.1472675228158167,6.516505157377293e-05
4912.0,0.29830846939461,4.0,0.14727015035494334,2.322232612373112e-05
4913.0,0.298307816136259,4.0,0.14727474013884578,9.275465269858976e-05
4914.0,0.29830713938517417,4.0,0.14725904823311464,0.00012970667410048587
4915.0,0.2983064891232453,3.9999999999999996,0.14727571038388013,0.00012603534196592772
4916.0,0.29830579883113173,3.9999999999999982,0.14725591816852504,8.744575073276212e-05
4917.0,0.29830514133714503,3.999999999999999,0.14726924561461,3.319276107691128e-05
4918.0,0.29830445906471137,4.0,0.1472577287510133,4.288680619077567e-05
4919.0,0.29830379954597175,4.0,0.14726125039632898,8.461532296617933e-05
4920.0,0.2983031195432658,4.0,0.14725774364534205,0.0001021943726003743
4921.0,0.29830245588745186,4.0,0.14725742989657697,9.196932958394397e-05
4922.0,0.2983017624524786,4.000000000000001,0.14725256871434042,6.318575803393623e-05
4923.0,0.2983011093515313,4.0,0.14725835446086763,4.4025939692178446e-05
4924.0,0.2983004001594542,4.0,0.14724402530969152,6.537818745162831e-05
4925.0,0.29829976857814755,4.000000000000001,0.1472608914418505,9.421678592167304e-05
4926.0,0.2982990360406135,4.0,0.1472352814863722,0.00011237170436853538
4927.0,0.29829842694540837,4.0,0.14726302553057782,0.00012276914128572948
4928.0,0.298297665466448,4.0,0.14722643957671486,0.00013776293017007645
4929.0,0.2982970951259425,4.000000000000001,0.14726672381639688,0.00016816693507403047
4930.0,0.29829629876021924,3.9999999999999987,0.1472138590261632,0.00021418426963132133
4931.0,0.29829580049588444,4.000000000000001,0.1472765699076978,0.0002715594857098121
4932.0,0.29829495063025424,3.999999999999999,0.1471930522397591,0.00033884270272487873
4933.0,0.29829457637968165,3.9999999999999987,0.1472959217951816,0.0004170872891124457
4934.0,0.2982936510730333,4.0,0.14716307254551597,0.0005055631985643313
4935.0,0.2982934451744473,3.999999999999999,0.14732176644964248,0.0005966910114570111
4936.0,0.2982923978047877,4.0,0.14713312950752166,0.0006726695567367124
4937.0,0.2982922443316804,4.0,0.14733626925606044,0.000705603608643356
4938.0,0.29829099091807876,4.0,0.14712987813960743,0.0006648201899357797
4939.0,0.29829057867243447,4.000000000000002,0.147308172897421,0.0005327239067790439
4940.0,0.2982893788637275,4.0,0.14717659949449327,0.00032040255591001817
4941.0,0.2982887275859518,3.999999999999999,0.1472365325249188,6.887616329761203e-05
4942.0,0.2982880870128213,3.9999999999999996,0.14724589142759148,0.00017396581345573543
4943.0,0.2982872854270971,3.9999999999999996,0.14717067209830914,0.0003561338722083927
4944.0,0.29828695179435083,4.0,0.14728378237268736,0.00044791500952293936
4945.0,0.29828590305421626,4.0,0.14715487205536718,0.00043375542416516715
4946.0,0.29828539348993605,3.9999999999999996,0.14726311033378273,0.0003208398439372539
4947.0,0.29828442509722586,4.0,0.14719283353478482,0.00014181249602332834
4948.0,0.2982837308045788,4.0,0.14720608399710722,5.6046770142469076e-05
4949.0,0.2982831625672978,4.000000000000002,0.1472409941831334,0.00021838647889827156
4950.0,0.29828229949104396,4.000000000000001,0.14716607853687033,0.00031142980464743294
4951.0,0.29828182178901874,4.0,0.14725171176996577,0.0003170682787710491
4952.0,0.29828085163365003,4.0,0.14717310484736357,0.00024052688510302174
4953.0,0.298280216486677,4.000000000000002,0.14721807009379315,0.00010873357925889975
4954.0,0.2982794595827878,4.0,0.14721004530918483,4.0323904221293354e-05
4955.0,0.2982786838173674,4.0,0.14717588568632772,0.0001618728045615508
4956.0,0.2982781342897695,4.000000000000001,0.14723379115074836,0.0002294867608557191
4957.0,0.29827723267656736,4.0,0.14716326046460995,0.0002297159316243862
4958.0,0.29827663187249065,4.0,0.14722081145941035,0.00016858735998896216
4959.0,0.29827578722943904,4.000000000000002,0.14718406367192063,6.826526310979742e-05
4960.0,0.2982750632451504,4.0,0.14718620028749924,4.048042581047885e-05
4961.0,0.29827440767402946,4.0,0.14720986893810467,0.00012748400156978058
4962.0,0.2982735713889389,3.9999999999999996,0.14716298012680232,0.00017190299776546707
4963.0,0.29827296121042385,4.0,0.14721260625872076,0.0001661124401938796
4964.0,0.29827209939635085,4.0,0.14716720007362635,0.00011661074038904659
4965.0,0.29827140780553185,4.000000000000001,0.14719108963107072,4.1314393252777575e-05
4966.0,0.2982706621233744,4.0,0.1471862540558327,3.902161607098486e-05
4967.0,0.29826987522478,3.9999999999999996,0.14716707992399766,9.956327430068906e-05
4968.0,0.29826922008731344,3.9999999999999996,0.14719613174619067,0.00012825143986914717
4969.0,0.2982683764537867,4.0,0.1471602066864158,0.00012050759534592632
4970.0,0.29826769443191825,4.0,0.14718621601807447,8.211359150594636e-05
4971.0,0.2982668956712461,4.0,0.1471702102644056,2.677560435024426e-05
4972.0,0.29826613967563376,4.0,0.14716638417820002,3.216135596298075e-05
4973.0,0.29826542848440074,4.0,0.14718126419743266,7.495139347171339e-05
4974.0,0.29826460961192125,4.0,0.14715365255450583,9.463218205753071e-05
4975.0,0.29826391809412267,4.0,0.14717975709138092,8.826003591156644e-05
4976.0,0.29826309538073453,4.000000000000001,0.14715506819512933,6.015454631180824e-05
4977.0,0.2982623592389911,3.9999999999999996,0.14716622513583585,2.0078488785913193e-05
4978.0,0.29826159364583693,4.000000000000001,0.1471634816930848,2.2595468358122677e-05
4979.0,0.2982608006030035,4.000000000000001,0.14715189311328036,5.397103561712913e-05
4980.0,0.2982600783925289,4.0,0.14716694034558142,6.911904040219434e-05
4981.0,0.2982592559169852,4.0,0.14714634805910204,6.575054849558375e-05
4982.0,0.2982585221677324,4.0,0.14716032605535445,4.6637285392875755e-05
4983.0,0.2982577203202642,4.0,0.14714946579673008,1.8213666495591454e-05
4984.0,0.2982569447823755,4.0,0.1471483623830231,1.2627406744548884e-05
4985.0,0.2982561842512038,4.000000000000001,0.14715362761600473,3.6482597845345766e-05
4986.0,0.29825537156587295,4.0,0.14713937581126277,4.950768236337696e-05
4987.0,0.29825462483751997,3.9999999999999996,0.14715191430738528,4.952632044159862e-05
4988.0,0.29825380516832745,4.0,0.14713736788349066,3.78891984685535e-05
4989.0,0.2982530374872796,4.0,0.14714384179946258,1.8575918945190502e-05
4990.0,0.2982522412356663,3.9999999999999996,0.14713959789959044,3.503014914506299e-06
4991.0,0.2982514405217258,3.999999999999999,0.14713435255366294,2.2081392518059154e-05
4992.0,0.29825066781229975,3.999999999999999,0.14714035272028292,3.3974455615870786e-05
4993.0,0.29824984554784484,4.0,0.1471285089599191,3.6992564898602085e-05
4994.0,0.29824907235187503,3.999999999999999,0.14713631313310901,3.13798071842325e-05
4995.0,0.29824825253947096,3.999999999999999,0.14712732584215799,1.931569014913166e-05
4996.0,0.29824745854566403,4.000000000000002,0.14712872129231142,4.178921839795094e-06
4997.0,0.2982466563939288,3.9999999999999996,0.14712785371976292,1.0399842784091728e-05
4998.0,0.29824583840558017,4.0,0.14712137161145114,2.123251605655927e-05
4999.0,0.2982450476051023,3.999999999999999,0.14712640463767626,2.6393467108725824e-05
5000.0,0.298244217485678,4.0,0.14711704196572278,2.5376845938175238e-05
