accepted_step,loss,encoder_energy,tangent_gradient_norm,bias_gradient_norm,joint_gradient_norm,minimum_absolute_preactivation,total_elapsed_seconds
0.0,0.32598536952467627,4.000000000000001,0.2257444417538048,1.5440848031482213e-05,0.22574444228187934,0.016034809875805245,1.7839431001339108
1.0,0.3254769024444679,4.000000000000001,0.22473540535534392,0.0009500148879424345,0.22473741332612615,0.016126211419028025,1.784112400142476
2.0,0.3249729574780872,4.0,0.2237307142174025,0.0018777311970713355,0.2237385938068743,0.016218692936205002,1.7842593002133071
3.0,0.3244734780050472,4.000000000000002,0.22273034191647045,0.0027841527454505522,0.2227477423381387,0.016312249572957356,1.784405600046739
4.0,0.32397840895564434,4.0,0.22173426263907312,0.0036696884316834086,0.22176462711911268,0.01640687644181187,1.784544600173831
5.0,0.3234876967461127,4.0,0.22074245117783745,0.004534763385654733,0.22078902561260563,0.016502568621134278,1.784683900186792
6.0,0.32300128921648796,3.999999999999999,0.21975488292691098,0.005379798474739945,0.2198207242319276,0.016599321154155314,1.7848239000886679
7.0,0.32251913557107015,4.0,0.2187715338767701,0.0062052075071042994,0.21885951803611603,0.016697129048087483,1.7849828000180423
8.0,0.3220411863213872,4.0,0.2177923806084531,0.007011396645751158,0.21790521043339314,0.016795987273327068,1.7851233000401407
9.0,0.3215673932315564,4.0,0.21681740028725457,0.007798764311857345,0.21695761289273877,0.01689589076274026,1.7852634000591934
10.0,0.32109770926595493,3.9999999999999996,0.21584657065591217,0.00856770123307135,0.21601654466345133,0.016996834411028665,1.785579000134021
11.0,0.32063208853910347,4.000000000000002,0.21487987002732245,0.009318590542894422,0.21508183250257357,0.01709881307417166,1.7857575002126396
12.0,0.3201704862676792,3.999999999999999,0.21391727727681326,0.01005180789987777,0.21415331041004493,0.017201821568942507,1.7859105002135038
13.0,0.31971285872457056,4.0,0.21295877183400605,0.010767721614634743,0.21323081937144667,0.01730585467249483,1.7860575001686811
14.0,0.3192591631948967,4.000000000000001,0.2120043336742974,0.011466692779551426,0.21231420710819954,0.017410907122018017,1.7862005000934005
15.0,0.3188093579339103,4.0,0.21105394330998778,0.012149075398827475,0.21140332783506965,0.0175169736144568,1.7863438001368195
16.0,0.31836340212670994,4.0,0.2101075817810854,0.012815216517686646,0.21049804202483852,0.017624048806293445,1.7864868000615388
17.0,0.3179212558496912,4.0,0.2091652306458121,0.013465456350158424,0.20959821617998994,0.01773212731339052,1.7866291000973433
18.0,0.3174828800336652,3.9999999999999996,0.20822687197083697,0.014100128405116366,0.2087037226112656,0.017841203710890374,1.7867718001361936
19.0,0.31704823642857816,3.9999999999999996,0.2072924883212623,0.014719559610412169,0.20781443922294027,0.01795127253316973,1.7869150000624359
20.0,0.31661728756976987,3.999999999999999,0.20636206275038593,0.015324070435012377,0.20693024930466652,0.018062328273847253,1.7870575999841094
21.0,0.31618999674570547,4.0,0.20543557878926283,0.015913975009110196,0.20605104132973945,0.018174365385840833,1.7873938002157956
22.0,0.3157663279671247,3.999999999999999,0.2045130204360878,0.016489581242194143,0.20517670875963134,0.01828737828147324,1.7875666001345962
23.0,0.31534624593754956,4.000000000000001,0.2035943721454215,0.01705119093908048,0.20430714985464743,0.018401361332623906,1.7877278001978993
24.0,0.3149297160250958,4.000000000000002,0.20267961881727847,0.017599099913926265,0.20344226749055286,0.018516308870924453,1.7878717000130564
25.0,0.3145167042355351,4.000000000000001,0.20176874578609816,0.01813359810224319,0.2025819689810245,0.01863221518799591,1.7880130000412464
26.0,0.314107177186558,3.9999999999999996,0.20086173880961736,0.0186549696709367,0.20172616590578057,0.018749074535726242,1.7881557000800967
27.0,0.3137011020831867,4.0,0.19995858405766093,0.019163493126399672,0.20087477394424175,0.018866881126585695,1.7882939002010971
28.0,0.3132984466942937,3.999999999999999,0.19905926810086977,0.01965944142068609,0.20002771271458197,0.018985629133978506,1.7887324001640081
29.0,0.3128991793301774,3.9999999999999996,0.19816377789938044,0.02014308205579919,0.19918490561802527,0.019105312692628936,1.7889162001665682
30.0,0.3125032688211542,4.0,0.19727210079147386,0.020614677186120894,0.19834627968824975,0.019225925899000264,1.7890784000046551
31.0,0.3121106844971233,4.000000000000001,0.19638422448220702,0.02107448371901167,0.19751176544575963,0.019347462811744896,1.7892388000618666
32.0,0.31172139616806516,3.999999999999999,0.1955001370320417,0.021522753413614787,0.19668129675708962,0.019469917452183943,1.7893932000733912
33.0,0.3113353741054332,3.999999999999999,0.19461982684548504,0.021959732977892894,0.19585481069870847,0.019593283804814766,1.7895462000742555
34.0,0.3109525890244044,4.000000000000001,0.19374328265975324,0.022385664163924936,0.19503224742548878,0.019717555817845477,1.7896972000598907
35.0,0.31057301206695037,4.000000000000001,0.19287049353347205,0.022800783861496185,0.194213550043615,0.01984272740375396,1.789848400047049
36.0,0.3101966147856948,4.0,0.1920014488354242,0.02320532419000766,0.1933986644878019,0.019968792439870525,1.7900005001574755
37.0,0.3098233691285257,4.0,0.1911361382333572,0.023599512588736958,0.19258753940270118,0.020095744768983858,1.79015320003964
38.0,0.30945324742392977,4.0,0.19027455168285848,0.023983571905472637,0.19178012602837072,0.02022357819996692,1.790327100083232
39.0,0.30908622236701766,3.9999999999999996,0.18941667941631127,0.024357720483558745,0.19097637808969153,0.02035228650842336,1.7904770001769066
40.0,0.3087222670062118,3.999999999999999,0.18856251193193788,0.02472217224736798,0.19017625168961225,0.020481863437352078,1.7906249000225216
41.0,0.30836135473056786,4.0,0.18771203998294045,0.025077136786237502,0.18937970520610886,0.020612302697829755,1.7907727002166212
42.0,0.3080034592577038,3.9999999999999996,0.186865254566748,0.025422819436890617,0.1885866991927487,0.020743597969708847,1.79092050017789
43.0,0.30764855462230783,4.0,0.18602214691437519,0.025759421364369834,0.18779719628274683,0.02087574290233203,1.7910677001345903
44.0,0.30729661516520396,4.0,0.18518270847990248,0.026087139641510687,0.18701116109641217,0.021008731115259166,1.7912161001004279
45.0,0.306947615522948,4.000000000000001,0.18434693093008409,0.026406167326977596,0.1862285601518777,0.021142556199009243,1.7913631000556052
46.0,0.3066015306179319,3.9999999999999996,0.18351480613408816,0.026716693541888648,0.18544936177901275,0.021277211715812563,1.7915080999955535
47.0,0.30625833564897426,3.999999999999999,0.18268632615337782,0.02701890354505557,0.18467353603642117,0.021412691200376022,1.7916509001515806
48.0,0.30591800608237646,3.999999999999999,0.18186148323173676,0.02731297880685881,0.18390105463142725,0.021548988160657097,1.7917933000717312
49.0,0.3055805176434214,4.0,0.1810402697854445,0.02759909708178542,0.18313189084295597,0.021686096078648454,1.7919360001105815
50.0,0.3052458463082992,4.0,0.18022267839360723,0.027877432479651732,0.18236601944721806,0.02182400841117029,1.7920793001540005
51.0,0.30491396829643524,3.9999999999999996,0.17940870178864743,0.028148155535532102,0.18160341664610918,0.021962718590670914,1.7923349000047892
52.0,0.30458486006320906,4.0,0.17859833284695636,0.028411433278419634,0.180844059998238,0.022102220026034007,1.7924862999934703
53.0,0.3042584982930411,3.999999999999999,0.17779156457971357,0.02866742929863848,0.18008792835249923,0.022242506103392366,1.7926280000247061
54.0,0.3039348598928327,4.000000000000001,0.17698839012387582,0.028916303814030823,0.1793350017841096,0.02238357018694692,1.7927671000361443
55.0,0.30361392198574505,4.0,0.17618880273333928,0.02915821373493957,0.17858526153302787,0.022525405619790693,1.7929066000506282
56.0,0.30329566190529755,4.0,0.17539279577027705,0.029393312728007125,0.17783868994468144,0.02266800572473646,1.793044500052929
57.0,0.30298005718977455,3.999999999999999,0.1746003626966544,0.02962175127881403,0.17709527041292544,0.022811363805148435,1.793181500164792
58.0,0.302667085576924,4.0,0.17381149706592358,0.029843676753372815,0.17635498732516006,0.022955473145776135,1.7933202001731843
59.0,0.30235672499893584,4.000000000000001,0.17302619251490056,0.03005923345850293,0.17561782600953757,0.02310032701359122,1.7934585001785308
60.0,0.3020489535776857,4.0,0.17224444275582473,0.030268562701102,0.1748837726841891,0.023245918658625034,1.793595700059086
61.0,0.30174374962023154,4.0,0.17146624156860257,0.030471802846334748,0.17415281440840474,0.023392241314808063,1.793947200058028
62.0,0.30144109161455296,4.0,0.17069158279323685,0.030669089374758603,0.17342493903570316,0.02353928820080912,1.7941161000635475
63.0,0.30114095822551884,4.0,0.16992046032244185,0.030860554938404103,0.17270013516872762,0.023687052520875326,1.7942719000857323
64.0,0.3008433282910743,3.9999999999999987,0.16915286809444513,0.031046329415830083,0.17197839211590796,0.023835527465670987,1.7944168001413345
65.0,0.3005481808186353,4.0,0.16838880008597598,0.031226539966169673,0.17125969984982917,0.023984706213115756,1.7945637002121657
66.0,0.3002554949816821,4.000000000000001,0.1676282503054413,0.03140131108218537,0.17054404896725026,0.024134581929221504,1.7947128000669181
67.0,0.29996525011653863,4.000000000000001,0.1668712127862878,0.03157076464235319,0.16983143065071732,0.024285147768927002,1.7948610000312328
68.0,0.299677425719333,4.0,0.16611768158055198,0.0317350199619895,0.16912183663171806,0.02443639687693042,1.795009900117293
69.0,0.29939200144312583,4.0,0.16536765075259507,0.03189419384343947,0.1684152591553246,0.024588322388519365,1.7951576001942158
70.0,0.2991089570952012,3.9999999999999987,0.16462111437302493,0.03204840062534393,0.16771169094627572,0.024740917430397656,1.7953022001311183
71.0,0.2988282726345086,3.9999999999999987,0.16387806651280157,0.032197752231000146,0.16701112517644773,0.024894175121508346,1.7954633000772446
72.0,0.29854992816925213,4.0,0.1631385012375284,0.03234235821583253,0.16631355543366957,0.02504808857385376,1.7956093000248075
73.0,0.2982739039546154,4.0,0.16240241260192473,0.032482325813989535,0.165618975691833,0.025202650893310377,1.795753600075841
74.0,0.2980001803906174,4.0,0.16166979464448156,0.032617759984083367,0.16492738028225667,0.02535785518043993,1.795894900104031
75.0,0.2977287380200916,4.0,0.16094064138229697,0.03274876345408454,0.16423876386625874,0.02551369453129559,1.796036300016567
76.0,0.29745955752678155,4.0,0.16021494680609127,0.032875436765389114,0.16355312140889808,0.02567016203822308,1.796178000047803
77.0,0.29719261973354716,4.0,0.15949270487539924,0.03299787831607261,0.1628704481538426,0.025827250790655953,1.7963189000729471
78.0,0.29692790560067495,4.0,0.158773909513939,0.03311618440334528,0.16219073959932748,0.025984953875905964,1.7964560000691563
79.0,0.29666539622428684,3.999999999999999,0.15805855460515414,0.03323044926522091,0.16151399147516265,0.0261432643799474,1.7965944001916796
80.0,0.2964050728348422,4.000000000000001,0.15734663398792953,0.03334076512141635,0.16084019972075672,0.026302175388194522,1.7967313001863658
81.0,0.2961469167957274,3.999999999999999,0.15663814145247631,0.03344722221349286,0.16016936046411856,0.026461679986273898,1.796868200181052
82.0,0.2958909096019275,4.0,0.1559330707363866,0.033549908844254725,0.15950147000180515,0.026621771260788973,1.7970058000646532
83.0,0.29563703287877674,4.000000000000002,0.15523141552085343,0.03364891141641566,0.15883652477977991,0.0267824423000785,1.7971418001689017
84.0,0.29538526838078155,3.999999999999999,0.15453316942705633,0.033744314470549104,0.15817452137515262,0.02694368619496793,1.797279000049457
85.0,0.29513559799051153,4.000000000000001,0.15383832601270725,0.033836200722334335,0.15751545647876622,0.027105496039513163,1.797426300123334
86.0,0.2948880037175575,4.0,0.1531468787687582,0.03392465109910818,0.15685932687860465,0.02726786493173774,1.7975671000313014
87.0,0.2946424676975469,4.0,0.15245882111626485,0.034009744775738454,0.15620612944398857,0.02743078597436164,1.7977059001568705
88.0,0.29439897219121813,4.000000000000001,0.15177414640340578,0.03409155920982955,0.15555586111053407,0.027594252275522996,1.7978441000450402
89.0,0.29415749958354775,4.0,0.1510928479026548,0.0341701701762715,0.15490851886584586,0.027758256949491703,1.797982000047341
90.0,0.29391803238292596,4.0,0.15041491880810268,0.03424565180114521,0.15426409973591845,0.027922793117374847,1.7981204001698643
91.0,0.29368055322037995,4.000000000000002,0.14974035223292703,0.03431807659499506,0.15362260077222037,0.028079924629457777,1.7982579001691192
92.0,0.29344504484883965,4.0,0.1490691412070076,0.034387515485479365,0.1529840190394371,0.028210390079199534,1.7983952001668513
93.0,0.29321149014244297,4.000000000000001,0.14840127867468328,0.03445403784941148,0.15234835160384796,0.028334045725555,1.7985340000595897
94.0,0.2929798720958802,4.0,0.1477367574926501,0.03451771154419988,0.15171559552231503,0.028458415064189536,1.798670700052753
95.0,0.2927501738237707,4.000000000000001,0.14707557042799596,0.034578602938701,0.15108574783186116,0.028583491488070774,1.798808200052008
96.0,0.29252237856007357,3.999999999999999,0.14641771015637042,0.03463677694349217,0.1504588055398159,0.02870926837167345,1.7989446001593024
97.0,0.29229646965752576,4.000000000000001,0.1457631692602858,0.03469229704057777,0.14983476561450754,0.028835739072372843,1.7990828000474721
98.0,0.29207243058710997,4.000000000000001,0.1451119402275491,0.03474522531253656,0.1492136249764837,0.02896289693181595,1.799220200162381
99.0,0.2918502449375451,4.000000000000001,0.14446401544981938,0.03479562247112036,0.14859538049023727,0.029090735277269075,1.7993571001570672
100.0,0.29162989641480097,3.9999999999999996,0.14381938722128948,0.034843547885316226,0.14798002895642212,0.02921924742294383,1.7995106000453234
101.0,0.2914113688416332,4.000000000000001,0.14317804773748902,0.034889059608879065,0.1473675671045383,0.029348426671299558,1.7996496001724154
102.0,0.29119464615713836,4.0,0.1425399890942068,0.03493221440734362,0.14675799158607075,0.029478266314324215,1.7997999000363052
103.0,0.2909797124163241,4.000000000000001,0.14190520328652764,0.03497306778452847,0.1461512989680624,0.02960875963479243,1.7999397001694888
104.0,0.29076655178969724,3.9999999999999996,0.14127368220798386,0.035011674008537774,0.1455474857271074,0.02973989990750167,1.800077100051567
105.0,0.29055514856286374,4.000000000000001,0.14064541764981614,0.03504808613727195,0.1449465482437469,0.029871680400487037,1.8002150000538677
106.0,0.2903454871361434,4.0,0.14002040130034346,0.035082356043452924,0.14434848279725293,0.03000409437621273,1.8003520001657307
107.0,0.2901375520241926,3.9999999999999996,0.13939862474443687,0.03511453443917784,0.1437532855607848,0.030137135092743364,1.800489000044763
108.0,0.28993132785563913,4.0,0.13878007946309628,0.03514467090000431,0.14316095259690378,0.030270795804892975,1.8006251000333577
109.0,0.28972679937272483,4.0,0.138164756833128,0.035172813888577376,0.14257147985343316,0.030405069765352673,1.8007646000478417
110.0,0.28952395143095433,4.0,0.1375526481269176,0.03519901077780868,0.14198486315964776,0.030539950225797228,1.80089750001207
111.0,0.28932276899875137,4.0,0.13694374451229893,0.03522330787361224,0.14140109822278282,0.030675430437970563,1.8010312002152205
112.0,0.28912323715711913,3.9999999999999996,0.1363380370525145,0.03524575043720684,0.14082018062484752,0.03081150365475053,1.8011646000668406
113.0,0.2889253410993047,4.000000000000001,0.13573551670626463,0.03526638270699204,0.14024210581973115,0.03094816313119281,1.801297000143677
114.0,0.28872906613046767,4.0,0.13513617432784478,0.03528524792000541,0.13966686913059195,0.031085402125554183,1.8014393001794815
115.0,0.288534397667349,3.999999999999999,0.13454000066736554,0.035302388332969836,0.13909446574751463,0.031223213900295702,1.8015747000463307
116.0,0.2883413212379431,4.0,0.13394698637105523,0.03531784524293512,0.13852489072542729,0.031361591723065504,1.8017109001521021
117.0,0.28814982248117005,3.9999999999999996,0.13335712198164162,0.035331659007524024,0.13795813898226664,0.03150052886766165,1.8018426999915391
118.0,0.28795988714654697,4.000000000000002,0.13277039793880985,0.035343869064788605,0.1373942052973809,0.03164001861497548,1.801982200006023
119.0,0.2877715010938604,3.999999999999999,0.13218680457973553,0.0353545139526841,0.13683308431016136,0.03178005425391493,1.8021853000391275
120.0,0.2875846502928349,3.999999999999999,0.1316063321396882,0.03536363132816619,0.13627477051889092,0.03192062908230846,1.802339400164783
121.0,0.28739932082280245,4.0,0.1310289707527056,0.03537125798592115,0.13571925827980333,0.032061736407790246,1.8024759001564234
122.0,0.28721549887236775,3.999999999999999,0.13045471045233448,0.035377429876729476,0.13516654180634102,0.03220336954866583,1.8026098001282662
123.0,0.2870331707390707,3.999999999999999,0.12988354117243558,0.03538218212547855,0.13461661516860504,0.03234552183475904,1.8027453999966383
124.0,0.2868523228290469,3.999999999999999,0.1293154527480517,0.0353855490488219,0.13406947229298763,0.03248818660824053,1.8028794000856578
125.0,0.2866729416566822,4.0,0.1287504349163355,0.03538756417249555,0.1335251069619794,0.03263135722443769,1.803012300049886
126.0,0.2864950138442659,4.000000000000001,0.12818847731753497,0.03538826024829908,0.1329835128141437,0.03277502705262614,1.8031452000141144
127.0,0.28631852612163683,4.0,0.12762956949603518,0.03538766927074286,0.13244468334425039,0.032919189476803626,1.803278700215742
128.0,0.2861434653258267,4.0,0.12707370090145254,0.035385822493370696,0.13190861190356057,0.033063837896445826,1.8034204000141472
129.0,0.28596981840069713,4.0,0.12652086088978062,0.03538275044476424,0.13137529170025727,0.03320896572724434,1.8035605000331998
130.0,0.28579757239657255,4.0,0.12597103872458573,0.03537848294423132,0.13084471580001367,0.03335456640182786,1.8036952000111341
131.0,0.28562671446986654,4.000000000000001,0.1254242235782486,0.03537304911718795,0.13031687712669254,0.033500633370465306,1.8038291002158076
132.0,0.2854572318827038,4.0,0.12488040453325155,0.03536647741023606,0.12979176846317064,0.033647160101752775,1.8039629000704736
133.0,0.2852891120025342,4.0,0.1243395705835083,0.03535879560594559,0.1292693824522817,0.03379414008328292,1.8040955001488328
134.0,0.2851223423017437,3.999999999999999,0.12380171063573507,0.035350030837342734,0.12874971159787257,0.03394156682229842,1.8042335000354797
135.0,0.2849569103572566,4.000000000000001,0.12326681351086038,0.03534020960211323,0.1282327482659657,0.03408943384632863,1.8043674000073224
136.0,0.2847928038501335,3.999999999999999,0.12273486794547256,0.035329357776522984,0.12771848468602404,0.03423773470381011,1.8045017002150416
137.0,0.284630010565161,3.9999999999999996,0.12220586259330087,0.03531750062906206,0.12720691295230985,0.03438646296469103,1.8046356001868844
138.0,0.28446851839043774,4.0,0.12167978602673207,0.03530466283381865,0.12669802502533697,0.03453561222102032,1.8047676000278443
139.0,0.2843083153169514,4.000000000000002,0.12115662673835675,0.0352908684835842,0.12619181273340652,0.03468517608752068,1.8048990000970662
140.0,0.28414938943815105,3.999999999999999,0.12063637314254666,0.035276141102698076,0.12568826777422473,0.034835148202146615,1.8050315000582486
141.0,0.2839917289495119,4.0,0.12011901357705858,0.035260503659635574,0.12518738171659619,0.034985522226626826,1.8051641001366079
142.0,0.2838353221480952,3.9999999999999996,0.11960453630466632,0.0352439785793415,0.12468914600218949,0.035136291846992275,1.8052970999851823
143.0,0.2836801574320996,4.0,0.11909292951481536,0.03522658775531822,0.1241935519473693,0.03528745077408884,1.8054397001396865
144.0,0.2835262233004086,3.999999999999999,0.11858418132530214,0.03520835256146826,0.12370059074509218,0.03543899274407624,1.805576300015673
145.0,0.28337350835212893,4.000000000000001,0.11807827978397323,0.03518929386369928,0.12321025346686064,0.035590911518911625,1.8057111999951303
146.0,0.2832220012861256,3.9999999999999987,0.11757521287044567,0.03516943203129353,0.12272253106473313,0.03574320088682001,1.8058452000841498
147.0,0.28307169090054796,3.999999999999999,0.11707496849784396,0.03514878694804762,0.12223741437338405,0.03589585466274964,1.805978500051424
148.0,0.28292256609235167,4.000000000000001,0.11657753451455519,0.035127378023185225,0.12175489411221244,0.03604886668881491,1.8061111001297832
149.0,0.2827746158568141,4.0,0.11608289870599883,0.03510522420204816,0.12127496088749422,0.0362022308347247,1.806245299987495
150.0,0.2826278292870426,3.999999999999999,0.11559104879641002,0.03508234397656974,0.12079760519457496,0.03635594099819801,1.8063790001906455
151.0,0.2824821955734787,3.9999999999999996,0.11510197245063587,0.0350587553955333,0.12032281742010022,0.036509991105365736,1.806511600036174
152.0,0.2823377040033953,3.999999999999999,0.11461565727594204,0.03503447607462118,0.11985058784427972,0.03666437511116055,1.8066445000004023
153.0,0.2821943439603888,3.999999999999999,0.11413209082383019,0.03500952320625691,0.11938090664318338,0.03681908699969313,1.8067776001989841
154.0,0.28205210492386507,4.0,0.11365126059186234,0.034983913569245684,0.11891376389106459,0.036974120784615774,1.8069102000445127
155.0,0.2819109764685217,4.0,0.11317315402549404,0.0349576635382146,0.11844914956270988,0.037129470509474856,1.8070432001259178
156.0,0.281770948263822,4.0,0.11269775851991147,0.03493078909285968,0.11798705353581013,0.03728513024804936,1.8071771000977606
157.0,0.28163201007346716,4.0,0.11222506142187515,0.03490330582699938,0.11752746559335268,0.03744109410467901,1.8073123001959175
158.0,0.28149415175486114,3.9999999999999996,0.11175505003156602,0.03487522895744172,0.11707037542603085,0.03759735621457955,1.8074584000278264
159.0,0.28135736325857147,3.9999999999999996,0.11128771160443408,0.03484657333266567,0.11661577263466781,0.03775391074414692,1.8075952001381665
160.0,0.2812216346277858,4.0,0.11082303335304854,0.0348173534413223,0.11616364673265413,0.037910751891249816,1.807730000000447
161.0,0.2810869559977632,3.999999999999999,0.1103610024489481,0.03478758342055744,0.1157139871483952,0.038067873885511146,1.8078636000864208
162.0,0.28095331759528097,3.9999999999999996,0.10990160602449008,0.034757277064160985,0.11526678322776725,0.03822527098857853,1.807996500050649
163.0,0.2808207097380783,3.999999999999999,0.10944483117469829,0.03472644783054309,0.11482202423657947,0.038382937494383707,1.8081287001259625
164.0,0.28068912283429454,3.999999999999999,0.10899066495910725,0.03469510885054517,0.11437969936304059,0.038540867729390964,1.8082618000917137
165.0,0.2805585473819042,4.0,0.10853909440360324,0.034663272935082964,0.11393979772022746,0.038699056052836085,1.8083937000483274
166.0,0.28042897396814864,3.9999999999999996,0.10809010650226065,0.03463095258263004,0.11350230834855483,0.03885749685695408,1.80852620000951
167.0,0.28030039326896256,4.000000000000001,0.10764368821917188,0.03459815998654222,0.11306722021824298,0.03901618456719684,1.8086586000863463
168.0,0.2801727960483993,3.999999999999999,0.1071998264902719,0.03456490704222507,0.11263452223178319,0.039175113642441355,1.8087915000505745
169.0,0.28004617315805086,3.999999999999999,0.10675850822515438,0.034531205354150225,0.11220420322639811,0.039334278575187315,1.8089236000087112
170.0,0.2799205155364657,4.000000000000002,0.10631972030888047,0.034497066242720545,0.11177625197649642,0.039493673891746246,1.8090561002027243
171.0,0.2797958142085646,3.999999999999999,0.10588344960377882,0.03446250075098861,0.11135065719612014,0.039653294152419874,1.80919020017609
172.0,0.27967206028505065,3.999999999999999,0.10544968295123407,0.03442751965123191,0.11092740754138151,0.039813133951670035,1.8093232000246644
173.0,0.2795492449618206,4.0,0.10501840717346778,0.034392133451384393,0.1105064916128917,0.03997318791827943,1.8094683000817895
174.0,0.27942735951937087,4.0,0.10458960907530605,0.03435635240133126,0.11008789795817614,0.04013345071550323,1.8096038000658154
175.0,0.279306395322202,4.0,0.10416327544593607,0.034320186499066464,0.10967161507407762,0.04029391704121167,1.809738100040704
176.0,0.27918634381822166,3.9999999999999996,0.10373939306065036,0.034283645496716995,0.1092576314091454,0.04045458162802463,1.8098724000155926
177.0,0.27906719653814493,4.0,0.10331794868257749,0.0342467389064362,0.10884593536600862,0.04061543924343728,1.8100064999889582
178.0,0.278948945094893,4.000000000000002,0.10289892906439987,0.034209476006168214,0.10843651530373427,0.04077648468993726,1.8101394001860172
179.0,0.27883158118299056,3.9999999999999987,0.1024823209500566,0.03417186584528678,0.10802935954016708,0.04093771280511456,1.810276900185272
180.0,0.2787150965779605,4.000000000000001,0.1020681110764313,0.0341339172501113,0.1076244563542514,0.04109911846176246,1.810414400184527
181.0,0.27859948313571936,3.9999999999999996,0.10165628617502596,0.03409563882929956,0.10722179398833437,0.04112881074612311,1.8105992001947016
182.0,0.2784847327919691,4.0,0.10124683297361683,0.034057038979123974,0.10682136065044778,0.04085868336166536,1.8107410001102835
183.0,0.2783708375615904,3.999999999999999,0.10083973819789663,0.03401812588862993,0.10642314451657124,0.04059027325452309,1.810877200216055
184.0,0.2782577895380324,4.000000000000001,0.10043498857309704,0.033978907544680546,0.10602713373287086,0.04032357936674361,1.8111066999845207
185.0,0.27814558089270414,3.999999999999999,0.10003257082559645,0.03393939173688933,0.1056333164179181,0.040058600443336034,1.8113126000389457
186.0,0.27803420387436384,3.9999999999999996,0.09963247168450867,0.03389958606244282,0.10524168066488386,0.0397953350368368,1.8114622000139207
187.0,0.277923650808508,4.000000000000001,0.099234677883254,0.03385949793081594,0.10485221454370962,0.03953378151179866,1.8116082001943141
188.0,0.27781391409676137,3.9999999999999996,0.09883917616111199,0.03381913456838187,0.10446490610325387,0.039273938049206536,1.8118062000721693
189.0,0.27770498621626427,4.000000000000001,0.09844595326475508,0.033778503022918266,0.10407974337341364,0.03901580265081809,1.8119610000867397
190.0,0.2775968597190632,3.999999999999999,0.09805499594976365,0.03373761016801268,0.10369671436722071,0.038759373143432765,1.812107700156048
191.0,0.27748952723149795,4.0,0.09766629098212107,0.03369646270736772,0.10331580708291141,0.03850464718308907,1.8122492001857609
192.0,0.2773829814535922,4.000000000000001,0.09727982513968945,0.03365506717901022,0.10293700950597044,0.03825162225919067,1.8123892000876367
193.0,0.2772772151584423,4.000000000000002,0.09689558521366545,0.0336134299594035,0.10256030961114747,0.038000295698563516,1.812528100097552
194.0,0.27717222119160734,4.0,0.0965135580100152,0.03357155726746768,0.10218569536444634,0.03775066466944436,1.8127100002020597
195.0,0.2770679924704998,4.0,0.09613373035088933,0.03352945516850714,0.10181315472508663,0.03750272618540101,1.8128861000295728
196.0,0.2769645219837771,4.000000000000002,0.09575608907601739,0.03348712957804918,0.10144267564743761,0.037256477109187405,1.813023200025782
197.0,0.2768618027907339,4.0,0.09538062104408071,0.03344458626559401,0.10107424608292308,0.03701191415653061,1.813158700009808
198.0,0.2767598280206947,4.0,0.09500731313406444,0.03340183085827939,0.10070785398189795,0.03676903389985533,1.8132945001125336
199.0,0.2766585908724089,4.0,0.09463615224658871,0.03335886884446015,0.10034348729549622,0.03652783277194319,1.8134280000813305
200.0,0.27655808461344566,4.0,0.09426712530521737,0.03331570557720551,0.09998113397744894,0.03628830706952982,1.8135653000790626
201.0,0.27645830257959125,4.0,0.09390021925774625,0.033272346277715636,0.09962078198587399,0.036050452956839264,1.813701300183311
202.0,0.2763592381742469,3.9999999999999987,0.0935354210774689,0.033228796038657867,0.09926241928503525,0.035814266469057554,1.8138353000395
203.0,0.2762608848678288,3.9999999999999996,0.09317271776442061,0.03318505982742694,0.09890603384707268,0.03557974351574625,1.8139679001178592
204.0,0.2761632361971692,4.0,0.09281209634660084,0.03314114248932756,0.09855161365370244,0.0353468798841958,1.8141001001931727
205.0,0.27606628576492015,4.0,0.0924535438811735,0.033097048750683214,0.09819914669788722,0.035115671242721525,1.8142323000356555
206.0,0.27597002723895764,4.0,0.09209704745564463,0.03305278322187228,0.09784862098547605,0.034886113143900305,1.8143658000044525
207.0,0.275874454351789,4.0,0.0917425941890187,0.03300835040029246,0.09750002453681464,0.034658201027752265,1.8145147000905126
208.0,0.27577956089996153,3.999999999999999,0.09139017123293211,0.03296375467325492,0.09715334538832508,0.0344319302248648,1.814649100182578
209.0,0.2756853407434735,4.000000000000002,0.09103976577276476,0.03291900032081077,0.09680857159405572,0.03420729595946187,1.8147825000341982
210.0,0.2755917878051877,4.000000000000001,0.0906913650287298,0.03287409151850952,0.09646569122720086,0.03398429335241976,1.8149149999953806
211.0,0.275498896070246,4.000000000000002,0.09034495625693967,0.03282903234009319,0.09612469238158959,0.03376291742422759,1.8150483001954854
212.0,0.275406659585488,4.0,0.09000052675045168,0.03278382676012488,0.0957855631731455,0.03354316309789597,1.8151813000440598
213.0,0.27531507245887044,4.0,0.08965806384029004,0.03273847865655571,0.0954482917413155,0.03332502520181419,1.8153148000128567
214.0,0.27522412885889047,4.0,0.08931755489644638,0.03269299181322935,0.09511286625046894,0.03310849847255406,1.8154483002144843
215.0,0.2751338230140109,4.0,0.08897898732885796,0.03264736992232633,0.09477927489126661,0.03289357755762516,1.8155810001771897
216.0,0.27504414921208753,4.0,0.08864234858836334,0.03260161658675059,0.09444750588199993,0.03268025701817935,1.815716000040993
217.0,0.2749551017998004,4.0,0.08830762616763661,0.0325557353224567,0.09411754746990018,0.03246853133166656,1.8158486001193523
218.0,0.2748666751820871,3.999999999999999,0.08797480760209912,0.03250972956072198,0.09378938793241823,0.032258394894441836,1.8159815000835806
219.0,0.2747788638215784,3.999999999999999,0.08764388047080951,0.03246360265036302,0.0934630155784747,0.03204984202432446,1.816113900160417
220.0,0.2746916622380383,3.999999999999999,0.08731483239733186,0.03241735785989782,0.09313841874968048,0.03184286696311164,1.8162462001200765
221.0,0.27460506500780574,4.0,0.08698765105058202,0.0323709983796556,0.09281558582152832,0.03163746387904416,1.8163779000751674
222.0,0.27451906676323956,4.0,0.08666232414565245,0.03232452732383471,0.09249450520455511,0.031433626869227294,1.8165218001231551
223.0,0.274433662192167,3.9999999999999996,0.08633883944461519,0.03227794773251035,0.0921751653454753,0.03123134996200709,1.8166571999900043
224.0,0.2743488460373349,4.000000000000002,0.08601718475730358,0.03223126257359205,0.09185755472828533,0.031030627119301865,1.8167914000805467
225.0,0.2742646130958647,4.000000000000001,0.0856973479420733,0.032184474744733335,0.09154166187534042,0.030831452238890486,1.8169237000402063
226.0,0.27418095821870925,3.9999999999999996,0.08537931690654073,0.03213758707519461,0.09122747534840163,0.030633819156658054,1.8170561001170427
227.0,0.2740978763101145,4.0,0.08506307960830163,0.032090602327658875,0.09091498374965595,0.030437721648798495,1.817189000081271
228.0,0.2740153623270843,3.999999999999999,0.08474862405562895,0.03204352320000223,0.09060417572270835,0.030243153433976863,1.817321800161153
229.0,0.27393341127884674,4.0,0.08443593830814834,0.03199635232702121,0.09029503995354511,0.030050108175449085,1.8174542000051588
230.0,0.2738520182263268,4.0,0.08412501047749532,0.0319490922821157,0.08998756517147156,0.02985857948314253,1.817587000085041
231.0,0.27377117828161984,4.000000000000001,0.08381582872795015,0.0319017455789305,0.08968174015002099,0.029668560915696758,1.817720300052315
232.0,0.2736908866074702,3.9999999999999996,0.0835083812770537,0.03185431467295464,0.08937755370783755,0.029480045982464745,1.817853500135243
233.0,0.2736111384167521,4.000000000000002,0.08320265639620202,0.031806801963081596,0.08907499470953197,0.029293028145475207,1.8179880001116544
234.0,0.27353192897195583,3.9999999999999987,0.08289864241122287,0.03175920979312838,0.08877405206651176,0.029107500821358413,1.818120300071314
235.0,0.27345325358467476,4.000000000000001,0.08259632770292996,0.03171154045331788,0.08847471473778376,0.028923457383233146,1.8182543001603335
236.0,0.2733751076150994,4.0,0.08229570070766078,0.0316637961817218,0.08817697173073306,0.028740891162557528,1.8183874001260847
237.0,0.27329748647151186,4.0,0.08199674991779196,0.03161597916566795,0.0878808121018739,0.02855979545094396,1.8185320000629872
238.0,0.273220385609786,3.999999999999999,0.08169946388223791,0.03156809154311105,0.0875862249575773,0.02838016350193749,1.8187704000156373
239.0,0.27314380053289034,4.0,0.08140383120692915,0.031520135403968225,0.08729319945477255,0.02820198853275986,1.8190236000809819
240.0,0.2730677267903953,3.9999999999999996,0.08110984055527275,0.031472112791420495,0.08700172480162484,0.028025263726019142,1.8191653999965638
241.0,0.27299215997798354,4.0,0.08081748064859366,0.03142402570318034,0.08671179025818779,0.027849982231384338,1.8193016999866813
242.0,0.2729170957369642,3.9999999999999996,0.0805267402665578,0.0313758760927268,0.08642338513703225,0.02767613716722775,1.819441500119865
243.0,0.27284252975379114,4.0,0.08023760824757761,0.03132766587050818,0.08613649880385166,0.027503721622233086,1.8195794001221657
244.0,0.2727684577595848,4.000000000000002,0.07995007348919903,0.03127939690511352,0.08585112067804328,0.027332728656972456,1.8197198000270873
245.0,0.2726948755296579,3.999999999999999,0.07966412494847147,0.031231071024413904,0.08556724023326719,0.027163151305450883,1.8198582001496106
246.0,0.2726217788830442,4.0,0.07937975164229946,0.031182690016673422,0.08528484699798135,0.026994982576618504,1.8199964000377804
247.0,0.27254916368203264,4.0,0.07909694264777838,0.03113425563163078,0.08500393055595531,0.02682821545585322,1.8201351000461727
248.0,0.27247702583170386,4.0,0.07881568710251177,0.031085769581553596,0.084724480546761,0.026662842906412527,1.820273800054565
249.0,0.2724053612794711,4.000000000000002,0.07853597420491337,0.031037233542263225,0.08444648666624212,0.026498857870854695,1.8204117000568658
250.0,0.27233416601462507,3.999999999999999,0.07825779321449149,0.03098864915413391,0.08416993866696182,0.026336253272431068,1.820548600051552
251.0,0.27226343606788156,4.0,0.07798113345211721,0.03094001802306461,0.0838948263586288,0.026175022016449487,1.8207472001668066
252.0,0.2721931675109353,4.000000000000001,0.0777059843002776,0.030891341721425023,0.08362113960850356,0.026015156991608973,1.8208907002117485
253.0,0.272123356456015,4.0,0.07743233520331182,0.0308426217889768,0.08334886834178319,0.025856651071305567,1.8210289999842644
254.0,0.27205399905544336,4.000000000000002,0.07716017566763217,0.03079385973376964,0.08307800254196615,0.025699497114912262,1.8211661002133042
255.0,0.27198509150120204,4.0,0.07688949526193022,0.030745057033013327,0.0828085322511976,0.025543687969029873,1.8213013000786304
256.0,0.2719166300244975,3.999999999999999,0.0766202836173668,0.030696215133926865,0.08254044757059442,0.025389216468712623,1.821437600068748
257.0,0.2718486108953342,4.0,0.07635253042774831,0.030647335454564103,0.08227373866055203,0.025236075438666475,1.8215745000634342
258.0,0.27178103042208945,3.9999999999999996,0.07608622544968803,0.030598419384616906,0.08200839574103162,0.025084257694421894,1.8217100000474602
259.0,0.2717138849510922,3.9999999999999996,0.07582135850275193,0.03054946828619704,0.08174440909182835,0.024933756043481678,1.8218442001380026
260.0,0.27164717086620666,4.0,0.0755579194695923,0.030500483494596706,0.08148176905282285,0.024784563286442324,1.8219779999926686
261.0,0.27158088458841884,3.9999999999999996,0.07529589829606598,0.03045146631902777,0.08122046602421334,0.024636672218092473,1.8221129002049565
262.0,0.2715150225754271,4.000000000000001,0.07503528499133941,0.030402418043341074,0.08096049046673072,0.024490075628485805,1.8222468001767993
263.0,0.27144958132123714,4.0,0.07477606962798043,0.03035333992672631,0.08070183290183672,0.024344766303991003,1.822393200127408
264.0,0.27138455735575995,4.0,0.07451824234203652,0.030304233204392173,0.08044448391190455,0.024200737028317564,1.822528999997303
265.0,0.2713199472444136,4.0,0.0742617933331004,0.03025509908822764,0.08018843414038329,0.02405798058351906,1.8226632000878453
266.0,0.2712557475877298,3.9999999999999996,0.07400671286436289,0.030205938767445335,0.07993367429194602,0.023916489750973075,1.8227966001722962
267.0,0.27119195502096294,4.000000000000001,0.07375299126265301,0.030156753409206757,0.07968019513262173,0.0237762573123406,1.8229298000223935
268.0,0.2711285662137042,3.999999999999999,0.07350061891846653,0.030107544159229983,0.07942798748991203,0.0236372760505007,1.8230624999850988
269.0,0.2710655778694974,4.0,0.07324958628598134,0.03005831214238079,0.07917704225289185,0.023499538750465822,1.823198800208047
270.0,0.2710029867254616,3.9999999999999996,0.07299988388306247,0.030009058463246675,0.07892735037229592,0.023363038200276007,1.823332300176844
271.0,0.2709407895519142,3.999999999999999,0.07275150229125467,0.02995978420669509,0.07867890286059008,0.023227767191870106,1.823465800145641
272.0,0.27087898315200004,4.0,0.07250443215576355,0.029910490438415885,0.07843169079202798,0.02309371852193906,1.8236005001235753
273.0,0.2708175643613236,3.9999999999999987,0.0722586641854271,0.029861178205447828,0.0781857053026948,0.022960884992757294,1.8237352999858558
274.0,0.2707565300475837,4.0,0.07201418915267374,0.02981184853669163,0.07794093759053528,0.022829259412995587,1.8238694001920521
275.0,0.2706958771102141,3.9999999999999996,0.0717709978934731,0.02976250244340651,0.07769737891537075,0.022698834598513226,1.824002900160849
276.0,0.2706356024800254,3.9999999999999996,0.07152908130727337,0.029713140919693903,0.07745502059890058,0.022569603373132137,1.8241357000079006
277.0,0.27057570311885226,4.0,0.07128843035693049,0.02966376494296685,0.07721385402469247,0.022441558569391618,1.8242692002095282
278.0,0.27051617601920386,3.9999999999999996,0.07104903606862657,0.029614375474405884,0.07697387063815937,0.022314693029284564,1.8244136001449078
279.0,0.2704570182039168,3.9999999999999996,0.07081088953177908,0.029564973459401872,0.07673506194652453,0.022188999604976327,1.824550700141117
280.0,0.27039822672581343,3.999999999999999,0.07057398189893983,0.029515559827985986,0.07649741951877402,0.022064471159504516,1.8246855000033975
281.0,0.27033979866736224,4.0,0.07033830438568563,0.029466135495247233,0.07626093498559816,0.021941100567462166,1.824819500092417
282.0,0.2702817311403425,4.000000000000002,0.07010384827049923,0.029416701361737956,0.07602560003932132,0.02181888071566372,1.8249534000642598
283.0,0.2702240212855126,3.9999999999999996,0.0698706048946423,0.029367258313867065,0.07579140643382075,0.021697804503793397,1.8250866001471877
284.0,0.2701666662722807,3.9999999999999982,0.06963856566201787,0.029317807224282417,0.07555834598443352,0.021577864845037514,1.825219500111416
285.0,0.27010966329838043,4.0,0.06940772203902712,0.029268348952241743,0.0753264105678549,0.021459054666700027,1.8253529001958668
286.0,0.27005300958954914,3.9999999999999996,0.06917806555441612,0.029218884343971664,0.07509559212202463,0.021341366910803183,1.8254861000459641
287.0,0.2699967023992095,4.000000000000001,0.06894958779911484,0.02916941423301824,0.07486588264600406,0.021224794534670237,1.8256194000132382
288.0,0.2699407390081551,3.999999999999999,0.06872228042606898,0.029119939440584684,0.07463727419984323,0.021109330511495397,1.825752800097689
289.0,0.2698851167242384,4.0,0.06849613515006361,0.029070460775860993,0.07440975890443842,0.02099496783089605,1.8258864001836628
290.0,0.2698298328820638,4.000000000000001,0.06827114374754023,0.029020979036342598,0.07418332894138101,0.0208816994994517,1.8260191001463681
291.0,0.26977488484268203,4.0,0.06804729805640604,0.028971495008139784,0.07395797655279672,0.020769518541227917,1.8261520999949425
292.0,0.26972026999328896,4.0,0.06782458997583608,0.028922009466277973,0.07373369404117602,0.02065841799828467,1.8262848001904786
293.0,0.2696659857469282,3.999999999999999,0.0676030114660697,0.028872523174988823,0.07351047376919713,0.02054839093117273,1.8264285000041127
294.0,0.26961202954219504,4.0,0.06738255454819882,0.028823036887992655,0.07328830815953916,0.02043943041941433,1.826562600210309
295.0,0.2695583988429465,4.0,0.06716321130395206,0.02877355134877186,0.0730671896946894,0.020331529561971123,1.826696400064975
296.0,0.26950509113801163,4.0,0.06694497387547009,0.028724067290836618,0.07284711091674043,0.02022468147769818,1.8268292001448572
297.0,0.2694521039409069,4.000000000000001,0.066727834465077,0.028674585437982313,0.07262806442718177,0.02011887930578507,1.8269625001121312
298.0,0.2693994347895545,3.9999999999999996,0.06651178533504527,0.028625106504538655,0.07241004288668336,0.020014116206184547,1.8271763001102954
299.0,0.2693470812460032,3.999999999999999,0.0662968188073543,0.02857563119561167,0.07219303901487166,0.019910385360027733,1.8273232001811266
300.0,0.26929504089615247,3.999999999999999,0.06608292726344478,0.028526160207318015,0.07197704559009982,0.019807679970027338,1.8274632000830024
301.0,0.2692433113494804,4.0,0.06587010314396723,0.028476694227011858,0.07176205544921084,0.01970599326086856,1.8275981000624597
302.0,0.2691918902387739,4.000000000000001,0.06565833894852514,0.02842723393350518,0.07154806148729427,0.0196053184795882,1.8277326000388712
303.0,0.2691407752198622,4.000000000000001,0.06544762723541356,0.028377779997280632,0.07133505665743672,0.019505648895941696,1.8278668001294136
304.0,0.2690899639713536,3.9999999999999996,0.06523796062135287,0.02832833308069834,0.0711230339704668,0.019406977802758893,1.8280025001149625
305.0,0.26903945419437447,4.000000000000001,0.06502933178121775,0.028278893838195762,0.07091198649469385,0.01930929851628821,1.8281371002085507
306.0,0.26898924361231263,4.0,0.06482173344776233,0.02822946291648141,0.07070190735564176,0.01921260437653001,1.8282702001743019
307.0,0.2689393299705619,4.0,0.06461515841134031,0.028180040954722572,0.07049278973577684,0.019116888747559138,1.8284163000062108
308.0,0.2688897110362715,3.999999999999999,0.06440959951962152,0.028130628584726834,0.07028462687423104,0.01902214501783632,1.8285515001043677
309.0,0.268840384598096,3.999999999999999,0.0642050496773042,0.028081226431118086,0.07007741206651986,0.018928366600509235,1.8286890001036227
310.0,0.26879134846595093,4.000000000000001,0.06400150184582379,0.028031835111506823,0.06987113866425602,0.018835546933703616,1.8288230001926422
311.0,0.2687426004707686,4.000000000000001,0.06379894904305802,0.027982455236654855,0.06966580007485816,0.018743679480804423,1.8289577001705766
312.0,0.26869413846425877,4.0,0.06359738434302827,0.027933087410634837,0.06946138976125531,0.01865275773072561,1.8290911000221968
313.0,0.2686459603186705,4.0,0.06339680087559778,0.027883732230984826,0.06925790124158729,0.018562775198172586,1.8292245999909937
314.0,0.26859806392655794,4.000000000000002,0.06319719182616677,0.027834390288857654,0.06905532808890111,0.01847372542389293,1.829357200069353
315.0,0.2685504472005487,3.999999999999999,0.06299855043536465,0.027785062169165067,0.06885366393084359,0.018385601974919535,1.8294906001538038
316.0,0.2685031080731137,4.000000000000002,0.06280086999873793,0.027735748450718377,0.06865290244934957,0.018298398444803306,1.829625500133261
317.0,0.2684560444963422,4.000000000000001,0.06260414386643845,0.027686449706362696,0.06845303738032867,0.01821210845383752,1.8297579002100974
318.0,0.2684092544417163,4.0,0.06240836544290509,0.027637166503108594,0.06825406251334595,0.0181267256492732,1.8298898001667112
319.0,0.26836273589989107,4.0,0.06221352818654613,0.02758789940225815,0.0680559716913019,0.018042243705526005,1.830022000009194
320.0,0.26831648688047527,4.0,0.06201962560941738,0.027538648959527637,0.06785875881010787,0.01795865632437499,1.8301541002001613
321.0,0.2682705054118156,4.0,0.06182665127689919,0.027489415725165396,0.06766241781835963,0.0178759572351518,1.830286400159821
322.0,0.2682247895407832,4.0,0.061634598807370336,0.027440200244066428,0.06746694271700741,0.017794140194923452,1.830431300215423
323.0,0.2681793373325629,4.0,0.06144346187188085,0.027391003055882986,0.06727232755902435,0.017713198988666197,1.830567000200972
324.0,0.26813414687044473,4.0,0.06125323419382223,0.02734182469513106,0.06707856644907159,0.01763312742943149,1.8307027001865208
325.0,0.268089216255618,4.0,0.06106390954859653,0.02729266569129388,0.06688565354316207,0.01755391935850468,1.830837600165978
326.0,0.26804454360696794,3.999999999999999,0.060875481763283015,0.027243526568921633,0.06669358304832139,0.017475568645556418,1.8309724000282586
327.0,0.26800012706087445,4.0,0.06068794471630408,0.02719440784772784,0.06650234922224733,0.01739806918878628,1.8311078001279384
328.0,0.26795596477101435,3.999999999999999,0.06050129233708966,0.02714531004268203,0.0663119463729675,0.017321414915058973,1.8312417999841273
329.0,0.267912054908164,4.0,0.06031551860573919,0.027096233664100425,0.06612236885849447,0.017245599780034815,1.8313760000746697
330.0,0.26786839566000625,3.9999999999999996,0.06013061755268445,0.027047179217732004,0.06593361108648091,0.017170617768291818,1.8315096001606435
331.0,0.2678249852309386,4.000000000000002,0.05994658325834903,0.02699814720484286,0.06574566751387148,0.017096462893441487,1.8316438000183553
332.0,0.26778182184188454,4.000000000000002,0.059763409852808806,0.02694913812229683,0.06555853264655515,0.01701763732822456,1.8317765002138913
333.0,0.26773890373010595,3.9999999999999996,0.0595810915154499,0.026900152462633903,0.06537220103901478,0.01684252316017977,1.8319101000670344
334.0,0.2676962291490183,4.0,0.05939962247462664,0.026851190714145563,0.06518666729397651,0.016668013536383475,1.832042400026694
335.0,0.2676537963680097,4.0,0.05921899700731937,0.02680225336094752,0.06500192606205853,0.01649410692030863,1.8321762999985367
336.0,0.2676116036722589,3.999999999999999,0.05903920943879008,0.026753340883050137,0.06481797204141766,0.01632080177611725,1.8323095000814646
337.0,0.26756964936255834,3.999999999999999,0.058860254142239124,0.02670445375642614,0.0646347999773967,0.016148096568690012,1.8324541000183672
338.0,0.2675279317551381,4.0,0.05868212553846036,0.02665559245307611,0.06445240466216998,0.01597598976365769,1.8325903001241386
339.0,0.26748644918149245,3.999999999999999,0.058504818095496965,0.026606757441091356,0.0642707809343893,0.015804479827431175,1.8327254001051188
340.0,0.2674451999882075,4.000000000000001,0.05832832632829555,0.026557949184715327,0.06408992367882847,0.01563356522723157,1.8328670000191778
341.0,0.26740418253679266,3.9999999999999996,0.05815264479836196,0.02650916814440169,0.06390982782602858,0.015463244431120793,1.8330165001098067
342.0,0.26736339520351265,4.000000000000001,0.057977768113415276,0.02646041477687149,0.06373048835194214,0.015293515908030506,1.8331503001973033
343.0,0.2673228363792226,3.9999999999999987,0.05780369092704295,0.026411689535167295,0.06355190027757764,0.015124378127791924,1.8332843000534922
344.0,0.2672825044692038,3.9999999999999996,0.05763040793835512,0.02636299286870637,0.06337405866864365,0.014955829561165812,1.8334172000177205
345.0,0.26724239789300386,3.9999999999999996,0.05745791389164027,0.02631432522333086,0.06319695863519363,0.014787868679870586,1.8335506001021713
346.0,0.26720251508427606,4.0,0.057286203576019545,0.0262656870413571,0.06302059533126983,0.014620493956611899,1.8336841000709683
347.0,0.26716285449062255,3.999999999999999,0.05711527182510266,0.02621707876162271,0.06284496395454846,0.014453703865110981,1.8338172000367194
348.0,0.26712341457343863,4.0,0.056945113516643255,0.026168500819531985,0.06267005974598423,0.014287496880133782,1.8339509000070393
349.0,0.26708419380776,4.0,0.056775723572195666,0.026119953647099566,0.06249587798945627,0.014121871477518103,1.8340853000991046
350.0,0.26704519068210997,4.0,0.056607096956770915,0.026071437672992918,0.062322414011413405,0.013956826134202738,1.83421970019117
351.0,0.26700640369835027,4.000000000000001,0.056439228678494206,0.026022953322572838,0.062149663180520676,0.013792359328254442,1.834353500045836
352.0,0.26696783137153357,4.0,0.05627211378826288,0.025974501017932465,0.061977620907306366,0.013628469538896487,1.8344984999857843
353.0,0.2669294722297564,4.000000000000001,0.056105747379404394,0.025926081177935427,0.06180628264380929,0.013465155246534771,1.8346359999850392
354.0,0.2668913248140158,3.999999999999999,0.05594012458733631,0.02587769421825173,0.061635643883227564,0.013302414932786236,1.8347699001897126
355.0,0.26685338767806605,4.0,0.05577524058922518,0.025829340551393194,0.06146570015956702,0.01314024708050518,1.8349027000367641
356.0,0.26681565938827867,4.0,0.05561109060364875,0.02578102058674681,0.061296447047292174,0.012978650173809808,1.8350368000101298
357.0,0.26677813852350307,3.9999999999999996,0.055447669890256436,0.025732734730607373,0.06112788016097612,0.012817622698109016,1.8351698000915349
358.0,0.2667408236749289,3.9999999999999982,0.055284973749432566,0.025684483386208903,0.06095999515495296,0.012657163140129005,1.835302600171417
359.0,0.2667037134459513,3.9999999999999982,0.05512299752196011,0.025636266953754493,0.06079278772297076,0.012497269987938445,1.8355702999979258
360.0,0.26666680645203605,3.999999999999999,0.05496173658868507,0.025588085830445417,0.06062625359784525,0.01233794173097505,1.835712700150907
361.0,0.2666301013205884,4.000000000000001,0.05480118637018252,0.025539940410509283,0.06046038855111537,0.012179176860070806,1.8358495000284165
362.0,0.26659359669082183,4.0,0.054641342326423696,0.02549183108522642,0.06029518839269961,0.012020973867477608,1.8359849001280963
363.0,0.26655729121362903,3.9999999999999996,0.05448219995644361,0.02544375824295627,0.06013064897055335,0.011863331246892247,1.8361198999918997
364.0,0.2665211835514547,4.000000000000001,0.054323754798010604,0.02539572226916215,0.059966766170328034,0.011706247493481328,1.836254500085488
365.0,0.2664852723781702,4.000000000000001,0.054166002427297445,0.025347723546435174,0.05980353591503179,0.011549721103905869,1.8363883001729846
366.0,0.26644955637894846,4.000000000000001,0.054008938458552494,0.025299762454517476,0.059640954164690584,0.011393750576345937,1.8365212001372129
367.0,0.2664140342501422,4.0,0.05385255854377348,0.025251839370324436,0.0594790169160118,0.011238334410525061,1.836654300102964
368.0,0.26637870469916203,4.0,0.05369685837238187,0.025203954667966093,0.05931772020204862,0.011083471107733944,1.8367888000793755
369.0,0.26634356644435725,4.0,0.05354183367089906,0.025156108718768073,0.05915706009186646,0.01092915917085438,1.8369226001668721
370.0,0.266308618214898,4.0,0.05338748020262397,0.025108301891291,0.05899703269021056,0.010775397104382717,1.8370560000184923
371.0,0.2662738587506577,4.0,0.053233793767311924,0.025060534551350083,0.05883763413717541,0.010622183414453396,1.837190099991858
372.0,0.26623928680209874,3.999999999999999,0.05308077020085513,0.025012807062033373,0.05867886060787562,0.010469516608862153,1.8373359001707286
373.0,0.2662049011301578,4.000000000000001,0.05292840537496482,0.024965119783719677,0.05852070831211868,0.010317395197088575,1.8374695000238717
374.0,0.26617070050613467,3.9999999999999996,0.05277669519685521,0.024917473074095576,0.05836317349407962,0.01016581769031906,1.8376025999896228
375.0,0.26613668371157984,4.0,0.052625635608927954,0.024869867288172188,0.05820625243197644,0.010014782601468902,1.8377366000786424
376.0,0.26610284953818625,4.0,0.052475222588459915,0.02482230277830077,0.058049941437748685,0.009864288445205274,1.8378690001554787
377.0,0.26606919678768004,4.0,0.05232545214729123,0.024774779894188397,0.057894236856736836,0.009714333737968345,1.8380027001257986
378.0,0.2660357242717143,4.000000000000001,0.05217632033151564,0.024727298982912656,0.05773913506736385,0.009564916997993514,1.8381359002087265
379.0,0.2660024308117632,4.000000000000001,0.05202782322117251,0.024679860388935982,0.057584632480818604,0.009416036745333006,1.8382705000694841
380.0,0.2659693152390181,4.0,0.05187995692994048,0.024632464454119377,0.057430725540741114,0.00926769150187691,1.8384041001554579
381.0,0.2659363763942841,4.000000000000001,0.051732717604832675,0.024585111517735986,0.057277410722909594,0.009119879791374796,1.8385371000040323
382.0,0.2659036131278787,4.000000000000001,0.05158610142589446,0.024537801916483717,0.05712468453492993,0.008972600139455736,1.8386708002071828
383.0,0.2658710242995314,3.999999999999999,0.05144010460590188,0.0244905359844978,0.05697254351592625,0.008825851073650026,1.8388044000603259
384.0,0.2658386087782846,4.0,0.05129472339006257,0.024443314053362895,0.05682098423623407,0.008679631123408818,1.8389382001478225
385.0,0.26580636544239555,3.9999999999999987,0.05114995405571895,0.024396136452124455,0.05667000329709567,0.00853393882012475,1.8390711001120508
386.0,0.2657742931792396,3.9999999999999987,0.05100579291205187,0.02434900350730032,0.056519597330356525,0.008388772697151714,1.839204200077802
387.0,0.265742390885215,3.999999999999999,0.05086223629978775,0.02430191554289146,0.05636976299816486,0.008244131289824694,1.8393509001471102
388.0,0.2657106574656481,4.0,0.05071928059090605,0.02425487288039249,0.056220496992672155,0.00810001313547945,1.839484800118953
389.0,0.265679091834701,3.9999999999999996,0.05057692218835031,0.024207875838801792,0.05607179603573695,0.007956416773471753,1.8396188002079725
390.0,0.2656476929152787,4.0,0.05043515752573927,0.024160924734631876,0.05592365687862947,0.007813340745196337,1.8401405999902636
391.0,0.26561645963893876,3.999999999999999,0.05029398306708151,0.024114019881918438,0.05577607630173925,0.007670783594106348,1.840279299998656
392.0,0.26558539094580125,4.0,0.050153395306490677,0.024067161592230258,0.0556290511142842,0.007528743865731297,1.8404187001287937
393.0,0.26555448578446095,4.0,0.050013390767904294,0.024020350174677664,0.05548257815402265,0.007387220107695797,1.8405520000960678
394.0,0.2655237431118987,3.999999999999999,0.049873966004802366,0.023973585935921922,0.05533665428696621,0.007246210869738562,1.8406861000694335
395.0,0.26549316189339556,3.999999999999999,0.04973511759992983,0.023926869180183604,0.055191276407095986,0.007105714703728838,1.8408189001493156
396.0,0.2654627411024478,4.0,0.049596842165020125,0.023880200209250867,0.05504644143608035,0.00696573016368611,1.840951600112021
397.0,0.26543247972068196,3.999999999999999,0.049459136340520994,0.023833579322487693,0.05490214632299503,0.00682625580579585,1.8410840001888573
398.0,0.2654023767377719,4.000000000000001,0.04932199679532152,0.02378700681684196,0.054758388044044835,0.006687290188428535,1.8412270999979228
399.0,0.2653724311513567,4.0,0.04918542022648271,0.023740482986853047,0.05461516360228863,0.00654883187215545,1.8413656000047922
400.0,0.2653426419669591,4.0,0.049049403358968215,0.023694008124659414,0.0544724700273651,0.006410879419766827,1.8415022999979556
401.0,0.26531300819790554,4.0,0.0489139429453786,0.023647582520006306,0.05433030437522194,0.006273431396287915,1.8416397001128644
402.0,0.26528352886524675,4.000000000000001,0.04877903576568661,0.02360120646025269,0.054188663727846316,0.006136486368995511,1.8417731001973152
403.0,0.26525420299768016,4.000000000000001,0.04864467862697527,0.02355488023037849,0.05404754519299817,0.006000042907434611,1.8419065000489354
404.0,0.2652250296314715,3.999999999999999,0.04851086836317697,0.023508604112991625,0.053906945903944986,0.005864099583434215,1.8420401001349092
405.0,0.2651960078103791,4.0,0.04837760183481531,0.023462378388335006,0.053766863019199244,0.005728654971123778,1.8421742001082748
406.0,0.2651671365855788,4.0,0.04824487592874919,0.02341620333429294,0.05362729372225821,0.005593707646948012,1.8423080001957715
407.0,0.26513841501558894,4.0,0.048112687557917845,0.0233700792263981,0.05348823522134514,0.005459256189683459,1.8424406000413
408.0,0.26510984216619693,3.9999999999999996,0.04798103366108903,0.023324006337837946,0.05334968474915352,0.005325299180452811,1.84257430001162
409.0,0.2650814171103866,4.0,0.0478499112026086,0.023277984939461118,0.05321163956259294,0.005191835202740733,1.8427069000899792
410.0,0.2650531389282669,4.0,0.04771931717215234,0.023232015299783814,0.05307409694253744,0.005058862842408168,1.8428400000557303
411.0,0.265025006707,4.0,0.04758924858447943,0.023186097684996222,0.052937054193575646,0.004926380687707593,1.8429735000245273
412.0,0.2649970195407325,3.999999999999999,0.04745970247918865,0.02314023235896847,0.052800508643763615,0.004794387329297017,1.8431065999902785
413.0,0.26496917653052504,4.0,0.04733067592047561,0.02309441958325722,0.052664457644379326,0.0046628813602547226,1.8432480001356453
414.0,0.264941476784285,4.0,0.04720216599689321,0.02304865961711113,0.05252889856967982,0.004531861376092627,1.8433848000131547
415.0,0.2649139194166985,4.0,0.04707416982111301,0.023002952717477525,0.0523938288166602,0.004401325974770859,1.8435182000976056
416.0,0.26488650354916354,4.000000000000001,0.04694668452968898,0.022957299139007944,0.052259245804814614,0.004271273756711422,1.8437510000076145
417.0,0.2648592283097248,4.0,0.04681970728282362,0.02291169913406444,0.0521251469759,0.004141703324811105,1.843948099995032
418.0,0.2648320928330081,3.9999999999999996,0.046693235264135484,0.022866152952725205,0.051991529793701294,0.004012613284455249,1.8440886000171304
419.0,0.26480509626015597,3.999999999999999,0.046567265680429085,0.022820660842790736,0.0518583917437993,0.003884002243530499,1.8443065001629293
420.0,0.26477823773876447,4.000000000000001,0.04644179576146652,0.022775223049789656,0.05172573033334029,0.0037558688124385425,1.8444623001851141
421.0,0.2647515164228208,4.000000000000002,0.04631682275974179,0.02272983981698427,0.05159354309080836,0.0036282116041076035,1.8446077001281083
422.0,0.26472493147264065,4.0,0.04619234395025587,0.022684511385376784,0.05146182756579899,0.003501029234005762,1.8447432999964803
423.0,0.26469848205480717,4.000000000000002,0.04606835663029458,0.022639237993715047,0.05133058132879539,0.003374320320152696,1.844899300020188
424.0,0.264672167342111,3.9999999999999996,0.0459448581192087,0.022594019878498253,0.051199801970947034,0.003248083483132741,1.8450516001321375
425.0,0.2646459865134895,4.0,0.04582184575819474,0.02254885727398303,0.05106948710384946,0.003122317346106032,1.8451876000035554
426.0,0.26461993875396883,4.000000000000002,0.045699316910079585,0.02250375041218877,0.05093963435932743,0.0029970205348202467,1.8453264001291245
427.0,0.26459402325460524,4.0,0.045577268959105445,0.022458699522903972,0.050810241389219205,0.0028721916776227735,1.8454640000127256
428.0,0.2645682392124269,4.000000000000002,0.045455699310717024,0.022413704833691962,0.05068130586516282,0.002747829405471358,1.8455990001093596
429.0,0.26454258583037776,4.0,0.04533460539135171,0.022368766569896493,0.05055282547838542,0.0026239323519459817,1.8457346002105623
430.0,0.2645170623172609,3.9999999999999982,0.04521398464823022,0.022323884954647925,0.05042479793949356,0.0025004991532593807,1.8458697001915425
431.0,0.26449166788768264,3.9999999999999996,0.045093834549150016,0.022279060208869036,0.050297220978266055,0.0023775284482684123,1.8460075000766665
432.0,0.2644664017619985,4.0,0.04497415258228082,0.02223429255128069,0.05017009234344912,0.002255018878483589,1.8461449001915753
433.0,0.26444126316625827,3.999999999999999,0.04485493625596122,0.022189582198408105,0.050043409802552966,0.0021329690880810687,1.8462814001832157
434.0,0.2644162513321523,3.999999999999999,0.04473618309849771,0.022144929364586646,0.04991717114165069,0.002011377723911828,1.846416600048542
435.0,0.2643913654969592,3.999999999999999,0.04461789065796557,0.022100334261967756,0.049791374165179224,0.0018902434355121817,1.8465511000249535
436.0,0.2643666049034925,4.0,0.04450005650201142,0.02205579710052514,0.04966601669574219,0.0017695648751134413,1.8466857001185417
437.0,0.2643419688000503,3.9999999999999987,0.04438267821765813,0.02201131808806056,0.04954109657391494,0.0016493406976521574,1.8468191002029926
438.0,0.26431745644036236,3.999999999999999,0.04426575341111055,0.02196689743021029,0.04941661165805103,0.0015295695607792648,1.8469522001687437
439.0,0.2642930670835413,3.9999999999999996,0.04414927970756439,0.02192253533045078,0.049292559824091295,0.0014102501248698524,1.8470988001208752
440.0,0.2642687999940316,3.999999999999999,0.04403325475101593,0.021878231990105187,0.04916893896537457,0.0012913810530317954,1.8472345999907702
441.0,0.26424465444156053,4.0,0.043917676204073844,0.021833987608349398,0.04904574699245011,0.0011729610111155808,1.8473687001969665
442.0,0.26422062970108995,3.999999999999999,0.04380254174777345,0.021789802382218188,0.04892298183289278,0.0010549886677224674,1.8475023000501096
443.0,0.26419672505276703,4.0,0.0436878490813913,0.02174567650661174,0.04880064143111879,0.0009374626942138115,1.8476346000097692
444.0,0.26417293978187756,3.9999999999999996,0.04357359592226333,0.021701610174301677,0.04867872374820479,0.000820381764719269,1.8477684000972658
445.0,0.26414927317879866,3.9999999999999996,0.04345978000560335,0.02165760357593757,0.04855722676170772,0.0007037445561452749,1.847901500063017
446.0,0.26412572453895183,4.000000000000001,0.04334639908432415,0.02161365690005346,0.048436148465487286,0.0005875497481832304,1.8480356000363827
447.0,0.26410229316275785,4.000000000000001,0.04323345092885999,0.021569770333073963,0.04831548686952976,0.0004717960233176638,1.8481688001193106
448.0,0.26407897835559047,4.0,0.04312093332699113,0.021525944059321168,0.048195239999774236,0.0003564820668340296,1.8483029000926763
449.0,0.2640557794277319,4.0,0.04300884408366938,0.021482178261020883,0.04807540589793976,0.00024160656682634118,1.8484358000569046
450.0,0.2640326956943287,3.999999999999999,0.04289718102084668,0.021438473118309275,0.04795598262135557,0.00012716821420491464,1.848570500034839
451.0,0.26400972647534693,4.0,0.0427859419773036,0.02139482880923982,0.04783696824279177,1.3165702703696325e-05,1.8487041001208127
452.0,0.2639868710962247,3.999999999999999,0.04267512328433141,0.021351241226500117,0.04771835757069896,0.00010040227111257627,1.848836800083518
453.0,0.2639641288890558,4.0,0.0425647241501865,0.021307714325336385,0.04760015159378818,0.0002135364697197356,1.8489773001056165
454.0,0.2639414991881741,4.000000000000001,0.04245474266315581,0.02126424884361323,0.04748234886226553,0.00032623812577073363,1.8491160001140088
455.0,0.2639189813323448,4.0,0.042345176727676063,0.02122084495061722,0.047364947508851465,0.00043850853998946004,1.8492514002136886
456.0,0.2638965746649417,3.9999999999999996,0.04223602426418871,0.021177502813581252,0.047247945680890496,0.0005503490101871067,1.8493853001855314
457.0,0.26387427853390666,4.0,0.04212728320897921,0.021134222597692206,0.04713134154019325,0.0006617608312565332,1.8495228001847863
458.0,0.2638520922917088,4.0,0.042018951514018195,0.021091004466097952,0.04701513326288011,0.0007727452951666602,1.8496571001596749
459.0,0.26383001529530475,4.0,0.041911027146803795,0.021047848579915002,0.04689931903922652,0.0008833036909565717,1.8497913000173867
460.0,0.26380804690609894,3.9999999999999996,0.04180350809020616,0.021004755098236034,0.046783897073510286,0.00099343730473056,1.8499253999907523
461.0,0.26378618648990426,3.9999999999999996,0.041696392342312844,0.020961724178137048,0.046668865583859874,0.0010293929823156217,1.8500582000706345
462.0,0.263764433416904,4.0,0.04158967791627679,0.020918755974685243,0.0465542228021054,0.0009155311018755469,1.8501926001626998
463.0,0.263742787061613,4.0,0.041483362840164885,0.02087585064094631,0.04643996697363028,0.0008020728030904423,1.8503266000188887
464.0,0.2637212468028405,4.000000000000001,0.0413774451568086,0.02083300832799221,0.04632609635722501,0.0006890169376668892,1.8504596001002938
465.0,0.2636998120236521,4.0,0.041271922923656175,0.020790229184908703,0.04621260922494256,0.0005763623597517115,1.850592700066045
466.0,0.26367848211133327,3.9999999999999996,0.041166794212626034,0.020747513358803118,0.04609950386195511,0.00046410792593852557,1.85072570014745
467.0,0.26365725645735255,3.9999999999999996,0.04106205710996215,0.02070486099481193,0.045986778566412735,0.0003522524952733336,1.8508584001101553
468.0,0.2636361344573258,4.0,0.0409577097160906,0.02066227223610862,0.045874431649303375,0.00024079492926104562,1.851000500144437
469.0,0.26361511551098005,4.0,0.040853750145477846,0.020619747223911293,0.045762461434314575,0.0001297340918706702,1.8511385000310838
470.0,0.2635941990221184,4.000000000000001,0.040750176526490205,0.020577286097490675,0.04565086625769654,1.9068849541323263e-05,1.8513566001784056
471.0,0.2635733844008771,4.000000000000001,0.0406469811373924,0.020534873707939678,0.045539632341341604,9.120192881241496e-05,1.8515181001275778
472.0,0.263552671068875,4.0,0.04054416682266632,0.020492522470165437,0.04542876776376871,0.00020107776990073434,1.8516574001405388
473.0,0.26353205844300814,4.0,0.040441732980037205,0.02045023573491305,0.04531827344507008,0.00019734835441612142,1.851796600036323
474.0,0.26351154594284987,4.0,0.04033967779180786,0.020408013632776886,0.0452081477698709,9.01648662104404e-05,1.8520542001351714
475.0,0.2634911329919567,4.0,0.04023799843553493,0.020365853516499693,0.04509838697285785,1.6626936481203836e-05,1.8522890000604093
476.0,0.2634708190225962,4.0,0.04013668865645684,0.020323743338586112,0.0449889799795247,0.0001230279241286325,1.8524340000003576
477.0,0.2634506034733465,4.0,0.04003575220716585,0.02028169838655378,0.044879936990115346,0.00022903766228410394,1.8525714001152664
478.0,0.26343048577903044,4.000000000000001,0.03993518732199316,0.020239718781908764,0.044771256435501484,0.0003346573308028039,1.852707700105384
479.0,0.26341046537824925,4.0,0.039834992248000405,0.02019780464423054,0.04466293675795125,0.00043988810659260913,1.8528423001989722
480.0,0.2633905417133512,3.999999999999999,0.039735165244851885,0.02015595609118316,0.04455497641100698,0.0005447311636119084,1.8529871001373976
481.0,0.26337071423040015,4.0,0.039635704584688757,0.020114173238526472,0.0444473738593651,0.0005706542974280721,1.8531275000423193
482.0,0.2633509823791449,4.0,0.03953660855200422,0.020072456200127223,0.04434012757875691,0.00046385132417806063,1.853263600030914
483.0,0.2633313456129882,3.999999999999999,0.039437875443519795,0.020030805087970244,0.04423323605583064,0.0003574499999724895,1.8533985000103712
484.0,0.26331180338895643,4.0,0.039339503568063525,0.019989220012169504,0.04412669778803532,0.000251449053638636,1.8535351001191884
485.0,0.2632923551676702,4.0,0.03924149124644944,0.019947701080978788,0.044020511283505676,0.00014584721793441113,1.8536702999845147
486.0,0.2632730004133138,4.0,0.03914383681135779,0.019906248400802705,0.04391467506094824,4.064322954092092e-05,1.8538048001937568
487.0,0.2632537385947415,4.0,0.0390465345362996,0.01986485149238426,0.04380917922204111,6.416417094480542e-05,1.8539389001671225
488.0,0.2632345691912835,4.0,0.03894958430471964,0.01982351452897791,0.04370402551014107,0.00016857522169556882,1.8540722001343966
489.0,0.2632154916802719,4.0,0.03885298706028376,0.01978224438144562,0.04359921784016101,0.00027259054113355774,1.8542057999875396
490.0,0.263196505539678,4.0,0.038756741182673166,0.019741041145579636,0.043494754771261586,0.0003402644983778874,1.8543392000719905
491.0,0.26317761025089514,4.0,0.038660845062843,0.019699904915418318,0.04339063487262747,0.00024198553763996045,1.8544721000362188
492.0,0.2631588052987117,4.0,0.03856529710291148,0.019658835783256307,0.043286856723362015,0.000144073619448723,1.854604500113055
493.0,0.26314009017128304,4.000000000000001,0.03847009571604934,0.0196178338396543,0.043183418912382136,4.65276436099199e-05,1.8547367001883686
494.0,0.2631214643601485,4.000000000000001,0.03837523915068502,0.019576898655016602,0.04308031964622661,5.796009544811742e-07,1.8548703000415117
495.0,0.2631029273723724,4.0,0.038280698456885046,0.01953596253140393,0.042977502328257505,4.46143362244078e-06,1.8550135002005845
496.0,0.2630844787419774,4.0,0.03818649942828552,0.0194950932664516,0.042875020700334325,8.938299894852009e-05,1.8551504001952708
497.0,0.2630661179702363,4.0,0.03809264094907667,0.019454292202165067,0.042772874343004974,0.00018285913961245404,1.8552848000545055
498.0,0.2630478445610836,4.000000000000002,0.03799912149859275,0.01941355946449457,0.04267106192428635,0.0002759681949752457,1.855418600142002
499.0,0.2630296580216528,3.9999999999999996,0.03790593955227025,0.01937289513166961,0.042569582087718855,0.0003687113733809866,1.8555519999936223
500.0,0.2630115578622657,4.0,0.03781309359594144,0.019332299280107285,0.04246843348595594,0.0004610898791832241,1.8556881002150476
501.0,0.26299354359640764,4.000000000000001,0.03772058212573123,0.019291771984428486,0.04236761478066961,0.00044678579945647834,1.8558232001960278
502.0,0.2629756147407018,4.0,0.03762840364795402,0.019251313317474265,0.04226712464245612,0.00034263567046514953,1.8559562000446022
503.0,0.2629577708148845,4.0,0.037536556679012394,0.019210923350321794,0.042166961750743304,0.00023885391811796775,1.8560893000103533
504.0,0.26294001134178063,3.999999999999999,0.03744503974529665,0.019170602152299893,0.0420671247936986,0.00013543941479177146,1.856222900096327
505.0,0.2629223358472796,4.0,0.037353851383085834,0.019130349791004652,0.041967612468138515,3.239103654573139e-05,1.8563555001746863
506.0,0.2629047438657569,4.000000000000001,0.037262970873533176,0.019090120888058743,0.04186838561304315,7.029233688894687e-05,1.8564887000247836
507.0,0.262887234961457,4.0,0.03717240731368597,0.019049940708974374,0.041769463804435095,0.00017260847726349726,1.8566225001122802
508.0,0.26286980867717397,4.0,0.03708216815171261,0.019009830428700348,0.04167086329511102,0.00027455699012286783,1.8567550000734627
509.0,0.262852464550163,3.999999999999999,0.03699225196382152,0.0189697900988383,0.04157258281306131,0.00020025470754278518,1.856887600151822
510.0,0.2628352021206319,3.9999999999999996,0.03690265733561051,0.01892981976941463,0.041474621094495956,0.00010092658055045611,1.8570297001861036
511.0,0.26281802093171835,4.0,0.036813382861975094,0.01888991948889378,0.0413769768837605,1.9603924530653405e-06,1.8571655000559986
512.0,0.26280092053976195,3.9999999999999996,0.03672440200574375,0.018850027252573686,0.04127959823087243,9.66450149375575e-05,1.8573004000354558
513.0,0.2627839005255229,4.0,0.03663573815667218,0.018810204760430767,0.04118253408198163,4.5812951239190824e-05,1.8574347000103444
514.0,0.2627669604407686,4.000000000000002,0.0365473896946185,0.01877045133437752,0.04108578266002172,4.949656222671961e-05,1.8575683000963181
515.0,0.2627500998410888,4.0,0.03645935532000973,0.018730767181674237,0.04098934287793361,5.958702015998463e-05,1.8577007001731545
516.0,0.26273331828410623,4.0,0.03637163391540811,0.018691152880276056,0.040893213980687765,3.243761277577084e-05,1.8578346001449972
517.0,0.2627166153306783,4.0,0.03628422375492312,0.01865160740008561,0.04079739393765557,0.0001241223417338122,1.8579689001198858
518.0,0.2626999905441611,4.0,0.03619712434799187,0.01861213316144087,0.04070188339479136,0.00016601635030463746,1.8581023002043366
519.0,0.2626834434896687,4.0,0.03611033436205848,0.018572730190642678,0.04060668115561861,7.428605977824465e-05,1.8582362001761794
520.0,0.26266697373507564,4.000000000000001,0.036023852227098155,0.01853339783269012,0.04051178550131514,1.710786386276142e-05,1.8583693001419306
521.0,0.2626505808519148,4.000000000000002,0.03593767581379322,0.018494133859888618,0.04041719349639182,0.00010816640928350274,1.8585042001213878
522.0,0.2626342644147438,4.0,0.035851804888067364,0.018454941262381584,0.040322906278317854,2.3357095196893662e-05,1.8586372002027929
523.0,0.26261802399976597,4.0,0.03576623729369182,0.01841581750927528,0.04022892074967462,5.990830975341477e-06,1.8587695001624525
524.0,0.2626018398278657,4.000000000000001,0.035717717609523136,0.01841678476493672,0.04018623287037047,0.0001405255826435886,1.8589022001251578
525.0,0.2625857092959644,4.000000000000001,0.03563275416135385,0.018377431599709265,0.04009268214182574,0.00024231396560354945,1.8590462000574917
526.0,0.2625696537614253,4.0,0.035548090631313055,0.018338153041171146,0.039999432552143305,0.00033237194772152423,1.8591821000445634
527.0,0.2625536728089576,3.9999999999999996,0.03546372573654122,0.01829894911833216,0.039906482956431094,0.00026042406808320095,1.859316200017929
528.0,0.2625377660258644,4.0,0.035379658203136696,0.018259819857067622,0.039813832216747724,0.00016040899043462398,1.8594502001069486
529.0,0.26252193300202326,4.000000000000001,0.035295886766037086,0.018220765280206337,0.039721479202029786,6.074248610796196e-05,1.8595831000711769
530.0,0.26250617333642756,3.9999999999999996,0.035212365771038506,0.018181686238510762,0.039629337840406266,3.857659418576853e-05,1.8597153001464903
531.0,0.26249048672131664,4.000000000000001,0.0351290690772222,0.018142527768870247,0.03953735964978538,8.317281969549839e-05,1.8598484001122415
532.0,0.26247487282138043,4.0,0.03504606535526419,0.018103446836768296,0.039445677637190424,8.792250942843416e-06,1.859982600202784
533.0,0.26245933123495635,4.000000000000002,0.034963352244519214,0.018064440467113668,0.039354288324961746,0.00010039036018723302,1.8601151001639664
534.0,0.26244386156359584,4.0,0.034880929800623205,0.018025511996301136,0.03926319327926347,6.10173601432451e-05,1.8602473000064492
535.0,0.26242845409919935,4.0,0.03496424130803576,0.01815377261282029,0.03939616263450716,1.6895125699772917e-05,1.8605599000584334
536.0,0.26241295151480215,4.000000000000001,0.03488219548785539,0.018113620552492243,0.03930484463234308,0.00012245208048483613,1.8607144001871347
537.0,0.26239752069835387,4.0,0.03480044026103978,0.01807355477530827,0.03921382440642926,0.00017041257554875622,1.8608665000647306
538.0,0.26238216125017616,3.999999999999999,0.034718974255161315,0.018033575376959314,0.03912310077444051,6.54742159008348e-05,1.8610064000822604
539.0,0.2623668511131389,4.000000000000001,0.034811559348338704,0.01817450481500347,0.039270310535231216,3.9025297337041964e-05,1.8611463999841362
540.0,0.2623514474524184,4.000000000000002,0.034730336539122865,0.01813301388197724,0.03917910755191741,0.00012641779081684623,1.861286100000143
541.0,0.26233611523858164,4.0,0.03464940382477191,0.01809162581683832,0.03908820934896621,1.6033513202715066e-05,1.861427300143987
542.0,0.2623208540701107,4.000000000000002,0.034568752494604185,0.018050323055309413,0.03899760007275112,9.382745889552346e-05,1.8615620001219213
543.0,0.2623056635554989,4.000000000000001,0.03448838714286813,0.018009120362380483,0.038907290627118445,6.81303432665259e-05,1.8616960002109408
544.0,0.26229054329700524,3.999999999999999,0.0344083074929409,0.01796802059730974,0.038817282088190054,3.787121380212366e-05,1.8618312000762671
545.0,0.26227549289860524,4.0,0.03432851205833857,0.0179270236193403,0.038727573071235456,4.609634307604915e-05,1.8619670001789927
546.0,0.26226044502639734,3.9999999999999987,0.03442798182094103,0.018078695041500926,0.03888605336964187,0.00012147665949757691,1.8621007001493126
547.0,0.26224534132086225,4.0,0.03434867725693164,0.018035661416953053,0.038795833694455155,0.00021537214302905228,1.862235500011593
548.0,0.26223030759943433,3.9999999999999996,0.0342696486505133,0.01799276204028552,0.03870592079343893,0.00010540464334776734,1.8623695999849588
549.0,0.2622151865075074,4.0,0.035017168008115815,0.018856030792307767,0.03977124529794193,4.069115311089444e-06,1.8625023001804948
550.0,0.2621993871369928,4.0,0.03495001591288007,0.018820650204554878,0.03969534590393163,2.7600182906192816e-05,1.8626362001523376
551.0,0.262183648945822,4.0,0.034868793334634475,0.01876951139376184,0.039599587202065696,2.8626240314411078e-05,1.8627814000938088
552.0,0.26216798010843656,4.0,0.034802032742589334,0.018734307393170162,0.03952411613835343,0.00010276688980738469,1.8629192002117634
553.0,0.2621523773610433,4.0,0.03472138537768399,0.018683394110307363,0.039428971810417726,0.00012590494205264036,1.8630546000786126
554.0,0.2621368496107929,4.0,0.03464106148212319,0.018632698314452766,0.039334216492586324,5.208965316028102e-06,1.863189300056547
555.0,0.2621210708100419,4.000000000000001,0.0353715194081075,0.019679386592293527,0.040477433736429834,0.0001355949950566232,1.8633230000268668
556.0,0.26210470711261546,4.000000000000001,0.03529036141572812,0.019616727941758044,0.04037605260539547,3.1385054510155164e-05,1.8634568001143634
557.0,0.26208842524211007,4.0,0.03520952481497916,0.019554403522745307,0.04027512054391628,4.626318460577983e-05,1.8635903000831604
558.0,0.2620718269655675,4.0,0.03601841041189373,0.020838315683701716,0.04161203298486176,0.0001296836761738862,1.8637238000519574
559.0,0.26205451308140015,4.000000000000001,0.0359957863026855,0.020845827130099272,0.041596215456295826,0.0001533848416311323,1.863857900025323
560.0,0.26203722321811873,4.000000000000001,0.03597395369504471,0.02085325214173686,0.041581046996679555,2.343486565124786e-05,1.8639915001112968
561.0,0.2620199554029885,4.0,0.03595210615155438,0.020860587686937517,0.04156582797656078,6.631895219100237e-06,1.8641255002003163
562.0,0.26200270119595365,4.000000000000002,0.03586966684013305,0.020782545257133214,0.04145536378548535,0.00029563824304724984,1.864259700058028
563.0,0.26198553851104467,4.000000000000001,0.03578757915566201,0.020705069167690958,0.04134550412150807,0.00032544808958238913,1.8643935001455247
564.0,0.26196846660664674,4.000000000000001,0.035705839576609076,0.020628153728031354,0.04123624262827345,7.118870167939495e-05,1.864526400109753
565.0,0.26194986833984546,4.000000000000001,0.038979052308185,0.026969812444550063,0.04739976057047577,7.511508650387411e-06,1.8646608002018183
566.0,0.2619274213635061,3.9999999999999996,0.03919203871836155,0.027378852287630394,0.047808131646085425,1.5204167713722683e-07,1.8648054001387209
567.0,0.26190458588087195,4.0,0.03934938709805231,0.027676042496541684,0.04810756274498581,1.6649456630532522e-05,1.8649420000147074
568.0,0.26188147821521796,4.0,0.03926079335584916,0.027531908493455135,0.04795222497676908,4.547556776647588e-05,1.8650774001143873
569.0,0.2618585228792377,4.0,0.03916828492762404,0.027382035860754057,0.047790484743839554,0.00026186357513098557,1.8652114002034068
570.0,0.2618356728964878,4.0,0.03930429227521646,0.02767895355439688,0.04807236067765031,8.903052480954687e-05,1.8653442000504583
571.0,0.26181254655133374,4.0,0.03943570080306654,0.027975298494609138,0.048350716889116165,0.0001017069915130453,1.8654769000131637
572.0,0.2617891289068179,3.999999999999999,0.03958720583825967,0.02829921522145359,0.04866202264837428,0.00011573470555882592,1.8656096002086997
573.0,0.2617654131456119,4.0,0.03971675706021349,0.02859392511725339,0.04893907789273427,7.088005685830512e-05,1.865742800058797
574.0,0.26174149685154635,4.0,0.03963971400148339,0.02845995075946691,0.04879831680858142,0.00022841947809593144,1.865876300027594
575.0,0.2617177256150275,3.999999999999999,0.03954618010149055,0.028298689189464016,0.04862834739595224,0.00020936378113213527,1.8660093999933451
576.0,0.26169411948597004,4.0,0.03945320221016627,0.028138858835120347,0.04845978271906612,9.251846797106444e-05,1.8661429001949728
577.0,0.2616705578707201,3.9999999999999996,0.04025715419213058,0.029814473475350187,0.05009532205966278,5.3834381207706894e-05,1.8662754001561552
578.0,0.26164537180366054,3.999999999999999,0.04107499510257187,0.031546721154340145,0.05179141664664132,5.752118488687452e-05,1.8664090000092983
579.0,0.2616185471282019,4.0,0.04105146245794917,0.03147234279544677,0.051727467857710964,0.00037825289552251284,1.8665534001775086
580.0,0.26159184060528606,3.9999999999999996,0.040951825894835044,0.031279849707832326,0.05153135979057277,0.000623203403399511,1.8666916000656784
581.0,0.26156533593352316,3.9999999999999996,0.040852866772491045,0.031089105133329072,0.051337015705259795,0.0002555433548169228,1.8668258001562208
582.0,0.2615390244007936,3.9999999999999996,0.040820330720491634,0.031018134134011468,0.0512681582006399,4.460910262334139e-05,1.8669588000047952
583.0,0.2615127894879969,3.9999999999999996,0.040722252911324516,0.030829425264933114,0.0510759761956634,0.0002683629972513868,1.8670923002064228
584.0,0.26148672475897494,4.000000000000001,0.040690078555003735,0.03076022753094343,0.05100856879552478,0.0001878528910426308,1.8672264001797885
585.0,0.26146075451758805,3.9999999999999996,0.04059291559408881,0.030573690210246193,0.050818651393960884,0.0002662128727697194,1.8673606000375003
586.0,0.26143497705222923,4.0,0.04049639524575559,0.030388849546723943,0.05063042765643877,6.649965181212969e-05,1.8674932001158595
587.0,0.26140932862305105,4.0,0.040553181945250705,0.030314107923284882,0.050631074500440645,0.00013231815274655778,1.8676259000785649
588.0,0.26138374068187875,4.0,0.04045735693306178,0.03013171712900481,0.05044519904957779,6.305337548612178e-06,1.8677597001660615
589.0,0.26135780234102923,4.0,0.04123916087934218,0.030912344128665288,0.05153873698065654,0.00019162561010828416,1.8678928001318127
590.0,0.2613312891530244,4.0,0.04114081234897452,0.030725342294490934,0.05134796100963667,0.00042738417422773234,1.8680260002147406
591.0,0.26130497162540006,4.0,0.0410431158527297,0.030540063837902174,0.05115889813242396,0.0002718499250310147,1.8681597001850605
592.0,0.2612788472876467,3.9999999999999996,0.040946062111639925,0.030356492438779237,0.05097152769572377,4.6472426299307146e-05,1.8682929000351578
593.0,0.2612525839044439,4.0,0.041492463741651685,0.030775711342806242,0.0516601292682085,0.00017157051538475854,1.8684286000207067
594.0,0.26122586936737696,4.0,0.04387217032980666,0.03397963246740762,0.05549218640554426,8.610189735858143e-06,1.868574800202623
595.0,0.2611951164594888,3.9999999999999987,0.04399996210484124,0.034092681860610145,0.055662443547478596,2.0938932806705002e-05,1.868795400019735
596.0,0.2611641918579577,3.999999999999999,0.04389176702880082,0.03388937662023651,0.05545247569422631,8.713759362719009e-06,1.8689893002156168
597.0,0.2611333285887809,3.9999999999999996,0.043990459067716085,0.03394523589610676,0.05556473278106122,0.00020792110372690187,1.8691469000186771
598.0,0.26110244145953215,4.0,0.04406285852351926,0.03400509334091931,0.05565861904852031,3.070411294882336e-05,1.8692933002021164
599.0,0.2610714042653882,4.0,0.04421335826928398,0.03413558561747182,0.0558574905889605,1.814409817021967e-05,1.8694335001055151
600.0,0.2610395494092739,3.999999999999999,0.04577571914119826,0.03653221681288393,0.058566366868343676,3.054726022222454e-05,1.8695803000591695
601.0,0.261005282184222,4.0,0.0457156372520206,0.03638486621968153,0.05842754469582353,0.00011528396287581455,1.8697741001378745
602.0,0.26097121294797415,4.000000000000001,0.045592750896540114,0.03616272882413461,0.05819314298370432,2.0385105467285447e-05,1.869910900015384
603.0,0.260937215604574,4.000000000000001,0.04573753884302443,0.03636340683455847,0.05843132563987216,2.056600030393707e-05,1.8700469001196325
604.0,0.26090281235698015,4.0,0.04659321738877525,0.037804581950736556,0.06000095268500013,8.552724766382191e-05,1.8701836001127958
605.0,0.2608668362263886,4.0,0.046524866406334006,0.03765174384675485,0.05985162494727163,3.0203427685643325e-05,1.8703170001972467
606.0,0.2608310841745276,4.0,0.046448587268308916,0.03750024561644346,0.059697065928865346,2.2549570388913365e-05,1.8704512000549585
607.0,0.26079546559745825,4.0,0.0463853159479488,0.03735457547794646,0.05955637534914824,0.00015741362147207727,1.8705969001166523
608.0,0.2607597916774476,4.000000000000001,0.04672077930365113,0.03780320162964546,0.06009919527075304,3.960609749581456e-06,1.870732800103724
609.0,0.2607237479769375,4.0,0.046588244093951854,0.03756832680466031,0.05984850596848177,5.070662420697536e-05,1.870868100086227
610.0,0.26068799180855523,4.000000000000001,0.04647386039398574,0.037356057504290184,0.05962629228942138,0.000290658327591356,1.8710021001752466
611.0,0.2606524844711603,4.000000000000001,0.046409201596378985,0.03720799480251647,0.059483181404809196,0.00016063348417834356,1.8711356001440436
612.0,0.26061717505071347,3.9999999999999996,0.046278925756470926,0.03697812709602344,0.059237832950763916,3.0515281235585223e-05,1.8712687999941409
613.0,0.2605821559295426,4.000000000000001,0.04614974615977247,0.03675030363452024,0.05899477847946262,0.0006215796447220784,1.8714040000922978
614.0,0.26054742319397545,4.000000000000001,0.04602169053779131,0.03652455096169533,0.058754053672148525,0.0012089718248983194,1.8715377000626177
615.0,0.26051297294218795,4.0,0.045894740660955245,0.03630084851031394,0.05851562887729312,0.001792725515386645,1.8716718000359833
616.0,0.2604788013403567,4.000000000000002,0.04576887866291702,0.03607917595256844,0.05827947487303925,0.0023728740589122332,1.8718072001356632
617.0,0.2604449046212822,4.000000000000001,0.0456440870328347,0.03585951319487385,0.058045562859139546,0.0029494504514286646,1.871941399993375
618.0,0.26041127908304207,4.000000000000001,0.045520348607835374,0.0356418403728736,0.0578138644491463,0.0035224873461873196,1.8720758000854403
619.0,0.2603779210876775,4.0,0.04539764656565888,0.035426137846645084,0.05758435166284308,0.004092017057753014,1.8722092001698911
620.0,0.2603448270599109,4.0,0.04527596441747527,0.035212386196096554,0.05735699691890727,0.0046580715659648025,1.872343400027603
621.0,0.26031199348589223,3.999999999999999,0.045155286000870966,0.035000566216545494,0.057131773027792855,0.005220682519844894,1.8724752999842167
622.0,0.26027941691197526,3.999999999999999,0.0450355954729987,0.034790658914470786,0.056908653184824416,0.005779881241453719,1.8726227001752704
623.0,0.26024709394352175,4.0,0.0449168773038868,0.034582645503429765,0.05668761096349283,0.006335698729694916,1.8727601000573486
624.0,0.2602150212437333,4.0,0.044799116269903044,0.034376507400133066,0.05646862030894411,0.006888165664068413,1.8728958000428975
625.0,0.26018319553250946,3.9999999999999987,0.04468229744736822,0.034172226220669594,0.05625165553165264,0.007389351002785566,1.8730299000162631
626.0,0.260151613585332,4.0,0.044566406206315974,0.03396978377687444,0.056036691301271174,0.007874283195968834,1.873163599986583
627.0,0.26012027223217427,4.0,0.04445142820439482,0.0337691620728335,0.05582370264065045,0.008355965318095154,1.873296600067988
628.0,0.2600891683564356,4.0,0.04433734938090745,0.033570343301517945,0.05561266492002002,0.008834426613813048,1.8734302001539618
629.0,0.2600582988938982,4.0,0.04422415595098445,0.03337330984154256,0.05540355385132433,0.009309696028483444,1.873565100133419
630.0,0.2600276608317088,3.999999999999999,0.04411183439988854,0.0331780442540426,0.05519634548270745,0.009781802211613677,1.8736990001052618
631.0,0.2599972512073818,4.000000000000001,0.04400037147744559,0.0329845292796628,0.054991016193139584,0.010250773520247836,1.8738315000664443
632.0,0.25996706710782536,4.000000000000001,0.04388975419259973,0.032792747835654036,0.05478754268718043,0.010716638022311445,1.8739641001448035
633.0,0.25993710566838724,4.0,0.04377996980808764,0.03260268301307235,0.054585901989872274,0.011179423499912133,1.8740976001136005
634.0,0.25990736407192305,4.0,0.04367100583523067,0.032414318074075334,0.05438607144175867,0.011639157452598428,1.8742311000823975
635.0,0.2598778395478848,3.9999999999999987,0.043562850028841464,0.03222763644931159,0.05418802869402364,0.012095867100574892,1.8743645001668483
636.0,0.25984852937142716,3.9999999999999996,0.04345549038224004,0.03204262173539905,0.05399175170374475,0.012549579387874724,1.8745035000611097
637.0,0.25981943086253595,3.999999999999999,0.04334891512237987,0.03185925769248748,0.0537972187292579,0.01300032098549303,1.8746431001927704
638.0,0.25979054138517294,4.000000000000001,0.04324311270507813,0.031677528241901835,0.05360440832562727,0.013448118294476938,1.874777200166136
639.0,0.2597618583464402,4.000000000000001,0.043138071810349406,0.031497417463862434,0.05341329934021759,0.01389299744897797,1.8749106000177562
640.0,0.2597333791957619,4.0,0.04303378133783898,0.031318909595278305,0.053223870908363606,0.014334984319262903,1.875044000102207
641.0,0.2597051014240835,3.9999999999999996,0.042930230402354504,0.031141989027610475,0.053036102449134155,0.014774104514686998,1.875177200185135
642.0,0.2596770225630876,3.999999999999999,0.042827408329492216,0.03096664030480195,0.052849973661185906,0.01491185871269985,1.8753101001493633
643.0,0.25964914018442753,3.999999999999999,0.04272530465135671,0.030792848121270925,0.052665464518704304,0.014931902082317799,1.8754437000025064
644.0,0.25962145189897506,4.0,0.04262390910237088,0.03062059731996504,0.05248255526742791,0.01495153684426618,1.8755771000869572
645.0,0.2595939553560859,3.9999999999999996,0.04252321161517466,0.030449872890473285,0.05230122642075331,0.014970773704549058,1.8757120000664145
646.0,0.259566648242879,3.999999999999999,0.04242320231660968,0.03028065996719286,0.05212145875591697,0.014989623116158545,1.8758468001615256
647.0,0.2595395282835315,4.0,0.04232387152378866,0.030112943827548828,0.051943233310252065,0.015008095285234342,1.8759805001318455
648.0,0.25951259323858866,3.9999999999999996,0.04222520974024688,0.02994670989026401,0.05176653137751723,0.015026200177067961,1.876115000108257
649.0,0.2594858409042871,3.9999999999999996,0.042127207652173655,0.029781943713676557,0.051591334504294005,0.015032910887769348,1.876248500077054
650.0,0.259459269111893,3.999999999999999,0.04202985612472298,0.029618630994103466,0.05141762448645192,0.015020265216917857,1.8763803001493216
651.0,0.2594328757270528,4.0,0.041933146198399995,0.02945675756424748,0.051245383365677334,0.015007714944436878,1.8765219000633806
652.0,0.25940665864915907,3.9999999999999996,0.04183706908552316,0.02929630939164597,0.051074593426065386,0.014995263489792555,1.876658300170675
653.0,0.25938061581072636,4.000000000000001,0.04174161616675851,0.02913727257715902,0.05090523719077104,0.014982914134431067,1.8767930001486093
654.0,0.25935474517678314,4.000000000000001,0.04164677898772669,0.02897963335349604,0.05073729741871963,0.014970670025822908,1.876981200184673
655.0,0.25932904474427343,4.000000000000001,0.04155254925567866,0.0288233780837782,0.05057075710137259,0.014958534181393715,1.8771846999879926
656.0,0.2593035125414722,4.0,0.04145891883624026,0.028668493260135753,0.05040559945954821,0.014946509492348225,1.8773281001485884
657.0,0.2592781466274117,3.999999999999999,0.04136587975022366,0.028514965502338133,0.050241807940295084,0.014934598727388108,1.8775166000705212
658.0,0.25925294509131946,4.0,0.04127342417050348,0.028362781556455934,0.05007936621381642,0.014922804536327307,1.8776776001323014
659.0,0.2592279060520686,4.0,0.04118154441895759,0.028211928293552773,0.049918258170444416,0.014911129453608743,1.8778457001317292
660.0,0.25920302765763725,3.9999999999999996,0.04109023296346941,0.02806239270840628,0.04975846791766204,0.014899575901722313,1.8779907000716776
661.0,0.25917830808458087,3.999999999999999,0.040999482414991885,0.02791416191825643,0.04959997977717195,0.014888146194530133,1.878129000077024
662.0,0.2591537455375138,3.999999999999999,0.04090928552467094,0.027767223161580347,0.04944277828201056,0.014876842540498612,1.8782646001782268
663.0,0.2591293382486012,4.0,0.04081963518102734,0.027621563796892366,0.049286848173706134,0.014865667045842492,1.8783992000389844
664.0,0.25910508447706165,4.0,0.04073052440719576,0.02747717130156795,0.0491321743994796,0.014854621717580549,1.8785431000869721
665.0,0.25908098250867984,4.0,0.04064194635821981,0.027334033270691033,0.048978742109487265,0.014843708466508121,1.8787341001443565
666.0,0.2590570306553275,3.9999999999999996,0.0405538943184016,0.027192137415923183,0.048826536654103726,0.014832929110086414,1.8788717000279576
667.0,0.2590332272544952,4.0,0.04046636169870509,0.027051471564394025,0.04867554358124463,0.01482228537525215,1.8790074000135064
668.0,0.2590095706688332,3.9999999999999996,0.040379342034211736,0.026912023657611847,0.048525748633727626,0.014811778901149833,1.8791420999914408
669.0,0.2589860592857006,4.0,0.04029282898162737,0.026773781750393563,0.048377137746670976,0.014801411241787101,1.87927640019916
670.0,0.25896269151672396,4.0,0.04020681631683963,0.026636734009813402,0.048229697044928986,0.014791183868617302,1.8794104000553489
671.0,0.2589394657973646,3.999999999999999,0.040121297932524225,0.026500868714169186,0.04808341284056284,0.014781098173050598,1.8795449000317603
672.0,0.2589163805864937,3.9999999999999996,0.040036267835799215,0.026366174251965777,0.04793827163034639,0.014771155468894102,1.8796801001299173
673.0,0.25889343436597667,4.0,0.0399517201459271,0.026232639120914957,0.04779426009330655,0.014761356994725947,1.8798204001504928
674.0,0.25887062564026525,4.0,0.03986764909206241,0.026100251926950892,0.04765136508829656,0.014751703916201269,1.879953800002113
675.0,0.25884795293599666,4.0,0.03978404901104466,0.025969001383260727,0.04750957365160206,0.014742197328296455,1.8800876000896096
676.0,0.25882541480160226,3.9999999999999982,0.03970091434523591,0.025838876309329642,0.04736887299457942,0.014732838257488515,1.8802214001771063
677.0,0.25880300980692217,3.999999999999999,0.03961823964040093,0.025709865629999735,0.04722925050132468,0.014723627663874937,1.8803552000317723
678.0,0.25878073654282846,4.0,0.03953601954363097,0.025581958374542472,0.047090693726374366,0.014714566443235218,1.8804896001238376
679.0,0.2587585936208551,3.999999999999999,0.03945424880130804,0.025455143675743683,0.046953190392435215,0.014705655429032363,1.8806357001885772
680.0,0.2587365796728351,4.0,0.03937292225711034,0.02532941076900116,0.046816728388143984,0.014696895394361933,1.8807713000569493
681.0,0.2587146933505448,4.0,0.03929203485005786,0.025204748991433986,0.04668129576585631,0.014688287053843351,1.8809060000348836
682.0,0.2586929333253548,4.0,0.039211581612596816,0.02508114778100333,0.04654688073946383,0.01467983106546053,1.8810394001193345
683.0,0.2586712982878881,4.000000000000001,0.03913155766872231,0.02495859667564427,0.04641347168223921,0.01467152803234973,1.8811726002022624
684.0,0.25864978694768376,4.000000000000001,0.03905195823213874,0.02483708531240836,0.04628105712470881,0.01466337850453854,1.8813057001680136
685.0,0.2586283980328684,3.999999999999999,0.03897277860445701,0.024716603426616083,0.04614962575255223,0.01465538298063495,1.881438700016588
686.0,0.2586071302898326,4.0,0.03889401417342722,0.024597140851019644,0.046019166404528196,0.014647541909469559,1.8815725001040846
687.0,0.25858598248291453,4.0,0.03881566041120781,0.02447868751497482,0.04588966807042724,0.01463985569169187,1.8817056000698358
688.0,0.25856495339408914,4.0,0.03873771287266798,0.02436123344362237,0.04576111988904917,0.014632324681321598,1.8818389000371099
689.0,0.25854404182266316,4.0,0.03866016719372495,0.024244768757078237,0.04563351114620662,0.014624949187256132,1.881971900118515
690.0,0.2585232465849766,3.9999999999999996,0.03858301908971417,0.024129283669632177,0.04550683127275317,0.014617729474735854,1.8821051002014428
691.0,0.25850256651410847,4.0,0.038506264353791654,0.02401476848895495,0.04538106984263581,0.014610665766768276,1.8822379000484943
692.0,0.25848200045959,4.0,0.03842989885536905,0.023901213615313482,0.04525621657097224,0.014603758245511494,1.8823708000127226
693.0,0.2584615472871219,4.000000000000001,0.0383539185385794,0.02378860954079359,0.04513226131215142,0.014597007053619434,1.8825105000287294
694.0,0.25844120587829716,3.999999999999999,0.038278319420773754,0.023676946848530743,0.04500919405795815,0.014590412295548121,1.8826496000401676
695.0,0.25842097513032947,4.0,0.038203097591047376,0.023566216211947672,0.04488700493572004,0.01458397403882615,1.8827835000120103
696.0,0.258400853955787,4.000000000000001,0.0381282492087964,0.02345640839399945,0.04476568420647864,0.014577692315288188,1.8829174002166837
697.0,0.25838084128233024,3.9999999999999996,0.03805377050230241,0.023347514246425134,0.044645222263182044,0.014571567122274125,1.883050500182435
698.0,0.25836093605245547,3.9999999999999996,0.03797965776734539,0.02323952470900653,0.044525609628900134,0.014565598423794159,1.8831840001512319
699.0,0.2583411372232431,4.0,0.03790590736584502,0.02313243080883309,0.04440683695506215,0.01455978615166044,1.8833179001230747
700.0,0.25832144376611044,4.0,0.03783251572452859,0.023026223659573512,0.044288895019715786,0.01455413020658742,1.8834556001238525
701.0,0.25830185466656924,3.9999999999999996,0.03775947933362561,0.022920894460753172,0.04417177472580749,0.014548630459259644,1.883590100100264
702.0,0.2582823689239876,3.999999999999999,0.03768679474558871,0.02281643449703792,0.04405546709948443,0.014543286751370364,1.8837237001862377
703.0,0.25826298555135674,4.0,0.03761445857383994,0.022712835137523524,0.043939963288417115,0.01453809889662987,1.8838565000332892
704.0,0.25824370357506155,4.000000000000001,0.037542467491542546,0.022610087835030913,0.04382525456014308,0.014533066681745234,1.8839903001207858
705.0,0.2582245220346562,3.999999999999999,0.03747081823039679,0.02250818412540705,0.04371133230043054,0.014528189867371956,1.884123100200668
706.0,0.2582054399826428,4.0,0.03739950757945989,0.022407115626831262,0.0435981880116624,0.014523468189038585,1.8842641999945045
707.0,0.2581864564842555,4.000000000000001,0.037328532383990455,0.022306874039126963,0.04348581331124095,0.014518901358044588,1.8844426001887769
708.0,0.25816757061724765,4.0,0.03725788954431495,0.022207451143078417,0.04337419993001125,0.014514489062332832,1.884588100016117
709.0,0.2581487814716831,4.0,0.03718757601471754,0.022108838799752967,0.04326333971070492,0.014510230967336828,1.8847242000047117
710.0,0.2581300881497316,4.000000000000001,0.037117588802351935,0.02201102894982798,0.043153224606402786,0.014506126716803153,1.8848616001196206
711.0,0.25811148976546827,4.0,0.03704792496617537,0.021914013612922785,0.043043846679017034,0.014502175933591266,1.8849988000001758
712.0,0.2580929854446754,4.000000000000001,0.03697858161590331,0.021817784886935723,0.04293519809779178,0.014498378220449581,1.8852176000364125
713.0,0.2580745743246501,4.0,0.03690955591098612,0.02172233494738537,0.04282727113782304,0.014494733160768603,1.8856238999869674
714.0,0.2580562555540132,3.9999999999999996,0.03684084505960502,0.02162765604675714,0.04272005817859632,0.01449124031931328,1.8857874001841992
715.0,0.2580380282925235,4.000000000000001,0.03677244631768944,0.02153374051385377,0.04261355170254339,0.014487899242934144,1.8864085001405329
716.0,0.25801989171089457,4.000000000000001,0.036704356987953456,0.021440580753150792,0.042507744293616756,0.01448470946125676,1.8866666001267731
717.0,0.25800184499061474,4.0,0.03663657441895154,0.021348169244156286,0.042402628635881935,0.014481670487352112,1.886834500124678
718.0,0.2579838873237712,3.999999999999999,0.036569096004153534,0.021256498540774982,0.04229819751212771,0.014478781818387736,1.887016300112009
719.0,0.2579660179128762,4.000000000000001,0.036501919181037984,0.021165561270676727,0.0421944438024937,0.014476042936258524,1.8873081000056118
720.0,0.257948235970698,4.0,0.036435041430204415,0.021075350134669033,0.04209136048311585,0.014473453308200254,1.8874707000795752
721.0,0.2579305407200929,3.9999999999999996,0.03636846027450217,0.02098585790607413,0.04198894062478805,0.014471012387385393,1.8876110999844968
722.0,0.2579129313938423,4.000000000000002,0.036302173278178036,0.02089707743010986,0.04188717739164183,0.014468719613500134,1.8877460001967847
723.0,0.25789540723449156,4.0,0.03623617804604068,0.020809001623274762,0.041786064039842426,0.014466574413306062,1.8878810000605881
724.0,0.257877967494192,4.000000000000001,0.036170472222641185,0.020721623472737306,0.04168559391630105,0.014464576201184222,1.8880156001541764
725.0,0.2578606114345463,4.0,0.03610505349147163,0.02063493603572881,0.04158576045740473,0.014462724379663373,1.888149900129065
726.0,0.2578433383264554,4.000000000000001,0.036039919574177896,0.020548932438940796,0.04148655718776101,0.014461018339933025,1.8882967000827193
727.0,0.2578261474499704,4.0,0.03597506822979039,0.020463605877925724,0.04138797771896025,0.014459457462341493,1.8884335001930594
728.0,0.25780903809414457,4.0,0.03591049725396861,0.020378949616501992,0.0412900157483527,0.014458041116877835,1.888568100053817
729.0,0.2577920095568903,4.000000000000001,0.03584620447826199,0.020294956986162502,0.041192665057841985,0.014456768663641435,1.8887017001397908
730.0,0.2577750611448369,4.0,0.035782187769385375,0.02021162138548734,0.04109591951269422,0.014455639453295931,1.8888363000005484
731.0,0.2577581921731922,4.0,0.035718445028508884,0.020128936279559823,0.04099977306036206,0.014454652827510923,1.8889697000849992
732.0,0.25774140196560585,4.0,0.0356549741905627,0.020046895199386548,0.040904219729324745,0.014453808119389268,1.88910310016945
733.0,0.2577246898540359,4.0,0.03559177322355544,0.0199654917413212,0.040809253627942806,0.014453104653882914,1.8892362001352012
734.0,0.25770805517861656,4.000000000000002,0.035528840127906365,0.01988471956649186,0.040714868943327744,0.014452541748194811,1.8893693001009524
735.0,0.25769149728753,4.000000000000001,0.03546617293579183,0.019804572400231986,0.040621059940227106,0.014452118712169948,1.8895028000697494
736.0,0.2576750155368785,4.000000000000001,0.03540376971050353,0.01972504403151515,0.04052782095992306,0.014451834848674131,1.8896361000370234
737.0,0.2576586092905607,3.9999999999999996,0.03534162854582139,0.01964612831239333,0.04043514641914679,0.014451689453961112,1.8897710000164807
738.0,0.2576422779201491,4.0,0.0352797475653979,0.01956781915743878,0.040343030809006246,0.014451681818028625,1.8899043002165854
739.0,0.2576260208047697,4.000000000000002,0.03521812492215589,0.019490110543189387,0.04025146869392867,0.014451811224964368,1.8900376001838595
740.0,0.2576098373309844,4.000000000000002,0.035156758797697855,0.019412996507597577,0.04016045471061677,0.014452076953280095,1.890228500124067
741.0,0.25759372689267523,4.000000000000001,0.03509564740172761,0.01933647114948302,0.04006998356701908,0.014452478276236986,1.890378399984911
742.0,0.25757768889092986,3.9999999999999996,0.03503478897148348,0.019260528627988615,0.039980050041313726,0.014453014462159602,1.8905145002063364
743.0,0.25756172273393046,4.0,0.0349741817711833,0.01918516316203973,0.039890648980905996,0.014453684774741123,1.8906481000594795
744.0,0.257545827836844,4.000000000000002,0.03491382409148072,0.01911036902980747,0.03980177530143956,0.014454488473339466,1.8907818000297993
745.0,0.2575300036217142,4.000000000000001,0.034853714248932174,0.01903614056817494,0.03971342398582038,0.014455424813263056,1.890913899987936
746.0,0.25751424951735563,4.0,0.03479385058547502,0.018962472172207253,0.03962559008325421,0.014456493046048954,1.8910477000754327
747.0,0.2574985649592496,4.000000000000002,0.034734231467916224,0.018889358294624764,0.039538268708296916,0.014457692419730842,1.891180400038138
748.0,0.2574829493894424,4.0,0.03467485528743181,0.018816793445279787,0.039451455039917885,0.014459022179101125,1.891313900006935
749.0,0.2574674022564444,4.0,0.034615720459075676,0.018744772190636905,0.0393651443205756,0.014460481565962024,1.8914476002100855
750.0,0.2574519230151319,4.000000000000002,0.034556825421299335,0.018673289153256285,0.03927933185530628,0.014462069819370316,1.89158060005866
751.0,0.2574365111266501,4.000000000000001,0.03449816863548123,0.018602339011280812,0.03919401301082502,0.014463786175874634,1.8917135000228882
752.0,0.257421166058318,3.9999999999999996,0.03443974858546509,0.01853191649792624,0.03910918321463842,0.014465629869744069,1.8918465999886394
753.0,0.2574058872835344,4.0,0.0343815637771083,0.018462016400975043,0.03902483795417012,0.014467600133190268,1.8919795001856983
754.0,0.25739067428168727,4.0,0.03432361273783981,0.01839263356227319,0.038940972775898364,0.014469696196582702,1.8921115000266582
755.0,0.2573755265380623,3.999999999999999,0.03426589401622604,0.01832376287723071,0.03885758328450463,0.014471917288656364,1.8922443999908864
756.0,0.257360443543755,4.0,0.03420840618154661,0.01825539929432538,0.03877466514203484,0.014474262636712906,1.8923878001514822
757.0,0.2573454247955833,3.999999999999999,0.034151147823378476,0.018187537814609665,0.03869221406707175,0.01447673146681596,1.8925228000152856
758.0,0.25733046979600216,3.9999999999999996,0.0340941175511883,0.018120173491221102,0.038610225833918634,0.014479323003979062,1.8926562000997365
759.0,0.2573155780530193,4.0,0.034037313993933664,0.018053301428895975,0.03852869627179474,0.014482036472348421,1.8927890001796186
760.0,0.25730074908011297,3.9999999999999996,0.03398073579967222,0.01798691678348625,0.03844762126404161,0.01448487109537911,1.892922000028193
761.0,0.2572859823961501,4.0,0.03392438163517857,0.01792101476147992,0.038366996747340315,0.014487826096005747,1.8930620001628995
762.0,0.25727127752530754,4.0,0.033868250185569784,0.017855590619524332,0.038286818710940106,0.014490900696807064,1.8931947001256049
763.0,0.2572566339969926,4.0,0.03381234015393766,0.01779063966395328,0.03820708319589723,0.014494094120166359,1.8933274000883102
764.0,0.25724205134576705,3.999999999999999,0.03375665026098944,0.017726157250316857,0.038127786294325026,0.014497405588424286,1.8934601000510156
765.0,0.25722752911127056,4.0,0.03370117924469514,0.017662138782914918,0.03804892414865389,0.014500834324028773,1.8935922000091523
766.0,0.257213066838147,3.999999999999999,0.03364592585994292,0.017598579714333564,0.0379704929509024,0.014504379549678845,1.8938802001066506
767.0,0.2571986640759709,3.999999999999999,0.03359088887820067,0.01753547554498525,0.037892488941957896,0.014508040488463263,1.8940352001227438
768.0,0.25718432037917605,3.999999999999999,0.033536067087185276,0.017472821822651623,0.03781490841086783,0.014511816363995296,1.8941732000093907
769.0,0.2571700353069845,3.9999999999999996,0.03348145929053865,0.017410614142029927,0.037737747694141066,0.014515706400542377,1.8943200001958758
770.0,0.2571558084233375,3.9999999999999996,0.03342706430750978,0.017348848144282565,0.03766100317505856,0.01451970982315088,1.8944573001936078
771.0,0.25714163929682704,3.9999999999999982,0.03337288097264431,0.01728751951658988,0.03758467128299463,0.014523825857767295,1.89459290006198
772.0,0.2571275275006289,4.0,0.03331890813547939,0.017226623991706217,0.0375087484927469,0.014528053731355232,1.8947270000353456
773.0,0.2571134726124372,3.999999999999999,0.03326514466024633,0.01716615734751887,0.03743323132387707,0.014532392672007396,1.8948613000102341
774.0,0.25709947421439894,3.9999999999999987,0.033211589425577684,0.01710611540661077,0.03735811634005962,0.014536841909054302,1.8949948002118617
775.0,0.25708553189305094,3.999999999999999,0.033158241324221856,0.017046494035825838,0.03728340014844113,0.014541400673168892,1.8951294000726193
776.0,0.2570716452392568,4.000000000000001,0.03310509926276257,0.01698728914583791,0.03720907939900778,0.014546068196467934,1.8952637000475079
777.0,0.2570578138481462,3.9999999999999996,0.033052162161345155,0.016928496690722453,0.03713515078396286,0.014550843712608279,1.8953973001334816
778.0,0.25704403731905334,3.999999999999999,0.03299942895340709,0.016870112667531988,0.037061611037112044,0.014555726456881808,1.8955314999911934
779.0,0.2570303152554582,4.0,0.03294689858541557,0.016812133115874078,0.03698845693325863,0.014560715666304333,1.895665000192821
780.0,0.2570166472649285,4.0,0.03289457001660997,0.016754554117492843,0.03691568528760711,0.014565810579703412,1.8957972000353038
781.0,0.25700303295906113,4.0,0.03284244221874905,0.016697371795853615,0.03684329295517487,0.014571010437801901,1.895930500002578
782.0,0.25698947195342686,4.0,0.03279051417586456,0.016640582315730505,0.036771276830213244,0.014576314483297992,1.896063200198114
783.0,0.256975963867514,3.999999999999999,0.032738784884018844,0.016584181882797304,0.03669963384563616,0.014581721960942956,1.8961971001699567
784.0,0.25696250832467427,3.999999999999999,0.03268725335106832,0.016528166743221454,0.036628360972457655,0.014587232117615347,1.8963413001038134
785.0,0.25694910495206885,3.9999999999999996,0.03263591859643132,0.016472533183261067,0.03655745521923714,0.014592844202393051,1.8964767002034932
786.0,0.2569357533806159,4.0,0.03258477965086129,0.016417277528865147,0.03648691363153322,0.014598557466620924,1.8966107000596821
787.0,0.2569224532449387,3.9999999999999996,0.03253383555622408,0.01636239614527678,0.036416733291364814,0.0146043711639782,1.8967445001471788
788.0,0.25690920418331403,3.999999999999999,0.03248308536528023,0.01630788543663969,0.03634691131668065,0.014610284550540337,1.896877899998799
789.0,0.25689600583762284,3.999999999999999,0.03243252814147205,0.01625374184560741,0.03627744486083641,0.014616296884841132,1.897010900080204
790.0,0.2568828578533004,4.0,0.0323821629587145,0.016199961852955986,0.036208331112079314,0.014622407427930063,1.8971443001646549
791.0,0.25686975987928806,4.0,0.032331988901191024,0.01614654197719943,0.036139567293040506,0.014628615443428573,1.8972772001288831
792.0,0.25685671156798506,4.000000000000001,0.0322820050631532,0.016093478774208504,0.036071150660234676,0.014634920197583261,1.897411100100726
793.0,0.25684371257520244,3.9999999999999987,0.03223221054872509,0.01604076883683215,0.03600307850356731,0.014641320959317368,1.8975452000740916
794.0,0.2568307625601161,3.999999999999999,0.03218260447171088,0.01598840879452241,0.03593534814584863,0.014647817000279586,1.8976782001554966
795.0,0.2568178611852219,3.9999999999999987,0.032133185955407505,0.015936395312962034,0.03586795694231547,0.014654407594891027,1.8978101999964565
796.0,0.2568050081162908,3.9999999999999996,0.03208395413242036,0.015884725093695255,0.03580090228015943,0.014661092020389628,1.8979432000778615
797.0,0.25679220302232514,4.0,0.032034908144483516,0.015833394873761425,0.035734181578062636,0.014667869556873488,1.8980868000071496
798.0,0.2567794455755154,4.0,0.031986047142283175,0.015782401425331983,0.035667792285739845,0.014674739487340969,1.8982243000064045
799.0,0.25676673545119777,3.9999999999999996,0.03193737028528526,0.015731741555349888,0.0356017318834877,0.014681701097729934,1.8983576002065092
800.0,0.256754072327812,4.0,0.031888876741566,0.015681412105172578,0.035535997881740174,0.014688753676954616,1.8984963002149016
801.0,0.25674145588686104,4.0,0.03184056568764707,0.015631409950217383,0.03547058782063138,0.014695896516940896,1.8986301000695676
802.0,0.25672888581286996,3.999999999999999,0.03179243630833324,0.015581731999610288,0.035405499269564114,0.014703128912659374,1.8987637001555413
803.0,0.25671636179334645,3.9999999999999996,0.031744487796553686,0.015532375195837469,0.03534072982678503,0.014710450162157867,1.8988971000071615
804.0,0.25670388351874185,4.0,0.03169671935320715,0.015483336514399612,0.03527627711896646,0.014717859566590934,1.8990323999896646
805.0,0.2566914506824124,4.000000000000001,0.031649130187009655,0.015434612963469522,0.03521213880079407,0.014725356430248367,1.8991673002019525
806.0,0.2566790629805815,4.0,0.03160171951434585,0.015386201583552205,0.03514831255456074,0.014732940060582851,1.8993017000611871
807.0,0.25666672011230246,4.0,0.03155448655912311,0.01533809944714829,0.03508479608976645,0.014740609768234592,1.8994343001395464
808.0,0.2566544217794217,4.000000000000001,0.031507430552629244,0.015290303658419975,0.0350215871427245,0.014748364867056014,1.8995668001007289
809.0,0.2566421676865432,3.9999999999999996,0.03146055073339292,0.015242811352859814,0.034958683476173154,0.014756204674134021,1.8997487002052367
810.0,0.25662995754099216,4.0,0.031413846347046734,0.015195619696962861,0.03489608287889326,0.01476412850981143,1.8998841000720859
811.0,0.25661779105278104,3.9999999999999996,0.03136731664619373,0.015148725887901053,0.03483378316533169,0.014772135697707117,1.9000321000348777
812.0,0.25660566793457434,3.9999999999999996,0.031320960890276195,0.015102127153200865,0.03477178217523021,0.014780225564734337,1.9001733001787215
813.0,0.2565935879016555,3.999999999999999,0.03127477834544785,0.015055820750423426,0.03471007777326023,0.014788397441118248,1.9003084001597017
814.0,0.25658155067189303,4.0,0.031228768284448,0.015009803966847878,0.034648667848662634,0.014796650660412327,1.9004415001254529
815.0,0.25656955596570863,3.9999999999999982,0.03118292998647924,0.014964074119156944,0.034587550314893495,0.014804984559513262,1.900574500206858
816.0,0.25655760350604356,4.0,0.03113726273708641,0.014918628553126078,0.03452672310927434,0.014813398478674814,1.9007095000706613
817.0,0.2565456930183286,3.999999999999999,0.031091765828039825,0.014873464643314474,0.034466184192648755,0.014821891761521114,1.9008447001688182
818.0,0.2565338242304514,3.9999999999999996,0.031046438557219568,0.014828579792759627,0.03440593154904324,0.014830463755057914,1.900978600140661
819.0,0.2565219968727268,3.999999999999999,0.031001280228502927,0.014783971432674044,0.03434596318533357,0.014839113809683415,1.9011137001216412
820.0,0.25651021067786606,3.999999999999999,0.030956290151653968,0.014739637022145098,0.03428627713091608,0.014847841279198512,1.901247300207615
821.0,0.25649846538094695,4.0,0.03091146764221548,0.014695574047837452,0.034226871437383934,0.014856645520815105,1.9013820001855493
822.0,0.25648676071938525,3.9999999999999996,0.030866812021403612,0.014651780023697936,0.03416774417820849,0.014865525895164131,1.9015155001543462
823.0,0.256475096432905,4.0,0.03082232261600391,0.014608252490663665,0.03410889344842496,0.014874481766302287,1.9016478001140058
824.0,0.2564634722635105,3.9999999999999996,0.03077799875827046,0.014564989016372194,0.03405031736432336,0.0148835125017187,1.9017815000843257
825.0,0.2564518879554587,4.0,0.030733839785826438,0.014521987194874957,0.03399201406314372,0.014892617472339675,1.9019146000500768
826.0,0.2564403432552309,4.0,0.03068984504156739,0.014479244646352753,0.03393398170277625,0.014901796052533216,1.9023233000189066
827.0,0.25642883791150667,3.999999999999999,0.030646013873566122,0.01443675901683436,0.03387621846146579,0.014911047620112746,1.9024711002130061
828.0,0.2564173716751361,4.0,0.030602345634979794,0.01439452797791739,0.03381872253752074,0.014920371556340017,1.90260890009813
829.0,0.2564059442991145,4.0,0.030558839683959078,0.01435254922649207,0.033761492149026684,0.014929767245927372,1.9027490001171827
830.0,0.25639455553855606,4.000000000000001,0.03051549538355908,0.014310820484467343,0.03370452553356397,0.014939234077038524,1.902884399984032
831.0,0.2563832051506684,4.0,0.0304723121016522,0.014269339498499654,0.033647820947929764,0.014948771441290101,1.9030183001887053
832.0,0.2563718928947276,4.0,0.030429289210842897,0.01422810403972441,0.03359137666786436,0.01495837873375118,1.9031520001590252
833.0,0.25636061853205355,4.0,0.030386426088384388,0.014187111903489596,0.03353519098778153,0.01496805535294277,1.9032850000075996
834.0,0.25634938182598577,4.0,0.030343722116096934,0.014146360909092503,0.03347926222050317,0.014977800700836826,1.9034180000890046
835.0,0.2563381825418591,3.9999999999999996,0.0303011766802879,0.014105848899518368,0.033423588696997616,0.01498761418285426,1.9035516001749784
836.0,0.25632702044698036,4.0,0.030258789171673513,0.014065573741182016,0.03336816876612223,0.014997495207862348,1.903684200020507
837.0,0.2563158953106054,4.0,0.030216558985302625,0.014025533323671499,0.03331300079436995,0.015007443188172105,1.903817499987781
838.0,0.25630480690391577,4.0,0.03017448552048151,0.013985725559494764,0.03325808316561935,0.01501745753953481,1.903950200183317
839.0,0.2562937549999964,3.9999999999999996,0.030132568180700803,0.013946148383828164,0.033203414280888875,0.015027537681137487,1.9040970001369715
840.0,0.25628273937381363,3.9999999999999987,0.030090806373563764,0.013906799754267852,0.03314899255809458,0.015037683035598541,1.9042343001347035
841.0,0.25627175980219286,4.000000000000001,0.0300491995107159,0.01386767765058356,0.033094816431811544,0.015047893028963213,1.9043678999878466
842.0,0.256260816063798,3.9999999999999996,0.030007747007776992,0.013828780074474266,0.033040884353039424,0.015058167090697454,1.9045025000814348
843.0,0.25624990793910885,3.999999999999999,0.02996644828427279,0.01379010504932716,0.03298719478897037,0.01506850465368239,1.904635600047186
844.0,0.2562390352104014,4.0,0.029925302763570333,0.013751650619978083,0.03293374622276205,0.015078905154207442,1.9047687000129372
845.0,0.256228197661727,3.9999999999999996,0.029884309872813115,0.013713414852474825,0.03288053715331294,0.01508936803196384,1.904901800211519
846.0,0.25621739507889163,4.000000000000001,0.029843469042858194,0.013675395833842731,0.032827566095041505,0.01509989273003777,1.905035300180316
847.0,0.25620662724943666,4.000000000000001,0.029802779708214707,0.01363759167185236,0.03277483157766872,0.01511047869490166,1.905168900033459
848.0,0.2561958939626186,4.0,0.029762241306983624,0.013600000494789755,0.03272233214600396,0.015121125376407408,1.9053017999976873
849.0,0.25618519500938974,4.0,0.029721853280798374,0.013562620451228961,0.03267006635973363,0.015131832227776948,1.9054355002008379
850.0,0.2561745301823797,3.999999999999999,0.02968161507476796,0.013525449709806518,0.032618032793214215,0.01514259870559452,1.9055685000494123
851.0,0.25616389927587563,4.0,0.02964152613741971,0.013488486458998595,0.032566230035266965,0.0151534242697966,1.905701900133863
852.0,0.2561533020858047,4.000000000000001,0.02960158592064452,0.013451728906900176,0.032514656688976955,0.015164308383663509,1.9058352999854833
853.0,0.25614273840971524,4.0,0.0295617938796428,0.013415175281006471,0.03246331137149464,0.015175250513808948,1.9059687000699341
854.0,0.25613220804675846,3.999999999999999,0.029522149472871222,0.013378823827996631,0.032412192713840285,0.0151862501301704,1.9061138001270592
855.0,0.25612171079767154,4.0,0.029482652161991394,0.013342672813519538,0.03236129936071185,0.015197306705998791,1.9062493999954313
856.0,0.25611124646475947,4.0,0.029443301411819237,0.013306720521981785,0.03231062997029566,0.015208419717847952,1.9063837002031505
857.0,0.2561008148518782,3.999999999999999,0.029404096690275244,0.013270965256338023,0.03226018321407965,0.015219588645563598,1.9065191000699997
858.0,0.25609041576441727,4.0,0.029365037468335974,0.01323540533788317,0.03220995777666966,0.01523081297227264,1.9066529001574963
859.0,0.25608004900928366,3.999999999999999,0.029326123219987187,0.01320003910604688,0.032159952355608964,0.015242092184371312,1.9067862001247704
860.0,0.2560697143948846,4.0,0.029287353422176775,0.013164864918190236,0.03211016566119966,0.015253425771514478,1.9069201000966132
861.0,0.25605941173111185,4.0,0.029248727554770003,0.013129881149404145,0.032060596416327636,0.015264813226602846,1.9070566000882536
862.0,0.2560491408293254,3.9999999999999996,0.029210245100504687,0.013095086192310474,0.03201124335628965,0.015276254045771605,1.907189500052482
863.0,0.2560389015023379,3.999999999999999,0.029171905544948067,0.013060478456864592,0.03196210522862341,0.015287747728378338,1.9073227001354098
864.0,0.2560286935643984,4.000000000000001,0.02913370837645407,0.013026056370160325,0.031913180792939845,0.015299293776989863,1.9074562001042068
865.0,0.25601851683117843,4.0,0.029095653086122202,0.012991818376236766,0.03186446882075858,0.015310891697370606,1.9075886001810431
866.0,0.2560083711197551,3.9999999999999996,0.02905773916775628,0.012957762935887452,0.03181596809534508,0.015322540998469733,1.9077215001452714
867.0,0.2559982562485974,4.0,0.029019966117825147,0.012923888526470967,0.031767677411550996,0.015334241192407231,1.9078542001079768
868.0,0.2559881720375511,3.9999999999999996,0.028982333435423575,0.012890193641724019,0.031719595575656595,0.015345991794462086,1.9079874001909047
869.0,0.25597811830782397,4.0,0.02894484062223423,0.012856676791576266,0.03167172140521567,0.01535779232305836,1.9081315000075847
870.0,0.25596809488197225,3.9999999999999996,0.028907487182490463,0.012823336501967082,0.03162405372890281,0.015369642299751667,1.9082669001072645
871.0,0.25595810158388543,3.9999999999999996,0.028870272622939865,0.012790171314664376,0.031576591386363005,0.015381541249216254,1.9083997001871467
872.0,0.2559481382387734,4.0,0.028833196452808643,0.012757179787085215,0.031529333228063554,0.015393488699230837,1.908532600151375
873.0,0.2559382046731519,4.0,0.028796258183766778,0.012724360492118452,0.03148227811514821,0.015405484180665271,1.9086655999999493
874.0,0.25592830071482986,3.999999999999999,0.028759457329893986,0.012691712017949103,0.031435424919293624,0.01541752722746623,1.9087982000783086
875.0,0.25591842619289484,3.9999999999999987,0.028722793407646163,0.012659232967884787,0.031388772522567734,0.015429617376643317,1.9089316001627594
876.0,0.25590858093770114,4.000000000000001,0.02868626593582291,0.012626921960183862,0.031342319817290604,0.015441754168255068,1.9090647001285106
877.0,0.25589876478085605,4.0,0.02864987443553588,0.012594777627885299,0.031296065705897484,0.015453937145394732,1.9091973002068698
878.0,0.2558889775552072,3.9999999999999987,0.028613618430176967,0.012562798618640845,0.03125000910080327,0.015466165854175928,1.9093297000508755
879.0,0.25587921909482997,3.999999999999999,0.028577497445388195,0.012530983594548432,0.031204148924269842,0.015478439843718196,1.9094635001383722
880.0,0.25586948923501507,4.0,0.028541511009031725,0.012499331231987714,0.03115848410827495,0.015490758666132504,1.9095957002136856
881.0,0.2558597878122563,3.9999999999999996,0.02850565865116085,0.01246784022145719,0.031113013594383416,0.015503121876506824,1.9097273000515997
882.0,0.25585011466423824,4.0,0.028469939903990927,0.012436509267413428,0.031067736333619724,0.015515529032891686,1.9098594000097364
883.0,0.2558404696298244,4.000000000000001,0.028434354301871852,0.012405337088111515,0.031022651286343232,0.015527979696285017,1.9099927002098411
884.0,0.2558308525490454,3.9999999999999996,0.028398901381260635,0.012374322415447631,0.03097775742212494,0.015540473430617548,1.910137000028044
885.0,0.2558212632630873,4.0,0.028363580680694354,0.012343463994803391,0.030933053719625965,0.015553009802738348,1.9102721000090241
886.0,0.2558117016142803,4.0,0.02832839174076447,0.01231276058489136,0.030888539166478345,0.015565588382399794,1.9104124000295997
887.0,0.255802167446087,3.9999999999999996,0.028293334104090836,0.012282210957602874,0.030844212759167152,0.015578208742242458,1.9107149001210928
888.0,0.25579266060309175,4.0,0.02825840731529672,0.012251813897857271,0.030800073502914624,0.015590870457780251,1.910886300029233
889.0,0.2557831809309891,3.9999999999999996,0.028223610920984653,0.01222156820345255,0.03075612041156632,0.015603573107385534,1.911288000177592
890.0,0.2557737282765733,3.999999999999999,0.028188944469711902,0.012191472684918133,0.030712352507478263,0.015616316272274187,1.9114969000220299
891.0,0.2557643024877272,4.000000000000001,0.02815440751196745,0.012161526165368808,0.030668768821406563,0.015629099536490318,1.9116447002161294
892.0,0.2557549034134122,3.9999999999999996,0.02811999960014928,0.012131727480360463,0.030625368392398628,0.01564192248689149,1.9117807000875473
893.0,0.25574553090365704,4.000000000000001,0.028085720288541026,0.012102075477747762,0.03058215026768505,0.015654784713133293,1.91191630018875
894.0,0.25573618480954813,4.0,0.028051569133291272,0.012072569017542433,0.030539113502574777,0.015667685807654468,1.9121054001152515
895.0,0.25572686498321884,3.999999999999999,0.028017545692391146,0.0120432069717744,0.030496257160350367,0.015680625365661394,1.912250000052154
896.0,0.25571757127783995,4.0,0.02798364952565368,0.012013988224353362,0.030453580312165572,0.015693602985113693,1.9123864001594484
897.0,0.2557083035476092,4.0,0.027949880194693445,0.01198491167093249,0.030411082036944537,0.015706618266708428,1.9125252000521868
898.0,0.25569906164774187,3.999999999999999,0.027916237262906155,0.011955976218773472,0.030368761421282017,0.01571967081386494,1.9126677000895143
899.0,0.2556898454344608,4.0,0.02788272029544922,0.01192718078661325,0.030326617559345653,0.015732760232710273,1.912805100204423
900.0,0.25568065476498736,4.0,0.02784932885922257,0.01189852430453181,0.0302846495527794,0.01574588613206337,1.9129473001230508
901.0,0.2556714894975311,4.0,0.02781606252284966,0.011870005713821827,0.03024285651060832,0.015759048123420043,1.9130855000112206
902.0,0.25566234949128147,4.000000000000001,0.02778292085665931,0.011841623966859812,0.030201237549145294,0.015772245820938058,1.9132228000089526
903.0,0.2556532346063979,4.0,0.027749903432667616,0.011813378026978365,0.030159791791898583,0.015785478841421972,1.9133620001375675
904.0,0.25564414470400104,4.0,0.027717009824560237,0.01178526686834018,0.030118518369481016,0.01579874680430756,1.9134967001155019
905.0,0.25563507964616367,4.000000000000002,0.027684239607675444,0.011757289475813245,0.030077416419520723,0.015812049331647524,1.9136304000858217
906.0,0.255626039295902,3.999999999999999,0.027651592358987148,0.011729444844847649,0.030036485086572955,0.015825386048095365,1.9137640001717955
907.0,0.25561702351716675,3.999999999999999,0.027619067657088322,0.011701731981353559,0.029995723522033186,0.01583875658089095,1.9138972000218928
908.0,0.2556080321748345,3.9999999999999996,0.027586665082175037,0.011674149901580872,0.029955130884051835,0.015852160559845306,1.9140306999906898
909.0,0.25559906513469943,4.0,0.02755438421603078,0.011646697631999783,0.029914706337450074,0.015865597617325554,1.9141786000691354
910.0,0.2555901222634648,4.000000000000001,0.02752222464201084,0.011619374209183199,0.029874449053636797,0.015879067388239843,1.9143155000638217
911.0,0.25558120342873447,3.9999999999999996,0.027490185945027366,0.011592178679690113,0.02983435821052704,0.0158925695100226,1.9144512000493705
912.0,0.2555723084990046,4.000000000000001,0.027458267711534274,0.011565110099950662,0.0297944329924613,0.015906103622618892,1.9145851000212133
913.0,0.2555634373436563,4.0,0.027426469529513615,0.01153816753615183,0.02975467259012686,0.01591966936847014,1.914718999993056
914.0,0.2555545898329463,3.999999999999999,0.027394790988460448,0.011511350064125502,0.02971507620047904,0.015933266392499153,1.9148531001992524
915.0,0.25554576583800054,4.0,0.027363231679369632,0.011484656769236686,0.029675643026664675,0.01594689434209477,1.9149861000478268
916.0,0.25553696523080516,3.999999999999999,0.027331791194722278,0.011458086746273723,0.02963637227794643,0.01596055286709781,1.9151196000166237
917.0,0.25552818788419934,4.0,0.027300469128472196,0.011431639099339601,0.029597263169627918,0.015974241619785244,1.9152536001056433
918.0,0.25551943367186775,4.0,0.02726926507603341,0.011405312941744286,0.02955831492298056,0.015987960254856437,1.9153878001961857
919.0,0.25551070246833263,4.0,0.02723817863426703,0.011379107395898523,0.029519526765170768,0.01600170842941769,1.9155217001680285
920.0,0.2555019941489466,4.000000000000001,0.027207209401469156,0.01135302159320891,0.029480897929188985,0.016015485802968014,1.9156551000196487
921.0,0.2554933085898854,3.9999999999999996,0.02717635697735872,0.011327054673973842,0.029442427653779277,0.016029292037384207,1.9157885001040995
922.0,0.25548464566814033,3.999999999999999,0.027145620963065387,0.011301205787281042,0.029404115183369987,0.016043126796906292,1.9159218000713736
923.0,0.25547600526151126,4.000000000000001,0.027115000961118234,0.011275474090905926,0.02936595976800577,0.016056989748123075,1.9160615000873804
924.0,0.2554673872485997,4.0,0.02708449657543441,0.011249858751211346,0.02932796066328044,0.016070880559957586,1.9161999002099037
925.0,0.25545879150880135,4.0,0.027054107411307614,0.011224358943048598,0.029290117130270486,0.01608479890365272,1.9163344001863152
926.0,0.25545021792229966,4.0,0.02702383307539754,0.011198973849659231,0.02925242843547013,0.016098744452756365,1.9164672000333667
927.0,0.25544166637005855,4.0,0.02699367317571922,0.011173702662578222,0.02921489385072708,0.016112716883107836,1.9166007000021636
928.0,0.255433136733816,3.999999999999999,0.026963627321632582,0.011148544581538192,0.029177512653179256,0.016126715872822904,1.9167335000820458
929.0,0.25542462889607725,3.9999999999999987,0.026933695123831994,0.011123498814374947,0.029140284125192262,0.01614074110227979,1.9168670000508428
930.0,0.2554161427401079,4.0,0.02690387619433651,0.011098564576933676,0.029103207554298096,0.016154792254104856,1.916999900015071
931.0,0.255407678149928,4.0,0.026874170146480265,0.011073741092976626,0.029066282233134844,0.016168869013158553,1.917132600210607
932.0,0.25539923501030515,4.0,0.026844576594902483,0.011049027594091659,0.02902950745938665,0.016182971066521327,1.9172650000546128
933.0,0.255390813206748,4.0,0.026815095155538326,0.011024423319602036,0.028992882535725215,0.01619709810347954,1.9173972001299262
934.0,0.2553824126255005,3.9999999999999987,0.026785725445609844,0.010999927516476906,0.028956406769751947,0.01621124981551136,1.9175302002113312
935.0,0.2553740331535349,4.0,0.02675646708361657,0.010975539439243419,0.028920079473940676,0.01622542589627315,1.917664100183174
936.0,0.2553656746785466,4.0,0.026727319689327338,0.010951258349899075,0.028883899965581848,0.016239626041585055,1.91779790003784
937.0,0.2553573370889469,4.0,0.02669828288377114,0.0109270835178259,0.028847867566726824,0.016253849949417937,1.917931400006637
938.0,0.25534902027385814,3.9999999999999996,0.026669356289228983,0.010903014219705017,0.0288119816041335,0.016268097319878962,1.9180715000256896
939.0,0.25534072412310654,3.9999999999999996,0.026640539529225394,0.01087904973943269,0.028776241409212415,0.016282367855198127,1.9182126000523567
940.0,0.2553324485272175,3.999999999999999,0.02661183222852065,0.010855189368036786,0.02874064631797394,0.016296661259714743,1.9183484001550823
941.0,0.25532419337740875,4.000000000000001,0.02658323401310257,0.010831432403594856,0.028705195670975975,0.01631097723986392,1.9184835001360625
942.0,0.25531595856558564,3.999999999999999,0.026554744510179026,0.010807778151152539,0.0286698888132726,0.016325315504162354,1.9186174999922514
943.0,0.25530774398433437,4.000000000000001,0.026526363348169924,0.010784225922643685,0.028634725094363187,0.016339675763196115,1.9190262001939118
944.0,0.25529954952691714,4.000000000000001,0.02649809015670031,0.010760775036810362,0.028599703868142742,0.016354057729605936,1.9192251001950353
945.0,0.2552913750872664,3.999999999999999,0.02646992456659267,0.010737424819124913,0.028564824492852494,0.01636846111807496,1.9193703001365066
946.0,0.255283220559979,4.0,0.02644186620985982,0.010714174601712291,0.028530086331031372,0.016382885645314767,1.919510900042951
947.0,0.2552750858403112,4.0,0.026413914719698103,0.010691023723273232,0.028495488749468313,0.01639733103005237,1.9196456000208855
948.0,0.25526697082417327,3.9999999999999996,0.026386069730480445,0.010667971529008762,0.028461031119155152,0.016411796993017484,1.9197796999942511
949.0,0.2552588754081238,4.000000000000001,0.026358330877749494,0.010645017370545299,0.028426712815240063,0.016426283256928832,1.9199134001974016
950.0,0.2552507994893648,3.999999999999999,0.026330697798211324,0.010622160605860584,0.028392533216982017,0.016440789546481302,1.9200472000520676
951.0,0.2552427429657363,4.0,0.026303170129728572,0.010599400599210872,0.028358491707705425,0.016455315588333477,1.9201818001456559
952.0,0.2552347057357112,3.9999999999999996,0.02627574751131449,0.010576736721058345,0.028324587674755895,0.016469861111094088,1.9203160000033677
953.0,0.25522668769839035,4.000000000000001,0.026248429583126443,0.010554168348000126,0.028290820509456336,0.01648442584530959,1.9204495002049953
954.0,0.2552186887534974,4.0,0.02622121598646024,0.010531694862697321,0.028257189607063953,0.016499009523451364,1.920979600166902
955.0,0.25521070880137386,4.0,0.026194106363743582,0.010509315653805739,0.02822369436672737,0.016513611879902846,1.9211850001011044
956.0,0.255202747742974,4.0,0.02616710035853074,0.01048703011590677,0.028190334191445034,0.01652823265094727,1.9213285001460463
957.0,0.25519480547986023,4.0,0.026140197615496488,0.01046483764943941,0.028157108488023636,0.016542871574754803,1.921468900050968
958.0,0.25518688191419814,3.999999999999999,0.02611339778043068,0.010442737660632884,0.028124016667037482,0.016557528391370223,1.92160790017806
959.0,0.2551789769487517,3.9999999999999996,0.026086700500232506,0.010420729561440486,0.02809105814278826,0.016572202842700293,1.9217484002001584
960.0,0.25517109048687864,3.999999999999999,0.026060105422905423,0.01039881276947347,0.028058232333265563,0.01658689467250169,1.9218874000944197
961.0,0.25516322243252565,4.0,0.026033612197551473,0.010376986707936525,0.028025538660107714,0.016601603626368505,1.9220454001333565
962.0,0.2551553726902239,4.000000000000001,0.026007220474366297,0.010355250805563447,0.027992976548563392,0.01661632945172023,1.9221867001615465
963.0,0.2551475411650846,4.0,0.025980929904634072,0.010333604496553806,0.027960545427453774,0.01663107189778953,1.9223266001790762
964.0,0.2551397277627938,4.000000000000001,0.025954740140722132,0.010312047220510394,0.027928244729134858,0.016645830715609787,1.9224654000718147
965.0,0.2551319323896089,4.000000000000001,0.02592865083607656,0.010290578422377229,0.02789607388946103,0.016660605658003876,1.9226043000817299
966.0,0.25512415495235347,3.999999999999999,0.025902661645216967,0.010269197552378491,0.027864032347748424,0.01667539647957133,1.9227427002042532
967.0,0.2551163953584129,4.0,0.025876772223731703,0.010247904065958225,0.02783211954673908,0.016690202936677057,1.9228817000985146
968.0,0.25510865351573075,4.0,0.025850982228273638,0.010226697423720319,0.02780033493256596,0.01670502478743952,1.923034000210464
969.0,0.2551009293328035,4.0,0.02582529131655514,0.010205577091369746,0.027768677954717783,0.016719861791718624,1.9231742001138628
970.0,0.2550932227186773,3.999999999999999,0.025799699147343834,0.010184542539654234,0.027737148066004927,0.016734713711104174,1.923313400009647
971.0,0.25508553358294256,4.0,0.02577420538045784,0.010163593244306815,0.027705744722525346,0.016749580308904544,1.9234505000058562
972.0,0.255077861835731,4.000000000000001,0.025748809676761936,0.010142728685988473,0.02767446738363148,0.016764461350134558,1.9235887001268566
973.0,0.255070207387711,3.999999999999999,0.02572351169816301,0.010121948350232345,0.027643315511897276,0.016779356601504588,1.9237324001733214
974.0,0.2550625701500831,3.9999999999999996,0.02569831110760569,0.010101251727388067,0.02761228857308554,0.01679426583140896,1.9238697001710534
975.0,0.2550549500345767,4.0,0.02567320756906856,0.01008063831256665,0.027581386036116203,0.016809188809914378,1.9240167001262307
976.0,0.2550473469534458,3.999999999999999,0.025648200747560104,0.010060107605586394,0.02755060737303481,0.016824125308748696,1.9241587000433356
977.0,0.2550397608194645,4.0,0.025623290309114213,0.010039659110919414,0.02751995205898102,0.016839075101290287,1.9242982000578195
978.0,0.2550321915459242,4.000000000000001,0.025598475920787025,0.01001929233763832,0.027489419572158502,0.016854037962556162,1.924436000175774
979.0,0.2550246390466289,3.9999999999999996,0.025573757250652623,0.009999006799364076,0.02745900939380437,0.016869013669190833,1.9245744000654668
980.0,0.2550171032358912,4.0,0.025549133967799068,0.009978802014214482,0.027428721008159223,0.016884001999456208,1.9247105000540614
981.0,0.2550095840285294,3.9999999999999987,0.025524605742325256,0.009958677504752633,0.027398553902438165,0.01689900273321956,1.9248447001446038
982.0,0.2550020813398627,3.999999999999999,0.02550017224533663,0.009938632797936846,0.02736850756680135,0.01691401565194342,1.9249894001986831
983.0,0.25499459508570804,4.000000000000001,0.025475833148941935,0.00991866742507049,0.02733858149432562,0.016929040538674358,1.9251263001933694
984.0,0.25498712518237676,3.999999999999999,0.02545158812624981,0.009898780921752778,0.02730877518097648,0.01694407717803232,1.9252610001713037
985.0,0.25497967154667006,4.000000000000001,0.02542743685136464,0.009878972827830226,0.02727908812557972,0.016959125356200037,1.9253950000274926
986.0,0.2549722340958762,3.9999999999999987,0.025403378999384003,0.009859242687348183,0.02724951982979467,0.01697418486091245,1.925529400119558
987.0,0.25496481274776606,4.000000000000001,0.02537941424639422,0.009839590048503736,0.027220069798086333,0.016989255481445725,1.9256637000944465
988.0,0.2549574074205907,4.000000000000001,0.0253555422694682,0.009820014463598162,0.027190737537699593,0.017004337008607505,1.9257970000617206
989.0,0.2549500180330768,4.0,0.025331762746661192,0.009800515488991038,0.027161522558632183,0.017019429234725773,1.9259305000305176
990.0,0.254942644504424,3.999999999999999,0.02530807535700795,0.009781092685054062,0.02713242437360899,0.017034531953638795,1.9260749001987278
991.0,0.2549352867543006,4.000000000000001,0.025284479780519373,0.009761745616125911,0.02710344249805634,0.017049644960684902,1.9262097000610083
992.0,0.2549279447028412,3.9999999999999996,0.025260975698179727,0.009742473850467216,0.027074576450077003,0.017064768052691984,1.9263444000389427
993.0,0.25492061827064216,4.0,0.025237562791942978,0.009723276960216552,0.027045825750424825,0.017079901027967605,1.9264775000046939
994.0,0.2549133073787594,4.0,0.02521424074473016,0.009704154521346693,0.027017189922480537,0.0170950436862889,1.926612000213936
995.0,0.2549060119487042,3.999999999999999,0.025191009240426138,0.009685106113621254,0.02698866849222723,0.017110195828892207,1.9267450000625104
996.0,0.25489873190244033,3.999999999999999,0.02516786796387663,0.009666131320552223,0.02696026098822651,0.017125357258463685,1.9269204000011086
997.0,0.2548914671623807,4.0,0.025144816600885418,0.009647229729357628,0.026931966941594974,0.017140527779128407,1.9272626000456512
998.0,0.25488421765138425,4.000000000000001,0.025121854838211284,0.009628400930919918,0.02690378588598079,0.017155707196441827,1.9274189001880586
999.0,0.2548769832927527,4.0,0.025098982363565222,0.009609644519744873,0.026875717357540817,0.01717089531737862,1.92757000005804
1000.0,0.2548697640102271,4.0,0.025076198865607534,0.009590960093920822,0.026847760894917815,0.017186091950324132,1.9277184000238776
1001.0,0.25486255972798527,4.0,0.025053504033945073,0.009572347255078505,0.026819916039218152,0.017201296905064042,1.9278641000855714
1002.0,0.25485537037063805,4.0,0.025030897559128476,0.00955380560835138,0.02679218233398971,0.017216509992774617,1.9280075000133365
1003.0,0.2548481958632269,4.0,0.025008379132649552,0.009535334762336294,0.02676455932520019,0.017231731026014177,1.9281513001769781
1004.0,0.2548410361312204,4.0,0.02498594844693832,0.009516934329054866,0.02673704656121544,0.01724695981871209,1.9282940002158284
1005.0,0.25483389110051113,4.000000000000001,0.024963605195360533,0.009498603923915099,0.026709643592778373,0.017262196186160903,1.9284381000325084
1006.0,0.2548267606974135,4.0,0.02494134907221512,0.009480343165673399,0.02668234997298807,0.017277439945005777,1.9285805001854897
1007.0,0.2548196448486594,3.999999999999999,0.02491917977273128,0.009462151676397535,0.026655165257278984,0.01729269091323585,1.9287352000828832
1008.0,0.2548125434813965,4.000000000000002,0.02489709699306616,0.009444029081429339,0.02662808900340066,0.017307948910174897,1.9288818000350147
1009.0,0.25480545652318504,4.000000000000001,0.024875100430302367,0.009425975009348279,0.02660112077139772,0.01732321375647215,1.929026400204748
1010.0,0.25479838390199455,3.999999999999999,0.024853189782445186,0.009407989091935538,0.026574260123589818,0.01733848527409269,1.929169800132513
1011.0,0.2547913255462014,3.9999999999999996,0.024831364748420123,0.009390070964138367,0.02654750662455207,0.01735376328630933,1.9293140000663698
1012.0,0.25478428138458564,3.999999999999999,0.02480962502807069,0.009372220264034585,0.026520859841095878,0.017369047617692868,1.9294516001828015
1013.0,0.25477725134632856,4.0,0.024787970322155694,0.009354436632798141,0.026494319342249713,0.017384338094103342,1.9295900000724941
1014.0,0.25477023536100973,4.000000000000001,0.024766400332346932,0.00933671971466456,0.026467884699240322,0.01739963454268123,1.929727500071749
1015.0,0.25476323335860435,4.000000000000001,0.02474491476122683,0.00931906915689688,0.026441555485474152,0.017414936791838847,1.9298658000770956
1016.0,0.25475624526948026,4.000000000000001,0.02472351331228596,0.009301484609752348,0.02641533127651896,0.017430244671250806,1.930004500085488
1017.0,0.25474927102439543,4.000000000000001,0.024702195689920704,0.0092839657264491,0.026389211650085693,0.017445558011846544,1.930143600096926
1018.0,0.25474231055449525,4.0,0.02468096159943098,0.009266512163133372,0.026363196186010626,0.01746087664580026,1.9302821001037955
1019.0,0.2547353637913101,4.0,0.024659810747017924,0.009249123578847175,0.026337284466237735,0.01747620040652357,1.9304257000330836
1020.0,0.2547284306667521,4.0,0.02463874283978152,0.009231799635496361,0.026311476074801197,0.017491529128656022,1.9305632000323385
1021.0,0.25472151111311336,4.0,0.02461775758571846,0.009214539997818903,0.0262857705978083,0.01750686264805759,1.930701400153339
1022.0,0.25471460506306265,4.000000000000001,0.024596854693719743,0.009197344333353756,0.02626016762342231,0.017522200801799136,1.9308529000263661
1023.0,0.2547077124496433,4.0,0.02457603387356866,0.009180212312409878,0.02623466674184591,0.017537543428154945,1.93099410017021
1024.0,0.2547008332062701,4.0,0.02455529483593812,0.009163143608035952,0.026209267545304265,0.017552890366593875,1.9311346001923084
1025.0,0.2546939672667279,3.999999999999999,0.024534637292389062,0.009146137895990104,0.02618396962802918,0.017568241457771715,1.931272700196132
1026.0,0.25468711456516757,4.0,0.024514060955367737,0.009129194854710185,0.026158772586242496,0.017583596543522102,1.931410500081256
1027.0,0.25468027503610496,4.0,0.024493565538203952,0.009112314165284319,0.02613367601814053,0.017598955466849274,1.931547800078988
1028.0,0.25467344861441743,4.0,0.024473150755108586,0.00909549551142185,0.02610867952387801,0.017614318071919315,1.9316860001999885
1029.0,0.2546666352353421,3.999999999999999,0.02445281632117162,0.00907873857942471,0.02608378270555273,0.017629684204052663,1.9318234000820667
1030.0,0.2546598348344729,3.9999999999999996,0.02443256195235997,0.009062043058159015,0.026058985167190143,0.01764505370971553,1.9319609000813216
1031.0,0.2546530473477587,4.0,0.024412387365515466,0.009045408639026895,0.026034286514728257,0.017660426436512604,1.932099300203845
1032.0,0.2546462727115004,4.000000000000001,0.02439229227835257,0.00902883501593901,0.02600968635600254,0.01767580223317882,1.9322361000813544
1033.0,0.2546395108623492,3.9999999999999996,0.02437227640945657,0.009012321885286983,0.02598518430073137,0.017691180949571537,1.9324686999898404
1034.0,0.2546327617373035,3.999999999999999,0.02435233947828106,0.008995868945916613,0.025960779960501057,0.01770656243666303,1.9326212001033127
1035.0,0.2546260252737073,4.0,0.0243324812051464,0.008979475899100768,0.02593647294875181,0.017721946546532308,1.932771900203079
1036.0,0.2546193014092477,4.0,0.024312701311237354,0.008963142448513393,0.025912262880763332,0.017737333132357962,1.9329139001201838
1037.0,0.25461259008195236,4.000000000000002,0.024292999518601036,0.008946868300203137,0.025888149373640635,0.01775272204841029,1.9330587000586092
1038.0,0.25460589123018756,4.0,0.024273375550145138,0.008930653162567621,0.025864132046300392,0.01776811315004398,1.9331962000578642
1039.0,0.2545992047926558,3.9999999999999996,0.024253829129635637,0.008914496746328065,0.02584021051945699,0.017783506293689886,1.933334100060165
1040.0,0.2545925307083936,4.0,0.024234359981694882,0.008898398764504142,0.025816384415609076,0.017798901336848975,1.9334682000335306
1041.0,0.25458586891676954,4.0,0.02421496783179966,0.008882358932388873,0.02579265335902611,0.017814298138083266,1.933602400124073
1042.0,0.2545792193574816,4.0,0.024195652406279213,0.008866376967524268,0.02576901697573522,0.017829696557009556,1.933735600207001
1043.0,0.25457258197055566,4.000000000000001,0.02417641343231314,0.008850452589677048,0.025745474893508032,0.017845096454292178,1.933869200060144
1044.0,0.2545659566963428,4.0,0.024157250637929593,0.008834585520814404,0.025722026741847797,0.017860497691635027,1.9340030001476407
1045.0,0.25455934347551723,4.000000000000001,0.024138163752003065,0.008818775485080673,0.025698672151976538,0.0178759001317746,1.9341371001210064
1046.0,0.2545527422490746,4.0,0.024119152504252856,0.008803022208773478,0.025675410756822684,0.017891303638473518,1.934271100210026
1047.0,0.2545461529583294,4.0,0.024100216625240603,0.00878732542032104,0.025652242191008253,0.017906708076512786,1.9344039000570774
1048.0,0.2545395755449133,4.0,0.024081355846368866,0.008771684850258808,0.0256291660908369,0.017922113311684452,1.934537900146097
1049.0,0.25453300995077294,3.999999999999999,0.02406256989987881,0.00875610023120726,0.02560618209428148,0.01793751921078544,1.9346702999901026
1050.0,0.25452645611816765,4.000000000000001,0.02404385851884836,0.008740571297849407,0.025583289840972093,0.017952925641609933,1.93481450015679
1051.0,0.25451991398966795,4.000000000000001,0.024025221437190544,0.008725097786908617,0.02556048897218435,0.01796833247294297,1.9349609999917448
1052.0,0.25451338350815317,3.9999999999999996,0.024006658389651298,0.008709679437126914,0.025537779130827457,0.01798373957455301,1.9351038001477718
1053.0,0.2545068646168094,4.000000000000001,0.023988169111807556,0.008694315989243594,0.025515159961432634,0.017999146817185327,1.935237400000915
1054.0,0.2545003572591279,3.999999999999999,0.02396975334006569,0.008679007185973468,0.025492631110141797,0.01801455407255594,1.9353715002071112
1055.0,0.2544938613789025,4.0,0.023951410811659062,0.008663752771986373,0.025470192224695914,0.018029961213343704,1.9356066000182182
1056.0,0.2544873769202287,4.0,0.023933141264646757,0.008648552493885915,0.025447842954424205,0.018045368113184485,1.9357490001711994
1057.0,0.25448090382750066,3.9999999999999996,0.02391494443791124,0.008633406100189143,0.025425582950232718,0.018060774646664217,1.935885600047186
1058.0,0.2544744420454099,3.9999999999999996,0.02389682007115671,0.008618313341306208,0.0254034118645936,0.018076180689312618,1.9360203000251204
1059.0,0.2544679915189433,4.0,0.023878767904907113,0.008603273969520302,0.025381329351534126,0.01809158611759596,1.9361547001171857
1060.0,0.25446155219338096,3.9999999999999996,0.023860787680504373,0.008588287738967809,0.025359335066626135,0.018106990808911438,1.9362889002077281
1061.0,0.2544551240142948,4.0,0.023842879140106438,0.008573354405618667,0.025337428666975338,0.018122394641580143,1.9364216001704335
1062.0,0.25444870692754645,4.0,0.02382504202668552,0.00855847372725707,0.025315609811210962,0.018137797494841016,1.936554100131616
1063.0,0.25444230087928543,3.999999999999999,0.023807276084026236,0.008543645463462243,0.0252938781594754,0.0181531992488441,1.9366875002160668
1064.0,0.25443590581594716,4.0,0.02378958105672355,0.00852886937558972,0.025272233373413836,0.018168599784644655,1.9368342000525445
1065.0,0.25442952168425154,3.999999999999999,0.023771956690181225,0.008514145226752416,0.025250675116164377,0.018183998984196596,1.93697000015527
1066.0,0.2544231484312009,4.0,0.023754402730609796,0.008499472781802263,0.025229203052347878,0.018199396730346432,1.9371045001316816
1067.0,0.25441678600407824,4.0,0.02373691892502485,0.00848485180731203,0.025207816848058246,0.018214792906826913,1.9372384999878705
1068.0,0.2544104343504455,4.000000000000001,0.023719505021244987,0.008470282071557193,0.0251865161708524,0.01823018739825113,1.937372000189498
1069.0,0.25440409341814196,4.000000000000001,0.02370216076789026,0.008455763344498065,0.025165300689740894,0.01824558009010622,1.9375062000472099
1070.0,0.2543977631552822,4.000000000000001,0.023684885914380175,0.008441295397762309,0.025144170075178215,0.01826097086874755,1.9376407000236213
1071.0,0.2543914435102546,4.0,0.02366768021093186,0.008426878004627467,0.025123123999053337,0.018276359621392294,1.937774799996987
1072.0,0.2543851344317195,4.0,0.02365054340855822,0.008412510940003875,0.025102162134680382,0.018291746236113897,1.9379086000844836
1073.0,0.25437883586860777,4.000000000000001,0.023633475259066252,0.008398193980417327,0.02508128415678939,0.01830713060183597,1.938042800175026
1074.0,0.25437254777011875,4.0,0.023616475515055243,0.008383926903992618,0.025060489741517325,0.018322512608326257,1.9381760000251234
1075.0,0.25436627008571894,4.0,0.023599543929914597,0.0083697094904369,0.025039778566398673,0.018337892146191366,1.938309600111097
1076.0,0.25436000276514,3.9999999999999996,0.023582680257822532,0.008355541521023042,0.02501915031035692,0.01835326910687001,1.9384439000859857
1077.0,0.25435374575837727,4.000000000000001,0.023565884253743785,0.008341422778573655,0.024998604653695307,0.018368643382628162,1.9385772000532597
1078.0,0.2543474990156885,3.9999999999999996,0.02354915567342829,0.008327353047444919,0.02497814127808853,0.018384014866552858,1.938710300019011
1079.0,0.2543412624875913,4.0,0.02353249427340879,0.008313332113510905,0.024957759866573545,0.018399383452546637,1.9388558000791818
1080.0,0.2543350361248627,4.0,0.023515899810999597,0.008299359764147658,0.0249374601035415,0.018393715809031097,1.938990900060162
1081.0,0.2543288198785367,4.0,0.023499372044294455,0.008285435788218004,0.024917241674728995,0.018346306917437827,1.9391249001491815
1082.0,0.25432261369990283,4.000000000000001,0.023482910732164727,0.008271559976056147,0.0248971042672097,0.018299007655658978,1.9392589000053704
1083.0,0.2543164175405051,4.000000000000001,0.023466515634257813,0.008257732119452441,0.02487704756938618,0.018251817731255365,1.9393923000898212
1084.0,0.25431023135213965,4.000000000000001,0.02345018651099512,0.008243952011638708,0.02485707127098161,0.01820473685099991,1.9395261001773179
1085.0,0.2543040550868539,4.0,0.02343392312357034,0.008230219447273231,0.024837175063031607,0.01815776472089725,1.9396596001461148
1086.0,0.2542978886969446,3.999999999999999,0.023417725233947778,0.008216534222426306,0.024817358637876378,0.018110901046200834,1.9397931001149118
1087.0,0.2542917321349563,3.9999999999999996,0.023401592604860265,0.008202896134565874,0.024797621689152498,0.018064145531432263,1.93992600007914
1088.0,0.2542855853536804,3.999999999999999,0.023385524999807634,0.008189304982543071,0.02477796391178526,0.018017497880398636,1.940059400163591
1089.0,0.25427944830615273,4.0,0.02336952218305482,0.008175760566578398,0.024758385001980836,0.0179709577962108,1.9401923001278192
1090.0,0.254273320945653,3.9999999999999996,0.02335358391963004,0.008162262688247561,0.0247388846572185,0.01792452498130004,1.9403756000101566
1091.0,0.25426720322570256,3.999999999999999,0.023337709975323046,0.00814881115046784,0.024719462576243075,0.017878199137436296,1.9405106999911368
1092.0,0.2542610951000633,4.0,0.023321900116683243,0.008135405757484589,0.024700118459057303,0.01783197996574515,1.9406440001912415
1093.0,0.25425499652273625,4.0,0.023306154111018013,0.008122046314857613,0.02468085200691447,0.017785867166724117,1.9407872001174837
1094.0,0.2542489074479602,4.0,0.023290471726390958,0.00810873262944785,0.024661662922310996,0.01773986044025974,1.9409233001060784
1095.0,0.25424282783020963,3.9999999999999996,0.023274852731619805,0.008095464509404607,0.024642550908978954,0.017693959485644117,1.9410581002011895
1096.0,0.25423675762419407,4.000000000000002,0.02325929689627492,0.00808224176415221,0.024623515671878995,0.017648164001591166,1.9411942001897842
1097.0,0.25423069678485655,4.000000000000001,0.023243803990677506,0.008069064204377214,0.02460455691719315,0.017602473686252784,1.9413288000505418
1098.0,0.25422464526737154,4.000000000000001,0.023228373785897642,0.008055931642015983,0.024585674352317673,0.01755688823723453,1.9415026002097875
1099.0,0.2542186030271446,4.0,0.023213006053752625,0.008042843890241902,0.024566867685856034,0.017511407351611497,1.9416450001299381
1100.0,0.2542125700198099,4.000000000000002,0.02319770056680497,0.008029800763453212,0.024548136627611825,0.01746603072594391,1.9417824000120163
1101.0,0.2542065462012298,3.9999999999999996,0.02318245709836109,0.008016802077260401,0.024529480888582197,0.017420758056291397,1.9419239000417292
1102.0,0.2542005315274928,3.999999999999999,0.023167275422468925,0.008003847648474642,0.024510900180950635,0.017375589038230416,1.9420581001322716
1103.0,0.25419452595491265,3.999999999999999,0.023152155313916525,0.007990937295095405,0.024492394218080433,0.01733052336686683,1.9421924999915063
1104.0,0.25418852944002657,4.0,0.02313709654823013,0.007978070836298874,0.024473962714507948,0.017285560736851585,1.9423265000805259
1105.0,0.2541825419395945,4.000000000000001,0.023122098901672505,0.007965248092426045,0.024455605385935993,0.01724070084239593,1.9425390001852065
1106.0,0.2541765634105974,4.0,0.023107162151241024,0.00795246888497137,0.024437321949227243,0.01719594337728425,1.9427164001390338
1107.0,0.2541705938102358,3.999999999999999,0.02309228607466584,0.007939733036571325,0.024419112122397654,0.01715128803488994,1.9428861001506448
1108.0,0.25416463309592874,3.9999999999999996,0.023077470450408262,0.007927040370993042,0.024400975624610178,0.017106734508188337,1.9430305000860244
1109.0,0.2541586812253124,4.0,0.02306271505765879,0.007914390713123234,0.024382912176168225,0.01706228248977129,1.9431671001948416
1110.0,0.25415273815623896,4.0,0.023048019676335525,0.007901783888957098,0.024364921498509523,0.01701793167185972,1.9433062002062798
1111.0,0.25414680384677507,3.9999999999999996,0.02303338408708223,0.007889219725587466,0.0243470033141997,0.01697368174631858,1.9437118000350893
1112.0,0.25414087825520065,4.000000000000001,0.023018808071266487,0.007876698051194085,0.024329157346926093,0.016929532404669517,1.9438578002154827
1113.0,0.2541349613400079,4.000000000000001,0.02300429141097818,0.007864218695032845,0.024311383321491777,0.016885483338103635,1.9440834000706673
1114.0,0.25412905305989986,4.0,0.02298983388902747,0.007851781487425274,0.024293680963809298,0.016841534237495098,1.9442315001506358
1115.0,0.25412315337378877,4.0,0.022975435288942938,0.007839386259748412,0.02427605000089464,0.01679768479341401,1.944410900119692
1116.0,0.25411726224079567,3.999999999999999,0.022961095394970148,0.007827032844423987,0.024258490160861436,0.01675393469613848,1.9445514001417905
1117.0,0.25411137962024843,4.0,0.022946813992069458,0.007814721074908798,0.024241001172914837,0.016710283635667705,1.9446888000238687
1118.0,0.25410550547168115,3.999999999999999,0.02293259086591456,0.007802450785684273,0.024223582767345812,0.016666731301734655,1.9448728000279516
1119.0,0.2540996397548322,4.0,0.02291842580289041,0.007790221812246844,0.024206234675525216,0.01662327738381708,1.9452785002067685
1120.0,0.25409378242964387,4.0,0.02290431859009175,0.007778033991097817,0.02418895662989819,0.016579921571150624,1.9455050001852214
1121.0,0.2540879334562605,4.000000000000001,0.02289026901532102,0.007765887159733925,0.024171748363978264,0.016536663552740694,1.945653900038451
1122.0,0.254082092795028,4.0,0.022876276867086792,0.007753781156637557,0.024154609612341865,0.016493503017373623,1.9457955001853406
1123.0,0.2540762604064916,4.0,0.022862341934601748,0.007741715821267453,0.02413754011062255,0.016450439653628413,1.9459356002043933
1124.0,0.254070436251396,4.0,0.022848464007781198,0.007729690994049077,0.02412053959550566,0.016407473149888996,1.9460754999890924
1125.0,0.25406462029068316,4.0,0.022834642877241074,0.007717706516365582,0.024103607804722683,0.0163646031943544,1.9462887002155185
1126.0,0.25405881248549167,4.000000000000001,0.02282087833429622,0.00770576223054848,0.024086744477045834,0.01632182947505051,1.946720200125128
1127.0,0.25405301279715553,4.0,0.02280717017095854,0.007693857979868714,0.02406994935228262,0.016279151679841036,1.9468822001945227
1128.0,0.2540472211872029,4.0,0.022793518179935284,0.007681993608527674,0.024053222171270535,0.01623656949643887,1.9470302001573145
1129.0,0.2540414376173552,3.9999999999999996,0.02277992215462731,0.007670168961648101,0.02403656267587173,0.01619408261241545,1.9471738000866026
1130.0,0.2540356620495257,4.0,0.02276638188912707,0.007658383885265818,0.0240199706089677,0.016151690715213135,1.9473172000143677
1131.0,0.2540298944458187,4.000000000000001,0.022752897178217123,0.0076466382263206106,0.02400344571445417,0.016109393492153984,1.9474600001703948
1132.0,0.25402413476852825,4.0,0.022739467817368186,0.007634931832647842,0.023986987737235847,0.01606719063045159,1.9476031002122909
1133.0,0.2540183829801371,3.999999999999999,0.02272609360273729,0.007623264552970106,0.023970596423221247,0.016025081817219844,1.9477460000198334
1134.0,0.25401263904331556,3.9999999999999996,0.022712774331166145,0.007611636236888742,0.023954271519317748,0.015983066739484714,1.9478890001773834
1135.0,0.2540069029209206,3.999999999999999,0.02269950980017921,0.007600046734875574,0.02393801277342639,0.01594114508419267,1.9480320001021028
1136.0,0.25400117457599464,3.9999999999999996,0.022686299807982053,0.007588495898264796,0.023921819934437014,0.015899316538220853,1.948172900127247
1137.0,0.2539954539717645,3.999999999999999,0.022673144153459463,0.007576983579244737,0.023905692752223213,0.015857580788387338,1.9484780000057071
1138.0,0.2539897410716402,4.000000000000001,0.022660042636173643,0.007565509630850197,0.023889630977637438,0.01581593752146007,1.9486309001222253
1139.0,0.2539840358392145,4.000000000000001,0.022646995056362584,0.007554073906954103,0.023873634362506186,0.015774386424166897,1.9487722001504153
1140.0,0.253978338238261,4.0,0.022634001214938124,0.007542676262260091,0.023857702659625096,0.01573292718320357,1.9489122000522912
1141.0,0.2539726482327337,4.0,0.022621060913484148,0.007531316552294598,0.02384183562275411,0.015691559485245227,1.949049700051546
1142.0,0.2539669657867658,4.0,0.022608173954254962,0.007519994633399241,0.023826033006612866,0.01565028301695312,1.9491879001725465
1143.0,0.2539612908646687,4.000000000000001,0.022595340140173312,0.007508710362723316,0.02381029456687581,0.015609097464984706,1.9493263000622392
1144.0,0.25395562343093103,4.000000000000001,0.02258255927482884,0.007497463598216278,0.023794620060167724,0.015568002516002488,1.9494644000660628
1145.0,0.2539499634502176,3.999999999999999,0.02256983116247609,0.007486254198620412,0.0237790092440589,0.015526997856682462,1.9496023000683635
1146.0,0.253944310887368,4.0,0.022557155608032745,0.007475082023463591,0.02376346187706058,0.015486083173722881,1.9497407001908869
1147.0,0.25393866570739665,4.0,0.022544532417077993,0.007463946933051868,0.023747977718620483,0.015445258153852615,1.9498787000775337
1148.0,0.25393302787549077,3.9999999999999996,0.022531961395850696,0.007452848788462531,0.023732556529118255,0.015404522483839223,1.9500338002108037
1149.0,0.2539273973570098,3.999999999999999,0.022519442351247407,0.007441787451537009,0.023717198069860803,0.015363875850498199,1.9501761000137776
1150.0,0.25392177411748446,4.0,0.022506975090820856,0.007430762784873948,0.023701902103078102,0.015323317940699993,1.9503149001393467
1151.0,0.2539161581226159,3.9999999999999996,0.022494559422778074,0.007419774651822112,0.023686668391918603,0.01528284844137856,1.9504535000305623
1152.0,0.2539105493382744,4.0,0.022482195155978563,0.00740882291647386,0.02367149670044491,0.015242467039539548,1.950590900145471
1153.0,0.2539049477304988,4.0,0.022469882099932593,0.007397907443658086,0.02365638679362939,0.015202173422267207,1.950724700000137
1154.0,0.25389935326549506,4.000000000000001,0.022457620064799347,0.007387028098933929,0.023641338437349897,0.015161967276733856,1.950857800198719
1155.0,0.25389376590963586,3.999999999999999,0.02244540886138527,0.007376184748583818,0.02362635139838551,0.015121848290204937,1.9509906000457704
1156.0,0.2538881856294594,3.9999999999999987,0.022433248301142066,0.007365377259607242,0.023611425444412137,0.015081816150049193,1.9511239000130445
1157.0,0.2538826123916683,4.0,0.02242113819616514,0.007354605499714217,0.02359656034399849,0.015041870543744423,1.9512570002116263
1158.0,0.2538770461631293,4.0,0.02240907835919181,0.007343869337318691,0.0235817558666018,0.01500201115888486,1.95138890016824
1159.0,0.25387148691087136,4.0,0.022397068603599354,0.007333168641532655,0.023567011782563645,0.014962237683189439,1.9515221000183374
1160.0,0.25386593460208573,4.000000000000001,0.022385108743403385,0.007322503282159593,0.02355232786310586,0.01492254980450744,1.9516550002153963
1161.0,0.2538603892041245,4.0,0.02237319859325612,0.007311873129688499,0.023537703880326527,0.014882947210827002,1.9517879001796246
1162.0,0.2538548506844999,4.0,0.02236133796844444,0.0073012780552876464,0.023523139607195716,0.014843429590280871,1.9519217000342906
1163.0,0.2538493190108831,4.0,0.02234952668488819,0.007290717930798758,0.02350863481755161,0.014803996631153893,1.9524482002016157
1164.0,0.25384379415110375,4.000000000000001,0.02233776455913845,0.007280192628730879,0.023494189286096447,0.014764648021889593,1.9526302001904696
1165.0,0.2538382760731492,3.9999999999999996,0.022326051408375864,0.007269702022254482,0.023479802788392682,0.014725383451096197,1.9528093000408262
1166.0,0.25383276474516253,4.0,0.02231438705040851,0.007259245985195831,0.023465475100858724,0.014686202607554627,1.952953200088814
1167.0,0.2538272601354432,4.0,0.022302771303670543,0.007248824392031058,0.02345120600076539,0.014647105180223302,1.9530931001063436
1168.0,0.2538217622124454,3.999999999999999,0.022291203987220218,0.007238437117880442,0.023436995266231803,0.014608090858245548,1.9532334001269192
1169.0,0.25381627094477693,4.000000000000001,0.022279684920738094,0.007228084038503046,0.02342284267622158,0.014569159330955705,1.953597400104627
1170.0,0.25381078630119897,4.000000000000001,0.022268213924525455,0.007217765030290665,0.023408748010539056,0.014530310287884873,1.9537498001009226
1171.0,0.2538053082506249,4.000000000000001,0.02225679081950232,0.007207479970262843,0.023394711049825403,0.014491543418767572,1.9538934000302106
1172.0,0.25379983676211954,4.0,0.02224541542720587,0.007197228736061121,0.023380731575554963,0.01445285841354732,1.9540332001633942
1173.0,0.25379437180489806,4.0,0.022234087569788435,0.00718701120594375,0.02336680937003128,0.014414254962383272,1.9541721001733094
1174.0,0.2537889133483257,3.9999999999999996,0.022222807070016136,0.007176827258780229,0.023352944216383724,0.014375732755654874,1.9543128001969308
1175.0,0.2537834613619165,3.9999999999999996,0.0222115737512667,0.007166676774046322,0.023339135898563488,0.014337291483968978,1.9544528000988066
1176.0,0.2537780158153323,4.000000000000001,0.02220038743752794,0.007156559631818597,0.02332538420134005,0.014298930838164081,1.9546017001848668
1177.0,0.25377257667838293,4.000000000000001,0.02218924795339603,0.00714647571276928,0.023311688910297577,0.014260650509317685,1.9547432002145797
1178.0,0.253767143921024,4.000000000000001,0.022178155124073565,0.007136424898161376,0.023298049811831208,0.014222450188749819,1.954882200108841
1179.0,0.2537617175133573,3.999999999999999,0.022167108775368004,0.00712640706984335,0.023284466693143532,0.014184329568030202,1.9550211001187563
1180.0,0.253756297425629,4.0,0.02215610873368964,0.007116422110244498,0.023270939342240896,0.014146288338982738,1.9551588001195341
1181.0,0.25375088362822995,3.9999999999999996,0.022145154826050263,0.007106469902369594,0.023257467547930108,0.014108326193690873,1.9552978000137955
1182.0,0.25374547609169384,4.000000000000001,0.022134246880061013,0.007096550329794349,0.023244051099814658,0.014070442824502899,1.955436000134796
1183.0,0.25374007478669713,4.000000000000001,0.02212338472393087,0.007086663276660442,0.02323068978829138,0.014032637924037389,1.9555860001128167
1184.0,0.25373467968405794,4.0,0.022112568186464805,0.007076808627670794,0.02321738340454693,0.013994911185187309,1.9557277001440525
1185.0,0.25372929075473527,4.000000000000001,0.022101797097062056,0.007066986268084867,0.023204131740554326,0.0139572623011264,1.9558672001585364
1186.0,0.2537239079698287,4.0,0.022091071285714414,0.007057196083713957,0.023190934589069574,0.013919690965312842,1.956005500163883
1187.0,0.25371853130057653,4.000000000000001,0.022080390583004376,0.007047437960916655,0.023177791743628155,0.013882196871494973,1.9561443000566214
1188.0,0.25371316071835665,3.999999999999999,0.02206975482010362,0.007037711786594181,0.02316470299854185,0.0138447797137152,1.9562828000634909
1189.0,0.253707796194684,4.0,0.022059163828770916,0.007028017448186031,0.02315166814889507,0.013807439186315718,1.9564207000657916
1190.0,0.25370243770121137,4.000000000000002,0.022048617441350817,0.007018354833665317,0.023138686990541894,0.013770174983942257,1.9565656001213938
1191.0,0.2536970852097278,3.999999999999999,0.022038115490771632,0.007008723831534434,0.023125759320102492,0.013732986801548913,1.9567062000278383
1192.0,0.25369173869215766,4.000000000000001,0.02202765781054361,0.00699912433082092,0.02311288493495981,0.013695874334403113,1.9568459000438452
1193.0,0.25368639812056093,4.0,0.022017244234757608,0.006989556221072668,0.02310006363325657,0.013658837278088892,1.9569848000537604
1194.0,0.25368106346713126,4.0,0.022006874598082888,0.006980019392354171,0.02308729521389169,0.013621875328513,1.957122800173238
1195.0,0.2536757347041962,4.0,0.021996548735765755,0.006970513735241898,0.023074579476517313,0.013584988181907204,1.9572608000598848
1196.0,0.25367041180421573,4.0,0.02198626648362756,0.006961039140820382,0.023061916221535406,0.0135481755348347,1.9574002001900226
1197.0,0.2536650947397824,4.0,0.021976027678063274,0.006951595500677847,0.023049305250094795,0.013511437084191447,1.9575459000188857
1198.0,0.25365978348361967,4.0,0.021965832156039398,0.006942182706902434,0.02303674636408774,0.013474772527213214,1.9576880000531673
1199.0,0.25365447800858176,4.0,0.02195567975509249,0.0069328006520778624,0.02302423936614692,0.013438181561477885,1.9578250001650304
1200.0,0.2536491782876532,4.000000000000001,0.021945570313327455,0.006923449229279567,0.02301178405964238,0.01340166388490957,1.9579646000638604
1201.0,0.2536438842939472,4.000000000000001,0.021935503669415678,0.00691412833207076,0.022999380248678276,0.013365219195782957,1.958100400166586
1202.0,0.25363859600070593,4.0,0.021925479662593388,0.006904837854498475,0.022987027738089832,0.013328847192726978,1.9582332000136375
1203.0,0.2536333133812995,4.0,0.02191549813265996,0.006895577691089746,0.022974726333440335,0.013292547574728975,1.9583668000996113
1204.0,0.2536280364092249,4.0,0.021905558919976177,0.0068863477368477045,0.022962475841018,0.013256320041137415,1.9585003000684083
1205.0,0.25362276505810577,4.000000000000001,0.02189566186546249,0.00687714788724788,0.02295027606783296,0.013220164291666614,1.9586436001118273
1206.0,0.25361749930169164,4.0,0.021885806810597413,0.0068679780382343535,0.0229381268216143,0.013184080026400063,1.958779799984768
1207.0,0.2536122391138573,4.0,0.021875993597415683,0.006858838086216171,0.022926027910806997,0.013148066945793208,1.958914500195533
1208.0,0.25360698446860175,4.0,0.02186622206850662,0.006849727928063596,0.02291397914456894,0.013112124750678328,1.959047800162807
1209.0,0.25360173534004804,3.9999999999999996,0.02185649206701245,0.0068406474611045565,0.022901980332768045,0.013076253142267097,1.9591812000144273
1210.0,0.25359649170244236,3.999999999999999,0.021846803436626597,0.006831596583120874,0.022890031285979242,0.013035860682869438,1.9593146000988781
1211.0,0.25359125353015327,4.000000000000001,0.021837156021591874,0.006822575192345076,0.02287813181548154,0.012994281792254037,1.9594490001909435
1212.0,0.25358602079767156,3.9999999999999996,0.021827549666699066,0.006813583187456419,0.022866281733255264,0.012952781422360504,1.9595912001095712
1213.0,0.25358079347960893,3.999999999999999,0.02181798421728482,0.006804620467577905,0.022854480851978887,0.012911359267935935,1.9597281999886036
1214.0,0.25357557155069754,3.9999999999999996,0.02180845951923029,0.006795686932272448,0.02284272898502639,0.012870015024079334,1.9598634000867605
1215.0,0.25357035498578995,4.0,0.021798975418959442,0.006786782481539714,0.022831025946464436,0.012828748386246924,1.9599970001727343
1216.0,0.25356514375985756,3.9999999999999996,0.021789531763437092,0.006777907015812657,0.02281937155104926,0.012787559050255304,1.9601297001354396
1217.0,0.2535599378479907,4.000000000000001,0.021780128400167468,0.006769060435954232,0.022807765614224082,0.012746446712284837,1.9606761001050472
1218.0,0.2535547372253978,4.0,0.021770765177192546,0.006760242643254086,0.0227962079521163,0.012705411068883649,1.9609422001522034
1219.0,0.2535495418674044,4.0,0.02176144194309016,0.006751453539425326,0.022784698381534532,0.012664451816971234,1.9611086000222713
1220.0,0.25354435174945317,4.0,0.021752158546972506,0.006742693026601315,0.022773236719965985,0.01262356865384201,1.961256000213325
1221.0,0.25353916684710287,3.999999999999999,0.02174291483848437,0.006733961007332461,0.022761822785573607,0.012582761277167981,1.9614047000650316
1222.0,0.25353398713602754,4.0,0.02173371066780152,0.006725257384583122,0.022750456397193426,0.01254202938500365,1.961553500033915
1223.0,0.2535288125920167,4.0,0.021724545885629047,0.006716582061728269,0.02273913737433177,0.012501372675787437,1.9617014001123607
1224.0,0.253523643190974,4.0,0.02171542034319963,0.006707934942550715,0.022727865537162554,0.012460790848346448,1.9619106000754982
1225.0,0.2535184789089166,3.999999999999999,0.0217063338922719,0.006699315931237923,0.022716640706524592,0.012420283601899257,1.9620627001859248
1226.0,0.2535133197219751,4.0,0.021697286385128734,0.006690724932379009,0.02270546270391887,0.01237985063605937,1.9622161001898348
1227.0,0.25350816560639267,3.9999999999999996,0.021688277674575783,0.0066821618509615875,0.022694331351506013,0.012339491650836865,1.9623722000978887
1228.0,0.2535030165385245,4.0,0.02167930761393954,0.006673626592369158,0.02268324647210345,0.012299206346644276,1.9628171999938786
1229.0,0.2534978724948369,3.9999999999999996,0.02167037605706592,0.00666511906237788,0.022672207889182932,0.012258994424296649,1.963004000019282
1230.0,0.25349273345190715,4.0,0.021661482858318395,0.0066566391671538435,0.022661215426867738,0.012218855585016453,1.9631684999912977
1231.0,0.25348759938642285,4.0,0.0216526278725766,0.00664818681325009,0.02265026890993026,0.012178789530435441,1.9633380000013858
1232.0,0.2534824702751812,3.999999999999999,0.02164381095523447,0.006639761907603944,0.02263936816378929,0.012138795962598786,1.9635078001301736
1233.0,0.2534773460950884,4.000000000000001,0.021635031962198632,0.006631364357534135,0.022628513014507395,0.012098874583966246,1.9636860000900924
1234.0,0.2534722268231592,4.0,0.02162629074988694,0.006622994070737837,0.022617703288788496,0.01205902509741616,1.963864500168711
1235.0,0.25346711243651643,3.9999999999999996,0.02161758717522664,0.006614650955288271,0.02260693881397522,0.012019247206247557,1.9640374002046883
1236.0,0.25346200291239007,4.0,0.021608921095652694,0.006606334919631853,0.02259621941804627,0.011979540614183604,1.9642132001463324
1237.0,0.2534568982281171,4.000000000000001,0.021600292369106447,0.006598045872585348,0.022585544929614135,0.011939905025373287,1.9643997000530362
1238.0,0.25345179836114073,4.0,0.021591700854033658,0.006589783723333422,0.022574915177922327,0.011900340144394339,1.9645866001956165
1239.0,0.25344670328900987,3.999999999999999,0.02158314640938312,0.006581548381425887,0.022564329992843066,0.011860845676256393,1.964792100014165
1240.0,0.2534416129893786,4.0,0.02157462889460483,0.006573339756775287,0.022553789204874646,0.01182142132640246,1.964989700121805
1241.0,0.25343652744000567,4.0,0.02156614816964856,0.006565157759654093,0.02254329264513909,0.011782066800711977,1.9651866999920458
1242.0,0.25343144661875383,4.000000000000001,0.02155770409496212,0.006557002300692259,0.02253284014537959,0.011742781805503422,1.965393700171262
1243.0,0.2534263705035896,4.0,0.021549296531489827,0.006548873290874675,0.022522431537958135,0.011703566047535918,1.965597900096327
1244.0,0.2534212990725822,3.9999999999999996,0.021540925340670772,0.0065407706415388355,0.022512066655853,0.011664419234012485,1.9658102001994848
1245.0,0.2534162323039035,4.0,0.0215325903844373,0.00653269426437215,0.02250174533265636,0.011625341072581702,1.9660388000775129
1246.0,0.25341117017582715,4.000000000000001,0.021524291525213388,0.006524644071409627,0.022491467402571883,0.011586331271340122,1.9662341000512242
1247.0,0.2534061126667287,4.0,0.021516028625913113,0.006516619975031361,0.022481232700412364,0.011547389538834274,1.9664279001299292
1248.0,0.25340105975508403,4.000000000000001,0.021507801549938872,0.006508621887960286,0.022471041061597228,0.011508515584063433,1.9666227002162486
1249.0,0.2533960114194697,4.000000000000001,0.021499610161179936,0.006500649723259708,0.02246089232215025,0.011469709116480875,1.966822100104764
1250.0,0.2533909676385621,4.000000000000001,0.021491454324010874,0.006492703394331031,0.022450786318697246,0.011430969845996647,1.9670115001499653
1251.0,0.253385928391137,4.0,0.021483333903289808,0.006484782814911329,0.02244072288846352,0.011392297482979347,1.9671983001753688
1252.0,0.25338089365606875,4.000000000000001,0.02147524876435689,0.006476887899071243,0.02243070186927167,0.011353691738258231,1.9673850000835955
1253.0,0.25337586341233054,3.999999999999999,0.021467198773032936,0.006469018561212457,0.022420723099539366,0.011315152323124578,1.9675716001074761
1254.0,0.2533708376389927,4.0,0.021459183795617384,0.00646117471606578,0.0224107864182767,0.011276678949334734,1.9677615000400692
1255.0,0.25336581631522376,4.000000000000001,0.02145120369888723,0.006453356278688571,0.022400891665084282,0.011238271329111343,1.9679422001354396
1256.0,0.25336079942028833,3.999999999999999,0.02144325835009511,0.00644556316446275,0.022391038680150653,0.011199929175144535,1.968121899990365
1257.0,0.2533557869335476,4.0,0.021435347616967727,0.006437795289092765,0.022381227304250073,0.011161652200595645,1.9683021001983434
1258.0,0.2533507788344588,3.999999999999999,0.021427471367704596,0.006430052568603027,0.02237145737874041,0.011123440119096467,1.9684743001125753
1259.0,0.2533457751025741,4.000000000000001,0.021419629470976018,0.006422334919336196,0.02236172874556056,0.011085292644753358,1.968847000040114
1260.0,0.25334077571754116,3.9999999999999996,0.021411821795922017,0.006414642257950748,0.0223520412472286,0.011047209492147214,1.9690666000824422
1261.0,0.2533357806591013,4.0,0.021404048212150296,0.006406974501419197,0.022342394726839153,0.01100919037633638,1.9692437001504004
1262.0,0.25333078990709024,4.0,0.021396308589735076,0.006399331567025718,0.022332789028061472,0.010971235012857045,1.9694099000189453
1263.0,0.25332580344143707,3.999999999999999,0.02138860279921532,0.006391713372364332,0.022323223995137045,0.010933343117726202,1.9695773001294583
1264.0,0.2533208212421635,4.000000000000001,0.02138093071159315,0.006384119835336901,0.0223136994728774,0.010895514407442353,1.9697412000969052
1265.0,0.2533158432893841,4.000000000000001,0.021373292198332578,0.006376550874150888,0.022304215306662073,0.010857748598987194,1.9699064001906663
1266.0,0.25331086956330534,4.000000000000001,0.021365687131357662,0.006369006407317536,0.022294771342436195,0.010820045409826978,1.9700719001702964
1267.0,0.2533059000442251,4.0,0.02135811538305109,0.006361486353649985,0.022285367426708464,0.010782404557914349,1.9702357000205666
1268.0,0.25330093471253246,4.000000000000001,0.02135057682625267,0.00635399063226125,0.02227600340654897,0.010744825761689808,1.9704022000078112
1269.0,0.2532959735487071,4.0,0.02134307133425771,0.0063465191625621704,0.022266679129586926,0.010707308740082494,1.9708371001761407
1270.0,0.2532910165333188,4.000000000000001,0.02133559878081559,0.006339071864259735,0.022257394444008694,0.010669853212512015,1.9710358001757413
1271.0,0.25328606364702716,3.9999999999999996,0.021328159040128195,0.0063316486573551005,0.022248149198555566,0.010632458898890196,1.9712166001554579
1272.0,0.25328111487058086,4.0,0.02132075198684832,0.006324249462141718,0.022238943242521583,0.01059512551962169,1.9713948999997228
1273.0,0.25327617018481746,4.0,0.021313377496078274,0.006316874199203457,0.02222977642575152,0.010557852795605255,1.9715709001757205
1274.0,0.2532712295706629,4.0,0.021306035443368305,0.006309522789412876,0.022220648598638763,0.01052064044823553,1.9717463999986649
1275.0,0.25326629300913106,4.0,0.02129872570471509,0.006302195153929355,0.022211559612123184,0.01048348819940409,1.971921700052917
1276.0,0.2532613604813231,4.000000000000001,0.021291448156560124,0.006294891214197366,0.022202509317688995,0.010446395771500583,1.9720978001132607
1277.0,0.25325643196842734,4.0,0.021284202675788483,0.006287610891944577,0.02219349756736287,0.010409362887413398,1.972275400068611
1278.0,0.25325150745171876,4.0,0.02127698913972702,0.006280354109180231,0.022184524213711653,0.010372389270531829,1.9724747000727803
1279.0,0.25324658691255825,4.0,0.021269807426143036,0.006273120788193396,0.022175589109840434,0.010335474644746101,1.9726480001118034
1280.0,0.25324167033239264,4.0,0.021262657413242767,0.006265910851551171,0.022166692109390485,0.010298618734449427,1.972818800015375
1281.0,0.25323675769275394,4.0,0.02125553897966987,0.006258724222097039,0.022157833066537205,0.010261821264538479,1.9729881000239402
1282.0,0.25323184897525897,3.9999999999999996,0.02124845200450391,0.006251560822949203,0.022149011835988067,0.01022508196041419,1.9731575001496822
1283.0,0.25322694416160907,4.0,0.02124139636725889,0.006244420577498974,0.02214022827298065,0.010188400547983506,1.9733192999847233
1284.0,0.25322204323358966,3.9999999999999996,0.02123437194788187,0.0062373034094088805,0.02213148223328063,0.010151776753659858,1.9734827000647783
1285.0,0.25321714617306945,4.000000000000001,0.021227378626751257,0.0062302092426114375,0.022122773573179676,0.010115210304364353,1.973645000020042
1286.0,0.2532122529620007,4.000000000000001,0.0212204162846756,0.006223138001307092,0.02211410214949361,0.01007870092752619,1.9738062000833452
1287.0,0.2532073635824182,4.0,0.021213484802891952,0.006216089609962978,0.022105467819560333,0.01004224835108411,1.9739675000309944
1288.0,0.2532024780164391,4.0,0.021206584063064443,0.0062090639933112,0.022096870441237884,0.0100058523034873,1.9741280002053827
1289.0,0.25319759624626254,4.0,0.021199713947282765,0.0062020610763471535,0.02208830987290236,0.00996951251369535,1.9742837001103908
1290.0,0.253192718254169,4.000000000000001,0.021192874338060805,0.0061950807843282425,0.022079785973446148,0.009933228711180658,1.9744547000154853
1291.0,0.2531878440225206,4.0,0.02118606511833524,0.006188123042771978,0.022071298602275916,0.00989700062592741,1.9746121000498533
1292.0,0.25318297353375946,4.0,0.021179286171463835,0.0061811877774549115,0.02206284761931055,0.00986082798843374,1.9747619000263512
1293.0,0.2531781067704086,4.0,0.021172537381224207,0.006174274914410743,0.022054432884979342,0.009824710529711983,1.9749112999998033
1294.0,0.25317324371507044,4.0,0.021165818631812335,0.006167384379929016,0.02204605426022005,0.009788647981289367,1.9750616000965238
1295.0,0.25316838435042754,4.0,0.021159129807841136,0.006160516100553592,0.022037711606477006,0.009752640075208763,1.9752071001566947
1296.0,0.2531635286592409,4.0,0.021152470794338903,0.006153670003081229,0.02202940478569909,0.009716686544029046,1.9753535999916494
1297.0,0.25315867662435076,4.000000000000001,0.02114584147674806,0.0061468460145600624,0.022021133660338005,0.009602601004607636,1.9755009000655264
1298.0,0.2531538282286757,3.9999999999999996,0.02113924174092358,0.006140044062288268,0.022012898093346254,0.009430887216978934,1.975647000130266
1299.0,0.25314898345521186,4.0,0.021132671473131606,0.006133264073812637,0.02200469794817532,0.00925932614801328,1.9757935001980513
1300.0,0.2531441422870331,4.000000000000002,0.021126130560048,0.006126505976927083,0.021996533088773723,0.00908791739551082,1.975944000063464
1301.0,0.25313930470729074,4.0,0.021119618888757106,0.006119769699671265,0.02198840337958535,0.00891666055840229,1.9760865999851376
1302.0,0.2531344706992127,4.0,0.02111313634674994,0.0061130551703293835,0.02198030868554726,0.008745555236747249,1.9762278001289815
1303.0,0.2531296402461032,3.9999999999999996,0.02110668282192321,0.006106362317428599,0.021972248872088183,0.008574601031731549,1.9763717001769692
1304.0,0.2531248133313427,4.000000000000001,0.021100258202577618,0.00609969106973783,0.021964223805126453,0.008403797545664754,1.9765145999845117
1305.0,0.25311998993838725,4.000000000000001,0.02109386237741656,0.006093041356266309,0.021956233351068243,0.008233144381978114,1.976653299992904
1306.0,0.2531151700507684,4.0,0.021087495235544824,0.006086413106262289,0.021948277376805842,0.00806264114522201,1.9767899999860674
1307.0,0.2531103536520921,4.0,0.02108115666646683,0.006079806249211972,0.02194035574971554,0.007892287441064322,1.9769657000433654
1308.0,0.25310554072603964,4.0,0.021074846560085764,0.006073220714837721,0.021932468337656223,0.007722082876286951,1.9770994000136852
1309.0,0.25310073125636584,3.999999999999999,0.021068564806701735,0.006066656433097253,0.02192461500896723,0.007552027058784411,1.9772338001057506
1310.0,0.25309592522689955,4.0,0.021062311297010555,0.006060113334182151,0.021916795632466686,0.007382119597561326,1.977366000181064
1311.0,0.2530911226215433,4.0,0.02105608592210252,0.006053591348516522,0.021909010077449827,0.007212360102729659,1.977498000022024
1312.0,0.2530863234242726,3.9999999999999996,0.021049888573460674,0.006047090406756011,0.021901258213686967,0.007042748185507014,1.9776303002145141
1313.0,0.25308152761913555,4.0,0.021043719142959747,0.006040610439786323,0.021893539911421952,0.006873283458213669,1.9777626001741737
1314.0,0.25307673519025276,4.000000000000001,0.02103757752286459,0.006034151378722159,0.021885855041370257,0.0067039655342708004,1.9778951001353562
1315.0,0.25307194612181716,3.9999999999999996,0.021031463605829026,0.006027713154905805,0.021878203474717372,0.006534794028197677,1.978026500204578
1316.0,0.2530671603980928,4.000000000000001,0.021025377284894096,0.0060212956999063,0.021870585083116793,0.006365768555609941,1.978158500045538
1317.0,0.2530623780034157,4.000000000000001,0.02101931845348721,0.006014898945517784,0.02186299973868863,0.006196888733216055,1.9782923001330346
1318.0,0.25305759892219243,3.9999999999999987,0.021013287005420364,0.006008522823758696,0.021855447314017562,0.006028154178816386,1.9784359000623226
1319.0,0.25305282313890026,4.0,0.021007282834888886,0.006002167266870504,0.021847927682151207,0.005859564511299847,1.978570300154388
1320.0,0.253048050638087,4.000000000000001,0.021001305836470266,0.005995832207316419,0.021840440716598485,0.005691119350642038,1.9787030001170933
1321.0,0.2530432814043702,4.0,0.020995355905122696,0.005989517577780369,0.021832986291327863,0.005522818317902578,1.978885899996385
1322.0,0.25303851542243716,4.000000000000001,0.02098943293618354,0.005983223311165961,0.021825564280765482,0.005354661035223113,1.9790215000975877
1323.0,0.2530337526770444,3.9999999999999996,0.020983536825368413,0.005976949340595137,0.02181817455979379,0.00518664712582434,1.9791557001881301
1324.0,0.2530289931530174,3.999999999999999,0.020977667468769425,0.005970695599407246,0.021810817003749493,0.005018776214004483,1.9792887000367045
1325.0,0.2530242368352502,4.0,0.020971824762854044,0.005964462021157866,0.021803491488422047,0.004851047925136104,1.9794224000070244
1326.0,0.2530194837087052,4.0,0.02096600860446382,0.005958248539617784,0.021796197890052025,0.0046834618856643195,1.979556200094521
1327.0,0.2530147337584128,4.0,0.020960218890812975,0.005952055088771777,0.02178893608532934,0.004516017723104199,1.9797234002035111
1328.0,0.2530099869694709,4.0,0.020954455519487075,0.0059458816028176605,0.021781705951391592,0.00434871506603815,1.9798630999866873
1329.0,0.25300524332704477,4.0,0.020948718388441732,0.005939728016165277,0.021774507365822433,0.004181553544114092,1.979996900074184
1330.0,0.25300050281636643,4.0,0.020943007396001304,0.0059335942634353,0.02176734020664991,0.004014532788042563,1.9801295001525432
1331.0,0.25299576542273505,4.0,0.020937322440857605,0.005927480279458332,0.02176020435234483,0.003847652429594839,1.9802622001152486
1332.0,0.25299103113151555,4.0,0.02093166342206854,0.005921385999273784,0.021753099681819085,0.0036809121016001534,1.9804057001601905
1333.0,0.25298629992813926,4.000000000000001,0.020926030239056835,0.005915311358128949,0.021746026074424045,0.003514311437943368,1.9805410001426935
1334.0,0.25298157179810304,4.0,0.020920422791608793,0.005909256291477791,0.021738983409948922,0.003347850073562586,1.9806735999882221
1335.0,0.2529768467269691,3.9999999999999996,0.020914840979872878,0.00590322073498027,0.021731971568619144,0.0031815276444472074,1.9808054000604898
1336.0,0.2529721247003647,3.9999999999999996,0.02090928470435852,0.005897204624501101,0.021724990431094746,0.003015343787634961,1.9809388001449406
1337.0,0.25296740570398196,3.999999999999999,0.020903753865934786,0.00589120789610882,0.021718039878468737,0.0028492981412099605,1.9810704002156854
1338.0,0.25296268972357716,4.0,0.02089824836582913,0.005885230486074939,0.02171111979226557,0.0026833903443000406,1.9812032000627369
1339.0,0.2529579767449711,4.000000000000001,0.02089276810562614,0.005879272330872733,0.021704230054439493,0.0025176200370742585,1.9813367000315338
1340.0,0.2529532667540482,4.0,0.02088731298726618,0.005873333367176514,0.021697370547372957,0.0023519868607408956,1.9814685001038015
1341.0,0.25294855973675634,3.999999999999999,0.020881882913044113,0.005867413531860696,0.021690541153875018,0.0021864904575452093,1.9815997001715004
1342.0,0.25294385567910654,4.0,0.02087647778560811,0.005861512761998695,0.02168374175717979,0.002021130470766408,1.9817314001265913
1343.0,0.25293915456717286,4.0,0.020871097507958365,0.005855630994862075,0.021676972240944888,0.0018559065447156242,1.9818627000786364
1344.0,0.25293445638709205,3.9999999999999996,0.020865741983445884,0.00584976816791964,0.021670232489249906,0.0016908183247335562,1.981994700152427
1345.0,0.2529297611250629,4.0,0.020860411115770996,0.005843924218836575,0.021663522386594632,0.0015258654571883024,1.9821256999857724
1346.0,0.25292506876734633,4.0,0.02085510480898243,0.005838099085473427,0.02165684181789782,0.0013610475894723917,1.9822585000656545
1347.0,0.2529203793002652,4.0,0.02084982296747588,0.005832292705885305,0.021650190668495457,0.0011963643700008408,1.9823996000923216
1348.0,0.25291569271020337,3.999999999999999,0.020844565495992735,0.005826505018320939,0.021643568824139193,0.0010318154482087394,1.9825353000778705
1349.0,0.252911008983606,4.0,0.020839332299618908,0.005820735961221918,0.02163697617099492,0.0008674004745488906,1.9826694000512362
1350.0,0.2529063281069793,4.0,0.020834123283783555,0.005814985473221626,0.021630412595641135,0.0007031191004893134,1.9828014001250267
1351.0,0.2529016500668896,3.999999999999999,0.020828938354257965,0.005809253493144513,0.021623877985067576,0.0005389709785106611,1.982934300089255
1352.0,0.25289697484996376,4.0,0.02082377741715408,0.005803539960005302,0.021617372226673495,0.000374955762104473,1.9830652000382543
1353.0,0.25289230244288874,3.999999999999999,0.020818640378923572,0.00579784481300791,0.021610895208266357,0.00021107310577012095,1.9831962999887764
1354.0,0.2528876328324107,4.0,0.020813527146356318,0.005792167991544906,0.021604446818060136,4.732266501297766e-05,1.9833291000686586
1355.0,0.2528829660059945,4.0,0.020808431507476615,0.005786499427486469,0.021598018368027348,0.00011629590365852538,1.9836960001848638
1356.0,0.25287830195419286,4.0,0.020803357001752638,0.005780845067827241,0.02159161485949101,9.082311312719193e-05,1.98387370002456
1357.0,0.25287364066485,4.0,0.02079830496994047,0.005775207290535685,0.021585238216691213,7.707312350921369e-05,1.9840197002049536
1358.0,0.25286898212576014,4.000000000000001,0.020793275133681472,0.005769585753198421,0.021578888074886678,0.0001724181351584475,1.9841595999896526
1359.0,0.2528643263244163,3.9999999999999996,0.020788268641962926,0.005763982360574281,0.021572566045406617,1.3967191107272514e-05,1.9842990001197904
1360.0,0.25285967325195774,4.0,0.020783256333626918,0.005758347409252318,0.021566230748902,0.00014436036914222683,1.9844375001266599
1361.0,0.2528550229100713,4.0,0.02077826437724868,0.005752726001067874,0.021559919456579698,4.537891780792558e-05,1.9845756001304835
1362.0,0.2528503752874631,4.0,0.020773289346697418,0.005747112830365278,0.02155362744798568,0.00011721863223812523,1.9847158000338823
1363.0,0.2528457303749842,4.0,0.020768334920757286,0.005741514080426215,0.021547359915230428,0.0002796869509633648,1.984853700036183
1364.0,0.2528410881606902,3.9999999999999996,0.020763403385838857,0.005735933611630858,0.021541120086014588,0.0004420262124968377,1.9849913001526147
1365.0,0.2528364486318744,4.0,0.0207584946525908,0.005730371362644678,0.02153490785203083,0.0005937173721432543,1.98516060016118
1366.0,0.25283181177588726,4.0,0.020753608631986577,0.005724827272314502,0.021528723105365622,0.00043326268957305514,1.9854197001550347
1367.0,0.25282717758013556,4.0,0.020748745235322875,0.005719301279668437,0.0215225657384976,0.00027293893384194856,1.9857314000837505
1368.0,0.25282254603208265,4.000000000000002,0.020743904374218615,0.005713793323915168,0.021516435644296287,0.00011274575695549571,1.985886000096798
1369.0,0.2528179171196847,3.9999999999999996,0.020739076210829634,0.005708287102520554,0.021510319005616868,4.731718799816376e-05,1.9860264000017196
1370.0,0.252813290840524,4.0,0.020734247206496918,0.005702760241685858,0.021504196836763707,4.2637645725623896e-05,1.9861632001120597
1371.0,0.2528086671945613,4.0,0.020729412902980547,0.005697205876211294,0.021498063031310355,6.413063473550973e-05,1.9862988002132624
1372.0,0.2528040461865865,4.000000000000001,0.020724586666537693,0.005691646761386816,0.021491936519430654,2.150539015857711e-05,1.9864344000816345
1373.0,0.252799427810297,4.0,0.020719774909035968,0.005686093960104775,0.021485826416599768,0.00014256183267147282,1.9865698001813143
1374.0,0.25279481205723214,4.000000000000001,0.020714984030134567,0.005680557872306234,0.021479741644380886,6.531894015643358e-06,1.9867161000147462
1375.0,0.2527901989325751,4.0,0.02071009830293106,0.005674837059921664,0.021473517349836477,0.0001013909896181997,1.9868552000261843
1376.0,0.25278558848219457,3.9999999999999996,0.020705182756891313,0.005669046320005783,0.021467246660311155,2.2265850253777586e-05,1.9869904001243412
1377.0,0.2527809807426128,3.9999999999999996,0.02070018117050559,0.005663090085700115,0.021460850165138125,6.825250427924812e-05,1.9871251001022756
1378.0,0.2527763757473621,3.999999999999999,0.02069518277166,0.005657124095489204,0.0214544550847645,9.062093696135531e-05,1.9872579001821578
1379.0,0.2527717734967362,4.0,0.020690192094208085,0.005651156163404625,0.02144806785886358,0.00024935428516328906,1.9873907000292093
1380.0,0.2527671739832412,4.000000000000002,0.02068522305176738,0.005645209717817657,0.021441708081669043,0.00010802862515169043,1.987524500116706
1381.0,0.25276257719490963,3.9999999999999996,0.02068026358495846,0.005639265612187764,0.021435359072993446,5.570767184162606e-05,1.9876692001707852
1382.0,0.252757983130333,4.000000000000001,0.02067530239707553,0.005633306019210857,0.021429005247948267,3.451046210883879e-05,1.9878066000528634
1383.0,0.2527533917870264,4.0,0.020670355165951643,0.005627356619425732,0.02142266848944777,0.0001333945766160971,1.9879415000323206
1384.0,0.25274880315652026,4.0,0.02066542733045311,0.0056214258684079595,0.02141635626207793,0.00018854552898758814,1.988076200010255
1385.0,0.25274421722701174,4.0,0.020660520731173828,0.00561551665408424,0.02141007109225845,3.2333869189771214e-05,1.9882110999897122
1386.0,0.2527396339980648,4.0,0.020655535625813033,0.005609459702492016,0.02140367235179779,3.370848347178379e-05,1.9883449000772089
1387.0,0.2527350535251575,4.0,0.020650432763802976,0.005603194108284778,0.021397106289109857,4.8036684818453246e-05,1.9884778000414371
1388.0,0.2527304758719926,4.000000000000001,0.02064528781366965,0.0055968488560855095,0.021390479798899378,5.588139198051123e-05,1.9886187000665814
1389.0,0.25272590105549336,3.9999999999999996,0.020640141092690977,0.005590491496529048,0.021383849501410035,0.00021849299912354847,1.9887564000673592
1390.0,0.2527213290718667,4.0,0.02063501540958791,0.0055841586343703875,0.021377246983831755,0.00017722888547044846,1.9888909000437707
1391.0,0.2527167599083713,4.0,0.020629910682295576,0.005577850174985706,0.021370672131079106,2.632229809937381e-05,1.9890262000262737
1392.0,0.25271219360060154,4.0,0.020624443732892517,0.0055708866190422035,0.021363577813968165,8.50616139460858e-05,1.9891613000072539
1393.0,0.25270763034752985,3.999999999999999,0.020618860953916934,0.0055637126253159225,0.021356318156790514,6.995667703094122e-05,1.9892954002134502
1394.0,0.25270307020722105,4.0,0.020613231336504605,0.005556452734024843,0.02134899232089673,0.00021701478858687784,1.989429300185293
1395.0,0.25269851319195963,4.0,0.020607623036376213,0.005549223511405382,0.02134169648338477,5.7001021290720155e-05,1.9895635000430048
1396.0,0.25269395929613064,4.0,0.020601949392512333,0.0055418846466185525,0.021334310492914125,8.90070195755377e-05,1.9897072000894696
1397.0,0.25268940856179606,4.0,0.020596219804047956,0.005534453167756786,0.021326847917185286,1.5253966695355503e-05,1.9898429000750184
1398.0,0.25268486103140364,4.0,0.020590370383860142,0.005526826715659677,0.021319220578845617,8.138321472284105e-06,1.9899775001686066
1399.0,0.252680316754921,4.0,0.02058450818023098,0.005519180601027103,0.021311577405925403,0.0001557648633488673,1.9901129000354558
1400.0,0.25267577573371164,3.9999999999999996,0.02057866543554876,0.005511565288350029,0.02130396261346687,0.0002269156743860412,1.990252000046894
1401.0,0.2526712379540259,4.0,0.020572843842730545,0.005503983419730715,0.021296378501098414,7.221957344286101e-05,1.9903869000263512
1402.0,0.2526667034227804,4.0,0.020566777686499838,0.005495987133713526,0.02128845271455519,8.23191455865957e-05,1.9905211001168936
1403.0,0.2526621723207306,4.0,0.020560436736586044,0.00548753196313181,0.02128014487369741,9.637480842789037e-06,1.9906645000446588
1404.0,0.2526576448318419,4.0,0.020553580174014718,0.005478216418260895,0.02127111922525362,1.202902681207707e-05,1.990800900151953
1405.0,0.25265312120500594,4.000000000000001,0.020546591685304743,0.00546869438942293,0.021261915440701475,0.00014654425157006878,1.990942700067535
1406.0,0.2526486014914058,4.000000000000001,0.020539615532883672,0.005459202346120747,0.02125273385930776,0.0003049230151352944,1.9910769001580775
1407.0,0.25264408567706986,3.9999999999999996,0.02053266173121955,0.005449756494492055,0.021243588294305324,0.00046310737726007467,1.9912100001238286
1408.0,0.25263957374503393,4.0,0.02052573018887822,0.00544035662292954,0.02123447856603218,0.0006210980371871566,1.9913443000987172
1409.0,0.2526350656784296,3.9999999999999996,0.02051882081501034,0.005431002520435901,0.021225404495921453,0.0004934725022139319,1.9914788000751287
1410.0,0.2526305614604835,3.999999999999999,0.020511933519341746,0.005421693976628676,0.021216365906490845,0.00033758404541520126,1.9916185000911355
1411.0,0.2526260610745172,4.0,0.0205050682121647,0.005412430781744448,0.021207362621332763,0.00018187891500806574,1.9917560000903904
1412.0,0.2526215645039459,4.0,0.020498224804328884,0.005403212726643043,0.02119839446510422,2.6356477515143695e-05,1.9918911000713706
1413.0,0.252617071784246,3.9999999999999996,0.020490967979448053,0.005393326544056165,0.021188858863695002,1.1520528688496734e-05,1.992025800049305
1414.0,0.2526125831450864,4.0,0.020483519995000973,0.005383147834664752,0.02117906683485985,0.00017101546143841184,1.9921604001428932
1415.0,0.2526080986500795,3.9999999999999996,0.020476094766549918,0.005373021068471601,0.02116931298580501,0.00033029557545100063,1.9922949001193047
1416.0,0.25260361828116906,4.000000000000001,0.020468692199684363,0.005362946002241588,0.021159597117818157,0.00044207389910530526,1.992429600097239
1417.0,0.25259914202040595,3.999999999999999,0.020461312200649107,0.005352922393427039,0.0211499190334735,0.0002917543786215837,1.9925639000721276
1418.0,0.2525946698499458,3.999999999999999,0.020453954676333024,0.005342950000173691,0.02114027853661918,0.00014162659293656676,1.9927660000976175
1419.0,0.25259020175291025,4.000000000000002,0.02044651445022251,0.0053328494921696425,0.021130528551583653,8.31015434193949e-06,1.9929043999873102
1420.0,0.2525857380672958,4.000000000000001,0.020437075166336856,0.0053193728295746045,0.02111799632196481,7.098254868340148e-05,1.9930411002133042
1421.0,0.25258127972836836,3.999999999999999,0.02042738990251484,0.005305526996844939,0.021105138590959686,0.00022479744872253016,1.9931760001927614
1422.0,0.25257682681199833,4.0,0.02041773222210051,0.005291761486434044,0.021092333411045543,0.0003783447485573854,1.9933099001646042
1423.0,0.25257237929275533,4.0,0.020408101998319272,0.005278075897349829,0.02107958045958193,0.0005316255946841708,1.9934447000268847
1424.0,0.25256793714538456,4.0,0.020398499105499995,0.005264469829930615,0.021066879416452113,0.0006846411271559938,1.993619300192222
1425.0,0.25256350034480574,4.0,0.020388923419054517,0.005250942885845771,0.021054229964035352,0.0008373924796294674,1.9938131000380963
1426.0,0.2525590688661116,4.0,0.020379374815458103,0.005237494668096474,0.021041631787180076,0.0009898807794104514,1.9939743999857455
1427.0,0.2525546426845662,4.000000000000001,0.020369853172229776,0.005224124781016596,0.021029084573177006,0.0011421071474996825,1.9941160001326352
1428.0,0.25255022177560355,4.000000000000002,0.02036035836791384,0.005210832830273439,0.021016588011733367,0.0012940726986376827,1.9942507999949157
1429.0,0.25254580611482613,4.0,0.02035089028206121,0.005197618422868471,0.0210041417949469,0.001445778541348669,1.9943857002072036
1430.0,0.2525413956780032,4.0,0.020341448795211665,0.005184481167138183,0.020991745617280823,0.0015972257779851562,1.994518700055778
1431.0,0.2525369904410696,4.000000000000001,0.02033203378887629,0.005171420672754536,0.020979399175538847,0.0017484155047713112,1.994650400010869
1432.0,0.25253259038012443,4.0,0.020322645145520603,0.005158436550725775,0.02096710216884097,0.0018993488118463353,1.994783400092274
1433.0,0.25252819547142935,4.0,0.020313282748547698,0.005145528413396909,0.02095485429859918,0.002050026783306791,1.9949165000580251
1434.0,0.25252380569140714,4.000000000000001,0.020303946482282245,0.005132695874450466,0.020942655268494068,0.002200450497249068,1.9950489001348615
1435.0,0.25251942101664054,4.000000000000002,0.02029463623195458,0.005119938548906712,0.020930504784451437,0.0023506210258112115,1.9951817002147436
1436.0,0.25251504142387105,3.999999999999999,0.020285351883685323,0.005107256053124233,0.020918402554619457,0.0025005394352148325,1.9953255001455545
1437.0,0.25251066688999685,4.0,0.02027609332447022,0.005094648004800416,0.020906348289346052,0.0026502067858052702,1.995464300038293
1438.0,0.2525062973920723,4.0,0.020266860442165618,0.00508211402297155,0.020894341701156838,0.0027996241320932813,1.9955994000192732
1439.0,0.2525019329073062,3.999999999999999,0.020257653125474027,0.005069653728013163,0.020882382504733156,0.0029487925227948686,1.995733000105247
1440.0,0.25249757341306034,4.0,0.020248471263930038,0.005057266741640456,0.02087047041689054,0.0030977130008708054,1.995918600121513
1441.0,0.2524932188868487,4.000000000000001,0.020239314747886875,0.005044952686907946,0.02085860515655759,0.0032455644904622882,1.9960537999868393
1442.0,0.2524888693063356,4.0,0.0202301834685029,0.005032711188210004,0.02084678644475503,0.003389946926667886,1.9961866000667214
1443.0,0.2524845246493349,4.0,0.02022107731772863,0.005020541871280607,0.02083501400457511,0.003534096635956052,1.996320700040087
1444.0,0.25248018489380836,4.0,0.020211996188293967,0.005008444363193372,0.02082328756116126,0.003678014559213655,1.9964537001214921
1445.0,0.25247585001786466,4.000000000000001,0.020202939973695936,0.00499641829236131,0.02081160684168822,0.00382170163246337,1.9965863001998514
1446.0,0.2524715199997583,3.9999999999999987,0.020193908568186397,0.004984463288536693,0.020799971575342163,0.003965158786894796,1.9967194001656026
1447.0,0.2524671948178876,4.000000000000001,0.020184901866760183,0.004972578982811047,0.02078838149330132,0.0041083869488951485,1.9968525001313537
1448.0,0.25246287445079496,4.0,0.020175919765143744,0.004960765007614178,0.020776836328716828,0.004251387040080823,1.9969866999890655
1449.0,0.2524585588771638,4.000000000000001,0.020166962159783596,0.004949020996714496,0.020765335816693754,0.004394159977326811,1.9971202001906931
1450.0,0.2524542480758193,4.000000000000001,0.020158028947835437,0.004937346585217979,0.02075387969427247,0.00453670667279768,1.9972535001579672
1451.0,0.2524499420257257,3.9999999999999996,0.020149120027153248,0.004925741409568044,0.020742467700410227,0.004679028033976712,1.9974005999974906
1452.0,0.2524456407059859,4.0,0.020140235296278855,0.004914205107544762,0.020731099575963058,0.004796683625962694,1.9975358000956476
1453.0,0.25244134409584035,4.0,0.020131374654431513,0.004902737318264207,0.020719775063667754,0.004770125198447134,1.997670500073582
1454.0,0.25243705217466555,4.000000000000001,0.020122538001497912,0.004891337682177788,0.020708493908124268,0.004743723345148221,1.9978054000530392
1455.0,0.2524327649219732,4.0,0.020113725238022358,0.0048800058410713625,0.020697255855778276,0.0047174769110676085,1.9979399000294507
1456.0,0.252428482317409,4.000000000000001,0.020104936265196983,0.004868741438064678,0.020686060654903846,0.004691384749142241,1.9980739001184702
1457.0,0.25242420434075186,3.9999999999999996,0.020096170984852578,0.004857544117610018,0.020674908055586565,0.004665445720177713,1.998207800090313
1458.0,0.25241993097191195,4.0,0.020087429299449202,0.004846413525491689,0.02066379780970669,0.004639658692785292,1.9983405000530183
1459.0,0.25241566219093087,4.0,0.02007871111206729,0.004835349308824675,0.020652729670922573,0.0046140225433187465,1.9984737001359463
1460.0,0.2524113979779795,4.000000000000001,0.02007001632639881,0.004824351116053786,0.020641703394654334,0.004588536155811479,1.998608099995181
1461.0,0.2524071383133577,4.000000000000001,0.020061344846738736,0.004813418596952314,0.02063071873806769,0.004563198421914438,1.998741300078109
1462.0,0.2524028831774927,3.999999999999999,0.020052696577976526,0.0048025514026210905,0.020619775460057978,0.004538008240834973,1.9988747001625597
1463.0,0.2523986325509384,4.0,0.020044071425587943,0.00479174918548713,0.020608873321234417,0.004512964519276519,1.999007900012657
1464.0,0.25239438641437445,4.000000000000002,0.020035469295627103,0.004781011599302261,0.020598012083904584,0.004488066171377231,1.9991423999890685
1465.0,0.2523901447486049,4.000000000000001,0.020026890094718454,0.00477033829914186,0.02058719151205894,0.0044633121186520575,1.9992749001830816
1466.0,0.2523859075345574,4.000000000000001,0.020018333730049177,0.004759728941403593,0.020576411371355782,0.004438701289932706,1.9994189999997616
1467.0,0.25238167475328244,4.0,0.020009800109361597,0.004749183183805765,0.0205656714291061,0.004414232621310105,1.9995545002166182
1468.0,0.2523774463859516,4.000000000000001,0.020001289140945854,0.004738700685386013,0.020554971454258854,0.00438990505607581,1.999688400188461
1469.0,0.25237322241385773,4.000000000000001,0.01999280073363263,0.004728281106499673,0.020544311217386268,0.004365717544665637,1.9998229001648724
1470.0,0.2523690028184129,4.0,0.01998433479678615,0.004717924108818187,0.020533690490669367,0.00434166904460237,1.9999567000195384
1471.0,0.2523647875811482,4.0,0.01997589124029726,0.0047076293553277165,0.020523109047883754,0.004317758520440779,2.0000897001009434
1472.0,0.25236057668371237,4.0,0.019967469974576643,0.004697396510327198,0.02051256666438537,0.00429398494371086,2.0002234000712633
1473.0,0.25235637010787093,4.000000000000001,0.01995907091054815,0.004687225239426865,0.02050206311709652,0.004270347292864046,2.0003567000385374
1474.0,0.2523521678355058,3.9999999999999996,0.019950693959642517,0.00467711520954629,0.02049159818449224,0.0042468445532175825,2.0004897001199424
1475.0,0.25234796984861324,4.000000000000001,0.019942339033790717,0.004667066088913042,0.020481171646586405,0.00422347571690207,2.0006245002150536
1476.0,0.25234377612930436,3.999999999999999,0.019934006045418,0.004657077547060355,0.02047078328491841,0.004200239782807064,2.0007579000666738
1477.0,0.25233958665980294,3.9999999999999996,0.0199256949074377,0.004647149254825714,0.0204604328825398,0.004177135756528588,2.0008913001511246
1478.0,0.25233540142244537,3.999999999999999,0.01991740553324529,0.004637280884348746,0.020450120224001042,0.004154162650316873,2.0010244001168758
1479.0,0.25233122039967953,4.0,0.019909137836712554,0.0046274721090694545,0.020439845095338544,0.00413131948302442,2.0011578002013266
1480.0,0.2523270435740639,4.0,0.019900891732181934,0.004617722603726071,0.020429607284061777,0.004108605280054495,2.0012902000453323
1481.0,0.2523228709282666,4.0,0.01989266713446076,0.004608032044353447,0.02041940657914043,0.0040860190733111035,2.0014335000887513
1482.0,0.2523187024450647,4.000000000000002,0.01988446395881597,0.004598400108280744,0.02040924277099196,0.004063559901147401,2.001569300191477
1483.0,0.2523145381073435,4.0,0.01987628212096864,0.004588826474129498,0.020399115651469044,0.004041226808317033,2.001705100061372
1484.0,0.25231037789809513,4.0,0.01986812153708868,0.004579310821811745,0.020389025013847262,0.0040190188459236775,2.0018389001488686
1485.0,0.2523062218004184,4.0,0.019859982123789775,0.00456985283252767,0.02037897065281293,0.003996935071373303,2.0019730001222342
1486.0,0.2523020697975175,4.000000000000002,0.019851863798124286,0.004560452188763706,0.02036895236445108,0.003974974548324378,2.002106600208208
1487.0,0.25229792187270167,4.0,0.01984376647757835,0.004551108574290236,0.020358969946233537,0.003953136346640629,2.0022409001830965
1488.0,0.25229377800938385,3.999999999999999,0.0198356900800669,0.004541821674159715,0.020349023197007057,0.003931419542343689,2.0023742001503706
1489.0,0.25228963819107997,4.000000000000001,0.019827634523928984,0.004532591174704311,0.020339111916981723,0.003909823217565334,2.002507100114599
1490.0,0.2522855024014089,3.9999999999999996,0.01981959972792325,0.004523416763533567,0.020329235907719498,0.0038883464605007356,2.0026410000864416
1491.0,0.25228137062409034,4.000000000000001,0.01981158561122306,0.004514298129532688,0.020319394972122644,0.0038669883653634496,2.0027751000598073
1492.0,0.25227724284294556,3.999999999999999,0.019803592093412384,0.004505234962859608,0.020309588914422617,0.0038457480323377535,2.00290900003165
1493.0,0.25227311904189514,4.0,0.01979561909448102,0.004496226954943548,0.02029981754016874,0.003824624567534962,2.0030428001191467
1494.0,0.25226899920495954,4.0,0.019787666534820624,0.004487273798481945,0.02029008065621728,0.003803617082946964,2.0031760002020746
1495.0,0.25226488331625735,4.000000000000001,0.019779734335220324,0.004478375187438837,0.020280378070720518,0.0037827246964029504,2.0033095001708716
1496.0,0.25226077136000524,3.999999999999999,0.01977182241686261,0.004469530817042007,0.02027070959311585,0.0037619465315241185,2.0034555001184344
1497.0,0.2522566633205165,4.000000000000001,0.019763930701319214,0.004460740383781281,0.02026107503411518,0.0037412817176812607,2.0035908001009375
1498.0,0.2522525591822013,4.0,0.019756059110547265,0.0044520035854054745,0.02025147420569428,0.0037207293899493843,2.0037259000819176
1499.0,0.2522484589295648,4.0,0.019748207566885268,0.00444332012092069,0.02024190692108239,0.0037002886890670494,2.003859900170937
1500.0,0.25224436254720756,4.0,0.019740375993049314,0.004434689690587545,0.02023237299475178,0.0036799587613919604,2.00399830006063
1501.0,0.2522402700198238,4.000000000000001,0.01973256431212932,0.004426111995919016,0.020222872242407552,0.003659738758860248,2.0041337001603097
1502.0,0.2522361813322016,4.0,0.019724772447585314,0.004417586739677887,0.020213404480977436,0.003639627838942866,2.0042679000180215
1503.0,0.2522320964692215,4.0,0.019717000323243913,0.004409113625874496,0.020203969528601866,0.003619625164605872,2.004402100108564
1504.0,0.2522280154158563,4.000000000000001,0.0197092478632946,0.00440069235976421,0.02019456720462387,0.0035997299042684616,2.004535600077361
1505.0,0.2522239381571701,3.9999999999999996,0.019701514992286465,0.004392322647845076,0.020185197329579446,0.00357994123176264,2.0046695000492036
1506.0,0.2522198646783175,3.9999999999999996,0.019693801635124533,0.004384004197855416,0.020175859725187616,0.003560258326292448,2.0048036000225693
1507.0,0.25221579496454327,4.000000000000001,0.019686107717066623,0.00437573671877128,0.020166554214340965,0.0035406803723946334,2.0049364001024514
1508.0,0.2522117290011818,3.9999999999999996,0.019678433163719967,0.004367519920803903,0.02015728062109601,0.00352120655989821,2.005068900063634
1509.0,0.2522076667736557,4.0,0.019670777901037925,0.004359353515397629,0.0201480387706638,0.003501836083885851,2.005202100146562
1510.0,0.2522036082674757,4.000000000000001,0.01966314185531691,0.004351237215227009,0.020138828489400573,0.003482568144654752,2.0053446001838893
1511.0,0.2521995534682402,4.0,0.019655524953193237,0.004343170734194518,0.020129649604798534,0.003463401947677913,2.0054855002090335
1512.0,0.252195502361634,4.000000000000001,0.019647927121640006,0.004335153787428092,0.020120501945476633,0.0034443367035661976,2.0056232002098113
1513.0,0.25219145493342837,4.0,0.019640348287964182,0.004327186091278415,0.020111385341171576,0.003425371628029833,2.005764100002125
1514.0,0.2521874111694797,4.0,0.019632788379803562,0.00431926736331681,0.020102299622728827,0.00340650594184172,2.005901199998334
1515.0,0.25218337105572924,4.0,0.019625247325123968,0.0043113973223322995,0.020093244622093755,0.0033877388707994616,2.006036000093445
1516.0,0.2521793345782027,4.000000000000001,0.019617725052216324,0.004303575688329324,0.020084220172302814,0.003369069645688838,2.006173600209877
1517.0,0.2521753017230093,4.0,0.019610221489693856,0.004295802182525139,0.020075226107474815,0.0033504975022468353,2.0065345000475645
1518.0,0.2521712724763411,3.9999999999999996,0.019602736566489483,0.0042880765273472735,0.02006626226280247,0.003332021681125591,2.006719200173393
1519.0,0.2521672468244726,3.9999999999999996,0.019595270211852842,0.004280398446431038,0.020057328474543577,0.003313641427856673,2.006864700000733
1520.0,0.2521632247537603,4.0,0.019587822355347975,0.004272767664616938,0.02004842458001291,0.003295355992814941,2.0070048000197858
1521.0,0.25215920625064153,4.000000000000001,0.019580392926850404,0.004265183907948113,0.020039550417573566,0.0032771646311835767,2.0071438001468778
1522.0,0.25215519130163466,4.0,0.019572981856544863,0.004257646903667707,0.020030705826628914,0.0032590666029184423,2.0072819001507014
1523.0,0.2521511798933378,4.0,0.01956558907492251,0.004250156380216482,0.020021890647614227,0.0032410611727144434,2.0075048999860883
1524.0,0.2521471720124284,4.000000000000001,0.01955821451277864,0.0042427120672301165,0.020013104721988667,0.0032231476099702228,2.0078093002084643
1525.0,0.25214316764566325,4.0,0.01955085810121021,0.004235313695536577,0.020004347892227246,0.0032053251887538547,2.0080368001945317
1526.0,0.2521391667798768,4.0,0.01954351977161339,0.004227960997153625,0.01999562000181279,0.0031875931877695107,2.008188100066036
1527.0,0.2521351694019818,4.000000000000001,0.019536199455681264,0.004220653705286272,0.01998692089522815,0.00316995089032418,2.008326900191605
1528.0,0.2521311754989679,4.0,0.019528897085401526,0.004213391554323973,0.019978250417948335,0.0031523975842930596,2.0084619000554085
1529.0,0.25212718505790144,3.999999999999999,0.01952161259305421,0.004206174279838265,0.01996960841643285,0.0031349325620880497,2.0085971001535654
1530.0,0.2521231980659248,3.999999999999999,0.0195143459112094,0.004199001618580078,0.019960994738117965,0.0031175551206242824,2.0087311000097543
1531.0,0.2521192145102561,3.999999999999999,0.019507096972725055,0.004191873308477012,0.01995240923140915,0.003100264561287841,2.008881699992344
1532.0,0.25211523437818795,3.9999999999999996,0.019499865710744926,0.004184789088630936,0.01994385174567366,0.0030830601899033416,2.0090172002092004
1533.0,0.2521112576570881,4.0,0.019492652058696325,0.004177748699315103,0.01993532213123297,0.0030659413167023752,2.0091510000638664
1534.0,0.25210728433439766,4.0,0.019485455950288066,0.004170751881971758,0.019926820239355488,0.003048907256291672,2.009286600165069
1535.0,0.2521033143976316,3.999999999999999,0.019478277319508526,0.004163798379209322,0.01991834592224933,0.0030319573276217093,2.0094207001384348
1536.0,0.25209934783437743,4.0,0.019471116100623336,0.0041568879348,0.019909899033054866,0.0030150908539560706,2.0095542001072317
1537.0,0.2520953846322952,4.0,0.01946397222817369,0.00415002029367686,0.01990147942583783,0.0029983071628397473,2.0096876001916826
1538.0,0.2520914247791168,4.0,0.019456845636974238,0.004143195201931315,0.019893086955582086,0.0029816055860696355,2.0098209001589566
1539.0,0.25208746826264544,4.0,0.019449736262111182,0.0041364124068105764,0.019884721478182668,0.0029649854596628944,2.0099546001292765
1540.0,0.2520835150707551,4.000000000000002,0.019442644038940284,0.004129671656714812,0.019876382850438704,0.002948446123828441,2.0100878002122045
1541.0,0.2520795651913904,4.000000000000001,0.019435568903085287,0.004122972701194515,0.01986807093004681,0.0029319869229353923,2.0102210000623018
1542.0,0.25207561861256556,4.0,0.01942851079043567,0.004116315290947999,0.0198597855755939,0.002915607205484755,2.0104210001882166
1543.0,0.25207167532236413,4.0,0.01942146963714516,0.004109699177818595,0.01985152664655074,0.0028993063240801697,2.0105587001889944
1544.0,0.2520677353089387,4.000000000000001,0.019414445379629774,0.004103124114791984,0.019843294003265066,0.002883083635397826,2.0106939000543207
1545.0,0.2520637985605102,4.000000000000002,0.019407437954566144,0.0040965898559935645,0.01983508750695504,0.0028669385001582615,2.010840900009498
1546.0,0.2520598650653676,3.999999999999999,0.01940044729888979,0.0040900961566855696,0.01982690701970265,0.0028508702830973565,2.01097990013659
1547.0,0.252055934811867,3.9999999999999996,0.01939347334979331,0.004083642773264924,0.019818752404447214,0.002834878352939052,2.0111191000323743
1548.0,0.25205200778843173,4.0,0.019386516044724834,0.004077229463259795,0.019810623524978897,0.0028189620823655948,2.01125630014576
1549.0,0.25204808398355155,4.000000000000001,0.019379575321386303,0.004070855985327492,0.019802520245932376,0.0028031208479909198,2.011393800145015
1550.0,0.2520441633857824,4.0,0.019372651117731877,0.004064522099251414,0.0197944424327805,0.002787354030332173,2.0115319001488388
1551.0,0.2520402459837455,4.000000000000001,0.019365743371966258,0.004058227565938652,0.019786389951827982,0.0027716610137827613,2.0116679000202566
1552.0,0.25203633176612766,4.0,0.01935885202254323,0.0040519721474168375,0.019778362670205236,0.0027560411865848178,2.0118047001305968
1553.0,0.25203242072168003,3.999999999999999,0.019351977008163962,0.004045755606831832,0.01977036045586215,0.0027404939408022244,2.011942300014198
1554.0,0.252028512839218,3.999999999999999,0.019345118267775522,0.004039577708444908,0.019762383177562043,0.0027250186722940495,2.0121894001495093
1555.0,0.2520246081076209,3.9999999999999996,0.019338275740569455,0.004033438217629836,0.019754430704875654,0.002709614780687958,2.012410100083798
1556.0,0.25202070651583125,4.000000000000001,0.019331449365980174,0.00402733690087034,0.019746502908175086,0.002694281669353288,2.012594000203535
1557.0,0.2520168080528549,4.0,0.019324639083683575,0.004021273525757152,0.019738599658627915,0.0026790187453755443,2.012747200205922
1558.0,0.2520129127077596,4.0,0.019317844833595443,0.0040152478609856174,0.01973072082819124,0.0026638254195303634,2.0128920001443475
1559.0,0.25200902046967566,4.000000000000001,0.0193110665558702,0.0040092596763525645,0.01972286628960596,0.0026487011062575616,2.0130359001923352
1560.0,0.2520051313277948,3.999999999999999,0.019304304190899447,0.004003308742753714,0.01971503591639098,0.002633645223635822,2.0131872000638396
1561.0,0.2520012452713698,4.0,0.019297557679310413,0.003997394832181117,0.019707229582837375,0.0026186571933574376,2.0133305999916047
1562.0,0.2519973622897146,4.0,0.019290826961964873,0.003991517717719898,0.01969944716400292,0.0026037364407027197,2.0134944000747055
1563.0,0.25199348237220326,3.9999999999999996,0.01928411197995755,0.003985677173545846,0.019691688535706294,0.0025888823945158512,2.0136640002019703
1564.0,0.2519896055082698,4.000000000000001,0.019277412674614844,0.003979872974922707,0.019683953574521587,0.002574094487179629,2.0140703001525253
1565.0,0.25198573168740823,4.0,0.019270728987493616,0.003974104898198955,0.019676242157772802,0.002559372154590789,2.0142423000652343
1566.0,0.25198186089917096,4.000000000000001,0.0192640608603797,0.003968372720805624,0.019668554163528324,0.002544714836136941,2.0143856001086533
1567.0,0.25197799313316976,4.000000000000002,0.019257408235286873,0.003962676221252853,0.019660889470595615,0.002530121974670674,2.014566200086847
1568.0,0.2519741283790747,4.000000000000001,0.019250771054455357,0.0039570151791275465,0.019653247958515713,0.002515593016486767,2.0149211999960244
1569.0,0.2519702666266135,4.000000000000002,0.019244149260350632,0.003951389375090462,0.01964562950755795,0.002501127411298376,2.015065000159666
1570.0,0.2519664078655718,4.0,0.019237542795662338,0.003945798590873208,0.019638033998714763,0.0024867246122131648,2.0152015001513064
1571.0,0.2519625520857922,3.9999999999999996,0.019230951603302845,0.003940242609275679,0.01963046131369632,0.0024723840757102378,2.015335800126195
1572.0,0.2519586992771741,3.9999999999999996,0.019224375626406248,0.003934721214163079,0.019622911334925497,0.0024581052616166332,2.015469300094992
1573.0,0.2519548494296735,4.000000000000001,0.01921781480832702,0.003929234190463081,0.019615383945532583,0.0024438876330848958,2.015602800063789
1574.0,0.2519510025333024,4.0,0.019211269092639024,0.003923781324162933,0.01960787902935035,0.0024297306565693733,2.01573590002954
1575.0,0.25194715857812827,4.0,0.019204738423134093,0.00391836240230689,0.01960039647090883,0.002415633801804623,2.0158689999952912
1576.0,0.2519433175542741,3.999999999999999,0.019198222743821176,0.0039129772129929755,0.01959293615543048,0.002401596541782347,2.0160018000751734
1577.0,0.25193947945191764,4.0,0.019191721998924983,0.003907625545370455,0.01958549796882512,0.0023876183527292427,2.0161348001565784
1578.0,0.2519356442612912,3.9999999999999996,0.01918523613288503,0.003902307189636715,0.01957808179768508,0.002373698714084882,2.016267800005153
1579.0,0.25193181197268155,4.0,0.01917876509035445,0.0038970219370344675,0.019570687529280272,0.0023598371084800063,2.016416200203821
1580.0,0.2519279825764289,4.0,0.019172308816198854,0.0038917695798490128,0.019563315051553367,0.002346033021714572,2.0165528000798076
1581.0,0.2519241560629272,3.999999999999999,0.019165867255495506,0.0038865499114050764,0.019555964253115152,0.0023322859427360176,2.0166865000501275
1582.0,0.25192033242262335,4.000000000000001,0.019159440353531877,0.003881362726064263,0.01954863502323952,0.0023185953636185863,2.016820600023493
1583.0,0.25191651164601725,4.0,0.019153028055804953,0.003876207819221716,0.019541327251859,0.0023049607795407046,2.0169548999983817
1584.0,0.25191269372366093,4.0,0.01914663030801997,0.003871084987303608,0.019534040829559975,0.002291381688765859,2.0170886002015322
1585.0,0.2519088786461586,4.000000000000001,0.01914024705608948,0.003865994027764089,0.019526775647578112,0.002277857592619642,2.017232800135389
1586.0,0.2519050664041664,4.0,0.019133878246132333,0.003860934739082209,0.019519531597793734,0.0022643879954704904,2.017366300104186
1587.0,0.25190125698839144,3.9999999999999996,0.019127523824472647,0.0038559069207592567,0.019512308572727316,0.0022509724047084234,2.017499500187114
1588.0,0.25189745038959227,3.999999999999999,0.019121183737638867,0.0038509103733156253,0.01950510646553499,0.002237610330725115,2.01763470005244
1589.0,0.2518936465985778,4.0,0.01911485793236269,0.003845944898287992,0.01949792517000402,0.00222430128689291,2.0177671001292765
1590.0,0.25188984560620775,4.000000000000001,0.01910854635557822,0.0038410102982262178,0.019490764580548436,0.002211044789545119,2.017899800091982
1591.0,0.2518860474033914,4.000000000000001,0.019102248954420902,0.003836106376690522,0.019483624592204606,0.0021978403579561157,2.01803270005621
1592.0,0.2518822519810881,4.0,0.019095965676226657,0.003831232938248514,0.019476505100626935,0.0021846875143215483,2.018165900139138
1593.0,0.25187845933030634,4.000000000000001,0.019089696468530835,0.0038263897884722284,0.019469406002083453,0.0021715857837389108,2.0182983002159745
1594.0,0.251874669442104,4.0,0.01908344127906745,0.003821576733934922,0.019462327193451666,0.002158534694187003,2.0184442000463605
1595.0,0.2518708823075874,3.9999999999999996,0.019077200055768097,0.003816793582208481,0.019455268572214215,0.0021455337765081683,2.018579800147563
1596.0,0.2518670979179113,4.000000000000001,0.019070972746761124,0.0038120401418602354,0.019448230036454715,0.002132582564387836,2.018715500133112
1597.0,0.2518633162642789,4.0,0.01906475930037076,0.003807316222449686,0.01944121148485356,0.0021196805943360653,2.01904290006496
1598.0,0.2518595373379407,4.000000000000001,0.01905855966511615,0.0038026216345260805,0.019434212816683828,0.002106827405668421,2.0192382000386715
1599.0,0.2518557611301952,4.0,0.019052373789710524,0.0037979561896249177,0.01942723393180714,0.0020940225404874335,2.0193955001886934
1600.0,0.25185198763238764,4.0,0.019046201623060314,0.0037933197002651808,0.019420274730669627,0.002081265543664168,2.0195586001500487
1601.0,0.2518482168359104,4.000000000000001,0.019040043114264278,0.0037887119799461435,0.019413335114297853,0.0020685559628189076,2.0197091000154614
1602.0,0.2518444487322026,3.9999999999999996,0.019033898212612716,0.0037841328431443815,0.0194064149842949,0.0020558933483032504,2.019859699998051
1603.0,0.25184068331274895,4.0,0.01902776686758644,0.003779582105311049,0.019399514242836285,0.002043277253183068,2.0201392001472414
1604.0,0.2518369205690809,4.0,0.019021649028856176,0.003775059582868248,0.019392632792666148,0.0020307072332185483,2.02029770007357
1605.0,0.2518331604927752,4.0,0.019015544646281572,0.0037705650932064886,0.01938577053709331,0.0020181828468477103,2.0204400999937207
1606.0,0.25182940307545404,3.9999999999999996,0.01900945366991047,0.0037660984546812417,0.019378927379987393,0.0020057036551674734,2.0205802000127733
1607.0,0.2518256483087846,4.0,0.019003376049977923,0.0037616594866103767,0.019372103225774956,0.0019932692219176706,2.02071990002878
1608.0,0.251821896184479,4.0,0.018997311736905657,0.0037572480092704294,0.019365297979435793,0.0019808791134616477,2.0208586000371724
1609.0,0.2518181466942938,4.000000000000001,0.01899126068130104,0.0037528638438940904,0.019358511546499084,0.0019685328987700534,2.0209983000531793
1610.0,0.25181439983002996,3.999999999999999,0.018985222833956393,0.0037485068126667984,0.019351743833039663,0.0019562301494035483,2.0211370000615716
1611.0,0.25181065558353194,4.000000000000001,0.018979198145848156,0.003744176738723889,0.01934499474567432,0.001943970439495596,2.0212765000760555
1612.0,0.2518069139466884,4.000000000000001,0.018973186568136225,0.003739873446147166,0.019338264191558183,0.0019317533457350045,2.021414600079879
1613.0,0.2518031749114311,4.0,0.018967188052163023,0.003735596759962075,0.019331552078380953,0.0019195784473493016,2.0215534002054483
1614.0,0.25179943846973485,4.0,0.018961202549452823,0.00373134650613461,0.019324858314363372,0.0019074453260888857,2.0216947000008076
1615.0,0.25179570461361733,4.000000000000001,0.018955230011711035,0.0037271225115679653,0.019318182808253665,0.0018953535662092902,2.0219919001683593
1616.0,0.25179197333513903,4.0,0.018949270390823336,0.0037229246040995784,0.019311525469323857,0.0018833027544552794,2.022257100092247
1617.0,0.25178824462640237,3.9999999999999996,0.018943323638855,0.0037187526124980086,0.019304886207366347,0.0018712924800441122,2.0224137001205236
1618.0,0.2517845184795519,4.0,0.018937389708050204,0.0037146063664597662,0.01929826493269043,0.001859322334649749,2.0225617000833154
1619.0,0.2517807948867741,4.000000000000001,0.018931468550831172,0.0037104856966060826,0.019291661556118698,0.0018473919123867255,2.022714300081134
1620.0,0.2517770738402968,4.0,0.01892556011979759,0.0037063904344798986,0.019285075988983737,0.0018355008097936942,2.0228586001321673
1621.0,0.2517733553323889,3.9999999999999996,0.018919664367725797,0.003702320412542695,0.01927850814312465,0.0018236486258182416,2.0230042000766844
1622.0,0.25176963935536056,4.000000000000002,0.01891378124756806,0.0036982754641713303,0.01927195793088364,0.0018118349618008733,2.023162900004536
1623.0,0.25176592590156255,4.000000000000001,0.018907910712451972,0.00369425542365471,0.019265425265102724,0.001800059421458583,2.023315800121054
1624.0,0.25176221496338597,3.999999999999999,0.018902052715679636,0.003690260126190905,0.019258910059120334,0.0017883216108709465,2.023463500197977
1625.0,0.2517585065332621,4.0,0.018896207210726965,0.0036862894078838445,0.01925241222676801,0.0017766211384636077,2.02361540007405
1626.0,0.2517548006036624,3.999999999999999,0.01889037415124317,0.0036823431057399253,0.019245931682367223,0.0017649576149930124,2.02376880007796
1627.0,0.2517510971670978,3.999999999999999,0.018884553491049807,0.0036784210576652977,0.01923946834072597,0.0017533306535318927,2.0239212000742555
1628.0,0.25174739621611875,3.9999999999999996,0.0188787451841403,0.0036745231024622902,0.019233022117135665,0.0017417398694535569,2.024087400175631
1629.0,0.25174369774331484,4.0,0.018872949184679213,0.0036706490798262374,0.01922659292736789,0.001730184880417318,2.0242485001217574
1630.0,0.2517400017413148,4.0,0.01886716544700157,0.0036667988303424855,0.019220180687671253,0.0017186653063535895,2.0244122000876814
1631.0,0.25173630820278575,4.000000000000001,0.018861393925612133,0.003662972195483132,0.019213785314768164,0.0017071807694492847,2.0245770001783967
1632.0,0.25173261712043365,4.0,0.018855634575184896,0.003659169017603547,0.019207406725851823,0.0016957308941325522,2.0247409001458436
1633.0,0.25172892848700235,3.999999999999999,0.018849887350562235,0.0036553891399395966,0.01920104483858299,0.0016843153070595362,2.024905900005251
1634.0,0.2517252422952737,4.0,0.01884415220675441,0.003651632406604148,0.019194699571087034,0.0016729336370988335,2.02507960004732
1635.0,0.25172155853806755,4.000000000000001,0.018838429098938857,0.0036478986625838464,0.01918837084195079,0.0016615855153178094,2.0252486001700163
1636.0,0.25171787720824107,4.0,0.01883271798245957,0.003644187753735926,0.019182058570219596,0.0016502705749680269,2.0254074002150446
1637.0,0.25171419829868885,4.000000000000001,0.01882701881282644,0.003640499526785173,0.01917576267539426,0.001638988451471729,2.025566300144419
1638.0,0.2517105218023423,4.0,0.018821331545714633,0.003636833829320295,0.019169483077428075,0.0016277387824071843,2.0257236000616103
1639.0,0.2517068477121699,4.0,0.018815656136963982,0.003633190509791082,0.019163219696723886,0.0016165212074953916,2.0258969999849796
1640.0,0.25170317602117653,4.0,0.018809992542578313,0.003629569417504896,0.019156972454131123,0.0016053353685861194,2.0260685000102967
1641.0,0.2516995067224035,4.0,0.01880434071872492,0.0036259704026235166,0.019150741270942954,0.0015941809096440829,2.026225400157273
1642.0,0.25169583980892835,4.000000000000001,0.018798700621733846,0.0036223933161599613,0.019144526068893344,0.0015830574767354555,2.0263783000409603
1643.0,0.25169217527386434,4.0,0.018793072208097346,0.003618838009975076,0.01913832677015421,0.0015719647180146845,2.026531800162047
1644.0,0.25168851311036067,4.0,0.018787455434469268,0.00361530433677442,0.0191321432973326,0.0015609022837106135,2.0266831000335515
1645.0,0.25168485331160173,4.0,0.01878185025766436,0.003611792150104938,0.019125975573467787,0.0015498698261138533,2.0268306001089513
1646.0,0.2516811958708074,4.0,0.018776256634657866,0.003608301304351747,0.01911982352202865,0.0015388669995629878,2.0272148000076413
1647.0,0.2516775407812326,4.000000000000002,0.01877067452258471,0.0036048316547347865,0.01911368706691068,0.0015278934604320837,2.027401000028476
1648.0,0.2516738880361669,4.0,0.018765103878739104,0.003601383057305595,0.019107566132433435,0.0015169488671167575,2.0275557001587003
1649.0,0.25167023762893465,3.999999999999999,0.018759544660573783,0.0035979553689440722,0.019101460643337613,0.0015060328800225176,2.0277017999906093
1650.0,0.2516665895528943,4.0,0.018753996825699556,0.0035945484473552843,0.019095370524782527,0.001495145161551581,2.027845600154251
1651.0,0.25166294380143894,4.0,0.018748460331884664,0.003591162151065891,0.019089295702343263,0.0014842853760891894,2.0279895002022386
1652.0,0.25165930036799533,4.0,0.018742935137054252,0.003587796339421142,0.019083236102008135,0.0014734531899925907,2.0281336000189185
1653.0,0.25165565924602407,4.0,0.018737421199289672,0.003584450872581567,0.019077191650175893,0.0014626482715774103,2.0282773000653833
1654.0,0.2516520204290193,4.000000000000001,0.01873191847682812,0.0035811256115195877,0.019071162273653283,0.0014518702911052728,2.02841730020009
1655.0,0.2516483839105087,4.0,0.018726426928061868,0.0035778204180162794,0.019065147899652257,0.0014411189207720887,2.0285570002160966
1656.0,0.25164474968405287,4.0,0.018720946511537807,0.003574535154658151,0.01905914845578749,0.0014303938346958145,2.028696299996227
1657.0,0.2516411177432454,4.0,0.018715477185956897,0.003571269684833763,0.019053163870073803,0.001419694708903213,2.0288526001386344
1658.0,0.2516374880817128,3.9999999999999996,0.018710018910173567,0.0035680238727304266,0.019047194070923586,0.001409021221318807,2.0289953001774848
1659.0,0.2516338606931139,4.000000000000001,0.01870457164319517,0.0035647975833311076,0.019041238987144302,0.0013983730517530268,2.0291370002087206
1660.0,0.2516302355711401,4.0,0.018699135344181442,0.0035615906824108265,0.019035298547935918,0.001387749881889333,2.0292764001060277
1661.0,0.2516266127095149,4.000000000000001,0.01869370997244395,0.0035584030365337226,0.019029372682888495,0.0013771513952735015,2.0294166000094265
1662.0,0.2516229921019938,4.000000000000001,0.018688295487445584,0.003555234513049371,0.019023461321979667,0.001366577277301051,2.0295603000558913
1663.0,0.2516193737423639,4.0,0.01868289184879996,0.003552084980089794,0.019017564395572204,0.001356027215205946,2.029734600102529
1664.0,0.25161575762444405,4.0,0.018677499016270936,0.0035489543065661453,0.019011681834411605,0.0013455008980495231,2.0299675001297146
1665.0,0.2516121437420845,4.000000000000001,0.01867211694977199,0.0035458423621651893,0.019005813569623577,0.001334998016707889,2.0301676001399755
1666.0,0.25160853208916656,4.0,0.018666745609365806,0.0035427490173462117,0.018999959532711778,0.0013245182638614572,2.0303523000329733
1667.0,0.2516049226596027,4.0,0.018661384955263694,0.0035396741433376855,0.018994119655555388,0.0013140613339836238,2.0304936000611633
1668.0,0.2516013154473363,3.999999999999999,0.018656034947825025,0.0035366176121338845,0.01898829387040669,0.00130362692332886,2.030633400194347
1669.0,0.2515977104463411,3.9999999999999996,0.018650695547556734,0.003533579296491777,0.018982482109888787,0.0012932147299223318,2.030772600090131
1670.0,0.2515941076506213,4.0,0.01864536671511284,0.003530559069927526,0.01897668430699329,0.0012828244535482147,2.0309115999843925
1671.0,0.2515905070542119,4.000000000000001,0.01864004841129387,0.0035275568067133075,0.018970900395077945,0.0012724557957393134,2.031088500050828
1672.0,0.25158690865117733,4.000000000000001,0.01863474059704638,0.003524572381873972,0.01896513030786441,0.0012621084597654875,2.0312328999862075
1673.0,0.2515833124356124,4.0,0.01862944323346244,0.0035216056711837728,0.018959373979435954,0.001251782150623243,2.031371199991554
1674.0,0.25157971840164145,3.9999999999999996,0.018624156281779103,0.0035186565511631436,0.01895363134423521,0.00124147657502513,2.0315258000046015
1675.0,0.25157612654341827,4.000000000000001,0.01861887970337787,0.0035157248990753003,0.018947902337061864,0.0012311914413887237,2.0316672001499683
1676.0,0.25157253685512637,4.000000000000001,0.018613613459784288,0.0035128105929229485,0.018942186893070572,0.0012209264598260772,2.0318068000487983
1677.0,0.2515689493309782,4.0,0.01860835751266739,0.0035099135114450915,0.01893648494776868,0.0012106813421330631,2.0319456001743674
1678.0,0.25156536396521534,4.0,0.018603111823839075,0.003507033534113664,0.01893079643701392,0.0012004558017796874,2.032084100181237
1679.0,0.25156178075210817,4.0,0.018597876355253853,0.0035041705411302674,0.018925121297012487,0.0011902495538985425,2.0322221000678837
1680.0,0.2515581996859557,4.0,0.018592651069008155,0.003501324413422955,0.01891945946431667,0.0011800623152753431,2.0323604000732303
1681.0,0.2515546207610858,4.0,0.01858743592733992,0.0034984950326427703,0.018913810875822803,0.0011698938043384344,2.0324990001972765
1682.0,0.2515510439718542,4.0,0.01858223089262808,0.00349568228116064,0.018908175468769106,0.0011597437411486888,2.0326364000793546
1683.0,0.25154746931264516,4.000000000000002,0.018577035927392068,0.0034928860420641024,0.018902553180733597,0.0011496118473893757,2.0327736001927406
1684.0,0.2515438967778709,4.0,0.018571850994291417,0.003490106199153824,0.018896943949632043,0.0011394978463557803,2.0329110000748187
1685.0,0.2515403263619714,4.000000000000001,0.01856667605612508,0.0034873426369406183,0.018891347713715725,0.0011294014629464055,2.033046100055799
1686.0,0.25153675805941433,4.000000000000001,0.018561511075831184,0.003484595240641933,0.01888576441156958,0.0011193224236517585,2.0331799001432955
1687.0,0.251533191864695,3.999999999999999,0.018556356016486357,0.0034818638961787145,0.01888019398210999,0.0011092604565450526,2.0333130001090467
1688.0,0.25152962777233584,4.000000000000001,0.018551210841305354,0.003479148490172197,0.018874636364582836,0.0010992152912729924,2.033458200050518
1689.0,0.25152606577688674,4.0,0.018546075513640594,0.003476448909940315,0.01886909149856146,0.0010891866590450883,2.0335959000512958
1690.0,0.25152250587292446,4.0,0.018540949996981606,0.003473765043494915,0.018863559323944658,0.0010791742926249681,2.0337302000261843
1691.0,0.2515189480550527,4.0,0.018535834254954614,0.0034710967795381314,0.01885803978095467,0.001069177926320497,2.033864500001073
1692.0,0.25151539231790193,4.0,0.018530728251322078,0.0034684440074593593,0.01885253281013527,0.001059197295974007,2.033999400213361
1693.0,0.2515118386561289,4.000000000000001,0.018525631949982135,0.0034658066173318372,0.018847038352349688,0.0010492321389534986,2.034132600063458
1694.0,0.2515082870644173,4.000000000000001,0.018520545314968287,0.0034631844999095177,0.018841556348778814,0.0010392821941430097,2.0342666001524776
1695.0,0.25150473753747654,4.000000000000002,0.018515468310448806,0.0034605775466237617,0.018836086740919158,0.0010293472019329564,2.0344008000101894
1696.0,0.25150119007004246,4.000000000000001,0.01851040090072635,0.0034579856495801312,0.018830629470580982,0.0010194269042116955,2.0345336000900716
1697.0,0.2514976446568767,4.0,0.01850534305023742,0.0034554087015551747,0.01882518447988634,0.0010095210443557545,2.0346666001714766
1698.0,0.25149410129276667,3.999999999999999,0.018500294723551993,0.0034528465959932225,0.01881975171126728,0.000999629367221172,2.0348002000246197
1699.0,0.2514905599725255,3.9999999999999996,0.018495255885373034,0.003450299227003057,0.0188143311074639,0.0009897516191345601,2.0349334999918938
1700.0,0.25148702069099177,4.000000000000002,0.018490226500535993,0.003447766489354756,0.018808922611522467,0.0009798875478831959,2.035072400001809
1701.0,0.2514834834430295,3.9999999999999996,0.01848520653400848,0.0034452482784763576,0.018803526166793667,0.0009700369027072775,2.0352956000715494
1702.0,0.25147994822352776,3.999999999999999,0.018480195950889632,0.003442744490451017,0.01879814171693065,0.000960199434290876,2.0357156000100076
1703.0,0.2514764150274007,4.000000000000002,0.018475194716409817,0.0034402550220134216,0.018792769205887294,0.0009503748947526369,2.03603360010311
1704.0,0.2514728838495876,4.000000000000001,0.018470202795930143,0.00343777977054655,0.018787408577916345,0.0009405630376372043,2.03619940020144
1705.0,0.25146935468505205,4.000000000000001,0.01846522015494196,0.003435318634078953,0.018782059777567656,0.0009307636179073653,2.0363441000226885
1706.0,0.2514658275287828,4.0,0.018460246759066507,0.003432871511280995,0.01877672274968638,0.0009209763919344749,2.0364858000539243
1707.0,0.25146230237579265,4.0,0.018455282574054405,0.003430438301462058,0.018771397439411218,0.0009112011174902401,2.036627700086683
1708.0,0.25145877922111876,4.0,0.018450327565785192,0.0034280189045672095,0.018766083792172598,0.0009014375537387542,2.036766500212252
1709.0,0.2514552580598228,3.999999999999999,0.018445381700267018,0.003425613221174006,0.01876078175369106,0.0008916854612273095,2.0369055001065135
1710.0,0.25145173888699,4.000000000000001,0.01844044494363603,0.0034232211524894253,0.01875549126997538,0.0008819446018785704,2.0370447000022978
1711.0,0.2514482216977301,4.0,0.01843551726215609,0.003420842600346511,0.018750212287320926,0.00087221473898208,2.0371839001309127
1712.0,0.2514447064871762,4.0,0.018430598622218238,0.003418477467201498,0.018744944752307948,0.0008624956371860171,2.037423400208354
1713.0,0.25144119325048503,4.0,0.018425688990340305,0.003416125656130446,0.01873968861179984,0.000852787062489091,2.0375890000723302
1714.0,0.251437681982837,3.9999999999999996,0.01842078833316653,0.003413787070826141,0.018734443812941547,0.0008430887822325761,2.0377820001449436
1715.0,0.2514341726794358,4.0,0.018415896617466978,0.0034114616155950165,0.018729210303157735,0.0008334005650919296,2.0384045999962837
1716.0,0.2514306653355083,4.0,0.018411013810137312,0.003409149195353894,0.01872398803015129,0.00082372218106877,2.039032200118527
1717.0,0.25142715994630455,4.000000000000001,0.018406139878198217,0.00340684971562706,0.018718776941901594,0.0008140534014834111,2.0392105001956224
1718.0,0.2514236565070975,4.000000000000002,0.01840127478879506,0.0034045630825429224,0.018713576986662886,0.0008043939989663684,2.0393498002085835
1719.0,0.25142015501318316,4.000000000000001,0.018396418509197394,0.003402289202830998,0.018708388112962614,0.0007947437474506713,2.039484100183472
1720.0,0.2514166554598799,4.0,0.018391571006798627,0.003400027983818863,0.0187032102695999,0.000785102422164341,2.0397481000982225
1721.0,0.2514131578425287,3.9999999999999996,0.018386732249115537,0.003397779333428989,0.018698043405643874,0.0007754697996226467,2.0398991000838578
1722.0,0.2514096621564932,4.0,0.018381902203787867,0.00339554316017571,0.018692887470432098,0.000765845657619918,2.040043900022283
1723.0,0.25140616839715924,3.999999999999999,0.018377080838577916,0.003393319373161941,0.018687742413568947,0.0007562297752221614,2.0401859001722187
1724.0,0.2514026765599347,4.000000000000001,0.01837226812137012,0.0033911078820764036,0.01868260818492411,0.0007466219327600665,2.040327000198886
1725.0,0.2513991866402499,4.0,0.01836746402017069,0.003388908597190273,0.018677484734631027,0.0007370219118203736,2.0404667002148926
1726.0,0.25139569863355676,4.0,0.01836266850310707,0.0033867214293543052,0.018672372013085217,0.0007274294952389904,2.0406051001045853
1727.0,0.25139221253532906,4.0,0.018357881538427656,0.0033845462899957466,0.01866726997094291,0.0007178444670942474,2.040743099991232
1728.0,0.25138872834106224,4.000000000000001,0.018353103094501347,0.003382383091115209,0.01866217855911943,0.0007082666126978221,2.04088250012137
1729.0,0.25138524604627355,3.9999999999999996,0.01834833313981713,0.0033802317452835736,0.01865709772878768,0.0006986957185891041,2.041020300006494
1730.0,0.25138176564650133,3.9999999999999996,0.018343571642983638,0.0033780921656392593,0.018652027431376644,0.000689131572527063,2.04115890013054
1731.0,0.25137828713730537,4.000000000000001,0.018338818572728788,0.0033759642658849343,0.018646967618569897,0.0006795739634830322,2.0414009999949485
1732.0,0.2513748105142668,3.999999999999999,0.018334073897899435,0.003373847960284379,0.018641918242304156,0.0006700226816335475,2.0415764001663774
1733.0,0.2513713357729876,4.0,0.01832933758746079,0.0033717431636599146,0.01863687925476769,0.0006604775183538247,2.0417361999861896
1734.0,0.25136786290909086,4.000000000000001,0.01832460961049625,0.0033696497913890426,0.01863185060839904,0.0006509382662096552,2.0418801000341773
1735.0,0.2513643919182204,4.0,0.018319889936206805,0.0033675677594014264,0.01862683225588536,0.0006414047189510219,2.0420214000623673
1736.0,0.2513609227960408,4.000000000000001,0.018315178533910768,0.0033654969841762582,0.018621824150161156,0.0006318766715050772,2.042161400197074
1737.0,0.2513574555382373,4.000000000000001,0.018310475373043263,0.0033634373827388805,0.018616826244406675,0.0006223539199687877,2.042304800124839
1738.0,0.25135399014051557,3.9999999999999996,0.018305780423155987,0.0033613888726580815,0.018611838492046683,0.0006128362616028837,2.0424430000130087
1739.0,0.2513505265986015,3.999999999999999,0.018301093653916606,0.003359351372043068,0.018606860846748823,0.000603323494824004,2.0425882001873106
1740.0,0.2513470649082415,4.0,0.018296415035108548,0.003357324799540457,0.01860189326242239,0.0005938154191985623,2.0427318001165986
1741.0,0.25134360506520187,4.000000000000001,0.018291744536630586,0.003355309074331331,0.01859693569321691,0.0005843118354359189,2.042872400023043
1742.0,0.2513401470652693,3.9999999999999996,0.01828708212849635,0.0033533041161283926,0.018591988093520664,0.000574812545380915,2.0430107000283897
1743.0,0.25133669090424987,4.0,0.01828242778083394,0.0033513098451730815,0.018587050417959345,0.0005653173520087373,2.0431485001463443
1744.0,0.25133323657796997,3.9999999999999996,0.018277781463885683,0.0033493261822323903,0.018582122621394748,0.0005558260594165088,2.0432840001303703
1745.0,0.25132978408227513,4.000000000000001,0.01827314314800758,0.00334735304859633,0.018577204658923353,0.0005463384728183751,2.0434189001098275
1746.0,0.2513263334130311,4.0,0.018268512803669062,0.0033453903660746317,0.018572296485875016,0.0005368543985372898,2.043610200053081
1747.0,0.2513228845661226,4.0,0.018263890401452505,0.003343438056994211,0.018567398057811605,0.0005273736440000454,2.0439186000730842
1748.0,0.25131943753745384,4.0,0.018259275912052828,0.003341496044196197,0.01856250933052564,0.0005178960177303071,2.0440780001226813
1749.0,0.25131599232294843,3.9999999999999996,0.01825466930627728,0.0033395642510328093,0.01855763026003908,0.0005084213293412854,2.044224100187421
1750.0,0.2513125489185489,3.9999999999999996,0.018250070555044805,0.0033376426013648815,0.018552760802601837,0.0004989493895309338,2.0443708000238985
1751.0,0.2513091073202169,4.000000000000002,0.018245479629385903,0.00333573101955878,0.01854790091469066,0.0004894800100745667,2.0445112001616508
1752.0,0.2513056675239332,4.000000000000001,0.018240896500442128,0.003333829430483482,0.018543050553007714,0.0004800130038186412,2.044650300173089
1753.0,0.251302229525697,4.000000000000002,0.018236321139465713,0.0033319377595080447,0.018538209674479344,0.0004705481846753179,2.04478960018605
1754.0,0.2512987933215266,4.0,0.0182317535178192,0.0033300559324984593,0.018533378236254745,0.0004610853676150495,2.0449320999905467
1755.0,0.25129535890745863,4.000000000000001,0.01822719360697511,0.003328183875815143,0.018528556195704787,0.0004516243686616406,2.045096200192347
1756.0,0.25129192627954844,3.9999999999999996,0.018222641378515522,0.0033263215163097876,0.01852374351042066,0.000442165004885392,2.0452412001322955
1757.0,0.25128849543386955,4.0,0.01821809680413171,0.0033244687813229505,0.018518940138212685,0.0004327070943969391,2.0453841001726687
1758.0,0.2512850663665141,3.9999999999999996,0.018213559855623812,0.003322625598680827,0.018514146037109044,0.00042325045634175607,2.0455464001279324
1759.0,0.251281639073592,4.0,0.01820903050490038,0.0033207918966930107,0.018509361165354534,0.0004137949108937722,2.0456884000450373
1760.0,0.2512782135512317,4.000000000000001,0.018204508723978104,0.0033189676041492067,0.01850458548140938,0.00040434027924976523,2.0458291000686586
1761.0,0.2512747897955795,4.0,0.018199994484981386,0.0033171526503167526,0.018499818943947973,0.0003948863836226446,2.045968900201842
1762.0,0.25127136780279946,4.0,0.01819548776014194,0.0033153469649379362,0.018495061511857654,0.00038543304723662186,2.0461106000002474
1763.0,0.25126794756907345,4.0,0.018190988521798516,0.0033135504782270957,0.01849031314423756,0.0003759800943211322,2.0462528001517057
1764.0,0.25126452909060126,4.0,0.018186496742396533,0.0033117631208678987,0.018485573800397444,0.00036652735010397897,2.0463954000733793
1765.0,0.25126111236360016,3.9999999999999996,0.018182012394487582,0.003309984824010732,0.018480843439856346,0.0003570746408070591,2.0465364002157003
1766.0,0.25125769738430476,3.9999999999999996,0.018177535450729226,0.0033082155192699276,0.0184761220223416,0.0003476217936398407,2.0466744999866933
1767.0,0.2512542841489672,4.000000000000001,0.018173065883884534,0.0033064551387211975,0.018471409507787535,0.0003381686367937009,2.0468155001290143
1768.0,0.25125087265385726,4.0,0.01816860366682178,0.003304703614898591,0.018466705856334358,0.0003287149994363192,2.0469531000126153
1769.0,0.25124746289526123,4.000000000000001,0.018164148772514054,0.003302960880792329,0.01846201102832701,0.0003192607117062374,2.0470919001381844
1770.0,0.2512440548694833,3.9999999999999996,0.018159701174038916,0.0033012268698456785,0.018457324984313992,0.00030980560470716956,2.047230400145054
1771.0,0.251240648572844,4.000000000000001,0.01815526084457801,0.0032995015159526806,0.018452647685046217,0.0003003495105024512,2.0473689001519233
1772.0,0.25123724400168135,3.9999999999999996,0.018150827757416787,0.0032977847534551258,0.018447979091475924,0.0002908922621095711,2.047521300148219
1773.0,0.2512338411523497,4.000000000000001,0.018146401885944026,0.0032960765171403915,0.018443319164755494,0.0002814336934947037,2.047660900047049
1774.0,0.25123044002122064,4.000000000000001,0.018141983203651606,0.003294376742238267,0.018438667866236363,0.00027197363956707465,2.0477951001375914
1775.0,0.25122704060468204,3.9999999999999996,0.018137571684134105,0.003292685364418775,0.018434025157467938,0.00026251193617421453,2.0479288999922574
1776.0,0.25122364289913846,4.0,0.018133167301088413,0.003291002319789449,0.018429391000196443,0.00025304842009551964,2.048062000190839
1777.0,0.25122024690101097,4.000000000000001,0.018128770028313403,0.003289327544892641,0.018424765356363802,0.00024358292903808865,2.048195900162682
1778.0,0.251216852606737,4.000000000000001,0.018124379839709617,0.003287660976703027,0.01842014818810664,0.00023411530163047756,2.0483286001253873
1779.0,0.2512134600127702,4.0,0.018119996709278906,0.003286002552625054,0.018415539457755148,0.00022464537741806456,2.048462900100276
1780.0,0.25121006911558047,4.0,0.018115620611124057,0.0032843522104902723,0.018410939127831993,0.00021517299685755442,2.04859620006755
1781.0,0.2512066799116539,4.0,0.018111251519448392,0.003282709888555029,0.018406347161051228,0.00020569800131184368,2.0487284001428634
1782.0,0.25120329239749256,4.0,0.01810688940855561,0.0032810755254976147,0.01840176352031736,0.00019622023304485814,2.048860799986869
1783.0,0.2511999065696143,3.9999999999999996,0.01810253425284921,0.0032794490604159663,0.018397188168724102,0.00018673953521647357,2.0489948000758886
1784.0,0.25119652242455287,4.0,0.018098186026832344,0.0032778304328250664,0.01839262106955351,0.00017725575187746423,2.0491363999899477
1785.0,0.251193139958858,4.0,0.01809384470510737,0.0032762195826544147,0.01838806218627483,0.00016776872796403497,2.0492943001445383
1786.0,0.251189759169095,3.9999999999999996,0.01808951026237549,0.003274616450245598,0.01838351148254346,0.00015827830929357467,2.049442799994722
1787.0,0.25118638005184457,3.9999999999999996,0.018085182673436513,0.003273020976349776,0.018378968922200013,0.00014878434255916062,2.0495933000929654
1788.0,0.2511830026037031,3.999999999999999,0.01808086191318841,0.003271433102125153,0.018374434469269185,0.00013928667532417394,2.049745400203392
1789.0,0.25117962682128225,4.0,0.018076547956627033,0.0032698527691347058,0.01836990808795882,0.0001297851560185248,2.049907200038433
1790.0,0.2511762527012093,4.000000000000001,0.018072240778845828,0.0032682799193433218,0.018365389742658902,0.0001202796339325185,2.0501308001112193
1791.0,0.2511728802401266,3.9999999999999996,0.018067940355035346,0.0032667144951159244,0.018360879397940483,0.00011076995921321942,2.050295100081712
1792.0,0.2511695094346915,3.999999999999999,0.01806364666048306,0.0032651564392145844,0.01835637701855476,0.00010125598285820603,2.0504593001678586
1793.0,0.2511661402815768,4.0,0.01805935967057292,0.003263605694796348,0.018351882569432022,9.173755671221251e-05,2.050628100056201
1794.0,0.2511627727774699,4.0,0.01805507936078515,0.0032620622054106373,0.018347396015680764,8.221453346118901e-05,2.050797800067812
1795.0,0.25115940691907346,4.000000000000001,0.01805080570669576,0.003260525914997067,0.018342917322586604,7.26867666282216e-05,2.0509673000779003
1796.0,0.25115604270310493,4.0,0.018046538683976352,0.0032589967678829106,0.018338446455611397,6.315411056870279e-05,2.0511464001610875
1797.0,0.25115268012629627,3.999999999999999,0.018042278268393705,0.003257474708780717,0.01833398338039221,5.3616420465280035e-05,2.0513568001333624
1798.0,0.2511493191853943,4.000000000000001,0.018038024435809416,0.003255959682786146,0.018329528062740363,4.4073552324386256e-05,2.051547400187701
1799.0,0.2511459598771605,4.000000000000001,0.018033777162179774,0.003254451635375247,0.018325080468640606,3.452536296960629e-05,2.0517343000974506
1800.0,0.2511426021983708,4.0,0.018029536423555162,0.0032529505124024955,0.018320640564249983,2.4971710038790285e-05,2.051928900182247
1801.0,0.2511392461458156,4.0,0.018025302196079868,0.0032514562600981845,0.018316208315896972,1.5412451978891184e-05,2.052127000177279
1802.0,0.2511358917162995,4.000000000000001,0.01802107445599178,0.003249968825066381,0.018311783690080626,5.847448041607084e-06,2.052439199993387
1803.0,0.25113253890097403,3.9999999999999996,0.018016799173164656,0.003249236637030257,0.018307446331194483,3.7234417215870064e-06,2.0527934001293033
1804.0,0.25112918767885367,3.999999999999999,0.018012585936935416,0.003247752853640628,0.01830303665334838,1.3350552388990966e-05,2.053006500005722
1805.0,0.2511258380703509,4.0,0.018008379105555583,0.003246275819004462,0.018298634503767324,2.2983528873171677e-05,2.0532057001255453
1806.0,0.25112249007232507,4.000000000000002,0.018004178655725803,0.003244805480533377,0.018294239849575386,3.262251114435899e-05,2.0534037000034004
1807.0,0.2511191436816499,3.999999999999999,0.01799998456423857,0.0032433417860023516,0.01828985265806304,4.226763836612246e-05,2.0535995000973344
1808.0,0.2511157988952124,4.0,0.01799579680797768,0.00324188468354794,0.01828547289668611,5.1919048898591e-05,2.053796400083229
1809.0,0.25111245570991414,4.0,0.017991615363918228,0.0032404341216657148,0.01828110053306512,6.157688030500319e-05,2.0539928001817316
1810.0,0.2511091141226699,4.0,0.017987440209126036,0.003238990049208333,0.018276735534984215,7.124126935448283e-05,2.0543566001579165
1811.0,0.25110577413040847,4.000000000000001,0.017983271320757405,0.003237552415383491,0.018272377870390356,8.091235202822844e-05,2.05462390021421
1812.0,0.2511024357300723,4.0,0.017979108676058723,0.0032361211697516335,0.018268027507392384,9.059026352326027e-05,2.0548349001910537
1813.0,0.2510990989186169,4.0,0.017974952252366207,0.0032346962622241036,0.01826368441426022,0.00010027513825683343,2.055042800027877
1814.0,0.2510957636930121,3.9999999999999996,0.017970802027105513,0.003233277643060827,0.018259348559423925,0.0001099671098717947,2.055250500096008
1815.0,0.25109243005024035,4.0,0.017966657977791397,0.0032318652628683473,0.018255019911472853,0.00011966631123999649,2.0554536001291126
1816.0,0.2510890979872978,4.000000000000001,0.017962520082027516,0.0032304590725976117,0.01825069843915487,0.00012937287446765366,2.055683300131932
1817.0,0.2510857675011938,4.000000000000002,0.01795838831750592,0.0032290590235420267,0.01824638411137536,0.00013908693089956237,2.0559012000449
1818.0,0.251082438588951,4.000000000000002,0.01795426266200687,0.003227665067335341,0.018242076897196518,0.0001488086111231246,2.0561161001678556
1819.0,0.25107911124760507,3.999999999999999,0.017950143093398468,0.0032262771559495914,0.018237776765836423,0.00015853804497295565,2.056331400061026
1820.0,0.25107578547420456,4.0,0.017946029589636245,0.0032248952416931423,0.018233483686668182,0.00016827536153493639,2.0565648002084345
1821.0,0.2510724612658113,3.999999999999999,0.017941922128763048,0.003223519277208357,0.018229197629219204,0.0001780206891513203,2.0567833001259714
1822.0,0.2510691386194997,4.000000000000001,0.0179378206889085,0.0032221492154699293,0.018224918563170243,0.00018777415542409193,2.057000600034371
1823.0,0.2510658175323575,3.9999999999999996,0.017933725248288908,0.0032207850097824868,0.018220646458354726,0.00019753588721982407,2.057208500104025
1824.0,0.2510624980014846,4.000000000000001,0.017929635785206646,0.0032194266137790008,0.018216381284757718,0.00020730601067303622,2.057412800146267
1825.0,0.25105918002399424,4.000000000000001,0.017925552278050236,0.0032180739814182792,0.01821212301251541,0.00021708465119182896,2.0576314001809806
1826.0,0.2510558635970118,3.999999999999999,0.017921474705293653,0.0032167270669833394,0.018207871611913992,0.00022687193346063173,2.057838600128889
1827.0,0.2510525487176753,4.0,0.017917403045496275,0.003215385825079324,0.01820362705338912,0.000236667981444727,2.0580424000509083
1828.0,0.2510492353831355,4.0,0.01791333727730243,0.0032140502106312906,0.018199389307524905,0.0002464729183947745,2.058249599998817
1829.0,0.25104592359055544,4.0,0.01790927737944122,0.003212720178882561,0.01819515834505334,0.00025628686685083557,2.0584541000425816
1830.0,0.2510426133371104,4.000000000000001,0.017905223330726035,0.0032113956853925285,0.01819093413685327,0.00026610994864550985,2.0586622999981046
1831.0,0.2510393046199883,4.000000000000001,0.01790117511005444,0.0032100766860347074,0.018186716653949834,0.00027594228490909756,2.0588599001057446
1832.0,0.25103599743638905,4.0,0.01789713269640771,0.003208763136994875,0.018182505867513507,0.0002857839960730135,2.059054900193587
1833.0,0.25103269178352466,3.9999999999999996,0.017893096068850655,0.003207454994769018,0.018178301748859475,0.00029563520187386727,2.0592416001018137
1834.0,0.2510293876586194,3.9999999999999996,0.01788906520653119,0.003206152216161554,0.018174104269446746,0.0003054960213566271,2.059429500019178
1835.0,0.25102608505890944,4.000000000000001,0.017885040088680183,0.0032048547582831616,0.01816991340087749,0.00031536657288008807,2.0596273001283407
1836.0,0.25102278398164324,3.999999999999999,0.017881020694611057,0.003203562578548929,0.018165729114896213,0.0003252469741197028,2.0598164000548422
1837.0,0.25101948442408073,4.0,0.017877007003719473,0.0032022756346766694,0.018161551383389,0.0003351373420712733,2.0600055002141744
1838.0,0.2510161863834941,4.0,0.017872998995483117,0.0032009938846846915,0.01815738017838282,0.00034503779305536386,2.060228900052607
1839.0,0.251012889857167,4.0,0.01786899664946137,0.0031997172868900377,0.018153215472044744,0.0003549484427208538,2.0605673000682145
1840.0,0.251009594842395,4.000000000000001,0.01786499994529496,0.003198445799906748,0.018149057236681195,0.00036486940604843476,2.06090970011428
1841.0,0.25100630133648527,4.0,0.01786100886270573,0.0031971793826435857,0.018144905444737205,0.00037480079735499605,2.061108000110835
1842.0,0.25100300933675657,4.0,0.017857023381496417,0.0031959179943025847,0.01814076006879582,0.00038474273029659445,2.06128320004791
1843.0,0.25099971884053923,4.0,0.0178530434815501,0.0031946615943770004,0.018136621081577074,0.00039469531787281187,2.0614540001843125
1844.0,0.25099642984517495,4.000000000000001,0.01784906914283027,0.0031934101426494108,0.018132488455937644,0.000404658672429864,2.061620800057426
1845.0,0.25099314234801706,3.9999999999999996,0.017845100345380244,0.0031921635991899017,0.018128362164869807,0.00041463290566481903,2.0617855000309646
1846.0,0.25098985634642995,4.000000000000001,0.01784113706932299,0.0031909219243543637,0.018124242181500893,0.00042461812862867876,2.061950600007549
1847.0,0.2509865718377896,4.0,0.017837179294860936,0.0031896850787823693,0.018120128479092598,0.00043461445173031965,2.0621210001409054
1848.0,0.250983288819483,3.9999999999999996,0.017833227002275482,0.0031884530233957462,0.018116021031040146,0.00044462198473974035,2.0622928000520915
1849.0,0.25098000728890857,3.999999999999999,0.01782928017192688,0.0031872257193963686,0.018111919810871697,0.0004546408367922805,2.062605499988422
1850.0,0.2509767272434754,3.9999999999999996,0.017825338784253884,0.0031860031282646747,0.01810782479224763,0.0004646711163912576,2.062812600051984
1851.0,0.25097344868060406,4.000000000000001,0.017821402819773475,0.0031847852117577184,0.018103735948959834,0.00047471293141210236,2.062996100168675
1852.0,0.2509701715977261,4.0,0.01781747225908061,0.0031835719319072845,0.018099653254931018,0.00048476638910566194,2.063178300159052
1853.0,0.2509668959922837,3.9999999999999996,0.017813547082847873,0.0031823632510184063,0.018095576684214028,0.0004948315961016969,2.0633672000840306
1854.0,0.2509636218617302,4.000000000000001,0.017809627271825258,0.003181159131667388,0.01809150621099119,0.0005049086584120455,2.06355440011248
1855.0,0.2509603492035297,3.9999999999999996,0.017805712806839902,0.0031799595367000087,0.01808744180957362,0.000514997681434648,2.0637529001105577
1856.0,0.25095707801515693,4.0,0.017801803668795697,0.0031787644292299716,0.018083383454400498,0.0005250987699559895,2.0639429001603276
1857.0,0.2509538082940976,4.0,0.01779789983867317,0.003177573772636981,0.01807933112003851,0.0005352120281555128,2.064128200057894
1858.0,0.25095054003784767,4.000000000000001,0.01779400129752912,0.003176387530565157,0.01807528478118112,0.0005453375596082832,2.0643087001517415
1859.0,0.25094727324391425,4.0,0.017790108026496325,0.0031752056669210552,0.01807124441264786,0.0005554754672886797,2.0644886000081897
1860.0,0.25094400790981447,4.0,0.01778622000678332,0.0031740281458724354,0.018067209989383798,0.0005533422654747377,2.0646703001111746
1861.0,0.25094074403307626,3.9999999999999996,0.017782337219674118,0.003172854931845976,0.018063181486458767,0.0005450079386521423,2.0648469000589103
1862.0,0.2509374816112378,4.000000000000001,0.017778459646527883,0.003171685989526158,0.01805915887906679,0.0005366580039938007,2.065018700202927
1863.0,0.2509342206418479,4.0,0.01777458726877875,0.00317052128385298,0.018055142142525394,0.0005282923642337123,2.0651899999938905
1864.0,0.2509309611224654,4.0,0.017770720067935477,0.003169360780020847,0.018051131252274994,0.0005199109226745879,2.0653621000237763
1865.0,0.2509277030506594,4.000000000000002,0.017766858025581235,0.0031682044434765706,0.01804712618387828,0.0005115135831834927,2.0655314000323415
1866.0,0.25092444642400974,4.0,0.01776300112337329,0.003167052239917669,0.018043126913019493,0.00050310025018932,2.0657055000774562
1867.0,0.25092119124010565,3.999999999999999,0.01775914934304276,0.0031659041352910472,0.01803913341550389,0.0004946708286800716,2.0658739001955837
1868.0,0.25091793749654695,3.9999999999999996,0.01775530266639435,0.0031647600957910712,0.01803514566725708,0.0004862252241993048,2.0660379000473768
1869.0,0.25091468519094345,4.000000000000001,0.01775146107530609,0.003163620087857998,0.0180311636443244,0.0004777633428438288,2.066202900139615
1870.0,0.25091143432091495,4.000000000000001,0.01774762455172909,0.003162484078176335,0.01802718732287031,0.00046928509125979123,2.0663634000811726
1871.0,0.2509081848840912,3.999999999999999,0.017743793077687232,0.0031613520336732843,0.018023216679177764,0.00046079037664087386,2.066522100009024
1872.0,0.2509049368781116,4.000000000000001,0.0177399666352769,0.0031602239215172906,0.018019251689647596,0.0004522791067249621,2.06669560004957
1873.0,0.2509016903006259,3.9999999999999996,0.017736145206666845,0.003159099709115989,0.018015292330797968,0.00044375118979045336,2.066851100185886
1874.0,0.2508984451492931,4.000000000000001,0.017732328774097667,0.003157979364115133,0.018011338579263594,0.0004352065346553413,2.0670037001837045
1875.0,0.25089520142178234,4.0,0.017728517319881912,0.003156862854396698,0.018007390411795447,0.00042664505067205316,2.067156200064346
1876.0,0.2508919591157722,4.000000000000001,0.017724710826403468,0.003155750148077398,0.018003447805259826,0.0004180666477263395,2.067309700185433
1877.0,0.25088871822895115,4.000000000000001,0.017720909276117528,0.0031546412135071565,0.017999510736637987,0.00040947123623344406,2.06746290018782
1878.0,0.250885478759017,4.000000000000001,0.017717112651550276,0.00315353601926751,0.01799557918302549,0.0004008587271358832,2.067611300153658
1879.0,0.25088224070367726,4.000000000000001,0.017713320935298555,0.0031524345341701686,0.017991653121631562,0.000392229031900726,2.0677718000952154
1880.0,0.2508790040606488,4.0,0.01770953411002974,0.0031513367272552966,0.017987732529778595,0.00038358206251620786,2.0679214000701904
1881.0,0.25087576882765805,4.0,0.017705752158481358,0.003150242567790162,0.01798381738490147,0.0003749177314896768,2.0680685001425445
1882.0,0.25087253500244067,4.0,0.017701975063460978,0.0031491520252675434,0.01797990766454714,0.00036623595184442914,2.068210800178349
1883.0,0.25086930258274204,3.9999999999999996,0.017698202807845804,0.00314806506940419,0.01797600334637385,0.00035753663711682315,2.0683534001000226
1884.0,0.2508660715663162,4.0,0.01769443537458251,0.0031469816701394644,0.01797210440815072,0.0003488197013547245,2.068496600026265
1885.0,0.2508628419509272,3.9999999999999996,0.017690672746687036,0.0031459017976336,0.017968210827757163,0.0003400850591129545,2.0687839000020176
1886.0,0.2508596137343476,3.9999999999999996,0.017686914907244167,0.0031448254222666066,0.01796432258318221,0.0003313326254526239,2.0689817999955267
1887.0,0.25085638691435946,4.0,0.017683161839407477,0.003143752514636355,0.017960439652524078,0.0003225623159367752,2.069122900022194
1888.0,0.25085316148875386,4.0,0.01767941352639899,0.003142683045557427,0.017956562013989583,0.00031377404662896735,2.0692669001873583
1889.0,0.250849937455331,4.000000000000001,0.017675669951508915,0.003141616986059534,0.017952689645893537,0.00030496773409000033,2.069406800204888
1890.0,0.2508467148119001,3.9999999999999996,0.017671931098095443,0.0031405543073860813,0.017948822526658234,0.000296143295375334,2.0695455002132803
1891.0,0.2508434935562791,4.000000000000001,0.017668196949584464,0.003139494980992838,0.01794496063481291,0.00028730064803328403,2.0696870000101626
1892.0,0.25084027368629513,4.0,0.017664467489469354,0.003138438978546298,0.017941103948993176,0.0002784397101010805,2.069845800055191
1893.0,0.2508370551997841,4.000000000000001,0.01766074270131068,0.003137386271922476,0.017937252447940463,0.0002695604001038687,2.069988400209695
1894.0,0.2508338380945906,4.000000000000002,0.01765702256873606,0.0031363368332053545,0.017933406110501572,0.0002606626370506293,2.0701290001161397
1895.0,0.2508306223685683,4.000000000000001,0.017653307075439818,0.0031352906346854567,0.017929564915628037,0.000251746340432929,2.070268400013447
1896.0,0.2508274080195792,4.000000000000001,0.01764959620518276,0.0031342476488586445,0.01792572884237563,0.00024281143022161777,2.0704245001543313
1897.0,0.25082419504549447,3.999999999999999,0.017645889941791993,0.0031332078484245037,0.017921897869903867,0.00023385782686452528,2.0705661000683904
1898.0,0.2508209834441933,3.9999999999999996,0.017642188269160565,0.003132171206285157,0.01791807197747538,0.0002248854512849341,2.070708099985495
1899.0,0.250817773213564,4.0,0.017638491171247384,0.0031311376955437636,0.01791425114445555,0.00021589422487705567,2.070850000018254
1900.0,0.2508145643515033,3.999999999999999,0.017634798632076856,0.0031301072895031385,0.01791043535031185,0.00020688406950528093,2.0709985001012683
1901.0,0.25081135685591627,4.0,0.017631110635738703,0.0031290799616645357,0.017906624574613412,0.00019785490750165446,2.0711398001294583
1902.0,0.25080815072471657,3.999999999999999,0.017627427166387707,0.0031280556857261627,0.017902818797030456,0.00018880666166221083,2.0712783001363277
1903.0,0.25080494595582625,4.0,0.017623748208243452,0.0031270344355819922,0.017899017997333816,0.0001797392552463084,2.0714169000275433
1904.0,0.25080174254717563,4.000000000000001,0.01762007374559016,0.003126016185320248,0.017895222155394432,0.00017065261197254933,2.071554700145498
1905.0,0.25079854049670375,4.0,0.017616403762776376,0.0031250009092221994,0.01789143125118282,0.00016154665601744722,2.0716924001462758
1906.0,0.2507953398023574,4.0,0.017612738244214752,0.00312398858176092,0.017887645264768572,0.00015242131201301246,2.0718302000313997
1907.0,0.250792140462092,4.0,0.01760907717438188,0.0031229791775997766,0.017883864176319913,0.00014327650504405987,2.0719679000321776
1908.0,0.25078894247387074,4.000000000000001,0.017605420537817957,0.0031219726715913517,0.017880087966103117,0.00013411216064601605,2.072103700134903
1909.0,0.25078574583566565,4.000000000000001,0.017601768319126663,0.0031209690387759234,0.017876316614482107,0.00012492820480206057,2.072237699991092
1910.0,0.2507825505454563,4.0,0.01759812050297481,0.0031199682543804584,0.017872550101917864,0.000115724563942321,2.0723847001791
1911.0,0.2507793566012306,3.9999999999999996,0.01759447707409217,0.0031189702938170956,0.01786878840896798,0.0001065011649398484,2.0725272002164274
1912.0,0.2507761640009842,4.0,0.017590838017271297,0.003117975132682057,0.017865031516286246,9.725793510928504e-05,2.072671700036153
1913.0,0.2507729727427211,4.0,0.017587203317367187,0.003116982746754231,0.017861279404622024,8.799480220456068e-05,2.072823900030926
1914.0,0.25076978282445306,4.000000000000001,0.017583572959297227,0.003115993111994066,0.01785753205481998,7.871169441622805e-05,2.072964700171724
1915.0,0.2507665942441999,4.0,0.017579946928040692,0.003115006204542163,0.017853789447819294,6.940854036943667e-05,2.073106500087306
1916.0,0.2507634069999889,4.0,0.017576325208638815,0.0031140220007183387,0.017850051564653534,6.008526912187895e-05,2.073249400127679
1917.0,0.2507602210898558,4.0,0.017572707786194325,0.003113040477020016,0.017846318386449896,5.07418101612922e-05,2.0733948000706732
1918.0,0.25075703651184356,3.9999999999999996,0.01756909464587138,0.0031120616101213447,0.017842589894428933,4.137809340343246e-05,2.073542500147596
1919.0,0.2507538532640032,3.9999999999999996,0.017565485772895257,0.003111085376871736,0.017838866069903963,3.199404919007609e-05,2.0736967001575977
1920.0,0.2507506713443932,4.000000000000001,0.017561881152552115,0.0031101117542948996,0.017835146894280642,2.25896082863275e-05,2.073849700158462
1921.0,0.25074749075108016,4.000000000000002,0.017558280770188946,0.0031091407195873175,0.017831432349056618,1.3164701878370932e-05,2.074002900160849
1922.0,0.2507443114821377,4.0,0.01755468461121305,0.003108172250117425,0.017827722415820823,3.7192615722769773e-06,2.074162300210446
1923.0,0.2507411335006569,4.0,0.017550988926702267,0.0031096672679967,0.017824344106386513,5.746780608911761e-06,2.0743217000272125
1924.0,0.250737956758111,3.999999999999999,0.017547407193422616,0.0031086715664041887,0.01782064359442581,1.5442128474957295e-05,2.0744998999871314
1925.0,0.250734781334136,4.0,0.017543829595450342,0.003107678677256075,0.01781694765203264,2.5157072585130225e-05,2.0746718000154942
1926.0,0.25073160722683185,4.0,0.017540256118829166,0.0031066885758812123,0.017813256261044325,3.4891688321797565e-05,2.0748433000408113
1927.0,0.25072843443430554,4.0,0.017536686749659827,0.0031057012377902365,0.017809569403388348,4.464605056911375e-05,2.0750150000676513
1928.0,0.2507252629546718,4.0,0.01753312147409993,0.003104716638674241,0.017805887061081927,5.442023371657334e-05,2.0751923001371324
1929.0,0.2507220927860525,4.0,0.0175295602783637,0.003103734754403947,0.0178022092162316,6.421431166306335e-05,2.0753735001198947
1930.0,0.250718923926577,4.000000000000002,0.01752600314872169,0.0031027555610287755,0.017798535851032735,7.402835781905592e-05,2.075559000018984
1931.0,0.25071575637438215,4.0,0.017522450071500616,0.0031017790347756284,0.017794866947769113,8.386244511129903e-05,2.075744300149381
1932.0,0.2507125901276116,4.0,0.017518901033083015,0.003100805152048237,0.01779120248881244,9.371664598431528e-05,2.07593010016717
1933.0,0.25070942518441686,3.9999999999999996,0.017515356019907093,0.003099833889425791,0.017787542456621945,0.00010359103240570322,2.076120200101286
1934.0,0.2507062615429561,4.0,0.01751181501846643,0.003098865223662223,0.017783886833743896,0.00011348567586735858,2.0763154001906514
1935.0,0.250703099201395,4.000000000000001,0.017508278015309783,0.003097899131685157,0.017780235602811216,0.00012340064739008172,2.0765339999925345
1936.0,0.2506999381579063,4.0,0.01750474499704087,0.0030969355905947063,0.017776588746543007,0.00013333601752621438,2.0767601002007723
1937.0,0.2506967784106697,4.000000000000002,0.017501215950318023,0.0030959745776628156,0.01777294624774408,0.00014329185636216546,2.0769643001258373
1938.0,0.2506936199578722,4.0,0.017497690861854164,0.0030950160703319116,0.017769308089304645,0.0001532682335225466,2.077177200000733
1939.0,0.2506904627977076,3.9999999999999996,0.017494169718416403,0.0030940600462142183,0.01776567425419977,0.00016326521817222606,2.0773982000537217
1940.0,0.2506873069283767,4.0,0.017490652506825848,0.0030931064830906348,0.017762044725488972,0.00017328287901963169,2.0776165002025664
1941.0,0.25068415234808755,3.9999999999999996,0.017487139213957517,0.0030921553589094842,0.017758419486315874,0.00018332128432027583,2.0780336000025272
1942.0,0.25068099905505475,4.000000000000002,0.017483629826739906,0.003091206651785994,0.01775479851990766,0.0001933805018786705,2.0782937000039965
1943.0,0.25067784704749996,4.000000000000001,0.017480124332154963,0.0030902603400008687,0.017751181809574773,0.0002034605990522964,2.078518600203097
1944.0,0.25067469632365164,4.000000000000001,0.017476622717237753,0.003089316401999598,0.017747569338710426,0.00021356164275340705,2.078734500100836
1945.0,0.25067154688174514,3.999999999999999,0.01747312496907633,0.003088374816391215,0.017743961090790246,0.00022368369945280353,2.0790123001206666
1946.0,0.2506683987200224,4.0,0.01746963107481143,0.0030874355619475422,0.017740357049371797,0.0002153990412693263,2.0792449000291526
1947.0,0.2506652518367323,4.0,0.017466141021636346,0.003086498617601926,0.017736757198094203,0.00020047753214336161,2.0795115001965314
1948.0,0.2506621062301302,4.000000000000001,0.01746265479679666,0.0030855639624485305,0.017733161520677762,0.00018554249844066062,2.0797555001918226
1949.0,0.25065896189847847,4.0,0.017459172387590143,0.0030846315757409965,0.017729570000923556,0.0001705938694848419,2.079985400196165
1950.0,0.2506558188400458,4.000000000000001,0.017455693781366383,0.003083701436891884,0.017725982622712966,0.0001556315749942916,2.0802145001944155
1951.0,0.2506526770531077,3.9999999999999996,0.017452218965526713,0.003082773525471221,0.01772239937000734,0.00014065554507913802,2.0804427000693977
1952.0,0.2506495365359459,4.000000000000001,0.017448747927523954,0.003081847821205999,0.0177188202268476,0.00012566571024061335,2.0806687001604587
1953.0,0.25064639728684923,4.0,0.01744528065486229,0.003080924303978671,0.01771524517735385,0.00011066200136708448,2.080892800120637
1954.0,0.25064325930411246,4.0,0.01744181713509693,0.0030800029538266102,0.01771167420572492,9.564434973372005e-05,2.081116400193423
1955.0,0.2506401225860372,4.0,0.017438357355834013,0.003079083750940885,0.017708107296238028,8.061268699935398e-05,2.081339200027287
1956.0,0.2506369871309313,4.0,0.017434901304730417,0.0030781666756653325,0.0177045444332484,6.556694520507e-05,2.0817598002031446
1957.0,0.250633852937109,4.000000000000001,0.017431448969493522,0.0030772517084956246,0.01770098560118888,5.050705677164813e-05,2.0820507002063096
1958.0,0.2506307200028911,4.0,0.017428000337881066,0.0030763388300782124,0.017697430784569538,3.543295449817685e-05,2.0822980001103133
1959.0,0.2506275883266047,4.0,0.017424555397700846,0.0030754280212094516,0.017693879967977232,2.0344571559527402e-05,2.0825426999945194
1960.0,0.2506244579065829,4.0,0.017421114136810675,0.0030745192628346073,0.01769033313607536,5.241841504743938e-06,2.082781800068915
1961.0,0.25062132868103754,4.0,0.017417796447087335,0.00307593936429969,0.017687312855406177,9.875301745121412e-06,2.0830214000307024
1962.0,0.2506182005837266,4.0,0.01741436774048847,0.0030750048720746604,0.017683773883542177,2.5137935555474833e-05,2.083282000152394
1963.0,0.2506150737377763,3.9999999999999996,0.01741094263901425,0.0030740726482693485,0.017680238862240582,4.041446303898466e-05,2.0835282001644373
1964.0,0.25061194814154075,4.0,0.01740752113106509,0.0030731426720361226,0.017676707776369642,5.570495358472871e-05,2.0837579001672566
1965.0,0.2506088237933801,4.0,0.01740410320508777,0.0030722149226890872,0.017673180610873074,7.100947618107756e-05,2.0839844001457095
1966.0,0.25060570069166105,4.000000000000001,0.017400688849575255,0.0030712893797031357,0.017669657350769707,8.63280994177762e-05,2.0842118000146
1967.0,0.2506025788347561,3.999999999999999,0.01739727805306654,0.003070366022712972,0.017666137981153122,0.00010166089148874735,2.0844374999869615
1968.0,0.25059945822104374,4.000000000000001,0.017393870804146352,0.0030694448315122243,0.017662622487191193,0.00011700792019339601,2.0846617000643164
1969.0,0.2505963388489089,3.9999999999999996,0.017390467091445205,0.003068525786052128,0.017659110854125852,0.0001323692529401066,2.084887200035155
1970.0,0.25059322071674217,4.0,0.017387066903638993,0.003067608866440959,0.0176556030672726,0.00014774495674721444,2.085108600091189
1971.0,0.25059010382294034,4.000000000000001,0.01738367022944894,0.0030666940529427283,0.01765209911202018,0.00016313509824589234,2.0853361000772566
1972.0,0.25058698816590597,4.0,0.01738027705764146,0.003065781325976287,0.017648598973830275,0.00017853974368228775,2.086252300068736
1973.0,0.2505838737440478,4.0,0.01737688737702785,0.003064870666114447,0.017645102638237008,0.00019395895891904935,2.0865504001267254
1974.0,0.25058076055578016,4.000000000000001,0.01737350117646425,0.003063962054082927,0.017641610090846718,0.00020939280943815808,2.0869343001395464
1975.0,0.25057764859952375,4.0,0.017370118444851496,0.0030630554707591524,0.017638121317337562,0.00022484136034311986,2.087159800110385
1976.0,0.25057453787370454,4.0,0.0173667391711348,0.0030621508971717397,0.017634636303459097,0.00024030467636002029,2.0873866002075374
1977.0,0.2505714283767545,4.0,0.0173633633443037,0.0030612483144991406,0.01763115503503197,0.0002557828218407998,2.0875863002147526
1978.0,0.25056832010711155,4.000000000000002,0.017359990953391965,0.0030603477040688537,0.017627677497947664,0.00027127586076461374,2.087778100045398
1979.0,0.25056521306321927,4.0,0.017356621987477252,0.003059449047356228,0.017624203678167923,0.0002867838567403025,2.08802630007267
1980.0,0.25056210724352695,4.000000000000001,0.0173532564356811,0.0030585523259838705,0.01762073356172463,0.0003023068730080847,2.088226000079885
1981.0,0.25055900264648934,4.0,0.01734989428716872,0.0030576575217203038,0.01761726713471935,0.0002965923932937431,2.0884169000200927
1982.0,0.2505558992705673,4.0,0.01734653553114881,0.0030567646164792336,0.01761380438332297,0.00028510096260275786,2.0885972001124173
1983.0,0.250552797114227,4.0,0.017343180156873396,0.0030558735923185655,0.01761034529377539,0.00027358696519688697,2.0887765001971275
1984.0,0.25054969617594025,3.9999999999999996,0.017339828153637788,0.0030549844314392885,0.017606889852385232,0.00026205034827161966,2.0889562000520527
1985.0,0.2505465964541845,3.9999999999999996,0.017336479510780243,0.0030540971161847333,0.017603438045529374,0.0002504910593948695,2.0891343001276255
1986.0,0.25054349794744274,4.0,0.01733313421768202,0.0030532116290394955,0.017599989859652797,0.00023890904650483713,2.089322900166735
1987.0,0.2505404006542035,4.0,0.01732979226376701,0.0030523279526284775,0.017596545281268024,0.00022730425790781772,2.0894983999896795
1988.0,0.2505373045729607,3.9999999999999996,0.01732645363850177,0.0030514460697160565,0.01759310429695501,0.0002156766422756473,2.0896695000119507
1989.0,0.2505342097022138,3.9999999999999996,0.017323118331395215,0.0030505659632050408,0.017589666893360605,0.00020402614864364899,2.089839900145307
1990.0,0.2505311160404676,4.0,0.017319786331998654,0.0030496876161357684,0.017586233057198444,0.00019235272640824586,2.09001010004431
1991.0,0.2505280235862326,4.0,0.017316457629905465,0.0030488110116851427,0.017582802775248426,0.00018065632532496267,2.0901743001304567
1992.0,0.2505249323380242,3.999999999999999,0.017313132214751017,0.0030479361331657404,0.017579376034356477,0.00016893689550590008,2.0903385002166033
1993.0,0.2505218422943635,4.000000000000001,0.01730981007621254,0.0030470629640249433,0.017575952821434225,0.00015719438741787495,2.090501100057736
1994.0,0.25051875345377694,4.0,0.017306491204008997,0.003046191487843837,0.017572533123458696,0.00014542875187972815,2.0906575000844896
1995.0,0.25051566581479595,4.000000000000001,0.017303175587900864,0.0030453216883364873,0.01756911692747194,0.00013363994006099222,2.0908169001340866
1996.0,0.25051257937595767,3.999999999999999,0.01729986321769001,0.003044453549348922,0.01756570422058071,0.00012182790347908812,2.090975500177592
1997.0,0.2505094941358039,4.0,0.01729655408321959,0.003043587054858294,0.017562294989956217,0.00010999259399746553,2.091133400099352
1998.0,0.2505064100928822,4.0,0.01729324817437389,0.0030427221889717995,0.017558889222833753,9.813396382343798e-05,2.0912974001839757
1999.0,0.2505033272457451,4.000000000000001,0.017289945481078185,0.0030418589359260434,0.017555486906512423,8.625196550623992e-05,2.091455399990082
2000.0,0.25050024559295025,3.9999999999999996,0.017286645993298547,0.0030409972800858817,0.01755208802835476,7.434655193475082e-05,2.0916150000412017
