accepted_step_before_trial,halving,alpha,current_loss,proposal_loss,armijo_target,accepted,total_elapsed_seconds
0,0,0.01,0.29704022762926996,0.2968801321800136,0.297040211589746,True,1.1873701000586152
1,0,0.01,0.2968801321800136,0.2967212276137463,0.2968801162599794,True,1.1876686001196504
2,0,0.01,0.2967212276137463,0.29656349806898497,0.2967212118116061,True,1.1878603000659496
3,0,0.01,0.29656349806898497,0.2964069280648759,0.2965634823831813,True,1.1880380001384765
4,0,0.01,0.2964069280648759,0.2962515024891259,0.29640691249388845,True,1.1882221000269055
5,0,0.01,0.2962515024891259,0.2960972065863422,0.29625148703147036,True,1.1884022001177073
6,0,0.01,0.2960972065863422,0.29594402594676794,0.2960971912405691,True,1.1885817002039403
7,0,0.01,0.29594402594676794,0.2957919464953987,0.29594401071146154,True,1.1887755000498146
8,0,0.01,0.2957919464953987,0.29564095448146743,0.2957919313691759,True,1.1889566001482308
9,0,0.01,0.29564095448146743,0.2954910364682857,0.2956409394629769,True,1.189136300003156
10,0,0.01,0.2954910364682857,0.2953421793234283,0.29549102155620666,True,1.1893167002126575
11,0,0.01,0.2953421793234283,0.2951943702092506,0.2953421645164698,True,1.1894905001390725
12,0,0.01,0.2951943702092506,0.2950475965737249,0.2951943555061503,True,1.1896783001720905
13,0,0.01,0.2950475965737249,0.29490184614158854,0.2950475819732486,True,1.18985760002397
14,0,0.01,0.29490184614158854,0.2947571069057894,0.2949018316425288,True,1.1900300001725554
15,0,0.01,0.2947571069057894,0.2946133671192212,0.29475709250696513,True,1.1902022000867873
16,0,0.01,0.2946133671192212,0.29447061528673735,0.29461335281947676,True,1.1903676001820713
17,0,0.01,0.29447061528673735,0.2943288401574345,0.29447060108494155,True,1.1905316000338644
18,0,0.01,0.2943288401574345,0.294188030717196,0.2943288260524801,True,1.190705900080502
19,0,0.01,0.294188030717196,0.29404817618148715,0.294188016707999,True,1.1908746000844985
20,0,0.01,0.29404817618148715,0.29390926598839284,0.29404816226698577,True,1.191039300058037
21,0,0.01,0.29390926598839284,0.2937712897918891,0.2939092521675472,True,1.191198700107634
22,0,0.01,0.2937712897918891,0.2936342374553427,0.29377127606368036,True,1.1913574000354856
23,0,0.01,0.2936342374553427,0.29349809904522656,0.2936342238187725,True,1.1915152000728995
24,0,0.01,0.29349809904522656,0.29336286482505014,0.29349808549931644,True,1.1916745000053197
25,0,0.01,0.29336286482505014,0.2932285252494901,0.2933628513688408,True,1.1918314001522958
26,0,0.01,0.2932285252494901,0.2930950709587197,0.2932285118820411,True,1.1919854001607746
27,0,0.01,0.2930950709587197,0.29296249277292863,0.2930950576791085,True,1.192138300044462
28,0,0.01,0.29296249277292863,0.2928307816870259,0.2929624795802505,True,1.1922892001457512
29,0,0.01,0.2928307816870259,0.2926999288655201,0.2928307685803931,True,1.1924366001039743
30,0,0.01,0.2926999288655201,0.29256992563757167,0.2926999158440614,True,1.1925846000667661
31,0,0.01,0.29256992563757167,0.2924407634922095,0.29256991270043214,True,1.1927426001057029
32,0,0.01,0.2924407634922095,0.29231243407370866,0.2924407506385497,True,1.1928876000456512
33,0,0.01,0.29231243407370866,0.2921849291771215,0.2923124213027044,True,1.1930306002032012
34,0,0.01,0.2921849291771215,0.29205824074395836,0.2921849164879633,True,1.193172600120306
35,0,0.01,0.29205824074395836,0.29193236085801216,0.2920582281358511,True,1.1933147001545876
36,0,0.01,0.29193236085801216,0.291807281741321,0.2919323483301746,True,1.1934558001812547
37,0,0.01,0.291807281741321,0.29168299575026707,0.2918072692929855,True,1.193639700068161
38,0,0.01,0.29168299575026707,0.2915594953718033,0.2916829833806791,True,1.1940446000080556
39,0,0.01,0.2915594953718033,0.29143677321980654,0.2915594830802211,True,1.1942160001490265
40,0,0.01,0.29143677321980654,0.29131482203155057,0.29143676100550087,True,1.1943811001256108
41,0,0.01,0.29131482203155057,0.29119363466429704,0.2913148098938041,True,1.194538300158456
42,0,0.01,0.29119363466429704,0.29107320409199866,0.29119362260240433,True,1.1946936000604182
43,0,0.01,0.29107320409199866,0.2909535234021113,0.29107319210526567,True,1.1948467001784593
44,0,0.01,0.2909535234021113,0.2908345857925111,0.29095351148985504,True,1.1950000000651926
45,0,0.01,0.2908345857925111,0.2907163845685147,0.29083457395405954,True,1.1951527001801878
46,0,0.01,0.2907163845685147,0.2905989131399947,0.29071637280320617,True,1.1953026000410318
47,0,0.01,0.2905989131399947,0.2904821650185937,0.2905989014471779,True,1.1954493001103401
48,0,0.01,0.2904821650185937,0.2903661338150263,0.29048215339762723,True,1.1955967000685632
49,0,0.01,0.2903661338150263,0.2902508132364719,0.2903661222652785,True,1.1957667001988739
50,0,0.01,0.2902508132364719,0.2901361970840523,0.2902508017573206,True,1.195916200056672
51,0,0.01,0.2901361970840523,0.2900222792503911,0.2901361856748845,True,1.1960645001381636
52,0,0.01,0.2900222792503911,0.2899090537172539,0.2900222679106027,True,1.196213100105524
53,0,0.01,0.2899090537172539,0.2897965145532644,0.2899090424462497,True,1.1963611000683159
54,0,0.01,0.2897965145532644,0.2896846559116957,0.2897965033504576,True,1.1965137000661343
55,0,0.01,0.2896846559116957,0.28957347202833295,0.28968464477650785,True,1.196665900060907
56,0,0.01,0.28957347202833295,0.28946295721940507,0.2895734609601937,True,1.1968184001743793
57,0,0.01,0.28946295721940507,0.2893531058795842,0.2894629462177519,True,1.196970800170675
58,0,0.01,0.2893531058795842,0.2892439124800489,0.28935309494386235,True,1.1971211000345647
59,0,0.01,0.2892439124800489,0.28913537156661107,0.28924390160971114,True,1.1972783000674099
60,0,0.01,0.28913537156661107,0.28902747775790166,0.2891353607611175,True,1.1974369001109153
61,0,0.01,0.28902747775790166,0.2889202257436161,0.28902746701671944,True,1.197601100197062
62,0,0.01,0.2889202257436161,0.2888136102828154,0.2889202150662194,True,1.1977822000626475
63,0,0.01,0.2888136102828154,0.2887076262022809,0.28881359966868525,True,1.1979473000392318
64,0,0.01,0.2887076262022809,0.2886022683949234,0.288707615650905,True,1.19811060000211
65,0,0.01,0.2886022683949234,0.28849753181824117,0.28860225790579586,True,1.1982766001019627
66,0,0.01,0.28849753181824117,0.2883934114928284,0.2884975213908625,True,1.1984468000009656
67,0,0.01,0.2883934114928284,0.28828990250092956,0.28839340112670525,True,1.1986211000476032
68,0,0.01,0.28828990250092956,0.2881869999850408,0.28828989219557477,True,1.1987978999968618
69,0,0.01,0.2881869999850408,0.2880846991465551,0.28818698973997303,True,1.1989745001774281
70,0,0.01,0.2880846991465551,0.28798299524444976,0.2880846889612988,True,1.199155000038445
71,0,0.01,0.28798299524444976,0.2878818835940154,0.2879829851185351,True,1.1993393001612276
72,0,0.01,0.2878818835940154,0.2877813595656246,0.287881873526978,True,1.199524300172925
73,0,0.01,0.2877813595656246,0.2876814185835398,0.28778134955700563,True,1.199732500128448
74,0,0.01,0.2876814185835398,0.28758205612475707,0.2876814086328856,True,1.199928699992597
75,0,0.01,0.28758205612475707,0.2874832677178861,0.2875820462316192,True,1.2001243000850081
76,0,0.01,0.2874832677178861,0.2873850489420665,0.28748325788182133,True,1.2003207001835108
77,0,0.01,0.2873850489420665,0.28728739542591514,0.28738503916263636,True,1.2005161000415683
78,0,0.01,0.28728739542591514,0.2871903028465075,0.28728738570268614,True,1.2007115001324564
79,0,0.01,0.2871903028465075,0.2870937669283896,0.287190293179051,True,1.2009091000072658
80,0,0.01,0.2870937669283896,0.28699778344262084,0.2870937573162815,True,1.2011053999885917
81,0,0.01,0.28699778344262084,0.2869023482058449,0.2869977738854417,True,1.2013034000992775
82,0,0.01,0.2869023482058449,0.2868074570793898,0.2869023387031797,True,1.2014931000303477
83,0,0.01,0.2868074570793898,0.2867131059683953,0.286807447630828,True,1.2016931001562625
84,0,0.01,0.2867131059683953,0.2866192908209648,0.2867130965735306,True,1.2018840000964701
85,0,0.01,0.2866192908209648,0.2865260076273465,0.2866192814793953,True,1.202118800021708
86,0,0.01,0.2865260076273465,0.2864332524191342,0.2865259983386742,True,1.2023306000046432
87,0,0.01,0.2864332524191342,0.28634102126849564,0.2864332431829654,True,1.2025202000513673
88,0,0.01,0.28634102126849564,0.2862493102874226,0.2863410120844405,True,1.2028279001824558
89,0,0.01,0.2862493102874226,0.2861581156270027,0.28624930115509534,True,1.2030643001198769
90,0,0.01,0.2861581156270027,0.28606743347671304,0.28615810654602125,True,1.2032508000265807
91,0,0.01,0.28606743347671304,0.28597726006373414,0.2860674244466992,True,1.2034287001006305
92,0,0.01,0.28597726006373414,0.2858875916522853,0.2859772510843134,True,1.2036029000300914
93,0,0.01,0.2858875916522853,0.28579842454297677,0.2858875827230868,True,1.2037763001862913
94,0,0.01,0.28579842454297677,0.285709755072183,0.2857984156636333,True,1.2039482002146542
95,0,0.01,0.285709755072183,0.28562157961143286,0.2857097462423308,True,1.2041243000421673
96,0,0.01,0.28562157961143286,0.2855338945668167,0.28562157083071177,True,1.20430240011774
97,0,0.01,0.2855338945668167,0.2854466963784122,0.2855338858348698,True,1.204591500107199
98,0,0.01,0.2854466963784122,0.28535998151972375,0.285446687694886,True,1.2047828000504524
99,0,0.01,0.28535998151972375,0.2852737464971405,0.2853599728842681,True,1.2049716000910848
100,0,0.01,0.2852737464971405,0.28518798784940735,0.2852737379094085,True,1.2051636001560837
101,0,0.01,0.28518798784940735,0.28510270214711153,0.28518797930905526,True,1.205353100085631
102,0,0.01,0.28510270214711153,0.2850178859921839,0.28510269365379876,True,1.2055405001156032
103,0,0.01,0.2850178859921839,0.2849335360174129,0.285017877545573,True,1.2057353002019227
104,0,0.01,0.2849335360174129,0.28484964888597253,0.28493352761716934,True,1.2059287000447512
105,0,0.01,0.28484964888597253,0.28476622129096324,0.284849640531765,True,1.2061201001051813
106,0,0.01,0.28476622129096324,0.28468324995496425,0.28476621298246313,True,1.2063262001611292
107,0,0.01,0.28468324995496425,0.284600731629599,0.2846832416918461,True,1.2065140001941472
108,0,0.01,0.284600731629599,0.2845186630951121,0.2846007234115401,True,1.2066988002043217
109,0,0.01,0.2845186630951121,0.284437041159956,0.28451865492179257,True,1.2068772001657635
110,0,0.01,0.284437041159956,0.28435586266039115,0.2844370330310588,True,1.2070552001241595
111,0,0.01,0.28435586266039115,0.2842751244600936,0.284355854575602,True,1.207231500186026
112,0,0.01,0.2842751244600936,0.2841948234497751,0.2842751164191008,True,1.2074065001215786
113,0,0.01,0.2841948234497751,0.2841149565468122,0.28419481545226977,True,1.2075762001331896
114,0,0.01,0.2841149565468122,0.2840355206948838,0.2841149485924881,True,1.2077467001508921
115,0,0.01,0.2840355206948838,0.2839565128636199,0.2840355127834372,True,1.2079164001625031
116,0,0.01,0.2839565128636199,0.28387793004825745,0.2839565049947497,True,1.208086800063029
117,0,0.01,0.28387793004825745,0.28379976926930556,0.2838779222216651,True,1.2082677001599222
118,0,0.01,0.28379976926930556,0.28372202757221865,0.28379976148469493,True,1.2084346001502126
119,0,0.01,0.28372202757221865,0.2836447020270778,0.2837220198292962,True,1.2085993001237512
120,0,0.01,0.2836447020270778,0.28356778972828034,0.28364469432555234,True,1.2087637002114207
121,0,0.01,0.28356778972828034,0.2834912877942352,0.2835677820678631,True,1.208928600186482
122,0,0.01,0.2834912877942352,0.2834151933670681,0.2834912801746398,True,1.2090924000367522
123,0,0.01,0.2834151933670681,0.28333950361233146,0.28341518578801056,True,1.2092508000787348
124,0,0.01,0.28333950361233146,0.28326421571872196,0.28333949607353,True,1.2094087000004947
125,0,0.01,0.28326421571872196,0.283189326897805,0.28326420821989723,True,1.2095636001322418
126,0,0.01,0.283189326897805,0.2831148343837451,0.28318931943867987,True,1.209717300022021
127,0,0.01,0.2831148343837451,0.28304073543304226,0.28311482696404455,True,1.2098706001415849
128,0,0.01,0.28304073543304226,0.28296702732427453,0.2830407280524937,True,1.2100235000252724
129,0,0.01,0.28296702732427453,0.2828937073578467,0.2829670199826074,True,1.2101833000779152
130,0,0.01,0.2828937073578467,0.2828207728557436,0.2828937000547927,True,1.2103366001974791
131,0,0.01,0.2828207728557436,0.2827482211612894,0.2828207655910365,True,1.2107123001478612
132,0,0.01,0.2827482211612894,0.28267604963891246,0.2827482139346652,True,1.2108728000894189
133,0,0.01,0.28267604963891246,0.28260425567391423,0.28267604245010913,True,1.211080800043419
134,0,0.01,0.28260425567391423,0.28253283667224355,0.2826042485226718,True,1.211248200153932
135,0,0.01,0.28253283667224355,0.28246179006027644,0.2825328295583042,True,1.2114154000300914
136,0,0.01,0.28246179006027644,0.28239111328459876,0.2824617829833843,True,1.21155900019221
137,0,0.01,0.28239111328459876,0.28232080381179514,0.28239110624450003,True,1.2116997002158314
138,0,0.01,0.28232080381179514,0.2822508591282406,0.28232079680823796,True,1.211840300122276
139,0,0.01,0.2822508591282406,0.2821812767398973,0.28225085216097506,True,1.211981600150466
140,0,0.01,0.2821812767398973,0.28211205417211516,0.2821812698086754,True,1.2121216000523418
141,0,0.01,0.28211205417211516,0.2820431889694359,0.2821120472766909,True,1.212273000041023
142,0,0.01,0.2820431889694359,0.28197467869540177,0.28204318210956525,True,1.2124075000174344
143,0,0.01,0.28197467869540177,0.2819065209323667,0.2819746718708424,True,1.2125419001094997
144,0,0.01,0.2819065209323667,0.28183871328131194,0.28190651414287826,True,1.2126910001970828
145,0,0.01,0.28183871328131194,0.28177125336166514,0.281838706526656,True,1.212826200062409
146,0,0.01,0.28177125336166514,0.2817041388111218,0.2817712466416049,True,1.212961400160566
147,0,0.01,0.2817041388111218,0.2816373672854709,0.28170413212542245,True,1.213097000028938
148,0,0.01,0.2816373672854709,0.2815709364584237,0.2816373606338994,True,1.2132344001438469
149,0,0.01,0.2815709364584237,0.28150484402144454,0.28157092984074866,True,1.2133691001217812
150,0,0.01,0.28150484402144454,0.2814390876835857,0.2815048374374365,True,1.2135033002123237
151,0,0.01,0.2814390876835857,0.28137366517132456,0.28143908113301686,True,1.2136358001735061
152,0,0.01,0.28137366517132456,0.28130857422840294,0.28137365865396885,True,1.213770000031218
153,0,0.01,0.28130857422840294,0.2812438126156711,0.281308567744036,True,1.213903299998492
154,0,0.01,0.2812438126156711,0.28117937811093147,0.2812438061640703,True,1.2140359000768512
155,0,0.01,0.28117937811093147,0.28111526850878804,0.28117937169187585,True,1.2141787000000477
156,0,0.01,0.28111526850878804,0.2810514816204948,0.28111526212205834,True,1.2143166000023484
157,0,0.01,0.2810514816204948,0.2809880152738098,0.2810514752658734,True,1.2144518999848515
158,0,0.01,0.2809880152738098,0.28092486731284927,0.2809880089510806,True,1.2145864001940936
159,0,0.01,0.28092486731284927,0.280862035597945,0.28092486102179803,True,1.2147204000502825
160,0,0.01,0.280862035597945,0.28079951800550346,0.28086202933835885,True,1.214854700025171
161,0,0.01,0.28079951800550346,0.28073731242786754,0.28079951177717133,True,1.2149887001141906
162,0,0.01,0.28073731242786754,0.2806754167731793,0.2807373062305798,True,1.2151228000875562
163,0,0.01,0.2806754167731793,0.2806138289652462,0.28067541060672796,True,1.2152566001750529
164,0,0.01,0.2806138289652462,0.28055254694340803,0.2806138228294248,True,1.2153909001499414
165,0,0.01,0.28055254694340803,0.2804915686624059,0.2805525408380117,True,1.2155243000015616
166,0,0.01,0.2804915686624059,0.2804308920922538,0.2804915625872312,True,1.2156576002016664
167,0,0.01,0.2804308920922538,0.28037051521811107,0.28043088604709887,True,1.2157930000685155
168,0,0.01,0.28037051521811107,0.28031043604015704,0.28037050920277556,True,1.2159266001544893
169,0,0.01,0.28031043604015704,0.2802506525734672,0.2803104300544421,True,1.2160602000076324
170,0,0.01,0.2802506525734672,0.2801911628478914,0.28025064661717547,True,1.2162049000617117
171,0,0.01,0.2801911628478914,0.2801319649079326,0.28019115692082697,True,1.216343100182712
172,0,0.01,0.2801319649079326,0.2800730568126281,0.2801319590099009,True,1.2164800001773983
173,0,0.01,0.2800730568126281,0.2800144366354325,0.28007305094343626,True,1.2166142000351101
174,0,0.01,0.2800144366354325,0.2799561024641011,0.28001443079488886,True,1.2167485000099987
175,0,0.01,0.2799561024641011,0.2798980524005755,0.2799560966520155,True,1.2168820002116263
176,0,0.01,0.2798980524005755,0.27984028456086985,0.27989804661675927,True,1.2170166000723839
177,0,0.01,0.27984028456086985,0.2797827970749598,0.2798402788051355,True,1.2171500001568347
178,0,0.01,0.2797827970749598,0.2797255880866712,0.2797827913471215,True,1.2172838000115007
179,0,0.01,0.2797255880866712,0.2796686557535712,0.27972558238654427,True,1.2174170000944287
180,0,0.01,0.2796686557535712,0.2796119982468599,0.27966865008097247,True,1.2175505000632256
181,0,0.01,0.2796119982468599,0.27955561375126375,0.2796119926016075,True,1.2177483001723886
182,0,0.01,0.27955561375126375,0.2794995004649297,0.2795556081331772,True,1.2185572001617402
183,0,0.01,0.2794995004649297,0.279443656599321,0.2794994948738298,True,1.2189017001073807
184,0,0.01,0.279443656599321,0.27938808037911367,0.2794436510350298,True,1.2193087001796812
185,0,0.01,0.27938808037911367,0.27933277004209384,0.2793880748414547,True,1.2194598000496626
186,0,0.01,0.27933277004209384,0.27927772383905747,0.27933276453089184,True,1.2196012001950294
187,0,0.01,0.27927772383905747,0.2792229400337096,0.2792777183541385,True,1.2197402000892907
188,0,0.01,0.2792229400337096,0.27916841690256533,0.279222934574901,True,1.2198799999896437
189,0,0.01,0.27916841690256533,0.2791141527348521,0.2791684114696957,True,1.220018899999559
190,0,0.01,0.2791141527348521,0.2790601458324121,0.27911414732775125,True,1.2201570000033826
191,0,0.01,0.2790601458324121,0.27900639450960657,0.2790601404509112,True,1.2202956001274288
192,0,0.01,0.27900639450960657,0.2789528970932203,0.279006389153538,True,1.2204334000125527
193,0,0.01,0.2789528970932203,0.2788996519223677,0.27895289176241767,True,1.2205711000133306
194,0,0.01,0.2788996519223677,0.2788466573483991,0.27889964661666583,True,1.2207087001297623
195,0,0.01,0.2788466573483991,0.27879391173480833,0.278846652067634,True,1.2209707000292838
196,0,0.01,0.27879391173480833,0.2787414134571417,0.2787939064788173,True,1.2211721001658589
197,0,0.01,0.2787414134571417,0.278689160902906,0.2787414082257632,True,1.2213252000510693
198,0,0.01,0.278689160902906,0.27863715247148,0.27868915569597963,True,1.221474900143221
199,0,0.01,0.27863715247148,0.2785853865740242,0.27863714728884664,True,1.2216231001075357
200,0,0.01,0.2785853865740242,0.27853386163339316,0.2785853814155258,True,1.2217774000018835
201,0,0.01,0.27853386163339316,0.2784825760840475,0.27853385649887286,True,1.221939500188455
202,0,0.01,0.2784825760840475,0.2784315283719678,0.2784825709733496,True,1.2220885001588613
203,0,0.01,0.2784315283719678,0.2783807169545677,0.2784315232849378,True,1.222232500091195
204,0,0.01,0.2783807169545677,0.27833014030060926,0.2783807118910522,True,1.222375800134614
205,0,0.01,0.27833014030060926,0.2782797968901183,0.27833013526045597,True,1.2225189001765102
206,0,0.01,0.2782797968901183,0.27822968521430025,0.2782797918731761,True,1.2226597000844777
207,0,0.01,0.27822968521430025,0.27817980377545753,0.27822968022041905,True,1.2228012001141906
208,0,0.01,0.27817980377545753,0.2781301510869066,0.2781797988044884,True,1.2229510000906885
209,0,0.01,0.2781301510869066,0.27808072567289627,0.27813014613870163,True,1.2230975001584738
210,0,0.01,0.27808072567289627,0.278031526068527,0.2780807207473088,True,1.2232399000786245
211,0,0.01,0.278031526068527,0.2779825508196699,0.2780315211654113,True,1.223382700001821
212,0,0.01,0.2779825508196699,0.2779337984828872,0.27798254593888133,True,1.2235245001502335
213,0,0.01,0.2779337984828872,0.27788526762535315,0.2779337936242823,True,1.2236645000521094
214,0,0.01,0.27788526762535315,0.27783695682477527,0.27788526278878933,True,1.223802600055933
215,0,0.01,0.27783695682477527,0.27778886466931674,0.27783695201011116,True,1.223953700158745
216,0,0.01,0.27778886466931674,0.2777409897575183,0.2777888598764119,True,1.2240943000651896
217,0,0.01,0.2777409897575183,0.2776933306982226,0.27774098498623334,True,1.2242333001922816
218,0,0.01,0.2776933306982226,0.2776458861104969,0.2776933259484192,True,1.2243730002082884
219,0,0.01,0.2776458861104969,0.2775986546235587,0.2776458813820377,True,1.2245160001330078
220,0,0.01,0.2775986546235587,0.2775516348766998,0.27759864991630745,True,1.2246591001749039
221,0,0.01,0.2775516348766998,0.27750482551921224,0.27755163019052115,True,1.2248062000144273
222,0,0.01,0.27750482551921224,0.2774582252103144,0.2775048208539718,True,1.2249630000442266
223,0,0.01,0.2774582252103144,0.2774118326190776,0.2774582205658789,True,1.2251146000344306
224,0,0.01,0.2774118326190776,0.27736564642435346,0.27741182799531466,True,1.2252663001418114
225,0,0.01,0.27736564642435346,0.27731966531470165,0.27736564182113166,True,1.2254199001472443
226,0,0.01,0.27731966531470165,0.27727388798831776,0.2773196607318906,True,1.2255774000659585
227,0,0.01,0.27727388798831776,0.2772283131529627,0.277273883425788,True,1.2257352001033723
228,0,0.01,0.2772283131529627,0.2771829395258918,0.2772283086105857,True,1.2258927000220865
229,0,0.01,0.2771829395258918,0.2771377658337844,0.2771829350035401,True,1.2260676000732929
230,0,0.01,0.2771377658337844,0.27709279081267435,0.2771377613313313,True,1.2262318001594394
231,0,0.01,0.27709279081267435,0.2770480132078809,0.27709278632999407,True,1.2263962000142783
232,0,0.01,0.2770480132078809,0.2770034317739401,0.27704800874484875,True,1.226566300028935
233,0,0.01,0.2770034317739401,0.2769590452745362,0.2770034273304322,True,1.2267370000481606
234,0,0.01,0.2769590452745362,0.27691485248243447,0.27695904085042955,True,1.2269610001239926
235,0,0.01,0.27691485248243447,0.27687085217941365,0.27691484807760713,True,1.2273901000153273
236,0,0.01,0.27687085217941365,0.2768270431561992,0.2768708477937444,True,1.2276000001002103
237,0,0.01,0.2768270431561992,0.27678342421239727,0.2768270387895678,True,1.2277920001652092
238,0,0.01,0.27678342421239727,0.27673999415642847,0.2767834198646843,True,1.227982000214979
239,0,0.01,0.27673999415642847,0.2766967518054628,0.27673998982751546,True,1.2281719001475722
240,0,0.01,0.2766967518054628,0.2766536959853547,0.27669674749523215,True,1.228360100183636
241,0,0.01,0.2766536959853547,0.2766108255305785,0.27665369169368964,True,1.2285496999975294
242,0,0.01,0.2766108255305785,0.27656813928416457,0.276610821257363,True,1.2287359000183642
243,0,0.01,0.27656813928416457,0.2765256360976355,0.27656813502928373,True,1.2289450000971556
244,0,0.01,0.2765256360976355,0.2764833148309428,0.276525631860975,True,1.2291312001179904
245,0,0.01,0.2764833148309428,0.27644117435240523,0.27648331061238934,True,1.2293106000870466
246,0,0.01,0.27644117435240523,0.2763992135386452,0.2764411701518462,True,1.2294901001732796
247,0,0.01,0.2763992135386452,0.2763574312745278,0.27639920935596896,True,1.229667300125584
248,0,0.01,0.2763574312745278,0.27631582645309877,0.27635742710962335,True,1.229847100097686
249,0,0.01,0.27631582645309877,0.2762743979755244,0.2763158223058561,True,1.2300242001656443
250,0,0.01,0.2762743979755244,0.2762331447510298,0.27627439384583424,True,1.230199299985543
251,0,0.01,0.2762331447510298,0.27619206569683974,0.2762331406387836,True,1.2303712000139058
252,0,0.01,0.27619206569683974,0.2761511597381183,0.2761920616019299,True,1.230542300036177
253,0,0.01,0.2761511597381183,0.2761104258079097,0.2761511556604379,True,1.2307105001527816
254,0,0.01,0.2761104258079097,0.27606986284707946,0.27611042174735256,True,1.230889500118792
255,0,0.01,0.27606986284707946,0.2760294698042554,0.27606985880354035,True,1.2310562001075596
256,0,0.01,0.2760294698042554,0.2759892456357704,0.2760294657776297,True,1.231220600195229
257,0,0.01,0.2759892456357704,0.27594918930560375,0.27598924162595434,True,1.2313874000683427
258,0,0.01,0.27594918930560375,0.2759092997853243,0.2759491853124943,True,1.231546700000763
259,0,0.01,0.2759092997853243,0.27586957605403306,0.2759092958088192,True,1.2317055000457913
260,0,0.01,0.27586957605403306,0.27583001709830723,0.27586957209403073,True,1.2318627000786364
261,0,0.01,0.27583001709830723,0.27579062191214365,0.27583001315470695,True,1.2320201999973506
262,0,0.01,0.27579062191214365,0.27575138949690264,0.27579061798484533,True,1.2321781001519412
263,0,0.01,0.27575138949690264,0.27571231886125347,0.275751385585807,True,1.2323300000280142
264,0,0.01,0.27571231886125347,0.2756734090211187,0.27571231496626186,True,1.2324822000227869
265,0,0.01,0.2756734090211187,0.2756346589996195,0.2756734051421333,True,1.232633600011468
266,0,0.01,0.2756346589996195,0.2755960678270211,0.2756346551365431,True,1.2327914000488818
267,0,0.01,0.2755960678270211,0.2755576345406799,0.27559606397975733,True,1.2329453001730144
268,0,0.01,0.2755576345406799,0.2755193581849885,0.275557630709133,True,1.2330964000429958
269,0,0.01,0.2755193581849885,0.27548123781132383,0.27551935436906344,True,1.2332449001260102
270,0,0.01,0.27548123781132383,0.2754432724779933,0.2754812340109263,True,1.2333881000522524
271,0,0.01,0.2754432724779933,0.27540546125018284,0.27544326869302954,True,1.233529900200665
272,0,0.01,0.27540546125018284,0.2753678031999046,0.27540545748055995,True,1.2336725001223385
273,0,0.01,0.2753678031999046,0.2753302974059455,0.2753677994455303,True,1.2338121000211686
274,0,0.01,0.2753302974059455,0.27529294295381523,0.2753302936667282,True,1.233948500128463
275,0,0.01,0.27529294295381523,0.2752557389356957,0.2752929392296639,True,1.2340860001277179
276,0,0.01,0.2752557389356957,0.27521868445039044,0.27525573522652014,True,1.2342243001330644
277,0,0.01,0.27521868445039044,0.27518177860327353,0.27521868075610095,True,1.2343567002099007
278,0,0.01,0.27518177860327353,0.27514502050624023,0.27518177492378115,True,1.2344902001786977
279,0,0.01,0.27514502050624023,0.27510840927765734,0.2751450168414567,True,1.2346225001383573
280,0,0.01,0.27510840927765734,0.27507194404231367,0.27510840562749495,True,1.2347560999915004
281,0,0.01,0.27507194404231367,0.2750356239313709,0.2750719404066853,True,1.2349028000608087
282,0,0.01,0.2750356239313709,0.2749994480823153,0.2750356203101902,True,1.2350383000448346
283,0,0.01,0.2749994480823153,0.2749634156389091,0.2749994444754965,True,1.2351731001399457
284,0,0.01,0.2749634156389091,0.274927525751143,0.27496341204636704,True,1.2353074999991804
285,0,0.01,0.274927525751143,0.27489177757518773,0.27492752217279315,True,1.23556900001131
286,0,0.01,0.27489177757518773,0.27485617027334774,0.27489177401094617,True,1.2357094001490623
287,0,0.01,0.27485617027334774,0.2748207030140135,0.2748561667231312,True,1.2358465001452714
288,0,0.01,0.2748207030140135,0.27478537497161526,0.2748206994777392,True,1.235981300007552
289,0,0.01,0.27478537497161526,0.2747501853265762,0.27478537144920107,True,1.236116300104186
290,0,0.01,0.2747501853265762,0.27471513326526725,0.27475018181794064,True,1.2362508000805974
291,0,0.01,0.27471513326526725,0.2746802179799608,0.2747151297703294,True,1.2363847000524402
292,0,0.01,0.2746802179799608,0.2746454386687854,0.27468021449864033,True,1.2365171001292765
293,0,0.01,0.2746454386687854,0.27461079453568094,0.2746454352010026,True,1.2366502000950277
294,0,0.01,0.27461079453568094,0.274576284790354,0.2746107910813566,True,1.2367935001384467
295,0,0.01,0.274576284790354,0.2745419086482332,0.27457628134940953,True,1.236932700034231
296,0,0.01,0.2745419086482332,0.27450766533042525,0.2745419052205906,True,1.237067800015211
297,0,0.01,0.27450766533042525,0.2744735540636708,0.274507661916007,True,1.2372008000966161
298,0,0.01,0.2744735540636708,0.27443957408030195,0.2744735506624,True,1.237334700068459
299,0,0.01,0.27443957408030195,0.274405724618198,0.27443957069210223,True,1.2374679001513869
300,0,0.01,0.274405724618198,0.27437200492074343,0.2744057212429936,True,1.2376054001506418
301,0,0.01,0.27437200492074343,0.27433841423678473,0.2743720015584591,True,1.2377381999976933
302,0,0.01,0.27433841423678473,0.27430495182058845,0.2743384108873458,True,1.2378711001947522
303,0,0.01,0.27430495182058845,0.2742716169317994,0.2743049484839207,True,1.2380046001635492
304,0,0.01,0.2742716169317994,0.27423840883539896,0.27427161360782915,True,1.2381376000121236
305,0,0.01,0.27423840883539896,0.27420532680166343,0.27423840552405315,True,1.238269800087437
306,0,0.01,0.27420532680166343,0.27417237010612316,0.2742053235028695,True,1.2384039000608027
307,0,0.01,0.27417237010612316,0.2741395380295223,0.27417236681980905,True,1.2385373001452535
308,0,0.01,0.2741395380295223,0.2741068298577773,0.2741395347556164,True,1.2386722001247108
309,0,0.01,0.2741068298577773,0.2740742448819379,0.2741068265962087,True,1.2388155001681298
310,0,0.01,0.2740742448819379,0.27404178239814664,0.274074241632636,True,1.2389536001719534
311,0,0.01,0.27404178239814664,0.274009441707599,0.2740417791610415,True,1.239088400034234
312,0,0.01,0.274009441707599,0.2739772221165047,0.2740094384826211,True,1.239221900003031
313,0,0.01,0.2739772221165047,0.2739451229360489,0.27397721890358506,True,1.2393550002016127
314,0,0.01,0.2739451229360489,0.27391314348235246,0.2739451197351189,True,1.2394885001704097
315,0,0.01,0.27391314348235246,0.2738812830764342,0.2739131402933442,True,1.239621400134638
316,0,0.01,0.2738812830764342,0.27384954104417303,0.27388127989928013,True,1.239754999987781
317,0,0.01,0.27384954104417303,0.2738179167162693,0.273849537878806,True,1.2398881001863629
318,0,0.01,0.2738179167162693,0.27378640942820776,0.27381791356262286,True,1.240021200152114
319,0,0.01,0.27378640942820776,0.2737550185202199,0.27378640628621576,True,1.2401551001239568
320,0,0.01,0.2737550185202199,0.2737237433372473,0.27375501538981667,True,1.2402889002114534
321,0,0.01,0.2737237433372473,0.27369258322890455,0.27372374021836776,True,1.2404227000661194
322,0,0.01,0.27369258322890455,0.2736615375494428,0.273692580121484,True,1.2405559001490474
323,0,0.01,0.2736615375494428,0.27363060565771347,0.27366153445341695,True,1.2406893000006676
324,0,0.01,0.27363060565771347,0.27359978691713244,0.27363060257301863,True,1.2408308000303805
325,0,0.01,0.27359978691713244,0.2735690806956444,0.27359978384370526,True,1.2409675000235438
326,0,0.01,0.2735690806956444,0.273538486365687,0.273569077633422,True,1.2411017999984324
327,0,0.01,0.273538486365687,0.27350800330415637,0.27353848331460695,True,1.2412363002076745
328,0,0.01,0.27350800330415637,0.2734776308923714,0.2735080002641567,True,1.2413700001779944
329,0,0.01,0.2734776308923714,0.27344736851603996,0.27347762786339064,True,1.2415034000296146
330,0,0.01,0.27344736851603996,0.27341721556522364,0.2734473654980169,True,1.241638100007549
331,0,0.01,0.27341721556522364,0.27338717143430424,0.27341721255809764,True,1.2417723000980914
332,0,0.01,0.27338717143430424,0.2733572355219499,0.2733871684380151,True,1.241905900184065
333,0,0.01,0.2733572355219499,0.2733274072310812,0.2733572325364378,True,1.2420403000432998
334,0,0.01,0.2733274072310812,0.27329768596883763,0.27332740425628665,True,1.2421735001262277
335,0,0.01,0.27329768596883763,0.27326807114654517,0.2732976830047018,True,1.2423063002061099
336,0,0.01,0.27326807114654517,0.2732385621796827,0.2732680681930094,True,1.2424390001688153
337,0,0.01,0.2732385621796827,0.2732091584878499,0.2732385592366889,True,1.2425728000234812
338,0,0.01,0.2732091584878499,0.27317985949473456,0.2732091555553403,True,1.2427066001109779
339,0,0.01,0.27317985949473456,0.27315066462808074,0.2731798565726519,True,1.2428494000341743
340,0,0.01,0.27315066462808074,0.27312157331965653,0.2731506617163681,True,1.2429854001384228
341,0,0.01,0.27312157331965653,0.2730925850052228,0.2731215704182573,True,1.2431193001102656
342,0,0.01,0.2730925850052228,0.2730636991245017,0.27309258211408094,True,1.243253700202331
343,0,0.01,0.2730636991245017,0.2730349151211452,0.2730636962435614,True,1.2433868001680821
344,0,0.01,0.2730349151211452,0.27300623244270467,0.27303491225035115,True,1.2435206000227481
345,0,0.01,0.27300623244270467,0.2729776505405999,0.27300622958200194,True,1.243694000178948
346,0,0.01,0.2729776505405999,0.2729491688700889,0.27297764768993393,True,1.2438825001008809
347,0,0.01,0.2729491688700889,0.27292078689023724,0.27294916602940544,True,1.244023600127548
348,0,0.01,0.27292078689023724,0.2728925040638886,0.2729207840594825,True,1.2442138001788408
349,0,0.01,0.2728925040638886,0.2728643198576346,0.2728925012430092,True,1.244393200147897
350,0,0.01,0.2728643198576346,0.2728362337417857,0.27286431704657743,True,1.2445375001989305
351,0,0.01,0.2728362337417857,0.2728082451903418,0.2728362309404981,True,1.2446750001981854
352,0,0.01,0.2728082451903418,0.27278035368096276,0.2728082423987714,True,1.2448233000468463
353,0,0.01,0.27278035368096276,0.2727525586949401,0.2727803508990576,True,1.2449824002105743
354,0,0.01,0.2727525586949401,0.2727248597171683,0.2727525559226486,True,1.245120500214398
355,0,0.01,0.2727248597171683,0.2726972562361162,0.2727248569544392,True,1.2452568002045155
356,0,0.01,0.2726972562361162,0.2726697477437987,0.27269725348289864,True,1.2453925001900643
357,0,0.01,0.2726697477437987,0.27264233373574975,0.27266974500004215,True,1.245527100050822
358,0,0.01,0.27264233373574975,0.2726150137109933,0.272642331001404,True,1.2456614000257105
359,0,0.01,0.2726150137109933,0.27258778717201665,0.2726150109860085,True,1.2457966001238674
360,0,0.01,0.27258778717201665,0.2725606536247433,0.27258778445634335,True,1.2459317999891937
361,0,0.01,0.2725606536247433,0.27253361257850495,0.2725606509183323,True,1.246068400098011
362,0,0.01,0.27253361257850495,0.27250666354601577,0.2725336098813075,True,1.2462031000759453
363,0,0.01,0.27250666354601577,0.2724798060433446,0.27250666085798336,True,1.2463388000614941
364,0,0.01,0.2724798060433446,0.27245303958988965,0.27247980336442906,True,1.2464735000394285
365,0,0.01,0.27245303958988965,0.27242636370835127,0.2724530369200432,True,1.2466070000082254
366,0,0.01,0.27242636370835127,0.2723997779247069,0.27242636104752643,True,1.2467516001779586
367,0,0.01,0.2723997779247069,0.272373281768184,0.27239977527285647,True,1.2469074002001435
368,0,0.01,0.272373281768184,0.27234687477123565,0.27237327912526116,True,1.247044200077653
369,0,0.01,0.27234687477123565,0.27232055646951453,0.27234687213719394,True,1.2471794001758099
370,0,0.01,0.27232055646951453,0.27229432640184775,0.2723205538443077,True,1.24731450015679
371,0,0.01,0.27229432640184775,0.2722681841102119,0.27229432378542995,True,1.2474488001316786
372,0,0.01,0.2722681841102119,0.27224212913970824,0.27226818150253757,True,1.2475823999848217
373,0,0.01,0.27224212913970824,0.272216161038538,0.2722421265407321,True,1.247716500191018
374,0,0.01,0.272216161038538,0.2721902793579782,0.2722161584482151,True,1.2478505000472069
375,0,0.01,0.2721902793579782,0.2721644836523569,0.27219027677626384,True,1.2479851001407951
376,0,0.01,0.2721644836523569,0.2721387734790299,0.2721644810792068,True,1.248119099996984
377,0,0.01,0.2721387734790299,0.27211314839835643,0.2721387709144001,True,1.2482546002138406
378,0,0.01,0.27211314839835643,0.2720876079736755,0.2721131458422031,True,1.248389400076121
379,0,0.01,0.2720876079736755,0.2720621517712823,0.27208760542595517,True,1.2485234001651406
380,0,0.01,0.2720621517712823,0.2720367793604057,0.2720621492319518,True,1.2486576000228524
381,0,0.01,0.2720367793604057,0.27201149031318417,0.2720367768294223,True,1.248791899997741
382,0,0.01,0.27201149031318417,0.2719862842046435,0.2720114877905052,True,1.2489405001979321
383,0,0.01,0.2719862842046435,0.27196116061267384,0.2719862816902267,True,1.2490771000739187
384,0,0.01,0.27196116061267384,0.2719361191180075,0.2719611581064772,True,1.2492124000564218
385,0,0.01,0.2719361191180075,0.27191115930419585,0.27193611661998934,True,1.2493480001576245
386,0,0.01,0.27191115930419585,0.27188628075758814,0.2719111568143147,True,1.249482600018382
387,0,0.01,0.27188628075758814,0.27186148306730873,0.27188627827580286,True,1.2496179000008851
388,0,0.01,0.27186148306730873,0.27183676582523547,0.27186148059357845,True,1.2497519000899047
389,0,0.01,0.27183676582523547,0.2718121286259786,0.27183676335951956,True,1.2498872000724077
390,0,0.01,0.2718121286259786,0.27178757106685825,0.27181212616823675,True,1.2504539000801742
391,0,0.01,0.27178757106685825,0.2717630927478842,0.2717875686170504,True,1.2507589000742882
392,0,0.01,0.2717630927478842,0.27173869327173394,0.2717630903059705,True,1.2509025000035763
393,0,0.01,0.27173869327173394,0.2717143722437324,0.27173869083767493,True,1.251039900118485
394,0,0.01,0.2717143722437324,0.2716901292718308,0.27171436981748875,True,1.2511752999853343
395,0,0.01,0.2716901292718308,0.2716659639665859,0.2716901268533635,True,1.2513123000971973
396,0,0.01,0.2716659639665859,0.27164187594114003,0.2716659615558562,True,1.251448100199923
397,0,0.01,0.27164187594114003,0.2716178648112004,0.2716418735381095,True,1.2515848001930863
398,0,0.01,0.2716178648112004,0.2715939301950192,0.2716178624158308,True,1.2517195001710206
399,0,0.01,0.2715939301950192,0.2715700717133738,0.2715939278072725,True,1.2518539000302553
400,0,0.01,0.2715700717133738,0.27154628898954636,0.2715700693332122,True,1.2519967001862824
401,0,0.01,0.27154628898954636,0.27152258164930515,0.2715462866169325,True,1.2523036000784487
402,0,0.01,0.27152258164930515,0.27149894932088425,0.2715225792842017,True,1.2524736002087593
403,0,0.01,0.27149894932088425,0.2714753916349648,0.2714989469632543,True,1.2526255000848323
404,0,0.01,0.2714753916349648,0.2714519082246554,0.2714753892847715,True,1.2527695000171661
405,0,0.01,0.2714519082246554,0.2714284987254737,0.27145190588186235,True,1.252907200017944
406,0,0.01,0.2714284987254737,0.27140516277532706,0.2714284963900445,True,1.2530429000034928
407,0,0.01,0.27140516277532706,0.271381900014494,0.2714051604472258,True,1.2531781999859959
408,0,0.01,0.271381900014494,0.2713587100856062,0.27138189769368487,True,1.2533124000765383
409,0,0.01,0.2713587100856062,0.27133559263362905,0.27135870777205356,True,1.2534468001686037
410,0,0.01,0.27133559263362905,0.27131254730584453,0.2713355903272976,True,1.2535814000293612
411,0,0.01,0.27131254730584453,0.2712895737518328,0.2713125450066992,True,1.2537160001229495
412,0,0.01,0.2712895737518328,0.2712666716234537,0.27128957145983873,True,1.2538504002150148
413,0,0.01,0.2712666716234537,0.2712438405748298,0.2712666693385762,True,1.2539850000757724
414,0,0.01,0.2712438405748298,0.2712210802623286,0.27124383829703447,True,1.2541184001602232
415,0,0.01,0.2712210802623286,0.2711983903445445,0.2712210779915813,True,1.2542524000164121
416,0,0.01,0.2711983903445445,0.27117577048228214,0.2711983880808112,True,1.2543862001039088
417,0,0.01,0.27117577048228214,0.2711532203385388,0.2711757682255291,True,1.2545204001944512
418,0,0.01,0.2711532203385388,0.2711307395784877,0.2711532180887324,True,1.2546672001481056
419,0,0.01,0.2711307395784877,0.2711083278694607,0.27113073733559473,True,1.2548032000195235
420,0,0.01,0.2711083278694607,0.2710859848809317,0.271108325633448,True,1.2549409000203013
421,0,0.01,0.2710859848809317,0.27106371028450044,0.2710859826517664,True,1.2550755999982357
422,0,0.01,0.27106371028450044,0.2710415037538749,0.27106370806214986,True,1.2552101002074778
423,0,0.01,0.2710415037538749,0.27101936496485657,0.2710415015383066,True,1.2553451000712812
424,0,0.01,0.27101936496485657,0.27099729359532243,0.2710193627560382,True,1.2554791001603007
425,0,0.01,0.27099729359532243,0.27097528932521037,0.270997291393222,True,1.2556148001458496
426,0,0.01,0.27097528932521037,0.27095335183650254,0.27097528712979596,True,1.2557488000020385
427,0,0.01,0.27095335183650254,0.2709314808132094,0.2709533496477426,True,1.2558834000956267
428,0,0.01,0.2709314808132094,0.2709096759413545,0.27093147863107236,True,1.256018000189215
429,0,0.01,0.2709096759413545,0.2708879369089587,0.2709096737658092,True,1.2561517001595348
430,0,0.01,0.2708879369089587,0.27086626340602465,0.2708879347399741,True,1.2562857000157237
431,0,0.01,0.27086626340602465,0.2708446551245216,0.2708662612435699,True,1.2564199001062661
432,0,0.01,0.2708446551245216,0.2708231117583702,0.27084465296856597,True,1.2565602001268417
433,0,0.01,0.2708231117583702,0.27080163300342774,0.2708231096088833,True,1.2566999001428485
434,0,0.01,0.27080163300342774,0.27078021855747264,0.2708016308603792,True,1.256834700005129
435,0,0.01,0.27078021855747264,0.27075886812019023,0.2707802164208325,True,1.2569705001078546
436,0,0.01,0.27075886812019023,0.2707375813931575,0.27075886598992854,True,1.257104700198397
437,0,0.01,0.2707375813931575,0.2707163580798295,0.2707375792692446,True,1.2572390001732856
438,0,0.01,0.2707163580798295,0.27069519788552393,0.27071635596223587,True,1.257372200023383
439,0,0.01,0.27069519788552393,0.270674100517407,0.2706951957742202,True,1.2575054001063108
440,0,0.01,0.270674100517407,0.27065306568448005,0.270674098412364,True,1.2576397000811994
441,0,0.01,0.27065306568448005,0.2706320930975644,0.2706530635856689,True,1.2577728000469506
442,0,0.01,0.2706320930975644,0.2706111824692882,0.2706320910049563,True,1.2579059000127017
443,0,0.01,0.2706111824692882,0.2705903335140722,0.2706111803828545,True,1.2580397001001984
444,0,0.01,0.2705903335140722,0.27056954594811616,0.27059033143378447,True,1.2581736000720412
445,0,0.01,0.27056954594811616,0.2705488194893851,0.27056954387394616,True,1.258307000156492
446,0,0.01,0.2705488194893851,0.27052815385759615,0.27054881742130477,True,1.2584401001222432
447,0,0.01,0.27052815385759615,0.2705075487742047,0.27052815179557765,True,1.2585826001595706
448,0,0.01,0.2705075487742047,0.2704870039623918,0.2705075467182202,True,1.2587207001633942
449,0,0.01,0.2704870039623918,0.2704665191470501,0.2704870019124138,True,1.258856600150466
450,0,0.01,0.2704665191470501,0.2704460940547717,0.27046651710305125,True,1.2589917001314461
451,0,0.01,0.2704460940547717,0.27042572841383483,0.27044609201672476,True,1.2591256001032889
452,0,0.01,0.27042572841383483,0.27040542195419054,0.27042572638171275,True,1.2592591000720859
453,0,0.01,0.27040542195419054,0.2703851744074511,0.27040541992796646,True,1.259392100153491
454,0,0.01,0.2703851744074511,0.27036498550687643,0.27038517238709825,True,1.2595253000035882
455,0,0.01,0.27036498550687643,0.2703448549873618,0.2703649834923683,True,1.2596599000971764
456,0,0.01,0.2703448549873618,0.2703247825854259,0.270344852978672,True,1.2597958000842482
457,0,0.01,0.2703247825854259,0.2703047680391981,0.27032478058252823,True,1.2599291000515223
458,0,0.01,0.2703047680391981,0.2702848110884061,0.27030476604206644,True,1.2600624000187963
459,0,0.01,0.2702848110884061,0.2702649114743642,0.2702848090970145,True,1.2601954999845475
460,0,0.01,0.2702649114743642,0.2702450689399614,0.27026490948868703,True,1.2603474000934511
461,0,0.01,0.2702450689399614,0.2702252832296491,0.270245066959973,True,1.260545900091529
462,0,0.01,0.2702252832296491,0.27020555408942976,0.2702252812553241,True,1.2606982002034783
463,0,0.01,0.27020555408942976,0.2701858812668445,0.27020555212074276,True,1.2608355002012104
464,0,0.01,0.2701858812668445,0.2701662645109626,0.2701858793037704,True,1.2609712001867592
465,0,0.01,0.2701662645109626,0.27014670357236886,0.2701662625534765,True,1.2611070000566542
466,0,0.01,0.27014670357236886,0.2701271982031531,0.27014670162044585,True,1.261240900028497
467,0,0.01,0.2701271982031531,0.2701077481568981,0.27012719625676856,True,1.2613757001236081
468,0,0.01,0.2701077481568981,0.2700883531886692,0.2701077462160274,True,1.2615097002126276
469,0,0.01,0.2700883531886692,0.27006901305500247,0.27008835125328806,True,1.2616436001844704
470,0,0.01,0.27006901305500247,0.2700497275138939,0.27006901112508663,True,1.2617770000360906
471,0,0.01,0.2700497275138939,0.27003049632478904,0.2700497255894192,True,1.2619092999957502
472,0,0.01,0.27003049632478904,0.27001131924857097,0.2700304944057316,True,1.2620425000786781
473,0,0.01,0.27001131924857097,0.2699921960475508,0.270011317334907,True,1.2621749001555145
474,0,0.01,0.2699921960475508,0.2699731264854563,0.2699921941392566,True,1.2623083000071347
475,0,0.01,0.2699731264854563,0.2699541103274215,0.2699731245825084,True,1.2624419000931084
476,0,0.01,0.2699541103274215,0.26993514733997614,0.26995410842979645,True,1.2625830001197755
477,0,0.01,0.26993514733997614,0.2699162372910353,0.26993514544765074,True,1.2627239001449198
478,0,0.01,0.2699162372910353,0.2698973799498895,0.2699162354039864,True,1.262859100010246
479,0,0.01,0.2698973799498895,0.2698785750871936,0.26989737806809416,True,1.2629933001007885
480,0,0.01,0.2698785750871936,0.2698598224749577,0.269878573210629,True,1.2631272000726312
481,0,0.01,0.2698598224749577,0.2698411218865364,0.26985982060360114,True,1.2632607000414282
482,0,0.01,0.2698411218865364,0.2698224730966189,0.2698411200203653,True,1.2633951001334935
483,0,0.01,0.2698224730966189,0.26980387588121935,0.2698224712356108,True,1.2635288999881595
484,0,0.01,0.26980387588121935,0.26978533001766697,0.269803874025352,True,1.2636623000726104
485,0,0.01,0.26978533001766697,0.26976683528459644,0.2697853281669182,True,1.2637965001631528
486,0,0.01,0.26976683528459644,0.2697483914619379,0.2697668334389442,True,1.2639298001304269
487,0,0.01,0.2697483914619379,0.26972999833090794,0.2697483896213603,True,1.2640619000885636
488,0,0.01,0.26972999833090794,0.26971165567399946,0.26972999649538315,True,1.2641954000573605
489,0,0.01,0.26971165567399946,0.26969336327497306,0.26971165384350587,True,1.2643292001448572
490,0,0.01,0.26969336327497306,0.269675120918847,0.2696933614494891,True,1.2644627001136541
491,0,0.01,0.269675120918847,0.2696569283918884,0.2696751190983513,True,1.264604500029236
492,0,0.01,0.2696569283918884,0.26963878548160414,0.26965692657635965,True,1.2647427001502365
493,0,0.01,0.26963878548160414,0.2696206919767313,0.2696387836710212,True,1.2648777000140399
494,0,0.01,0.2696206919767313,0.2696026476672285,0.2696206901710731,True,1.2650115999858826
495,0,0.01,0.2696026476672285,0.26958465234426726,0.2696026458664742,True,1.2651464000809938
496,0,0.01,0.26958465234426726,0.26956670580022235,0.26958465054839603,True,1.265279500046745
497,0,0.01,0.26956670580022235,0.26954880782866375,0.2695667040092135,True,1.2654142000246793
498,0,0.01,0.26954880782866375,0.2695309582243475,0.26954880604249676,True,1.2655478999949992
499,0,0.01,0.2695309582243475,0.2695131567832075,0.2695309564430019,True,1.265681000193581
500,0,0.01,0.2695131567832075,0.2694954033023462,0.26951315500666295,True,1.2658180000726134
501,0,0.01,0.2694954033023462,0.26947769758002704,0.2694954015305826,True,1.265951600158587
502,0,0.01,0.26947769758002704,0.2694600394156652,0.2694776958130242,True,1.2660839001182467
503,0,0.01,0.2694600394156652,0.26944242860982,0.2694600376534032,True,1.2662171002011746
504,0,0.01,0.26944242860982,0.2694248649641857,0.2694424268522789,True,1.266350100049749
505,0,0.01,0.2694248649641857,0.26940734828158425,0.2694248632113459,True,1.2664823001250625
506,0,0.01,0.26940734828158425,0.26938987836595657,0.269407346533426,True,1.266625100048259
507,0,0.01,0.26938987836595657,0.2693724550223545,0.2693898766224604,True,1.2667629001662135
508,0,0.01,0.2693724550223545,0.26935507805693304,0.26937245328350096,True,1.2668987000361085
509,0,0.01,0.26935507805693304,0.26933774727694243,0.26935507632270284,True,1.2670337001327425
510,0,0.01,0.26933774727694243,0.26932046249071967,0.2693377455473164,True,1.2671672999858856
511,0,0.01,0.26932046249071967,0.26930322350768143,0.2693204607656787,True,1.2673007000703365
512,0,0.01,0.26930322350768143,0.2692860301383161,0.26930322178720656,True,1.2674341001547873
513,0,0.01,0.2692860301383161,0.26926888219417583,0.2692860284223884,True,1.2675670001190156
514,0,0.01,0.26926888219417583,0.2692517794878692,0.26926888048277664,True,1.267699700081721
515,0,0.01,0.2692517794878692,0.2692347218330536,0.2692517777809798,True,1.267832900164649
516,0,0.01,0.2692347218330536,0.2692177090444278,0.2692347201306554,True,1.2679670001380146
517,0,0.01,0.2692177090444278,0.2692007409377243,0.26921770734650247,True,1.268099500099197
518,0,0.01,0.2692007409377243,0.26918381732970204,0.26920073924425336,True,1.268232700182125
519,0,0.01,0.26918381732970204,0.26916693803813924,0.2691838156406673,True,1.2683661000337452
520,0,0.01,0.26916693803813924,0.26915010288182617,0.2691669363535225,True,1.2685010000132024
521,0,0.01,0.26915010288182617,0.26913331168055793,0.2691501012016095,True,1.268691800069064
522,0,0.01,0.26913331168055793,0.26911656425512676,0.2691333100047233,True,1.2689873999916017
523,0,0.01,0.26911656425512676,0.26909986042731593,0.2691165625836563,True,1.2691450000274926
524,0,0.01,0.26909986042731593,0.2690832000198921,0.26909985876019193,True,1.269287200178951
525,0,0.01,0.2690832000198921,0.26906658285659857,0.26908319835709693,True,1.2694271001964808
526,0,0.01,0.26906658285659857,0.26905000876214846,0.2690665811981146,True,1.2695677999872714
527,0,0.01,0.26905000876214846,0.2690334775622173,0.26905000710795834,True,1.2697074001189321
528,0,0.01,0.2690334775622173,0.26901698908343735,0.2690334759123036,True,1.269847200019285
529,0,0.01,0.26901698908343735,0.2690005431533896,0.2690169874377828,True,1.269986700033769
530,0,0.01,0.2690005431533896,0.2689841396005983,0.2690005415119771,True,1.270126200048253
531,0,0.01,0.2689841396005983,0.26896777825452345,0.2689841379634107,True,1.270265300059691
532,0,0.01,0.26896777825452345,0.2689514589455546,0.26896777662154375,True,1.2704031001776457
533,0,0.01,0.2689514589455546,0.26893518150500434,0.268951457316766,True,1.2705554000567645
534,0,0.01,0.26893518150500434,0.26891894576510184,0.26893517988038995,True,1.2706963000819087
535,0,0.01,0.26891894576510184,0.2689027515589865,0.268918944144645,True,1.2708357002120465
536,0,0.01,0.2689027515589865,0.2688865987207012,0.2689027499426706,True,1.2709747001063079
537,0,0.01,0.2688865987207012,0.26887048708518685,0.26888659710850965,True,1.2711126999929547
538,0,0.01,0.26887048708518685,0.2688544164882751,0.2688704854771033,True,1.2712503001093864
539,0,0.01,0.2688544164882751,0.26883838676668315,0.2688544148842832,True,1.2713880999945104
540,0,0.01,0.26883838676668315,0.2688223977580068,0.2688383851667665,True,1.2715259999968112
541,0,0.01,0.2688223977580068,0.26880644930071484,0.26882239616214937,True,1.2716632999945432
542,0,0.01,0.26880644930071484,0.26879054123414287,0.26880644770890044,True,1.2718001999892294
543,0,0.01,0.26879054123414287,0.2687746733984872,0.2687905396463556,True,1.2719372001010925
544,0,0.01,0.2687746733984872,0.26875884563479924,0.26877467181471104,True,1.2720749001018703
545,0,0.01,0.26875884563479924,0.268743057784979,0.26875884405501843,True,1.2722124001011252
546,0,0.01,0.268743057784979,0.26872730969176994,0.26874305620917777,True,1.272349800216034
547,0,0.01,0.26872730969176994,0.2687116011987528,0.2687273081199326,True,1.27248809998855
548,0,0.01,0.2687116011987528,0.2686959321503398,0.26871159963086383,True,1.2727191001176834
549,0,0.01,0.2686959321503398,0.2686803023917691,0.2686959305863837,True,1.2728539002127945
550,0,0.01,0.2686803023917691,0.268664711769099,0.2686803008317304,True,1.2729892001952976
551,0,0.01,0.268664711769099,0.2686491601292024,0.2686647102129624,True,1.273123900173232
552,0,0.01,0.2686491601292024,0.26863364731976164,0.26864915857695265,True,1.2732583000324667
553,0,0.01,0.26863364731976164,0.26861817318926184,0.26863364577138354,True,1.2733915999997407
554,0,0.01,0.26861817318926184,0.2686027375869867,0.26861817164474033,True,1.2735246000811458
555,0,0.01,0.2686027375869867,0.2685873403630124,0.26860273604630674,True,1.2736571000423282
556,0,0.01,0.2685873403630124,0.26857198136820243,0.2685873388261591,True,1.2737885999958962
557,0,0.01,0.26857198136820243,0.2685566604542018,0.2685719798351609,True,1.273921700194478
558,0,0.01,0.2685566604542018,0.2685413774734326,0.2685566589249573,True,1.2740548001602292
559,0,0.01,0.2685413774734326,0.2685261322790877,0.2685413759479704,True,1.2741877001244575
560,0,0.01,0.2685261322790877,0.26851092472512667,0.2685261307573932,True,1.2743210000917315
561,0,0.01,0.26851092472512667,0.2684957546662695,0.2685109232071852,True,1.274453500052914
562,0,0.01,0.2684957546662695,0.26848062195799227,0.26849575315206675,True,1.2746005000080913
563,0,0.01,0.26848062195799227,0.2684655264565215,0.2684806204475138,True,1.2747369001153857
564,0,0.01,0.2684655264565215,0.26845046801882977,0.26846552494975295,True,1.2748702000826597
565,0,0.01,0.26845046801882977,0.26843544650262985,0.26845046651575694,True,1.2750047000590712
566,0,0.01,0.26843544650262985,0.2684204617663706,0.2684354450032385,True,1.2751379001419991
567,0,0.01,0.2684204617663706,0.2684055136692314,0.2684204602706467,True,1.2752726001199335
568,0,0.01,0.2684055136692314,0.2683906020711173,0.26840551217716085,True,1.2754058002028614
569,0,0.01,0.2683906020711173,0.268375726832655,0.26839060058268627,True,1.275540600065142
570,0,0.01,0.268375726832655,0.26836088781518663,0.2683757253478495,True,1.275673400145024
571,0,0.01,0.26836088781518663,0.26834608488076644,0.26836088633399285,True,1.2758065999951214
572,0,0.01,0.26834608488076644,0.2683313178921549,0.2683460834031707,True,1.2759397001937032
573,0,0.01,0.2683313178921549,0.26831658671281466,0.2683313164181435,True,1.2760729000438005
574,0,0.01,0.26831658671281466,0.26830189120690556,0.26831658524237395,True,1.2762061001267284
575,0,0.01,0.26830189120690556,0.2682872312392806,0.26830188974002206,True,1.276340699987486
576,0,0.01,0.2682872312392806,0.2682726066754804,0.2682872297759408,True,1.2764744001906365
577,0,0.01,0.2682726066754804,0.2682580173817294,0.268272605215671,True,1.276641400065273
578,0,0.01,0.2682580173817294,0.26824346322493103,0.26825801592543697,True,1.2767777000553906
579,0,0.01,0.26824346322493103,0.2682289440726635,0.26824346177214237,True,1.2769404000137001
580,0,0.01,0.2682289440726635,0.26821445979317515,0.26822894262336544,True,1.2771840000059456
581,0,0.01,0.26821445979317515,0.2682000102553799,0.2682144583473545,True,1.2773359001148492
582,0,0.01,0.2682000102553799,0.26818559532885294,0.2682000088130236,True,1.2774736999999732
583,0,0.01,0.26818559532885294,0.2681712148838271,0.26818559388994806,True,1.277777000097558
584,0,0.01,0.2681712148838271,0.26815686879118716,0.2681712134483607,True,1.277938200160861
585,0,0.01,0.26815686879118716,0.26814255692246725,0.26815686735914634,True,1.2780774000566453
586,0,0.01,0.26814255692246725,0.26812827914984505,0.2681425554938392,True,1.2782312000636011
587,0,0.01,0.26812827914984505,0.26811403534613865,0.26812827772461706,True,1.2783715000841767
588,0,0.01,0.26811403534613865,0.2680998253848017,0.26811403392429806,True,1.2785106000956148
589,0,0.01,0.2680998253848017,0.26808564913991995,0.2680998239663359,True,1.2786464001983404
590,0,0.01,0.26808564913991995,0.2680715064862067,0.2680856477248164,True,1.278781200060621
591,0,0.01,0.2680715064862067,0.26805739729899886,0.26807150507445293,True,1.2789179000537843
592,0,0.01,0.26805739729899886,0.2680433214542526,0.2680573958905824,True,1.2790566000621766
593,0,0.01,0.2680433214542526,0.2680292788285401,0.2680433200491611,True,1.2791925000492483
594,0,0.01,0.2680292788285401,0.2680152692990446,0.2680292774267613,True,1.2793453000485897
595,0,0.01,0.2680152692990446,0.2680012927435574,0.2680152679005663,True,1.279482200043276
596,0,0.01,0.2680012927435574,0.26798734904047317,0.2680012913483673,True,1.2796179000288248
597,0,0.01,0.26798734904047317,0.2679734380687866,0.26798734764855925,True,1.2797523001208901
598,0,0.01,0.2679734380687866,0.26795955970808844,0.2679734366801368,True,1.2798864000942558
599,0,0.01,0.26795955970808844,0.26794571383856136,0.26795955832269075,True,1.2800208001863211
600,0,0.01,0.26794571383856136,0.26793190034097647,0.2679457124564038,True,1.280160300200805
601,0,0.01,0.26793190034097647,0.26791811909668956,0.2679318989620472,True,1.2802949000615627
602,0,0.01,0.26791811909668956,0.26790436998763734,0.2679181177209768,True,1.2804280000273138
603,0,0.01,0.26790436998763734,0.2678906528963335,0.2679043686151293,True,1.2805618001148105
604,0,0.01,0.2678906528963335,0.26787696770586533,0.26789065152701846,True,1.280696300091222
605,0,0.01,0.26787696770586533,0.26786331429988997,0.2678769663397316,True,1.280829300172627
606,0,0.01,0.26786331429988997,0.2678496925626309,0.267863312936926,True,1.280963100027293
607,0,0.01,0.2678496925626309,0.26783610237887406,0.26784969120282515,True,1.2810955999884754
608,0,0.01,0.26783610237887406,0.2678225436339646,0.26783610102221506,True,1.2813399999868125
609,0,0.01,0.2678225436339646,0.26780901621380304,0.26782254228044095,True,1.281526500126347
610,0,0.01,0.26780901621380304,0.2677955200048422,0.2678090148634033,True,1.2816685000434518
611,0,0.01,0.2677955200048422,0.26778205489408313,0.2677955186575551,True,1.2818095001857728
612,0,0.01,0.26778205489408313,0.2677686207690725,0.2677820535498974,True,1.2819441000465304
613,0,0.01,0.2677686207690725,0.2677552175178982,0.267768619427977,True,1.2820806000381708
614,0,0.01,0.2677552175178982,0.2677418450291864,0.2677552161798817,True,1.2822153000161052
615,0,0.01,0.2677418450291864,0.26772850319209845,0.2677418436942378,True,1.282350700115785
616,0,0.01,0.26772850319209845,0.26771519189632725,0.26772850186020675,True,1.2824853002093732
617,0,0.01,0.26771519189632725,0.26770191103209373,0.26771519056748144,True,1.2826186001766473
618,0,0.01,0.26770191103209373,0.2676886604901437,0.2677019097062829,True,1.2827529001515359
619,0,0.01,0.2676886604901437,0.2676754401617451,0.26768865916735696,True,1.2828870001249015
620,0,0.01,0.2676754401617451,0.2676622499386838,0.26767543884197154,True,1.2830357002094388
621,0,0.01,0.2676622499386838,0.26764908971326096,0.26766224862191274,True,1.283177400007844
622,0,0.01,0.26764908971326096,0.26763595937829016,0.2676490883994816,True,1.2833159000147134
623,0,0.01,0.26763595937829016,0.26762285882709314,0.2676359580674918,True,1.283460000064224
624,0,0.01,0.26762285882709314,0.2676097879534979,0.2676228575192652,True,1.2836041999980807
625,0,0.01,0.2676097879534979,0.2675967466518346,0.2676097866486298,True,1.2837514001876116
626,0,0.01,0.2675967466518346,0.26758373481693326,0.2675967453499158,True,1.2838994001504034
627,0,0.01,0.26758373481693326,0.26757075234411987,0.2675837335179533,True,1.2840472999960184
628,0,0.01,0.26757075234411987,0.267557799129214,0.26757075104806827,True,1.2842036001384258
629,0,0.01,0.267557799129214,0.2675448750685252,0.2675577978360804,True,1.28436110005714
630,0,0.01,0.2675448750685252,0.26753198005885104,0.2675448737782993,True,1.284611799987033
631,0,0.01,0.26753198005885104,0.2675191139974722,0.2675319787715225,True,1.2847925000824034
632,0,0.01,0.2675191139974722,0.26750627678215194,0.2675191127130308,True,1.2849595001898706
633,0,0.01,0.26750627678215194,0.2674934683111311,0.26750627550058753,True,1.2851265000645071
634,0,0.01,0.2674934683111311,0.2674806884831262,0.2674934670324335,True,1.2855541000608355
635,0,0.01,0.2674806884831262,0.2674679371973264,0.2674806872072854,True,1.28584220004268
636,0,0.01,0.2674679371973264,0.26745521435339076,0.26746793592433227,True,1.2860354001168162
637,0,0.01,0.26745521435339076,0.26744251985144496,0.2674552130832333,True,1.2862209000159055
638,0,0.01,0.26744251985144496,0.26742985359207827,0.2674425185841142,True,1.2864020001143217
639,0,0.01,0.26742985359207827,0.267417215476342,0.2674298523275644,True,1.2865813001990318
640,0,0.01,0.267417215476342,0.2674046054057454,0.2674172142146351,True,1.286761400057003
641,0,0.01,0.2674046054057454,0.26739202328225353,0.26740460414683564,True,1.286941200029105
642,0,0.01,0.26739202328225353,0.2673794690082841,0.26739202202613116,True,1.287140800151974
643,0,0.01,0.2673794690082841,0.2673669424867053,0.26737946775493937,True,1.2873221000190824
644,0,0.01,0.2673669424867053,0.2673544436208326,0.26736694123612853,True,1.2874942000489682
645,0,0.01,0.2673544436208326,0.2673419723144262,0.2673544423730142,True,1.287665800191462
646,0,0.01,0.2673419723144262,0.26732952847168856,0.26734197106935653,True,1.2878372000996023
647,0,0.01,0.26732952847168856,0.26731711199726177,0.26732952722935815,True,1.28800980001688
648,0,0.01,0.26731711199726177,0.26730472279622414,0.26731711075766107,True,1.2881738001015037
649,0,0.01,0.26730472279622414,0.2672923607740889,0.26730472155934365,True,1.288338800193742
650,0,0.01,0.2672923607740889,0.26728002583680033,0.26729235953991926,True,1.288504600059241
651,0,0.01,0.26728002583680033,0.2672677178907322,0.2672800246053321,True,1.2886694001499563
652,0,0.01,0.2672677178907322,0.2672554368426845,0.26726771666195615,True,1.2888346000108868
653,0,0.01,0.2672554368426845,0.26724318259988145,0.26725543561659126,True,1.2890002999920398
654,0,0.01,0.26724318259988145,0.26723095506996863,0.2672431813764618,True,1.28917340002954
655,0,0.01,0.26723095506996863,0.26721875416101043,0.2672309538492134,True,1.2893322000745684
656,0,0.01,0.26721875416101043,0.2672065797814878,0.2672187529429104,True,1.2894913000054657
657,0,0.01,0.2672065797814878,0.26719443184029606,0.2672065785660339,True,1.2896454001311213
658,0,0.01,0.26719443184029606,0.26718231024674155,0.26719443062747916,True,1.2897972001228482
659,0,0.01,0.26718231024674155,0.26717021491054027,0.26718230903655266,True,1.2899497000034899
660,0,0.01,0.26717021491054027,0.2671581457418146,0.26717021370297034,True,1.2901002001017332
661,0,0.01,0.2671581457418146,0.2671461026510915,0.26715814453685477,True,1.290246400050819
662,0,0.01,0.2671461026510915,0.26713408554929996,0.26714610144873274,True,1.2903929001186043
663,0,0.01,0.26713408554929996,0.2671220943477686,0.26713408434953345,True,1.29053910006769
664,0,0.01,0.2671220943477686,0.26711012895822317,0.2671220931505855,True,1.2906863000243902
665,0,0.01,0.26711012895822317,0.26709818929278445,0.26711012776361465,True,1.290834200102836
666,0,0.01,0.26709818929278445,0.2670862752639661,0.26709818810074176,True,1.2909805001690984
667,0,0.01,0.2670862752639661,0.2670743867846721,0.26708627407448055,True,1.291141200112179
668,0,0.01,0.2670743867846721,0.2670625237681944,0.267074385597735,True,1.2912876000627875
669,0,0.01,0.2670625237681944,0.26705068612821103,0.2670625225837971,True,1.2914289000909775
670,0,0.01,0.26705068612821103,0.26703887377878344,0.26705068494634493,True,1.2915662000887096
671,0,0.01,0.26703887377878344,0.26702708663435476,0.26703887259944,True,1.2917039000894874
672,0,0.01,0.26702708663435476,0.26701532460974714,0.2670270854575254,True,1.2918475000187755
673,0,0.01,0.26701532460974714,0.2670035876201598,0.2670153234354234,True,1.2919864000286907
674,0,0.01,0.2670035876201598,0.2669918755811668,0.2670035864483332,True,1.2921229000203311
675,0,0.01,0.2669918755811668,0.2669801884087149,0.266991874411829,True,1.2922556002158672
676,0,0.01,0.2669801884087149,0.26696852601912147,0.26698018724185746,True,1.2923885001800954
677,0,0.01,0.26696852601912147,0.2669568883290721,0.26696852485473604,True,1.292521100025624
678,0,0.01,0.2669568883290721,0.266945275255619,0.2669568871671504,True,1.2926533001009375
679,0,0.01,0.266945275255619,0.2669336867161782,0.26694527409615276,True,1.292785600060597
680,0,0.01,0.2669336867161782,0.2669221226285281,0.2669336855591592,True,1.2929179000202566
681,0,0.01,0.2669221226285281,0.26691058291080716,0.2669221214739481,True,1.2930494002066553
682,0,0.01,0.26691058291080716,0.26689906748151176,0.26691058175865806,True,1.2931951000355184
683,0,0.01,0.26689906748151176,0.26688757625949444,0.2668990663317854,True,1.2933303001336753
684,0,0.01,0.26688757625949444,0.26687610916396126,0.26688757511218275,True,1.2934642999898642
685,0,0.01,0.26687610916396126,0.2668646661144707,0.2668761080190562,True,1.2935983000788838
686,0,0.01,0.2668646661144707,0.26685324703093083,0.2668646649719642,True,1.293761300155893
687,0,0.01,0.26685324703093083,0.26684185183359777,0.26685324589081494,True,1.293945400044322
688,0,0.01,0.26684185183359777,0.26683048044307384,0.2668418506958646,True,1.294098700163886
689,0,0.01,0.26683048044307384,0.266819132780305,0.26683047930771536,True,1.2942354001570493
690,0,0.01,0.266819132780305,0.2668078087665796,0.2668191316473134,True,1.2943701001349837
691,0,0.01,0.2668078087665796,0.266796508323526,0.266807807635947,True,1.2945044999942183
692,0,0.01,0.266796508323526,0.2667852313731111,0.26679650719524467,True,1.2946387000847608
693,0,0.01,0.2667852313731111,0.26677397783763757,0.2667852302471732,True,1.2947723001707345
694,0,0.01,0.26677397783763757,0.2667627476397431,0.26677397671403535,True,1.2949079000391066
695,0,0.01,0.2667627476397431,0.2667515407023978,0.2667627465184689,True,1.2950413001235574
696,0,0.01,0.2667515407023978,0.26674035694890247,0.26675153958344383,True,1.2951905000954866
697,0,0.01,0.26674035694890247,0.2667291963028867,0.26674035583226113,True,1.2953265001997352
698,0,0.01,0.2667291963028867,0.26671805868830745,0.2667291951885504,True,1.2954621000681072
699,0,0.01,0.26671805868830745,0.26670694402944656,0.26671805757626865,True,1.2955972000490874
700,0,0.01,0.26670694402944656,0.26669585225090947,0.26670694291969765,True,1.295735200168565
701,0,0.01,0.26669585225090947,0.2666847832776233,0.26669585114344296,True,1.2958682000171393
702,0,0.01,0.2666847832776233,0.2666737370348347,0.2666847821724317,True,1.296001800103113
703,0,0.01,0.2666737370348347,0.26666271344810866,0.26667373593191057,True,1.2961349000688642
704,0,0.01,0.26666271344810866,0.26665171244332675,0.2666627123474446,True,1.296268500154838
705,0,0.01,0.26665171244332675,0.2666407339466844,0.26665171134491533,True,1.2964019000064582
706,0,0.01,0.2666407339466844,0.26662977788469033,0.2666407328505183,True,1.2965344002004713
707,0,0.01,0.26662977788469033,0.26661884418416426,0.26662977679076216,True,1.2966678000520915
708,0,0.01,0.26661884418416426,0.2666079327722354,0.2666188430924668,True,1.2968017000239342
709,0,0.01,0.2666079327722354,0.26659704357634045,0.2666079316827613,True,1.2969353999942541
710,0,0.01,0.26659704357634045,0.2665861765242221,0.26659704248908256,True,1.2970757000148296
711,0,0.01,0.2665861765242221,0.26657533154392776,0.26658617543917323,True,1.2972152000293136
712,0,0.01,0.26657533154392776,0.266564508563807,0.2665753304610807,True,1.2973506001289934
713,0,0.01,0.266564508563807,0.2665537075125106,0.2665645074831545,True,1.2974859999958426
714,0,0.01,0.2665537075125106,0.26654292831898874,0.26655370643404575,True,1.297619900200516
715,0,0.01,0.26654292831898874,0.26653217091248926,0.26654292724270434,True,1.2977536001708359
716,0,0.01,0.26653217091248926,0.2665214352225563,0.26653216983837824,True,1.2978871001396328
717,0,0.01,0.2665214352225563,0.26651072117902797,0.2665214341506117,True,1.2980208001099527
718,0,0.01,0.26651072117902797,0.26650002871203593,0.26651072010924276,True,1.2981545000802726
719,0,0.01,0.26650002871203593,0.2664893577520027,0.26650002764440317,True,1.298289000056684
720,0,0.01,0.2664893577520027,0.2664787082296408,0.2664893566865154,True,1.2984218001365662
721,0,0.01,0.2664787082296408,0.2664680800759507,0.26647870716629213,True,1.298555999994278
722,0,0.01,0.2664680800759507,0.2664574732222195,0.2664680790147337,True,1.2986902000848204
723,0,0.01,0.2664574732222195,0.26644688760001956,0.2664574721631274,True,1.2988231000490487
724,0,0.01,0.26644688760001956,0.26643632314120663,0.26644688654304544,True,1.2989562000147998
725,0,0.01,0.26643632314120663,0.2664257797779185,0.26643632208634377,True,1.2990977000445127
726,0,0.01,0.2664257797779185,0.2664152574425732,0.2664257787251601,True,1.299234800040722
727,0,0.01,0.2664152574425732,0.2664047560678682,0.2664152563919126,True,1.2993704001419246
728,0,0.01,0.2664047560678682,0.266394275586778,0.2664047550192986,True,1.2995045001152903
729,0,0.01,0.266394275586778,0.26638381593255345,0.26639427454029274,True,1.2996394000947475
730,0,0.01,0.26638381593255345,0.2663733770387197,0.2663838148881459,True,1.2997726001776755
731,0,0.01,0.2663733770387197,0.26636295883907524,0.2663733759963832,True,1.299905100138858
732,0,0.01,0.26636295883907524,0.2663525612676896,0.26636295779880326,True,1.3000390999950469
733,0,0.01,0.2663525612676896,0.26634218425890316,0.26635256022947545,True,1.3001718001905829
734,0,0.01,0.26634218425890316,0.26633182774732456,0.2663421832227404,True,1.300305100157857
735,0,0.01,0.26633182774732456,0.2663214916678298,0.26633182671320665,True,1.3004382001236081
736,0,0.01,0.2663214916678298,0.26631117595556103,0.2663214906357502,True,1.3005710002034903
737,0,0.01,0.26631117595556103,0.26630088054592443,0.2663111749255133,True,1.3007035001646727
738,0,0.01,0.26630088054592443,0.2662906053745897,0.26630087951790216,True,1.3008370001334697
739,0,0.01,0.2662906053745897,0.2662803503774879,0.2662906043485865,True,1.3009703001007438
740,0,0.01,0.2662803503774879,0.26627011549081037,0.26628034935349726,True,1.3011649001855403
741,0,0.01,0.26627011549081037,0.2662599006510077,0.26627011446882604,True,1.3013005000539124
742,0,0.01,0.2662599006510077,0.26624970579478774,0.2662598996310233,True,1.301434500142932
743,0,0.01,0.26624970579478774,0.26623953085911467,0.266249704776797,True,1.301567800110206
744,0,0.01,0.26623953085911467,0.26622937578120764,0.2662395298431112,True,1.3017012001946568
745,0,0.01,0.26622937578120764,0.26621924049853907,0.2662293747671853,True,1.301834300160408
746,0,0.01,0.26621924049853907,0.26620912494883375,0.26621923948649157,True,1.3019688001368195
747,0,0.01,0.26620912494883375,0.2661990290700674,0.2662091239387549,True,1.3022843000944704
748,0,0.01,0.2661990290700674,0.2661889528004652,0.26619902806195095,True,1.302436700090766
749,0,0.01,0.2661889528004652,0.2661788960785006,0.2661889517943051,True,1.302574200090021
750,0,0.01,0.2661788960785006,0.2661688588428941,0.26617889507429066,True,1.3027107000816613
751,0,0.01,0.2661688588428941,0.26615884103261195,0.2661688578406282,True,1.3028456000611186
752,0,0.01,0.26615884103261195,0.2661488425868647,0.266158840032284,True,1.3029815000481904
753,0,0.01,0.2661488425868647,0.26613886344510596,0.26614884158846874,True,1.3031250000931323
754,0,0.01,0.26613886344510596,0.26612890354703156,0.2661388624486358,True,1.3032628002110869
755,0,0.01,0.26612890354703156,0.26611896283257763,0.2661289025524813,True,1.3033992000855505
756,0,0.01,0.26611896283257763,0.2661090412419198,0.2661189618399412,True,1.303533700061962
757,0,0.01,0.2661090412419198,0.2660991387154721,0.2661090402511913,True,1.3036681001540273
758,0,0.01,0.2660991387154721,0.26608925519388493,0.26609913772664556,True,1.3038013000041246
759,0,0.01,0.26608925519388493,0.266079390618045,0.26608925420695445,True,1.3039346002042294
760,0,0.01,0.266079390618045,0.2660695449290729,0.26607938963300465,True,1.3040718000847846
761,0,0.01,0.2660695449290729,0.2660597180683234,0.2660695439459169,True,1.3042070001829416
762,0,0.01,0.2660597180683234,0.26604990997738226,0.2660597170870458,True,1.3043403001502156
763,0,0.01,0.26604990997738226,0.26604012059806714,0.26604990899797726,True,1.304475300014019
764,0,0.01,0.26604012059806714,0.2660303498724247,0.266040119620529,True,1.3046087000984699
765,0,0.01,0.2660303498724247,0.2660205977427307,0.26603034889674754,True,1.304741500178352
766,0,0.01,0.2660205977427307,0.2660108641514877,0.2660205967689088,True,1.3048736001364887
767,0,0.01,0.2660108641514877,0.2660011490414249,0.26601086317951544,True,1.3050075001083314
768,0,0.01,0.2660011490414249,0.2659914523554965,0.26600114807129643,True,1.3051520001608878
769,0,0.01,0.2659914523554965,0.2659817740368805,0.26599145138720615,True,1.3052879001479596
770,0,0.01,0.2659817740368805,0.2659721140289778,0.26598177307042264,True,1.3054222001228482
771,0,0.01,0.2659721140289778,0.2659624722754111,0.2659721130643468,True,1.305556100094691
772,0,0.01,0.2659624722754111,0.26595284872002317,0.2659624713126013,True,1.305691100191325
773,0,0.01,0.26595284872002317,0.2659432433068764,0.265952847759029,True,1.3058253000490367
774,0,0.01,0.2659432433068764,0.26593365598025187,0.2659432423476923,True,1.3059595001395792
775,0,0.01,0.26593365598025187,0.26592408668464734,0.26593365502287225,True,1.306093400111422
776,0,0.01,0.26592408668464734,0.26591453536477694,0.2659240857290667,True,1.306226900080219
777,0,0.01,0.26591453536477694,0.26590500196556954,0.2659145344109897,True,1.3063605001661927
778,0,0.01,0.26590500196556954,0.2658954864321686,0.2659050010135703,True,1.3064940001349896
779,0,0.01,0.2658954864321686,0.2658859887099296,0.2658954854819518,True,1.3066257000900805
780,0,0.01,0.2658859887099296,0.26587650874442026,0.2658859877614898,True,1.3067592000588775
781,0,0.01,0.26587650874442026,0.26586704648141896,0.26587650779775207,True,1.3069037001114339
782,0,0.01,0.26586704648141896,0.26585760186691393,0.26586704553651697,True,1.3070384000893682
783,0,0.01,0.26585760186691393,0.26584817484710177,0.26585760092377275,True,1.3071722001768649
784,0,0.01,0.26584817484710177,0.26583876536838674,0.2658481739057161,True,1.307305300142616
785,0,0.01,0.26583876536838674,0.26582937337737944,0.26583876442875115,True,1.307439299998805
786,0,0.01,0.26582937337737944,0.2658199988208966,0.2658293724394886,True,1.3075726001989096
787,0,0.01,0.2658199988208966,0.26581064164595863,0.26581999788474525,True,1.3077057001646608
788,0,0.01,0.26581064164595863,0.2658013017997901,0.2658106407115415,True,1.307838900014758
789,0,0.01,0.2658013017997901,0.2657919792298176,0.2658013008671019,True,1.3079719000961632
790,0,0.01,0.2657919792298176,0.2657826738836695,0.2657919782988531,True,1.3081042000558227
791,0,0.01,0.2657826738836695,0.26577338570917425,0.2657826729544234,True,1.3082375000230968
792,0,0.01,0.26577338570917425,0.2657641146543601,0.2657733847816414,True,1.3083717001136392
793,0,0.01,0.2657641146543601,0.26575486066745374,0.2657641137285354,True,1.308505300199613
794,0,0.01,0.26575486066745374,0.26574562369687926,0.26575485974333196,True,1.3086392001714557
795,0,0.01,0.26574562369687926,0.2657364036912572,0.26574562277445524,True,1.3087727001402527
796,0,0.01,0.2657364036912572,0.2657272005994038,0.2657364027705258,True,1.3089170001912862
797,0,0.01,0.2657272005994038,0.2657180143703299,0.26572719968035996,True,1.3090520000550896
798,0,0.01,0.2657180143703299,0.26570884495324,0.2657180134529685,True,1.3091857000254095
799,0,0.01,0.26570884495324,0.26569969229753115,0.265708844037556,True,1.309319900115952
800,0,0.01,0.26569969229753115,0.2656905563527923,0.26569969138351957,True,1.3094578001182526
801,0,0.01,0.2656905563527923,0.265681437068803,0.26569055544044806,True,1.3095913000870496
802,0,0.01,0.265681437068803,0.26567233439553295,0.265681436158121,True,1.3097253001760691
803,0,0.01,0.26567233439553295,0.2656632482831406,0.2656723334865083,True,1.3098576001357287
804,0,0.01,0.2656632482831406,0.26565417868197233,0.26566324737576835,True,1.309990000212565
805,0,0.01,0.26565417868197233,0.2656451255425619,0.2656541777762475,True,1.3101232000626624
806,0,0.01,0.2656451255425619,0.2656360888156293,0.26564512463847956,True,1.3103065001778305
807,0,0.01,0.2656360888156293,0.2656270684520792,0.2656360879131845,True,1.3105043000541627
808,0,0.01,0.2656270684520792,0.2656180644030014,0.265627067551267,True,1.3107060000766069
809,0,0.01,0.2656180644030014,0.2656090766196687,0.26561806350381706,True,1.310885800048709
810,0,0.01,0.2656090766196687,0.26560010505353676,0.2656090757221073,True,1.3110339001286775
811,0,0.01,0.26560010505353676,0.265591149656243,0.26560010415759344,True,1.3111720001325011
812,0,0.01,0.265591149656243,0.26558221037960517,0.2655911487619129,True,1.3113065999932587
813,0,0.01,0.26558221037960517,0.26557328717562173,0.26558220948688355,True,1.3114397001918405
814,0,0.01,0.26557328717562173,0.26556437999646965,0.26557328628450383,True,1.3115739000495523
815,0,0.01,0.26556437999646965,0.26555548879450463,0.26556437910695063,True,1.311709500150755
816,0,0.01,0.26555548879450463,0.265546613522259,0.2655554879065798,True,1.3118420999962837
817,0,0.01,0.265546613522259,0.2655377541324424,0.26554661263592355,True,1.3119756001979113
818,0,0.01,0.2655377541324424,0.26552891057793976,0.2655377532476917,True,1.3121082000434399
819,0,0.01,0.26552891057793976,0.2655200828118107,0.26552890969476906,True,1.3122409000061452
820,0,0.01,0.2655200828118107,0.26551127078728926,0.2655200819302153,True,1.312374500092119
821,0,0.01,0.26551127078728926,0.2655024744577823,0.26551126990726454,True,1.3125083001796156
822,0,0.01,0.2655024744577823,0.26549369377686893,0.2655024735793236,True,1.312642800156027
823,0,0.01,0.26549369377686893,0.26548492869830015,0.2654936928999716,True,1.3127758000046015
824,0,0.01,0.26548492869830015,0.26547617917599725,0.2654849278229596,True,1.3129224001895636
825,0,0.01,0.26547617917599725,0.2654674451640517,0.2654761783022089,True,1.313057400053367
826,0,0.01,0.2654674451640517,0.2654587266167239,0.2654674442918109,True,1.3131923000328243
827,0,0.01,0.2654587266167239,0.2654500234884423,0.26545872574602614,True,1.3133263001218438
828,0,0.01,0.2654500234884423,0.26544133573380313,0.2654500226192831,True,1.3134605002123863
829,0,0.01,0.26544133573380313,0.2654326633075692,0.2654413348661779,True,1.3135939000640064
830,0,0.01,0.2654326633075692,0.26542400616466916,0.2654326624414734,True,1.3137260000221431
831,0,0.01,0.26542400616466916,0.2654153642601965,0.26542400530009835,True,1.3138590001035482
832,0,0.01,0.2654153642601965,0.2654067375494095,0.26541536339714616,True,1.3139925000723451
833,0,0.01,0.2654067375494095,0.2653981259877297,0.2654067366878752,True,1.3141256000380963
834,0,0.01,0.2653981259877297,0.26538952953074113,0.265398125127707,True,1.314257400110364
835,0,0.01,0.26538952953074113,0.2653809481341904,0.26538952867222554,True,1.3143890001811087
836,0,0.01,0.2653809481341904,0.2653723817539849,0.26538094727717754,True,1.3145225001499057
837,0,0.01,0.2653723817539849,0.2653638303461925,0.2653723808984704,True,1.3146691999863833
838,0,0.01,0.2653638303461925,0.26535529386704115,0.2653638294921719,True,1.3148041001986712
839,0,0.01,0.26535529386704115,0.26534677227291714,0.26535529301451016,True,1.314938500057906
840,0,0.01,0.26534677227291714,0.26533826552036566,0.2653467714218714,True,1.31507180002518
841,0,0.01,0.26533826552036566,0.2653297735660888,0.26533826467080085,True,1.315205099992454
842,0,0.01,0.2653297735660888,0.2653212963669458,0.26532977271800057,True,1.3153371000662446
843,0,0.01,0.2653212963669458,0.26531283387995147,0.26532129552032985,True,1.3154701001476496
844,0,0.01,0.26531283387995147,0.26530438606227646,0.2653128330348035,True,1.3156022999901325
845,0,0.01,0.26530438606227646,0.26529595287124547,0.26530438521859223,True,1.3157351000700146
846,0,0.01,0.26529595287124547,0.2652875342643372,0.26529595202902073,True,1.3158682000357658
847,0,0.01,0.2652875342643372,0.26527913019918353,0.2652875334235677,True,1.3160017000045627
848,0,0.01,0.26527913019918353,0.2652707406335687,0.26527912935986503,True,1.3161349000874907
849,0,0.01,0.2652707406335687,0.2652623655254286,0.265270739795697,True,1.3162679001688957
850,0,0.01,0.2652623655254286,0.26525400483285005,0.2652623646889995,True,1.3164003000129014
851,0,0.01,0.26525400483285005,0.2652456585140702,0.26525400399785937,True,1.3165335000958294
852,0,0.01,0.2652456585140702,0.265237326527476,0.2652456576805138,True,1.3166780001483858
853,0,0.01,0.265237326527476,0.2652290088316028,0.2652373256953497,True,1.3168141001369804
854,0,0.01,0.2652290088316028,0.26522070538513465,0.26522900800090243,True,1.3169510001316667
855,0,0.01,0.26522070538513465,0.26521241614690294,0.26522070455585617,True,1.3170847001019865
856,0,0.01,0.26521241614690294,0.26520414107588586,0.26521241531904216,True,1.3172176000662148
857,0,0.01,0.26520414107588586,0.26519588013120765,0.2652041402494388,True,1.317350700031966
858,0,0.01,0.26519588013120765,0.26518763327213846,0.2651958793061701,True,1.317483900114894
859,0,0.01,0.26518763327213846,0.2651794004580928,0.26518763244850646,True,1.3176164000760764
860,0,0.01,0.2651794004580928,0.2651711816486295,0.26517939963586223,True,1.317752700066194
861,0,0.01,0.2651711816486295,0.2651629768034509,0.2651711808277964,True,1.3178871001582593
862,0,0.01,0.2651629768034509,0.26515478588240227,0.26516297598401123,True,1.3180201000068337
863,0,0.01,0.26515478588240227,0.2651466088454709,0.26515478506435197,True,1.318154000211507
864,0,0.01,0.2651466088454709,0.26513844565278577,0.2651466080288061,True,1.3182870000600815
865,0,0.01,0.26513844565278577,0.26513029626461654,0.2651384448375024,True,1.3184200001414865
866,0,0.01,0.26513029626461654,0.26512216064137323,0.2651302954507106,True,1.3186416001990438
867,0,0.01,0.26512216064137323,0.26511403874360545,0.2651221598288408,True,1.318801100132987
868,0,0.01,0.26511403874360545,0.2651059305320018,0.26511403793244265,True,1.3189839001279324
869,0,0.01,0.2651059305320018,0.2650978359673891,0.2651059297222047,True,1.3191228001378477
870,0,0.01,0.2650978359673891,0.26508975501073223,0.26509783515895374,True,1.3192588000092655
871,0,0.01,0.26508975501073223,0.26508168762313244,0.26508975420365477,True,1.319392700213939
872,0,0.01,0.26508168762313244,0.265073633765828,0.26508168681740896,True,1.3195279000792652
873,0,0.01,0.265073633765828,0.2650655934001929,0.26507363296145464,True,1.3196621001698077
874,0,0.01,0.2650655934001929,0.2650575664877364,0.26506559259716583,True,1.3197964001446962
875,0,0.01,0.2650575664877364,0.2650495529901021,0.2650575656860517,True,1.319930500118062
876,0,0.01,0.2650495529901021,0.2650415528690679,0.26504955218975607,True,1.3200642000883818
877,0,0.01,0.2650415528690679,0.2650335660865449,0.26504155207005664,True,1.3201984001789242
878,0,0.01,0.2650335660865449,0.2650255926045769,0.2650335652888647,True,1.3203319001477212
879,0,0.01,0.2650255926045769,0.2650176323853404,0.26502559180822394,True,1.3204644999932498
880,0,0.01,0.2650176323853404,0.2650096853911428,0.26501763159031083,True,1.3206060000229627
881,0,0.01,0.2650096853911428,0.2650017515844228,0.2650096845974329,True,1.3207445000298321
882,0,0.01,0.2650017515844228,0.26499383092774975,0.26500175079202887,True,1.3208803001325577
883,0,0.01,0.26499383092774975,0.2649859233838226,0.264993830136668,True,1.3210148999933153
884,0,0.01,0.2649859233838226,0.2649780289154694,0.26498592259404935,True,1.3211490001995116
885,0,0.01,0.2649780289154694,0.26497014748564707,0.26497802812700094,True,1.3212832000572234
886,0,0.01,0.26497014748564707,0.2649622790574406,0.2649701466984797,True,1.3214174001477659
887,0,0.01,0.2649622790574406,0.2649544235940625,0.2649622782715706,True,1.3215505999978632
888,0,0.01,0.2649544235940625,0.2649465810588522,0.2649544228094863,True,1.3216841001994908
889,0,0.01,0.2649465810588522,0.26493875141527534,0.26494658027556606,True,1.3218178001698107
890,0,0.01,0.26493875141527534,0.26493093462692363,0.2649387506332756,True,1.3219520000275224
891,0,0.01,0.26493093462692363,0.2649231306575138,0.2649309338462067,True,1.3220856001134962
892,0,0.01,0.2649231306575138,0.26491533947088763,0.264923129878076,True,1.322219500085339
893,0,0.01,0.26491533947088763,0.26490756103101054,0.26491533869272543,True,1.322353000054136
894,0,0.01,0.26490756103101054,0.2648997953019721,0.2649075602541203,True,1.3224868001416326
895,0,0.01,0.2648997953019721,0.2648920422479844,0.2648997945263503,True,1.3226285001728684
896,0,0.01,0.2648920422479844,0.2648843018333823,0.26489204147362744,True,1.3227658001706004
897,0,0.01,0.2648843018333823,0.26487657402262266,0.2648843010602866,True,1.3229023001622409
898,0,0.01,0.26487657402262266,0.26486885878028343,0.2648765732507847,True,1.323037900030613
899,0,0.01,0.26486885878028343,0.26486115607106386,0.2648688580096996,True,1.3231733001302928
900,0,0.01,0.26486115607106386,0.26485346585978325,0.26486115530173077,True,1.3233101000078022
901,0,0.01,0.26485346585978325,0.26484578811138065,0.26485346509169727,True,1.3234445000998676
902,0,0.01,0.26484578811138065,0.2648381227909148,0.26484578734453834,True,1.3235786000732332
903,0,0.01,0.2648381227909148,0.2648304698635626,0.26483812202531265,True,1.3237109000328928
904,0,0.01,0.2648304698635626,0.26482282929461975,0.2648304690991972,True,1.3238441001158208
905,0,0.01,0.26482282929461975,0.26481520104949935,0.2648228285314876,True,1.3239768000785261
906,0,0.01,0.26481520104949935,0.2648075850937316,0.264815200287597,True,1.3241101000458002
907,0,0.01,0.2648075850937316,0.2647999813929637,0.26480758433305557,True,1.3242432000115514
908,0,0.01,0.2647999813929637,0.26479238991295867,0.2647999806335106,True,1.3243760000914335
909,0,0.01,0.26479238991295867,0.26478481061959547,0.2647923891547251,True,1.3245092001743615
910,0,0.01,0.26478481061959547,0.26477724347886805,0.264784809862578,True,1.3246512000914663
911,0,0.01,0.26477724347886805,0.2647696884568851,0.2647772427230633,True,1.3247877000831068
912,0,0.01,0.2647696884568851,0.2647621455198693,0.2647696877022897,True,1.3249215001706034
913,0,0.01,0.2647621455198693,0.26475461463415717,0.2647621447664799,True,1.3250552001409233
914,0,0.01,0.26475461463415717,0.26474709576619826,0.26475461388197036,True,1.3251885001081973
915,0,0.01,0.26474709576619826,0.2647395888825549,0.2647470950152107,True,1.3253214000724256
916,0,0.01,0.2647395888825549,0.26473209394990127,0.26473958813276327,True,1.3254552001599222
917,0,0.01,0.26473209394990127,0.2647246109350236,0.26473209320130225,True,1.3255902000237256
918,0,0.01,0.2647246109350236,0.2647171398048193,0.2647246101876139,True,1.3257236001081765
919,0,0.01,0.2647171398048193,0.2647096805262961,0.2647171390585956,True,1.3258577000815421
920,0,0.01,0.2647096805262961,0.2647022330665724,0.2647096797812551,True,1.3259905001614243
921,0,0.01,0.2647022330665724,0.26469479739287605,0.26470223232271084,True,1.3261238001286983
922,0,0.01,0.26469479739287605,0.26468737347254445,0.2646947966501906,True,1.3262583001051098
923,0,0.01,0.26468737347254445,0.2646799612730234,0.2646873727310319,True,1.3263916000723839
924,0,0.01,0.2646799612730234,0.2646725607618675,0.2646799605326805,True,1.326524900039658
925,0,0.01,0.2646725607618675,0.264665171906739,0.264672560022691,True,1.3266684000845999
926,0,0.01,0.264665171906739,0.2646577946754073,0.2646651711687257,True,1.3268029000610113
927,0,0.01,0.2646577946754073,0.2646504290357493,0.26465779393855393,True,1.3270086999982595
928,0,0.01,0.2646504290357493,0.2646430749557479,0.26465042830005275,True,1.327203300083056
929,0,0.01,0.2646430749557479,0.26463573240349214,0.2646430742212049,True,1.3274325001984835
930,0,0.01,0.26463573240349214,0.2646284013471768,0.2646357316700995,True,1.3275816000532359
931,0,0.01,0.2646284013471768,0.26462108175510135,0.2646284006149314,True,1.3279540000949055
932,0,0.01,0.26462108175510135,0.26461377359567056,0.264621081024,True,1.3282934001181275
933,0,0.01,0.26461377359567056,0.26460647683739286,0.26461377286571014,True,1.3285535001195967
934,0,0.01,0.26460647683739286,0.26459919144888067,0.2646064761085702,True,1.3287255000323057
935,0,0.01,0.26459919144888067,0.2645919173988496,0.2645991907211926,True,1.3289011002052575
936,0,0.01,0.2645919173988496,0.2645846546561182,0.26459191667229304,True,1.3290628001559526
937,0,0.01,0.2645846546561182,0.26457740318960765,0.26458465393069003,True,1.3292227000929415
938,0,0.01,0.26457740318960765,0.2645701629683409,0.2645774024653048,True,1.329381600022316
939,0,0.01,0.2645701629683409,0.26456293396144226,0.2645701622451603,True,1.3295371001586318
940,0,0.01,0.26456293396144226,0.2645557161381378,0.26456293323938074,True,1.3296907001640648
941,0,0.01,0.2645557161381378,0.26454850946775366,0.2645557154171923,True,1.3298550001345575
942,0,0.01,0.26454850946775366,0.2645413139197165,0.2645485087479212,True,1.3300106001552194
943,0,0.01,0.2645413139197165,0.26453412946355304,0.264541313200994,True,1.330165300052613
944,0,0.01,0.26453412946355304,0.264526956068889,0.2645341287459374,True,1.330318700056523
945,0,0.01,0.264526956068889,0.26451979370544954,0.26452695535237725,True,1.3304716001730412
946,0,0.01,0.26451979370544954,0.2645126423430579,0.26451979299003864,True,1.3306189000140876
947,0,0.01,0.2645126423430579,0.2645055019516359,0.2645126416287448,True,1.3307668000925332
948,0,0.01,0.2645055019516359,0.2644983725012029,0.2645055012384177,True,1.3309257000219077
949,0,0.01,0.2644983725012029,0.26449125396187567,0.2644983717890766,True,1.331074200104922
950,0,0.01,0.26449125396187567,0.264484146303868,0.2644912532508382,True,1.331222000066191
951,0,0.01,0.264484146303868,0.26447704949748985,0.2644841455939165,True,1.331369300140068
952,0,0.01,0.26447704949748985,0.26446996351314767,0.26447704878862127,True,1.3315128001850098
953,0,0.01,0.26446996351314767,0.26446288832134346,0.26446996280535906,True,1.3316556001082063
954,0,0.01,0.26446288832134346,0.2644558238926744,0.2644628876146319,True,1.331856600008905
955,0,0.01,0.2644558238926744,0.26444877019783264,0.264455823187037,True,1.3320253000129014
956,0,0.01,0.26444877019783264,0.26444172720760495,0.2644487694932664,True,1.332175200106576
957,0,0.01,0.26444172720760495,0.26443469489287197,0.26444172650410697,True,1.3323177001439035
958,0,0.01,0.26443469489287197,0.2644276732246084,0.26443469419043936,True,1.3324615000747144
959,0,0.01,0.2644276732246084,0.26442066217388194,0.2644276725232383,True,1.332603800110519
960,0,0.01,0.26442066217388194,0.2644136617118532,0.2644206614735714,True,1.3327427001204342
961,0,0.01,0.2644136617118532,0.2644066718097756,0.2644136610125994,True,1.3328913000877947
962,0,0.01,0.2644066718097756,0.2643996924389944,0.2644066711115756,True,1.3330305002164096
963,0,0.01,0.2643996924389944,0.26439272357094673,0.2643996917418454,True,1.333169599995017
964,0,0.01,0.26439272357094673,0.2643857651771611,0.2643927228748459,True,1.3333074001129717
965,0,0.01,0.2643857651771611,0.2643788172292573,0.26438576448210555,True,1.333444100106135
966,0,0.01,0.2643788172292573,0.26437187969894516,0.2643788165352442,True,1.33358160010539
967,0,0.01,0.26437187969894516,0.26436495255802506,0.2643718790059717,True,1.3337185999844223
968,0,0.01,0.26436495255802506,0.26435803577838746,0.26436495186608844,True,1.333866700064391
969,0,0.01,0.26435803577838746,0.264351129332012,0.26435803508748484,True,1.334007500205189
970,0,0.01,0.264351129332012,0.2643442331909674,0.2643511286421406,True,1.3341464002151042
971,0,0.01,0.2643442331909674,0.2643373473274114,0.26434423250212447,True,1.3342829002067447
972,0,0.01,0.2643373473274114,0.2643304717135899,0.26433734663959413,True,1.3344397000037134
973,0,0.01,0.2643304717135899,0.2643236063218369,0.2643304710267956,True,1.3345788000151515
974,0,0.01,0.2643236063218369,0.2643167511245741,0.26432360563606266,True,1.334717100020498
975,0,0.01,0.2643167511245741,0.2643099060943104,0.2643167504398172,True,1.3348650000989437
976,0,0.01,0.2643099060943104,0.26430307120364155,0.2643099054105682,True,1.335004199994728
977,0,0.01,0.26430307120364155,0.26429624642525007,0.26430307052091123,True,1.3351426001172513
978,0,0.01,0.26429624642525007,0.2642894317319046,0.26429624574352895,True,1.335478400113061
979,0,0.01,0.2642894317319046,0.26428262709645944,0.26428943105118996,True,1.3356553001794964
980,0,0.01,0.26428262709645944,0.2642758324918547,0.26428262641674855,True,1.335809700191021
981,0,0.01,0.2642758324918547,0.2642690478911156,0.2642758318131449,True,1.335955100134015
982,0,0.01,0.2642690478911156,0.2642622732673519,0.26426904721340416,True,1.3360961000435054
983,0,0.01,0.2642622732673519,0.264255508593758,0.26426227259063617,True,1.3362348000518978
984,0,0.01,0.264255508593758,0.2642487538436125,0.26425550791803526,True,1.33637350006029
985,0,0.01,0.2642487538436125,0.2642420089902774,0.26424875316888013,True,1.3365121001843363
986,0,0.01,0.2642420089902774,0.26423527400719854,0.26424200831653266,True,1.3366493000648916
987,0,0.01,0.26423527400719854,0.2642285488679046,0.26423527333443886,True,1.3367926001083106
988,0,0.01,0.2642285488679046,0.2642218335460069,0.2642285481961273,True,1.3369366000406444
989,0,0.01,0.2642218335460069,0.2642151280151995,0.2642218328752094,True,1.3370751000475138
990,0,0.01,0.2642151280151995,0.26420843224925805,0.2642151273453791,True,1.337210200028494
991,0,0.01,0.26420843224925805,0.26420174622204046,0.2642084315804122,True,1.337345400126651
992,0,0.01,0.26420174622204046,0.2641950699074853,0.26420174555416653,True,1.3374790002126247
993,0,0.01,0.2641950699074853,0.264188403279613,0.26419506924058067,True,1.3376118000596762
994,0,0.01,0.264188403279613,0.26418174631252445,0.2641884026136751,True,1.3377468001563102
995,0,0.01,0.26418174631252445,0.2641750989804003,0.2641817456475507,True,1.337890700204298
996,0,0.01,0.2641750989804003,0.2641684612575024,0.26417509831638814,True,1.338026000186801
997,0,0.01,0.2641684612575024,0.2641618331181714,0.2641684605944492,True,1.3381605001632124
998,0,0.01,0.2641618331181714,0.2641552145368278,0.2641618324560746,True,1.3382955000270158
999,0,0.01,0.2641552145368278,0.26414860548797114,0.2641552138756849,True,1.3384297001175582
1000,0,0.01,0.26414860548797114,0.26414200594617954,0.26414860482777963,True,1.3385692001320422
1001,0,0.01,0.26414200594617954,0.2641354158861101,0.2641420052869368,True,1.3387024002149701
1002,0,0.01,0.2641354158861101,0.26412883528249753,0.2641354152278137,True,1.3388441000133753
1003,0,0.01,0.26412883528249753,0.2641222641101545,0.26412883462514486,True,1.3389810000080615
1004,0,0.01,0.2641222641101545,0.26411570234397136,0.26412226345374307,True,1.3391164001077414
1005,0,0.01,0.26411570234397136,0.26410914995891543,0.2641157016884986,True,1.339250500081107
1006,0,0.01,0.26410914995891543,0.26410260693003107,0.26410914930437895,True,1.3393845001701266
1007,0,0.01,0.26410260693003107,0.2640960732324393,0.26410260627642834,True,1.3395174001343548
1008,0,0.01,0.2640960732324393,0.2640895488413372,0.2640960725797678,True,1.339650700101629
1009,0,0.01,0.2640895488413372,0.26408303373199765,0.2640895481895945,True,1.3397890001069754
1010,0,0.01,0.26408303373199765,0.26407652787976976,0.2640830330811813,True,1.3399275001138449
1011,0,0.01,0.26407652787976976,0.26407003126007755,0.2640765272298773,True,1.3400618000887334
1012,0,0.01,0.26407003126007755,0.26406354384842023,0.2640700306111065,True,1.340195800177753
1013,0,0.01,0.26406354384842023,0.26405706562037157,0.2640635432003682,True,1.3403298000339419
1014,0,0.01,0.26405706562037157,0.26405059655158014,0.264057064973236,True,1.3404630001168698
1015,0,0.01,0.26405059655158014,0.26404413661776843,0.2640505959053587,True,1.3405963000841439
1016,0,0.01,0.26404413661776843,0.2640376857947327,0.2640441359724587,True,1.3407302000559866
1017,0,0.01,0.2640376857947327,0.2640312440583429,0.2640376851503322,True,1.340872600208968
1018,0,0.01,0.2640312440583429,0.26402481138454226,0.26403124341484924,True,1.3410069001838565
1019,0,0.01,0.26402481138454226,0.26401838774934705,0.2640248107419531,True,1.3411411000415683
1020,0,0.01,0.26401838774934705,0.2640119731288459,0.26401838710765996,True,1.3412738000042737
1021,0,0.01,0.2640119731288459,0.2640055674992001,0.26401197248805847,True,1.3414072000887245
1022,0,0.01,0.2640055674992001,0.26399917083664315,0.26400556685931,True,1.3415401000529528
1023,0,0.01,0.26399917083664315,0.26399278311748,0.26399917019764796,True,1.3416728000156581
1024,0,0.01,0.26399278311748,0.2639864043180874,0.26399278247937735,True,1.3420341000892222
1025,0,0.01,0.2639864043180874,0.26398003441491313,0.263986403680875,True,1.3422299001831561
1026,0,0.01,0.26398003441491313,0.2639736733844764,0.2639800337785886,True,1.342390000121668
1027,0,0.01,0.2639736733844764,0.2639673212033665,0.2639736727490374,True,1.3425404999870807
1028,0,0.01,0.2639673212033665,0.26396097784824335,0.26396732056881067,True,1.3426899001933634
1029,0,0.01,0.26396097784824335,0.2639546432958372,0.26396097721456835,True,1.3428396000526845
1030,0,0.01,0.2639546432958372,0.26394831752294795,0.2639546426630407,True,1.3429873001296073
1031,0,0.01,0.26394831752294795,0.2639420005064448,0.2639483168910277,True,1.3431346002034843
1032,0,0.01,0.2639420005064448,0.26393569222326685,0.26394199987539846,True,1.3432820001617074
1033,0,0.01,0.26393569222326685,0.2639293926504218,0.2639356915930921,True,1.3434293000027537
1034,0,0.01,0.2639293926504218,0.263923101764986,0.26392939202111637,True,1.3435997001361102
1035,0,0.01,0.263923101764986,0.2639168195441047,0.2639231011365476,True,1.3440642000641674
1036,0,0.01,0.2639168195441047,0.26391054596499086,0.263916818916531,True,1.3442577000241727
1037,0,0.01,0.26391054596499086,0.2639042810049258,0.2639105453382797,True,1.3445687000639737
1038,0,0.01,0.2639042810049258,0.26389802464125833,0.2639042803790748,True,1.3447279001120478
1039,0,0.01,0.26389802464125833,0.2638917768514045,0.2638980240162653,True,1.3448696001432836
1040,0,0.01,0.2638917768514045,0.26388553761284783,0.26389177622726717,True,1.3450254001654685
1041,0,0.01,0.26388553761284783,0.2638793069031383,0.2638855369895639,True,1.3451735000126064
1042,0,0.01,0.2638793069031383,0.263873084699893,0.2638793062807056,True,1.3453141001518816
1043,0,0.01,0.263873084699893,0.26386687098079487,0.2638730840783093,True,1.345458400202915
1044,0,0.01,0.26386687098079487,0.2638606657235931,0.2638668703600579,True,1.3456081000622362
1045,0,0.01,0.2638606657235931,0.26385446890610315,0.26386066510370065,True,1.3457433001603931
1046,0,0.01,0.26385446890610315,0.2638482805062054,0.263854468287053,True,1.345879100030288
1047,0,0.01,0.2638482805062054,0.26384210050184587,0.26384827988799536,True,1.3460158000234514
1048,0,0.01,0.26384210050184587,0.2638359288710355,0.2638420998844737,True,1.346169700147584
1049,0,0.01,0.2638359288710355,0.26382976559185023,0.2638359282544991,True,1.3463081000372767
1050,0,0.01,0.26382976559185023,0.2638236106424303,0.26382976497614735,True,1.346445000031963
1051,0,0.01,0.2638236106424303,0.2638174640009807,0.2638236100275588,True,1.3465806001331657
1052,0,0.01,0.2638174640009807,0.2638113256457699,0.26381746338693834,True,1.3467145001050085
1053,0,0.01,0.2638113256457699,0.2638051955551305,0.2638113250325545,True,1.3468494000844657
1054,0,0.01,0.2638051955551305,0.2637990737074586,0.2638051949427399,True,1.3469830001704395
1055,0,0.01,0.2637990737074586,0.26379296008121367,0.26379907309589073,True,1.3471170000266284
1056,0,0.01,0.26379296008121367,0.263786854654918,0.2637929594704663,True,1.3472516001202166
1057,0,0.01,0.263786854654918,0.263780757407157,0.2637868540449891,True,1.3473854002077132
1058,0,0.01,0.263780757407157,0.2637746683165786,0.2637807567980443,True,1.3475200000684708
1059,0,0.01,0.2637746683165786,0.2637685873618928,0.26377466770828,True,1.3476541000418365
1060,0,0.01,0.2637685873618928,0.2637625145218718,0.2637685867544062,True,1.3477880000136793
1061,0,0.01,0.2637625145218718,0.26375644977534995,0.2637625139151951,True,1.347921600099653
1062,0,0.01,0.26375644977534995,0.26375039310122284,0.263756449169481,True,1.3480650000274181
1063,0,0.01,0.26375039310122284,0.2637443444784475,0.26375039249615956,True,1.3482058001682162
1064,0,0.01,0.2637443444784475,0.26373830388604225,0.26374434387418777,True,1.348345700185746
1065,0,0.01,0.26373830388604225,0.2637322713030861,0.26373830328258396,True,1.3484860002063215
1066,0,0.01,0.2637322713030861,0.263726246708719,0.2637322707004272,True,1.3486279000062495
1067,0,0.01,0.263726246708719,0.26372023008214107,0.26372624610685746,True,1.3487748000770807
1068,0,0.01,0.26372023008214107,0.2637142214026127,0.2637202294810747,True,1.348921800032258
1069,0,0.01,0.2637142214026127,0.2637082206494541,0.26371422080233947,True,1.3490701001137495
1070,0,0.01,0.2637082206494541,0.2637022278020457,0.26370822004997196,True,1.3492178001906723
1071,0,0.01,0.2637022278020457,0.26369624283982696,0.2637022272033526,True,1.3493669000454247
1072,0,0.01,0.26369624283982696,0.2636902657422967,0.26369624224192084,True,1.3495143000036478
1073,0,0.01,0.2636902657422967,0.2636842964890129,0.2636902651451755,True,1.3496611001901329
1074,0,0.01,0.2636842964890129,0.26367833505959243,0.26368429589267467,True,1.3498054000083357
1075,0,0.01,0.26367833505959243,0.2636723814337104,0.263678334464035,True,1.3499474001582712
1076,0,0.01,0.2636723814337104,0.2636664355911008,0.26367238083893185,True,1.350101500051096
1077,0,0.01,0.2636664355911008,0.2636604975115553,0.263666434997099,True,1.3502519000321627
1078,0,0.01,0.2636604975115553,0.26365456717492375,0.2636604969183283,True,1.3503919001668692
1079,0,0.01,0.26365456717492375,0.26364864456111375,0.26365456658246955,True,1.3505311000626534
1080,0,0.01,0.26364864456111375,0.2636427296500902,0.26364864396943033,True,1.3506698000710458
1081,0,0.01,0.2636427296500902,0.2636368224218754,0.2636427290591756,True,1.350808500079438
1082,0,0.01,0.2636368224218754,0.26363092285654866,0.2636368218317276,True,1.3509473002050072
1083,0,0.01,0.26363092285654866,0.2636250309342461,0.2636309222671656,True,1.3510838001966476
1084,0,0.01,0.2636250309342461,0.2636191466351605,0.2636250303456259,True,1.3512179001700133
1085,0,0.01,0.2636191466351605,0.26361326993954093,0.26361914604730113,True,1.3513516001403332
1086,0,0.01,0.26361326993954093,0.26360740082769274,0.2636132693524404,True,1.3514849999919534
1087,0,0.01,0.26360740082769274,0.26360153927997726,0.2636074002413491,True,1.351619000080973
1088,0,0.01,0.26360153927997726,0.26359568527681176,0.26360153869438857,True,1.3517527000512928
1089,0,0.01,0.26359568527681176,0.2635898387986685,0.2635956846919761,True,1.3518881001509726
1090,0,0.01,0.2635898387986685,0.2635839998260756,0.2635898382145838,True,1.3523895000107586
1091,0,0.01,0.2635839998260756,0.2635781683396161,0.26358399924274006,True,1.352592800045386
1092,0,0.01,0.2635781683396161,0.2635723443199281,0.26357816775702775,True,1.3527697999961674
1093,0,0.01,0.2635723443199281,0.2635665277477042,0.26357234373808497,True,1.3529614000581205
1094,0,0.01,0.2635665277477042,0.2635607186036915,0.2635665271666044,True,1.353135900106281
1095,0,0.01,0.2635607186036915,0.2635549168686918,0.26356071802333303,True,1.3533100001513958
1096,0,0.01,0.2635549168686918,0.26354912252356044,0.2635549162890728,True,1.3534787001553923
1097,0,0.01,0.26354912252356044,0.263543335549207,0.263549121944679,True,1.3536459000315517
1098,0,0.01,0.263543335549207,0.26353755592659467,0.2635433349710612,True,1.3538212000858039
1099,0,0.01,0.26353755592659467,0.2635317836367401,0.2635375553491826,True,1.353992700111121
1100,0,0.01,0.2635317836367401,0.26352601866071323,0.2635317830600599,True,1.3541724001988769
1101,0,0.01,0.26352601866071323,0.26352026097963716,0.263526018084763,True,1.3543409002013505
1102,0,0.01,0.26352026097963716,0.26351451057468755,0.263520260404415,True,1.3545015000272542
1103,0,0.01,0.26351451057468755,0.26350876742709317,0.2635145100001916,True,1.3546614001970738
1104,0,0.01,0.26350876742709317,0.2635030315181352,0.26350876685332153,True,1.3548298000823706
1105,0,0.01,0.2635030315181352,0.26349730282914674,0.26350303094508604,True,1.3549917000345886
1106,0,0.01,0.26349730282914674,0.26349158134151346,0.26349730225681817,True,1.3551469000522047
1107,0,0.01,0.26349158134151346,0.26348586703667254,0.26349158076990364,True,1.355300100054592
1108,0,0.01,0.26348586703667254,0.26348015989611323,0.2634858664657796,True,1.3554545000661165
1109,0,0.01,0.26348015989611323,0.263474459901376,0.2634801593259353,True,1.355608600191772
1110,0,0.01,0.263474459901376,0.26346876703405264,0.2634744593319113,True,1.3557631000876427
1111,0,0.01,0.26346876703405264,0.2634630812757863,0.2634687664652993,True,1.3559267001692206
1112,0,0.01,0.2634630812757863,0.2634574026082711,0.26346308070774255,True,1.3560811001807451
1113,0,0.01,0.2634574026082711,0.26345173101325126,0.26345740204093504,True,1.3562363001983613
1114,0,0.01,0.26345173101325126,0.26344606647252244,0.26345173044662107,True,1.356396600138396
1115,0,0.01,0.26344606647252244,0.2634404089679301,0.2634460659065963,True,1.3565570001956075
1116,0,0.01,0.2634404089679301,0.2634347584813699,0.2634404084027062,True,1.3567225001752377
1117,0,0.01,0.2634347584813699,0.26342911499478794,0.26343475791684645,True,1.35690820007585
1118,0,0.01,0.26342911499478794,0.2634234784901796,0.2634291144309632,True,1.357075500069186
1119,0,0.01,0.2634234784901796,0.2634178489495903,0.2634234779270517,True,1.3572437001857907
1120,0,0.01,0.2634178489495903,0.2634122263551144,0.2634178483871574,True,1.357414900092408
1121,0,0.01,0.2634122263551144,0.26340661068889615,0.2634122257933748,True,1.3575832000933588
1122,0,0.01,0.26340661068889615,0.26340100193312826,0.26340661012784805,True,1.357746200170368
1123,0,0.01,0.26340100193312826,0.2633954000700527,0.2634010013727699,True,1.3580585999879986
1124,0,0.01,0.2633954000700527,0.26338980508196014,0.2633953995103822,True,1.3582231001928449
1125,0,0.01,0.26338980508196014,0.26338421695118963,0.26338980452297583,True,1.3583840001374483
1126,0,0.01,0.26338421695118963,0.26337863566012865,0.2633842163928898,True,1.3585429000668228
1127,0,0.01,0.26337863566012865,0.26337306119121284,0.2633786351025114,True,1.3587013999931514
1128,0,0.01,0.26337306119121284,0.2633674935269259,0.2633730606342765,True,1.3588789000641555
1129,0,0.01,0.2633674935269259,0.2633619326497991,0.26336749297066875,True,1.3590409001335502
1130,0,0.01,0.2633619326497991,0.26335637854241173,0.2633619320942194,True,1.3591965001542121
1131,0,0.01,0.26335637854241173,0.2633508311873903,0.26335637798750766,True,1.3593499001581222
1132,0,0.01,0.2633508311873903,0.2633452905674085,0.2633508306331601,True,1.3595033001620322
1133,0,0.01,0.2633452905674085,0.2633397566651875,0.2633452900138506,True,1.3596545001491904
1134,0,0.01,0.2633397566651875,0.263334229463495,0.26333975611230004,True,1.3598100000526756
1135,0,0.01,0.263334229463495,0.2633287089451459,0.2633342289112763,True,1.359962500166148
1136,0,0.01,0.2633287089451459,0.2633231950930013,0.26332870839359424,True,1.3601108000148088
1137,0,0.01,0.2633231950930013,0.26331768788996895,0.263323194542115,True,1.3602978000417352
1138,0,0.01,0.26331768788996895,0.2633121873190028,0.26331768733974625,True,1.3606707002036273
1139,0,0.01,0.2633121873190028,0.26330669336310286,0.26331218676944207,True,1.3608323000371456
1140,0,0.01,0.26330669336310286,0.26330120600531515,0.2633066928142023,True,1.3609800999984145
1141,0,0.01,0.26330120600531515,0.26329572522873135,0.2633012054570732,True,1.3611227001529187
1142,0,0.01,0.26329572522873135,0.26329025101648873,0.26329572468114626,True,1.3612668002024293
1143,0,0.01,0.26329025101648873,0.2632847833517701,0.2632902504695588,True,1.3614059002138674
1144,0,0.01,0.2632847833517701,0.26327932221780326,0.2632847828054936,True,1.3615447001066059
1145,0,0.01,0.26327932221780326,0.26327386759786137,0.26327932167217866,True,1.3616785001941025
1146,0,0.01,0.26327386759786137,0.2632684194752623,0.2632738670528869,True,1.3618125000502914
1147,0,0.01,0.2632684194752623,0.2632629778333689,0.26326841893093633,True,1.3619677000679076
1148,0,0.01,0.2632629778333689,0.26325754265558843,0.2632629772896897,True,1.3621758001390845
1149,0,0.01,0.26325754265558843,0.26325211392537257,0.2632575421125544,True,1.3624565000645816
1150,0,0.01,0.26325211392537257,0.26324669162621733,0.2632521133829821,True,1.3626881001982838
1151,0,0.01,0.26324669162621733,0.263241275741663,0.26324669108446874,True,1.3629171000793576
1152,0,0.01,0.263241275741663,0.26323586625529344,0.2632412752005546,True,1.363144800066948
1153,0,0.01,0.26323586625529344,0.2632304631507367,0.26323586571482366,True,1.3633717000484467
1154,0,0.01,0.2632304631507367,0.2632250664116641,0.2632304626109039,True,1.363599400036037
1155,0,0.01,0.2632250664116641,0.26321967602179086,0.2632250658724666,True,1.3638250001240522
1156,0,0.01,0.26321967602179086,0.26321429196487484,0.26321967548322706,True,1.3640746001619846
1157,0,0.01,0.26321429196487484,0.2632089142247178,0.26321429142694314,True,1.364252100000158
1158,0,0.01,0.2632089142247178,0.2632035427851641,0.26320891368741656,True,1.3644147000741214
1159,0,0.01,0.2632035427851641,0.2631981776301009,0.2632035422484917,True,1.364579200046137
1160,0,0.01,0.2631981776301009,0.26319281874345846,0.26319817709405574,True,1.3647440001368523
1161,0,0.01,0.26319281874345846,0.2631874661092089,0.2631928182080389,True,1.3649111001286656
1162,0,0.01,0.2631874661092089,0.2631821197113674,0.2631874655744134,True,1.3650756999850273
1163,0,0.01,0.2631821197113674,0.2631767795339909,0.26318211917719436,True,1.365247500129044
1164,0,0.01,0.2631767795339909,0.2631714455611788,0.2631767790004387,True,1.3654204001650214
1165,0,0.01,0.2631714455611788,0.2631661177770719,0.26317144502824585,True,1.3655981000047177
1166,0,0.01,0.2631661177770719,0.2631607961658533,0.26316611724475664,True,1.3657773002050817
1167,0,0.01,0.2631607961658533,0.2631554807117475,0.2631607956341542,True,1.365967100020498
1168,0,0.01,0.2631554807117475,0.2631501713990205,0.26315548018066287,True,1.3661505000200123
1169,0,0.01,0.2631501713990205,0.2631448682119796,0.26315017086854886,True,1.3663379000499845
1170,0,0.01,0.2631448682119796,0.2631395711349732,0.2631448676821193,True,1.3665309001225978
1171,0,0.01,0.2631395711349732,0.2631342801523909,0.2631395706057228,True,1.3667242000810802
1172,0,0.01,0.2631342801523909,0.2631289952486631,0.26313427962374875,True,1.3669199000578374
1173,0,0.01,0.2631289952486631,0.2631237164082608,0.26312899472062773,True,1.3671133001334965
1174,0,0.01,0.2631237164082608,0.26311844361569614,0.26312371588083056,True,1.3673132001422346
1175,0,0.01,0.26311844361569614,0.2631131768555207,0.2631184430888695,True,1.367514500161633
1176,0,0.01,0.2631131768555207,0.2631079161123273,0.26311317632929615,True,1.3677098001353443
1177,0,0.01,0.2631079161123273,0.2631026613707486,0.2631079155867033,True,1.367914600064978
1178,0,0.01,0.2631026613707486,0.26309741261545705,0.26310266084572365,True,1.3681166002061218
1179,0,0.01,0.26309741261545705,0.2630921698311653,0.26309741209102955,True,1.3683127001859248
1180,0,0.01,0.2630921698311653,0.2630869330026253,0.26309216930733376,True,1.3685054001398385
1181,0,0.01,0.2630869330026253,0.2630817021146292,0.2630869324793882,True,1.3687637001276016
1182,0,0.01,0.2630817021146292,0.2630764771520081,0.263081701591985,True,1.3690436000470072
1183,0,0.01,0.2630764771520081,0.2630712580996326,0.2630764766299553,True,1.3692342001013458
1184,0,0.01,0.2630712580996326,0.26306604494241226,0.2630712575781697,True,1.3694137001875788
1185,0,0.01,0.26306604494241226,0.263060837665296,0.26306604442153775,True,1.3695919001474977
1186,0,0.01,0.263060837665296,0.2630556362532713,0.26306083714500833,True,1.3697697999887168
1187,0,0.01,0.2630556362532713,0.2630504406913645,0.26305563573356905,True,1.3699654000811279
1188,0,0.01,0.2630504406913645,0.2630452509646408,0.26305044017224616,True,1.3701415001414716
1189,0,0.01,0.2630452509646408,0.2630400670582035,0.2630452504461049,True,1.3703138001728803
1190,0,0.01,0.2630400670582035,0.2630348889571944,0.2630400665402484,True,1.3704853001981974
1191,0,0.01,0.2630348889571944,0.2630297166467935,0.2630348884398188,True,1.3706559999845922
1192,0,0.01,0.2630297166467935,0.2630245501122186,0.2630297161299958,True,1.370828100014478
1193,0,0.01,0.2630245501122186,0.26301938933872604,0.2630245495959974,True,1.3710005001630634
1194,0,0.01,0.26301938933872604,0.2630142343116094,0.26301938882307985,True,1.3711649000179023
1195,0,0.01,0.2630142343116094,0.26300908501620013,0.26301423379653677,True,1.3713305001147091
1196,0,0.01,0.26300908501620013,0.26300394143786715,0.2630090845016996,True,1.3714953002054244
1197,0,0.01,0.26300394143786715,0.2629988035620169,0.2630039409239372,True,1.3716541000176221
1198,0,0.01,0.2629988035620169,0.2629936713740927,0.2629988030486561,True,1.3718129000626504
1199,0,0.01,0.2629936713740927,0.2629885448595757,0.2629936708612996,True,1.3719839002005756
1200,0,0.01,0.2629885448595757,0.2629834240039832,0.26298854434734886,True,1.3721463000401855
1201,0,0.01,0.2629834240039832,0.26297830879287026,0.2629834234923212,True,1.372300500050187
1202,0,0.01,0.26297830879287026,0.2629731992118279,0.2629783082817716,True,1.3724548001773655
1203,0,0.01,0.2629731992118279,0.2629680952464841,0.26297319870129116,True,1.3726084001827985
1204,0,0.01,0.2629680952464841,0.2629629968825035,0.2629680947365079,True,1.3727618001867086
1205,0,0.01,0.2629629968825035,0.2629579041055868,0.26296299637308634,True,1.3729154001921415
1206,0,0.01,0.2629579041055868,0.2629528169014709,0.2629579035967272,True,1.3730675000697374
1207,0,0.01,0.2629528169014709,0.2629477352559289,0.26295281639316753,True,1.3732177000492811
1208,0,0.01,0.2629477352559289,0.2629426591547701,0.26294773474818034,True,1.3733660001307726
1209,0,0.01,0.2629426591547701,0.2629375885838393,0.26294265864757493,True,1.3735114000737667
1210,0,0.01,0.2629375885838393,0.2629325235290171,0.26293758807719614,True,1.3736539001110941
1211,0,0.01,0.2629325235290171,0.2629274639762198,0.2629325230229244,True,1.3737968001514673
1212,0,0.01,0.2629274639762198,0.2629224099113991,0.2629274634706763,True,1.3739479000214487
1213,0,0.01,0.2629224099113991,0.2629173613205421,0.2629224094064033,True,1.3740955002140254
1214,0,0.01,0.2629173613205421,0.262912318189671,0.2629173608160927,True,1.374237900134176
1215,0,0.01,0.262912318189671,0.2629072805048433,0.2629123176857665,True,1.3743756001349539
1216,0,0.01,0.2629072805048433,0.2629022482521513,0.2629072800014824,True,1.3745124000124633
1217,0,0.01,0.2629022482521513,0.2628972214177221,0.2629022477493326,True,1.37464620009996
1218,0,0.01,0.2628972214177221,0.2628921999877177,0.26289722091544415,True,1.3747786001767963
1219,0,0.01,0.2628921999877177,0.26288718394833477,0.26289219948597914,True,1.374912500148639
1220,0,0.01,0.26288718394833477,0.26288217328580415,0.2628871834471343,True,1.3750461000017822
1221,0,0.01,0.26288217328580415,0.2628771679863915,0.2628821727851403,True,1.375179400201887
1222,0,0.01,0.2628771679863915,0.26287216803639624,0.26287716748626294,True,1.3753122000489384
1223,0,0.01,0.26287216803639624,0.26286717342215227,0.2628721675368016,True,1.3754447000101209
1224,0,0.01,0.26286717342215227,0.2628621841300275,0.2628671729230902,True,1.3755784002132714
1225,0,0.01,0.2628621841300275,0.2628572001464235,0.2628621836314966,True,1.3757112000603229
1226,0,0.01,0.2628572001464235,0.26285222145777565,0.2628571996484224,True,1.3758450001478195
1227,0,0.01,0.26285222145777565,0.2628472480505534,0.2628522209603031,True,1.3759887001942843
1228,0,0.01,0.2628472480505534,0.2628422799112591,0.26284724755360794,True,1.376137400045991
1229,0,0.01,0.2628422799112591,0.262837317026429,0.2628422794148394,True,1.3762816002126783
1230,0,0.01,0.262837317026429,0.2628323593826326,0.26283731653053377,True,1.376416200073436
1231,0,0.01,0.2628323593826326,0.26282740696647233,0.2628323588872605,True,1.3765501000452787
1232,0,0.01,0.26282740696647233,0.2628224597645841,0.26282740647162195,True,1.376684800023213
1233,0,0.01,0.2628224597645841,0.2628175177636363,0.26282245927025416,True,1.3768186999950558
1234,0,0.01,0.2628175177636363,0.26281258095033067,0.2628175172698255,True,1.3769519000779837
1235,0,0.01,0.26281258095033067,0.26280764931140144,0.2628125804570376,True,1.3772530001588166
1236,0,0.01,0.26280764931140144,0.2628027228336154,0.2628076488186248,True,1.37743220012635
1237,0,0.01,0.2628027228336154,0.26279780150377186,0.2628027223413539,True,1.377620000159368
1238,0,0.01,0.26279780150377186,0.26279288530870276,0.26279780101202416,True,1.3778057000599802
1239,0,0.01,0.26279288530870276,0.2627879742352721,0.26279288481746754,True,1.3779567000456154
1240,0,0.01,0.2627879742352721,0.26278306827037623,0.2627879737445481,True,1.3780992000829428
1241,0,0.01,0.26278306827037623,0.2627781674009433,0.2627830677801621,True,1.3782528000883758
1242,0,0.01,0.2627781674009433,0.2627732716139337,0.2627781669112377,True,1.378387700067833
1243,0,0.01,0.2627732716139337,0.26276838089633947,0.26277327112473536,True,1.378522700164467
1244,0,0.01,0.26276838089633947,0.26276349523518455,0.2627683804076471,True,1.3786942001897842
1245,0,0.01,0.26276349523518455,0.26275861461752437,0.2627634947469969,True,1.3788349002134055
1246,0,0.01,0.26275861461752437,0.26275373903044597,0.2627586141298401,True,1.3789702001959085
1247,0,0.01,0.26275373903044597,0.2627488684610678,0.2627537385432638,True,1.379105200059712
1248,0,0.01,0.2627488684610678,0.2627440028965395,0.2627488679743864,True,1.3792406001593918
1249,0,0.01,0.2627440028965395,0.26273914232404205,0.2627440024103576,True,1.379377500154078
1250,0,0.01,0.26273914232404205,0.2627342867307874,0.2627391418383584,True,1.3795162001624703
1251,0,0.01,0.2627342867307874,0.26272943610401855,0.26273428624560075,True,1.3796509001404047
1252,0,0.01,0.26272943610401855,0.2627245904310092,0.2627294356193276,True,1.379785600118339
1253,0,0.01,0.2627245904310092,0.2627197496990644,0.26272458994681264,True,1.3799296000506729
1254,0,0.01,0.2627197496990644,0.262714913895519,0.262719749215361,True,1.3800858000759035
1255,0,0.01,0.262714913895519,0.2627100830077391,0.26271491341230746,True,1.380226100096479
1256,0,0.01,0.2627100830077391,0.262705257023121,0.26271008252501826,True,1.3803594000637531
1257,0,0.01,0.262705257023121,0.2627004359290912,0.2627052565408895,True,1.3804930001497269
1258,0,0.01,0.2627004359290912,0.26269561971310684,0.26270043544734784,True,1.3806253999937326
1259,0,0.01,0.26269561971310684,0.2626908083626548,0.2626956192318503,True,1.3807585001923144
1260,0,0.01,0.2626908083626548,0.26268600186525215,0.26269080788188387,True,1.3808915000408888
1261,0,0.01,0.26268600186525215,0.26268120020844615,0.2626860013849656,True,1.3810245001222938
1262,0,0.01,0.26268120020844615,0.26267640337981357,0.26268119972864273,True,1.3811579002067447
1263,0,0.01,0.26267640337981357,0.26267161136696093,0.26267640290049205,True,1.381290900055319
1264,0,0.01,0.26267161136696093,0.2626668241575246,0.2626716108881201,True,1.3814236000180244
1265,0,0.01,0.2626668241575246,0.26266204173917035,0.26266682367916316,True,1.3815572999883443
1266,0,0.01,0.26266204173917035,0.26265726409959333,0.26266204126128706,True,1.3816921000834554
1267,0,0.01,0.26265726409959333,0.2626524912265181,0.26265726362218705,True,1.381824400043115
1268,0,0.01,0.2626524912265181,0.26264772310769857,0.2626524907495876,True,1.3819670001976192
1269,0,0.01,0.26264772310769857,0.26264295973091745,0.26264772263124253,True,1.3821043001953512
1270,0,0.01,0.26264295973091745,0.26263820108398694,0.2626429592549347,True,1.3822397000622004
1271,0,0.01,0.26263820108398694,0.2626334471547478,0.26263820060847626,True,1.3823732000309974
1272,0,0.01,0.2626334471547478,0.26262869793106985,0.26263344667970795,True,1.3825068001169711
1273,0,0.01,0.26262869793106985,0.2626239534008515,0.26262869745649964,True,1.3826396001968533
1274,0,0.01,0.2626239534008515,0.26261921355201984,0.2626239529267497,True,1.3827739001717418
1275,0,0.01,0.26261921355201984,0.26261447837253066,0.2626192130783853,True,1.382907300023362
1276,0,0.01,0.26261447837253066,0.26260974785036806,0.26261447789936215,True,1.3830393000971526
1277,0,0.01,0.26260974785036806,0.2626050219735445,0.2626097473776644,True,1.383171800058335
1278,0,0.01,0.2626050219735445,0.26260030073010066,0.2626050215013045,True,1.3833042001351714
1279,0,0.01,0.26260030073010066,0.2625955841081056,0.2626003002583231,True,1.3834381999913603
1280,0,0.01,0.2625955841081056,0.26259087209565624,0.26259558363678925,True,1.3835708000697196
1281,0,0.01,0.26259087209565624,0.26258616468087737,0.2625908716248,True,1.3837036001496017
1282,0,0.01,0.26258616468087737,0.262581461851922,0.26258616421048,True,1.3838377001229674
1283,0,0.01,0.262581461851922,0.26257676359697085,0.2625814613819823,True,1.3839947001542896
1284,0,0.01,0.26257676359697085,0.262572069904232,0.2625767631274877,True,1.3841368001885712
1285,0,0.01,0.262572069904232,0.2625673807619415,0.26257206943520417,True,1.3842722000554204
1286,0,0.01,0.2625673807619415,0.2625626961583627,0.26256738029336785,True,1.3844067000318319
1287,0,0.01,0.2625626961583627,0.2625580160817865,0.26256269569024204,True,1.384539999999106
1288,0,0.01,0.2625580160817865,0.26255334052053114,0.2625580156141177,True,1.3846738000866026
1289,0,0.01,0.26255334052053114,0.2625486694629419,0.26255334005331293,True,1.3848068001680076
1290,0,0.01,0.2625486694629419,0.2625440028973912,0.26254866899617324,True,1.3849403001368046
1291,0,0.01,0.2625440028973912,0.26253934081227887,0.26254400243107084,True,1.3850742001086473
1292,0,0.01,0.26253934081227887,0.2625346831960314,0.2625393403464057,True,1.3852076001930982
1293,0,0.01,0.2625346831960314,0.26253003003710207,0.2625346827306042,True,1.3855628001037985
1294,0,0.01,0.26253003003710207,0.2625253813239711,0.26253002957211974,True,1.3858011001721025
1295,0,0.01,0.2625253813239711,0.2625207370451454,0.2625253808594325,True,1.3859420001972467
1296,0,0.01,0.2625207370451454,0.2625160971891584,0.26252073658104935,True,1.3860828999895602
1297,0,0.01,0.2625160971891584,0.2625114617445702,0.2625160967255038,True,1.3862172001972795
1298,0,0.01,0.2625114617445702,0.26250683069996705,0.2625114612813559,True,1.3863525001797825
1299,0,0.01,0.26250683069996705,0.26250220404396163,0.2625068302371919,True,1.3864872001577169
1300,0,0.01,0.26250220404396163,0.2624975817651932,0.26250220358162446,True,1.386624300153926
1301,0,0.01,0.2624975817651932,0.26249296385232673,0.2624975813032929,True,1.3867589000146836
1302,0,0.01,0.26249296385232673,0.2624883502940534,0.2624929633908622,True,1.3868929999880493
1303,0,0.01,0.2624883502940534,0.2624837410790904,0.26248834983302344,True,1.3870270000770688
1304,0,0.01,0.2624837410790904,0.26247913619618085,0.26248374061849394,True,1.3872946000192314
1305,0,0.01,0.26247913619618085,0.2624745356340937,0.2624791357360168,True,1.3875200001057237
1306,0,0.01,0.2624745356340937,0.26246993938162344,0.2624745351743608,True,1.3876751000061631
1307,0,0.01,0.26246993938162344,0.2624653474275904,0.26246993892232073,True,1.3878173001576215
1308,0,0.01,0.2624653474275904,0.2624607597608405,0.2624653469687167,True,1.3879572001751512
1309,0,0.01,0.2624607597608405,0.2624561763702448,0.26246075930239465,True,1.3880973001942039
1310,0,0.01,0.2624561763702448,0.26245159724470013,0.2624561759122258,True,1.3882354001980275
1311,0,0.01,0.26245159724470013,0.26244702237312834,0.2624515967871068,True,1.3883736000861973
1312,0,0.01,0.26244702237312834,0.2624424517444767,0.26244702191595953,True,1.388525100192055
1313,0,0.01,0.2624424517444767,0.2624378853477175,0.2624424512877314,True,1.3886715001426637
1314,0,0.01,0.2624378853477175,0.2624333231718479,0.2624378848913945,True,1.3888117000460625
1315,0,0.01,0.2624333231718479,0.2624287652058907,0.2624333227159462,True,1.3889507001731545
1316,0,0.01,0.2624287652058907,0.2624242114388926,0.26242876475040916,True,1.38908930006437
1317,0,0.01,0.2624242114388926,0.2624196618599258,0.2624242109838302,True,1.389228800078854
1318,0,0.01,0.2624196618599258,0.2624151164580871,0.26241966140528133,True,1.389366100076586
1319,0,0.01,0.2624151164580871,0.2624105752224979,0.2624151160038596,True,1.389515400165692
1320,0,0.01,0.2624105752224979,0.2624060381423038,0.2624105747686861,True,1.3896608999930322
1321,0,0.01,0.2624060381423038,0.2624015052066756,0.26240603768890675,True,1.3898004000075161
1322,0,0.01,0.2624015052066756,0.2623969764048077,0.2624015047536922,True,1.3899405000265688
1323,0,0.01,0.2623969764048077,0.2623924517259194,0.2623969759522369,True,1.3900797001551837
1324,0,0.01,0.2623924517259194,0.2623879311592539,0.2623924512737601,True,1.3902183000463992
1325,0,0.01,0.2623879311592539,0.2623834146940788,0.262387930707505,True,1.3903568000532687
1326,0,0.01,0.2623834146940788,0.2623789023196856,0.2623834142427392,True,1.39049300015904
1327,0,0.01,0.2623789023196856,0.2623743940253898,0.2623789018687543,True,1.3906381002161652
1328,0,0.01,0.2623743940253898,0.2623698898005309,0.26237439357486575,True,1.3907734001986682
1329,0,0.01,0.2623698898005309,0.26236538963447215,0.26236988935041294,True,1.390907500172034
1330,0,0.01,0.26236538963447215,0.2623608935166005,0.26236538918475927,True,1.3910421000327915
1331,0,0.01,0.2623608935166005,0.2623564014363269,0.2623608930672917,True,1.3911772000137717
1332,0,0.01,0.2623564014363269,0.2623519133830854,0.262356400987421,True,1.391312099993229
1333,0,0.01,0.2623519133830854,0.26234742934633404,0.26235191293458143,True,1.3914461000822484
1334,0,0.01,0.26234742934633404,0.262342949315554,0.2623474288982309,True,1.391594700049609
1335,0,0.01,0.262342949315554,0.26233847328025006,0.26234294886785076,True,1.391729800030589
1336,0,0.01,0.26233847328025006,0.26233400122995,0.26233847283294554,True,1.3918639000039548
1337,0,0.01,0.26233400122995,0.2623295331542049,0.2623340007830432,True,1.3919979000929743
1338,0,0.01,0.2623295331542049,0.26232506904258934,0.26232953270769477,True,1.3921312000602484
1339,0,0.01,0.26232506904258934,0.2623206088847005,0.26232506859647486,True,1.3922642001416534
1340,0,0.01,0.2623206088847005,0.26231615267015873,0.2623206084389806,True,1.3923979999963194
1341,0,0.01,0.26231615267015873,0.2623117003886073,0.2623161522248324,True,1.3926008001435548
1342,0,0.01,0.2623117003886073,0.26230725202971233,0.2623116999436735,True,1.3927423001732677
1343,0,0.01,0.26230725202971233,0.2623028075831626,0.26230725158517,True,1.3928788001649082
1344,0,0.01,0.2623028075831626,0.26229836703866977,0.2623028071390107,True,1.3930204000789672
1345,0,0.01,0.26229836703866977,0.2622939303859678,0.26229836659490735,True,1.3931651001330465
1346,0,0.01,0.2622939303859678,0.2622894976148137,0.2622939299425938,True,1.3933089000638574
1347,0,0.01,0.2622894976148137,0.26228506871498625,0.26228949717182704,True,1.3934537000022829
1348,0,0.01,0.26228506871498625,0.26228064367628723,0.26228506827238596,True,1.3938152000773698
1349,0,0.01,0.26228064367628723,0.26227622248854054,0.2622806432340723,True,1.3940280000679195
1350,0,0.01,0.26227622248854054,0.26227180514159204,0.26227622204671,True,1.3941864999942482
1351,0,0.01,0.26227180514159204,0.2622673916253103,0.2622718047001448,True,1.3943426001351327
1352,0,0.01,0.2622673916253103,0.26226298192958547,0.26226739118424536,True,1.3944962001405656
1353,0,0.01,0.26226298192958547,0.26225857604433017,0.2622629814889018,True,1.3946545000653714
1354,0,0.01,0.26225857604433017,0.2622541739594786,0.2622585756040268,True,1.3948115000966936
1355,0,0.01,0.2622541739594786,0.26224977566498714,0.2622541735195545,True,1.3949700000230223
1356,0,0.01,0.26224977566498714,0.26224538115083385,0.26224977522544135,True,1.3951284000650048
1357,0,0.01,0.26224538115083385,0.2622409904070185,0.2622453807116653,True,1.3952800000552088
1358,0,0.01,0.2622409904070185,0.26223660342356236,0.26224098996822626,True,1.3954456001520157
1359,0,0.01,0.26223660342356236,0.262232220190509,0.26223660298514545,True,1.3955980001483113
1360,0,0.01,0.262232220190509,0.26222784069792265,0.26223221975246636,True,1.3957475000061095
1361,0,0.01,0.26222784069792265,0.2622234649358895,0.2622278402602533,True,1.3958968000952154
1362,0,0.01,0.2622234649358895,0.26221909289451706,0.26222346449859246,True,1.3960459001827985
1363,0,0.01,0.26221909289451706,0.26221472456393397,0.26221909245759134,True,1.3961952000390738
1364,0,0.01,0.26221472456393397,0.26221035993429054,0.2622147241273786,True,1.3963370001874864
1365,0,0.01,0.26221035993429054,0.2622059989957578,0.26221035949810456,True,1.3964788001030684
1366,0,0.01,0.2622059989957578,0.26220164173852806,0.2622059985599402,True,1.396621200023219
1367,0,0.01,0.26220164173852806,0.26219728815281484,0.2622016413030778,True,1.3967617000453174
1368,0,0.01,0.26219728815281484,0.2621929382288524,0.26219728771773104,True,1.3968996000476182
1369,0,0.01,0.2621929382288524,0.26218859195689614,0.26219293779413405,True,1.3970369000453502
1370,0,0.01,0.26218859195689614,0.26218424932722206,0.26218859152254226,True,1.397174300160259
1371,0,0.01,0.26218424932722206,0.26217991033012716,0.26218424889323166,True,1.3973095000255853
1372,0,0.01,0.26217991033012716,0.2621755749559289,0.2621799098964993,True,1.3974527001846582
1373,0,0.01,0.2621755749559289,0.2621712431949657,0.2621755745226626,True,1.3975900001823902
1374,0,0.01,0.2621712431949657,0.26216691503759626,0.26217124276206,True,1.3977248000446707
1375,0,0.01,0.26216691503759626,0.26216259047419993,0.2621669146050502,True,1.397859700024128
1376,0,0.01,0.26216259047419993,0.2621582694951764,0.26216259004201253,True,1.3979933999944478
1377,0,0.01,0.2621582694951764,0.26215395209094594,0.2621582690633467,True,1.3981266000773758
1378,0,0.01,0.26215395209094594,0.26214963825194904,0.26215395165947303,True,1.3982609000522643
1379,0,0.01,0.26214963825194904,0.2621453279686462,0.26214963782083195,True,1.3983944000210613
1380,0,0.01,0.2621453279686462,0.2621410212315185,0.26214532753788394,True,1.3985274001024663
1381,0,0.01,0.2621410212315185,0.26213671803106664,0.2621410208011102,True,1.3986598001793027
1382,0,0.01,0.26213671803106664,0.262132418357812,0.26213671760101126,True,1.3987923001404852
1383,0,0.01,0.262132418357812,0.26212812220229537,0.2621324179281086,True,1.3989250999875367
1384,0,0.01,0.26212812220229537,0.26212382955507774,0.26212812177294303,True,1.3990584001876414
1385,0,0.01,0.26212382955507774,0.26211954040673996,0.26212382912607557,True,1.3991923001594841
1386,0,0.01,0.26211954040673996,0.26211525474788255,0.26211953997808696,True,1.3993259000126272
1387,0,0.01,0.26211525474788255,0.26211097256912574,0.2621152543195778,True,1.3994689001701772
1388,0,0.01,0.26211097256912574,0.26210669386110963,0.2621109721411683,True,1.3996059000492096
1389,0,0.01,0.26210669386110963,0.2621024186144938,0.26210669343349857,True,1.3997420000378042
1390,0,0.01,0.2621024186144938,0.26209814681995725,0.2621024181872282,True,1.3998770001344383
1391,0,0.01,0.26209814681995725,0.26209387846819876,0.26209814639303614,True,1.4000103999860585
1392,0,0.01,0.26209387846819876,0.2620896135499361,0.2620938780416212,True,1.400144600076601
1393,0,0.01,0.2620896135499361,0.26208535205590683,0.2620896131237012,True,1.4002785000484437
1394,0,0.01,0.26208535205590683,0.26208109397686735,0.2620853516300137,True,1.4004128000233322
1395,0,0.01,0.26208109397686735,0.26207683930359377,0.262081093551315,True,1.400546400109306
1396,0,0.01,0.26207683930359377,0.26207258802688094,0.2620768388783813,True,1.400679600192234
1397,0,0.01,0.26207258802688094,0.2620683401375431,0.26207258760200747,True,1.4008135001640767
1398,0,0.01,0.2620683401375431,0.26206409562641336,0.26206833971300764,True,1.4009471000172198
1399,0,0.01,0.26206409562641336,0.2620598544843439,0.2620640952022151,True,1.4010802002158016
1400,0,0.01,0.2620598544843439,0.2620556167022057,0.26205985406048177,True,1.4012182999867946
1401,0,0.01,0.2620556167022057,0.26205138227088876,0.2620556162786789,True,1.4013516001868993
1402,0,0.01,0.26205138227088876,0.2620471511813019,0.2620513818476964,True,1.4014968001283705
1403,0,0.01,0.2620471511813019,0.2620429234243724,0.262047150758443,True,1.401633300120011
1404,0,0.01,0.2620429234243724,0.26203869899104654,0.2620429230018461,True,1.4018023000098765
1405,0,0.01,0.26203869899104654,0.26203447787228895,0.2620386985688519,True,1.4019431001506746
1406,0,0.01,0.26203447787228895,0.2620302600590832,0.26203447745042513,True,1.4021963002160192
1407,0,0.01,0.2620302600590832,0.2620260455424308,0.2620302596375492,True,1.4023521000053734
1408,0,0.01,0.2620260455424308,0.26202183431335224,0.26202604512122585,True,1.402490200009197
1409,0,0.01,0.26202183431335224,0.262017626362886,0.26202183389247535,True,1.4026267000008374
1410,0,0.01,0.262017626362886,0.2620134216820892,0.2620176259423363,True,1.4027613000944257
1411,0,0.01,0.2620134216820892,0.26200922026203693,0.2620134212618658,True,1.402895900188014
1412,0,0.01,0.26200922026203693,0.2620050220938226,0.26200921984213893,True,1.4030298001598567
1413,0,0.01,0.2620050220938226,0.262000827168558,0.2620050216742491,True,1.403162700124085
1414,0,0.01,0.262000827168558,0.2619966354773725,0.26200082674930814,True,1.4032954000867903
1415,0,0.01,0.2619966354773725,0.2619924470114141,0.2619966350584454,True,1.4034291000571102
1416,0,0.01,0.2619924470114141,0.2619882617618484,0.26199244659280885,True,1.403563000028953
1417,0,0.01,0.2619882617618484,0.26198407971985893,0.2619882613435641,True,1.4036956001073122
1418,0,0.01,0.26198407971985893,0.261979900876647,0.26198407930189477,True,1.4038288001902401
1419,0,0.01,0.261979900876647,0.26197572522343215,0.26197990045900205,True,1.4039762001484632
1420,0,0.01,0.26197572522343215,0.2619715527514512,0.26197572480610554,True,1.4041118000168353
1421,0,0.01,0.2619715527514512,0.26196738345195886,0.261971552334442,True,1.4042460001073778
1422,0,0.01,0.26196738345195886,0.2619632173162275,0.2619673830352663,True,1.4043797000776976
1423,0,0.01,0.2619632173162275,0.261959054335547,0.2619632168998507,True,1.4045138000510633
1424,0,0.01,0.261959054335547,0.2619548945012249,0.26195905391948504,True,1.4046478001400828
1425,0,0.01,0.2619548945012249,0.2619507378045859,0.2619548940854769,True,1.4047815001104027
1426,0,0.01,0.2619507378045859,0.2619465842369725,0.26195073738915103,True,1.4049174000974745
1427,0,0.01,0.2619465842369725,0.26194243378974424,0.2619465838218499,True,1.4050518001895398
1428,0,0.01,0.26194243378974424,0.2619382864542779,0.261942433374933,True,1.405185000039637
1429,0,0.01,0.2619382864542779,0.2619341422219681,0.2619382860397772,True,1.405318400124088
1430,0,0.01,0.2619341422219681,0.2619300010842258,0.2619341418077771,True,1.405451400205493
1431,0,0.01,0.2619300010842258,0.26192586303247983,0.2619300006703436,True,1.405585200060159
1432,0,0.01,0.26192586303247983,0.2619217280581757,0.2619258626189056,True,1.405718700028956
1433,0,0.01,0.2619217280581757,0.2619175961527761,0.26192172764490856,True,1.405851799994707
1434,0,0.01,0.2619175961527761,0.2619134673077605,0.2619175957398152,True,1.4059972001705319
1435,0,0.01,0.2619134673077605,0.2619093415146254,0.261913466895105,True,1.4061319001484662
1436,0,0.01,0.2619093415146254,0.26190521876488443,0.2619093411022745,True,1.4062653000000864
1437,0,0.01,0.26190521876488443,0.26190109905006764,0.2619052183528372,True,1.4063999000936747
1438,0,0.01,0.26190109905006764,0.26189698236172193,0.2619010986383233,True,1.4065336000639945
1439,0,0.01,0.26189698236172193,0.26189286869141104,0.26189698195027955,True,1.4066690001636744
1440,0,0.01,0.26189286869141104,0.2618887580307153,0.26189286828026986,True,1.4068440000992268
1441,0,0.01,0.2618887580307153,0.2618846503712316,0.26188875761987446,True,1.4069774001836777
1442,0,0.01,0.2618846503712316,0.2618805457045734,0.2618846499606902,True,1.4071117001585662
1443,0,0.01,0.2618805457045734,0.26187644402237076,0.2618805452943307,True,1.4072451000101864
1444,0,0.01,0.26187644402237076,0.2618723453162699,0.26187644361242585,True,1.4073782002087682
1445,0,0.01,0.2618723453162699,0.2618682495779338,0.261872344906622,True,1.407512600068003
1446,0,0.01,0.2618682495779338,0.2618641567990415,0.26186824916858203,True,1.4076462001539767
1447,0,0.01,0.2618641567990415,0.2618600669712884,0.26186415638998506,True,1.4077797001227736
1448,0,0.01,0.2618600669712884,0.2618559800863861,0.2618600665625264,True,1.407922200160101
1449,0,0.01,0.2618559800863861,0.2618518961360625,0.26185597967791785,True,1.4080596000421792
1450,0,0.01,0.2618518961360625,0.2618478151120618,0.2618518957278871,True,1.4081938001327217
1451,0,0.01,0.2618478151120618,0.26184373700614366,0.26184781470417834,True,1.4083277999889106
1452,0,0.01,0.26184373700614366,0.26183966181008433,0.2618437365985514,True,1.4084631002042443
1453,0,0.01,0.26183966181008433,0.261835589515676,0.2618396614027825,True,1.4085980001837015
1454,0,0.01,0.261835589515676,0.26183152011472643,0.26183558910866367,True,1.408732500160113
1455,0,0.01,0.26183152011472643,0.2618274535990597,0.26183151970800284,True,1.408865800127387
1456,0,0.01,0.2618274535990597,0.26182338996051535,0.261827453192624,True,1.408999000210315
1457,0,0.01,0.26182338996051535,0.2618193291909491,0.2618233895543668,True,1.4091321001760662
1458,0,0.01,0.2618193291909491,0.2618152712822318,0.2618193287850868,True,1.409265800146386
1459,0,0.01,0.2618152712822318,0.26181121622625064,0.261815270876655,True,1.4094003001227975
1460,0,0.01,0.26181121622625064,0.2618071640149081,0.2618112158209585,True,1.4095340000931174
1461,0,0.01,0.2618071640149081,0.2618031146401222,0.2618071636098998,True,1.4096687000710517
1462,0,0.01,0.2618031146401222,0.26179906809382664,0.2618031142353969,True,1.4098023001570255
1463,0,0.01,0.26179906809382664,0.26179502436797053,0.26179906768938366,True,1.4099456002004445
1464,0,0.01,0.26179502436797053,0.2617909834545184,0.261795023963809,True,1.4100826000794768
1465,0,0.01,0.2617909834545184,0.2617869453454502,0.26179098305063747,True,1.4102166001684964
1466,0,0.01,0.2617869453454502,0.26178291003276133,0.2617869449418491,True,1.4104486000724137
1467,0,0.01,0.26178291003276133,0.2617788775084622,0.2617829096294393,True,1.4106110001448542
1468,0,0.01,0.2617788775084622,0.2617748477645787,0.2617788771054184,True,1.410748900147155
1469,0,0.01,0.2617748477645787,0.2617708207931517,0.2617748473618124,True,1.4108911000657827
1470,0,0.01,0.2617708207931517,0.26176679658623764,0.261770820390662,True,1.411152500193566
1471,0,0.01,0.26176679658623764,0.26176277513590757,0.2617667961840238,True,1.4113118001259863
1472,0,0.01,0.26176277513590757,0.26175875643424773,0.2617627747339688,True,1.4114656001329422
1473,0,0.01,0.26175875643424773,0.26175474047335956,0.26175875603258325,True,1.4116044000256807
1474,0,0.01,0.26175474047335956,0.2617507272453593,0.26175474007196853,True,1.411739300005138
1475,0,0.01,0.2617507272453593,0.261746716742378,0.261750726844241,True,1.4118735000956804
1476,0,0.01,0.261746716742378,0.2617427089565619,0.26174671634153157,True,1.4120090000797063
1477,0,0.01,0.2617427089565619,0.2617387038800716,0.2617427085559866,True,1.4121461000759155
1478,0,0.01,0.2617387038800716,0.26173470150508293,0.26173870347976663,True,1.4122802000492811
1479,0,0.01,0.26173470150508293,0.26173070182378616,0.26173470110504754,True,1.4124148001428694
1480,0,0.01,0.26173070182378616,0.2617267048283861,0.26173070142401955,True,1.4125682001467794
1481,0,0.01,0.2617267048283861,0.26172271051110274,0.2617267044288875,True,1.4127073001582175
1482,0,0.01,0.26172271051110274,0.26171871886417,0.26172271011187137,True,1.4128432001452893
1483,0,0.01,0.26171871886417,0.2617147298798369,0.26171871846520506,True,1.4129789001308382
1484,0,0.01,0.2617147298798369,0.2617107435503665,0.26171472948113766,True,1.413112800102681
1485,0,0.01,0.2617107435503665,0.26170675986803654,0.2617107431519322,True,1.413247900083661
1486,0,0.01,0.26170675986803654,0.2617027788251392,0.2617067594698664,True,1.4133824000600725
1487,0,0.01,0.2617027788251392,0.2616988004139808,0.2617027784272324,True,1.413516400149092
1488,0,0.01,0.2616988004139808,0.2616948246268823,0.2616988000163366,True,1.413649900117889
1489,0,0.01,0.2616948246268823,0.2616908514561787,0.2616948242294999,True,1.4137833002023399
1490,0,0.01,0.2616908514561787,0.26168688089421915,0.26169085105905737,True,1.4139188001863658
1491,0,0.01,0.26168688089421915,0.2616829129333673,0.26168688049735817,True,1.4140535001643002
1492,0,0.01,0.2616829129333673,0.2616789475660004,0.26168291253676584,True,1.414187500020489
1493,0,0.01,0.2616789475660004,0.2616749847845104,0.2616789471696577,True,1.4143207999877632
1494,0,0.01,0.2616749847845104,0.26167102458130276,0.26167498438842574,True,1.414454400073737
1495,0,0.01,0.26167102458130276,0.2616670669487975,0.26167102418547533,True,1.4146027001552284
1496,0,0.01,0.2616670669487975,0.26166311187942803,0.2616670665532266,True,1.4147375000175089
1497,0,0.01,0.26166311187942803,0.261659159365642,0.26166311148411286,True,1.4148717999923974
1498,0,0.01,0.261659159365642,0.26165520939990083,0.26165915897058184,True,1.4150057001970708
1499,0,0.01,0.26165520939990083,0.26165126197467986,0.2616552090050949,True,1.415139000164345
1500,0,0.01,0.26165126197467986,0.26164731708246813,0.2616512615801274,True,1.4152762000449002
1501,0,0.01,0.26164731708246813,0.2616433747157684,0.26164731668816843,True,1.4154097000136971
1502,0,0.01,0.2616433747157684,0.2616394348670971,0.26164337432172063,True,1.4155435001011938
1503,0,0.01,0.2616394348670971,0.2616354975289844,0.2616394344733006,True,1.4156771001871675
1504,0,0.01,0.2616354975289844,0.2616315626939743,0.26163549713543843,True,1.4158126001711935
1505,0,0.01,0.2616315626939743,0.2616276303546238,0.2616315623006781,True,1.4159463001415133
1506,0,0.01,0.2616276303546238,0.26162370050350386,0.26162762996157657,True,1.4160802001133561
1507,0,0.01,0.26162370050350386,0.26161977313319873,0.2616237001107049,True,1.416213600197807
1508,0,0.01,0.26161977313319873,0.2616158482363065,0.2616197727406473,True,1.41634720005095
1509,0,0.01,0.2616158482363065,0.261611925805438,0.2616158478440019,True,1.41648850007914
1510,0,0.01,0.261611925805438,0.2616080058332178,0.2616119254133794,True,1.4166290001012385
1511,0,0.01,0.2616080058332178,0.2616040883122839,0.2616080054414045,True,1.416763300076127
1512,0,0.01,0.2616040883122839,0.2616001732352873,0.26160408792071516,True,1.4168973001651466
1513,0,0.01,0.2616001732352873,0.2615962605948924,0.2616001728439624,True,1.4170316001400352
1514,0,0.01,0.2615962605948924,0.2615923503837767,0.26159626020381066,True,1.4171657001134008
1515,0,0.01,0.2615923503837767,0.261588442594631,0.26159234999293735,True,1.417298600077629
1516,0,0.01,0.261588442594631,0.2615845372201589,0.26158844220403327,True,1.4174325000494719
1517,0,0.01,0.2615845372201589,0.26158063425307754,0.2615845368298021,True,1.4175661001354456
1518,0,0.01,0.26158063425307754,0.26157673368611656,0.26158063386296093,True,1.4177002001088113
1519,0,0.01,0.26157673368611656,0.26157283551201893,0.2615767332962394,True,1.417896200204268
1520,0,0.01,0.26157283551201893,0.2615689397235406,0.26157283512238055,True,1.4180368999950588
1521,0,0.01,0.2615689397235406,0.2615650463134502,0.26156893933414027,True,1.4181731001008302
1522,0,0.01,0.2615650463134502,0.2615611552745293,0.2615650459242871,True,1.418322900077328
1523,0,0.01,0.2615611552745293,0.26155726659957235,0.2615611548856028,True,1.4184591001830995
1524,0,0.01,0.26155726659957235,0.2615533802813864,0.2615572662108817,True,1.4185961000621319
1525,0,0.01,0.2615533802813864,0.2615494963127918,0.2615533798929309,True,1.4189249000046402
1526,0,0.01,0.2615494963127918,0.26154561468662085,0.2615494959245707,True,1.4190642000176013
1527,0,0.01,0.26154561468662085,0.26154173539571896,0.2615456142986335,True,1.419202300021425
1528,0,0.01,0.26154173539571896,0.2615378584329441,0.26154173500796457,True,1.4193388000130653
1529,0,0.01,0.2615378584329441,0.2615339837911669,0.26153785804542196,True,1.4194730001036078
1530,0,0.01,0.2615339837911669,0.2615301114632703,0.26153398340387635,True,1.419607400195673
1531,0,0.01,0.2615301114632703,0.26152624144215,0.26153011107621066,True,1.4197415001690388
1532,0,0.01,0.26152624144215,0.2615223737207139,0.2615262410553204,True,1.419874700019136
1533,0,0.01,0.2615223737207139,0.26151850829188267,0.2615223733341138,True,1.4200085999909788
1534,0,0.01,0.26151850829188267,0.2615146451485891,0.2615185079055113,True,1.4201419001910836
1535,0,0.01,0.2615146451485891,0.2615107842837784,0.26151464476244574,True,1.4202754001598805
1536,0,0.01,0.2615107842837784,0.261506925690408,0.26151078389786236,True,1.4204091001302004
1537,0,0.01,0.261506925690408,0.261503069361448,0.2615069253047186,True,1.4205523000564426
1538,0,0.01,0.261503069361448,0.2614992152898803,0.2615030689759845,True,1.4206922000739723
1539,0,0.01,0.2614992152898803,0.26149536346869906,0.261499214904642,True,1.4208275000564754
1540,0,0.01,0.26149536346869906,0.26149151389091096,0.2614953630836853,True,1.4209620000328869
1541,0,0.01,0.26149151389091096,0.2614876665495343,0.261491513506121,True,1.421095099998638
1542,0,0.01,0.2614876665495343,0.26148382143759974,0.2614876661649675,True,1.421229800209403
1543,0,0.01,0.26148382143759974,0.2614799785481501,0.26148382105325535,True,1.4213633001782
1544,0,0.01,0.2614799785481501,0.26147613787423996,0.2614799781640274,True,1.421496900031343
1545,0,0.01,0.26147613787423996,0.26147229940893585,0.2614761374903383,True,1.4216305001173168
1546,0,0.01,0.26147229940893585,0.2614684631453166,0.26147229902525454,True,1.4217639002017677
1547,0,0.01,0.2614684631453166,0.2614646290764725,0.2614684627618549,True,1.4219487002119422
1548,0,0.01,0.2614646290764725,0.2614607971955061,0.2614646286932298,True,1.42208920000121
1549,0,0.01,0.2614607971955061,0.26145696749553127,0.26146079681248163,True,1.422223700210452
1550,0,0.01,0.26145696749553127,0.2614531399696743,0.2614569671127244,True,1.4223576001822948
1551,0,0.01,0.2614531399696743,0.26144931461107257,0.2614531395870843,True,1.422490700148046
1552,0,0.01,0.26144931461107257,0.2614454914128758,0.2614493142286988,True,1.4226367000956088
1553,0,0.01,0.2614454914128758,0.26144167036824506,0.2614454910307176,True,1.4227729002013803
1554,0,0.01,0.26144167036824506,0.2614378514703527,0.2614416699863017,True,1.4229096001945436
1555,0,0.01,0.2614378514703527,0.2614340347123836,0.2614378510886235,True,1.4230433001648635
1556,0,0.01,0.2614340347123836,0.26143022008753325,0.26143403433086787,True,1.4231777000240982
1557,0,0.01,0.26143022008753325,0.2614264075890093,0.2614302197062303,True,1.4233115001115948
1558,0,0.01,0.2614264075890093,0.26142259721003064,0.26142640720791854,True,1.4234456000849605
1559,0,0.01,0.26142259721003064,0.26141878894382764,0.2614225968291513,True,1.4235797000583261
1560,0,0.01,0.26141878894382764,0.26141498278364217,0.2614187885631591,True,1.4237139001488686
1561,0,0.01,0.26141498278364217,0.26141117872272746,0.26141498240318367,True,1.4238476001191884
1562,0,0.01,0.26141117872272746,0.261407376754348,0.2614111783424784,True,1.4239812002051622
1563,0,0.01,0.261407376754348,0.2614035768717797,0.26140737637430767,True,1.424115100177005
1564,0,0.01,0.2614035768717797,0.2613997790683097,0.26140357649194745,True,1.424248600145802
1565,0,0.01,0.2613997790683097,0.2613959833372364,0.26139977868868486,True,1.4243823001161218
1566,0,0.01,0.2613959833372364,0.2613921896718695,0.2613959829578183,True,1.4245170000940561
1567,0,0.01,0.2613921896718695,0.2613883980655297,0.2613921892926575,True,1.4246629001572728
1568,0,0.01,0.2613883980655297,0.26138460851154904,0.2613883976865231,True,1.4247971000149846
1569,0,0.01,0.26138460851154904,0.2613808210032705,0.26138460813274716,True,1.4249325999990106
1570,0,0.01,0.2613808210032705,0.2613770355340481,0.26138082062467266,True,1.4250783000607044
1571,0,0.01,0.2613770355340481,0.2613732520972473,0.2613770351556537,True,1.4252186000812799
1572,0,0.01,0.2613732520972473,0.26136947068624394,0.2613732517190557,True,1.425351700047031
1573,0,0.01,0.26136947068624394,0.26136569129442533,0.26136947030825436,True,1.4254855001345277
1574,0,0.01,0.26136569129442533,0.2613619139151894,0.2613656909166372,True,1.4256537000183016
1575,0,0.01,0.2613619139151894,0.26135813854194523,0.261361913537602,True,1.425844500074163
1576,0,0.01,0.26135813854194523,0.2613543651681127,0.26135813816455794,True,1.4259792000520974
1577,0,0.01,0.2613543651681127,0.26135059378712233,0.2613543647909249,True,1.4261141000315547
1578,0,0.01,0.26135059378712233,0.26134682439241574,0.2613505934101333,True,1.4262484000064433
1579,0,0.01,0.26134682439241574,0.261343056977445,0.26134682401562487,True,1.426381800090894
1580,0,0.01,0.261343056977445,0.26133929153567337,0.26134305660085155,True,1.4265154001768678
1581,0,0.01,0.26133929153567337,0.26133552806057403,0.2613392911592768,True,1.42666310002096
1582,0,0.01,0.26133552806057403,0.2613317665456317,0.2613355276843736,True,1.4267993001267314
1583,0,0.01,0.2613317665456317,0.2613280069843412,0.26133176616962683,True,1.4269871001597494
1584,0,0.01,0.2613280069843412,0.26132424937020804,0.2613280066085312,True,1.4271851000376046
1585,0,0.01,0.26132424937020804,0.26132049369674853,0.2613242489945923,True,1.427331899991259
1586,0,0.01,0.26132049369674853,0.2613167399574891,0.26132049332132634,True,1.4274689999874681
1587,0,0.01,0.2613167399574891,0.26131298814596704,0.26131673958225987,True,1.427604100201279
1588,0,0.01,0.26131298814596704,0.26130923825572994,0.2613129877709301,True,1.4277390001807362
1589,0,0.01,0.26130923825572994,0.2613054902803358,0.2613092378808846,True,1.4278734000399709
1590,0,0.01,0.2613054902803358,0.2613017442133533,0.2613054899056815,True,1.4280075000133365
1591,0,0.01,0.2613017442133533,0.2612980000483609,0.2613017438388893,True,1.4281413001008332
1592,0,0.01,0.2612980000483609,0.261294257778948,0.2612979996740867,True,1.4282744000665843
1593,0,0.01,0.261294257778948,0.26129051739871406,0.26129425740486284,True,1.4284074001479894
1594,0,0.01,0.26129051739871406,0.2612867789012687,0.2612905170248173,True,1.4285486000590026
1595,0,0.01,0.2612867789012687,0.26128304228023214,0.26128677852755977,True,1.428691300097853
1596,0,0.01,0.26128304228023214,0.2612793075292344,0.26128304190671037,True,1.428826800081879
1597,0,0.01,0.2612793075292344,0.26127557464191575,0.26127930715589914,True,1.4289626001846045
1598,0,0.01,0.26127557464191575,0.2612718436119269,0.2612755742687664,True,1.429097400046885
1599,0,0.01,0.2612718436119269,0.2612681144329284,0.2612718432389628,True,1.4292320001404732
1600,0,0.01,0.2612681144329284,0.26126438709859084,0.26126811406014894,True,1.4293715001549572
1601,0,0.01,0.26126438709859084,0.2612606616025951,0.2612643867259954,True,1.4295051000081003
1602,0,0.01,0.2612606616025951,0.2612569379386318,0.261260661230183,True,1.429638700094074
1603,0,0.01,0.2612569379386318,0.2612532161004019,0.26125693756640245,True,1.4297727001830935
1604,0,0.01,0.2612532161004019,0.2612494960816161,0.26125321572835464,True,1.4299058001488447
1605,0,0.01,0.2612494960816161,0.26124577787599484,0.26124949570975026,True,1.4300393001176417
1606,0,0.01,0.26124577787599484,0.2612420614772687,0.2612457775043099,True,1.4301723001990467
1607,0,0.01,0.2612420614772687,0.2612383468791783,0.261242061105764,True,1.4303060001693666
1608,0,0.01,0.2612383468791783,0.2612346340754736,0.26123834650785316,True,1.4304401001427323
1609,0,0.01,0.2612346340754736,0.26123092305991463,0.2612346337043274,True,1.4305824001785368
1610,0,0.01,0.26123092305991463,0.2612272138262714,0.2612309226889468,True,1.430719300173223
1611,0,0.01,0.2612272138262714,0.26122350636832325,0.2612272134554813,True,1.430854800157249
1612,0,0.01,0.26122350636832325,0.26121980067985945,0.26122350599771027,True,1.4309891001321375
1613,0,0.01,0.26121980067985945,0.26121609675467905,0.26121980030942293,True,1.4311232999898493
1614,0,0.01,0.26121609675467905,0.26121239458659046,0.2612160963844184,True,1.4312572001945227
1615,0,0.01,0.26121239458659046,0.2612086941694119,0.26121239421650505,True,1.4313909001648426
1616,0,0.01,0.2612086941694119,0.2612049954969712,0.2612086937995011,True,1.431523900013417
1617,0,0.01,0.2612049954969712,0.26120129856310564,0.26120499512723444,True,1.4316583001054823
1618,0,0.01,0.26120129856310564,0.2611976033616621,0.26120129819354226,True,1.4317918000742793
1619,0,0.01,0.2611976033616621,0.2611939098864968,0.2611976029922715,True,1.4319251000415534
1620,0,0.01,0.2611939098864968,0.2611902181314759,0.2611939095172784,True,1.4320600000210106
1621,0,0.01,0.2611902181314759,0.26118652809047443,0.26119021776242907,True,1.4321940001100302
1622,0,0.01,0.26118652809047443,0.2611828397573771,0.2611865277215985,True,1.43232770008035
1623,0,0.01,0.2611828397573771,0.26117915312607787,0.26118283938867154,True,1.4324619001708925
1624,0,0.01,0.26117915312607787,0.2611754681904804,0.261179152757542,True,1.432604700094089
1625,0,0.01,0.2611754681904804,0.2611717849444971,0.2611754678221136,True,1.4327419002074748
1626,0,0.01,0.2611717849444971,0.26116810338205004,0.26117178457629886,True,1.4328764001838863
1627,0,0.01,0.26116810338205004,0.26116442349707075,0.2611681030140197,True,1.4330096000339836
1628,0,0.01,0.26116442349707075,0.2611607452834996,0.2611644231292077,True,1.433143800124526
1629,0,0.01,0.2611607452834996,0.2611570687352861,0.2611607449158032,True,1.433277500094846
1630,0,0.01,0.2611570687352861,0.26115339384638947,0.2611570683677558,True,1.4334122000727803
1631,0,0.01,0.26115339384638947,0.2611497206107775,0.26115339347902466,True,1.4335472001694143
1632,0,0.01,0.2611497206107775,0.26114604902242755,0.2611497202435776,True,1.43368130014278
1633,0,0.01,0.26114604902242755,0.2611423790753256,0.26114604865539187,True,1.433814600110054
1634,0,0.01,0.2611423790753256,0.2611387107634671,0.26114237870845364,True,1.433947800192982
1635,0,0.01,0.2611387107634671,0.2611350440808564,0.26113871039675823,True,1.434081100160256
1636,0,0.01,0.2611350440808564,0.26113137902150685,0.26113504371430996,True,1.4342147000133991
1637,0,0.01,0.26113137902150685,0.26112771557944087,0.2611313786551223,True,1.4343493001069874
1638,0,0.01,0.26112771557944087,0.2611240537486894,0.2611277152132176,True,1.4344830000773072
1639,0,0.01,0.2611240537486894,0.2611203935240364,0.26112405338262684,True,1.4346273001283407
1640,0,0.01,0.2611203935240364,0.26111673490267967,0.26112039315813423,True,1.434764700010419
1641,0,0.01,0.26111673490267967,0.261113077879061,0.26111673453693746,True,1.4348991001024842
1642,0,0.01,0.261113077879061,0.2611094224472461,0.2611130775134781,True,1.4350336000788957
1643,0,0.01,0.2611094224472461,0.2611057686013093,0.261109422081822,True,1.435168200172484
1644,0,0.01,0.2611057686013093,0.26110211633533364,0.26110576823604326,True,1.4353652000427246
1645,0,0.01,0.26110211633533364,0.2610984656434114,0.2611021159702252,True,1.4355480000376701
1646,0,0.01,0.2610984656434114,0.2610948165196429,0.26109846527845987,True,1.435687500052154
1647,0,0.01,0.2610948165196429,0.26109116895815276,0.26109481615484775,True,1.4358257001731545
1648,0,0.01,0.26109116895815276,0.2610875229535392,0.26109116859351345,True,1.4359617000445724
1649,0,0.01,0.2610875229535392,0.2610838785004763,0.2610875225890552,True,1.4360972000285983
1650,0,0.01,0.2610838785004763,0.2610802355930995,0.26108387813614703,True,1.4362322001252323
1651,0,0.01,0.2610802355930995,0.26107659422576657,0.2610802352289243,True,1.436366300098598
1652,0,0.01,0.26107659422576657,0.261072954393438,0.26107659386174503,True,1.4365006000734866
1653,0,0.01,0.261072954393438,0.2610693160903392,0.26107295402956954,True,1.4366461001336575
1654,0,0.01,0.2610693160903392,0.2610656793106396,0.2610693157266232,True,1.4367825000081211
1655,0,0.01,0.2610656793106396,0.2610620440485165,0.26106567894707555,True,1.4369193001184613
1656,0,0.01,0.2610620440485165,0.26105841029815646,0.2610620436851038,True,1.4370536000933498
1657,0,0.01,0.26105841029815646,0.2610547780544181,0.26105840993489443,True,1.4371881000697613
1658,0,0.01,0.2610547780544181,0.26105114732134005,0.26105477769130697,True,1.4373224000446498
1659,0,0.01,0.26105114732134005,0.26104751810006704,0.2610511469583802,True,1.4374559000134468
1660,0,0.01,0.26104751810006704,0.2610438903850633,0.26104751773725793,True,1.4375893000978976
1661,0,0.01,0.2610438903850633,0.2610402641778489,0.26104389002240475,True,1.4377231001853943
1662,0,0.01,0.2610402641778489,0.26103663948413236,0.2610402638153417,True,1.437857300043106
1663,0,0.01,0.26103663948413236,0.2610330163092519,0.2610366391217768,True,1.437991000013426
1664,0,0.01,0.2610330163092519,0.26102939465250186,0.26103301594704836,True,1.4381250001024455
1665,0,0.01,0.26102939465250186,0.26102577450812997,0.2610293942904497,True,1.4382588001899421
1666,0,0.01,0.26102577450812997,0.2610221558708471,0.26102577414622863,True,1.4383941001724452
1667,0,0.01,0.2610221558708471,0.26101853873785263,0.26102215550909624,True,1.4385271000210196
1668,0,0.01,0.26101853873785263,0.26101492310699853,0.2610185383762519,True,1.4386746000964195
1669,0,0.01,0.26101492310699853,0.26101130898630237,0.26101492274554866,True,1.438810700085014
1670,0,0.01,0.26101130898630237,0.2610076963778822,0.26101130862500377,True,1.4389451001770794
1671,0,0.01,0.2610076963778822,0.2610040852788805,0.26100769601673457,True,1.439079700037837
1672,0,0.01,0.2610040852788805,0.261000475686955,0.2610040849178837,True,1.4392145001329482
1673,0,0.01,0.261000475686955,0.26099686759999663,0.2610004753261087,True,1.4393480001017451
1674,0,0.01,0.26099686759999663,0.2609932610143547,0.26099686723930055,True,1.4394811000674963
1675,0,0.01,0.2609932610143547,0.26098965592762263,0.2609932606538086,True,1.439614900154993
1676,0,0.01,0.26098965592762263,0.2609860523344224,0.26098965556722603,True,1.439748500008136
1677,0,0.01,0.2609860523344224,0.2609824502303173,0.26098605197417474,True,1.4398820002097636
1678,0,0.01,0.2609824502303173,0.2609788496135402,0.26098244987021846,True,1.4400162000674754
1679,0,0.01,0.2609788496135402,0.26097525050851067,0.2609788492535909,True,1.4401492001488805
1680,0,0.01,0.26097525050851067,0.26097165295754243,0.2609752501487165,True,1.4402829001192003
1681,0,0.01,0.26097165295754243,0.2609680569998214,0.2609716525979063,True,1.4404312002006918
1682,0,0.01,0.2609680569998214,0.26096446265478124,0.26096805664034667,True,1.440566300181672
1683,0,0.01,0.26096446265478124,0.26096086991921197,0.2609644622954673,True,1.4407008001580834
1684,0,0.01,0.26096086991921197,0.260957278826106,0.26096086956006087,True,1.4408358000218868
1685,0,0.01,0.260957278826106,0.2609536894010337,0.26095727846712186,True,1.440970400115475
1686,0,0.01,0.2609536894010337,0.260950101658058,0.2609536890422161,True,1.441103800199926
1687,0,0.01,0.260950101658058,0.2609465156448092,0.2609501012994135,True,1.4412377001717687
1688,0,0.01,0.2609465156448092,0.2609429313643845,0.2609465152863377,True,1.4413712001405656
1689,0,0.01,0.2609429313643845,0.2609393488381451,0.26094293100608673,True,1.4415047001093626
1690,0,0.01,0.2609393488381451,0.2609357681302865,0.2609393484800285,True,1.4416380000766367
1691,0,0.01,0.2609357681302865,0.2609321892872214,0.26093576777235467,True,1.4417721000500023
1692,0,0.01,0.2609321892872214,0.2609286123502267,0.2609321889294798,True,1.4419053001329303
1693,0,0.01,0.2609286123502267,0.2609250373356283,0.2609286119926771,True,1.4420386999845505
1694,0,0.01,0.2609250373356283,0.26092146424450813,0.26092503697827113,True,1.4421716001816094
1695,0,0.01,0.26092146424450813,0.2609178930822813,0.26092146388734316,True,1.4423110000789165
1696,0,0.01,0.2609178930822813,0.26091432386739283,0.2609178927253112,True,1.4424523001071066
1697,0,0.01,0.26091432386739283,0.26091075659707696,0.26091432351061705,True,1.4425879002083093
1698,0,0.01,0.26091075659707696,0.26090719128468653,0.26091075624049653,True,1.4427232001908123
1699,0,0.01,0.26090719128468653,0.26090362793933136,0.26090719092830283,True,1.4428570000454783
1700,0,0.01,0.26090362793933136,0.2609000665700115,0.26090362758314467,True,1.4429950001649559
1701,0,0.01,0.2609000665700115,0.26089650722765917,0.2609000662140241,True,1.4431295001413673
1702,0,0.01,0.26089650722765917,0.26089295011740743,0.26089650687189075,True,1.4432634999975562
1703,0,0.01,0.26089295011740743,0.26088939530032335,0.2608929497618685,True,1.443396900082007
1704,0,0.01,0.26088939530032335,0.2608858427711138,0.26088939494501323,True,1.4435302000492811
1705,0,0.01,0.2608858427711138,0.26088229252673,0.26088584241603235,True,1.4437231000047177
1706,0,0.01,0.26088229252673,0.26087874458640053,0.26088229217187653,True,1.4439027002081275
1707,0,0.01,0.26087874458640053,0.2608751991421667,0.2608787442317919,True,1.4440421999897808
1708,0,0.01,0.2608751991421667,0.26087165630648645,0.2608751987878148,True,1.444251400185749
1709,0,0.01,0.26087165630648645,0.2608681162847213,0.260871655952413,True,1.4444293000269681
1710,0,0.01,0.2608681162847213,0.260864579115956,0.26086811593093273,True,1.4445821000263095
1711,0,0.01,0.260864579115956,0.26086104488629863,0.2608645787624557,True,1.4447202000301331
1712,0,0.01,0.26086104488629863,0.2608575138274093,0.2608610445331123,True,1.4448573000263423
1713,0,0.01,0.2608575138274093,0.26085398601199694,0.2608575134745463,True,1.4449930000118911
1714,0,0.01,0.26085398601199694,0.26085046145167223,0.26085398565945966,True,1.4451286001130939
1715,0,0.01,0.26085046145167223,0.2608469401430656,0.2608504610994598,True,1.4452627000864595
1716,0,0.01,0.2608469401430656,0.2608434221236312,0.260846939791181,True,1.4453982000704855
1717,0,0.01,0.2608434221236312,0.2608399074198815,0.2608434217720769,True,1.4455331000499427
1718,0,0.01,0.2608399074198815,0.26083639612229537,0.26083990706866594,True,1.4456684000324458
1719,0,0.01,0.26083639612229537,0.26083288826331863,0.2608363957714228,True,1.4458021000027657
1720,0,0.01,0.26083288826331863,0.2608293838946938,0.2608328879127938,True,1.4459377999883145
1721,0,0.01,0.2608293838946938,0.2608258830661883,0.2608293835445222,True,1.4460805000271648
1722,0,0.01,0.2608258830661883,0.26082238580442324,0.26082588271637197,True,1.446219600038603
1723,0,0.01,0.26082238580442324,0.26081889216114484,0.2608223854549684,True,1.4463545000180602
1724,0,0.01,0.26081889216114484,0.2608154021335065,0.2608188918120518,True,1.4464898000005633
1725,0,0.01,0.2608154021335065,0.2608119157118547,0.2608154017847743,True,1.446624900214374
1726,0,0.01,0.2608119157118547,0.26080843288761446,0.26081191536348236,True,1.4467599000781775
1727,0,0.01,0.26080843288761446,0.26080495366221323,0.26080843253960195,True,1.4468931001611054
1728,0,0.01,0.26080495366221323,0.26080147813073884,0.26080495331456044,True,1.4470267000142485
1729,0,0.01,0.26080147813073884,0.26079800706345607,0.26080147778351315,True,1.4471603001002222
1730,0,0.01,0.26079800706345607,0.2607945407479524,0.2607980067167059,True,1.4472943001892418
1731,0,0.01,0.2607945407479524,0.2607910791712007,0.2607945404016763,True,1.447427400154993
1732,0,0.01,0.2607910791712007,0.26078762233048797,0.2607910788253983,True,1.4475620000157505
1733,0,0.01,0.26078762233048797,0.2607841702155521,0.26078762198515854,True,1.4476953002158552
1734,0,0.01,0.2607841702155521,0.2607807228119612,0.26078416987069414,True,1.4478291000705212
1735,0,0.01,0.2607807228119612,0.2607772801053735,0.2607807224675733,True,1.4479620000347495
1736,0,0.01,0.2607772801053735,0.26077384208153714,0.2607772797614542,True,1.448104500072077
1737,0,0.01,0.26077384208153714,0.26077040873004964,0.2607738417380851,True,1.448241600068286
1738,0,0.01,0.26077040873004964,0.26076698016361644,0.26077040838706983,True,1.4483770001679659
1739,0,0.01,0.26076698016361644,0.2607635565517333,0.26076697982112884,True,1.4485118000302464
1740,0,0.01,0.2607635565517333,0.2607601380826332,0.26076355620975683,True,1.4486466001253575
1741,0,0.01,0.2607601380826332,0.2607567247870783,0.2607601377411745,True,1.448781399987638
1742,0,0.01,0.2607567247870783,0.26075331664819873,0.2607567244461357,True,1.4489150000736117
1743,0,0.01,0.26075331664819873,0.26074991364924116,0.26075331630777054,True,1.4490480001550168
1744,0,0.01,0.26074991364924116,0.2607465157735667,0.26074991330932573,True,1.4491827001329511
1745,0,0.01,0.2607465157735667,0.26074312300465013,0.2607465154341624,True,1.4493172001093626
1746,0,0.01,0.26074312300465013,0.2607397353260785,0.2607431226657552,True,1.4494511000812054
1747,0,0.01,0.2607397353260785,0.2607363527215497,0.26073973498769143,True,1.449585400056094
1748,0,0.01,0.2607363527215497,0.26073297517561733,0.2607363523836688,True,1.449718700023368
1749,0,0.01,0.26073297517561733,0.2607296027021636,0.2607329748382424,True,1.4498523999936879
1750,0,0.01,0.2607296027021636,0.2607262353228826,0.2607296023652985,True,1.449984700186178
1751,0,0.01,0.2607262353228826,0.2607228730214819,0.2607262349865257,True,1.4501295001246035
1752,0,0.01,0.2607228730214819,0.260719515781779,0.2607228726856316,True,1.4502667000051588
1753,0,0.01,0.260719515781779,0.26071616358770006,0.2607195154464336,True,1.4504017001017928
1754,0,0.01,0.26071616358770006,0.26071281642327854,0.26071616325285807,True,1.4505361001938581
1755,0,0.01,0.26071281642327854,0.26070947427265484,0.2607128160889383,True,1.4506691000424325
1756,0,0.01,0.26070947427265484,0.2607061371200742,0.26070947393881483,True,1.4508026000112295
1757,0,0.01,0.2607061371200742,0.2607028049498864,0.2607061367867328,True,1.45093630021438
1758,0,0.01,0.2607028049498864,0.26069947774654406,0.2607028046170421,True,1.4511818999890238
1759,0,0.01,0.26069947774654406,0.2606961554946018,0.2606994774141953,True,1.4513356999959797
1760,0,0.01,0.2606961554946018,0.26069283817871514,0.26069615516274697,True,1.4517153000924736
1761,0,0.01,0.26069283817871514,0.26068952578363935,0.2606928378473528,True,1.4519219000358135
1762,0,0.01,0.26068952578363935,0.2606862182942291,0.26068952545276797,True,1.4521317000035197
1763,0,0.01,0.2606862182942291,0.26068291569543595,0.26068621796384717,True,1.4523160001263022
1764,0,0.01,0.26068291569543595,0.2606796179723089,0.26068291536554195,True,1.4524561001453549
1765,0,0.01,0.2606796179723089,0.2606763251099925,0.2606796176429013,True,1.452807900030166
1766,0,0.01,0.2606763251099925,0.2606730370937257,0.2606763247810699,True,1.4531318000517786
1767,0,0.01,0.2606730370937257,0.26066975390884206,0.2606730367652866,True,1.4533320001792163
1768,0,0.01,0.26066975390884206,0.26066647554076694,0.260669753580885,True,1.4535401000175625
1769,0,0.01,0.26066647554076694,0.2606632019750184,0.2606664752132905,True,1.4536959000397474
1770,0,0.01,0.2606632019750184,0.26065993319720515,0.2606632016480211,True,1.4538509000558406
1771,0,0.01,0.26065993319720515,0.26065666919302555,0.26065993287068556,True,1.4540056001860648
1772,0,0.01,0.26065666919302555,0.2606534099482675,0.26065666886698224,True,1.4541601000819355
1773,0,0.01,0.2606534099482675,0.260650155448807,0.2606534096226991,True,1.4543262000661343
1774,0,0.01,0.260650155448807,0.26064690568060694,0.26065015512371204,True,1.4544794000685215
1775,0,0.01,0.26064690568060694,0.26064366062971706,0.2606469053559841,True,1.454628200037405
1776,0,0.01,0.26064366062971706,0.2606404202822722,0.2606436603055649,True,1.4547770000062883
1777,0,0.01,0.2606404202822722,0.26063718462449226,0.26064041995858933,True,1.4549256002064794
1778,0,0.01,0.26063718462449226,0.2606339536426805,0.26063718430127736,True,1.455074000172317
1779,0,0.01,0.2606339536426805,0.26063072732322345,0.26063395331993217,True,1.4552222001366317
1780,0,0.01,0.26063072732322345,0.26062750565258996,0.26063072700094037,True,1.4553890000097454
1781,0,0.01,0.26062750565258996,0.2606242886173294,0.2606275053307707,True,1.4555385001003742
1782,0,0.01,0.2606242886173294,0.26062107620407243,0.2606242882959727,True,1.455686700064689
1783,0,0.01,0.26062107620407243,0.26061786839952905,0.26062107588317696,True,1.4558292999863625
1784,0,0.01,0.26061786839952905,0.2606146651904882,0.26061786807909343,True,1.4559735001530498
1785,0,0.01,0.2606146651904882,0.2606114665638169,0.26061466487051116,True,1.456116600194946
1786,0,0.01,0.2606114665638169,0.2606082725064597,0.2606114662442971,True,1.4562695000786334
1787,0,0.01,0.2606082725064597,0.2606050830054376,0.26060827218739585,True,1.456417600158602
1788,0,0.01,0.2606050830054376,0.2606018980478474,0.2606050826868284,True,1.456583500141278
1789,0,0.01,0.2606018980478474,0.26059871762086106,0.2606018977296916,True,1.4598949002102017
1790,0,0.01,0.26059871762086106,0.26059554171172483,0.26059871730315737,True,1.460054700030014
1791,0,0.01,0.26059554171172483,0.26059237030775895,0.26059554139447194,True,1.460329100023955
1792,0,0.01,0.26059237030775895,0.26058920339635594,0.26059236999095564,True,1.4607118000276387
1793,0,0.01,0.26058920339635594,0.2605860409649813,0.26058920308000094,True,1.46086460002698
1794,0,0.01,0.2605860409649813,0.26058288300117116,0.26058604064907337,True,1.4610053000506014
1795,0,0.01,0.26058288300117116,0.2605797294925333,0.26058288268570906,True,1.4611448000650853
1796,0,0.01,0.2605797294925333,0.2605765804267452,0.26057972917751576,True,1.4612881999928504
1797,0,0.01,0.2605765804267452,0.2605734357915539,0.26057658011217105,True,1.4614274001214653
1798,0,0.01,0.2605734357915539,0.26057029557477507,0.2605734354774219,True,1.4615682000294328
1799,0,0.01,0.26057029557477507,0.260567159764293,0.260570295261084,True,1.4617070001550019
1800,0,0.01,0.260567159764293,0.26056402834805914,0.2605671594510417,True,1.4618492000736296
1801,0,0.01,0.26056402834805914,0.26056090131409176,0.26056402803524636,True,1.461987700080499
1802,0,0.01,0.26056090131409176,0.26055777865047536,0.2605609010017163,True,1.4621253001969308
1803,0,0.01,0.26055777865047536,0.26055466034536023,0.26055777833853605,True,1.462519400054589
1804,0,0.01,0.26055466034536023,0.26055154638696143,0.26055466003385586,True,1.4627116001211107
1805,0,0.01,0.26055154638696143,0.26054843676355843,0.26055154607589087,True,1.462856600061059
1806,0,0.01,0.26054843676355843,0.26054533146349457,0.2605484364529205,True,1.4629969000816345
1807,0,0.01,0.26054533146349457,0.2605422304751761,0.2605453311532881,True,1.4631357002072036
1808,0,0.01,0.2605422304751761,0.26053913378707216,0.26054223016539996,True,1.4632849001791328
1809,0,0.01,0.26053913378707216,0.2605360413877137,0.26053913347772517,True,1.4634273000992835
1810,0,0.01,0.2605360413877137,0.2605329532656931,0.2605360410787947,True,1.4635662001091987
1811,0,0.01,0.2605329532656931,0.26052986940966355,0.26053295295720097,True,1.463704900117591
1812,0,0.01,0.26052986940966355,0.26052678980833843,0.2605298691015972,True,1.4638433000072837
1813,0,0.01,0.26052678980833843,0.2605237144504913,0.2605267895006967,True,1.4639810000080615
1814,0,0.01,0.2605237144504913,0.2605206433249541,0.2605237141432731,True,1.4641180001199245
1815,0,0.01,0.2605206433249541,0.2605175764206181,0.2605206430181583,True,1.4642600000370294
1816,0,0.01,0.2605175764206181,0.2605145137264323,0.2605175761142436,True,1.4643995000515133
1817,0,0.01,0.2605145137264323,0.2605114552314035,0.260514513420478,True,1.464533600024879
1818,0,0.01,0.2605114552314035,0.2605084009245953,0.26051145492586825,True,1.4646680001169443
1819,0,0.01,0.2605084009245953,0.2605053507951279,0.26050840061947805,True,1.4648025000933558
1820,0,0.01,0.2605053507951279,0.26050230483217757,0.26050535049042756,True,1.4649355001747608
1821,0,0.01,0.26050230483217757,0.2604992630249759,0.2605023045278931,True,1.4650695000309497
1822,0,0.01,0.2604992630249759,0.26049622536280964,0.2604992627211062,True,1.4652019999921322
1823,0,0.01,0.26049622536280964,0.26049319183502007,0.26049622505935366,True,1.4653448001481593
1824,0,0.01,0.26049319183502007,0.26049016243100237,0.2604931915319767,True,1.4654816000256687
1825,0,0.01,0.26049016243100237,0.2604871371402051,0.2604901621283706,True,1.4656173000112176
1826,0,0.01,0.2604871371402051,0.26048411595213045,0.26048713683798386,True,1.4657563001383096
1827,0,0.01,0.26048411595213045,0.2604810988563324,0.2604841156503187,True,1.4658955000340939
1828,0,0.01,0.2604810988563324,0.2604780858424175,0.2604810985549291,True,1.466032300144434
1829,0,0.01,0.2604780858424175,0.26047507690004396,0.2604780855414216,True,1.4661750001832843
1830,0,0.01,0.26047507690004396,0.26047207201892114,0.26047507659945446,True,1.4665221001487225
1831,0,0.01,0.26047207201892114,0.260469071188809,0.260472071718737,True,1.466727500082925
1832,0,0.01,0.260469071188809,0.26046607439951786,0.2604690708890292,True,1.466897000093013
1833,0,0.01,0.26046607439951786,0.260463081640908,0.26046607410014133,True,1.4670623000711203
1834,0,0.01,0.260463081640908,0.2604600929028889,0.2604630813419338,True,1.4672273001633584
1835,0,0.01,0.2604600929028889,0.2604571081754192,0.260460092604316,True,1.4673933000303805
1836,0,0.01,0.2604571081754192,0.2604541274485063,0.26045710787724663,True,1.4675530001986772
1837,0,0.01,0.2604541274485063,0.2604511507122052,0.2604541271507331,True,1.46771110012196
1838,0,0.01,0.2604511507122052,0.26044817795661895,0.26045115041483025,True,1.4678700000513345
1839,0,0.01,0.26044817795661895,0.260445209171898,0.26044817765964134,True,1.468044799985364
1840,0,0.01,0.260445209171898,0.26044224434823937,0.26044520887531675,True,1.4682106000836939
1841,0,0.01,0.26044224434823937,0.26043928347588696,0.26044224405205346,True,1.4683740001637489
1842,0,0.01,0.26043928347588696,0.26043632654513055,0.26043928318009546,True,1.4685276001691818
1843,0,0.01,0.26043632654513055,0.26043337354630575,0.2604363262497325,True,1.4687469000928104
1844,0,0.01,0.26043337354630575,0.26043042446979325,0.26043337325130017,True,1.4689655001275241
1845,0,0.01,0.26043042446979325,0.26042747930601884,0.2604304241751792,True,1.4691252000629902
1846,0,0.01,0.26042747930601884,0.2604245380454529,0.2604274790117953,True,1.4692797001916915
1847,0,0.01,0.2604245380454529,0.26042160067860987,0.260424537751619,True,1.4694298000540584
1848,0,0.01,0.26042160067860987,0.26041866719604817,0.2604216003851646,True,1.469578400021419
1849,0,0.01,0.26041866719604817,0.26041573758836944,0.26041866690299065,True,1.4697267001029104
1850,0,0.01,0.26041573758836944,0.26041281184621856,0.2604157372956987,True,1.4698757000733167
1851,0,0.01,0.26041281184621856,0.2604098899602828,0.2604128115539337,True,1.4700318002142012
1852,0,0.01,0.2604098899602828,0.2604069719212924,0.26040988966838285,True,1.47018860001117
1853,0,0.01,0.2604069719212924,0.2604040577200191,0.26040697162977644,True,1.4703330001793802
1854,0,0.01,0.2604040577200191,0.26040114734727643,0.2604040574288862,True,1.4704887000843883
1855,0,0.01,0.26040114734727643,0.2603982407939191,0.26040114705652573,True,1.4706398001872003
1856,0,0.01,0.2603982407939191,0.2603953380508431,0.26039824050354965,True,1.470782000105828
1857,0,0.01,0.2603953380508431,0.26039243910898474,0.260395337760854,True,1.4709250000305474
1858,0,0.01,0.26039243910898474,0.2603895439593208,0.26039243881937507,True,1.4710679000709206
1859,0,0.01,0.2603895439593208,0.260386652592868,0.2603895436700897,True,1.4712096999865025
1860,0,0.01,0.260386652592868,0.2603837650006828,0.26038665230401453,True,1.4713518000207841
1861,0,0.01,0.2603837650006828,0.26038088117386066,0.2603837647122061,True,1.4714937000535429
1862,0,0.01,0.26038088117386066,0.2603780011035365,0.26038088088575984,True,1.471636600093916
1863,0,0.01,0.2603780011035365,0.2603751247808834,0.26037800081581064,True,1.4717750002164394
1864,0,0.01,0.2603751247808834,0.26037225219711335,0.2603751244935317,True,1.471913400106132
1865,0,0.01,0.26037225219711335,0.26036938334347604,0.26037225191013486,True,1.4720598000567406
1866,0,0.01,0.26036938334347604,0.2603665182112591,0.2603693830568699,True,1.4722019000910223
1867,0,0.01,0.2603665182112591,0.2603636567917876,0.26036651792502447,True,1.4723412001039833
1868,0,0.01,0.2603636567917876,0.2603607990764236,0.2603636565059235,True,1.4724801999982446
1869,0,0.01,0.2603607990764236,0.26035794505656634,0.2603607987909294,True,1.4726178999990225
1870,0,0.01,0.26035794505656634,0.26035509472365126,0.260357944771441,True,1.4727560000028461
1871,0,0.01,0.26035509472365126,0.26035224806915047,0.260355094438894,True,1.4728939000051469
1872,0,0.01,0.26035224806915047,0.2603494050845718,0.26035224778476035,True,1.4730329001322389
1873,0,0.01,0.2603494050845718,0.26034656576145887,0.2603494048005481,True,1.473171800142154
1874,0,0.01,0.26034656576145887,0.2603437300913909,0.26034656547780066,True,1.4733108000364155
1875,0,0.01,0.2603437300913909,0.26034089806598204,0.26034372980809733,True,1.4734500001650304
1876,0,0.01,0.26034089806598204,0.26033806967688133,0.2603408977830523,True,1.473588400054723
1877,0,0.01,0.26033806967688133,0.26033524491577253,0.26033806939431464,True,1.4737269000615925
1878,0,0.01,0.26033524491577253,0.260332423774374,0.260335244633568,True,1.4738648000638932
1879,0,0.01,0.260332423774374,0.2603296062444376,0.26033242349253083,True,1.4740029000677168
1880,0,0.01,0.2603296062444376,0.2603267923177495,0.2603296059629549,True,1.4741514001507312
1881,0,0.01,0.2603267923177495,0.2603239819861292,0.26032679203662656,True,1.4742920000571758
1882,0,0.01,0.2603239819861292,0.2603211752414297,0.2603239817053652,True,1.474430700065568
1883,0,0.01,0.2603211752414297,0.26031837207553665,0.26032117496102375,True,1.4745688000693917
1884,0,0.01,0.26031837207553665,0.260315572480369,0.26031837179548795,True,1.4747067000716925
1885,0,0.01,0.260315572480369,0.2603127764478779,0.2603155722006768,True,1.4748439001850784
1886,0,0.01,0.2603127764478779,0.260309983970047,0.26031277616854137,True,1.4749818001873791
1887,0,0.01,0.260309983970047,0.26030719503889194,0.26030998369106534,True,1.475119600072503
1888,0,0.01,0.26030719503889194,0.2603044096464601,0.2603071947602643,True,1.475257000187412
1889,0,0.01,0.2603044096464601,0.2603016277848307,0.2603044093681858,True,1.4753945001866668
1890,0,0.01,0.2603016277848307,0.2602988494461138,0.26030162750690883,True,1.4755322001874447
1891,0,0.01,0.2602988494461138,0.26029607462245113,0.2602988491685437,True,1.4756677001714706
1892,0,0.01,0.26029607462245113,0.2602933033060151,0.2602960743452319,True,1.4758012001402676
1893,0,0.01,0.2602933033060151,0.26029053548900866,0.260293303029146,True,1.4759345001075417
1894,0,0.01,0.26029053548900866,0.2602877711636654,0.2602905352124889,True,1.4760764001403004
1895,0,0.01,0.2602877711636654,0.26028501032224877,0.2602877708874943,True,1.4762140000239015
1896,0,0.01,0.26028501032224877,0.2602822529570526,0.26028501004642546,True,1.4763497000094503
1897,0,0.01,0.2602822529570526,0.2602794990604004,0.26028225268157634,True,1.476483500096947
1898,0,0.01,0.2602794990604004,0.2602767486246448,0.2602794987852704,True,1.4766172000672668
1899,0,0.01,0.2602767486246448,0.2602740016421683,0.2602767483498603,True,1.4767504001501948
1900,0,0.01,0.2602740016421683,0.2602712581053825,0.26027400136772855,True,1.4768874000292271
1901,0,0.01,0.2602712581053825,0.26026851800672746,0.26027125783128674,True,1.4770712000317872
1902,0,0.01,0.26026851800672746,0.26026578133867234,0.260268517732975,True,1.4772616000846028
1903,0,0.01,0.26026578133867234,0.2602630480937146,0.2602657810652624,True,1.4774060000199825
1904,0,0.01,0.2602630480937146,0.26026031826438,0.26026304782064635,True,1.4776125000789762
1905,0,0.01,0.26026031826438,0.26025759184322267,0.2602603179916528,True,1.4777923000510782
1906,0,0.01,0.26025759184322267,0.2602548688228242,0.2602575915708357,True,1.477937800111249
1907,0,0.01,0.2602548688228242,0.26025214919579426,0.2602548685507768,True,1.4780764000024647
1908,0,0.01,0.26025214919579426,0.26024943295476965,0.2602521489240856,True,1.4782124001067132
1909,0,0.01,0.26024943295476965,0.2602467200924148,0.26024943268339906,True,1.4783473000861704
1910,0,0.01,0.2602467200924148,0.2602440106014211,0.2602467198213815,True,1.4784821001812816
1911,0,0.01,0.2602440106014211,0.2602413044745069,0.2602440103307244,True,1.4786157000344247
1912,0,0.01,0.2602413044745069,0.26023860170441726,0.26024130420414604,True,1.4787495001219213
1913,0,0.01,0.26023860170441726,0.26023590228392385,0.2602386014343916,True,1.4788839002139866
1914,0,0.01,0.26023590228392385,0.2602332062058246,0.2602359020142326,True,1.4790180001873523
1915,0,0.01,0.2602332062058246,0.2602305134629437,0.260233205936467,True,1.4791516000404954
1916,0,0.01,0.2602305134629437,0.26022782404813116,0.2602305131939191,True,1.4792858001310378
1917,0,0.01,0.26022782404813116,0.26022513795426333,0.2602278237794388,True,1.4794185000937432
1918,0,0.01,0.26022513795426333,0.2602224551742415,0.26022513768590255,True,1.479552400065586
1919,0,0.01,0.2602224551742415,0.26021977570099314,0.2602224549062116,True,1.4796864001546055
1920,0,0.01,0.26021977570099314,0.26021709952747035,0.2602197754332934,True,1.4798298000823706
1921,0,0.01,0.26021709952747035,0.26021442664665095,0.26021709926010006,True,1.4799687000922859
1922,0,0.01,0.26021442664665095,0.2602117570515373,0.2602144263796094,True,1.48010370018892
1923,0,0.01,0.2602117570515373,0.2602090907351568,0.2602117567848238,True,1.4802386001683772
1924,0,0.01,0.2602090907351568,0.2602064276905613,0.2602090904687706,True,1.480372800026089
1925,0,0.01,0.2602064276905613,0.26020376791082733,0.2602064274245018,True,1.4805072001181543
1926,0,0.01,0.26020376791082733,0.26020111138905544,0.2602037676450938,True,1.480640800204128
1927,0,0.01,0.26020111138905544,0.2601984581183705,0.2602011111236472,True,1.4807752000633627
1928,0,0.01,0.2601984581183705,0.2601958080919214,0.2601984578532868,True,1.4809104001615196
1929,0,0.01,0.2601958080919214,0.2601931613028807,0.2601958078271616,True,1.4810439001303166
1930,0,0.01,0.2601931613028807,0.2601905177444448,0.2601931610384442,True,1.4811778001021594
1931,0,0.01,0.2601905177444448,0.26018787740983323,0.26019051748033084,True,1.4813111000694335
1932,0,0.01,0.26018787740983323,0.2601852402922895,0.26018787714604114,True,1.4814450000412762
1933,0,0.01,0.2601852402922895,0.26018260638507973,0.2601852400288186,True,1.481578700011596
1934,0,0.01,0.26018260638507973,0.26017997568149337,0.26018260612192934,True,1.4817111000884324
1935,0,0.01,0.26017997568149337,0.26017734817484295,0.2601799754186629,True,1.481855400139466
1936,0,0.01,0.26017734817484295,0.2601747238584632,0.26017734791233166,True,1.48199320002459
1937,0,0.01,0.2601747238584632,0.260172102725712,0.2601747235962704,True,1.48212830000557
1938,0,0.01,0.260172102725712,0.26016948476996943,0.2601721024638371,True,1.4822637001052499
1939,0,0.01,0.26016948476996943,0.260166869984638,0.2601694845084117,True,1.4823992000892758
1940,0,0.01,0.260166869984638,0.2601642583631423,0.26016686972339687,True,1.4825331000611186
1941,0,0.01,0.2601642583631423,0.260161649898929,0.260164258102217,True,1.4826683001592755
1942,0,0.01,0.260161649898929,0.26015904458546674,0.26016164963831895,True,1.4828600999899209
1943,0,0.01,0.26015904458546674,0.26015644241624586,0.2601590443251713,True,1.4829983001109213
1944,0,0.01,0.26015644241624586,0.2601538433847782,0.2601564421562644,True,1.483134200097993
1945,0,0.01,0.2601538433847782,0.2601512474845974,0.26015384312511,True,1.4832687000744045
1946,0,0.01,0.2601512474845974,0.2601486547092583,0.2601512472252418,True,1.483403000049293
1947,0,0.01,0.2601486547092583,0.2601460650523366,0.26014865445021473,True,1.4835378001444042
1948,0,0.01,0.2601460650523366,0.2601434785074298,0.2601460647936044,True,1.4836729001253843
1949,0,0.01,0.2601434785074298,0.2601408950681558,0.2601434782490083,True,1.483815300045535
1950,0,0.01,0.2601408950681558,0.2601383147281535,0.2601408948100444,True,1.4839533001650125
1951,0,0.01,0.2601383147281535,0.26013573748108276,0.2601383144703516,True,1.4840880001429468
1952,0,0.01,0.26013573748108276,0.2601331633206234,0.2601357372235896,True,1.4842226000037044
1953,0,0.01,0.2601331633206234,0.2601305922404764,0.2601331630634385,True,1.484356600092724
1954,0,0.01,0.2601305922404764,0.26012802423436276,0.260130591983599,True,1.4845271999947727
1955,0,0.01,0.26012802423436276,0.26012545929602343,0.26012802397779233,True,1.4846850000321865
1956,0,0.01,0.26012545929602343,0.2601228974192199,0.2601254590397593,True,1.4848321999888867
1957,0,0.01,0.2601228974192199,0.2601203385977332,0.2601228971632614,True,1.485011300072074
1958,0,0.01,0.2601203385977332,0.26011778282536463,0.2601203383420798,True,1.4851613000500947
1959,0,0.01,0.26011778282536463,0.26011523009593496,0.26011778257001567,True,1.4853713000193238
1960,0,0.01,0.26011523009593496,0.2601126804032845,0.26011522984088986,True,1.485633600037545
1961,0,0.01,0.2601126804032845,0.26011013374127334,0.2601126801485426,True,1.4857753000687808
1962,0,0.01,0.26011013374127334,0.26010759010378076,0.26011013348683404,True,1.485908400034532
1963,0,0.01,0.26010759010378076,0.26010504948470514,0.2601075898496435,True,1.4860421000048518
1964,0,0.01,0.26010504948470514,0.26010251187796435,0.26010504923086925,True,1.4861743000801653
1965,0,0.01,0.26010251187796435,0.2600999772774951,0.2601025116244292,True,1.4863078000489622
1966,0,0.01,0.2600999772774951,0.2600974456772531,0.2600999770242602,True,1.4864404001273215
1967,0,0.01,0.2600974456772531,0.2600949170712128,0.26009744542431773,True,1.4865733000915498
1968,0,0.01,0.2600949170712128,0.26009239145336743,0.2600949168185764,True,1.4867049001622945
1969,0,0.01,0.26009239145336743,0.2600898688177288,0.2600923912010294,True,1.4868364001158625
1970,0,0.01,0.2600898688177288,0.2600873491583274,0.2600898685656885,True,1.4869681000709534
1971,0,0.01,0.2600873491583274,0.26008483246921155,0.2600873489065843,True,1.4870992000214756
1972,0,0.01,0.26008483246921155,0.2600823187444486,0.260084832217765,True,1.4875390001107007
1973,0,0.01,0.2600823187444486,0.26007980797812347,0.2600823184932981,True,1.487718100193888
1974,0,0.01,0.26007980797812347,0.2600773001643395,0.26007980772726835,True,1.487870000069961
1975,0,0.01,0.2600773001643395,0.26007479529721805,0.2600772999137792,True,1.4880203001666814
1976,0,0.01,0.26007479529721805,0.2600722933708979,0.26007479504695197,True,1.4881679001264274
1977,0,0.01,0.2600722933708979,0.26006979437953615,0.26007229312092545,True,1.4883175001014024
1978,0,0.01,0.26006979437953615,0.26006729831730735,0.26006979412985676,True,1.4884670001920313
1979,0,0.01,0.26006729831730735,0.2600648051784035,0.26006729806792045,True,1.4886247999966145
1980,0,0.01,0.2600648051784035,0.2600623149570343,0.2600648049293085,True,1.4887710001785308
1981,0,0.01,0.2600623149570343,0.2600598276474267,0.2600623147082306,True,1.4889154999982566
1982,0,0.01,0.2600598276474267,0.26005734324382496,0.26005982739891376,True,1.4890591001603752
1983,0,0.01,0.26005734324382496,0.26005486174049053,0.2600573429956022,True,1.4892016001977026
1984,0,0.01,0.26005486174049053,0.26005238313170215,0.26005486149255735,True,1.489344400120899
1985,0,0.01,0.26005238313170215,0.26004990741175515,0.260052382884058,True,1.4894871001597494
1986,0,0.01,0.26004990741175515,0.26004743457496216,0.26004990716439946,True,1.4896382000297308
1987,0,0.01,0.26004743457496216,0.2600449646156525,0.26004743432789434,True,1.4897838002070785
1988,0,0.01,0.2600449646156525,0.2600424975281721,0.26004496436887203,True,1.4899270001333207
1989,0,0.01,0.2600424975281721,0.26004003330688363,0.2600424972816784,True,1.4900678000412881
1990,0,0.01,0.26004003330688363,0.26003757194616645,0.26004003306067613,True,1.4902058001607656
1991,0,0.01,0.26003757194616645,0.2600351134404162,0.26003757170024455,True,1.4903452000580728
1992,0,0.01,0.2600351134404162,0.26003265778404483,0.2600351131947794,True,1.4904839000664651
1993,0,0.01,0.26003265778404483,0.2600302049714809,0.26003265753869254,True,1.4906288001220673
1994,0,0.01,0.2600302049714809,0.2600277549971689,0.2600302047264126,True,1.4907694000285119
1995,0,0.01,0.2600277549971689,0.26002530785556943,0.260027754752384,True,1.4909089000429958
1996,0,0.01,0.26002530785556943,0.26002286354115917,0.2600253076110674,True,1.4910481001716107
1997,0,0.01,0.26002286354115917,0.2600204220484309,0.2600228632969394,True,1.4911863000597805
1998,0,0.01,0.2600204220484309,0.2600179833718931,0.2600204218044929,True,1.4913254000712186
1999,0,0.01,0.2600179833718931,0.26001554750607003,0.2600179831282363,True,1.4914637000765651
