accepted_step,loss,encoder_energy,tangent_gradient_norm,bias_gradient_norm,joint_gradient_norm,minimum_absolute_preactivation,total_elapsed_seconds
0.0,0.29704022762926996,4.0,0.12664724230836663,2.314402408948191e-06,0.1266472423295138,0.11493292885876244,1.1870981000829488
1.0,0.2968801321800136,4.000000000000001,0.12617386622589818,0.0004355073881428661,0.126174617832098,0.11506818771430496,1.1875450999941677
2.0,0.2967212276137463,4.0,0.12570360212013923,0.0008629109387029979,0.12570656387502765,0.11520411421403132,1.1877752000000328
3.0,0.29656349806898497,4.000000000000001,0.12523641651647408,0.0012820477410595713,0.12524297851894986,0.1153406947706487,1.187956500099972
4.0,0.2964069280648759,4.0,0.1247722764471563,0.0016930634097509457,0.1247837626997801,0.11498628701477243,1.188137800199911
5.0,0.2962515024891259,4.000000000000001,0.12431114944383152,0.0020961021563623153,0.12432882015163066,0.11458199110006656,1.1883188001811504
6.0,0.2960972065863422,4.000000000000001,0.12385300353011865,0.002491305838730834,0.12387805733144865,0.11418056950896999,1.1884991000406444
7.0,0.29594402594676794,4.000000000000001,0.1233978072142542,0.0028788138633881284,0.12343138334534812,0.11378199386714957,1.1886896002106369
8.0,0.2957919464953987,4.000000000000002,0.1229455294817991,0.0032587631939310505,0.12298870987661449,0.11338623613640306,1.1888728002086282
9.0,0.29564095448146743,4.0,0.1224961397884114,0.003631288382356228,0.122549951115363,0.11299326861033399,1.189053200185299
10.0,0.2954910364682857,3.999999999999999,0.12204960805268567,0.003996521606771885,0.12211502368982936,0.11260306391008629,1.1892337000463158
11.0,0.2953421793234283,3.9999999999999996,0.12160590464906001,0.004354592710977938,0.12168384659927042,0.11221559498013148,1.1894104001112282
12.0,0.2951943702092506,3.999999999999999,0.12116500040079341,0.004705629244416215,0.12125634114845364,0.11183083508411534,1.1895841001532972
13.0,0.2950475965737249,3.9999999999999996,0.120726866573013,0.005049756501921269,0.12083243088371093,0.11144875780075708,1.1897760999854654
14.0,0.29490184614158854,4.000000000000001,0.12029147486583312,0.005387097563035018,0.12041204153053389,0.11106933701980373,1.1899502000305802
15.0,0.2947571069057894,4.000000000000002,0.11985879740754715,0.005717773330778083,0.11999510093268637,0.11069254693803585,1.1901228001806885
16.0,0.2946133671192212,4.000000000000001,0.11942880674789251,0.006041902569833714,0.1195815389928095,0.1103183620553301,1.1902924000751227
17.0,0.29447061528673735,4.000000000000001,0.11900147585139009,0.006359601944120021,0.11917128761449476,0.10994675717077057,1.190455700038001
18.0,0.2943288401574345,4.0,0.1185767780907583,0.006670986053745706,0.11876428064579943,0.10957770737881214,1.1906202000100166
19.0,0.294188030717196,4.0,0.11815468724040216,0.006976167471350523,0.1183604538241789,0.10921118806549487,1.1907963000703603
20.0,0.29404817618148715,4.000000000000001,0.11773517746997914,0.007275256777831573,0.11795974472281154,0.10884717490470894,1.1909658000804484
21.0,0.29390926598839284,4.0,0.11731822333804001,0.007568362597464613,0.11756209269828832,0.10848564385450857,1.1911247000098228
22.0,0.2937712897918891,4.000000000000001,0.1169037997857471,0.007855591632426445,0.11716743883964303,0.10812657115347482,1.1912844001781195
23.0,0.2936342374553427,4.0,0.11649188213066888,0.008137048696724972,0.11677572591869649,0.10776993331712595,1.1914449001196772
24.0,0.29349809904522656,4.000000000000001,0.1160824460606517,0.008412836749549004,0.1163868983416891,0.10741570713437687,1.1915974000003189
25.0,0.29336286482505014,4.0,0.1156754676277684,0.00868305692804317,0.11600090210217562,0.10706386966404258,1.1917602000758052
26.0,0.2932285252494901,3.999999999999999,0.11527092324234393,0.008947808579517255,0.11561768473515645,0.10671439823139225,1.1919146000873297
27.0,0.2930950709587197,4.0,0.11486878966705859,0.009207189293101091,0.11523719527242036,0.10636727042474495,1.1920677002053708
28.0,0.29296249277292863,3.999999999999999,0.11446904401112738,0.009461294930850189,0.11485938419907164,0.10602246409211238,1.1922213002108037
29.0,0.2928307816870259,4.0,0.1140716637245571,0.009710219658313866,0.114484203411218,0.10567995733788632,1.1923692000564188
30.0,0.2926999288655201,4.000000000000001,0.11367662659247965,0.00995405597457166,0.11411160617479257,0.10533972851956899,1.192516400013119
31.0,0.29256992563757167,4.000000000000001,0.11328391072956238,0.010192894741750507,0.11374154708548616,0.10500175624454822,1.192673500161618
32.0,0.2924407634922095,4.0,0.11289349457449396,0.010426825214025461,0.1133739820297635,0.10466601936691372,1.1928205001167953
33.0,0.29231243407370866,3.999999999999999,0.11250535688454688,0.010655935066118602,0.11300886814694056,0.10433249698431668,1.1929643000476062
34.0,0.2921849291771215,4.0,0.11211947673021551,0.010880310421299423,0.11264616379229775,0.1040011684348717,1.1931071002036333
35.0,0.29205824074395836,4.000000000000001,0.11173583348992919,0.011100035878896452,0.11228582850120476,0.10367201329409798,1.1932490000035614
36.0,0.29193236085801216,4.0,0.11135440684484045,0.011315194541329532,0.11192782295423415,0.1033450113719028,1.1933930001687258
37.0,0.291807281741321,4.000000000000001,0.11097517677368761,0.011525868040668377,0.11157210894323955,0.1030201427096045,1.193564800079912
38.0,0.29168299575026707,4.0,0.11059812354773142,0.011732136564727484,0.11121864933837616,0.10269738757699506,1.193938400130719
39.0,0.2915594953718033,4.000000000000001,0.11022322772576544,0.011934078882701938,0.11086740805604008,0.10237672646944254,1.1941355001181364
40.0,0.29143677321980654,4.000000000000001,0.10985047014919913,0.012131772370355636,0.1105183500277045,0.1020581401050295,1.1943073000293225
41.0,0.29131482203155057,3.999999999999999,0.10947983193721343,0.012325293034765653,0.11017144116963044,0.10174160942173352,1.1944655000697821
42.0,0.29119363466429704,3.9999999999999996,0.10911129448198864,0.012514715538633403,0.10982664835343085,0.10142711557464101,1.1946221000980586
43.0,0.29107320409199866,4.0,0.10874483944400354,0.01270011322416713,0.10948393937746656,0.10111463993320219,1.1947765001095831
44.0,0.2909535234021113,3.999999999999999,0.10838044874740518,0.012881558136544551,0.10914328293905264,0.10080416407851875,1.1949295999947935
45.0,0.2908345857925111,4.000000000000002,0.1080181045754488,0.013059121046962179,0.1088046486074552,0.10049566980067057,1.1950829001143575
46.0,0.2907163845685147,3.9999999999999987,0.10765778936600777,0.013232871475277738,0.10846800679765861,0.1001891390960766,1.1952349999919534
47.0,0.2905989131399947,4.000000000000001,0.10729948580715164,0.013402877712254596,0.1081333287448823,0.09988455416489134,1.1953820001799613
48.0,0.2904821650185937,3.9999999999999996,0.10694317683279363,0.013569206841411217,0.10780058647982936,0.09958189740843601,1.195528700016439
49.0,0.2903661338150263,4.0,0.10658884561840479,0.013731924760486776,0.10746975280464638,0.09928115142666363,1.1956973001360893
50.0,0.2902508132364719,4.0,0.10623647557679507,0.013891096202525075,0.10714080126957601,0.09898229901565933,1.1958467999938875
51.0,0.2901361970840523,4.0,0.1058860503539618,0.014046784756587044,0.10681370615028588,0.09868532316517054,1.1959958001971245
52.0,0.2900222792503911,4.0,0.10553755382500248,0.014199052888095762,0.10648844242585312,0.09839020705617454,1.1961446001660079
53.0,0.2899090537172539,4.0,0.1051909700900931,0.014347961958820902,0.1061649857573891,0.0980969340584755,1.1962934001348913
54.0,0.2897965145532644,4.0,0.10484628347053065,0.014493572246508376,0.10584331246728641,0.09780548772833444,1.196443900000304
55.0,0.2896846559116957,4.000000000000001,0.10450347850483908,0.014635942964162684,0.10552339951907154,0.0975158518061306,1.1965960999950767
56.0,0.28957347202833295,4.0,0.10416253994493795,0.014775132278986967,0.10520522449784686,0.09722801021405478,1.196748400107026
57.0,0.28946295721940507,4.0,0.1038234527523732,0.01491119733098447,0.10488876559130549,0.09694194705383208,1.1969014001078904
58.0,0.2893531058795842,3.999999999999999,0.10348620209460942,0.015044194251232339,0.1045740015713043,0.09665764660447682,1.1970522000920027
59.0,0.2892439124800489,3.9999999999999996,0.10315077334138242,0.015174178179829025,0.10426091177597888,0.09637509332007552,1.1972061002161354
60.0,0.28913537156661107,3.999999999999999,0.10281715206111228,0.015301203283521083,0.10394947609238596,0.09609427182760061,1.1973636001348495
61.0,0.28902747775790166,4.0,0.10248532401737487,0.015425322773018458,0.10363967493965869,0.09581516692475309,1.1975252002011985
62.0,0.2889202257436161,4.000000000000001,0.10215527516543285,0.015546588919999901,0.10333148925266085,0.09553776357783461,1.1977046001702547
63.0,0.2888136102828154,3.9999999999999996,0.10182699164882301,0.015665053073815542,0.10302490046612484,0.09526204691964629,1.197871500160545
64.0,0.2887076262022809,3.999999999999999,0.10150045979600204,0.015780765677892026,0.10271989049926193,0.09498800224741755,1.198035400127992
65.0,0.2886022683949234,3.999999999999999,0.10117566611704785,0.015893776285844364,0.10241644174082995,0.09471561502076065,1.19819900020957
66.0,0.28849753181824117,4.0,0.1008525973004163,0.016004133577301658,0.10211453703464582,0.09444487085965467,1.1983678000979125
67.0,0.2883934114928284,3.999999999999999,0.10053124020975389,0.016111885373447044,0.10181415966553146,0.09417575554245433,1.1985399001277983
68.0,0.28828990250092956,3.9999999999999987,0.10021158188076301,0.01621707865228523,0.10151529334567908,0.09390825500392705,1.198716300074011
69.0,0.2881869999850408,3.999999999999999,0.09989360951812187,0.016319759563632023,0.10121792220142521,0.0936423553333145,1.1988935000263155
70.0,0.2880846991465551,4.0,0.09957731049245681,0.016419973443839452,0.10092203076042189,0.09337804277242212,1.1990704000927508
71.0,0.28798299524444976,4.0,0.09926267233736642,0.016517764830255566,0.10062760393919253,0.09311530371373225,1.1992544000968337
72.0,0.2878818835940154,3.9999999999999996,0.09894968274649721,0.016613177475427482,0.1003346270310629,0.09285412469854307,1.1994381002150476
73.0,0.2877813595656246,4.0,0.09863832957066947,0.016706254361047893,0.10004308569445486,0.09259449241513279,1.1996365000959486
74.0,0.2876814185835398,4.000000000000001,0.09832860081505396,0.016797037711654812,0.09975296594153471,0.09233639369694802,1.199837600113824
75.0,0.28758205612475707,3.999999999999999,0.09802048463639683,0.01688556900808336,0.09946425412720317,0.09207981552081593,1.200033700093627
76.0,0.2874832677178861,3.9999999999999996,0.09771396934029358,0.01697188900067856,0.09917693693841924,0.09182474500518065,1.2002292000688612
77.0,0.2873850489420665,4.0,0.09740904337851088,0.017056037722270368,0.09889100138384747,0.09157116940836324,1.2004258001688868
78.0,0.28728739542591514,4.0,0.09710569534635538,0.017138054500917134,0.09860643478381921,0.09131907612684445,1.2006211001425982
79.0,0.2871903028465075,3.9999999999999996,0.09680391398008915,0.017217977972419887,0.09832322476059883,0.09106845269357064,1.2008191000204533
80.0,0.2870937669283896,4.0,0.09650368815439084,0.017295846092612897,0.09804135922894616,0.09081928677628223,1.2010159001220018
81.0,0.28699778344262084,4.000000000000001,0.09620500687986235,0.017371696149433315,0.09776082638696645,0.09057156617586429,1.2012115002144128
82.0,0.2869023482058449,3.9999999999999996,0.09590785930057959,0.017445564774774717,0.09748161470723918,0.09032527882471944,1.2014074001926929
83.0,0.2868074570793898,4.0,0.09561223469168703,0.01751748795612899,0.09720371292821775,0.09008041278516124,1.2015937000978738
84.0,0.2867131059683953,3.999999999999999,0.09531812245703628,0.017587501048017016,0.09692711004589254,0.089836956247831,1.2017959000077099
85.0,0.2866192908209648,4.000000000000002,0.09502551212686623,0.017655638783217287,0.09665179530570887,0.08959489753013383,1.2019874001853168
86.0,0.2865260076273465,4.000000000000002,0.0947343933555258,0.017721935283790402,0.0963777581947326,0.08935422507469562,1.2022410000208765
87.0,0.2864332524191342,4.0,0.09444475591923786,0.017786424071907492,0.09610498843405656,0.08911492744784169,1.2024331002030522
88.0,0.28634102126849564,3.999999999999999,0.09415658971390332,0.017849138080483423,0.09583347597143958,0.08887699333809476,1.2026184001006186
89.0,0.2862493102874226,4.0,0.09386988475294648,0.017910109663620125,0.09556321097417328,0.0886404115546929,1.2029639000538737
90.0,0.2861581156270027,4.0,0.09358463116519866,0.01796937060686071,0.09529418382216714,0.08840517102612724,1.2031655001919717
91.0,0.28606743347671304,3.999999999999999,0.09330081919282143,0.01802695213726195,0.095026385101248,0.08817126079869897,1.2033493001945317
92.0,0.28597726006373414,4.0,0.0930184391892674,0.018082884933283683,0.09475980559666537,0.0879386700350959,1.2035226000007242
93.0,0.2858875916522853,4.0,0.09273748161728007,0.018137199134502173,0.09449443628679915,0.08770738801298769,1.203696700045839
94.0,0.28579842454297677,3.9999999999999996,0.09245793704692862,0.01818992435114873,0.09423026833705998,0.08747740412363864,1.2038688000757247
95.0,0.285709755072183,4.0,0.09217979615368165,0.018241089673476478,0.0939672930939809,0.08724870787054076,1.2040421001147479
96.0,0.28562157961143286,3.999999999999999,0.09190304971651486,0.01829072368095975,0.09370550207949065,0.08702128886806329,1.2042200001887977
97.0,0.2855338945668167,4.0,0.09162768861605529,0.018338854451328587,0.09344488698536588,0.0867951368401208,1.2044934001751244
98.0,0.2854466963784122,4.0,0.09135370383276013,0.018385509569439695,0.0931854396678559,0.08657024161885923,1.2046952000819147
99.0,0.28535998151972375,4.000000000000001,0.09108108644512919,0.018430716135989362,0.09292715214247402,0.08634659314335788,1.2048837000038475
100.0,0.2852737464971405,4.0,0.0908098276279522,0.0184745007760703,0.09267001657895294,0.08612418145835002,1.205076300073415
101.0,0.28518798784940735,3.999999999999999,0.09053991865058837,0.018516889647573254,0.0924140252963562,0.08590299671296012,1.2052651999983937
102.0,0.28510270214711153,4.0,0.09027135087527888,0.01855790844943938,0.09215917075834333,0.08568302915945633,1.2054534000344574
103.0,0.2850178859921839,3.9999999999999987,0.09000411575549193,0.018597582429764153,0.0919054455685835,0.08546426915202163,1.205646299989894
104.0,0.2849335360174129,3.9999999999999996,0.08973820483429845,0.01863593639375548,0.091652842466312,0.08524670714553922,1.205839600181207
105.0,0.28484964888597253,4.0,0.08947360974278006,0.018672994711549176,0.09140135432202769,0.08503033369439486,1.2060332000255585
106.0,0.28476622129096324,4.0,0.08921032219846667,0.018708781325884213,0.09115097413332449,0.08481513945129496,1.206238100072369
107.0,0.28468324995496425,3.999999999999999,0.08894833400380463,0.01874331975964105,0.090901695020855,0.08460111516609925,1.2064275001175702
108.0,0.284600731629599,4.0,0.08868763704465424,0.018776633123243586,0.09065351022442107,0.08438825168467012,1.2066147001460195
109.0,0.2845186630951121,3.999999999999999,0.08842822328881694,0.018808744121928567,0.0904064130991881,0.08417653994773619,1.2067956000100821
110.0,0.284437041159956,4.000000000000002,0.08817008478458976,0.018839675062886193,0.09016039711201855,0.08396597098977088,1.2069731000810862
111.0,0.28435586266039115,4.0,0.0879132136593501,0.018869447862269677,0.08991545583792286,0.08375653593788587,1.2071500001475215
112.0,0.2842751244600936,4.0,0.08765760211816562,0.01889808405208315,0.08967158295662139,0.08354822601073847,1.2073280001059175
113.0,0.2841948234497751,4.000000000000001,0.08740324244243342,0.018925604786942257,0.08942877224921701,0.08334103251745412,1.2074983001220971
114.0,0.2841149565468122,4.0,0.08715012698854491,0.0189520308507161,0.08918701759497286,0.08313494685656272,1.2076685000211
115.0,0.2840355206948838,3.9999999999999996,0.08689824818657722,0.018977382663049297,0.0889463129681932,0.08292996051494805,1.207838400034234
116.0,0.2839565128636199,4.000000000000002,0.08664759853901051,0.019001680285767566,0.0887066524352039,0.08272606506681196,1.2080083000473678
117.0,0.28387793004825745,4.000000000000001,0.0863981706194708,0.019024943429167995,0.08846803015142946,0.08252325217265111,1.2081884001381695
118.0,0.28379976926930556,4.000000000000002,0.08614995707149725,0.019047191458197717,0.08823044035856366,0.08232151357824799,1.2083581001497805
119.0,0.28372202757221865,3.999999999999999,0.0859029506073349,0.019068443398520717,0.08799387738183155,0.08212084111367404,1.208523300010711
120.0,0.2836447020270778,4.000000000000001,0.08565714400675029,0.019088717942477653,0.0877583356273387,0.08192122669230678,1.2086883999872953
121.0,0.28356778972828034,3.9999999999999987,0.08541253011587241,0.019108033454937095,0.08752380957950703,0.08172266230985861,1.2088530000764877
122.0,0.2834912877942352,4.0,0.0851691018460551,0.01912640797904465,0.08729029379859234,0.08152514004341893,1.2090172001626343
123.0,0.2834151933670681,4.000000000000002,0.08492685217276401,0.019143859241866113,0.08705778291828303,0.08132865205050827,1.2091785001102835
124.0,0.28333950361233146,4.0,0.08468577413448503,0.019160404659932795,0.08682627164337639,0.08113319056814494,1.2093358000274748
125.0,0.28326421571872196,3.9999999999999996,0.08444586083165494,0.019176061344686333,0.08659575474753024,0.0809387479119241,1.209492600057274
126.0,0.283189326897805,4.0,0.08420710542561406,0.019190846107825805,0.086366227071088,0.08074531647510741,1.2096468000672758
127.0,0.2831148343837451,4.000000000000001,0.08396950113758035,0.01920477546656014,0.08613768351897501,0.0805528887277254,1.2097999001853168
128.0,0.28304073543304226,3.999999999999999,0.08373304124764376,0.019217865648766642,0.08591011905866303,0.08036145721569224,1.2099528000690043
129.0,0.28296702732427453,3.9999999999999996,0.08349771909378183,0.01923013259805724,0.08568352871820209,0.08017101455992917,1.2101063001900911
130.0,0.2828937073578467,4.0,0.08326352807089522,0.019241591978754073,0.08545790758431668,0.0799815534555029,1.210266400128603
131.0,0.2828207728557436,4.0,0.08303046162986315,0.019252259180777474,0.08523325080056496,0.07979306667077138,1.210613600211218
132.0,0.2827482211612894,4.000000000000002,0.08279851327661808,0.019262149324445022,0.08500955356555825,0.07960554704654343,1.21079790010117
133.0,0.28267604963891246,4.000000000000001,0.08256767657124002,0.019271277265186376,0.08478681113124015,0.07941898749524717,1.2110048001632094
134.0,0.28260425567391423,3.999999999999999,0.082337945127069,0.019279657598174484,0.08456501880122225,0.07923338100011057,1.211161200189963
135.0,0.28253283667224355,3.999999999999999,0.08210931260983652,0.019287304662872186,0.08434417192917545,0.07904872061435164,1.211345200194046
136.0,0.28246179006027644,3.999999999999999,0.08188177273681488,0.019294232547500016,0.08412426591727508,0.07886499946037814,1.2114934001583606
137.0,0.28239111328459876,4.0,0.0816553192759842,0.019300455093423898,0.08390529621469785,0.07868221072900006,1.2116346000693738
138.0,0.28232080381179514,4.0,0.08142994604521717,0.01930598589946365,0.08368725831616942,0.07850034767864927,1.2117760002147406
139.0,0.2822508591282406,4.0,0.08120564691148045,0.019310838326126536,0.08347014776056068,0.07831940363461104,1.2119162001181394
140.0,0.2821812767398973,4.000000000000001,0.08098241579005322,0.01931502549976468,0.0832539601295315,0.07813937198826423,1.2120573001448065
141.0,0.28211205417211516,3.999999999999999,0.08076024664376248,0.019318560316658007,0.08303869104622076,0.07796024619633185,1.2122095001395792
142.0,0.2820431889694359,3.9999999999999996,0.08053913348223365,0.01932145544702624,0.0828243361739801,0.07778201978014021,1.2123459000140429
143.0,0.28197467869540177,4.0,0.08031907036115812,0.01932372333896807,0.08261089121515182,0.07760468632488918,1.2124799999874085
144.0,0.2819065209323667,4.0,0.08010005138157554,0.019325376222330902,0.08239835190988758,0.07742823947892905,1.2126144000794739
145.0,0.28183871328131194,4.0,0.07988207068917187,0.019326426112512538,0.08218671403500846,0.07725267295304969,1.2127643001731485
146.0,0.28177125336166514,4.0,0.07966512247359225,0.019326884814194815,0.0819759734029039,0.07707798051977519,1.2128997000399977
147.0,0.2817041388111218,3.9999999999999996,0.0794492009677686,0.019326763925010607,0.0817661258604685,0.076904156012671,1.213034400017932
148.0,0.2816373672854709,4.0,0.07923430044726146,0.01932607483914728,0.08155716728807604,0.07673119332565623,1.2131705000065267
149.0,0.2815709364584237,4.0,0.0790204152296165,0.019324828750884922,0.08134909359858926,0.07655908641232764,1.213307400001213
150.0,0.28150484402144454,4.000000000000001,0.07880753967373445,0.019323036658072272,0.08114190073640397,0.07638782928529014,1.2134412000887096
151.0,0.2814390876835857,4.000000000000001,0.07859566817925467,0.019320709365541547,0.08093558467652674,0.07621741601549684,1.2135751000605524
152.0,0.28137366517132456,3.9999999999999996,0.07838479518595227,0.019317857488462247,0.08073014142368527,0.07604784073159612,1.2137082000263035
153.0,0.28130857422840294,4.000000000000001,0.07817491517314792,0.01931449145563646,0.08052556701146989,0.07587909761928824,1.213842200115323
154.0,0.2812438126156711,3.999999999999999,0.07796602265913134,0.019310621512734803,0.08032185750150626,0.07571118092068932,1.2139745000749826
155.0,0.28117937811093147,4.000000000000002,0.07775811220059607,0.019306257725476145,0.0801190089826565,0.07554408493370304,1.2141076000407338
156.0,0.28111526850878804,3.999999999999999,0.07755117839208811,0.019301409982750865,0.07991701757025038,0.07537780401140018,1.2142531999852508
157.0,0.2810514816204948,3.9999999999999996,0.07734521586546493,0.01929608799968847,0.07971587940534237,0.07521233256140664,1.214389700209722
158.0,0.2809880152738098,4.000000000000001,0.07714021928936786,0.01929030132067221,0.07951559065399746,0.07504766504529797,1.2145249000750482
159.0,0.28092486731284927,4.0,0.07693618336870525,0.01928405932229897,0.07931614750660161,0.07488379597800254,1.214658800046891
160.0,0.280862035597945,3.9999999999999996,0.076733102844147,0.019277371216288728,0.07911754617719786,0.07472071992721085,1.2147930001374334
161.0,0.28079951800550346,3.9999999999999996,0.07653097249163075,0.019270246052340966,0.07891978290284703,0.07455843151279287,1.2149269001092762
162.0,0.28073731242786754,3.999999999999999,0.07632978712187835,0.01926269272094217,0.0787228539430114,0.07439692540622295,1.2150610000826418
163.0,0.2806754167731793,3.9999999999999996,0.07612954157992335,0.019254719956123743,0.07852675557896194,0.07423619633001102,1.2151954001747072
164.0,0.2806138289652462,4.000000000000001,0.07593023074464923,0.01924633633817013,0.07833148411320727,0.07407623905714122,1.215329400030896
165.0,0.28055254694340803,4.000000000000002,0.07573184952833731,0.019237550296280267,0.07813703586894397,0.07391704841051713,1.215462800115347
166.0,0.2804915686624059,4.000000000000001,0.07553439287622507,0.019228370111183467,0.07794340718952807,0.07375861926241445,1.2155966002028435
167.0,0.2804308920922538,4.0,0.07533785576607437,0.01921880391770601,0.07775059443796592,0.07360094653393948,1.2157300000544637
168.0,0.28037051521811107,4.0,0.07514223320774888,0.019208859707296543,0.07755859399642517,0.07344402519449506,1.2158654001541436
169.0,0.28031043604015704,4.0,0.07494752024280157,0.01919854533050413,0.07736740226576419,0.07328785026125237,1.215998400002718
170.0,0.2802506525734672,4.000000000000001,0.07475371194407099,0.01918786849941417,0.07717701566507966,0.07313241679862956,1.2161327002104372
171.0,0.2801911628478914,4.0,0.07456080341528681,0.019176836790041743,0.07698743063127217,0.07297771991777721,1.2162794000469148
172.0,0.2801319649079326,3.999999999999999,0.07436878979068386,0.01916545764468222,0.076798643618628,0.07282375477606848,1.216416500043124
173.0,0.2800730568126281,4.0,0.07417766623462534,0.01915373837422123,0.07661065109841836,0.07267051657659734,1.2165527001488954
174.0,0.2800144366354325,4.0,0.07398742794123433,0.01914168616040433,0.07642344955851416,0.07251800056768182,1.2166865000035614
175.0,0.2799561024641011,4.000000000000002,0.07379807013403324,0.019129308058066067,0.07623703550301572,0.07236620204237307,1.216820300091058
176.0,0.2798980524005755,3.999999999999999,0.07360958806559212,0.019116610997320746,0.07605140545189842,0.0722151163379714,1.2169546000659466
177.0,0.27984028456086985,4.0,0.07342197701718388,0.01910360178571568,0.07586655594067175,0.07206473883554707,1.217088800156489
178.0,0.2797827970749598,3.9999999999999987,0.07323523229844867,0.019090287110344384,0.07568248352005318,0.0719150649594674,1.217222400009632
179.0,0.2797255880866712,4.0,0.07304934924706424,0.019076673539925537,0.07549918475565455,0.07176609017692961,1.2173562000971287
180.0,0.2796686557535712,4.0,0.0728643232284252,0.01906276752684354,0.0753166562276825,0.07161780999749934,1.217489000177011
181.0,0.2796119982468599,4.0,0.07268014963532879,0.019048575409155548,0.07513489453065113,0.07147021997265429,1.2176777999848127
182.0,0.27955561375126375,4.0,0.0724968238876676,0.01903410341256068,0.07495389627310607,0.07132331569533348,1.2184637000318617
183.0,0.2794995004649297,4.0,0.07231434143212993,0.019019357652337875,0.07477365807736175,0.0711770927994923,1.2187245001550764
184.0,0.279443656599321,4.000000000000002,0.07213269774190649,0.019004344135248017,0.07459417657924898,0.07103154695966257,1.2192014001775533
185.0,0.27938808037911367,3.9999999999999996,0.0719518883164036,0.01898906876140343,0.07441544842787366,0.07088667389051778,1.2193922000005841
186.0,0.27933277004209384,4.0,0.07177190868096332,0.01897353732610549,0.07423747028538659,0.07074246934644335,1.2195364001672715
187.0,0.27927772383905747,3.999999999999999,0.07159275438658981,0.018957755521648852,0.07406023882676305,0.07059892912111299,1.2196760000661016
188.0,0.2792229400337096,4.0,0.0714144210096816,0.01894172893909575,0.07388375073959247,0.07045604904706854,1.2198155000805855
189.0,0.27916841690256533,4.0,0.07123690415177023,0.018925463070018283,0.07370800272387744,0.07031382499530595,1.2199554000981152
190.0,0.2791141527348521,3.9999999999999996,0.07106019943926499,0.018908963308211398,0.07353299149184263,0.07017225287486639,1.2200937999878079
191.0,0.2790601458324121,4.0,0.07088430252320259,0.018892234951375576,0.07335871376775142,0.07003132863243056,1.2202322001103312
192.0,0.27900639450960657,4.000000000000001,0.07070920907900366,0.0188752832027702,0.07318516628773233,0.06989104825191975,1.2203703001141548
193.0,0.2789528970932203,3.9999999999999996,0.07053491480623411,0.018858113172838593,0.07301234579961319,0.06975140775410033,1.2205080999992788
194.0,0.2788996519223677,3.9999999999999996,0.07036141542837167,0.018840729880804635,0.07284024906276299,0.0696124031961935,1.220645199995488
195.0,0.2788466573483991,4.0,0.07018870669257828,0.018823138256241753,0.07266887284794209,0.06947403067148925,1.2207832999993116
196.0,0.27879391173480833,4.0,0.07001678436947727,0.018805343140615004,0.07249821393715954,0.06933628630896524,1.2210884999949485
197.0,0.2787414134571417,3.9999999999999987,0.06984564425293581,0.01878734928879569,0.07232826912353757,0.06919916627290995,1.221254400210455
198.0,0.278689160902906,3.999999999999999,0.0696752821598516,0.018769161370550805,0.07215903521118275,0.06906266676254952,1.2214067000895739
199.0,0.27863715247148,4.0,0.06950569392994553,0.01875078397200568,0.07199050901506457,0.0689245218593876,1.2215545000508428
200.0,0.2785853865740242,4.0,0.06933687542555776,0.018732221597082085,0.07182268736089945,0.06876321150434789,1.2217082001734525
201.0,0.27853386163339316,3.9999999999999996,0.06916882253144933,0.0187134786689112,0.07165556708504181,0.06860263059109925,1.2218569000251591
202.0,0.2784825760840475,4.0,0.06900153115460742,0.018694559531222222,0.07148914503438036,0.0684427750838518,1.2220213999971747
203.0,0.2784315283719678,4.0,0.0688349972240555,0.018675468449706648,0.07132341806624047,0.06828364097848211,1.2221664001699537
204.0,0.2783807169545677,4.0,0.06866921669066776,0.01865620961335951,0.07115838304829229,0.06812522430224835,1.2223098000977188
205.0,0.27833014030060926,4.000000000000001,0.068504185526987,0.018636787135797465,0.07099403685846356,0.0679675211135046,1.2224528000224382
206.0,0.2782797968901183,4.0,0.06833989972704746,0.018617205056553475,0.07083037638485809,0.0678105275014215,1.2225949000567198
207.0,0.27822968521430025,4.000000000000001,0.06817635530620049,0.018597467342349953,0.07066739852567848,0.06765423958570696,1.2227362000849098
208.0,0.27817980377545753,4.000000000000001,0.06801354830094553,0.01857757788834974,0.07050510018915476,0.06749865351633158,1.2228769001085311
209.0,0.2781301510869066,4.000000000000001,0.06785147476876298,0.01855754051938507,0.07034347829347577,0.06734376547325555,1.2230301999952644
210.0,0.27808072567289627,4.0,0.06769013078795226,0.01853735899116632,0.07018252976672654,0.06718957166615816,1.223174300044775
211.0,0.278031526068527,4.0,0.06752951245747278,0.018517036991468883,0.07002225154682902,0.06703606833417092,1.2233166000805795
212.0,0.2779825508196699,3.9999999999999996,0.06736961589678801,0.018496578141300398,0.06986264058148664,0.0668832517456125,1.2234597001224756
213.0,0.2779337984828872,4.0,0.06721043724571374,0.01847598599604797,0.06970369382813356,0.06673111819772631,1.223600700031966
214.0,0.27788526762535315,4.000000000000001,0.06705197266426877,0.01845526404660469,0.06954540825388651,0.06657966401642101,1.2237392000388354
215.0,0.27783695682477527,4.0,0.0668942183325295,0.018434415720478183,0.06938778083550114,0.06642888555601281,1.22387700015679
216.0,0.27778886466931674,4.0,0.0667371704504871,0.018413444382878733,0.06923080855933099,0.06627877919897143,1.2240301000420004
217.0,0.2777409897575183,4.0,0.0665808252379079,0.018392353337790466,0.06907448842129028,0.06612934135566748,1.2241687001660466
218.0,0.2776933306982226,3.999999999999999,0.06642517893419672,0.018371145829021895,0.06891881742681921,0.06598056846412256,1.2243082001805305
219.0,0.2776458861104969,4.0,0.066270227798263,0.0183498250412407,0.06876379259085275,0.06583245698976195,1.2244501002132893
220.0,0.2775986546235587,4.000000000000001,0.06611596810839011,0.018328394100989114,0.06860941093779213,0.06568500342516972,1.2245927001349628
221.0,0.2775516348766998,4.0,0.06596239616210653,0.018306856077682912,0.0684556695014787,0.06553820428984619,1.2247390002012253
222.0,0.27750482551921224,3.9999999999999996,0.0658095082760605,0.018285213984592923,0.06830256532517082,0.06539205612996718,1.224885000148788
223.0,0.2774582252103144,4.000000000000001,0.06565730078589653,0.01826347077980963,0.06815009546152265,0.06524655551814659,1.2250452002044767
224.0,0.2774118326190776,4.0,0.06550577004613542,0.018241629367191207,0.06799825697256617,0.06510169905320046,1.2251955000683665
225.0,0.27736564642435346,4.0,0.06535491243005527,0.01821969259729623,0.06784704692969447,0.06495748335991305,1.225349600194022
226.0,0.27731966531470165,3.9999999999999987,0.06520472432957626,0.018197663268298643,0.06769646241364773,0.06481390508880719,1.2255039000883698
227.0,0.27727388798831776,3.9999999999999996,0.06505520215514646,0.018175544126889726,0.06754650051450103,0.06467096091591354,1.2256625001318753
228.0,0.2772283131529627,4.0,0.06490634233563115,0.01815333786916118,0.0673971583316542,0.06452864754254489,1.225820500170812
229.0,0.2771829395258918,4.000000000000002,0.06475814131820312,0.018131047141476727,0.0672484329738234,0.06438696169507108,1.2259900001809
230.0,0.2771377658337844,4.0,0.06461059556823587,0.018108674541326177,0.06710032155903438,0.06424590012469741,1.2261567001696676
231.0,0.27709279081267435,4.0,0.0644637015691984,0.018086222618166697,0.06695282121461767,0.06410545960724312,1.226319800131023
232.0,0.2770480132078809,4.0,0.06431745582255202,0.018063693874247954,0.06680592907720448,0.06396563694292423,1.2264859999995679
233.0,0.2770034317739401,3.9999999999999996,0.06417185484764974,0.018041090765424986,0.0666596422927256,0.06382642895613719,1.226659000152722
234.0,0.2769590452745362,4.0,0.06402689518163618,0.0180184157019564,0.06651395801640987,0.0636878324952441,1.226829000050202
235.0,0.27691485248243447,4.0,0.06388257337935077,0.017995671049288314,0.06636887341278537,0.06354984443236214,1.2272419000510126
236.0,0.27687085217941365,4.0,0.06373888601323159,0.017972859128826176,0.06622438565568095,0.06341246166315212,1.2275024000555277
237.0,0.2768270431561992,4.0,0.06359582967322171,0.017949982218692734,0.06608049192822955,0.06327568110661164,1.22770360019058
238.0,0.27678342421239727,4.000000000000001,0.06345340096667647,0.017927042554473333,0.06593718942287209,0.06313949970486837,1.227895300136879
239.0,0.27673999415642847,4.0,0.06331159651827281,0.017904042329948272,0.06579447534136246,0.06300391442297676,1.228083100169897
240.0,0.2766967518054628,4.0,0.06317041296992024,0.017880983697812783,0.06565234689477378,0.06286892224871463,1.228273400105536
241.0,0.2766536959853547,4.0,0.06302984698067282,0.017857868770385317,0.06551080130350516,0.06273452019238471,1.2284623000305146
242.0,0.2766108255305785,4.000000000000001,0.06288989522664307,0.01783469962030291,0.06536983579728937,0.06260070528661524,1.2286506001837552
243.0,0.27656813928416457,4.000000000000001,0.06275055440091726,0.017811478281205034,0.06522944761520148,0.06246747458616356,1.2288568001240492
244.0,0.2765256360976355,3.999999999999999,0.06261182121347154,0.01778820674840665,0.06508963400566779,0.06233482516772229,1.2290464001707733
245.0,0.2764833148309428,4.0,0.06247369239108983,0.017764886979558622,0.06495039222647549,0.06220275412972598,1.2292284001596272
246.0,0.27644117435240523,4.0,0.0623361646772835,0.01774152089529694,0.06481171954478346,0.06207125859216067,1.2294072001241148
247.0,0.2763992135386452,3.9999999999999996,0.06219923483221105,0.017718110379882412,0.06467361323713275,0.061940335696374305,1.2295859002042562
248.0,0.2763574312745278,4.0,0.06206289963259987,0.01769465728182809,0.06453607058945808,0.06180998260489001,1.2297650000546128
249.0,0.27631582645309877,4.0,0.061927155871668964,0.017671163414516224,0.06439908889709947,0.061680196501220586,1.2299425001256168
250.0,0.2762743979755244,3.9999999999999996,0.061792000359052995,0.017647630556805016,0.06426266546481467,0.06155097458968414,1.230120100080967
251.0,0.2762331447510298,4.0,0.06165742992072664,0.017624060453625624,0.06412679760679124,0.061422314095222835,1.2302922001108527
252.0,0.27619206569683974,4.0,0.061523441398931275,0.017600454816567652,0.06399148264665987,0.06129421226322157,1.2304637001361698
253.0,0.2761511597381183,4.0,0.06139003165210126,0.017576815324456384,0.06385671791750684,0.06116666635933066,1.230634800158441
254.0,0.2761104258079097,3.999999999999999,0.061257197554792274,0.017553143623918393,0.06372250076188753,0.06103967366928792,1.230810500215739
255.0,0.27606986284707946,3.9999999999999987,0.06112493599761009,0.017529441329939863,0.06358882853183988,0.060913231498743614,1.2309791999869049
256.0,0.2760294698042554,4.0,0.06099324388714032,0.01750571002641309,0.06345569858889775,0.060787337173086986,1.23114570020698
257.0,0.2759892456357704,4.000000000000001,0.0608621181458792,0.017481951266675264,0.06332310830410465,0.060661988037274156,1.2313103000633419
258.0,0.27594918930560375,4.000000000000001,0.06073155571216504,0.01745816657403769,0.06319105505802743,0.06053718145565781,1.2314732000231743
259.0,0.2759092997853243,3.999999999999999,0.06060155354011052,0.017434357442305565,0.06305953624076978,0.060412914811818375,1.231632700189948
260.0,0.27586957605403306,3.9999999999999996,0.060472108599535696,0.017410525336290564,0.06292854925198621,0.06028918550839646,1.2317904999945313
261.0,0.27583001709830723,4.0,0.06034321787590216,0.01738667169231239,0.06279809150089559,0.060165990966927874,1.231948000146076
262.0,0.27579062191214365,3.999999999999999,0.0602148783702475,0.01736279791869381,0.06266816040629482,0.06004332862767908,1.232106100069359
263.0,0.27575138949690264,4.0,0.06008708709912047,0.01733890539624641,0.06253875339657222,0.059921195949484723,1.2322606001980603
264.0,0.27571231886125347,4.000000000000001,0.05995984109451714,0.017314995478748197,0.062409867909720945,0.05979959040958657,1.2324124001897871
265.0,0.2756734090211187,4.000000000000001,0.05983313740381758,0.017291069493413285,0.06228150139335244,0.059678509503474086,1.2325643000658602
266.0,0.2756346589996195,4.0,0.059706973089722865,0.0172671287413538,0.06215365130470918,0.05955795074472589,1.2327148001641035
267.0,0.2755960678270211,4.0,0.05958134523019312,0.01724317449803369,0.06202631511067779,0.05943791166485435,1.2328753001056612
268.0,0.2755576345406799,3.999999999999999,0.05945625091838599,0.01721920801371498,0.06189949028780173,0.05931838981314863,1.2330257000867277
269.0,0.2755193581849885,3.999999999999999,0.059331687262595426,0.01719523051389631,0.061773174322293484,0.0591993827565227,1.2331788002047688
270.0,0.27548123781132383,3.9999999999999987,0.05920765138619141,0.017171243199744182,0.06164736471004689,0.05908088807936243,1.2333217000123113
271.0,0.2754432724779933,4.0,0.05908414042755994,0.017147247248517617,0.06152205895664918,0.05896290338337448,1.2334645001683384
272.0,0.27540546125018284,3.9999999999999996,0.058961151540043555,0.017123243813984022,0.06139725457739232,0.05884542628743708,1.2336064002010971
273.0,0.2753678031999046,4.000000000000002,0.058838681891882134,0.017099234026829932,0.06127294909728434,0.05872845442745228,1.233748200116679
274.0,0.2753302974059455,3.999999999999999,0.05871672866615486,0.017075218995063014,0.061149140051060515,0.05861198545619878,1.233885700115934
275.0,0.27529294295381523,4.0,0.05859528906072133,0.017051199804409004,0.061025824983193526,0.05849601704318727,1.2340224001090974
276.0,0.2752557389356957,4.000000000000001,0.058474360288164544,0.017027177518700615,0.06090300144790418,0.05838054687451524,1.2341597001068294
277.0,0.27521868445039044,4.0,0.05835393957573334,0.017003153180260182,0.06078066700917102,0.05826557265272578,1.234295500209555
278.0,0.27518177860327353,3.999999999999999,0.05823402416528523,0.01697912781027677,0.06065881924073975,0.05815109209666547,1.2344289000611752
279.0,0.27514502050624023,4.0,0.05811461131323013,0.016955102409175412,0.06053745572613241,0.05803710294134423,1.2345622000284493
280.0,0.27510840927765734,4.0,0.05799569829047422,0.016931077956981212,0.0604165740586562,0.057923602937797025,1.2346948999911547
281.0,0.27507194404231367,4.0,0.05787728238236358,0.016907055413677083,0.060296171841411304,0.057810589852946265,1.234839100157842
282.0,0.2750356239313709,4.0,0.057759360888629076,0.016883035719555305,0.06017624668729909,0.05769806146946593,1.2349762001540512
283.0,0.2749994480823153,4.0,0.05764193112333078,0.016859019795562896,0.060056796219029124,0.057586015585645745,1.2351111001335084
284.0,0.2749634156389091,4.0,0.057524990414803225,0.01683500854364172,0.059937818069126375,0.05747445001525869,1.2352454999927431
285.0,0.274927525751143,4.0,0.05740853610560034,0.01681100284706274,0.05981930987993734,0.05736336258742755,1.2354928001295775
286.0,0.27489177757518773,3.9999999999999996,0.05729256555244142,0.016787003570753908,0.05970126930363626,0.05725275114649436,1.2356455000117421
287.0,0.27485617027334774,4.0,0.05717707612615639,0.01676301156162388,0.059583694002230334,0.05714261355189029,1.2357836000155658
288.0,0.2748207030140135,4.0,0.05706206521163244,0.016739027648878593,0.05946658164756501,0.0570329476780064,1.2359190999995917
289.0,0.27478537497161526,3.9999999999999996,0.056947530207759695,0.016715052644334257,0.059349929921328204,0.05692375141406633,1.2360545000992715
290.0,0.2747501853265762,4.0,0.056833468527377896,0.01669108734272341,0.059233736515054286,0.05681502266400007,1.236189200077206
291.0,0.27471513326526725,4.000000000000001,0.056719877597223196,0.016667132521997186,0.05911799913012786,0.05670675934631822,1.2363229000475258
292.0,0.2746802179799608,4.0,0.05660675485787469,0.016643188943621677,0.05900271547778636,0.05659895939398793,1.2364564000163227
293.0,0.2746454386687854,4.000000000000001,0.056494097763701706,0.016619257352869468,0.05888788327912281,0.05649162075431019,1.2365892000962049
294.0,0.27461079453568094,4.000000000000001,0.05638190378281092,0.016595338479106117,0.05877350026508756,0.05638474138879773,1.2367219000589103
295.0,0.274576284790354,4.0,0.05627017039699353,0.016571433036072423,0.05865956417648975,0.05627831927305382,1.236869800137356
296.0,0.2745419086482332,4.000000000000001,0.05615889510167299,0.016547541722161063,0.058546072763998196,0.05617235239665386,1.2370057001244277
297.0,0.27450766533042525,3.999999999999999,0.05604807540585267,0.01652366522068922,0.058433023788141934,0.056066838763024957,1.2371395002119243
298.0,0.2744735540636708,3.9999999999999996,0.05593770883206315,0.01649980420016631,0.058320415019309506,0.0559617763893302,1.2372733000665903
299.0,0.27443957408030195,4.0,0.05582779291631089,0.016475959314557077,0.05820824423774894,0.05585716330635132,1.2374067001510412
300.0,0.274405724618198,3.9999999999999996,0.055718325208025804,0.016452131203540426,0.05809650923356611,0.05575299755837357,1.2375436001457274
301.0,0.27437200492074343,3.999999999999999,0.05560930327000932,0.016428320492764433,0.057985207806723026,0.05564927720307131,1.2376769001130015
302.0,0.27433841423678473,3.9999999999999987,0.055500724678382816,0.016404527794095514,0.057874337767035426,0.05554600031139481,1.2378102000802755
303.0,0.27430495182058845,4.0,0.05539258702253596,0.016380753705865118,0.05776389693417016,0.05544316496745852,1.2379431000445038
304.0,0.2742716169317994,4.0,0.055284887905075075,0.016356998813111163,0.057653883137641616,0.05534076926842857,1.2380767001304775
305.0,0.27423840883539896,4.0,0.055177624941771634,0.016333263687815663,0.057544294216807776,0.05523881132441427,1.2382090000901371
306.0,0.27420532680166343,4.0,0.0550707957615109,0.016309548889138797,0.0574351280208659,0.055137289258357564,1.238342500058934
307.0,0.27417237010612316,4.0,0.05496439800624063,0.016285854963648042,0.0573263824088474,0.05503620120592584,1.2384761001449078
308.0,0.2741395380295223,3.999999999999999,0.054858429330919736,0.016262182445544254,0.05721805524961227,0.05493554531540379,1.2386092999950051
309.0,0.2741068298577773,4.0,0.0547528874034671,0.01623853185688393,0.05711014442184313,0.05483531974758796,1.238744400208816
310.0,0.2740742448819379,4.000000000000001,0.05464776990471069,0.016214903707797008,0.057002647814038715,0.05473552267568113,1.2388904001563787
311.0,0.27404178239814664,3.9999999999999987,0.05454307452833615,0.016191298496701475,0.05689556332450641,0.054636152285188117,1.2390264000277966
312.0,0.274009441707599,3.999999999999999,0.05443879898083578,0.016167716710515014,0.05678888886135485,0.05453720677381235,1.2391602001152933
313.0,0.2739772221165047,4.0,0.05433494098145784,0.016144158824861473,0.0566826223424857,0.054438684351353406,1.2392935000825673
314.0,0.2739451229360489,4.000000000000001,0.05423149826215553,0.016120625304274654,0.056576761695584864,0.054340583239605916,1.239427100168541
315.0,0.27391314348235246,3.999999999999999,0.054128468567535996,0.01609711660239957,0.056471304858113386,0.054242901672258204,1.2395605000201613
316.0,0.2738812830764342,4.0,0.054025849654809326,0.01607363316218903,0.05636624977729744,0.054145637894793236,1.2396935999859124
317.0,0.27384954104417303,4.0,0.05392363929373818,0.016050175416096758,0.05626159441011836,0.05404879016438993,1.2398272000718862
318.0,0.2738179167162693,3.999999999999999,0.05382183526658667,0.016026743786268557,0.056157336723301705,0.05395235674982529,1.2399598001502454
319.0,0.27378640942820776,3.999999999999999,0.053720435368069655,0.016003338684729067,0.05605347469330599,0.0538563359313764,1.2400935001205653
320.0,0.2737550185202199,3.9999999999999996,0.053619437405302006,0.01597996051356593,0.05595000630631087,0.05376072600072587,1.240227300208062
321.0,0.2737237433372473,4.0,0.05351883919774803,0.015956609665110155,0.05584692955820488,0.053665525260865876,1.2403615000657737
322.0,0.27369258322890455,4.0,0.05341863857717077,0.015933286522114513,0.05574424245457276,0.05357073202600357,1.2404945001471788
323.0,0.2736615375494428,4.0,0.05331883338758104,0.015909991457928187,0.05564194301068191,0.05347634462146805,1.2406278001144528
324.0,0.27363060565771347,3.9999999999999996,0.053219421485187254,0.015886724836668066,0.055540029251468864,0.053382361383617016,1.240761100081727
325.0,0.27359978691713244,4.0,0.05312040073834433,0.015863487013388362,0.05543849921152478,0.053288780659745905,1.2409049000125378
326.0,0.2735690806956444,4.0,0.05302176902750354,0.01584027833424603,0.05533735093508107,0.053195600807995985,1.2410395999904722
327.0,0.273538486365687,4.000000000000001,0.052923524245161536,0.015817099136664264,0.05523658247599381,0.053102820197264644,1.2411744000855833
328.0,0.27350800330415637,4.000000000000001,0.05282566429581004,0.01579394974949276,0.055136191897728316,0.053010437207116096,1.241308500058949
329.0,0.2734776308923714,4.000000000000001,0.05272818709588503,0.015770830493165282,0.05503617727334274,0.05291845022769223,1.2414421001449227
330.0,0.27344736851603996,4.0,0.052631090573716524,0.015747741679855192,0.05493653668547191,0.05282685765962569,1.2415763000026345
331.0,0.27341721556522364,3.9999999999999996,0.05253437266947762,0.01572468361362723,0.05483726822630969,0.05273565791395207,1.2417101000901312
332.0,0.27338717143430424,4.000000000000001,0.05243803133513427,0.015701656590587563,0.054738369997591865,0.0526448494120243,1.2418448000680655
333.0,0.2733572355219499,4.000000000000002,0.05234206453439474,0.015678660899030788,0.05463984011057811,0.05255443058542705,1.2419784001540393
334.0,0.2733274072310812,3.999999999999999,0.052246470242659146,0.015655696819584636,0.054541676686033595,0.05246439987589199,1.2421121001243591
335.0,0.27329768596883763,4.000000000000001,0.052151246446968356,0.015632764625352832,0.05444387785420976,0.052374755735213774,1.2422452000901103
336.0,0.27326807114654517,4.000000000000001,0.05205639114595465,0.015609864582053877,0.05434644175482591,0.052285496625167543,1.2423780001699924
337.0,0.2732385621796827,4.000000000000001,0.05196190234979015,0.015586996948159303,0.054249366537048656,0.05219662101742553,1.2425112000200897
338.0,0.2732091584878499,4.000000000000001,0.05186777808013696,0.015564161975028202,0.054152650359472254,0.05210812739347628,1.242645600112155
339.0,0.27317985949473456,4.000000000000001,0.051774016370096515,0.015541359907040291,0.05405629139009798,0.0520200142445435,1.242779000196606
340.0,0.27315066462808074,4.000000000000001,0.05168061526415917,0.01551859098172625,0.05396028780631324,0.051932280071505826,1.242922600125894
341.0,0.27312157331965653,4.000000000000001,0.0515875728181538,0.01549585542989613,0.05386463779487023,0.05184492338481683,1.2430583001114428
342.0,0.2730925850052228,4.0,0.05149488709919735,0.015473153475765306,0.05376933955186421,0.05175794270442699,1.2431916000787169
343.0,0.2730636991245017,4.0,0.05140255618564442,0.015450485337078193,0.05367439128271134,0.051671336559705766,1.243324900045991
344.0,0.2730349151211452,3.999999999999999,0.051310578167036935,0.015427851225230526,0.05357979120212634,0.051585103489363376,1.2434594000224024
345.0,0.27300623244270467,4.0,0.0512189511440537,0.015405251345388424,0.05348553753409936,0.051499242041374654,1.2435924999881536
346.0,0.2729776505405999,4.0,0.051127673228460055,0.01538268589660658,0.053391628511873006,0.051413750772903305,1.2437969001475722
347.0,0.2729491688700889,3.999999999999999,0.05103674254305773,0.015360155071943575,0.0532980623779187,0.05132862825022619,1.24395880009979
348.0,0.27292078689023724,3.9999999999999996,0.05094615722163402,0.01533765905857554,0.05320483738391235,0.05124387304865885,1.2441394000779837
349.0,0.2728925040638886,3.9999999999999987,0.05085591540891221,0.015315198037907877,0.05311195179071065,0.05115948375248158,1.244312700117007
350.0,0.2728643198576346,4.0,0.05076601526050051,0.015292772185685002,0.05301940386832571,0.05107545895486615,1.2444732000585645
351.0,0.2728362337417857,4.0,0.05067645494284247,0.015270381672098206,0.052927191895900685,0.05099179725780295,1.2446122001856565
352.0,0.2728082451903418,4.000000000000001,0.050587232633166355,0.015248026661891628,0.05283531416168403,0.05090849727202951,1.244748700177297
353.0,0.27278035368096276,4.0,0.050498346519435064,0.015225707314466685,0.052743768963004,0.05082555761695859,1.2449156001675874
354.0,0.2727525586949401,4.000000000000001,0.05040979480029578,0.015203423783983991,0.0526525546062424,0.0507429769206075,1.2450572000816464
355.0,0.2727248597171683,3.9999999999999996,0.05032157568503016,0.015181176219464344,0.05256166940680869,0.050660753819528836,1.2451943000778556
356.0,0.2726972562361162,3.9999999999999987,0.05023368739350376,0.015158964764887541,0.052471111689112906,0.05057888695874002,1.2453300000634044
357.0,0.2726697477437987,4.0,0.050146128156116285,0.015136789559289474,0.052380879786539034,0.0504973749916546,1.2454651000443846
358.0,0.27264233373574975,3.999999999999999,0.05005889621375153,0.015114650736857594,0.05229097204141779,0.0504162165800148,1.245599600020796
359.0,0.2726150137109933,4.0,0.04997198981772682,0.015092548427025157,0.0522013868049987,0.050335410393822944,1.24573460011743
360.0,0.27258778717201665,4.0,0.049885407229743925,0.015070482754562575,0.0521121224374229,0.050254955111275174,1.2458692002110183
361.0,0.2725606536247433,3.999999999999999,0.04979914672183824,0.015048453839669022,0.05202317730769451,0.05017484941869482,1.246005600085482
362.0,0.27253361257850495,4.000000000000001,0.04971320657632918,0.015026461798060824,0.0519345497936524,0.05009509201046608,1.246140800183639
363.0,0.27250666354601577,3.999999999999999,0.049627585085770705,0.015004506741058948,0.05184623828194187,0.049993376957321034,1.2462762000504881
364.0,0.2724798060433446,4.0,0.04954228055290055,0.014982588775675723,0.05175824116798514,0.049873809245983364,1.2464110001455992
365.0,0.27245303958988965,3.9999999999999996,0.049457291290591454,0.014960708004698287,0.05167055685595286,0.049754599174614694,1.246545200003311
366.0,0.27242636370835127,4.0,0.049372615621800654,0.014938864526772488,0.05158318375873416,0.04963574553892483,1.246684200130403
367.0,0.2723997779247069,3.9999999999999996,0.04928825187952077,0.014917058436483697,0.05149612029790741,0.04951724714060099,1.2468428001739085
368.0,0.272373281768184,4.0,0.04920419840672948,0.014895289824437724,0.05140936490370989,0.04939910278725773,1.2469810000620782
369.0,0.27234687477123565,4.0,0.04912045355634057,0.014873558777339032,0.051322916015008054,0.04928131129238983,1.2471168001648039
370.0,0.27232055646951453,4.0,0.04903701569115408,0.014851865378068128,0.05123677207926696,0.049163871475323,1.247252100147307
371.0,0.27229432640184775,4.0,0.04895388318380678,0.0148302097057581,0.05115093155251977,0.049046782161166175,1.24738740012981
372.0,0.2722681841102119,4.000000000000001,0.04887105441672294,0.014808591835868485,0.05106539289933688,0.048930042180765104,1.2475210002157837
373.0,0.27224212913970824,4.0,0.0487885277820648,0.014787011840259448,0.05098015459279505,0.04881365037065499,1.2476548000704497
374.0,0.272216161038538,4.0,0.048706301681683155,0.014765469787263535,0.05089521511444591,0.04869760557301489,1.247789400164038
375.0,0.2721902793579782,4.0,0.048624374527068526,0.014743965741756362,0.050810572954284976,0.0485819066356217,1.247922900132835
376.0,0.2721644836523569,4.0,0.04854274473930151,0.014722499765226512,0.05072622661071962,0.04846655241180492,1.2480578001122922
377.0,0.2721387734790299,4.0,0.04846141074900393,0.014701071915843923,0.05064217459053757,0.04835154176040268,1.248191200196743
378.0,0.27211314839835643,4.0,0.04838037099628986,0.014679682248526511,0.05055841540887481,0.0482368735457164,1.248327200068161
379.0,0.2720876079736755,3.999999999999999,0.04829962393071633,0.014658330815007059,0.050474947589183396,0.048122546637467956,1.2484618001617491
380.0,0.2720621517712823,4.0,0.04821916801123468,0.014637017663897392,0.05039176966319919,0.048008559910755644,1.248595700133592
381.0,0.2720367793604057,3.9999999999999987,0.04813900170614196,0.014615742840751915,0.05030888017090948,0.04789491224601233,1.2487302999943495
382.0,0.27201149031318417,4.0,0.04805912349303154,0.014594506388131034,0.050226277660520034,0.047781602528962075,1.2488767001777887
383.0,0.2719862842046435,3.999999999999999,0.047979531858745234,0.014573308345661578,0.05014396068842267,0.04766862965057875,1.2490146001800895
384.0,0.27196116061267384,4.0,0.047900225299323876,0.014552148750098087,0.05006192781916183,0.0475559925070444,1.2491502000484616
385.0,0.2719361191180075,3.999999999999999,0.04782120231995975,0.014531027635381272,0.04998017762540204,0.04744368999970819,1.2492852001450956
386.0,0.27191115930419585,4.0,0.04774246143494733,0.014509945032697081,0.04989870868789416,0.04733172103504574,1.2494207001291215
387.0,0.27188628075758814,3.999999999999999,0.04766400116763558,0.01448890097053319,0.04981751959544236,0.04722008452461923,1.2495560001116246
388.0,0.27186148306730873,3.999999999999999,0.047585820050379334,0.014467895474735717,0.0497366089448704,0.04710877938503674,1.249690500088036
389.0,0.27183676582523547,4.0,0.04750791662449127,0.014446928568564265,0.04965597534098804,0.046997804537914134,1.2498247001785785
390.0,0.2718121286259786,3.999999999999999,0.04743028944019418,0.014426000272745789,0.049575617396557525,0.046887158909835386,1.250387200154364
391.0,0.27178757106685825,4.0,0.04735293705657231,0.014405110605528751,0.049495533732259275,0.04677684143231389,1.250674600014463
392.0,0.2717630927478842,3.999999999999999,0.04727585804152429,0.014384259582734352,0.04941572297665837,0.04666685104175458,1.250835900194943
393.0,0.27173869327173394,3.9999999999999996,0.047199050971714826,0.01436344721780858,0.04933618376617011,0.04655718667941658,1.2509763999842107
394.0,0.2717143722437324,4.0,0.047122514432527345,0.014342673521872431,0.04925691474502609,0.046447847291374966,1.2511126000899822
395.0,0.2716901292718308,4.0,0.04704624701801629,0.014321938503771559,0.04917791456523976,0.04633883182848467,1.251248500077054
396.0,0.2716659639665859,4.0,0.046970247330859784,0.014301242170124805,0.04909918188657217,0.046230139246343394,1.2513857001904398
397.0,0.27164187594114003,4.0,0.04689451398231229,0.014280584525372193,0.04902071537649754,0.046121768505255456,1.2515219000633806
398.0,0.2716178648112004,4.0,0.04681904559215725,0.01425996557182157,0.04894251371016854,0.04601371857019626,1.2516576000489295
399.0,0.2715939301950192,4.000000000000001,0.04674384078866003,0.014239385309695013,0.04886457557038181,0.04590598841077634,1.2517922001425177
400.0,0.2715700717133738,4.000000000000001,0.04666889820852115,0.014218843737173682,0.048786899647543416,0.04579857700120707,1.2519313001539558
401.0,0.27154628898954636,4.000000000000002,0.046594216496828995,0.014198340850442819,0.048709484639633836,0.045691483320265125,1.2521356001961976
402.0,0.27152258164930515,4.000000000000001,0.04651979430701346,0.014177876643734794,0.048632329252173416,0.04558470635125872,1.2523929001763463
403.0,0.27149894932088425,4.000000000000001,0.046445630300798874,0.014157451109372164,0.04855543219818715,0.04547824508199316,1.2525582001544535
404.0,0.2714753916349648,4.0,0.04637172314815782,0.014137064237810219,0.04847879219817021,0.0453720985047375,1.25270100007765
405.0,0.2714519082246554,4.000000000000001,0.04629807152726446,0.014116716017677488,0.04840240798005248,0.04526626561619099,1.2528431001119316
406.0,0.2714284987254737,4.000000000000001,0.046224674124448493,0.014096406435816933,0.048326278279164005,0.045160745417450326,1.2529804001096636
407.0,0.27140516277532706,4.0,0.04615152963414882,0.014076135477325212,0.04825040183819955,0.04505553691397707,1.2531160002108663
408.0,0.271381900014494,4.000000000000002,0.046078636758867496,0.014055903125592495,0.048174777407183685,0.04495063911556518,1.2532505001872778
409.0,0.2713587100856062,4.0,0.04600599420912407,0.014035709362340146,0.048099403743435735,0.04484605103630887,1.2533853000495583
410.0,0.27133559263362905,4.000000000000001,0.0459336007034093,0.01401555416765891,0.04802427961153425,0.04474177169457161,1.2535193001385778
411.0,0.27131254730584453,4.000000000000002,0.045861454968140064,0.013995437520045662,0.04794940378328223,0.044637800112954096,1.2536543000023812
412.0,0.2712895737518328,4.0,0.045789555737613646,0.01397535939643969,0.04787477503767179,0.04453413531826392,1.2537886002101004
413.0,0.2712666716234537,4.000000000000001,0.045717901753962,0.013955319772258513,0.04780039216084855,0.0444307763414844,1.253923200070858
414.0,0.2712438405748298,4.000000000000002,0.04564649176710712,0.013935318621432918,0.04772625394607703,0.04432772221774414,1.2540572001598775
415.0,0.2712210802623286,4.0,0.045575324534715564,0.013915355916441004,0.047652359193704946,0.04422497198628775,1.2541912000160664
416.0,0.2711983903445445,3.9999999999999996,0.045504398822153375,0.01389543162834243,0.04757870671112796,0.04412252469044525,1.254325000103563
417.0,0.27117577048228214,4.0,0.04543371340244157,0.013875545726810963,0.04750529531275456,0.04402037937760295,1.2544583000708371
418.0,0.2711532203385388,4.0,0.04536326705621134,0.013855698180167198,0.047432123819970765,0.04391853509917462,1.2546031000092626
419.0,0.2711307395784877,3.999999999999999,0.04529305857165946,0.013835888955410724,0.047359191061104824,0.0438169909105722,1.2547406000085175
420.0,0.2711083278694607,3.999999999999999,0.04522308674450382,0.013816118018250953,0.047286495871391825,0.043715745871177325,1.2548770001158118
421.0,0.2710859848809317,4.0,0.04515335037793928,0.013796385333138157,0.047214037092938574,0.04361479904431301,1.2550135001074523
422.0,0.27106371028450044,3.999999999999999,0.04508384828259374,0.01377669086329346,0.047141813574688496,0.04351414949721635,1.2551478000823408
423.0,0.2710415037538749,3.999999999999999,0.04501457927648369,0.013757034570738623,0.04706982417238599,0.043413796301009694,1.2552830001804978
424.0,0.27101936496485657,3.999999999999999,0.044945542184970974,0.013737416416324852,0.04699806774854172,0.043313738530673995,1.2554174000397325
425.0,0.27099729359532243,3.9999999999999987,0.044876735840718704,0.013717836359761426,0.046926543172397,0.04321397526502169,1.2555527000222355
426.0,0.27097528932521037,4.0,0.0448081590836479,0.01369829435964375,0.04685524931988886,0.04311450558666924,1.2556874000001699
427.0,0.27095335183650254,3.999999999999999,0.0447398107608944,0.013678790373480427,0.04678418507361503,0.043015328582011264,1.2558216000907123
428.0,0.2709314808132094,4.0,0.04467168972676505,0.01365932435772075,0.04671334932279839,0.04291644334119357,1.2559561000671238
429.0,0.2709096759413545,4.0,0.04460379484269535,0.013639896267780617,0.046642740963252494,0.042817848958087656,1.2560903001576662
430.0,0.2708879369089587,4.0,0.0445361249772061,0.013620506058068804,0.046572358897346074,0.042719544530264414,1.256224300013855
431.0,0.27086626340602465,3.9999999999999996,0.044468679005860975,0.013601153682011997,0.046502202033968335,0.042621529158968885,1.2563581999856979
432.0,0.2708446551245216,4.0,0.044401455811223636,0.01358183909208026,0.046432269288493803,0.04252380194909494,1.2564924000762403
433.0,0.2708231117583702,4.0,0.0443344542828156,0.013562562239811293,0.046362559582747605,0.04242636200915992,1.2566370000131428
434.0,0.27080163300342774,4.0,0.04426767331707404,0.013543323075834115,0.046293071844970606,0.04232920845128044,1.2567732001189142
435.0,0.27078021855747264,4.0,0.04420111181730937,0.013524121549893053,0.04622380500978438,0.04223234039114715,1.2569081000983715
436.0,0.27075886812019023,3.999999999999999,0.04413476869366369,0.013504957610870854,0.04615475801815686,0.04213575694800106,1.2570430000778288
437.0,0.2707375813931575,4.0,0.04406864286306857,0.013485831206811315,0.04608592981736715,0.042039457244608974,1.257177400169894
438.0,0.2707163580798295,4.0,0.04400273324920425,0.013466742284940988,0.046017319360971504,0.041943440407240185,1.257310900138691
439.0,0.27069519788552393,3.9999999999999987,0.04393703878245742,0.013447690791691853,0.04594892560876828,0.04184770556564246,1.2574440999887884
440.0,0.270674100517407,4.0,0.04387155839988015,0.013428676672722338,0.045880747526763466,0.04175225185301856,1.257577900076285
441.0,0.27065306568448005,4.0,0.04380629104514921,0.013409699872938066,0.045812784087136585,0.0416570784060038,1.2577113001607358
442.0,0.2706320930975644,3.9999999999999996,0.043741235668524774,0.013390760336512606,0.04574503426820602,0.04156218436464271,1.25784460012801
443.0,0.2706111824692882,4.0,0.04367639122680966,0.013371858006907987,0.04567749705439479,0.04146756887236602,1.2579784002155066
444.0,0.2705903335140722,4.0,0.04361175668330889,0.013352992826894065,0.04561017143619636,0.041373231075969075,1.2581119001843035
445.0,0.27056954594811616,3.999999999999999,0.043547331007789375,0.01333416473856777,0.04554305641014048,0.04127917012558863,1.2582458001561463
446.0,0.2705488194893851,4.0,0.0434831131764393,0.01331537368337305,0.0454761509787591,0.04118538517468184,1.2583789001218975
447.0,0.27052815385759615,3.9999999999999996,0.0434191021718285,0.013296619602118514,0.04540945415055244,0.04109187538000364,1.2585130000952631
448.0,0.2705075487742047,4.0,0.043355296982868136,0.013277902434996297,0.04534296493995486,0.04099863990158559,1.2586579001508653
449.0,0.2704870039623918,3.9999999999999996,0.043291696604771474,0.013259222121599742,0.0452766823673014,0.04090567790271435,1.25879400013946
450.0,0.2704665191470501,4.0,0.04322830003901381,0.013240578600941355,0.045210605458793705,0.040812988549910695,1.2589297001250088
451.0,0.2704460940547717,4.0,0.043165106293293516,0.01322197181146952,0.04514473324646655,0.040720571012908435,1.2590640999842435
452.0,0.27042572841383483,3.999999999999999,0.043102114381492626,0.013203401691085897,0.04507906476815422,0.04062842446463352,1.2591974001843482
453.0,0.27040542195419054,4.0,0.04303932332363774,0.013184868177161775,0.045013599067456944,0.04053654808118384,1.2593307001516223
454.0,0.2703851744074511,4.0,0.04297673214586153,0.013166371206554287,0.04494833519370778,0.04044494104180868,1.2594643000047654
455.0,0.27036498550687643,3.999999999999999,0.04291433988036371,0.013147910715622355,0.04488327220193902,0.040353602528888366,1.259598000207916
456.0,0.2703448549873618,4.0,0.042852145565372514,0.013129486640242646,0.04481840915284907,0.04026253172791455,1.2597323001828045
457.0,0.2703247825854259,4.000000000000001,0.04279014824510688,0.013111098915824173,0.044753745112769604,0.04017172782747083,1.2598681000526994
458.0,0.2703047680391981,3.999999999999999,0.04272834696973786,0.013092747477323833,0.04468927915363232,0.04008119001921212,1.2600011001341045
459.0,0.2702848110884061,3.999999999999999,0.04266674079535062,0.013074432259261085,0.044625010352935986,0.03999091749784631,1.2601344001013786
460.0,0.2702649114743642,4.0,0.04260532878390693,0.013056153195732181,0.04456093779371385,0.03990090946111466,1.2602674001827836
461.0,0.2702450689399614,3.9999999999999996,0.042544110003207555,0.013037910220424085,0.04449706056450093,0.0398111651097727,1.2604640000499785
462.0,0.2702252832296491,4.0,0.04248308352685458,0.013019703266628995,0.04443337775930131,0.03972168364757117,1.2606334001757205
463.0,0.27020555408942976,3.9999999999999996,0.04242224843421449,0.013001532267257011,0.044369888477555804,0.039632464281238344,1.2607725001871586
464.0,0.2701858812668445,4.000000000000001,0.04236160381038074,0.012983397154850146,0.04430659182410937,0.03954350622046027,1.2609085000585765
465.0,0.2701662645109626,4.0,0.0423011487461374,0.012965297861594753,0.044243486909179244,0.03945480867786358,1.2610433001536876
466.0,0.27014670357236886,4.0,0.04224088233792173,0.012947234319334875,0.04418057284832227,0.03936637086899633,1.2611793000251055
467.0,0.2701271982031531,3.999999999999999,0.04218080368778848,0.01292920645958409,0.044117848762403426,0.039278192012311225,1.2613139001186937
468.0,0.2701077481568981,4.000000000000001,0.04212091190337279,0.012911214213538224,0.044055313777563346,0.03919027132914646,1.2614477002061903
469.0,0.2700883531886692,3.9999999999999996,0.042061206097854735,0.012893257512087097,0.04399296702518714,0.03910260804370966,1.261582100065425
470.0,0.27006901305500247,3.999999999999999,0.04200168538992277,0.01287533628582631,0.04393080764187209,0.03901520138305922,1.2617157001513988
471.0,0.2700497275138939,4.000000000000001,0.041942348903738214,0.01285745046506881,0.043868834769396466,0.03892805057708737,1.2618484001141042
472.0,0.27003049632478904,3.9999999999999996,0.04188319576889978,0.012839599979855851,0.04380704755468803,0.03884115485850345,1.2619809000752866
473.0,0.27001131924857097,4.0,0.04182422512040777,0.012821784759968523,0.04374544514979256,0.03875451346281625,1.2621139001566917
474.0,0.2699921960475508,4.000000000000001,0.041765436098629045,0.012804004734937932,0.04368402671184261,0.0386681256283177,1.262247100006789
475.0,0.2699731264854563,4.000000000000001,0.04170682784926211,0.01278625983405636,0.043622791403026794,0.03858199059606643,1.2623805000912398
476.0,0.2699541103274215,4.0,0.04164839952330195,0.012768549986387046,0.043561738390558324,0.03849610760987068,1.2625139001756907
477.0,0.26993514733997614,4.0,0.041590150277005467,0.01275087512077488,0.04350086684664449,0.038410475916272335,1.2626587999984622
478.0,0.2699162372910353,4.000000000000001,0.04153207927185693,0.01273323516585585,0.043440175948455784,0.03832509476453075,1.2627974001225084
479.0,0.2698973799498895,4.0,0.04147418567453381,0.012715630050066873,0.04337966487809546,0.03823996340660657,1.262931700097397
480.0,0.2698785750871936,4.0,0.04141646865687219,0.012698059701655568,0.043319332822568786,0.038155081097146076,1.2630657001864165
481.0,0.2698598224749577,4.000000000000002,0.04135892739583331,0.012680524048689154,0.04325917897375301,0.03807044709346524,1.2631995000410825
482.0,0.2698411218865364,4.0,0.04130156107346963,0.01266302301906367,0.04319920252836709,0.037986060655534476,1.2633334000129253
483.0,0.2698224730966189,3.9999999999999996,0.04124436887689087,0.012645556540513109,0.04313940268794131,0.0379019210459626,1.263467299984768
484.0,0.26980387588121935,3.999999999999999,0.04118734999823096,0.012628124540617888,0.0430797786587876,0.03781802752998195,1.2636012001894414
485.0,0.26978533001766697,4.0,0.04113050363461483,0.012610726946813484,0.043020329651969794,0.03773437937543364,1.2637348000425845
486.0,0.26976683528459644,4.0,0.0410738289881251,0.012593363686398554,0.04296105488327362,0.037650975852751456,1.2638682001270354
487.0,0.2697483914619379,3.9999999999999996,0.04101732526576943,0.01257603468654351,0.04290195357317744,0.03756781623494815,1.2640016002114862
488.0,0.26972999833090794,3.9999999999999996,0.040960991679447535,0.01255873987429813,0.04284302494682251,0.03748489979759992,1.2641339001711458
489.0,0.26971165567399946,4.0,0.04090482744591899,0.01254147917659966,0.04278426823398397,0.03740222581883207,1.2642682001460344
490.0,0.26969336327497306,3.999999999999999,0.04084883178677071,0.01252425252028001,0.042725682669041455,0.03731979357930448,1.2644017999991775
491.0,0.269675120918847,4.0,0.0407930039283848,0.012507059832073892,0.04266726749095018,0.03723760236219753,1.2645346000790596
492.0,0.2696569283918884,4.0,0.040737343101906666,0.012489901038625503,0.04260902194321199,0.03715565145319741,1.264679400017485
493.0,0.26963878548160414,4.0,0.04068184854321327,0.012472776066495954,0.042550945273846716,0.037073940140482486,1.2648155000060797
494.0,0.2696206919767313,4.0,0.040626519492881305,0.012455684842170243,0.04249303673536329,0.03699246771470932,1.2649502002168447
495.0,0.2696026476672285,3.9999999999999996,0.040571355196155866,0.012438627292064006,0.042435295584731386,0.03691123346899844,1.2650839001871645
496.0,0.26958465234426726,3.9999999999999996,0.04051635490291929,0.012421603342530382,0.04237772108335315,0.036830236698920826,1.2652183000463992
497.0,0.26956670580022235,3.9999999999999996,0.04046151786766001,0.012404612919866347,0.042320312497034863,0.036749476702484934,1.265352200018242
498.0,0.26954880782866375,3.9999999999999996,0.040406843349441536,0.012387655950319158,0.04226306909595877,0.03666895278012239,1.2654862999916077
499.0,0.2695309582243475,3.9999999999999996,0.04035233061187209,0.012370732360092392,0.04220599015465538,0.03658866423467477,1.26562050008215
500.0,0.2695131567832075,3.999999999999999,0.0402979789230737,0.012353842075352485,0.04214907495197542,0.03650861037138123,1.265755700180307
501.0,0.2694954033023462,3.999999999999999,0.040243787555652,0.012336985022234306,0.042092322771062236,0.036428790497864294,1.2658901000395417
502.0,0.26947769758002704,3.999999999999999,0.040189755786666045,0.01232016112684716,0.04203573289932427,0.03634920392411775,1.26602300000377
503.0,0.2694600394156652,4.0,0.040135882897598237,0.012303370315280395,0.04197930462840757,0.036269849962493106,1.266155700199306
504.0,0.26944242860982,3.9999999999999996,0.04008216817432487,0.01228661251360876,0.04192303725416884,0.036190727927687544,1.266289300052449
505.0,0.2694248649641857,3.9999999999999996,0.040028610907085725,0.012269887647898362,0.04186693007664774,0.03611183713673072,1.2664216000121087
506.0,0.26940734828158425,3.999999999999999,0.039975210390455373,0.012253195644211375,0.04181098240004044,0.03603317690897251,1.2665541002061218
507.0,0.26938987836595657,3.999999999999999,0.03992196592331344,0.012236536428611562,0.04175519353267253,0.03595474656607053,1.266699500149116
508.0,0.2693724550223545,3.9999999999999996,0.03986887680881561,0.012219909927169266,0.0416995627869723,0.03587654543197788,1.2668367000296712
509.0,0.26935507805693304,4.0,0.03981594235436472,0.012203316065966231,0.041644089479444306,0.03579857283293092,1.2669713001232594
510.0,0.26933774727694243,3.9999999999999996,0.039763161871581944,0.012186754771100374,0.04158877293064278,0.035720828097437624,1.2671058000996709
511.0,0.26932046249071967,3.9999999999999996,0.039710534676278074,0.012170225968690737,0.04153361246514536,0.03564331055626421,1.2672393000684679
512.0,0.26930322350768143,3.9999999999999996,0.03965806008842542,0.012153729584881942,0.04147860741152716,0.03556601954242539,1.267372600035742
513.0,0.2692860301383161,4.0,0.03960573743212916,0.012137265545848524,0.04142375710233439,0.03548895439117067,1.267505700001493
514.0,0.26926888219417583,3.999999999999999,0.039553566035599695,0.01212083377779948,0.041369060874058894,0.035412114439973746,1.267638900084421
515.0,0.2692517794878692,4.0,0.039501545231124195,0.012104434206982423,0.041314518067111915,0.03533549902852082,1.2677715001627803
516.0,0.2692347218330536,4.0,0.03944967435503956,0.012088066759687743,0.04126012802579911,0.035259107498698955,1.267905400134623
517.0,0.2692177090444278,4.0,0.03939795274770428,0.012071731362252727,0.04120589009829463,0.03518293919458476,1.2680383000988513
518.0,0.2692007409377243,3.999999999999999,0.0393463797534713,0.012055427941065346,0.04115180363661592,0.03510699346243293,1.2681715001817793
519.0,0.26918381732970204,3.999999999999999,0.039294954720660656,0.012039156422568401,0.04109786799659857,0.03503126965066558,1.2683046001475304
520.0,0.26916693803813924,4.000000000000001,0.039243677001532695,0.012022916733262974,0.04104408253787141,0.03495576710986073,1.2684379999991506
521.0,0.26915010288182617,4.0,0.039192545952260995,0.012006708799712098,0.04099044662383143,0.03488048519274148,1.2685806001536548
522.0,0.26913331168055793,3.999999999999999,0.039141560932905696,0.01199053254854456,0.04093695962161914,0.034805423254165524,1.2689072000794113
523.0,0.26911656425512676,4.0,0.03909072130738672,0.011974387906458401,0.04088362090209373,0.03473058065111337,1.2690748001914471
524.0,0.26909986042731593,3.999999999999999,0.039040026443458005,0.011958274800223738,0.04083042983980901,0.034655956742678795,1.2692217000294477
525.0,0.2690832000198921,4.000000000000001,0.03898947571268055,0.011942193156686823,0.0407773858129886,0.03458155089005724,1.2693625001702458
526.0,0.26906658285659857,4.000000000000001,0.038939068490397084,0.011926142902772567,0.04072448820350217,0.03450736245653627,1.269503900082782
527.0,0.26905000876214846,3.9999999999999996,0.03888880415570569,0.01191012396548824,0.04067173639684111,0.03443339080748453,1.2696436000987887
528.0,0.2690334775622173,4.0,0.03883868209143415,0.011894136271926127,0.040619129782094504,0.034359635310341224,1.269782799994573
529.0,0.26901698908343735,3.999999999999999,0.03878870168411469,0.011878179749266738,0.040566667751925745,0.03428609533460647,1.2699228001292795
530.0,0.2690005431533896,4.0,0.038738862323958234,0.01186225432478149,0.040514349702548455,0.03421277025183078,1.2700621001422405
531.0,0.2689841396005983,4.0,0.03868916340482951,0.011846359925835586,0.04046217503370329,0.03413965943560532,1.2702011000365019
532.0,0.26896777825452345,4.0,0.038639604324221914,0.01183049647989068,0.04041014314863453,0.034066762261551364,1.2703393001575023
533.0,0.2689514589455546,4.0,0.038590184483232336,0.01181466391450777,0.04035825345406659,0.03399407810731089,1.2704780001658946
534.0,0.26893518150500434,4.0,0.03854090328653683,0.011798862157349488,0.040306505360181245,0.03392160635253638,1.2706319000571966
535.0,0.26891894576510184,4.000000000000001,0.038491760142365716,0.011783091136182887,0.04025489828059445,0.03384934637888137,1.2707714000716805
536.0,0.2689027515589865,3.9999999999999996,0.038442754462479564,0.011767350778881311,0.04020343163233371,0.03377729756999073,1.2709108002018183
537.0,0.2688865987207012,4.0,0.038393885662144356,0.011751641013427749,0.04015210483581516,0.03370545931149119,1.271049200091511
538.0,0.26887048708518685,3.999999999999999,0.03834515316010807,0.011735961767916013,0.04010091731482127,0.0336338309909813,1.2711868002079427
539.0,0.2688544164882751,4.0,0.03829655637857622,0.01172031297055392,0.04004986849647826,0.03356241199802287,1.2713247002102435
540.0,0.26883838676668315,3.9999999999999996,0.03824809474318835,0.011704694549664755,0.03999895781123383,0.03349120172413084,1.271462800214067
541.0,0.2688223977580068,4.0,0.03819976768299432,0.0116891064336899,0.03994818469283515,0.033420199562764485,1.2716001002117991
542.0,0.26880644930071484,4.0,0.038151574630430896,0.011673548551190415,0.03989754857830664,0.03334940490931809,1.2717372002080083
543.0,0.26879054123414287,3.999999999999999,0.03810351502129849,0.01165802083084945,0.039847048907928416,0.033278817161111834,1.2718739002011716
544.0,0.2687746733984872,4.0,0.0380555882947378,0.01164252320147394,0.03979668512521418,0.03320843571738272,1.2720117000862956
545.0,0.26875884563479924,3.999999999999999,0.03800779389320709,0.011627055591996352,0.03974645667688988,0.03313825997927572,1.272148400079459
546.0,0.268743057784979,4.0,0.03796013126245908,0.011611617931476869,0.039696363012872084,0.03306828934983472,1.2722864001989365
547.0,0.26872730969176994,3.9999999999999996,0.03791259985151861,0.011596210149104667,0.03964640358624685,0.03299852323399388,1.2724246000871062
548.0,0.2687116011987528,4.0,0.037865199112659724,0.011580832174199952,0.03959657785324827,0.03292896103856871,1.2726541000884026
549.0,0.2686959321503398,3.999999999999999,0.037817928501383484,0.011565483936215499,0.03954688527323754,0.03285960217224729,1.2727921002078801
550.0,0.2686803023917691,4.0,0.03777078747639563,0.011550165364738317,0.03949732530868193,0.03279044604558218,1.2729275000747293
551.0,0.268664711769099,4.0,0.03772377549958481,0.011534876389490929,0.039447897425134215,0.032721492070981434,1.273061400046572
552.0,0.2686491601292024,4.000000000000001,0.03767689203600015,0.011519616940333072,0.039398601091211606,0.03265273966270035,1.273196600144729
553.0,0.26863364731976164,3.9999999999999996,0.03763013655383001,0.011504386947263176,0.03934943577857569,0.032584188236832595,1.2733307001180947
554.0,0.26861817318926184,4.0,0.03758350852437968,0.011489186340419661,0.03930040096191139,0.03251583721130252,1.2734632000792772
555.0,0.2686027375869867,3.999999999999999,0.0375370074220507,0.011474015050082057,0.039251496118907346,0.032447686005856624,1.273596400162205
556.0,0.2685873403630124,4.000000000000001,0.03749063272431874,0.011458873006672856,0.03920272073023523,0.03237973404205516,1.2737283001188189
557.0,0.26857198136820243,3.9999999999999996,0.03744438391171307,0.011443760140758173,0.03915407427953012,0.03231198074326433,1.2738605001941323
558.0,0.2685566604542018,4.000000000000001,0.03739826046779493,0.011428676383049239,0.03910555625337019,0.03224442553464779,1.2739938001614064
559.0,0.2685413774734326,3.999999999999999,0.03735226187913716,0.011413621664403533,0.03905716614125741,0.03217706784315935,1.2741268000099808
560.0,0.2685261322790877,4.0,0.03730638763530285,0.01139859591582595,0.03900890343559738,0.03210990709753403,1.2742595002055168
561.0,0.26851092472512667,4.000000000000001,0.03726063722882535,0.011383599068469672,0.03896076763168032,0.032042942728280954,1.2743925000540912
562.0,0.2684957546662695,4.0,0.03721501015518742,0.011368631053637354,0.0389127582276614,0.03197617416767545,1.2745356000959873
563.0,0.26848062195799227,3.9999999999999996,0.03716950591280078,0.011353691802782201,0.03886487472454138,0.03190960084975078,1.2746741001028568
564.0,0.2684655264565215,4.0,0.03712412400298625,0.011338781247508742,0.038817116626147743,0.03184322221029107,1.2748091001994908
565.0,0.26845046801882977,4.0,0.037078863929953576,0.01132389931957371,0.03876948343911554,0.031777037686823134,1.2749424001667649
566.0,0.26843544650262985,4.000000000000002,0.03703372520078135,0.011309045950887256,0.03872197467286847,0.03171104671860914,1.275076000019908
567.0,0.2684204617663706,4.0,0.036988707325397566,0.011294221073513326,0.03867458983960027,0.03164524874663943,1.2752108999993652
568.0,0.2684055136692314,4.0,0.036943809816559564,0.011279424619670856,0.0386273284542558,0.03157964321362433,1.275344500085339
569.0,0.2683906020711173,4.0,0.03689903218983487,0.011264656521734364,0.038580190034512823,0.03151422956398692,1.2754782000556588
570.0,0.268375726832655,4.0,0.03685437396358168,0.0112499167122347,0.03853317410076342,0.031449007243856186,1.2756123000290245
571.0,0.26836088781518663,4.000000000000001,0.03680983465892961,0.011235205123859747,0.03848628017609574,0.03138397570105919,1.2757453001104295
572.0,0.26834608488076644,4.0,0.0367654137997609,0.01122052168945494,0.03843950778627606,0.031319134385114494,1.2758790000807494
573.0,0.2683313178921549,3.9999999999999996,0.036721110912690876,0.011205866342024438,0.03839285645973038,0.0312544827472237,1.2760116001591086
574.0,0.26831658671281466,3.999999999999999,0.03667692552704962,0.011191239014731054,0.03834632572752678,0.03119002024026571,1.2761444000061601
575.0,0.26830189120690556,4.000000000000001,0.036632857174863094,0.011176639640897268,0.03829991512335758,0.03112574631878881,1.2762782000936568
576.0,0.2682872312392806,4.0,0.036588905390834744,0.011162068154005455,0.038253624183521726,0.031061660439003935,1.276413100073114
577.0,0.2682726066754804,3.9999999999999996,0.036545069712326746,0.011147524487698856,0.0382074524469071,0.030997762058777745,1.2765771001577377
578.0,0.2682580173817294,3.999999999999999,0.03650134967934183,0.011133008575781653,0.03816139945497302,0.030934050637625304,1.2767152001615614
579.0,0.26824346322493103,4.0,0.03645774483450536,0.011118520352219568,0.038115464751733295,0.03087052563670356,1.2768509001471102
580.0,0.2682289440726635,4.000000000000002,0.03641425472304707,0.011104059751140276,0.038069647883738685,0.030807186518804708,1.2770601001102477
581.0,0.26821445979317515,4.0,0.0363708788927832,0.011089626706833852,0.038023948400059994,0.030744032748349026,1.2772710002027452
582.0,0.2682000102553799,4.0,0.036327616894098594,0.01107522115375315,0.037978365852270934,0.030681063791378194,1.2774101002141833
583.0,0.26818559532885294,4.000000000000001,0.03628446827992914,0.011060843026514264,0.037932899794431395,0.030618279115548735,1.2776618001516908
584.0,0.2681712148838271,3.9999999999999996,0.036241432605744535,0.011046492259896422,0.037887549783070885,0.030555678190125668,1.2778627001680434
585.0,0.26815686879118716,4.000000000000001,0.03619850942953006,0.011032168788843033,0.03784231537717135,0.030493260485974977,1.27801310014911
586.0,0.26814255692246725,4.000000000000001,0.03615569831177046,0.011017872548461089,0.03779719613815148,0.03043102547555851,1.2781520001590252
587.0,0.26812827914984505,4.0,0.036112998815431736,0.011003603474022197,0.037752191629849614,0.03036897263292654,1.2783076001796871
588.0,0.26811403534613865,4.0,0.03607041050594474,0.010989361500962257,0.037707301418507796,0.03030710143371107,1.2784470000769943
589.0,0.2680998253848017,3.9999999999999996,0.03602793295118786,0.010975146564882195,0.037662525072755464,0.030245411355120266,1.2785834001842886
590.0,0.26808564913991995,4.0,0.03598556572147064,0.010960958601547638,0.03761786216359356,0.03018390187593195,1.2787188000511378
591.0,0.2680715064862067,4.000000000000002,0.035943308389516794,0.010946797546889446,0.03757331226437846,0.030122572476486698,1.2788550001569092
592.0,0.26805739729899886,4.0,0.0359011605304479,0.010932663337003615,0.03752887495080626,0.030061422638682278,1.2789916000328958
593.0,0.2680433214542526,4.000000000000001,0.035859121721766626,0.01091855590815166,0.03748454980089675,0.03000045184596703,1.2791303000412881
594.0,0.2680292788285401,3.9999999999999996,0.035817191543340864,0.010904475196760475,0.03744033639497824,0.029939659583333805,1.279282100033015
595.0,0.2680152692990446,3.9999999999999996,0.035775369577387056,0.010890421139422733,0.037396234315671635,0.02987904533731406,1.2794200000353158
596.0,0.2680012927435574,4.0,0.03573365540845466,0.010876393672896589,0.03735224314787542,0.029818608595971657,1.2795558001380414
597.0,0.26798734904047317,4.0,0.03569204862340966,0.010862392734106077,0.03730836247874999,0.029758348848896304,1.2796905001159757
598.0,0.2679734380687866,4.000000000000001,0.03565054881141916,0.010848418260140784,0.03726459189770278,0.029698265587198625,1.2798245002049953
599.0,0.26795955970808844,4.000000000000001,0.035609155563935416,0.010834470188256291,0.03722093099637309,0.029638358303503504,1.2799585000611842
600.0,0.26794571383856136,4.0,0.03556786847468019,0.01082054845587394,0.037177379368616946,0.0295786264919439,1.280098200077191
601.0,0.26793190034097647,4.0,0.035526687139629365,0.010806653000580762,0.0371339366104924,0.029519069648155705,1.2802329000551254
602.0,0.26791811909668956,4.000000000000001,0.03548561115699764,0.010792783760129663,0.037090602320244866,0.029459687269271645,1.2803668000269681
603.0,0.26790436998763734,4.0,0.0354446401272231,0.010778940672439037,0.03704737609829223,0.029400478853915307,1.2804998999927193
604.0,0.2678906528963335,4.0,0.03540377365295208,0.010765123675593171,0.037004257547210435,0.029341443902195702,1.2806344002019614
605.0,0.26787696770586533,3.9999999999999996,0.035363011339024086,0.010751332707841912,0.03696124627171894,0.029282581915701156,1.2807682000566274
606.0,0.26786331429988997,4.000000000000001,0.035322352792456956,0.010737567707600473,0.03691834187866644,0.02922389239749376,1.2809013000223786
607.0,0.2678496925626309,4.000000000000001,0.03528179762243217,0.010723828613449449,0.03687554397701677,0.02916537485210452,1.2810345999896526
608.0,0.26783610237887406,4.0,0.03524134544027969,0.010710115364134878,0.0368328521778344,0.029107028785526456,1.2811679001897573
609.0,0.2678225436339646,4.0,0.0352009958594637,0.010696427898567793,0.03679026609427064,0.029048853705209987,1.281451800139621
610.0,0.26780901621380304,4.000000000000001,0.035160748495567905,0.010682766155824374,0.0367477853415496,0.02899084912005695,1.2816034001298249
611.0,0.2677955200048422,4.000000000000001,0.03512060296628138,0.010669130075145535,0.03670540953695446,0.028933014540415414,1.2817472000606358
612.0,0.26778205489408313,4.000000000000001,0.035080558891383964,0.010655519595937022,0.03666313829981357,0.028875349478074158,1.281882000155747
613.0,0.2677686207690725,4.000000000000001,0.035040615892732455,0.010641934657768862,0.036620971251486986,0.028817853446257147,1.2820182000286877
614.0,0.2677552175178982,4.0,0.035000773594246054,0.01062837520037566,0.03657890801535268,0.028760525959618366,1.2821533000096679
615.0,0.2677418450291864,4.0,0.03496103162189267,0.010614841163656108,0.036536948216793194,0.02870336653423619,1.2822881999891251
616.0,0.26772850319209845,4.000000000000001,0.03492138960367508,0.010601332487672761,0.03649509148318239,0.02864637468760836,1.282423600088805
617.0,0.26771519189632725,4.000000000000001,0.03488184716961719,0.010587849112651785,0.03645333744387216,0.028589549938646736,1.2825572001747787
618.0,0.26770191103209373,4.000000000000001,0.034842403951749944,0.010574390978983052,0.03641168573017896,0.028532891807671712,1.2826913001481444
619.0,0.2676886604901437,4.0,0.03480305958409826,0.010560958027219465,0.03637013597537113,0.02847639981640726,1.28282540012151
620.0,0.2676754401617451,4.0,0.03476381370266734,0.010547550198077058,0.036328687814655744,0.028420073487976122,1.2829594002105296
621.0,0.2676622499386838,4.0,0.03472466594542926,0.010534167432434405,0.03628734088516567,0.028363912346894005,1.283112200209871
622.0,0.26764908971326096,4.0,0.03468561595230973,0.01052080967133277,0.036246094825946866,0.02830791591906487,1.28325209999457
623.0,0.26763595937829016,4.0,0.03464666336517513,0.01050747685597537,0.03620494927794577,0.028252083731775762,1.2833938000258058
624.0,0.26762285882709314,4.0,0.034607807827818964,0.010494168927727471,0.03616390388399638,0.028196415313691936,1.2835370001848787
625.0,0.2676097879534979,4.0,0.03456904898594937,0.010480885828115833,0.03612295828880805,0.028140910194851876,1.2836835000198334
626.0,0.2675967466518346,4.000000000000001,0.03453038648717587,0.010467627498828668,0.0360821121389529,0.02808556790666178,1.283831500215456
627.0,0.26758373481693326,4.0,0.03449181998099696,0.010454393881714926,0.03604136508285361,0.02803038798189153,1.283979200059548
628.0,0.26757075234411987,3.9999999999999987,0.03445334911878701,0.010441184918784424,0.03600071677077101,0.027975369954668955,1.2841314000543207
629.0,0.267557799129214,3.9999999999999982,0.034414973553783874,0.010428000552207325,0.03596016685479198,0.02792051336047552,1.2842888000886887
630.0,0.2675448750685252,4.0,0.03437669294107634,0.010414840724313755,0.03591971498881739,0.02786581773614119,1.2844469000119716
631.0,0.26753198005885104,3.9999999999999982,0.034338506937592,0.010401705377593442,0.03587936082855031,0.027811282619839756,1.284712800057605
632.0,0.2675191139974722,3.999999999999999,0.0343004152020843,0.010388594454695622,0.03583910403148366,0.027756907551083815,1.2848824001848698
633.0,0.26750627678215194,3.9999999999999996,0.03426241739512095,0.01037550789842839,0.03579894425688887,0.02770269207072054,1.2850488000549376
634.0,0.2674934683111311,4.0,0.03422451317907153,0.010362445651758463,0.03575888116580395,0.027648635720926296,1.2853131000883877
635.0,0.2674806884831262,3.9999999999999996,0.03418670221809527,0.010349407657810923,0.03571891442102175,0.0275947380452026,1.285734800156206
636.0,0.2674679371973264,4.0,0.034148984178129366,0.010336393859868643,0.035679043687078554,0.027540998588370835,1.28594690002501
637.0,0.26745521435339076,4.0,0.03411135872687713,0.010323404201372004,0.03563926863024271,0.027487416896568084,1.2861354001797736
638.0,0.26744251985144496,3.9999999999999982,0.034073825533796016,0.01031043862591861,0.03559958891850303,0.027433992517242267,1.2863193000666797
639.0,0.26742985359207827,3.999999999999999,0.03403638427008579,0.010297497077262989,0.035560004221557445,0.027380724999147593,1.2864986001513898
640.0,0.267417215476342,3.999999999999999,0.03399903460867755,0.010284579499315553,0.03552051421080212,0.027327613892340397,1.286678700009361
641.0,0.2674046054057454,4.000000000000001,0.03396177622422152,0.010271685836143246,0.03548111855932003,0.027274658748173808,1.2868571002036333
642.0,0.26739202328225353,3.9999999999999996,0.03392460879307617,0.010258816031968097,0.03544181694187005,0.027221859119294006,1.2870545000769198
643.0,0.2673794690082841,3.9999999999999996,0.03388753199329638,0.010245970031167678,0.03540260903487583,0.0271692145596355,1.2872390002012253
644.0,0.2673669424867053,3.9999999999999996,0.03385054550462255,0.01023314777827419,0.03536349451641509,0.027116724624416277,1.2874152001459152
645.0,0.2673544436208326,3.9999999999999996,0.033813649008469254,0.010220349217974153,0.035324473066208624,0.02706438887013421,1.287587400060147
646.0,0.2673419723144262,4.0,0.03377684218791421,0.010207574295108037,0.03528554436560972,0.02701220685456207,1.2877583000808954
647.0,0.26732952847168856,4.000000000000001,0.03374012472768729,0.010194822954669933,0.035246708097593456,0.026960178136743174,1.2879302001092583
648.0,0.26731711199726177,3.999999999999999,0.03370349631415963,0.010182095141806836,0.03520796394674617,0.026908302276987456,1.2880985999945551
649.0,0.26730472279622414,4.0,0.03366695663533239,0.010169390801818749,0.03516931159925465,0.026856578836866568,1.288262400077656
650.0,0.2672923607740889,3.999999999999999,0.033630505380826806,0.010156709880157454,0.035130750742896295,0.026805007379210016,1.288427900057286
651.0,0.26728002583680033,3.999999999999999,0.03359414224187259,0.010144052322427067,0.035092281067028205,0.026753587468100942,1.288593500154093
652.0,0.2672677178907322,3.9999999999999982,0.03355786691129812,0.01013141807438261,0.035053902262577326,0.026702318668871405,1.2887586001306772
653.0,0.2672554368426845,4.000000000000001,0.03352167908351919,0.010118807081930473,0.035015614022029865,0.026651200548098608,1.288922999985516
654.0,0.26724318259988145,4.0,0.033485578454529374,0.010106219291127138,0.034977416039421665,0.026600232673600843,1.2890983000397682
655.0,0.26723095506996863,3.999999999999999,0.033449564721889015,0.01009365464817939,0.03493930801032779,0.02654941461443286,1.2892587000969797
656.0,0.26721875416101043,3.999999999999999,0.03341363758471496,0.01008111309944369,0.034901289631852454,0.026498745940881585,1.2894181001465768
657.0,0.2672065797814878,3.999999999999999,0.03337779674367083,0.010068594591425516,0.03486336060261957,0.026448226224462912,1.289574900176376
658.0,0.26719443184029606,3.999999999999999,0.0333420419009566,0.010056099070779034,0.03482552062276267,0.026397855037916584,1.2897280000615865
659.0,0.26718231024674155,3.999999999999999,0.033306372760298394,0.010043626484306794,0.03478776939391509,0.026347631955203066,1.2898796000517905
660.0,0.26717021491054027,4.0,0.0332707890269387,0.010031176778959166,0.03475010661920038,0.026297556551498374,1.2900329001713544
661.0,0.2671581457418146,4.0,0.033235290407626544,0.010018749901833724,0.03471253200322279,0.026247628403191392,1.2901792000047863
662.0,0.2671461026510915,4.0,0.03319987661060737,0.010006345800175086,0.03467504525205751,0.02619784708787848,1.290326400194317
663.0,0.26713408554929996,4.0,0.03316454734561359,0.009993964421374322,0.03463764607324148,0.026148212184360448,1.2904718001373112
664.0,0.2671220943477686,3.999999999999999,0.03312930232385469,0.00998160571296834,0.03460033417576377,0.026098723272638263,1.2906187002081424
665.0,0.26711012895822317,3.9999999999999987,0.033094141258007685,0.009969269622639729,0.03456310927005633,0.026049379933909267,1.2907660000491887
666.0,0.26709818929278445,3.9999999999999996,0.03305906386220759,0.009956956098216037,0.034525971067984766,0.02600018175056293,1.2909134000074118
667.0,0.2670862752639661,3.999999999999999,0.033024069852037985,0.009944665087669443,0.034488919282839176,0.02595112830617735,1.2910713001620024
668.0,0.2670743867846721,3.999999999999999,0.0329891589445216,0.009932396539116197,0.034451953629324954,0.02590221918551508,1.2912212000228465
669.0,0.2670625237681944,4.0,0.03295433085811085,0.00992015040081633,0.034415073823553737,0.025853453974519464,1.291365000186488
670.0,0.26705068612821103,3.9999999999999996,0.03291958531267892,0.009907926621172942,0.03437827958303459,0.025804832260310745,1.2915033001918346
671.0,0.26703887377878344,3.9999999999999996,0.03288492202951007,0.009895725148732016,0.034341570626664764,0.025756353631181977,1.2916404001880437
672.0,0.26702708663435476,4.0,0.032850340731291096,0.009883545932181574,0.03430494667472121,0.025708017676595835,1.2917784000746906
673.0,0.26701532460974714,4.0,0.03281584114210183,0.009871388920351658,0.034268407448851554,0.02565982398718039,1.2919224000070244
674.0,0.2670035876201598,4.0,0.03278142298740635,0.009859254062213501,0.03423195267206542,0.025611772154725237,1.292060200124979
675.0,0.2669918755811668,4.0,0.03274708599404409,0.009847141306879187,0.034195582068725854,0.025563861772178315,1.2921944002155215
676.0,0.2669801884087149,4.0,0.032712829890220896,0.009835050603601314,0.03415929536454065,0.025516092433641502,1.2923273001797497
677.0,0.26696852601912147,4.0,0.0326786544055003,0.009822981901772254,0.03412309228655383,0.025468463734367675,1.2924601000268012
678.0,0.2669568883290721,4.0,0.0326445592707949,0.009810935150923884,0.0340869725631373,0.025420975270756402,1.2925923001021147
679.0,0.266945275255619,3.999999999999999,0.03261054421835748,0.00979891030072698,0.03405093592398221,0.02537362664035067,1.292725200066343
680.0,0.2669336867161782,3.999999999999999,0.03257660898177257,0.009786907300991033,0.034014982100090796,0.025326417441832838,1.2928572001401335
681.0,0.2669221226285281,3.9999999999999996,0.03254275329594801,0.009774926101663329,0.033979110823768095,0.02527934727502154,1.2929884002078325
682.0,0.26691058291080716,4.0,0.03250897689710639,0.00976296665282884,0.033943321828613725,0.025232415740867764,1.2931321000214666
683.0,0.26689906748151176,3.9999999999999996,0.032475279522776644,0.009751028904709552,0.03390761484951363,0.025185622441451505,1.2932680000085384
684.0,0.26688757625949444,3.9999999999999987,0.032441660911785776,0.009739112807664077,0.03387198962263208,0.025138966979977723,1.2934026999864727
685.0,0.26687610916396126,4.000000000000001,0.032408120804250394,0.009727218312187423,0.03383644588540353,0.025092448960773117,1.2935369000770152
686.0,0.2668646661144707,4.0,0.03237465894156907,0.009715345368909901,0.03380098337652497,0.025046067989283105,1.2936702000442892
687.0,0.26685324703093083,4.0,0.03234127506641346,0.009703493928597203,0.03376560183594748,0.024999823672067267,1.2938480000011623
688.0,0.26684185183359777,4.0,0.03230796892272067,0.009691663942149953,0.03373030100486882,0.024953715616796546,1.294032600009814
689.0,0.26683048044307384,3.999999999999999,0.03227474025568529,0.009679855360602644,0.033695080625725474,0.024907743432249718,1.2941724001429975
690.0,0.266819132780305,3.9999999999999996,0.032241588811750974,0.009668068135124025,0.033659940442184774,0.02486190672830982,1.2943080000113696
691.0,0.2668078087665796,3.9999999999999996,0.032208514338603104,0.009656302217015843,0.033624880199137466,0.024816205115960555,1.2944422999862581
692.0,0.266796508323526,4.0,0.03217551658516057,0.009644557557712968,0.03358989964268993,0.024770638207283313,1.2945768001955003
693.0,0.2667852313731111,3.999999999999999,0.03214259530156824,0.009632834108782412,0.0335549985201567,0.024725205615453383,1.2947111001703888
694.0,0.26677397783763757,4.0,0.03210975023918888,0.00962113182192347,0.03352017658005278,0.024679906954736597,1.2948454001452774
695.0,0.2667627476397431,3.999999999999999,0.03207698115059589,0.009609450648966622,0.033485433572086366,0.024634741840486085,1.2949796000029892
696.0,0.2667515407023978,3.9999999999999996,0.03204428778956545,0.009597790541873553,0.033450769247151416,0.024589709889138972,1.29512510006316
697.0,0.26674035694890247,3.999999999999999,0.03201166991106906,0.009586151452736402,0.03341618335732021,0.024544810718212906,1.2952637001872063
698.0,0.2667291963028867,3.9999999999999987,0.03197912727126598,0.009574533333777424,0.03338167565583613,0.024500043946302785,1.295399800175801
699.0,0.26671805868830745,4.0,0.03194665962749581,0.009562936137348602,0.03334724589710638,0.02445540919307726,1.2955350000411272
700.0,0.26670694402944656,4.0,0.031914266738271156,0.009551359815930978,0.03331289383669485,0.024410906079275624,1.295672900043428
701.0,0.26669585225090947,4.0,0.03188194836327026,0.009539804322134356,0.03327861923131494,0.02436653422670504,1.2958066000137478
702.0,0.2666847832776233,3.999999999999999,0.031849704263329774,0.009528269608696828,0.03324442183882256,0.02432229325823615,1.2959401002153754
703.0,0.2666737370348347,3.9999999999999996,0.03181753420043734,0.00951675562848422,0.03321030141820887,0.02427818279780064,1.2960735000669956
704.0,0.26666271344810866,4.000000000000001,0.03178543793772466,0.009505262334489884,0.03317625772959359,0.02423420247038796,1.2962072000373155
705.0,0.26665171244332675,3.999999999999999,0.03175341523946051,0.009493789679833735,0.033142290534218063,0.024190351902042023,1.2963402001187205
706.0,0.2666407339466844,3.9999999999999987,0.0317214658710431,0.009482337617762503,0.03310839959443806,0.024146630719857592,1.2964733000844717
707.0,0.26662977788469033,3.999999999999999,0.031689589598993595,0.009470906101648762,0.03307458467371723,0.024103038551977735,1.296606000047177
708.0,0.26661884418416426,4.0,0.03165778619094906,0.009459495084990605,0.03304084553662038,0.02405957502759032,1.2967407000251114
709.0,0.2666079327722354,3.999999999999999,0.03162605541565555,0.009448104521411132,0.03300718194880662,0.024016239776925075,1.2968739001080394
710.0,0.26659704357634045,3.999999999999999,0.03159439704296103,0.009436734364658268,0.032973593677022635,0.02397303243124993,1.2970070000737906
711.0,0.2665861765242221,4.0,0.031562810843808776,0.009425384568604164,0.03294008048909617,0.02392995262286854,1.2971509001217782
712.0,0.26657533154392776,3.999999999999999,0.0315312965902307,0.00941405508724454,0.03290664215392949,0.023886999985116786,1.2972884001210332
713.0,0.266564508563807,3.999999999999999,0.0314998540553405,0.009402745874698536,0.032873278441492744,0.023844174152359843,1.2974239999894053
714.0,0.2665537075125106,3.999999999999999,0.031468483013327005,0.009391456885208227,0.032839989122817555,0.023801474759988644,1.2975581001956016
715.0,0.26654292831898874,3.999999999999999,0.03143718323944767,0.009380188073138047,0.03280677396999057,0.02375890144441775,1.297692600172013
716.0,0.26653217091248926,4.0,0.031405954510022,0.009368939392974363,0.03277363275614709,0.02371645384308163,1.2978251001331955
717.0,0.2665214352225563,3.999999999999999,0.03137479660242504,0.009357710799325236,0.032740565255464815,0.023674131594431352,1.2979588999878615
718.0,0.26651072117902797,4.0,0.03134370929508065,0.009346502246919863,0.032707571243157194,0.023631934337932176,1.298093100078404
719.0,0.26650002871203593,4.0,0.031312692367455784,0.009335313690607992,0.03267465049546784,0.0235898617140603,1.2982273001689464
720.0,0.2664893577520027,4.0,0.0312817456000533,0.009324145085359713,0.03264180278966362,0.023547913364299816,1.2983611000236124
721.0,0.2664787082296408,4.0,0.03125086877440631,0.009312996386264873,0.03260902790402906,0.023506088931139785,1.2984947001095861
722.0,0.2664680800759507,4.0,0.03122006167307148,0.009301867548532941,0.032576325617859926,0.02346438805807116,1.2986288000829518
723.0,0.2664574732222195,4.0,0.03118932407962297,0.00929075852749212,0.03254369571145718,0.023422810389583826,1.2987618001643568
724.0,0.26644688760001956,4.0,0.031158655778646394,0.009279669278589244,0.0325111379661212,0.023381355571163803,1.2988943001255393
725.0,0.26643632314120663,4.0,0.03112805655573247,0.00926859975738923,0.03247865216414553,0.023340023249290215,1.299028400098905
726.0,0.2664257797779185,3.999999999999999,0.03109752619747101,0.009257549919574776,0.03244623808881108,0.023298813071432334,1.299172000028193
727.0,0.2664152574425732,4.0,0.03106706449144488,0.00924651972094583,0.03241389552438021,0.023257724686046727,1.2993078001309186
728.0,0.2664047560678682,3.9999999999999996,0.031036671226224156,0.009235509117419168,0.03238162425609103,0.023216757742574312,1.299442999996245
729.0,0.266394275586778,4.0,0.031006346191359866,0.00922451806502802,0.03234942407015131,0.02317591189143739,1.2995774000883102
730.0,0.26638381593255345,3.9999999999999987,0.03097608917737843,0.009213546519921656,0.032317294753733045,0.023135186784037115,1.29971110005863
731.0,0.2663733770387197,4.000000000000001,0.03094589997577536,0.009202594438365037,0.032285236094966384,0.02309458207275014,1.2998438000213355
732.0,0.26636295883907524,3.9999999999999987,0.030915778379010102,0.009191661776738047,0.032253247882934453,0.02305409741092604,1.2999772999901325
733.0,0.2663525612676896,4.0,0.030885724180499407,0.009180748491535834,0.032221329907667115,0.023013732452884544,1.3001109000761062
734.0,0.26634218425890316,3.999999999999999,0.030855737174612412,0.009169854539367505,0.03218948196013594,0.022973486853912484,1.3002437001559883
735.0,0.26633182774732456,3.999999999999999,0.030825817156664378,0.009158979876956254,0.032157703832248245,0.022933360270261216,1.3003770001232624
736.0,0.2663214916678298,4.0,0.030795963922911295,0.009148124461139055,0.032125995316841856,0.022893352359143637,1.3005092001985759
737.0,0.26631117595556103,3.999999999999999,0.030766177270544297,0.00913728824886572,0.03209435620767951,0.022853462778731265,1.3006420000456274
738.0,0.26630088054592443,4.0,0.03073645699768392,0.009126471197199131,0.032062786299443445,0.022813691188152158,1.3007754001300782
739.0,0.2662906053745897,4.0,0.030706802903374675,0.009115673263314368,0.03203128538772997,0.022774037247487056,1.3009083000943065
740.0,0.2662803503774879,3.9999999999999987,0.03067721478757965,0.009104894404498525,0.03199985326904428,0.022734500617767495,1.3011003001593053
741.0,0.26627011549081037,4.0,0.030647692451174782,0.009094134578150318,0.03196848974079484,0.022695080960972558,1.3012377000413835
742.0,0.2662599006510077,4.0,0.0306182356959439,0.009083393741779478,0.03193719460128851,0.02265577794002685,1.3013727001380175
743.0,0.26624970579478774,4.0,0.030588844324572928,0.009072671853006704,0.03190596764972499,0.022616591218796778,1.3015064999926835
744.0,0.26623953085911467,4.000000000000001,0.030559518140644677,0.009061968869563113,0.031874808686191705,0.022577520462088246,1.3016398001927882
745.0,0.26622937578120764,3.9999999999999996,0.03053025694863375,0.009051284749289608,0.03184371751165875,0.022538565335644495,1.3017731001600623
746.0,0.26621924049853907,3.999999999999999,0.030501060553901015,0.00904061945013693,0.03181269392797364,0.022499725506142598,1.3019068001303822
747.0,0.26620912494883375,4.0,0.030471928762688515,0.00902997293016501,0.03178173773785626,0.022461000641191248,1.302087200107053
748.0,0.2661990290700674,4.0,0.030442861382114366,0.00901934514754261,0.0317508487448939,0.022422390409327836,1.3023692001588643
749.0,0.2661889528004652,4.0,0.03041385822016747,0.009008736060546974,0.03172002675353613,0.022383894480016236,1.3025102000683546
750.0,0.2661788960785006,3.999999999999999,0.030384919085702615,0.008998145627563355,0.03168927156908995,0.022345512523643474,1.3026473000645638
751.0,0.2661688588428941,4.0,0.030356043788435066,0.008987573807084906,0.03165858299771463,0.02230724421151753,1.3027838000562042
752.0,0.26615884103261195,4.0,0.030327232138935924,0.008977020557712009,0.031627960846417086,0.022269089215864957,1.302919200155884
753.0,0.2661488425868647,3.999999999999999,0.030298483948626945,0.008966485838151938,0.03159740492304683,0.022231047209827465,1.3030538000166416
754.0,0.26613886344510596,4.0,0.030269799029775453,0.008955969607218872,0.03156691503629113,0.022193117867460088,1.3031991000752896
755.0,0.26612890354703156,3.9999999999999996,0.030241177195489893,0.008945471823832693,0.031536490995670435,0.022155300863728272,1.3033366000745445
756.0,0.26611896283257763,4.0,0.03021261825971426,0.008934992447019657,0.03150613261153323,0.022117595874505236,1.3034718001727015
757.0,0.2661090412419198,3.9999999999999996,0.030184122037223843,0.008924531435911268,0.031475839695051674,0.022080002576569252,1.303606300149113
758.0,0.2660991387154721,3.9999999999999996,0.030155688343620122,0.008914088749744113,0.03144561205821666,0.02204252064760165,1.3037403000053018
759.0,0.26608925519388493,3.999999999999999,0.030127316995326035,0.008903664347859698,0.0314154495138333,0.022005149766183646,1.3038730002008379
760.0,0.266079390618045,3.9999999999999982,0.030099007809581236,0.008893258189703818,0.031385351875516165,0.021967889611793884,1.304006600053981
761.0,0.2660695449290729,4.0,0.03007076060443732,0.008882870234826458,0.031355318957684765,0.021930739864806453,1.3041448001749814
762.0,0.2660597180683234,3.9999999999999996,0.030042575198753533,0.008872500442880984,0.03132535057555915,0.021893700206487787,1.3042785001453012
763.0,0.26604990997738226,4.0,0.030014451412191438,0.00886214877362447,0.031295446545155,0.021856770318993968,1.3044125000014901
764.0,0.26604012059806714,4.0,0.029986389065210933,0.008851815186916655,0.031265606683279476,0.021819949885369033,1.3045475000981241
765.0,0.2660303498724247,4.000000000000001,0.02995838797906528,0.008841499642720086,0.031235830807526514,0.02178323858954162,1.3046802000608295
766.0,0.2660205977427307,3.9999999999999996,0.02993044797579691,0.00883120210109949,0.03120611873627269,0.021746636116323048,1.304812700022012
767.0,0.2660108641514877,3.999999999999999,0.029902568878232363,0.008820922522221667,0.031176470288672323,0.021710142151404654,1.304945700103417
768.0,0.2660011490414249,3.9999999999999987,0.0298747505099784,0.008810660866354887,0.031146885284653616,0.021673756381354964,1.305087500018999
769.0,0.2659914523554965,3.999999999999999,0.029846992695417213,0.008800417093868683,0.03111736354491403,0.02163747849361783,1.3052257001399994
770.0,0.2659817740368805,3.999999999999999,0.02981929525970225,0.008790191165233375,0.031087904890916142,0.02160130817650971,1.3053607000038028
771.0,0.2659721140289778,4.0,0.029791658028753453,0.008779983041020038,0.031058509144883138,0.021565245119217175,1.3054943000897765
772.0,0.2659624722754111,3.9999999999999996,0.02976408082925337,0.00876979268189974,0.031029176129794844,0.021529289011794545,1.305628300178796
773.0,0.26595284872002317,3.9999999999999982,0.02973656348864235,0.008759620048643633,0.0309999056693832,0.021493439545161058,1.3057630001567304
774.0,0.2659432433068764,4.0,0.029709105835114564,0.008749465102122366,0.030970697588128288,0.02145769641109918,1.305897600017488
775.0,0.26593365598025187,4.0,0.029681707697613864,0.008739327803305611,0.030941551711254248,0.021422059302251772,1.3060318001080304
776.0,0.26592408668464734,4.0,0.029654368905829127,0.008729208113262115,0.03091246786472485,0.021386527912119563,1.3061652001924813
777.0,0.26591453536477694,3.999999999999999,0.029627089290190433,0.008719105993159122,0.0308834458752397,0.021351101935059208,1.306299100164324
778.0,0.26590500196556954,4.0,0.029599868681864545,0.008709021404262109,0.030854485570229837,0.021315781066280237,1.3064323000144213
779.0,0.2658954864321686,3.999999999999999,0.02957270691275126,0.008698954307934352,0.030825586777854137,0.02128056500184336,1.3065651000943035
780.0,0.2658859887099296,3.999999999999999,0.029545603815478747,0.008688904665636819,0.030796749326994846,0.021245453438657608,1.3066977001726627
781.0,0.26587650874442026,3.9999999999999996,0.029518559223399788,0.008678872438927617,0.03076797304725383,0.021210446074478057,1.3068392002023757
782.0,0.26586704648141896,4.000000000000001,0.02949157297058775,0.008668857589461813,0.030739257768948678,0.02117554260790397,1.3069769002031535
783.0,0.26585760186691393,4.0,0.029464644891832373,0.008658860078991035,0.030710603323108588,0.021140742738375656,1.3071106001734734
784.0,0.26584817484710177,4.0,0.02943777482263581,0.00864887986936332,0.03068200954147053,0.021106046166172704,1.3072438000235707
785.0,0.26583876536838674,3.999999999999999,0.02941096259920889,0.0086389169225225,0.03065347625647554,0.021071452592411555,1.307378000114113
786.0,0.26582937337737944,4.0,0.029384208058466667,0.00862897120050818,0.030625003301264428,0.021036961719042763,1.307511200197041
787.0,0.2658199988208966,4.0,0.029357511038025096,0.008619042665455266,0.030596590509674497,0.021002573248849465,1.3076444000471383
788.0,0.26581064164595863,4.0,0.029330871376196856,0.008609131279593608,0.030568237716235475,0.02096828688544425,1.307778000133112
789.0,0.2658013017997901,4.0,0.0293042889119873,0.008599237005247938,0.03053994475616561,0.020934102333267507,1.3079105000942945
790.0,0.2657919792298176,4.0,0.029277763485091056,0.008589359804837307,0.030511711465368276,0.020900019297584893,1.3080435001756996
791.0,0.2657826738836695,3.9999999999999996,0.029251294935887875,0.008579499640874778,0.03048353768042794,0.020866037484484623,1.308176000136882
792.0,0.26577338570917425,3.9999999999999996,0.029224883105438866,0.008569656475967425,0.03045542323860656,0.020832156600876006,1.308309999993071
793.0,0.2657641146543601,3.9999999999999996,0.029198527835483098,0.008559830272815597,0.030427367977840142,0.02079837635448681,1.3084442000836134
794.0,0.26575486066745374,3.9999999999999987,0.029172228968433373,0.008550020994213014,0.030399371736734734,0.020764696453860726,1.3085781000554562
795.0,0.26574562369687926,3.9999999999999996,0.02914598634737283,0.008540228603046143,0.03037143435456302,0.020731116608355304,1.3087112000212073
796.0,0.2657364036912572,3.999999999999999,0.029119799816051214,0.008530453062294188,0.030343555671260753,0.02069763652814005,1.3088525000493973
797.0,0.2657272005994038,4.0,0.029093669218881246,0.008520694335028504,0.03031573552742313,0.020664255924193797,1.3089900000486523
798.0,0.2657180143703299,3.999999999999999,0.029067594400934888,0.0085109523844125,0.030287973764301205,0.020630974508302424,1.309123800136149
799.0,0.26570884495324,4.0,0.029041575207939836,0.008501227173701378,0.03026027022379847,0.020597791993056974,1.3092583999969065
800.0,0.26569969229753115,3.9999999999999996,0.02901561148627594,0.008491518666241668,0.030232624748467322,0.02056470809185129,1.3093958001118153
801.0,0.2656905563527923,3.999999999999999,0.028989703082971573,0.008481826825471033,0.03020503718150553,0.02053172251887958,1.309529900085181
802.0,0.265681437068803,3.9999999999999996,0.028963849845700187,0.008472151614918043,0.030177507366752895,0.020498834989134657,1.3096639001742005
803.0,0.26567233439553295,4.0,0.028938051622776795,0.008462492998201758,0.03015003514868778,0.0204660452184052,1.3097970001399517
804.0,0.2656632482831406,3.999999999999999,0.028912308263154492,0.008452850939031477,0.030122620372423723,0.02043335292327428,1.3099291000980884
805.0,0.26565417868197233,4.0,0.028886619616420858,0.008443225401206634,0.030095262883705988,0.020400757821116333,1.3100615001749247
806.0,0.2656451255425619,4.0,0.02886098553279485,0.008433616348616174,0.0300679625289084,0.02036825963009578,1.3101948001421988
807.0,0.2656360888156293,3.9999999999999987,0.02883540586312313,0.008424023745238445,0.030040719155029844,0.020335858069164492,1.3104052001144737
808.0,0.2656270684520792,4.000000000000001,0.028809880458876485,0.008414447555141279,0.030013532609690852,0.020303552858059293,1.3105830000713468
809.0,0.2656180644030014,3.9999999999999996,0.028784409172147193,0.008404887742480868,0.029986402741130798,0.02027134371730069,1.3107880000025034
810.0,0.2656090766196687,3.999999999999999,0.028758991855644837,0.00839534427150237,0.029959329398204053,0.020239230368189726,1.3109672002028674
811.0,0.26560010505353676,4.0,0.028733628362693445,0.008385817106539148,0.029932312430377073,0.020207212532806718,1.3111088001169264
812.0,0.265591149656243,4.0,0.028708318547228266,0.008376306212012468,0.02990535168772521,0.020175289934008633,1.3112447999883443
813.0,0.26558221037960517,4.000000000000001,0.02868306226379215,0.00836681155243156,0.02987844702092931,0.020143462295426906,1.311378400074318
814.0,0.26557328717562173,4.0,0.028657859367532613,0.00835733309239304,0.02985159828127272,0.020111729341465656,1.3115123000461608
815.0,0.26556437999646965,4.000000000000001,0.02863270971419845,0.00834787079658074,0.02982480532063805,0.020080090797299444,1.311646900139749
816.0,0.26555548879450463,3.9999999999999987,0.02860761316013667,0.00833842462976543,0.029798067991504137,0.020048546388871102,1.311780699994415
817.0,0.265546613522259,3.9999999999999996,0.028582569562288884,0.00832899455680475,0.029771386146942604,0.020017095842889382,1.3119142001960427
818.0,0.2655377541324424,3.999999999999999,0.02855757877818888,0.008319580542642544,0.02974475964061536,0.019985738886827753,1.3120470000430942
819.0,0.26552891057793976,3.9999999999999996,0.028532640665958807,0.008310182552308958,0.029718188326770974,0.01995447524892119,1.3121799000073224
820.0,0.2655200828118107,4.000000000000001,0.028507755084306363,0.008300800550919965,0.029691672060241883,0.01992330465816483,1.3123131000902504
821.0,0.26551127078728926,4.0,0.028482921892521797,0.00829143450367712,0.029665210696441464,0.019892226844311883,1.3124470000620931
822.0,0.2655024744577823,3.999999999999999,0.028458140950474487,0.008282084375867506,0.029638804091360733,0.019861241537871027,1.3125813000369817
823.0,0.26549369377686893,4.0,0.02843341211861008,0.00827275013286329,0.029612452101565517,0.019830348470104925,1.3127150000073016
824.0,0.26548492869830015,3.9999999999999987,0.028408735257947668,0.008263431740121318,0.029586154584193655,0.019799547373028054,1.3128576001618057
825.0,0.26547617917599725,4.0,0.02838411023007619,0.008254129163183464,0.029559911396951643,0.01976883797940432,1.3129955001641065
826.0,0.2654674451640517,4.0,0.02835953689715216,0.008244842367675488,0.029533722398112153,0.01973822002274553,1.313130100024864
827.0,0.2654587266167239,3.999999999999999,0.028335015121896182,0.00823557131930748,0.02950758744651086,0.019707693237309032,1.3132649001199752
828.0,0.2654500234884423,4.0,0.028310544767589985,0.008226315983873477,0.029481506401543477,0.019677257358095446,1.3133984000887722
829.0,0.26544133573380313,4.000000000000001,0.02828612569807381,0.008217076327250947,0.02945547912316314,0.019646912120847432,1.3135328001808375
830.0,0.2654326633075692,4.0,0.02826175777774336,0.00820785231540071,0.029429505471877473,0.019616657262046894,1.31366530014202
831.0,0.26542400616466916,4.0,0.028237440871546674,0.008198643914366867,0.02940358530874559,0.019586492518913312,1.3137978999875486
832.0,0.2654153642601965,4.0,0.028213174844981554,0.008189451090276143,0.029377718495375453,0.019556417629401857,1.3139314001891762
833.0,0.2654067375494095,4.0,0.0281889595640925,0.008180273809338152,0.02935190489392104,0.019526432332201138,1.3140643001534045
834.0,0.2653981259877297,4.0,0.02816479489546807,0.00817111203784462,0.029326144367079584,0.019496536366731265,1.3141966999974102
835.0,0.26538952953074113,4.000000000000001,0.028140680706237774,0.008161965742169569,0.029300436778088693,0.019466729473142097,1.3143285000696778
836.0,0.2653809481341904,4.0,0.028116616864069535,0.00815283488876888,0.029274781990723798,0.019437011392310966,1.314461400033906
837.0,0.2653723817539849,4.0,0.02809260323716679,0.008143719444180004,0.029249179869295303,0.0194073818658409,1.314605100080371
838.0,0.2653638303461925,4.0,0.028068639694265596,0.008134619375021936,0.029223630278645815,0.01937784063605824,1.314741900190711
839.0,0.26535529386704115,3.999999999999999,0.028044726104632264,0.008125534647994691,0.02919813308414777,0.0193483874460115,1.3148768001701683
840.0,0.26534677227291714,4.0,0.028020862338060015,0.008116465229879431,0.029172688151700245,0.01931902203946889,1.3150105001404881
841.0,0.26533826552036566,3.9999999999999996,0.02799704826486699,0.008107411087537745,0.02914729534772689,0.019289744160916333,1.3151436999905854
842.0,0.2653297735660888,4.0,0.02797328375589294,0.008098372187911982,0.02912195453917285,0.019260553555555143,1.3152766001876444
843.0,0.2653212963669458,3.999999999999999,0.027949568682496893,0.008089348498024458,0.029096665593502317,0.019231449969301484,1.315408900147304
844.0,0.26531283387995147,4.0,0.027925902916554286,0.008080339984977772,0.029071428378695908,0.01920243314878267,1.3155412999913096
845.0,0.26530438606227646,4.0,0.02790228633045463,0.00807134661595404,0.029046242763248194,0.019173502841336648,1.315673900069669
846.0,0.26529595287124547,3.999999999999999,0.027878718797098502,0.00806236835821504,0.029021108616164897,0.01914465879500915,1.3158071001525968
847.0,0.2652875342643372,4.0,0.027855200189895065,0.008053405179102,0.02899602580696046,0.019115900758552046,1.3159403000026941
848.0,0.26527913019918353,4.000000000000002,0.027831730382759767,0.008044457046034962,0.028970994205655676,0.019087228481422275,1.316073500085622
849.0,0.2652707406335687,4.0,0.02780830925011128,0.008035523926513036,0.028946013682774836,0.019058641713778357,1.3162064000498503
850.0,0.2652623655254286,4.000000000000001,0.027784936666869275,0.008026605788113908,0.028921084109343485,0.019030140206479612,1.3163391000125557
851.0,0.26525400483285005,4.0,0.0277616125084518,0.008017702598493694,0.028896205356885873,0.01900172371108405,1.3164725000970066
852.0,0.2652456585140702,4.0,0.0277383366507726,0.008008814325386769,0.028871377297422354,0.01897339197984646,1.3166143000125885
853.0,0.265237326527476,3.999999999999999,0.027715108970238947,0.007999940936605382,0.028846599803467203,0.01894514476571646,1.3167515001259744
854.0,0.2652290088316028,4.0,0.0276919293437487,0.007991082400039672,0.028821872748025834,0.01891698182233642,1.3168882001191378
855.0,0.26522070538513465,4.0,0.02766879764868829,0.007982238683657038,0.028797196004592695,0.018888902904040383,1.317023300100118
856.0,0.26521241614690294,3.9999999999999996,0.02764571376292995,0.007973409755502517,0.02877256944714874,0.01886090776585092,1.317156400065869
857.0,0.26520414107588586,3.999999999999999,0.027622677564829258,0.007964595583698091,0.028747992950158882,0.018832996163478694,1.3172897000331432
858.0,0.26519588013120765,4.0,0.02759968893322282,0.007955796136442712,0.028723466388569797,0.018805167853319316,1.3174221001099795
859.0,0.26518763327213846,4.0,0.02757674774742598,0.007947011382011857,0.028698989637807634,0.018777422592452575,1.3175557001959532
860.0,0.2651794004580928,3.999999999999999,0.027553853887230105,0.007938241288757591,0.028674562573775406,0.018749760138639826,1.3176891000475734
861.0,0.2651711816486295,3.999999999999999,0.027531007232900365,0.007929485825108218,0.028650185072850828,0.018722180250322323,1.3178257001563907
862.0,0.2651629768034509,4.0,0.027508207665173402,0.007920744959568052,0.028625857011883984,0.018694682686619862,1.3179585000034422
863.0,0.26515478588240227,4.0,0.027485455065255036,0.007912018660717147,0.028601578268195097,0.018667267207328475,1.3180922002065927
864.0,0.2651466088454709,4.000000000000001,0.027462749314817556,0.007903306897211373,0.028577348719571957,0.018639933572918294,1.3182257001753896
865.0,0.26513844565278577,4.0,0.027440090295997956,0.007894609637781774,0.02855316824426806,0.018612681544532855,1.3183588001411408
866.0,0.26513029626461654,4.0,0.02741747789139514,0.00788592685123475,0.028529036721000003,0.018585510883985967,1.318491700105369
867.0,0.26512216064137323,3.9999999999999996,0.02739491198406783,0.007877258506451641,0.028504954028945356,0.018558421353761068,1.3187349000945687
868.0,0.26511403874360545,4.0,0.02737239245753221,0.007868604572388641,0.02848092004774041,0.018531412717008228,1.3189165000803769
869.0,0.2651059305320018,4.0,0.027349919195759912,0.007859965018076384,0.028456934657478148,0.01850448473754357,1.31905940012075
870.0,0.2650978359673891,4.000000000000001,0.027327492083175368,0.007851339812619986,0.02843299773870571,0.018477637179846823,1.3191961001139134
871.0,0.26508975501073223,3.999999999999999,0.0273051110046539,0.00784272892519863,0.028409109172422474,0.01845086980905955,1.3193311002105474
872.0,0.26508168762313244,3.999999999999999,0.027282775845519143,0.007834132325065706,0.02838526884007763,0.018424182390983146,1.319465700071305
873.0,0.265073633765828,4.0,0.027260486491541266,0.007825549981548177,0.028361476623568325,0.018397574692077617,1.3196003001648933
874.0,0.2650655934001929,4.0,0.027238242828934483,0.007816981864046547,0.02833773240523725,0.01837104647945978,1.3197349000256509
875.0,0.2650575664877364,4.0,0.027216044744354965,0.007808427942034875,0.028314036067870692,0.018344597520900924,1.3198689001146704
876.0,0.2650495529901021,4.0,0.027193892124898558,0.007799888185060167,0.028290387494696163,0.01831822758482543,1.32000290020369
877.0,0.2650415528690679,4.0,0.027171784858098767,0.0077913625627426515,0.02826678656938056,0.018291936440308937,1.3201359000522643
878.0,0.2650335660865449,3.9999999999999996,0.027149722831924628,0.007782851044775158,0.028243233176027973,0.018265723857076976,1.3202706000301987
879.0,0.2650255926045769,4.0,0.027127705934778337,0.007774353600923256,0.02821972719917746,0.018239589605502038,1.320403299992904
880.0,0.2650176323853404,4.0,0.027105734055493488,0.0077658702010247015,0.02819626852380121,0.01821353345660376,1.32053600018844
881.0,0.2650096853911428,3.9999999999999996,0.027083807083332637,0.007757400814989586,0.028172857035302264,0.018187555182045234,1.3206811000127345
882.0,0.2650017515844228,4.0,0.027061924907985386,0.007748945412800042,0.028149492619512606,0.018161654554132295,1.3208178000058979
883.0,0.26499383092774975,3.9999999999999996,0.027040087419566396,0.007740503964509867,0.028126175162691173,0.018135831345811954,1.3209530001040548
884.0,0.2649859233838226,3.999999999999999,0.027018294508613035,0.007732076440244627,0.028102904551521632,0.01811008533066996,1.3210874001961201
885.0,0.2649780289154694,4.0,0.02699654606608352,0.007723662810201262,0.028079680673110504,0.018084416282929533,1.3212217001710087
886.0,0.26497014748564707,4.0,0.026974841983354897,0.007715263044647972,0.028056503414985206,0.018058823977449734,1.3213558001443744
887.0,0.2649622790574406,4.000000000000002,0.026953182152220957,0.007706877113923922,0.028033372665091986,0.018033308189723513,1.3214893001131713
888.0,0.2649544235940625,4.000000000000001,0.02693156646489022,0.007698504988439241,0.028010288311793998,0.018007868695875978,1.3216226000804454
889.0,0.2649465810588522,3.9999999999999987,0.026909994813983953,0.007690146638674627,0.027987250243869295,0.01798250527266304,1.3217563000507653
890.0,0.26493875141527534,3.999999999999999,0.02688846709253398,0.007681802035181535,0.027964258350508815,0.017957217697469163,1.3218903001397848
891.0,0.26493093462692363,4.0,0.026866983193981044,0.007673471148581457,0.0279413125213146,0.017932005748305946,1.3220242999959737
892.0,0.2649231306575138,4.000000000000001,0.026845543012172672,0.007665153949566104,0.027918412646297814,0.01790686920381096,1.3221578001976013
893.0,0.26491533947088763,3.999999999999999,0.026824146441361336,0.007656850408896988,0.027895558615876902,0.017881807843245445,1.3222918000537902
894.0,0.26490756103101054,4.0,0.026802793376202016,0.007648560497405728,0.027872750320875297,0.017856821446492088,1.322425400139764
895.0,0.2648997953019721,4.0,0.026781483711751135,0.007640284185993043,0.027849987652520187,0.0178319097940548,1.3225579999852926
896.0,0.2648920422479844,4.0,0.026760217343463708,0.007632021445629526,0.027827270502439955,0.017807072667055945,1.3227026001550257
897.0,0.2648843018333823,4.0,0.02673899416719221,0.007623772247354594,0.027804598762662863,0.017782309847235306,1.3228388000279665
898.0,0.26487657402262266,4.0,0.026717814079184134,0.007615536562276919,0.027781972325614798,0.01775762111694748,1.3229754001367837
899.0,0.26486885878028343,3.999999999999999,0.02669667697608045,0.00760731436157388,0.027759391084117683,0.017733006259161632,1.3231114000082016
900.0,0.26486115607106386,4.0,0.026675582754913454,0.007599105616491712,0.027736854931387445,0.017708465057458406,1.3232486001215875
901.0,0.26485346585978325,3.999999999999999,0.026654531313105235,0.007590910298344934,0.027714363761032413,0.017683997296029347,1.3233823000919074
902.0,0.26484578811138065,4.0,0.026633522548465398,0.007582728378516627,0.027691917467051217,0.017659602759674792,1.323516600066796
903.0,0.2648381227909148,3.999999999999999,0.026612556359189746,0.007574559828457671,0.027669515943831314,0.01763528123380212,1.32364990003407
904.0,0.2648304698635626,4.0,0.026591632643857846,0.007566404619687302,0.027647159086146837,0.01761103250442464,1.3237827001139522
905.0,0.26482282929461975,4.0,0.026570751301431775,0.007558262723792304,0.02762484678915716,0.017586856358159153,1.323916100198403
906.0,0.26481520104949935,3.999999999999999,0.026549912231254046,0.007550134112427,0.02760257894840493,0.017562752582225255,1.3240491000469774
907.0,0.2648075850937316,4.0,0.026529115333045545,0.007542018757313538,0.027580355459814174,0.01753872096444281,1.3241821001283824
908.0,0.2647999813929637,3.9999999999999996,0.026508360506904388,0.007533916630240905,0.027558176219688937,0.017513232097599002,1.3243148000910878
909.0,0.26479238991295867,3.999999999999999,0.02648764765330355,0.007525827703065417,0.027536041124711155,0.01748468195289296,1.3244483000598848
910.0,0.26478481061959547,3.999999999999999,0.026466976673089372,0.007517751947710328,0.02751395007193913,0.017456205084805526,1.3245803001336753
911.0,0.26477724347886805,4.0,0.0264463474674798,0.007509689336165592,0.027491902958805787,0.01742780129390728,1.3247253000736237
912.0,0.2647696884568851,3.999999999999999,0.02642575993806263,0.007501639840487676,0.027469899683116934,0.01739947038132783,1.324860000051558
913.0,0.2647621455198693,4.0,0.02640521398679361,0.007493603432799616,0.02744794014304948,0.017371212148754284,1.3249936001375318
914.0,0.26475461463415717,4.000000000000001,0.026384709515994958,0.0074855800852906,0.027426024237149904,0.017343026398430272,1.325126999989152
915.0,0.26474709576619826,4.0,0.026364246428353555,0.007477569770215881,0.02740415186433252,0.017314912933153598,1.3252599001862109
916.0,0.2647395888825549,3.9999999999999996,0.02634382462691914,0.007469572459896723,0.027382322923877715,0.017286871556275257,1.325393200153485
917.0,0.26473209394990127,4.0,0.02632344401510269,0.007461588126720067,0.027360537315430332,0.017258902071697474,1.325528500135988
918.0,0.2647246109350236,4.000000000000001,0.026303104496674754,0.007453616743138446,0.02733879493899805,0.017231004283872392,1.3256624001078308
919.0,0.2647171398048193,4.0,0.02628280597576393,0.007445658281669745,0.027317095694949882,0.017203177997800273,1.3257960001938045
920.0,0.2647096805262961,4.0,0.026262548356854713,0.0074377127148972655,0.02729543948401411,0.017175423019028246,1.3259295001626015
921.0,0.2647022330665724,3.9999999999999996,0.026242331544786446,0.007429780015469154,0.02727382620727716,0.01714773915364845,1.3260626001283526
922.0,0.26469479739287605,4.0,0.026222155444751174,0.007421860156098741,0.027252255766181625,0.01712012620829656,1.3261956002097577
923.0,0.26468737347254445,3.999999999999999,0.0262020199622924,0.007413953109563881,0.027230728062524905,0.017092583990150484,1.3263301001861691
924.0,0.2646799612730234,4.0,0.02618192500330308,0.0074060588487072365,0.027209242998457374,0.017065112306928337,1.3264633000362664
925.0,0.2646725607618675,4.0,0.026161870474024358,0.0073981773464357236,0.02718780047648103,0.017037710966887415,1.3266037001740187
926.0,0.264665171906739,4.0,0.026141856281043804,0.0073903085757205415,0.02716640039944781,0.017010379778822693,1.3267408001702279
927.0,0.2646577946754073,4.0,0.026121882331293648,0.007382452509597196,0.027145042670557902,0.016983118552064635,1.3268753001466393
928.0,0.2646504290357493,3.9999999999999996,0.026101948532049495,0.007374609121164942,0.0271237271933584,0.016955927096478335,1.3271214000415057
929.0,0.2646430749557479,3.999999999999999,0.026082054790928535,0.007366778383586859,0.02710245387174159,0.0169288052224614,1.3273293999955058
930.0,0.26463573240349214,3.999999999999999,0.026062201015888055,0.0073589602700897825,0.02708122260994352,0.01690175274094355,1.327514300122857
931.0,0.2646284013471768,3.9999999999999996,0.026042387115223848,0.0073511547539638865,0.027060033312542375,0.016874769463383565,1.3276571000460535
932.0,0.26462108175510135,4.0,0.026022612997568657,0.007343361808562718,0.027038885884456975,0.016847855201769013,1.3281354000791907
933.0,0.26461377359567056,4.000000000000001,0.026002878571890643,0.0073355814073029855,0.027017780230945303,0.01682100976861431,1.3284227000549436
934.0,0.26460647683739286,4.0,0.025983183747491898,0.0073278135236643505,0.026996716257602985,0.01679423297695931,1.3286474000196904
935.0,0.26459919144888067,4.0,0.02596352843400678,0.007320058131189354,0.026975693870361705,0.01676752464036743,1.3288240002002567
936.0,0.2645919173988496,3.999999999999999,0.02594391254140045,0.0073123152034832795,0.026954712975487762,0.016740884572924525,1.3289882000535727
937.0,0.2645846546561182,4.000000000000001,0.025924335979967395,0.007304584714213951,0.026933773479580616,0.01671431258923775,1.3291496001183987
938.0,0.26457740318960765,4.0,0.025904798660330106,0.007296866637111363,0.02691287528957152,0.016687808504433466,1.329308400163427
939.0,0.2645701629683409,3.999999999999999,0.02588530049343721,0.007289160945967961,0.02689201831272181,0.016661372134155777,1.3294670002069324
940.0,0.26456293396144226,4.000000000000001,0.025865841390561996,0.0072814676146383105,0.026871202456621415,0.016635003294565437,1.3296198002062738
941.0,0.2645557161381378,3.9999999999999987,0.02584642126330159,0.0072737866170385895,0.026850427629187924,0.016608701802338532,1.3297734002117068
942.0,0.26454850946775366,4.0,0.02582704002357452,0.0072661179271471124,0.02682969373866442,0.01658246747466427,1.3299395001959056
943.0,0.2645413139197165,4.0,0.025807697583620018,0.007258461519003559,0.02680900069361859,0.016556300129244222,1.330094400094822
944.0,0.26453412946355304,4.0,0.025788393855996256,0.007250817366709141,0.026788348402941087,0.01653019958429064,1.3302479002159089
945.0,0.264526956068889,4.0,0.025769128753578827,0.007243185444426405,0.02676773677584404,0.016504165658524916,1.330403600120917
946.0,0.26451979370544954,4.0,0.025749902189559585,0.007235565726379015,0.02674716572185988,0.016478198171176434,1.3305513001978397
947.0,0.2645126423430579,3.999999999999999,0.025730714077444917,0.007227958186851658,0.026726635150839655,0.016452296941980415,1.3306982000358403
948.0,0.2645055019516359,4.0,0.025711564331054402,0.007220362800190005,0.026706144972951762,0.016426461791177432,1.3308548000641167
949.0,0.2644983725012029,4.0,0.02569245286451966,0.007212779540800219,0.026685695098680687,0.016400692539511597,1.331006000051275
950.0,0.26449125396187567,4.000000000000001,0.02567337959228253,0.007205208383149223,0.026665285438825383,0.016374989008228952,1.3311542000155896
951.0,0.264484146303868,4.0,0.025654344429094086,0.0071976493017642095,0.02664491590449813,0.016349351019075947,1.3313015000894666
952.0,0.26447704949748985,4.0,0.025635347290012756,0.007190102271232846,0.026624586407122872,0.016323778394298438,1.3314473000355065
953.0,0.26446996351314767,4.000000000000001,0.025616388090403557,0.007182567266202609,0.02660429685843425,0.016298270956640326,1.331589600071311
954.0,0.26446288832134346,4.0,0.025597466745936243,0.0071750442613812025,0.026584047170475963,0.016272828529341782,1.331732700113207
955.0,0.2644558238926744,3.999999999999999,0.02557858317258394,0.007167533231536117,0.026563837255599368,0.01624745093613758,1.3319490000139922
956.0,0.26444877019783264,3.9999999999999996,0.02555973728662214,0.007160034151494497,0.026543667026462447,0.016222138001256686,1.3321089001838118
957.0,0.26444172720760495,3.999999999999999,0.025540929004627105,0.007152546996142994,0.02652353639602827,0.016196889549419807,1.3322519001085311
958.0,0.26443469489287197,4.000000000000001,0.025522158243474435,0.0071450717404277905,0.02650344527756363,0.016171705405838566,1.332395900040865
959.0,0.2644276732246084,4.0,0.025503424920338167,0.00713760835935396,0.026483393584638002,0.016146585396214497,1.332538700196892
960.0,0.26442066217388194,4.000000000000001,0.02548472895268873,0.007130156827986168,0.026463381231121793,0.016121529346736524,1.3326795999892056
961.0,0.2644136617118532,4.0,0.02546607025829235,0.007122717121447674,0.026443408131185474,0.016096537084080542,1.332825900055468
962.0,0.2644066718097756,4.0,0.025447448755209275,0.0071152892149207204,0.02642347419929804,0.016071608435407586,1.3329667001962662
963.0,0.2643996924389944,4.0,0.025428864361792595,0.0071078730836462295,0.026403579350225758,0.01604674322836261,1.3331054002046585
964.0,0.26439272357094673,3.9999999999999996,0.025410316996687027,0.00710046870292353,0.026383723499030953,0.016021941291073455,1.333243900211528
965.0,0.2643857651771611,4.0,0.025391806578827458,0.007093076048110549,0.026363906561070665,0.015997202452148612,1.333381000207737
966.0,0.2643788172292573,3.999999999999999,0.02537333302743792,0.007085695094623249,0.026344128451995522,0.015972526540676713,1.3335183002054691
967.0,0.26437187969894516,3.9999999999999996,0.025354896262029903,0.007078325817935847,0.026324389087748173,0.01594791338622495,1.3336559000890702
968.0,0.26436495255802506,4.000000000000001,0.025336496202401464,0.007070968193580533,0.026304688384562385,0.015923362818837355,1.3338000001385808
969.0,0.26435803577838746,4.0,0.02531813276863588,0.007063622197147134,0.02628502625896165,0.015898874669033836,1.333943100180477
970.0,0.264351129332012,3.999999999999999,0.025299805881100226,0.007056287804283376,0.02626540262775791,0.01587444876780883,1.3340826001949608
971.0,0.2643442331909674,4.0,0.025281515460444097,0.007048964990694537,0.026245817408050206,0.015850084946629706,1.334219800075516
972.0,0.2643373473274114,4.0,0.025263261427598813,0.007041653732143166,0.026226270517223906,0.015825783037435703,1.3343568001873791
973.0,0.2643304717135899,3.999999999999999,0.025245043703775588,0.007034354004449107,0.02620676187294891,0.015801542872636326,1.3345157001167536
974.0,0.2643236063218369,4.000000000000001,0.025226862210464596,0.007027065783489521,0.026187291393178786,0.01577736428511009,1.3346530001144856
975.0,0.2643167511245741,4.0,0.02520871686943393,0.007019789045198252,0.026167858996149613,0.015753247108203666,1.3347983001731336
976.0,0.2643099060943104,4.000000000000001,0.025190607602727875,0.007012523765566319,0.02614846460037843,0.01572919117572988,1.3349403000902385
977.0,0.26430307120364155,4.0,0.025172534332666183,0.007005269920641245,0.0261291081246624,0.015705196321966652,1.3350790000986308
978.0,0.26429624642525007,4.0,0.025154496981842623,0.006998027486527222,0.026109789488077458,0.015681262381655764,1.3353025000542402
979.0,0.2642894317319046,3.9999999999999996,0.025136495473123743,0.006990796439384931,0.026090508609977067,0.015657389190001536,1.3355845999903977
980.0,0.26428262709645944,4.0,0.025118529729647905,0.006983576755431295,0.026071265409991246,0.0156335765826692,1.3357326001860201
981.0,0.2642758324918547,4.000000000000002,0.025100599674823868,0.006976368410939513,0.026052059808025215,0.015609824395784344,1.3358891000971198
982.0,0.2642690478911156,4.0,0.025082705232329795,0.006969171382238631,0.02603289172425834,0.015586132465930658,1.3360309000127017
983.0,0.2642622732673519,3.9999999999999996,0.025064846326111865,0.006961985645713844,0.02601376107914288,0.015562500630149745,1.3361709001474082
984.0,0.264255508593758,4.000000000000002,0.02504702288038317,0.006954811177806029,0.025994667793402818,0.015538928725938428,1.3363097000401467
985.0,0.2642487538436125,3.9999999999999996,0.025029234819622933,0.006947647955011471,0.025975611788033023,0.01551541659124897,1.33644810016267
986.0,0.2642420089902774,4.000000000000001,0.025011482068574523,0.0069404959538824805,0.025956592984297536,0.015491964064486496,1.3365867000538856
987.0,0.26423527400719854,4.0,0.02499376455224535,0.006933355151026164,0.02593761130372913,0.015468570984508878,1.336723200045526
988.0,0.2642285488679046,4.0,0.0249760821959047,0.006926225523105338,0.0259186666681275,0.015445237190624017,1.3368712000083178
989.0,0.2642218335460069,4.000000000000002,0.024958434925083303,0.0069191070468377,0.025899758999558608,0.015421962522590121,1.3370131000410765
990.0,0.2642151280151995,4.0,0.024940822665572036,0.006911999698995848,0.02588088822035346,0.015398746820613624,1.3371479001361877
991.0,0.26420843224925805,4.0,0.024923245343420615,0.0069049034564074106,0.025862054253106895,0.015375589925347682,1.3372838001232594
992.0,0.26420174622204046,3.9999999999999996,0.024905702884936595,0.006897818295954615,0.0258432570206765,0.015352491677891683,1.3374180002138019
993.0,0.2641950699074853,4.0,0.02488819521668418,0.00689074419457443,0.02582449644618153,0.015329451919789072,1.3375501001719385
994.0,0.264188403279613,4.000000000000001,0.02487072226548347,0.006883681129258053,0.025805772453002033,0.015306470493027025,1.3376847000326961
995.0,0.26418174631252445,3.9999999999999996,0.024853283958408842,0.00687662907705106,0.025787084964777357,0.015283547240034723,1.3378270000685006
996.0,0.2641750989804003,4.000000000000001,0.02483588022278803,0.006869588015053428,0.025768433905405258,0.015260682003681636,1.3379631000570953
997.0,0.2641684612575024,4.0,0.024818510986201414,0.006862557920418775,0.025749819199041044,0.015237874627277437,1.3380986000411212
998.0,0.2641618331181714,3.9999999999999996,0.024801176176480238,0.006855538770355156,0.02573124077009606,0.01521512495456967,1.3382337000221014
999.0,0.2641552145368278,3.9999999999999996,0.024783875721706074,0.006848530542124089,0.025712698543236923,0.015192432829743058,1.338367700111121
1000.0,0.26414860548797114,3.999999999999999,0.02476660955020968,0.006841533213040826,0.025694192443384518,0.015169798097418113,1.3385066001210362
1001.0,0.26414200594617954,4.0,0.024749377590569582,0.006834546760474292,0.0256757223957126,0.015147220602650058,1.3386414002161473
1002.0,0.2641354158861101,4.0,0.02473217977161157,0.006827571161846584,0.02565728832564719,0.01512470019092746,1.3387770000845194
1003.0,0.26412883528249753,4.0,0.024715016022407072,0.006820606394633346,0.025638890158865137,0.015102236708170819,1.3389179999940097
1004.0,0.2641222641101545,4.0,0.02469788627227242,0.006813652436363268,0.025620527821293253,0.015079830000731848,1.339054400101304
1005.0,0.26411570234397136,3.9999999999999996,0.024680790450767855,0.006806709264618054,0.02560220123910737,0.015057479915391997,1.3391888001933694
1006.0,0.26410914995891543,4.0,0.024663728487696164,0.0067997768570323995,0.025583910338731034,0.015035186299360903,1.339323100168258
1007.0,0.26410260693003107,4.000000000000002,0.024646700313102083,0.00679285519129373,0.02556565504683486,0.01501294900027561,1.3394563000183553
1008.0,0.2640960732324393,4.0,0.024629705857270895,0.006785944245142053,0.02554743529033513,0.014990767866199406,1.3395893999841064
1009.0,0.2640895488413372,3.9999999999999996,0.0246127450507276,0.00677904399637004,0.025529250996393072,0.014968642745620486,1.3397228000685573
1010.0,0.26408303373199765,4.0,0.02459581782423571,0.006772154422822757,0.025511102092413588,0.014946573487450182,1.339865199988708
1011.0,0.26407652787976976,4.0,0.0245789241087966,0.006765275502397411,0.025492988506044582,0.014924559941023069,1.3399998000822961
1012.0,0.26407003126007755,4.0,0.024562063835648053,0.00675840721304355,0.025474910165175637,0.014902601956094441,1.3401336001697928
1013.0,0.26406354384842023,4.0,0.02454523693626356,0.006751549532762566,0.025456866997937186,0.014880699382840201,1.3402676000259817
1014.0,0.26405706562037157,4.0,0.02452844334235123,0.006744702439607911,0.025438858932699544,0.0148588520718545,1.3404019000008702
1015.0,0.26405059655158014,4.0,0.024511682985852667,0.006737865911684739,0.025420885898071732,0.014837059874149822,1.3405354002024978
1016.0,0.26404413661776843,3.999999999999999,0.024494955798942303,0.006731039927149856,0.025402947822900843,0.014815322641154871,1.340668700169772
1017.0,0.2640376857947327,3.9999999999999996,0.024478261714026023,0.006724224464211665,0.02538504463627068,0.014793640224713772,1.3408086001873016
1018.0,0.2640312440583429,4.0,0.02446160066374044,0.006717419501129967,0.02536717626750104,0.014772012477084873,1.3409450000617653
1019.0,0.26402481138454226,4.0,0.02444497258095194,0.006710625016215718,0.025349342646146713,0.014750439250939662,1.341078900033608
1020.0,0.26401838774934705,4.0,0.024428377398755537,0.0067038409878312395,0.02533154370199646,0.01472892039936155,1.3412129001226276
1021.0,0.2640119731288459,3.9999999999999996,0.024411815050473944,0.006697067394389805,0.025313779365072005,0.01470745577584412,1.3413458000868559
1022.0,0.2640055674992001,4.0,0.024395285469656764,0.006690304214355586,0.02529604956562725,0.014686045234291095,1.34147910005413
1023.0,0.26399917083664315,4.0,0.024378788590079456,0.006683551426243599,0.02527835423414727,0.014664688629014294,1.3416115001309663
1024.0,0.26399278311748,3.999999999999999,0.024362324345742262,0.006676809008619454,0.025260693301347215,0.014643385814732929,1.3417439002078027
1025.0,0.2639864043180874,3.9999999999999996,0.024345892670869437,0.0066700769400995135,0.02524306669817163,0.014622136646572192,1.3421464001294225
1026.0,0.26398003441491313,4.0,0.024329493499908116,0.006663355199350351,0.025225474355793205,0.01460094098006201,1.3423185001593083
1027.0,0.2639736733844764,3.999999999999999,0.02431312676752783,0.006656643765088908,0.02520791620561238,0.014579798671136596,1.3424717001616955
1028.0,0.2639673212033665,4.0,0.024296792408618744,0.00664994261608251,0.02519039217925564,0.014558709576132173,1.3426219001412392
1029.0,0.26396097784824335,4.0,0.024280490358291617,0.006643251731148359,0.025172902208575352,0.01453767355178709,1.3427695001009852
1030.0,0.2639546432958372,4.0,0.02426422055187638,0.006636571089153593,0.025155446225648425,0.014516690455239706,1.3429191000759602
1031.0,0.26394831752294795,3.999999999999999,0.0242479829249213,0.006629900669015266,0.025138024162775482,0.014495760144027897,1.343066800152883
1032.0,0.2639420005064448,4.000000000000001,0.024231777413191966,0.006623240449700302,0.025120635952479917,0.01447488247608697,1.3432146001141518
1033.0,0.26393569222326685,4.000000000000001,0.024215603952670833,0.006616590410224897,0.025103281527507265,0.014454057309750162,1.3433621001895517
1034.0,0.2639293926504218,3.999999999999999,0.024199462479555744,0.006609950529654914,0.025085960820823896,0.014433284503746174,1.343521400121972
1035.0,0.263923101764986,4.0,0.024183352930259267,0.006603320787105638,0.02506867376561634,0.014412563917198223,1.3438862001057714
1036.0,0.2639168195441047,4.0,0.024167275241407975,0.00659670116174143,0.02505142029529048,0.014391895409623406,1.3441728001926094
1037.0,0.26391054596499086,4.000000000000001,0.02415122934984117,0.006590091632776003,0.025034200343470408,0.014371278840931312,1.344454700127244
1038.0,0.2639042810049258,4.0,0.024135215192610516,0.006583492179471773,0.025017013843997918,0.01435071407142302,1.344659100053832
1039.0,0.26389802464125833,3.9999999999999996,0.024119232706978633,0.006576902781140266,0.024999860730931252,0.014330200961789913,1.3448042999953032
1040.0,0.2638917768514045,4.0,0.024103281830418384,0.006570323417141818,0.024982740938544336,0.014309739373112335,1.3449453001376241
1041.0,0.26388553761284783,4.0,0.024087362500612344,0.006563754066885187,0.024965654401326188,0.014289329166858766,1.3451058000791818
1042.0,0.2638793069031383,4.0,0.024071474655451366,0.006557194709827964,0.024948601053979627,0.014268970204885129,1.3452495001256466
1043.0,0.263873084699893,3.9999999999999996,0.024055618233034197,0.006550645325475902,0.02493158083142075,0.014248662349432867,1.3453899000305682
1044.0,0.26386687098079487,3.999999999999999,0.024039793171666306,0.006544105893383186,0.024914593668777872,0.01422840546312859,1.3455372999887913
1045.0,0.2638606657235931,4.000000000000001,0.0240239994098591,0.006537576393152291,0.02489763950139074,0.014208199408981714,1.345681400038302
1046.0,0.26385446890610315,4.000000000000001,0.024008236886329342,0.006531056804433452,0.02488071826480983,0.014188044050385679,1.345816400134936
1047.0,0.2638482805062054,4.0,0.023992505539997856,0.006524547106925194,0.024863829894795242,0.01416793925111448,1.3459527001250535
1048.0,0.26384210050184587,4.0,0.023976805309988917,0.006518047280373753,0.024846974327316,0.014147884875322897,1.3461039999965578
1049.0,0.2638359288710355,3.999999999999999,0.02396113613562945,0.0065115573045731005,0.02483015149854923,0.014127880787545372,1.3462443000171334
1050.0,0.26382976559185023,4.000000000000001,0.02394549795644811,0.006505077159364891,0.024813361344879326,0.014107926852694158,1.346381900133565
1051.0,0.2638236106424303,4.000000000000001,0.023929890712174533,0.006498606824638079,0.024796603802897072,0.01408802293605943,1.3465184001252055
1052.0,0.2638174640009807,4.0,0.023914314342738482,0.006492146280329157,0.024779878809398952,0.014068168903306949,1.3466527999844402
1053.0,0.2638113256457699,4.0,0.02389876878826877,0.0064856955064220186,0.02476318630138602,0.014048364620478065,1.3467869001906365
1054.0,0.2638051955551305,4.0,0.023883253989092912,0.006479254482947445,0.02474652621606348,0.014028609953988025,1.346921700052917
1055.0,0.2637990737074586,4.000000000000001,0.023867769885735975,0.00647282318998347,0.024729898490839643,0.014008904770624941,1.3470558000262827
1056.0,0.26379296008121367,4.0,0.023852316418919845,0.0064664016076548415,0.02471330306332511,0.013989248937549353,1.3471901000011712
1057.0,0.263786854654918,4.000000000000001,0.023836893529562347,0.006459989716133509,0.024696739871332044,0.013969642322292114,1.347323400201276
1058.0,0.263780757407157,4.000000000000001,0.0238215011587767,0.006453587495637702,0.024680208852873406,0.013950084792754336,1.3474574000574648
1059.0,0.2637746683165786,4.0,0.023806139247870423,0.006447194926432516,0.024663709946162068,0.013930576217205948,1.3475926001556218
1060.0,0.2637685873618928,4.0,0.023790807738344626,0.006440811988829462,0.02464724308961,0.013911116464284529,1.3477262000087649
1061.0,0.2637625145218718,4.0,0.02377550657189332,0.006434438663186364,0.024630808221827595,0.013891705402994503,1.3478600000962615
1062.0,0.26375644977534995,4.0,0.02376023569040246,0.006428074929907398,0.024614405281622766,0.013872342902705698,1.3479934001807123
1063.0,0.26375039310122284,4.0,0.02374499503594941,0.006421720769442799,0.024598034208000347,0.013853028833153147,1.348139800131321
1064.0,0.2637443444784475,4.0,0.02372978455080184,0.006415376162288935,0.024581694940161037,0.0138337630644349,1.3482813001610339
1065.0,0.26373830388604225,4.0,0.023714604177417123,0.006409041088988055,0.024565387417500806,0.013814545467012052,1.348420200170949
1066.0,0.2637322713030861,4.0,0.023699453858441678,0.006402715530128131,0.02454911157961017,0.013795375911707153,1.348562000086531
1067.0,0.263726246708719,4.0,0.023684333536710046,0.006396399466342943,0.024532867366273362,0.013776254269703109,1.3487064000219107
1068.0,0.26372023008214107,3.9999999999999996,0.023669243155244057,0.0063900928783118816,0.02451665471746747,0.013757180412542619,1.3488541000988334
1069.0,0.2637142214026127,3.9999999999999996,0.023654182657252124,0.006383795746759843,0.024500473573361724,0.013738154212126652,1.3490021000616252
1070.0,0.2637082206494541,4.0,0.02363915198612863,0.006377508052456967,0.02448432387431686,0.01371917554071414,1.349150100024417
1071.0,0.2637022278020457,3.9999999999999996,0.023624151085453158,0.0063712297762186796,0.024468205560884377,0.013700244270920064,1.3492990999948233
1072.0,0.26369624283982696,3.9999999999999996,0.02360917989898942,0.006364960898905713,0.024452118573805515,0.01368136027571476,1.3494464000687003
1073.0,0.2636902657422967,4.0,0.02359423837068479,0.006358701401423736,0.02443606285401072,0.013662523428423418,1.3495934000238776
1074.0,0.2636842964890129,4.0,0.0235793264446696,0.0063524512647233225,0.02442003834261896,0.013643733602724667,1.349740100093186
1075.0,0.26367833505959243,3.999999999999999,0.023564444065256287,0.0063462104697998845,0.024404044980936866,0.013624990672649384,1.349881700007245
1076.0,0.2636723814337104,4.0,0.023549591176938525,0.006339978997693665,0.02438808271045794,0.013606294512580164,1.3500246000476182
1077.0,0.2636664355911008,3.999999999999999,0.02353476772439079,0.0063337568294893985,0.02437215147286201,0.013587644997249598,1.3501813001930714
1078.0,0.2636604975115553,3.999999999999999,0.02351997365246739,0.006327543946316361,0.024356251210014338,0.013569042001740389,1.350327800028026
1079.0,0.26365456717492375,4.000000000000001,0.023505208906201818,0.0063213403293482925,0.024340381863964963,0.013550485401483181,1.35046730004251
1080.0,0.26364864456111375,4.0,0.023490473430806156,0.006315145959802999,0.024324543376948025,0.013531975072256702,1.3506058000493795
1081.0,0.2636427296500902,4.0,0.02347576717167002,0.006308960818942747,0.024308735691380878,0.01351351089018557,1.3507448001764715
1082.0,0.2636368224218754,4.000000000000001,0.023461090074360185,0.006302784888073748,0.024292958749863564,0.013495092731740349,1.350883300183341
1083.0,0.26363092285654866,4.000000000000001,0.023446442084619778,0.00629661814854611,0.024277212495178058,0.013476720473736048,1.3510217000730336
1084.0,0.2636250309342461,4.0,0.023431823148367434,0.006290460581753864,0.024261496870287436,0.01345839399333143,1.3511565001681447
1085.0,0.2636191466351605,4.0,0.023417233211696663,0.006284312169134881,0.024245811818335267,0.01344011316802729,1.351289900019765
1086.0,0.26361326993954093,4.0,0.023402672220875227,0.006278172892170582,0.024230157282644917,0.013421877875666705,1.3514235001057386
1087.0,0.26360740082769274,4.0,0.023388140122344372,0.006272042732385917,0.024214533206718847,0.013403687994433228,1.351557700196281
1088.0,0.26360153927997726,4.000000000000001,0.0233736368627181,0.006265921671349304,0.024198939534237844,0.013385543402849975,1.3516916001681238
1089.0,0.26359568527681176,3.9999999999999996,0.02335916238878265,0.006259809690672398,0.02418337620906051,0.013367443979779098,1.351824900135398
1090.0,0.2635898387986685,4.0,0.023344716647495378,0.006253706772010351,0.024167843175222234,0.013349389604419976,1.352257100166753
1091.0,0.2635839998260756,4.0,0.02333029958598466,0.006247612897061099,0.024152340376934908,0.013331380156309497,1.35250150016509
1092.0,0.2635781683396161,3.9999999999999996,0.023315911151548754,0.006241528047565703,0.02413686775858593,0.013313415515319976,1.3526885001920164
1093.0,0.2635723443199281,4.0,0.023301551291655214,0.0062354522053083465,0.024121425264737643,0.013295495561658599,1.3528799000196159
1094.0,0.2635665277477042,3.9999999999999996,0.023287219953940543,0.0062293853521155716,0.02410601284012681,0.013277620175866867,1.353055400075391
1095.0,0.2635607186036915,4.000000000000001,0.02327291708620888,0.00622332746985709,0.024090630429663546,0.01325978923881907,1.3532301001250744
1096.0,0.2635549168686918,4.0,0.023258642636432004,0.006217278540444872,0.02407527797843109,0.013242002631721761,1.3534019000362605
1097.0,0.26354912252356044,4.000000000000001,0.023244396552748126,0.006211238545833584,0.024059955431684776,0.013224260236112118,1.353568300139159
1098.0,0.263543335549207,4.000000000000001,0.023230178783461612,0.006205207468020069,0.024044662734851615,0.013206561933858274,1.3537366001401097
1099.0,0.26353755592659467,4.000000000000001,0.023215989277042076,0.006199185289043722,0.024029399833529527,0.013188907607157047,1.3539144000969827
1100.0,0.2635317836367401,4.0,0.023201827982123828,0.0061931719909858575,0.02401416667348663,0.013171297138533655,1.3540870000142604
1101.0,0.26352601866071323,4.000000000000001,0.023187694847505172,0.006187167555970057,0.023998963200660698,0.013153730410841058,1.35426520020701
1102.0,0.26352026097963716,4.0,0.023173589822147865,0.006181171966161761,0.02398378936115849,0.013136207307258368,1.3544277001637965
1103.0,0.26351451057468755,3.9999999999999996,0.023159512855176253,0.00617518520376831,0.023968645101254956,0.013118727711290273,1.3545874000992626
1104.0,0.26350876742709317,4.0,0.023145463895876753,0.006169207251038918,0.023953530367392725,0.013101291506766088,1.3547473000362515
1105.0,0.2635030315181352,4.0,0.0231314428936974,0.006163238090264186,0.023938445106181545,0.01308389857783887,1.3549169001635164
1106.0,0.26349730282914674,4.000000000000001,0.023117449798246703,0.0061572777037766195,0.023923389264397327,0.013066548808984418,1.355075600091368
1107.0,0.26349158134151346,4.0,0.023103484559293654,0.006151326073949851,0.023908362788981924,0.013049242085000523,1.3552296000998467
1108.0,0.26348586703667254,4.000000000000002,0.02308954712676637,0.006145383183199207,0.023893365627042012,0.013031978291005636,1.355383099988103
1109.0,0.26348015989611323,4.000000000000001,0.023075637450752234,0.006139449013980959,0.023878397725849,0.013014757312438535,1.3555374001152813
1110.0,0.263474459901376,4.0,0.02306175548149655,0.006133523548792828,0.023863459032837892,0.012997579035056939,1.3556917000096291
1111.0,0.26346876703405264,4.000000000000001,0.02304790116940241,0.006127606770173355,0.02384854949560697,0.012980443344936976,1.3558549000881612
1112.0,0.2634630812757863,4.000000000000001,0.023034074465029863,0.00612169866070213,0.02383366906191707,0.012963350128471884,1.3560097999870777
1113.0,0.2634574026082711,3.999999999999999,0.023020275319095403,0.0061157992029995095,0.02381881767969104,0.012946299272371509,1.356164600001648
1114.0,0.26345173101325126,4.0,0.02300650368247099,0.006109908379726896,0.023803995297012815,0.012929290663661025,1.3563226000405848
1115.0,0.26344606647252244,4.0,0.02299275950618418,0.006104026173585863,0.023789201862127365,0.012912324189680302,1.356483300216496
1116.0,0.2634404089679301,3.999999999999999,0.022979042741416673,0.006098152567318951,0.023774437323439496,0.01289539973808318,1.3566437000408769
1117.0,0.2634347584813699,4.000000000000001,0.022965353339504165,0.00609228754370905,0.023759701629513522,0.01287851719683572,1.356828800169751
1118.0,0.26342911499478794,4.000000000000002,0.022951691251935868,0.00608643108557916,0.023744994729072773,0.012861676454216736,1.3569982000626624
1119.0,0.2634234784901796,4.000000000000001,0.022938056430353477,0.006080583175792796,0.023730316570998687,0.01284487739881568,1.3571654001716524
1120.0,0.2634178489495903,3.9999999999999996,0.022924448826550932,0.006074743797253556,0.02371566710433048,0.012828119919532172,1.357336400076747
1121.0,0.2634122263551144,4.000000000000001,0.022910868392473402,0.006068912932905186,0.023701046278264182,0.012811403905575003,1.357507400214672
1122.0,0.26340661068889615,3.999999999999999,0.022897315080217445,0.006063090565731079,0.02368645404215267,0.012794729246461856,1.3576708000618964
1123.0,0.26340100193312826,3.9999999999999996,0.022883788842029403,0.006057276678754893,0.023671890345504248,0.012778095832017528,1.3579699001275003
1124.0,0.2633954000700527,4.000000000000001,0.022870289630305685,0.006051471255039808,0.023657355137982793,0.012761503552373571,1.3581477000843734
1125.0,0.26338980508196014,4.0,0.022856817397591864,0.006045674277688509,0.023642848369406815,0.012744952297967654,1.3583092000335455
1126.0,0.26338421695118963,4.0,0.02284337209658178,0.00603988572984359,0.023628369989748748,0.01272844195954198,1.35846980009228
1127.0,0.26337863566012865,3.9999999999999996,0.022829953680117532,0.006034105594686862,0.023613919949134733,0.012711972428142954,1.3586280001327395
1128.0,0.26337306119121284,4.0,0.022816562101188344,0.006028333855439652,0.02359949819784362,0.012695543595120234,1.3588017001748085
1129.0,0.2633674935269259,3.9999999999999996,0.02280319731293055,0.006022570495362324,0.02358510468630682,0.012679155352125854,1.3589661000296474
1130.0,0.2633619326497991,4.0,0.02278985926862639,0.006016815497754767,0.023570739365107285,0.012662807591113268,1.359126100083813
1131.0,0.26335637854241173,4.0,0.022776547921704037,0.006011068845955618,0.023556402184979328,0.01264650020433647,1.359279200201854
1132.0,0.2633508311873903,4.0,0.022763263225736706,0.006005330523342562,0.02354209309680783,0.012630233084349407,1.3594323000870645
1133.0,0.2633452905674085,4.0,0.02275000513444195,0.005999600513332289,0.023527812051627583,0.012614006124004984,1.3595865000970662
1134.0,0.2633397566651875,3.999999999999999,0.022736773601681526,0.005993878799380114,0.02351355900062303,0.012597819216453865,1.3597339000552893
1135.0,0.263334229463495,4.000000000000001,0.02272356858146034,0.005988165364980254,0.023499333895127338,0.012581672255144005,1.3598931999877095
1136.0,0.2633287089451459,4.0,0.022710390027926488,0.005982460193665162,0.023485136686622266,0.012565565133820233,1.360043200198561
1137.0,0.2633231950930013,4.0,0.022697237895370023,0.005976763269006087,0.02347096732673712,0.012549497746522364,1.3601876001339406
1138.0,0.26331768788996895,4.0,0.022684112138222846,0.005971074574612554,0.02345682576724851,0.012533469987584894,1.360534000210464
1139.0,0.2633121873190028,4.0,0.022671012711058043,0.005965394094132428,0.023442711960079732,0.012517481751636611,1.360760800074786
1140.0,0.26330669336310286,4.0,0.022657939568589358,0.005959721811251689,0.02342862585730022,0.012501532933599069,1.3609118000604212
1141.0,0.26330120600531515,4.0,0.02264489266567057,0.0059540577096945085,0.023414567411124926,0.012485623428685949,1.3610576000064611
1142.0,0.26329572522873135,4.0,0.022631871957294967,0.005948401773223101,0.023400536573913812,0.012469753132402367,1.3612023000605404
1143.0,0.26329025101648873,4.0,0.02261887739859483,0.005942753985637527,0.023386533298171294,0.012453921940543844,1.3613419001922011
1144.0,0.2632847833517701,4.0,0.02260590894484102,0.005937114330775605,0.023372557536545806,0.012438129749196003,1.3614823000971228
1145.0,0.26327932221780326,4.0,0.02259296655144212,0.005931482792513084,0.023358609241829045,0.012422376454733097,1.3616168000735343
1146.0,0.26327386759786137,4.0,0.02258005017394429,0.0059258593547631255,0.023344688366955666,0.012406661953816983,1.361750700045377
1147.0,0.2632684194752623,4.0,0.02256715976803037,0.00592024400147662,0.02333079486500253,0.012390986143397537,1.361904100049287
1148.0,0.2632629778333689,4.000000000000001,0.022554295289519573,0.00591463671664182,0.023316928689188297,0.0123753489207106,1.3620407001581043
1149.0,0.26325754265558843,3.9999999999999996,0.022541456694367037,0.005909037484284159,0.023303089792872957,0.012359750183277868,1.3623359000775963
1150.0,0.26325211392537257,4.0,0.02252864393866289,0.005903446288466696,0.023289278129557032,0.012344189828905477,1.3625822002068162
1151.0,0.26324669162621733,4.000000000000001,0.02251585697863225,0.005897863113289359,0.02327549365288139,0.012328667755683864,1.3628120000939816
1152.0,0.263241275741663,3.9999999999999996,0.022503095770634352,0.005892287942889191,0.023261736316626477,0.012313183861986515,1.3630387000739574
1153.0,0.26323586625529344,4.000000000000001,0.022490360271162108,0.005886720761440374,0.02324800607471187,0.012297738046469331,1.3632671001832932
1154.0,0.2632304631507367,3.999999999999999,0.022477650436841697,0.005881161553153748,0.023234302881195802,0.012282330208069736,1.3634948001708835
1155.0,0.2632250664116641,4.000000000000001,0.02246496622443182,0.005875610302277176,0.02322062669027449,0.012266960246005904,1.3637205001432449
1156.0,0.26321967602179086,3.999999999999999,0.022452307590823634,0.005870066993094901,0.023206977456281953,0.01225162805977617,1.3639664000365883
1157.0,0.26321429196487484,4.0,0.022439674493039536,0.005864531609928189,0.02319335513368896,0.012236333549157624,1.3641779001336545
1158.0,0.2632089142247178,3.9999999999999996,0.022427066888233402,0.0058590041371344576,0.023179759677103076,0.0122210766142061,1.3643387001939118
1159.0,0.2632035427851641,4.0,0.02241448473368958,0.005853484559107739,0.02316619104126779,0.012205857155254934,1.3645036001689732
1160.0,0.2631981776301009,4.000000000000001,0.0224019279868226,0.005847972860278361,0.023152649181062152,0.012190675072914103,1.3646678000222892
1161.0,0.26319281874345846,4.0,0.022389396605176734,0.005842469025112766,0.02313913405150032,0.012175530268069917,1.364833700004965
1162.0,0.2631874661092089,4.0,0.02237689054642511,0.00583697303811379,0.023125645607730755,0.012160422641883495,1.3649999999906868
1163.0,0.2631821197113674,4.000000000000001,0.022364409768369755,0.005831484883820176,0.02311218380503616,0.012145352095790596,1.3651686001103371
1164.0,0.2631767795339909,4.000000000000001,0.02235195422894077,0.0058260045468064865,0.023098748598832642,0.012130318531500844,1.3653392000123858
1165.0,0.2631714455611788,4.0,0.0223395238861959,0.00582053201168341,0.023085339944669398,0.012115321850996175,1.3655158001929522
1166.0,0.2631661177770719,4.0,0.022327118698320023,0.005815067263097319,0.023071957798228085,0.01210036195653108,1.3656950001604855
1167.0,0.2631607961658533,4.0,0.022314738623624708,0.005809610285730288,0.02305860211532242,0.012085438750631283,1.3658731000032276
1168.0,0.2631554807117475,4.0,0.022302383620547747,0.005804161064299931,0.02304527285189767,0.012070552136093038,1.3660660001914948
1169.0,0.2631501713990205,4.0,0.022290053647652682,0.00579871958355943,0.023031969964030223,0.012055702015982328,1.366251600207761
1170.0,0.2631448682119796,4.0,0.022277748663628135,0.005793285828297398,0.023018693407926887,0.012040888293634366,1.3664401001296937
1171.0,0.2631395711349732,4.0,0.022265468627287673,0.005787859783337655,0.023005443139924715,0.01202611087265218,1.3666350999847054
1172.0,0.2631342801523909,4.0,0.02225321349756893,0.005782441433539522,0.02299221911649023,0.012011369656906468,1.366829400183633
1173.0,0.2631289952486631,4.0,0.02224098323353351,0.005777030763797199,0.02297902129421917,0.011996664550535108,1.3670234000310302
1174.0,0.2631237164082608,4.000000000000001,0.022228777794366234,0.0057716277590401065,0.022965849629835854,0.011981995457941153,1.3672195000108331
1175.0,0.26311844361569614,3.999999999999999,0.022216597139374916,0.005766232404232523,0.02295270408019288,0.011967362283793442,1.3674226000439376
1176.0,0.2631131768555207,4.0,0.022204441227989494,0.005760844684373808,0.022939584602270316,0.011952764933024884,1.3676203000359237
1177.0,0.2631079161123273,4.000000000000001,0.022192310019762056,0.005755464584497887,0.022926491153175636,0.011938203310832257,1.3678150000050664
1178.0,0.2631026613707486,4.0,0.022180203474366163,0.0057500920896735,0.022913423690143087,0.011923677322675463,1.368025200208649
1179.0,0.26309741261545705,4.0,0.02216812155159618,0.005744727185003991,0.02290038217053303,0.011909186874276195,1.3682223001960665
1180.0,0.2630921698311653,3.999999999999999,0.0221560642113672,0.005739369855627238,0.022887366551831802,0.01189473187161802,1.3684182001743466
1181.0,0.2630869330026253,4.0,0.02214403141371415,0.005734020086715671,0.022874376791650913,0.0118803122209446,1.3686062002088875
1182.0,0.2630817021146292,4.000000000000001,0.022132023118791824,0.005728677863475829,0.022861412847726928,0.011865927828760336,1.3689478000160307
1183.0,0.2630764771520081,4.0,0.022120039286874133,0.005723343171148625,0.022848474677920817,0.011851578601828422,1.369146800134331
1184.0,0.2630712580996326,3.9999999999999996,0.02210807987835356,0.005718015995009237,0.022835562240217405,0.011837264447170204,1.3693317000288516
1185.0,0.26306604494241226,3.999999999999999,0.022096144853740948,0.005712696320366854,0.022822675492725115,0.011822985272065323,1.3695100001059473
1186.0,0.263060837665296,3.9999999999999996,0.02208423417366495,0.005707384132564671,0.02280981439367541,0.011808740984050353,1.369687900179997
1187.0,0.2630556362532713,4.0,0.02207234779887151,0.00570207941697988,0.0227969789014223,0.011794531490917665,1.3698656000196934
1188.0,0.2630504406913645,4.0,0.022060485690223605,0.0056967821590233675,0.02278416897444204,0.01178035670071581,1.3700610001105815
1189.0,0.2630452509646408,4.0,0.022048647808700708,0.005691492344139798,0.0227713845713326,0.011766216521747891,1.3702350000385195
1190.0,0.2630400670582035,4.0,0.022036834115398116,0.0056862099578075835,0.022758625650813023,0.011752110862570775,1.3704060001764446
1191.0,0.2630348889571944,3.9999999999999996,0.022025044571526996,0.005680934985538562,0.02274589217172338,0.011738039631995045,1.370577400084585
1192.0,0.2630297166467935,3.999999999999999,0.02201327913841348,0.005675667412878181,0.022733184093023957,0.011724002739084083,1.3707487999927253
1193.0,0.2630245501122186,4.000000000000001,0.022001537777498435,0.0056704072254053,0.022720501373794975,0.011710000093152678,1.370920900022611
1194.0,0.26301938933872604,4.000000000000001,0.02198982045033721,0.00566515440873198,0.022707843973236295,0.011696031603767226,1.3710896000266075
1195.0,0.2630142343116094,4.000000000000001,0.021978127118598804,0.005659908948503479,0.022695211850666606,0.011682097180744616,1.3712542001158
1196.0,0.26300908501620013,4.000000000000001,0.021966457744065797,0.005654670830398351,0.022682604965523386,0.01166819673415112,1.3714189000893384
1197.0,0.26300394143786715,4.0,0.021954812288633687,0.005649440040128044,0.022670023277362172,0.011654330174302674,1.3715810000430793
1198.0,0.2629988035620169,3.9999999999999987,0.02194319071431053,0.005644216563437154,0.02265746674585626,0.011640497411762818,1.3717401002068073
1199.0,0.2629936713740927,4.000000000000001,0.021931592983216515,0.00563900038610308,0.02264493533079621,0.01162669835734334,1.3718990001361817
1200.0,0.2629885448595757,3.999999999999999,0.021920019057583846,0.005633791493935852,0.022632428992089712,0.011612932922102859,1.3720734000671655
1201.0,0.2629834240039832,4.0,0.02190846889975557,0.005628589872778562,0.02261994768976052,0.011599201017345878,1.3722294000908732
1202.0,0.26297830879287026,4.0,0.02189694247218611,0.0056233955085065405,0.022607491383948804,0.011585502554622984,1.3723840999882668
1203.0,0.2629731992118279,4.0,0.021885439737439973,0.005618208387028021,0.022595060034910033,0.011571837445728844,1.372537499992177
1204.0,0.2629680952464841,4.0,0.02187396065819198,0.00561302849428346,0.02258265360301505,0.011558205602703125,1.3726912001147866
1205.0,0.2629629968825035,4.0,0.02186250519722652,0.005607855816245769,0.022570272048749392,0.011544606937828272,1.3728453000076115
1206.0,0.2629579041055868,4.000000000000001,0.02185107331743715,0.005602690338920222,0.022557915332712904,0.011531041363629646,1.3729972001165152
1207.0,0.2629528169014709,4.0,0.021839664981826407,0.00559753204834416,0.022545583415619446,0.011517508792874775,1.3731496999971569
1208.0,0.2629477352559289,4.0,0.02182828015350511,0.005592380930587197,0.022533276258296316,0.011504009138572552,1.3732980000786483
1209.0,0.2629426591547701,4.0,0.02181691879569216,0.005587236971750834,0.02252099382168392,0.011490542313972202,1.373446100158617
1210.0,0.2629375885838393,3.999999999999999,0.02180558087171413,0.005582100157968681,0.022508736066835452,0.011477108232563538,1.3735886001959443
1211.0,0.2629325235290171,3.9999999999999996,0.021794266345004615,0.005576970475406221,0.022496502954916207,0.011463706808074986,1.3737308999989182
1212.0,0.2629274639762198,4.0,0.021782975179104193,0.0055718479102606485,0.02248429444720348,0.01145033795447395,1.3738735001534224
1213.0,0.2629224099113991,4.000000000000001,0.0217717073376598,0.005566732448760907,0.022472110505086015,0.011437001585965917,1.374027900164947
1214.0,0.2629173613205421,4.000000000000002,0.02176046278442439,0.005561624077167501,0.02245995109006358,0.011423697616993217,1.3741731001064181
1215.0,0.262912318189671,4.000000000000002,0.021749241483256517,0.005556522781772606,0.022447816163746623,0.011410425962235377,1.3743122001178563
1216.0,0.2629072805048433,4.000000000000001,0.02173804339812,0.005551428548899752,0.02243570568785586,0.01139718653660693,1.3744507001247257
1217.0,0.2629022482521513,3.9999999999999996,0.021726868493083373,0.005546341364904038,0.022423619624221788,0.01138397925525833,1.3745847002137452
1218.0,0.2628972214177221,4.0,0.02171571673231969,0.005541261216171649,0.022411557934784398,0.011370804033574211,1.3747180001810193
1219.0,0.2628921999877177,4.0,0.021704588080106054,0.0055361880891201315,0.022399520581592756,0.011357660787173512,1.3748509001452476
1220.0,0.26288718394833477,4.000000000000001,0.02169348250082329,0.005531121970198084,0.022387507526804636,0.01134454943190813,1.3749844999983907
1221.0,0.26288217328580415,4.000000000000001,0.021682399958955382,0.005526062845885222,0.022375518732685985,0.011331469883862494,1.3751182002015412
1222.0,0.2628771679863915,3.9999999999999996,0.02167134041908934,0.005521010702692158,0.022363554161610733,0.011318422059353017,1.3752512000501156
1223.0,0.26287216803639624,4.0,0.021660303845914497,0.005515965527160564,0.022351613776060156,0.011305405874927288,1.375383700011298
1224.0,0.26286717342215227,4.000000000000001,0.02164929020422251,0.005510927305862777,0.022339697538622777,0.011292421247363349,1.3755165000911802
1225.0,0.2628621841300275,4.000000000000001,0.02163829945890669,0.0055058960254018826,0.02232780541199376,0.011279468093669476,1.375650100177154
1226.0,0.2628572001464235,3.999999999999999,0.021627331574961783,0.00550087167241171,0.02231593735897465,0.011266546331082927,1.3757835000287741
1227.0,0.26285222145777565,4.000000000000001,0.021616386517483353,0.005495854233556706,0.022304093342472794,0.011253655877069446,1.3759233001619577
1228.0,0.2628472480505534,3.999999999999999,0.021605464251667955,0.00549084369553149,0.02229227332550137,0.011240796649323342,1.3760683999862522
1229.0,0.2628422799112591,4.0,0.02159456474281193,0.005485840045061564,0.022280477271178396,0.011227968565765412,1.3762171000707895
1230.0,0.262837317026429,4.000000000000001,0.021583687956311822,0.005480843268902469,0.022268705142726945,0.011215171544543628,1.3763539001811296
1231.0,0.2628323593826326,4.000000000000001,0.021572833857663672,0.005475853353839998,0.02225695690347449,0.011202405504031926,1.376488600159064
1232.0,0.26282740696647233,4.000000000000001,0.021562002412462516,0.0054708702866902645,0.022245232516852457,0.01118967036282928,1.3766231001354754
1233.0,0.2628224597645841,3.9999999999999996,0.021551193586402326,0.005465894054299277,0.022233531946396032,0.011176966039759872,1.3767566001042724
1234.0,0.2628175177636363,4.000000000000001,0.021540407345275254,0.005460924643543416,0.02222185515574359,0.011164292453871377,1.376890900079161
1235.0,0.26281258095033067,4.000000000000001,0.021529643654971783,0.005455962041328618,0.022210202108636595,0.01115164952443562,1.3771364002022892
1236.0,0.26280764931140144,4.0,0.02151890248147992,0.005451006234590884,0.02219857276891898,0.011139037170946414,1.3773330000694841
1237.0,0.2628027228336154,4.0,0.021508183790885,0.00544605721029592,0.022186967100536848,0.011126455313120454,1.3775447001680732
1238.0,0.26279780150377186,4.000000000000002,0.021497487549369306,0.005441114955439335,0.02217538506753815,0.011113903870895309,1.377732900204137
1239.0,0.26279288530870276,4.000000000000001,0.02148681372321189,0.005436179457046033,0.02216382663407238,0.011101382764429957,1.3778821001760662
1240.0,0.2627879742352721,4.0,0.02147616227878795,0.005431250702170719,0.022152291764390077,0.01108889191410356,1.3780331001617014
1241.0,0.26278306827037623,4.0,0.02146553318256851,0.005426328677897485,0.022140780422842427,0.01107643124051469,1.3781889001838863
1242.0,0.2627781674009433,4.0,0.02145492640112022,0.005421413371339834,0.022129292573881066,0.011064000664481072,1.3783256001770496
1243.0,0.2627732716139337,4.0,0.02144434190110498,0.005416504769640566,0.022117828182057698,0.011051600107038706,1.378460300154984
1244.0,0.26276838089633947,4.0,0.021433779649279446,0.005411602859971764,0.022106387212023595,0.011039229489441443,1.3785953000187874
1245.0,0.26276349523518455,4.0,0.021423239612494843,0.005406707629534566,0.022094969628529373,0.01102688873316035,1.378771500196308
1246.0,0.26275861461752437,4.000000000000001,0.021412721757696464,0.005401819065559376,0.02208357539642456,0.01101457775988296,1.3789079000707716
1247.0,0.26275373903044597,4.000000000000001,0.02140222605192354,0.005396937155305411,0.022072204480657356,0.011002296491512631,1.3790434000547975
1248.0,0.2627488684610678,4.000000000000001,0.021391752462308667,0.005392061886060974,0.022060856846274134,0.01099004485016783,1.3791783000342548
1249.0,0.2627440028965395,4.000000000000001,0.02138130095607759,0.0053871932451431195,0.02204953245841916,0.010977822758182348,1.3793141001369804
1250.0,0.26273914232404205,4.0,0.02137087150054882,0.005382331219897723,0.02203823128233424,0.010965630138103227,1.3794518001377583
1251.0,0.2627342867307874,4.0,0.02136046406313333,0.005377475797699398,0.022026953283358398,0.01095346691269139,1.3795894000213593
1252.0,0.26272943610401855,4.0,0.021350078611334148,0.005372626965951399,0.022015698426927452,0.010941333004920561,1.3797243000008166
1253.0,0.2627245904310092,4.000000000000001,0.021339715112746117,0.005367784712085449,0.022004466678573767,0.01092922833797641,1.3798576002009213
1254.0,0.2627197496990644,4.0,0.02132937353505563,0.005362949023561656,0.02199325800392594,0.010917152835256932,1.3800156000070274
1255.0,0.262714913895519,4.000000000000001,0.02131905384603985,0.005358119887868929,0.021982072368708166,0.010905106420370264,1.3801638002041727
1256.0,0.2627100830077391,3.9999999999999996,0.021308756013567135,0.005353297292523951,0.0219709097387404,0.010893089017135732,1.3802978000603616
1257.0,0.262705257023121,4.0,0.02129848000559586,0.005348481225072133,0.021959770079937442,0.010881100549581635,1.3804318001493812
1258.0,0.2627004359290912,4.0,0.02128822579017479,0.005343671673086793,0.0219486533583091,0.010869140941946465,1.3805643999949098
1259.0,0.26269561971310684,3.9999999999999996,0.021277993335442388,0.005338868624169417,0.021937559539959572,0.010857210118676602,1.3806969001889229
1260.0,0.2626908083626548,4.0,0.02126778260962652,0.005334072065949527,0.021926488591087156,0.01084530800442668,1.3808306001592427
1261.0,0.26268600186525215,4.0,0.021257593581044183,0.005329281986084653,0.021915440477983945,0.0108334345240588,1.3809630000032485
1262.0,0.26268120020844615,4.0,0.021247426218101308,0.005324498372260016,0.02190441516703558,0.010821589602641846,1.381096500204876
1263.0,0.26267640337981357,4.000000000000001,0.02123728048929209,0.005319721212188876,0.02189341262472068,0.010809773165451009,1.381230000173673
1264.0,0.26267161136696093,4.000000000000001,0.021227156363199072,0.0053149504936120745,0.0218824328176108,0.010797985137967064,1.3813625001348555
1265.0,0.2626668241575246,4.0,0.021217053808492557,0.00531018620429812,0.021871475712369904,0.010786225445875902,1.3814956001006067
1266.0,0.26266204173917035,4.0,0.02120697279393031,0.005305428332043207,0.021860541275754066,0.010774494015067831,1.3816295000724494
1267.0,0.26265726409959333,3.9999999999999996,0.021196913288357388,0.005300676864670916,0.021849629474611224,0.010762790771637387,1.381763500161469
1268.0,0.2626524912265181,4.000000000000001,0.021186875260705635,0.005295931790032358,0.021838740275880748,0.01075111564188172,1.3818962001241744
1269.0,0.26264772310769857,4.0,0.021176858679993638,0.0052911930960058825,0.021827873646593297,0.010739468552301457,1.3820412000641227
1270.0,0.26264295973091745,4.000000000000002,0.02116686351532601,0.005286460770497331,0.02181702955387022,0.010727849429598896,1.3821775000542402
1271.0,0.26263820108398694,4.0,0.021156889735893563,0.005281734801439471,0.02180620796492355,0.010716258200678341,1.3823120000306517
1272.0,0.2626334471547478,4.0,0.021146937310972544,0.005277015176792505,0.021795408847055407,0.010704694792644798,1.3824450001120567
1273.0,0.26262869793106985,3.9999999999999996,0.0211370062099246,0.005272301884543516,0.021784632167657827,0.010693159132803748,1.382578100077808
1274.0,0.2626239534008515,4.000000000000001,0.0211270964021963,0.005267594912706795,0.021773877894212375,0.010681651148660515,1.3827123001683503
1275.0,0.26261921355201984,4.0,0.021117207857319152,0.005262894249323232,0.02176314599429001,0.01067017076791979,1.3828455000184476
1276.0,0.26261447837253066,4.000000000000001,0.021107340544908832,0.005258199882460907,0.021752436435550485,0.010658717918485022,1.3829784002155066
1277.0,0.26260974785036806,4.0,0.021097494434665312,0.005253511800214429,0.0217417491857423,0.01064729252845778,1.3831107001751661
1278.0,0.2626050219735445,3.9999999999999996,0.021087669496372183,0.005248829990705287,0.021731084212702163,0.01063589452613714,1.3832432001363486
1279.0,0.26260030073010066,4.0,0.02107786569989655,0.005244154442081613,0.021720441484354775,0.010624523840019356,1.3833763001020998
1280.0,0.2625955841081056,4.0,0.021068083015188893,0.005239485142517894,0.021709820968712674,0.010613180398796884,1.383509400067851
1281.0,0.26259087209565624,3.9999999999999996,0.02105832141228243,0.005234822080215388,0.021699222633875692,0.01060186413135844,1.383642400149256
1282.0,0.26258616468087737,3.9999999999999996,0.021048580861292993,0.0052301652434016375,0.021688646448030736,0.010590574966787947,1.3837761001195759
1283.0,0.262581461851922,4.000000000000001,0.02103886133241868,0.005225514620330657,0.021678092379451456,0.010579312834363835,1.3839166001416743
1284.0,0.26257676359697085,4.0,0.021029162795939808,0.005220870199282479,0.021667560396498142,0.010568077663559244,1.3840741000603884
1285.0,0.262572069904232,4.0,0.02101948522221813,0.005216231968563623,0.021657050467617043,0.010556869384040601,1.384209900163114
1286.0,0.2625673807619415,3.9999999999999996,0.021009828581696963,0.005211599916506692,0.02164656256134038,0.01054568792566779,1.3843443000223488
1287.0,0.2625626961583627,4.000000000000001,0.02100019284490067,0.005206974031470371,0.021636096646285904,0.010534533218492736,1.3844785001128912
1288.0,0.2625580160817865,4.000000000000002,0.020990577982434613,0.005202354301839178,0.021625652691156707,0.010523405192759988,1.384612400084734
1289.0,0.26255334052053114,4.0,0.020980983964984563,0.005197740716023722,0.02161523066474078,0.010512303778905413,1.3847455000504851
1290.0,0.2625486694629419,4.0,0.020971410763316534,0.005193133262460548,0.021604830535910776,0.010501228907555588,1.384878900134936
1291.0,0.2625440028973912,4.000000000000002,0.020961858348276487,0.005188531929611916,0.021594452273623683,0.010490180509527519,1.3850126001052558
1292.0,0.26253934081227887,4.000000000000001,0.020952326690790304,0.005183936705965669,0.021584095846920757,0.010479158515828368,1.3851466001942754
1293.0,0.2625346831960314,4.0,0.020942815761863024,0.005179347580035531,0.021573761224926873,0.010468162857654367,1.3852802000474185
1294.0,0.26253003003710207,4.0,0.020933325532578824,0.005174764540360718,0.021563448376850376,0.010457193466390291,1.3857247000560164
1295.0,0.2625253813239711,3.999999999999999,0.020923855974100854,0.005170187575505944,0.02155315727198296,0.010446250273609625,1.3858779000584036
1296.0,0.2625207370451454,4.0,0.020914407057670635,0.005165616674061488,0.021542887879699074,0.010435333211072984,1.3860208000987768
1297.0,0.2625160971891584,4.0,0.020904978754608124,0.005161051824642857,0.021532640169455913,0.010424442210728635,1.3861553000751883
1298.0,0.2625114617445702,4.0,0.02089557103631123,0.005156493015890941,0.021522414110792983,0.010413577204711116,1.3862905001733452
1299.0,0.26250683069996705,4.000000000000001,0.020886183874255525,0.0051519402364718705,0.02151220967333178,0.01040273812534126,1.3864255000371486
1300.0,0.26250220404396163,4.000000000000001,0.020876817239994034,0.0051473934750770264,0.0215020268267756,0.010391924905125471,1.3865624000318348
1301.0,0.2624975817651932,4.000000000000001,0.020867471105157038,0.005142852720422744,0.021491865540909275,0.010381137476754898,1.386697000125423
1302.0,0.26249296385232673,4.0,0.020858145441451606,0.005138317961250524,0.02148172578559875,0.010370375773105484,1.3868310002144426
1303.0,0.2624883502940534,4.000000000000001,0.02084884022066141,0.005133789186326871,0.02147160753079088,0.010359639727236941,1.3869646000675857
1304.0,0.2624837410790904,4.0,0.02083955541464661,0.00512926638444301,0.021461510746513257,0.01034892927239267,1.3871002001687884
1305.0,0.26247913619618085,4.000000000000001,0.02083029099534324,0.005124749544415259,0.021451435402873673,0.010338244341998593,1.3874300001189113
1306.0,0.2624745356340937,4.0,0.020821046934763353,0.005120238655084549,0.02144138147006019,0.010327584869663425,1.387604300165549
1307.0,0.26246993938162344,4.0,0.0208118232049944,0.00511573370531648,0.021431348918340497,0.010316950789177715,1.3877523001283407
1308.0,0.2624653474275904,4.0,0.02080261977819913,0.005111234684001403,0.02142133771806188,0.010306342034513138,1.3878928001504391
1309.0,0.2624607597608405,3.9999999999999996,0.020793436626615334,0.0051067415800541425,0.02141134783965087,0.010295758539822397,1.3880327001679689
1310.0,0.2624561763702448,4.0,0.020784273722555414,0.005102254382414249,0.021401379253612907,0.01028520023943838,1.3881719000637531
1311.0,0.26245159724470013,4.0,0.020775131038406454,0.005097773080045359,0.021391431930532244,0.010274667067873944,1.3883100000675768
1312.0,0.26244702237312834,3.9999999999999996,0.02076600854662958,0.005093297661935791,0.02138150584107147,0.010264158959821301,1.3884501000866294
1313.0,0.2624424517444767,4.0,0.020756906219759928,0.0050888281170980414,0.02137160095597136,0.010253675850151078,1.3886057001072913
1314.0,0.2624378853477175,4.0,0.020747824030406318,0.0050843644345687725,0.021361717246050554,0.010243217673912786,1.3887473000213504
1315.0,0.2624333231718479,4.000000000000001,0.020738761951250958,0.0050799066034090306,0.021351854682205317,0.010232784366333153,1.3888867001514882
1316.0,0.2624287652058907,3.9999999999999996,0.020729719955049436,0.005075454612703634,0.021342013235409386,0.010222375862816546,1.3890258001629263
1317.0,0.2624242114388926,4.000000000000001,0.020720698014629807,0.005071008451561986,0.021332192876713278,0.01021199209894369,1.3891649001743644
1318.0,0.2624196618599258,4.0,0.020711696102893275,0.005066568109116899,0.021322393577244674,0.010201633010472111,1.3893028001766652
1319.0,0.2624151164580871,4.000000000000001,0.02070271419281312,0.005062133574525449,0.02131261530820757,0.010191298533334614,1.389440800063312
1320.0,0.2624105752224979,4.0,0.020693752257434923,0.005057704836968414,0.02130285804088237,0.01018098860363953,1.3895951001904905
1321.0,0.2624060381423038,4.000000000000001,0.020684810269875998,0.005053281885650481,0.021293121746625385,0.010170703157669686,1.3897363001015037
1322.0,0.2624015052066756,3.999999999999999,0.020675888203325596,0.005048864709799809,0.02128340639686891,0.010160442131882719,1.3898763000033796
1323.0,0.2623969764048077,3.999999999999999,0.020666986031043954,0.005044453298668594,0.021273711963120456,0.010150205462909317,1.3900153001304716
1324.0,0.2623924517259194,3.9999999999999996,0.02065810372636273,0.0050400476415323105,0.021264038416962974,0.010139993087553811,1.39015410002321
1325.0,0.2623879311592539,4.0,0.02064924126268438,0.005035647727690083,0.02125438573005434,0.010129804942793502,1.390293100150302
1326.0,0.2623834146940788,4.000000000000002,0.02064039861348201,0.005031253546464541,0.021244753874127185,0.010119640965777499,1.3904316001571715
1327.0,0.2623789023196856,4.0,0.020631575752299177,0.005026865087201489,0.021235142820988623,0.010109501093827078,1.3905746000818908
1328.0,0.2623743940253898,4.0,0.020622772652749487,0.005022482339270368,0.021225552542519944,0.01009938526443449,1.3907109000720084
1329.0,0.2623698898005309,4.0,0.020613989288516432,0.005018105292063717,0.021215983010676363,0.0100892934152631,1.3908453001640737
1330.0,0.26236538963447215,3.999999999999999,0.020605225633353322,0.005013733934997317,0.02120643419748696,0.010079225484146526,1.3909795000217855
1331.0,0.2623608935166005,4.000000000000001,0.02059648166108257,0.005009368257510203,0.021196906075054006,0.010069181409088024,1.3911148000042886
1332.0,0.2623564014363269,3.9999999999999996,0.020587757345596185,0.005005008249064213,0.021187398615553313,0.010059161128260607,1.3912498999852687
1333.0,0.2623519133830854,4.000000000000001,0.020579052660854708,0.0050006538991445365,0.021177911791233354,0.010049164580005598,1.391384000191465
1334.0,0.26234742934633404,4.0,0.020570367580887688,0.00499630519725907,0.021168445574415547,0.010039191702833433,1.391529600135982
1335.0,0.262342949315554,4.000000000000001,0.02056170207979278,0.004991962132938809,0.021158999937493494,0.010029242435421637,1.3916680000256747
1336.0,0.26233847328025006,3.9999999999999996,0.020553056131736254,0.0049876246957373405,0.02114957485293334,0.010019316716616072,1.3918020001146942
1337.0,0.26233400122995,3.9999999999999996,0.02054442971095201,0.0049832928752312445,0.021140170293272902,0.010009414485428691,1.3919360002037138
1338.0,0.2623295331542049,4.000000000000001,0.020535822791741747,0.00497896666101984,0.021130786231121804,0.009999535681038452,1.3920698000583798
1339.0,0.26232506904258934,3.999999999999999,0.020527235348474962,0.004974646042724695,0.021121422639161322,0.009989680242790455,1.3922028001397848
1340.0,0.2623206088847005,4.0,0.020518667355587966,0.004970331009990457,0.021112079490143647,0.009979848110194672,1.3923359999898821
1341.0,0.26231615267015873,4.0,0.020510118787584408,0.004966021552484076,0.0211027567568922,0.00997003922292683,1.3924702000804245
1342.0,0.2623117003886073,4.0,0.020501589619034716,0.004961717659894825,0.021093454412301087,0.009960253520826967,1.3926778000313789
1343.0,0.26230725202971233,4.0,0.02049307982457576,0.004957419321934651,0.02108417242933488,0.009950490943899298,1.3928159000352025
1344.0,0.2623028075831626,4.0,0.020484589378910803,0.004953126528337689,0.021074910781028418,0.009940751432311629,1.3929553001653403
1345.0,0.26229836703866977,3.9999999999999996,0.02047611825680928,0.004948839268860311,0.02106566944048663,0.009931034926394938,1.3930983000900596
1346.0,0.2622939303859678,4.0,0.020467666433106404,0.004944557533281241,0.021056448380884156,0.009921341366643022,1.3932435000315309
1347.0,0.2622894976148137,4.0,0.020459233882703178,0.0049402813114012385,0.021047247575465305,0.009911670693712071,1.393386600073427
1348.0,0.26228506871498625,4.0,0.020450820580565826,0.004936010593043208,0.021038066997543514,0.009902022848419817,1.393578500021249
1349.0,0.26228064367628723,4.0,0.020442426501725966,0.0049317453680521135,0.021028906620501494,0.00989239777174547,1.3939502001740038
1350.0,0.26227622248854054,3.999999999999999,0.020434051621280147,0.004927485626294742,0.021019766417790735,0.009882795404829198,1.3941114000044763
1351.0,0.26227180514159204,4.0,0.020425695914389495,0.0049232313576601525,0.021010646362931245,0.009873215688971454,1.3942687001544982
1352.0,0.2622673916253103,3.999999999999999,0.020417359356279922,0.004918982552058815,0.02100154642951157,0.009863658565632843,1.3944255001842976
1353.0,0.26226298192958547,4.0,0.020409041922241418,0.004914739199423328,0.020992466591188277,0.009854123976433371,1.3945808000862598
1354.0,0.26225857604433017,4.0,0.02040074358762829,0.004910501289707786,0.020983406821686,0.009844611863152053,1.3947394001297653
1355.0,0.2622541739594786,4.0,0.02039246432785846,0.0049062688128881276,0.02097436709479689,0.009835122167726862,1.3948978001717478
1356.0,0.26224977566498714,4.000000000000001,0.02038420411841363,0.004902041758961927,0.02096534738438068,0.009825654832253311,1.395055000204593
1357.0,0.26224538115083385,4.0,0.020375962934838933,0.004897820117948097,0.020956347664364303,0.009816209798985315,1.3952099999878556
1358.0,0.2622409904070185,3.9999999999999996,0.020367740752742693,0.004893603879887203,0.020947367908741722,0.009806787010333606,1.395362599985674
1359.0,0.26223660342356236,4.0,0.020359537547796083,0.004889393034841379,0.02093840809157358,0.009797386408865849,1.3955286000855267
1360.0,0.262232220190509,4.0,0.0203513532957333,0.0048851875728938374,0.020929468186987245,0.009788007937306054,1.3956789001822472
1361.0,0.26222784069792265,4.0,0.020343187972350917,0.004880987484149377,0.020920548169176302,0.009778651538534439,1.3958282000385225
1362.0,0.2622234649358895,4.0,0.020335041553507852,0.004876792758733907,0.020911648012400422,0.009769317155586321,1.3959764000028372
1363.0,0.26221909289451706,4.0,0.02032691401512526,0.00487260338679458,0.02090276769098527,0.009760004731652089,1.3961263000965118
1364.0,0.26221472456393397,4.000000000000001,0.02031880533318608,0.004868419358499782,0.020893907179322074,0.009750714210077033,1.3962721000425518
1365.0,0.26221035993429054,3.9999999999999996,0.02031071548373514,0.004864240664038731,0.020885066451867617,0.009741445534360571,1.3964133001863956
1366.0,0.2622059989957578,4.0,0.020302644442878503,0.00486006729362198,0.020876245483143742,0.009732198648155499,1.3965555001050234
1367.0,0.26220164173852806,4.0,0.020294592186783762,0.004855899237480869,0.020867444247737475,0.009722973495268405,1.3966980001423508
1368.0,0.26219728815281484,4.0,0.020286558691679373,0.004851736485867772,0.020858662720300465,0.009713770019658202,1.3968359001446515
1369.0,0.2621929382288524,3.999999999999999,0.020278543933854917,0.0048475790290557486,0.020849900875549148,0.00970458816543654,1.3969737000297755
1370.0,0.26218859195689614,3.9999999999999996,0.02027054788966035,0.004843426857338839,0.020841158688264066,0.009695427876867169,1.3971112000290304
1371.0,0.26218424932722206,4.0,0.02026257053550619,0.004839279961031795,0.020832436133290014,0.009686289098365192,1.3972483000252396
1372.0,0.26217991033012716,3.999999999999999,0.020254611847863337,0.004835138330469853,0.020823733185535792,0.009677171774496757,1.3973809001035988
1373.0,0.2621755749559289,4.000000000000001,0.020246671803262475,0.004831001956009164,0.020815049819973723,0.009668075849979002,1.3975266001652926
1374.0,0.2621712431949657,4.0,0.020238750378294337,0.0048268708280262765,0.020806386011639796,0.00965900126967914,1.3976625001523644
1375.0,0.26216691503759626,4.0,0.020230847549609236,0.0048227449369182725,0.020797741735633243,0.009649947978614237,1.3977970001287758
1376.0,0.26216259047419993,3.9999999999999996,0.020222963293916825,0.004818624273102713,0.020789116967116276,0.009640915921950793,1.397932300111279
1377.0,0.2621582694951764,4.000000000000001,0.020215097587986033,0.004814508827017615,0.020780511681314038,0.009631905045004469,1.3980648000724614
1378.0,0.26215395209094594,4.000000000000001,0.020207250408644854,0.004810398589121324,0.020771925853514353,0.00962291529323922,1.39819910004735
1379.0,0.26214963825194904,4.0,0.020199421732780155,0.004806293549892233,0.020763359459067477,0.009613946612267388,1.3983331001363695
1380.0,0.2621453279686462,4.0,0.020191611537337277,0.004802193699829388,0.020754812473385852,0.009604998947849025,1.3984664999879897
1381.0,0.2621410212315185,3.999999999999999,0.02018381979932008,0.004798099029451768,0.020746284871943972,0.009596072245891263,1.398598900064826
1382.0,0.26213671803106664,4.000000000000002,0.02017604649579058,0.004794009529298571,0.020737776630278107,0.009587166452448254,1.3987312000244856
1383.0,0.262132418357812,4.000000000000002,0.020168291603868998,0.004789925189928869,0.02072928772398627,0.009578281513720921,1.3988640999887139
1384.0,0.26212812220229537,4.0,0.02016055510073331,0.004785846001921853,0.020720818128727815,0.009569417376055878,1.398997100070119
1385.0,0.26212382955507774,4.000000000000001,0.020152836963618994,0.0047817719558768314,0.020712367820223215,0.009560573985945536,1.3991305001545697
1386.0,0.26211954040673996,3.9999999999999996,0.020145137169819215,0.004777703042412726,0.020703936774254108,0.009551751290027527,1.3992643000092357
1387.0,0.26211525474788255,3.999999999999999,0.02013745569668417,0.004773639252168614,0.020695524966662788,0.009542949235084447,1.3993983000982553
1388.0,0.26211097256912574,4.0,0.020129792521621215,0.00476958057580322,0.020687132373352204,0.009534167768042945,1.3995433000382036
1389.0,0.26210669386110963,4.0,0.020122147622094615,0.004765527003994868,0.020678758970285725,0.009525406835974082,1.3996787001378834
1390.0,0.2621024186144938,4.0,0.020114520975625258,0.004761478527441728,0.02067040473348689,0.009516666386092304,1.3998143000062555
1391.0,0.26209814681995725,4.000000000000001,0.020106912559790514,0.004757435136861625,0.02066206963903924,0.009507946365755332,1.3999486002139747
1392.0,0.26209387846819876,3.9999999999999996,0.020099322352224173,0.004753396822991715,0.020653753663086184,0.009499246722463633,1.4000824000686407
1393.0,0.2620896135499361,4.000000000000001,0.020091750330615842,0.0047493635765891344,0.020645456781830558,0.009490567403860062,1.4002167000435293
1394.0,0.26208535205590683,3.999999999999999,0.020084196472711386,0.004745335388429965,0.020637178971534803,0.009481908357729524,1.4003507001325488
1395.0,0.26208109397686735,4.000000000000001,0.020076660756312092,0.004741312249310131,0.020628920208520377,0.009473269531998285,1.4004846001043916
1396.0,0.26207683930359377,4.0,0.020069143159275094,0.004737294150044575,0.020620680469167957,0.009464650874734054,1.4006183000747114
1397.0,0.26207258802688094,4.0,0.020061643659512636,0.004733281081467761,0.02061245972991686,0.009456052334145232,1.4007522000465542
1398.0,0.2620683401375431,4.0,0.020054162234992234,0.004729273034433356,0.020604257967265095,0.009447473858580552,1.400885600131005
1399.0,0.26206409562641336,4.0,0.020046698863736424,0.004725269999814205,0.020596075157769147,0.009438915396528802,1.401019300101325
1400.0,0.2620598544843439,4.0,0.020039253523822437,0.004721271968502287,0.020587911278043613,0.009430376896618187,1.401156300213188
1401.0,0.2620556167022057,4.0,0.020031826193382254,0.004717278931408693,0.020579766304761278,0.00942185830761641,1.4012905000708997
1402.0,0.26205138227088876,4.000000000000001,0.020024416850602182,0.004713290879463636,0.020571640214652687,0.009413359578429703,1.4014308000914752
1403.0,0.2620471511813019,3.9999999999999996,0.02001702547372292,0.0047093078036160654,0.020563532984506125,0.009404880658102854,1.4015705999918282
1404.0,0.2620429234243724,4.0,0.020009652041039015,0.004705329694834221,0.020555444591167215,0.009396421495818541,1.401705900207162
1405.0,0.26203869899104654,4.0,0.020002296530899178,0.0047013565441048856,0.020547375011539044,0.00938798204089722,1.4018812000285834
1406.0,0.26203447787228895,4.000000000000001,0.019994958921705542,0.004697388342433992,0.02053932422258159,0.009379562242796402,1.4020157000049949
1407.0,0.2620302600590832,3.9999999999999996,0.019987639191914167,0.004693425080845873,0.020531292201312033,0.009371162051110882,1.4022844000719488
1408.0,0.2620260455424308,4.000000000000001,0.019980337320033993,0.0046894667503839926,0.020523278924803906,0.009362781415571175,1.4024259999860078
1409.0,0.26202183431335224,4.0,0.019973053284627548,0.004685513342110169,0.0205152843701876,0.009354420286044579,1.4025634999852628
1410.0,0.262017626362886,4.0,0.019965787064310084,0.004681564847105066,0.020507308514649644,0.00934607861253342,1.402699600206688
1411.0,0.2620134216820892,3.999999999999999,0.019958538637749903,0.004677621256467724,0.020499351335432896,0.009337756345176196,1.4028338000643998
1412.0,0.26200922026203693,3.999999999999999,0.01995130798366774,0.004673682561315937,0.020491412809836046,0.009329453434245516,1.4029679000377655
1413.0,0.2620050220938226,4.000000000000001,0.0199440950808369,0.004669748752785818,0.02048349291521364,0.009321169830148884,1.4031018000096083
1414.0,0.262000827168558,3.9999999999999996,0.019936899908083186,0.004665819822031715,0.020475591628975984,0.00931290548342803,1.4032345002051443
1415.0,0.2619966354773725,4.000000000000001,0.019929722444284138,0.004661895760226759,0.020467708928588544,0.00930466034475852,1.4033678001724184
1416.0,0.2619924470114141,4.0,0.019922562668369555,0.004657976558562103,0.020459844791572254,0.009296434364948897,1.4035012000240386
1417.0,0.2619882617618484,3.9999999999999996,0.01991542055932099,0.004654062208247188,0.02045199919550311,0.009288227494941237,1.4036346999928355
1418.0,0.26198407971985893,3.999999999999999,0.01990829609617141,0.004650152700509812,0.020444172118011836,0.009280039685810065,1.4037675000727177
1419.0,0.261979900876647,4.0,0.019901189258005367,0.0046462480265958735,0.02043636353678399,0.009271870888762163,1.4039124001283199
1420.0,0.26197572522343215,4.0,0.01989410002395878,0.004642348177769265,0.020428573429559744,0.009263721055136204,1.404049500124529
1421.0,0.2619715527514512,3.9999999999999996,0.019887028373218475,0.00463845314531206,0.020420801774133454,0.009255590136402675,1.4041840999852866
1422.0,0.26196738345195886,3.999999999999999,0.01987997428502237,0.00463456292052434,0.020413048548353813,0.009247478084162819,1.404318500077352
1423.0,0.2619632173162275,4.0,0.019872937738659002,0.004630677494724158,0.020405313730123387,0.009239384850148968,1.4044521001633257
1424.0,0.261959054335547,4.0,0.019865918713467656,0.004626796859247416,0.020397597297398685,0.009231310386223796,1.4045856001321226
1425.0,0.2619548945012249,4.0,0.01985891718883796,0.0046229210054479055,0.020389899228189807,0.009223254644379952,1.4047195999883115
1426.0,0.2619507378045859,4.000000000000001,0.019851933144209834,0.004619049924697292,0.02038221950056036,0.009215217576740015,1.4048537001945078
1427.0,0.2619465842369725,4.0,0.019844966559073342,0.004615183608384832,0.020374558092627268,0.00920719913555565,1.4049896001815796
1428.0,0.26194243378974424,4.0,0.019838017412968333,0.004611322047917763,0.020366914982560495,0.009199199273207587,1.4051234000362456
1429.0,0.2619382864542779,4.000000000000002,0.01983108568548454,0.00460746523472087,0.020359290148583058,0.009191217942205038,1.4052570001222193
1430.0,0.2619341422219681,4.0,0.01982417135626144,0.004603613160236386,0.020351683568970852,0.009183255095185971,1.4053899000864476
1431.0,0.2619300010842258,4.000000000000001,0.019817274404987616,0.004599765815924464,0.020344095222052133,0.009175310684915283,1.4055238000582904
1432.0,0.26192586303247983,4.000000000000002,0.019810394811401254,0.004595923193262406,0.020336525086207848,0.009167384664286293,1.4056575000286102
1433.0,0.2619217280581757,4.000000000000001,0.019803532555289546,0.004592085283745222,0.02032897313987114,0.009159476986319137,1.4057907001115382
1434.0,0.2619175961527761,4.0,0.019796687616488614,0.004588252078885244,0.020321439361527232,0.0091515876041606,1.4059331000316888
1435.0,0.2619134673077605,3.9999999999999996,0.019789859974883424,0.004584423570212202,0.020313923729713326,0.009143716471084251,1.4060698000248522
1436.0,0.2619093415146254,4.000000000000001,0.01978304961040746,0.004580599749273318,0.020306426223018308,0.00913586354048923,1.4062036001123488
1437.0,0.26190521876488443,4.0,0.019776256503042943,0.004576780607632777,0.020298946820082854,0.009128028765901103,1.4063377000857145
1438.0,0.26190109905006764,3.9999999999999996,0.019769480632820222,0.0045729661368721685,0.020291485499598926,0.009120212100970276,1.406471900176257
1439.0,0.26189698236172193,4.0,0.01976272197981782,0.0045691563285903325,0.02028404224030978,0.009112413499472422,1.4066069000400603
1440.0,0.26189286869141104,4.0,0.019755980524162366,0.004565351174403098,0.02027661702100985,0.009104632915307803,1.4067820000927895
1441.0,0.2618887580307153,4.0,0.019749256246028253,0.0045615506659435106,0.02026920982054445,0.009096870302500948,1.4069159000646323
1442.0,0.2618846503712316,4.0,0.01974254912563766,0.004557754794861481,0.020261820617809723,0.0090891256152007,1.4070501001551747
1443.0,0.2618805457045734,4.000000000000001,0.01973585914326017,0.004553963552824197,0.02025444939175235,0.009081398807678942,1.4071836001239717
1444.0,0.26187644402237076,4.0,0.01972918627921299,0.0045501769315153835,0.020247096121369622,0.009073689834331544,1.4073167000897229
1445.0,0.2618723453162699,4.000000000000001,0.01972253051386022,0.004546394922636139,0.020239760785708886,0.009065998649676749,1.407451300183311
1446.0,0.2618682495779338,4.0,0.019715891827613415,0.00454261751790399,0.020232443363867886,0.009058325208355728,1.407584800152108
1447.0,0.2618641567990415,4.000000000000001,0.01970927020093075,0.004538844709053553,0.02022514383499411,0.00905066946513175,1.4077184000052512
1448.0,0.2618600669712884,4.000000000000001,0.019702665614317338,0.004535076487836078,0.020217862178284984,0.00904303137488971,1.407851500203833
1449.0,0.2618559800863861,3.999999999999999,0.019696078048324916,0.004531312846019515,0.020210598372987578,0.009035410892636847,1.4079970000311732
1450.0,0.2618518961360625,4.0,0.019689507483551562,0.004527553775388628,0.02020335239839836,0.009027807973500751,1.4081318001262844
1451.0,0.2618478151120618,3.999999999999999,0.019682953900641904,0.004523799267744464,0.020196124233863282,0.009020222572730413,1.408266199985519
1452.0,0.26184373700614366,4.0,0.01967641728028647,0.004520049314905118,0.020188913858777302,0.009012654645695256,1.4084002000745386
1453.0,0.26183966181008433,4.0,0.019669897603222002,0.004516303908704836,0.02018172125258451,0.009005104147884746,1.4085361000616103
1454.0,0.261835589515676,4.0,0.019663394850231098,0.004512563040994428,0.020174546394777844,0.008997571034908586,1.4086709001567215
1455.0,0.26183152011472643,4.0,0.019656909002142002,0.004508826703641228,0.020167389264898902,0.008990055262495522,1.4088043000083417
1456.0,0.2618274535990597,4.0,0.01965044003982856,0.004505094888528963,0.020160249842537847,0.008982556786493845,1.4089380002114922
1457.0,0.26182338996051535,4.0,0.019643987944210153,0.004501367587557584,0.020153128107333308,0.008975075562870583,1.4090713001787663
1458.0,0.2618193291909491,3.9999999999999996,0.01963755269625135,0.004497644792643323,0.020146024038972064,0.008967611547711474,1.4092045000288635
1459.0,0.2618152712822318,4.0,0.019631134276961736,0.004493926495719008,0.020138937617188928,0.008960164697219858,1.4093383001163602
1460.0,0.26181121622625064,4.0,0.019624732667396193,0.004490212688733176,0.02013186882176684,0.008952734967717785,1.40947200008668
1461.0,0.2618071640149081,4.000000000000001,0.019618347848654218,0.004486503363650829,0.020124817632536346,0.008945322315644183,1.4096067000646144
1462.0,0.2618031146401222,3.9999999999999996,0.01961197980188012,0.0044827985124530215,0.02011778402937572,0.008937926697555748,1.4097411001566797
1463.0,0.26179906809382664,4.0,0.019605628508262665,0.004479098127136965,0.02011076799221063,0.008930548070125277,1.4098744001239538
1464.0,0.26179502436797053,3.9999999999999996,0.019599293949035132,0.004475402199715719,0.02010376950101412,0.008923186390143084,1.4100197001826018
1465.0,0.2617909834545184,4.0,0.01959297610547502,0.004471710722218542,0.020096788535806397,0.00891584161451453,1.4101545000448823
1466.0,0.2617869453454502,4.000000000000001,0.019586674958904038,0.004468023686690441,0.020089825076654733,0.008908513700262216,1.41031499998644
1467.0,0.26178291003276133,4.0,0.019580390490687813,0.004464341085192427,0.020082879103673228,0.008901202604523206,1.4105464001186192
1468.0,0.2617788775084622,4.0,0.0195741226822359,0.0044606629098012255,0.020075950597022753,0.0088939082845505,1.4106858000159264
1469.0,0.2617748477645787,4.0,0.019567871515001427,0.004456989152609661,0.02006903953691069,0.00888663069771159,1.4108285000547767
1470.0,0.2617708207931517,4.000000000000001,0.019561636970481192,0.004453319805726082,0.020062145903590893,0.008879369801488762,1.4110123000573367
1471.0,0.26176679658623764,4.000000000000001,0.01955541903021547,0.004449654861274547,0.020055269677363544,0.008872125553478688,1.4112387001514435
1472.0,0.26176277513590757,4.0,0.01954921767578777,0.004445994311394857,0.020048410838574924,0.008864897911392028,1.411385599989444
1473.0,0.26175875643424773,4.0,0.019543032888824686,0.004442338148242529,0.02004156936761725,0.008857686833052658,1.4115414000116289
1474.0,0.26175474047335956,4.0,0.019536864650995963,0.004438686363988547,0.02003474524492871,0.008850492276398392,1.4116768999956548
1475.0,0.2617507272453593,4.0,0.019530712944014157,0.004435038950819437,0.020027938450993096,0.008843314199479507,1.4118118002079427
1476.0,0.261746716742378,4.000000000000002,0.019524577749634515,0.004431395900937365,0.02002114896633976,0.008836152560459498,1.411946800071746
1477.0,0.2617427089565619,4.0,0.01951845904965508,0.004427757206559755,0.020014376771543604,0.008829007317613907,1.4120832001790404
1478.0,0.2617387038800716,4.0,0.019512356825916167,0.004424122859919617,0.020007621847224634,0.008821878429330327,1.4122190000489354
1479.0,0.26173470150508293,4.0,0.019506271060300482,0.00442049285326529,0.020000884174048047,0.008814765854108342,1.4123535000253469
1480.0,0.26173070182378616,3.9999999999999987,0.019500201734733026,0.004416867178860299,0.019994163732724064,0.008807669550558755,1.4125024999957532
1481.0,0.2617267048283861,4.000000000000001,0.01949414883118064,0.004413245828983864,0.019987460504007633,0.008800589477403642,1.4126435001380742
1482.0,0.26172271051110274,4.0,0.019488112331652475,0.004409628795929869,0.019980774468698635,0.008793525593475904,1.4127803000155836
1483.0,0.26171871886417,4.0,0.01948209221819908,0.004406016072007921,0.01997410560764124,0.008786477857718938,1.412916800007224
1484.0,0.2617147298798369,3.999999999999999,0.019476088472913034,0.004402407649542419,0.019967453901724313,0.008779446229186333,1.4130512000992894
1485.0,0.2617107435503665,4.0,0.019470101077928115,0.004398803520873157,0.019960819331880736,0.008772430667041475,1.4131854001898319
1486.0,0.26170675986803654,4.0,0.019464130015419773,0.004395203678354829,0.01995420187908774,0.008765431130557472,1.4133209001738578
1487.0,0.2617027788251392,3.999999999999999,0.019458175267604624,0.004391608114357193,0.019947601524366487,0.00875844757911684,1.4134544001426548
1488.0,0.2616988004139808,4.000000000000001,0.019452236816740333,0.004388016821265234,0.01994101824878195,0.008751479972210846,1.4135881999973208
1489.0,0.2616948246268823,4.000000000000001,0.019446314645125834,0.004384429791478462,0.01993445203344299,0.008744528269439639,1.4137220000848174
1490.0,0.2616908514561787,4.0,0.01944040873510075,0.004380847017411527,0.019927902859501925,0.00873759243051167,1.4138564001768827
1491.0,0.26168688089421915,4.0,0.01943451906904551,0.004377268491494011,0.01992137070815459,0.008730672415243279,1.41399130015634
1492.0,0.2616829129333673,4.0,0.019428645629381174,0.004373694206170268,0.01991485556064014,0.008723768183558855,1.4141259000170976
1493.0,0.2616789475660004,4.0,0.019422788398569295,0.004370124153899366,0.019908357398240886,0.008716879695490287,1.4142595001030713
1494.0,0.2616749847845104,3.999999999999999,0.019416947359111748,0.004366558327155324,0.01990187620228219,0.008710006911176293,1.4143927001859993
1495.0,0.26167102458130276,4.000000000000001,0.019411122493550727,0.0043629967184266654,0.01989541195413236,0.008703149790862924,1.4145391001366079
1496.0,0.2616670669487975,4.000000000000001,0.019405313784468612,0.004359439320216532,0.019888964635202545,0.00869630829490256,1.4146755000110716
1497.0,0.26166311187942803,4.0,0.019399521214487656,0.004355886125042797,0.019882534226946448,0.008689482383753944,1.4148097999859601
1498.0,0.261659159365642,4.000000000000001,0.01939374476626992,0.0043523371254381195,0.019876120710860277,0.00868267201798148,1.4149441001936793
1499.0,0.26165520939990083,4.0,0.01938798442251746,0.004348792313949243,0.019869724068482773,0.008675877158255851,1.4150776001624763
1500.0,0.26165126197467986,4.000000000000002,0.01938224016597164,0.004345251683137864,0.019863344281394732,0.008669097765352879,1.4152143001556396
1501.0,0.26164731708246813,3.9999999999999996,0.019376511979413605,0.004341715225579759,0.019856981331219256,0.00866233380015341,1.4153486001305282
1502.0,0.2616433747157684,4.0,0.019370799845663648,0.004338182933865461,0.019850635199621304,0.008655585223643236,1.4154817000962794
1503.0,0.2616394348670971,3.999999999999999,0.019365103747581394,0.004334654800599738,0.019844305868307748,0.008648851996912399,1.4156152000650764
1504.0,0.2616354975289844,4.000000000000002,0.019359423668065565,0.004331130818401702,0.019837993319027157,0.008642134081155578,1.4157512001693249
1505.0,0.2616315626939743,4.0,0.019353759590054045,0.004327610979904613,0.019831697533569836,0.008635431437671398,1.4158853001426905
1506.0,0.2616276303546238,4.000000000000001,0.019348111496523324,0.004324095277756288,0.019825418493767344,0.008628744027861707,1.4160186001099646
1507.0,0.26162370050350386,4.0,0.019342479370488903,0.004320583704618519,0.01981915618149279,0.008622071813232185,1.4161525000818074
1508.0,0.26161977313319873,4.000000000000002,0.019336863195004706,0.004317076253167539,0.019812910578660334,0.00861541475539132,1.4162855001632124
1509.0,0.2616158482363065,4.0,0.01933126295316339,0.004313572916093369,0.019806681667225372,0.00860877281605063,1.4164192001335323
1510.0,0.261611925805438,4.0,0.019325678628095817,0.0043100736861004995,0.019800469429184134,0.008602145957023799,1.416565600084141
1511.0,0.2616080058332178,4.0,0.019320110202971207,0.004306578555907252,0.01979427384657372,0.008595534140227179,1.4167017000727355
1512.0,0.2616040883122839,4.0,0.019314557660996993,0.004303087518246029,0.019788094901472007,0.00858893732767882,1.4168355001602322
1513.0,0.2616001732352873,4.0,0.019309020985418496,0.004299600565863348,0.01978193257599733,0.008582355481498494,1.4169700001366436
1514.0,0.2615962605948924,4.0,0.019303500159519173,0.00429611769151945,0.019775786852308637,0.008575788563907283,1.4171039999928325
1515.0,0.2615923503837767,4.0,0.01929799516662007,0.004292638887988693,0.01976965771260505,0.008569236537227493,1.4172374000772834
1516.0,0.261588442594631,3.9999999999999996,0.019292505990080092,0.004289164148059132,0.019763545139126027,0.008562699363882154,1.4173708001617342
1517.0,0.2615845372201589,4.0,0.019287032613295542,0.004285693464532877,0.019757449114150987,0.008556177006394966,1.4175054000224918
1518.0,0.26158063425307754,3.9999999999999996,0.019281575019700403,0.004282226830225509,0.019751369619999466,0.008549669427389883,1.4176386001054198
1519.0,0.26157673368611656,4.0,0.0192761331927657,0.0042787642379667895,0.01974530663903063,0.008543176589590723,1.4178226999938488
1520.0,0.26157283551201893,4.000000000000001,0.01927070711599994,0.004275305680599833,0.019739260153643547,0.008536698455821223,1.4179727002047002
1521.0,0.2615689397235406,3.9999999999999996,0.019265296772948713,0.004271851150981444,0.019733230146276853,0.00853023498900432,1.4181105000898242
1522.0,0.2615650463134502,4.0,0.01925990214719442,0.004268400641982422,0.01972721659940855,0.008523786152162344,1.4182579000480473
1523.0,0.2615611552745293,4.0,0.0192545232223564,0.004264954146486892,0.01972121949555599,0.008517351908416237,1.4183969001751393
1524.0,0.26155726659957235,3.9999999999999996,0.0192491599820909,0.004261511657392545,0.019715238817275896,0.008510932220985978,1.4185320001561195
1525.0,0.2615533802813864,4.000000000000001,0.019243812410090627,0.004258073167610747,0.01970927454716395,0.008504527053189354,1.418850400019437
1526.0,0.2615494963127918,4.0,0.01923848049008504,0.004254638670066139,0.019703326667854973,0.008498136368442932,1.4190003999974579
1527.0,0.26154561468662085,3.9999999999999996,0.019233164205839832,0.004251208157697023,0.019697395162022523,0.008491760130260345,1.419137299992144
1528.0,0.26154173539571896,4.000000000000002,0.019227863541156968,0.00424778162345514,0.01969148001237887,0.008485398302253255,1.4192751001100987
1529.0,0.2615378584329441,4.000000000000002,0.01922257847987484,0.004244359060305339,0.01968558120167508,0.008479050848130304,1.4194114001002163
1530.0,0.2615339837911669,4.0,0.01921730900586783,0.004240940461226044,0.019679698712700686,0.008472717731697582,1.4195462001953274
1531.0,0.2615301114632703,4.000000000000001,0.019212055103046174,0.004237525819208976,0.019673832528283485,0.008466398916857382,1.4196798000484705
1532.0,0.26152624144215,4.000000000000001,0.019206816755356144,0.004234115127259118,0.019667982631289715,0.008460094367608612,1.4198134001344442
1533.0,0.2615223737207139,4.000000000000001,0.019201593946779685,0.0042307083783945185,0.019662149004623677,0.008453804048046604,1.4199467001017183
1534.0,0.26151850829188267,3.9999999999999996,0.019196386661334375,0.004227305565646692,0.019656331631227732,0.008447527922362474,1.420080500189215
1535.0,0.2615146451485891,3.999999999999999,0.019191194883073383,0.004223906682060087,0.019650530494082184,0.008441265954842847,1.4202137000393122
1536.0,0.2615107842837784,3.999999999999999,0.019186018596085257,0.004220511720692467,0.019644745576205148,0.008435018109870074,1.4203475001268089
1537.0,0.261506925690408,3.999999999999999,0.019180857784493903,0.004217120674614538,0.019638976860652434,0.008428784351921459,1.4204809002112597
1538.0,0.261503069361448,4.0,0.01917571243245838,0.004213733536910138,0.019633224330517392,0.008422564645569147,1.4206283001694828
1539.0,0.2614992152898803,4.0,0.019170582524172988,0.0042103503006760065,0.019627487968930952,0.008416358955480069,1.420765500050038
1540.0,0.26149536346869906,4.000000000000001,0.019165468043866863,0.00420697095902203,0.019621767759061277,0.00841016724641555,1.4209003001451492
1541.0,0.26149151389091096,4.0,0.019160368975804185,0.004203595505070834,0.019616063684113876,0.008403989483230623,1.4210336001124233
1542.0,0.2614876665495343,3.9999999999999996,0.01915528530428374,0.004200223931958225,0.019610375727331267,0.008397825630874795,1.4211682002060115
1543.0,0.26148382143759974,4.000000000000002,0.01915021701363909,0.004196856232832665,0.019604703871993027,0.008391675654390446,1.4213022000622004
1544.0,0.2614799785481501,4.0,0.01914516408823847,0.004193492400855488,0.019599048101415762,0.008385539518914131,1.4214357000309974
1545.0,0.26147613787423996,4.0,0.019140126512484337,0.004190132429200901,0.019593408398952614,0.008379417189674526,1.4215689999982715
1546.0,0.26147229940893585,4.000000000000001,0.01913510427081369,0.004186776311055894,0.019587784747993612,0.008373308631993842,1.421702800085768
1547.0,0.2614684631453166,3.999999999999999,0.019130097347697855,0.00418342403961997,0.01958217713196535,0.008367213811286717,1.4218364001717418
1548.0,0.2614646290764725,4.000000000000001,0.019125105727642,0.0041800756081057195,0.019576585534330677,0.008361132693059797,1.4220257000997663
1549.0,0.2614607971955061,4.0,0.0191201293951857,0.004176731009737981,0.019571009938589044,0.008355065242912046,1.4221617002040148
1550.0,0.26145696749553127,4.0,0.019115168334902247,0.004173390237754451,0.019565450328275953,0.008349011426534242,1.4222964001819491
1551.0,0.2614531399696743,4.0,0.01911022253139884,0.004170053285405424,0.01955990668696312,0.008342971209708672,1.4224296000320464
1552.0,0.26144931461107257,4.0,0.0191052919693164,0.004166720145953652,0.019554378998258213,0.008336944558308967,1.4225727000739425
1553.0,0.2614454914128758,4.000000000000001,0.019100376633329554,0.004163390812674449,0.0195488672458049,0.00833093143829966,1.4227101001888514
1554.0,0.26144167036824506,3.9999999999999996,0.019095476508146438,0.004160065278855565,0.019543371413282613,0.008324931815736264,1.4228472001850605
1555.0,0.2614378514703527,4.0,0.019090591578508457,0.004156743537797453,0.019537891484406367,0.008318945656764637,1.4229821001645178
1556.0,0.2614340347123836,3.9999999999999996,0.01908572182919063,0.004153425582812587,0.019532427442926947,0.008312972927621204,1.4231160001363605
1557.0,0.26143022008753325,3.9999999999999996,0.019080867245000983,0.004150111407226157,0.01952697927263047,0.008307013594632151,1.4232501999940723
1558.0,0.2614264075890093,4.0,0.01907602781078075,0.004146801004375599,0.019521546957338477,0.008301067624214009,1.4233843002002686
1559.0,0.26142259721003064,4.000000000000001,0.019071203511404247,0.004143494367610525,0.019516130480907782,0.00829513498287221,1.4235181000549346
1560.0,0.26141878894382764,4.0,0.019066394331778657,0.004140191490293052,0.019510729827230358,0.008289215637201974,1.4236527001485229
1561.0,0.26141498278364217,4.0,0.019061600256843995,0.0041368923657974085,0.019505344980233187,0.008283309553887452,1.423786300001666
1562.0,0.26141117872272746,4.0,0.01905682127157303,0.004133596987510008,0.019499975923878216,0.00827741669970164,1.4239197000861168
1563.0,0.261407376754348,3.999999999999999,0.019052057360971146,0.0041303053488296205,0.019494622642162257,0.0082715370415061,1.4240536000579596
1564.0,0.2614035768717797,4.0,0.019047308510076237,0.004127017443167089,0.019489285119116816,0.008265670546250825,1.424187800148502
1565.0,0.2613997790683097,4.0,0.019042574703958714,0.004123733263945219,0.01948396333880806,0.008259817180973794,1.4243205999955535
1566.0,0.2613959833372364,4.000000000000001,0.019037855927721257,0.0041204528045990785,0.01947865728533668,0.008253976912800859,1.4244555002078414
1567.0,0.2613921896718695,4.0,0.019033152166498837,0.004117176058575699,0.019473366942837807,0.008248149708945801,1.4245996000245214
1568.0,0.2613883980655297,3.999999999999999,0.019028463405458582,0.004113903019334118,0.019468092295480903,0.008242335536709555,1.424735400127247
1569.0,0.26138460851154904,4.0,0.019023789629799517,0.004110633680345509,0.019462833327469526,0.00823653436348007,1.4248705001082271
1570.0,0.2613808210032705,4.0,0.019019130824752782,0.0041073680350927864,0.019457590023041482,0.008230746156732527,1.42501030000858
1571.0,0.2613770355340481,3.9999999999999996,0.01901448697558137,0.0041041060770708624,0.019452362366468592,0.008224970884028626,1.4251569001935422
1572.0,0.2613732520972473,3.9999999999999996,0.019009858067579936,0.004100847799786567,0.0194471503420565,0.00821920851301644,1.4252901000436395
1573.0,0.26136947068624394,4.0,0.019005244086074846,0.004097593196758574,0.01944195393414471,0.008213459011430418,1.4254237001296133
1574.0,0.26136569129442533,4.0,0.019000645016424057,0.004094342261517321,0.01943677312710644,0.008207722347090857,1.425557600101456
1575.0,0.2613619139151894,4.0,0.01899606084401699,0.00409109498760507,0.01943160790534851,0.008201998487903872,1.425779600162059
1576.0,0.26135813854194523,4.000000000000001,0.01899149155427441,0.004087851368575908,0.019426458253311234,0.008196287401861041,1.4259175001643598
1577.0,0.2613543651681127,4.000000000000001,0.018986937132648478,0.004084611397995456,0.019421324155468392,0.008190589057039371,1.4260520001407713
1578.0,0.26135059378712233,4.0,0.018982397564622416,0.004081375069441166,0.019416205596326973,0.008184903421600775,1.4261869001202285
1579.0,0.26134682439241574,4.000000000000001,0.01897787283571058,0.00407814237650218,0.019411102560427225,0.008179230463791737,1.4263207002077252
1580.0,0.261343056977445,4.000000000000002,0.01897336293145839,0.00407491331277918,0.01940601503234253,0.008173570151943782,1.4264536001719534
1581.0,0.26133929153567337,3.9999999999999996,0.018968867837442234,0.004071687871884332,0.01940094299667932,0.008167922454472787,1.4265996001195163
1582.0,0.26133552806057403,4.0,0.01896438753926904,0.004068466047441792,0.019395886438076743,0.008162287339878116,1.4267369001172483
1583.0,0.2613317665456317,4.0,0.01895992202257682,0.004065247833086729,0.019390845341207014,0.008156664776743816,1.4268726001027972
1584.0,0.2613280069843412,4.0,0.018955471273034038,0.004062033222466047,0.01938581969077492,0.008151054733737118,1.4270756000187248
1585.0,0.26132424937020804,4.000000000000001,0.01895103527633966,0.004058822209238263,0.01938080947151785,0.008039119066437644,1.4272664000745863
1586.0,0.26132049369674853,3.9999999999999996,0.018946614018223295,0.004055614787072979,0.019375814668205836,0.007890434539114144,1.427406000206247
1587.0,0.2613167399574891,3.999999999999999,0.018942207484444733,0.004052410949651529,0.019370835265641224,0.0077417615314023525,1.4275414000730962
1588.0,0.26131298814596704,3.999999999999999,0.018937815660794156,0.0040492106906664166,0.01936587124865875,0.007593099961290817,1.4276767000555992
1589.0,0.26130923825572994,4.000000000000001,0.018933438533091825,0.004046014003821666,0.019360922602125328,0.0074444497468433846,1.4278116000350565
1590.0,0.2613054902803358,4.0,0.018929076087188274,0.004042820882832325,0.019355989310940118,0.007295810806199149,1.427945800125599
1591.0,0.2613017442133533,3.999999999999999,0.018924728308963884,0.004039631321425002,0.01935107136003423,0.0071471830575726425,1.4280798002146184
1592.0,0.2612980000483609,3.999999999999999,0.01892039518432896,0.004036445313337528,0.019346168734370714,0.006998566419253394,1.4282132000662386
1593.0,0.261294257778948,4.000000000000001,0.018916076699223672,0.0040332628523188346,0.0193412814189445,0.0068499608096055375,1.4283457000274211
1594.0,0.26129051739871406,4.000000000000001,0.01891177283961801,0.0040300839321290504,0.019336409398782346,0.006701366147068177,1.4284798000007868
1595.0,0.2612867789012687,4.000000000000002,0.01890748359151153,0.004026908546539484,0.019331552658942593,0.00655278235015469,1.4286276001948863
1596.0,0.26128304228023214,4.000000000000002,0.018903208940933343,0.0040237366893326,0.019326711184515163,0.006404209337452976,1.4287644000723958
1597.0,0.2612793075292344,4.0,0.018898948873942133,0.004020568354301942,0.019321884960621538,0.006255647027625211,1.4289005000609905
1598.0,0.26127557464191575,4.000000000000001,0.018894703376625733,0.0040174035352522385,0.01931707397241438,0.0061070953394078975,1.4290354000404477
1599.0,0.2612718436119269,4.000000000000001,0.018890472435101623,0.004014242225998986,0.019312278205077915,0.005958554191610954,1.4291702001355588
1600.0,0.2612681144329284,3.999999999999999,0.01888625603551627,0.004011084420368866,0.0193074976438274,0.005810023503118378,1.4293089001439512
1601.0,0.26126438709859084,3.9999999999999996,0.018882054164045255,0.00400793011219965,0.01930273227390919,0.0056615031928879955,1.4294433000031859
1602.0,0.2612606616025951,3.999999999999999,0.01887786680689336,0.004004779295339799,0.01929798208060077,0.005512993179950826,1.4295764002017677
1603.0,0.2612569379386318,4.0,0.01887369395029417,0.004001631963648866,0.019293247049210434,0.005364493383411467,1.4297112000640482
1604.0,0.2612532161004019,4.000000000000001,0.018869535580510237,0.003998488110997217,0.019288527165077375,0.005216003722447515,1.4298444001469761
1605.0,0.2612494960816161,4.0,0.018865391683832916,0.003995347731266054,0.01928382241357156,0.005067524116309702,1.4299775999970734
1606.0,0.26124577787599484,4.0,0.018861262246582182,0.003992210818347494,0.019279132780093536,0.004919054484321866,1.4301109001971781
1607.0,0.2612420614772687,4.000000000000001,0.018857147255106628,0.003989077366144518,0.01927445825007442,0.004770594745880291,1.4302443000487983
1608.0,0.2612383468791783,4.0,0.018853046695783558,0.003985947368570511,0.019269798808975912,0.004622144820453894,1.430378200020641
1609.0,0.2612346340754736,3.9999999999999996,0.018848960555018446,0.003982820819550065,0.019265154442289913,0.004473704627584368,1.4305122001096606
1610.0,0.26123092305991463,4.000000000000001,0.01884488881924531,0.003979697713018211,0.019260525135538734,0.004325274086885517,1.4306563001591712
1611.0,0.2612272138262714,3.9999999999999996,0.0188408314749265,0.0039765780429206225,0.01925591087427493,0.004176853118043167,1.430792700033635
1612.0,0.26122350636832325,4.0,0.01883678850855235,0.0039734618032139105,0.019251311644081028,0.004028441640815644,1.4309272000100464
1613.0,0.26121980067985945,4.000000000000001,0.018832759906641537,0.003970348987864963,0.01924672743056973,0.003880039575032579,1.4310622001066804
1614.0,0.26121609675467905,3.999999999999999,0.018828745655740713,0.003967239590851415,0.019242158219383645,0.0037316468405957093,1.4311953000724316
1615.0,0.26121239458659046,3.9999999999999996,0.018824745742424324,0.003964133606161639,0.01923760399619513,0.003583263357478522,1.4313290000427514
1616.0,0.2612086941694119,3.9999999999999996,0.018820760153294886,0.0039610310277942646,0.019233064746706423,0.0034348890457255865,1.4314629000145942
1617.0,0.2612049954969712,4.0,0.0188167888749826,0.003957931849758602,0.019228540456649398,0.003286523825452997,1.431596000213176
1618.0,0.26120129856310564,4.0,0.018812831894145416,0.00395483606607435,0.019224031111785514,0.003138167616848042,1.4317310000769794
1619.0,0.2611976033616621,4.0,0.018808889197468866,0.003951743670771698,0.019219536697905732,0.0029898203401689805,1.4318638001568615
1620.0,0.2611939098864968,4.000000000000001,0.018804960771666098,0.003948654657891267,0.019215057200830478,0.002841481915744931,1.4319980000145733
1621.0,0.2611902181314759,4.0,0.018801046603477686,0.003945569021484018,0.01921059260640947,0.0026931522639758454,1.4321324001066387
1622.0,0.26118652809047443,3.9999999999999996,0.018797146679671597,0.0039424867556113255,0.01920614290052169,0.0025448313053323124,1.4322664001956582
1623.0,0.2611828397573771,4.0,0.018793260987042995,0.003939407854345016,0.019201708069075195,0.0023965189603554204,1.4324000000488013
1624.0,0.26117915312607787,4.000000000000001,0.018789389512414403,0.003936332311767065,0.019197288098007224,0.0022482151496565628,1.432534100022167
1625.0,0.2611754681904804,3.999999999999999,0.018785532242635513,0.003933260121969681,0.019192882973284014,0.0020999197939172154,1.4326790000777692
1626.0,0.2611717849444971,4.0,0.018781689164582904,0.003930191279055613,0.019188492680900594,0.001951632813889076,1.4328145000617951
1627.0,0.26116810338205004,4.000000000000001,0.018777860265160276,0.003927125777137568,0.01918411720688089,0.0018033541303937861,1.432948200032115
1628.0,0.26116442349707075,4.0,0.0187740455312983,0.003924063610338446,0.01917975653727763,0.0016550836643224875,1.4330822001211345
1629.0,0.2611607452834996,3.999999999999999,0.01877024494995434,0.00392100477279148,0.019175410658172094,0.0015068213366363215,1.433216200210154
1630.0,0.2611570687352861,4.000000000000001,0.018766458508112458,0.0039179492586401046,0.019171079555674087,0.0013585670683659568,1.4333501001819968
1631.0,0.26115339384638947,3.9999999999999996,0.01876268619278366,0.003914897062037553,0.01916676321592211,0.0012103207806110627,1.4334851000458002
1632.0,0.2611497206107775,4.000000000000001,0.01875892799100522,0.003911848177147501,0.01916246162508281,0.0010620823945410862,1.4336199001409113
1633.0,0.26114604902242755,3.999999999999999,0.018755183889841244,0.0039088025981433745,0.01915817476935141,0.0009138518313938915,1.4337536999955773
1634.0,0.2611423790753256,4.0,0.018751453876381968,0.003905760319208945,0.019153902634951123,0.0007656290124770371,1.4338868001941592
1635.0,0.2611387107634671,4.000000000000001,0.01874773793774419,0.003902721334537823,0.019149645208133476,0.0006174138591666378,1.4340198000427336
1636.0,0.2611350440808564,4.000000000000001,0.018744036061070956,0.0038996856383335886,0.019145402475178045,0.00046920629290733706,1.4341532001271844
1637.0,0.26113137902150685,4.000000000000002,0.018740348233531566,0.0038966532248097463,0.019141174422392424,0.00032100623521250093,1.4342877001035959
1638.0,0.26112771557944087,3.999999999999999,0.018736674442321403,0.0038936240881897763,0.019136961036112076,0.00017281360766396858,1.4344219001941383
1639.0,0.2611240537486894,4.0,0.01873301467466177,0.0038905982227072753,0.01913276230270021,2.4628331912024404e-05,1.4345613000914454
1640.0,0.2611203935240364,4.000000000000001,0.01872936080927524,0.0038875688148775085,0.01912856888568571,0.0001235496703250738,1.4347020001150668
1641.0,0.26111673490267967,3.9999999999999996,0.018725719311815298,0.003884541361812441,0.019124388234307628,0.00027172017626464484,1.4348374002147466
1642.0,0.261113077879061,4.000000000000001,0.018722091783730774,0.0038815172245591765,0.019120222193347778,0.0004198832049849832,1.4349715001881123
1643.0,0.2611094224472461,4.000000000000001,0.018718478212453715,0.0038784963968477417,0.019116070749253502,0.0005680388356603394,1.4351060001645237
1644.0,0.2611057686013093,4.0,0.01871487858544042,0.003875478872423824,0.019111933888499612,0.0005502770405705903,1.4352700000163168
1645.0,0.26110211633533364,4.0,0.018711292890171396,0.00387246464504863,0.019107811597588308,0.0004039533161585007,1.4354768001940101
1646.0,0.2610984656434114,4.0,0.018707721114151445,0.003869453708498576,0.019103703863049208,0.0002576339633511282,1.4356232001446187
1647.0,0.2610948165196429,4.000000000000001,0.01870416324490933,0.0038664460565655994,0.019099610671439057,0.0001113189053561503,1.4357620000373572
1648.0,0.26109116895815276,4.000000000000001,0.018700618702796684,0.003863441201348192,0.01909553135641069,3.499193454112315e-05,1.4358990001492202
1649.0,0.2610875229535392,4.0,0.018697086236684778,0.0038604380897347503,0.01909146447988478,0.00018129861253785018,1.4360345001332462
1650.0,0.2610838785004763,4.000000000000002,0.018693567635982438,0.0038574382593630097,0.01908741210551728,0.00016622645540184666,1.4361699000000954
1651.0,0.2610802355930995,4.0,0.018690062888341994,0.003854441703946258,0.01908337421996694,1.6817906257349247e-05,1.4363047000952065
1652.0,0.26107659422576657,3.999999999999999,0.018686569776078167,0.0038514465926477183,0.01907934828164358,0.00013258319196920998,1.4364393001887947
1653.0,0.261072954393438,4.0,0.018683090209037082,0.003848454525701748,0.019075336484461067,0.00028197683777075877,1.4365813999902457
1654.0,0.2610693160903392,4.000000000000001,0.018679624454339756,0.003845465729862094,0.019071339135852825,0.000431363098705978,1.4367198999971151
1655.0,0.2610656793106396,3.999999999999999,0.018676172499756116,0.003842480198783154,0.019067356222578085,0.0003903343341378762,1.436857100110501
1656.0,0.2610620440485165,4.000000000000001,0.01867273433307877,0.003839497926136841,0.019063387731422445,0.0002407538461647596,1.4369922000914812
1657.0,0.26105841029815646,3.9999999999999996,0.01866930994212369,0.00383651890561154,0.01905943364919832,9.11788792935797e-05,1.4371263000648469
1658.0,0.2610547780544181,4.0,0.01866588372291035,0.003833530280669007,0.019055476104522177,5.8390642231426204e-05,1.4372607001569122
1659.0,0.26105114732134005,4.0,0.018662446878370858,0.0038305249214019505,0.0190515050497722,0.00011524667861315119,1.437394700013101
1660.0,0.26104751810006704,4.000000000000001,0.018659023579983003,0.0038275229129996653,0.019047548204635136,3.231992259153382e-05,1.437527900096029
1661.0,0.2610438903850633,4.0,0.018655606529732725,0.0038245182682310423,0.019043597217338934,2.588522911992075e-05,1.4376617001835257
1662.0,0.2610402641778489,4.0,0.018652169800558737,0.0038214898005257186,0.019039622437548424,7.031903837761977e-05,1.4377954001538455
1663.0,0.26103663948413236,3.999999999999999,0.018648725567805235,0.0038184476379208195,0.019035637831889315,7.899282829496035e-05,1.4379298000130802
1664.0,0.2610330163092519,3.9999999999999996,0.018645276100150206,0.003815393800742955,0.019031646032479175,0.00022829713807412388,1.4380633002147079
1665.0,0.26102939465250186,4.000000000000001,0.018641840133939186,0.00381234384846268,0.01902766851714253,0.00019885878527992062,1.4381977000739425
1666.0,0.26102577450812997,4.0,0.018638417658252,0.0038092977692475664,0.019023705272586473,5.1106793541172424e-05,1.4383309001568705
1667.0,0.2610221558708471,4.0,0.018635002283232314,0.0038062502404270023,0.01901974897281308,9.663975317314444e-05,1.4384659000206739
1668.0,0.26101853873785263,4.0,0.018631596992751784,0.003803203790272529,0.019015803048271735,3.341886842181396e-05,1.4386111001949757
1669.0,0.26101492310699853,4.000000000000002,0.018628173016624453,0.0038001352836967792,0.019011834685576576,4.320689535425304e-05,1.4387487000785768
1670.0,0.26101130898630237,4.0,0.018624741866835295,0.003797054115502829,0.019007857048134184,6.31920961488841e-05,1.4388828000519425
1671.0,0.2610076963778822,3.9999999999999996,0.0186213155022569,0.0037939700677380285,0.019003883811197258,4.132973424109121e-05,1.4390178001485765
1672.0,0.2610040852788805,4.0,0.018617895458906922,0.0037908843893187175,0.018999916730658775,6.656721636322249e-05,1.439152600010857
1673.0,0.261000475686955,4.0,0.018614480238665115,0.00378779601818935,0.01899595412794696,8.467489490054936e-05,1.4392864000983536
1674.0,0.26099686759999663,3.999999999999999,0.01861107377760241,0.0037847082520818345,0.01899200051886942,1.897249938584422e-05,1.4394199000671506
1675.0,0.2609932610143547,4.0,0.01860767168808086,0.003781617536541416,0.01898805089639491,0.0001315386229235882,1.4395532000344247
1676.0,0.26098965592762263,4.0,0.01860428156155837,0.0037785300826176163,0.018984113937895206,0.0001448764287320381,1.4396873000077903
1677.0,0.2609860523344224,4.0,0.018600904346111186,0.0037754466587674724,0.0189801907252371,4.81287751102899e-06,1.439820800209418
1678.0,0.2609824502303173,4.000000000000001,0.018597530609208567,0.003772359569602663,0.018976270484023523,1.3221042532374216e-05,1.439954400062561
1679.0,0.2609788496135402,4.0,0.018594139280476665,0.0037692520060192154,0.018972329226182146,2.6137210601101524e-05,1.440087700029835
1680.0,0.26097525050851067,4.0,0.018590620587857876,0.003766036013225869,0.018968241908374095,5.1831912940975e-05,1.440221100114286
1681.0,0.26097165295754243,4.0,0.018587032860441676,0.0037627591197506136,0.018964075161958336,3.755184809436929e-05,1.4403672001790255
1682.0,0.2609680569998214,4.0,0.01858336751925666,0.003759414845650537,0.018959819311835782,0.00011187506652296508,1.440504000056535
1683.0,0.26096446265478124,3.9999999999999996,0.018579714293229115,0.0037560761730482256,0.01895557678984638,9.566719910703014e-08,1.4406385000329465
1684.0,0.26096086991921197,4.0,0.018576015328079492,0.0037526965972783845,0.01895128167750849,5.1326608628443626e-05,1.4407737001311034
1685.0,0.260957278826106,4.000000000000001,0.018572220144749112,0.00374923604307528,0.018946876576674043,0.0001494281871259051,1.4409084001090378
1686.0,0.2609536894010337,4.000000000000001,0.01856843378758911,0.003745779537025261,0.01894248129638982,3.355609762695222e-06,1.4410422001965344
1687.0,0.260950101658058,4.0,0.01856449471789135,0.003742199301633324,0.01893791223297227,0.00010513101486506193,1.4411758000496775
1688.0,0.2609465156448092,3.999999999999999,0.01856055602909288,0.0037386172083810924,0.01893334357000631,4.4413813274329916e-05,1.4413099000230432
1689.0,0.2609429313643845,4.0,0.018556599953877644,0.0037350189419563936,0.018928755065905016,5.6985207132487226e-06,1.441443500109017
1690.0,0.2609393488381451,4.0,0.01855247036056972,0.0037312820259808037,0.018923969510576406,2.8558209818868585e-05,1.4415770000778139
1691.0,0.2609357681302865,3.9999999999999996,0.018548255674325668,0.0037274770026634162,0.01891908754051154,3.390803732480907e-05,1.4417104001622647
1692.0,0.2609321892872214,4.000000000000001,0.018543911641509064,0.0037235700276843165,0.01891405912857323,8.941598969580689e-06,1.4418443001341075
1693.0,0.2609286123502267,4.000000000000001,0.018539524501813762,0.0037196295790320193,0.018908982335349586,5.8432804702052143e-05,1.4419767002109438
1694.0,0.2609250373356283,4.000000000000001,0.01853512474372707,0.003715680001623651,0.01890389185167936,0.00012899554181469708,1.442110300064087
1695.0,0.26092146424450813,4.0,0.0185307308670753,0.003711736397580649,0.018898808786616744,2.905966433319751e-07,1.4422439001500607
1696.0,0.2609178930822813,3.9999999999999996,0.01852627160676138,0.0037077424581155333,0.01889365220869712,0.00015180508852380425,1.44238860020414
1697.0,0.26091432386739283,3.999999999999999,0.01852182404815235,0.003703759558785886,0.01888850975963992,2.7707962922646212e-05,1.4425256000831723
1698.0,0.26091075659707696,4.0,0.018517349870230744,0.0036997578857975986,0.018883338016093872,1.136623799063985e-05,1.4426611000671983
1699.0,0.26090719128468653,4.000000000000001,0.018512841257938385,0.003695731081749555,0.01887812807643373,1.9484930674107392e-05,1.4427954000420868
1700.0,0.26090362793933136,4.0,0.018508324183924264,0.003691699713325636,0.018872909443713344,2.8516421006208326e-05,1.4429328001569957
1701.0,0.2609000665700115,4.000000000000001,0.018503751664993018,0.003687627448031307,0.01886762894152855,8.115952602000265e-06,1.4430676000192761
1702.0,0.26089650722765917,3.9999999999999996,0.01849871598059062,0.003683196445827538,0.01886182464633566,5.579551094203605e-06,1.4432016999926418
1703.0,0.26089295011740743,4.000000000000001,0.01849343174256159,0.003678577928752025,0.018855740589928737,0.0001527129733998045,1.4433358001988381
1704.0,0.26088939530032335,4.0,0.018488158788874342,0.003673975738994373,0.01884967143303434,2.563802005195459e-06,1.4434689001645893
1705.0,0.2608858427711138,4.0,0.018482887029399653,0.0036693818212275935,0.01884360570303639,0.00014753105621881368,1.4436022001318634
1706.0,0.26088229252673,4.000000000000001,0.0184776263714089,0.0036648039450295233,0.018837554625717467,1.8901601523013678e-05,1.4438315001316369
1707.0,0.26087874458640053,4.0,0.018471966573512234,0.0036599292214504323,0.018831054962454442,8.893870963397332e-05,1.443978600203991
1708.0,0.2608751991421667,4.000000000000001,0.01846602366215509,0.003654849295019951,0.018824238451012554,3.5019407195829855e-05,1.4441289000678807
1709.0,0.26087165630648645,3.999999999999999,0.0184595613927256,0.0036493853095295927,0.018816838734208675,2.1510422954312824e-05,1.44433440011926
1710.0,0.2608681162847213,3.999999999999999,0.018452944047892314,0.003643819011767789,0.018809267955589466,6.21859140313985e-05,1.4445145002100617
1711.0,0.260864579115956,3.9999999999999996,0.0184462400768441,0.0036382020390010963,0.0188016033105999,2.6382525458445993e-06,1.4446570000145584
1712.0,0.26086104488629863,4.000000000000001,0.018438923029763337,0.0036321381562412097,0.018793251716601896,6.922727373065429e-05,1.4447945000138134
1713.0,0.2608575138274093,4.0,0.018431377940420882,0.003625924528890287,0.018784648558646016,8.339652813568743e-05,1.444930500118062
1714.0,0.26085398601199694,3.999999999999999,0.01842376667728333,0.003619684988300192,0.018775976618900583,0.00022139795895667613,1.445065800100565
1715.0,0.26085046145167223,4.000000000000002,0.018416166948541163,0.003613478569622949,0.01876732352920001,6.979876805848773e-05,1.445200800197199
1716.0,0.2608469401430656,4.0,0.018408487549407517,0.0036072361566509294,0.018758586475172947,8.168840707661884e-05,1.445336300181225
1717.0,0.2608434221236312,4.0,0.01840074183866571,0.0036009685253697555,0.01874978065295502,5.023550352409312e-05,1.4454717000480741
1718.0,0.2608399074198815,3.999999999999999,0.018392787251488192,0.003594570595142175,0.018740746000145442,9.530132908966427e-05,1.4456061001401395
1719.0,0.26083639612229537,4.000000000000002,0.01838472135789715,0.003588116978896186,0.018731592640823757,3.5094197696372564e-05,1.445740600116551
1720.0,0.26083288826331863,4.0,0.01837653275903394,0.003581601049247917,0.018722308146161395,5.055630936773303e-05,1.445875400211662
1721.0,0.2608293838946938,3.9999999999999996,0.01836820423099705,0.0035750098018734588,0.018712873156068503,9.537664993225503e-05,1.4460104000754654
1722.0,0.2608258830661883,3.999999999999999,0.018359816064858706,0.0035684036418475065,0.018703378050143625,2.635944104961707e-05,1.4461563001386821
1723.0,0.26082238580442324,3.999999999999999,0.01835126828863106,0.0035617113790484254,0.018693711128316897,0.00012711310621149607,1.446292100008577
1724.0,0.26081889216114484,3.9999999999999996,0.018342702612157324,0.003555037371487129,0.01868403141269874,0.0002804476403390488,1.4464279999956489
1725.0,0.2608154021335065,3.999999999999999,0.01833414913429426,0.0035484032957678016,0.018674372557811916,0.00023042638164358364,1.44656280009076
1726.0,0.2608119157118547,4.0,0.018325607848947975,0.0035418088450803195,0.018664734472488828,7.874160343834813e-05,1.446697800187394
1727.0,0.26080843288761446,4.0,0.01831705816646881,0.0035352388478115658,0.018655094038489268,7.280944633117348e-05,1.4468320000451058
1728.0,0.26080495366221323,4.0,0.018308498438109756,0.0035286920438960703,0.018645449380449985,6.442151470811841e-05,1.446964900009334
1729.0,0.26080147813073884,4.0,0.01829830926899304,0.003521019811540512,0.018633993201055358,8.534646770519405e-05,1.4470986002124846
1730.0,0.26079800706345607,4.0,0.018286937877610265,0.0035125576530935718,0.018621228697534523,0.0002112368873188608,1.4472326000686735
1731.0,0.2607945407479524,4.0,0.018275582621408305,0.0035041628519928707,0.018608494765703327,6.040627937739518e-05,1.4473660001531243
1732.0,0.2607910791712007,4.0,0.018264217968664422,0.0034958168253261747,0.018595762777663033,9.022636812197615e-05,1.44750010012649
1733.0,0.26078762233048797,4.0,0.018252852392522407,0.003487525366963782,0.0185830420988714,0.00024066061473987377,1.4476338000968099
1734.0,0.2607841702155521,4.000000000000001,0.01824150295451246,0.0034793001390338646,0.018570351625560776,0.00039089648613474526,1.4477678001858294
1735.0,0.2607807228119612,4.0,0.0182301696284541,0.0034711406007650034,0.018557691175156717,0.0004147551926770576,1.4479005001485348
1736.0,0.2607772801053735,4.0,0.01821885238830602,0.003463046214695196,0.018545060566954173,0.00026473494922743535,1.4480345000047237
1737.0,0.26077384208153714,4.000000000000001,0.018207551208162233,0.0034550164466603628,0.018532459622093975,0.0001149061767543591,1.448178900172934
1738.0,0.26077040873004964,3.9999999999999987,0.018196108658864823,0.0034469428545496,0.018519713425637716,3.4731985342956184e-05,1.4483139000367373
1739.0,0.26076698016361644,4.000000000000001,0.01818416229790238,0.0034385799486522225,0.018506420251894407,4.393642092004324e-05,1.4484499001409858
1740.0,0.2607635565517333,4.000000000000001,0.018171732479333312,0.0034299556645601597,0.018492605472493744,0.00010815311092077229,1.4485840001143515
1741.0,0.2607601380826332,4.000000000000002,0.018159117974424856,0.0034212737186118743,0.018478600581936507,0.00026001706139325287,1.4487192002125084
1742.0,0.2607567247870783,4.0,0.018146522400267703,0.0034126699830477913,0.01846463082860345,0.00041164955689571014,1.44885370018892
1743.0,0.26075331664819873,4.0,0.018133945713027073,0.0034041437863549626,0.018450695977149264,0.000563051673342363,1.448987000156194
1744.0,0.26074991364924116,3.999999999999999,0.018121387869183585,0.003395694460841764,0.01843679579473574,0.0007142244798549191,1.4491207001265138
1745.0,0.2607465157735667,3.9999999999999996,0.0181088488255262,0.0033873213426338163,0.0184229300509996,0.000564875016523303,1.4492548000998795
1746.0,0.26074312300465013,4.0,0.01809632853914576,0.0033790237716691094,0.01840909851802109,0.0004155819988337084,1.449389100074768
1747.0,0.2607397353260785,3.999999999999999,0.018083826967428714,0.003370801091693575,0.018395300970293054,0.00026651721083179036,1.4495234000496566
1748.0,0.2607363527215497,4.0,0.018071344068050412,0.003362652650257659,0.018381537184690124,0.00011767955969607669,1.4496575000230223
1749.0,0.26073297517561733,4.0,0.018058844366324826,0.003354555283549704,0.018367767991716716,3.0932040365666547e-05,1.4497915001120418
1750.0,0.2607296027021636,3.9999999999999996,0.01804622875242075,0.0033464463002905037,0.018353884466930304,0.0001793171346366751,1.4499237001873553
1751.0,0.2607262353228826,4.000000000000001,0.018033632147099486,0.003338411695052257,0.018340034925336476,0.000327470978145894,1.4500629000831395
1752.0,0.2607228730214819,4.0,0.018021054505862805,0.00333045080823851,0.018326219143330536,0.0004753946763148831,1.4502040999941528
1753.0,0.260719515781779,4.0,0.018008495784510695,0.003322562984136667,0.01831243689966725,0.0006230893274564997,1.4503397000953555
1754.0,0.26071616358770006,3.999999999999999,0.017995955939135777,0.0033147475709145204,0.018298687975431462,0.0007705560228295771,1.4504741001874208
1755.0,0.26071281642327854,4.0,0.017983434926117085,0.0033070039206185946,0.018284972154008726,0.0009177958466924929,1.4506083000451326
1756.0,0.26070947427265484,4.0,0.01797093270211488,0.003299331389170746,0.01827128922105688,0.0010648098763571257,1.4507414000108838
1757.0,0.2607061371200742,4.000000000000001,0.017958449224064633,0.003291729336366709,0.01825763896447744,0.001211599182241091,1.4508746000938118
1758.0,0.2607028049498864,4.000000000000002,0.01794598444917198,0.0032841971258729076,0.01824402117438791,0.0013581648279206715,1.4510091000702232
1759.0,0.26069947774654406,4.000000000000001,0.017933538334907247,0.0032767341252247996,0.018230435643094227,0.0015045078701823034,1.451270000077784
1760.0,0.2606961554946018,4.0,0.01792111083900044,0.0032693397058241387,0.018216882165063737,0.0016506293590744237,1.4516170001588762
1761.0,0.26069283817871514,3.9999999999999996,0.01790870191943624,0.0032620132429368245,0.018203360536898524,0.0017965303379579578,1.4517965000122786
1762.0,0.26068952578363935,4.000000000000001,0.017896311534449025,0.0032547541156907034,0.018189870557309053,0.0019422118435569458,1.4520286000333726
1763.0,0.2606862182942291,4.0,0.017883939642518568,0.0032475617070723732,0.018176412027088567,0.00208767490600939,1.452240200014785
1764.0,0.26068291569543595,4.000000000000002,0.017871586202364738,0.0032404354039261285,0.018162984749087126,0.002232920548915135,1.4523915001191199
1765.0,0.2606796179723089,4.000000000000001,0.017859251172943676,0.0032333745969501926,0.018149588528186884,0.0023779497893867685,1.4527032000478357
1766.0,0.2606763251099925,3.9999999999999996,0.01784693451344299,0.003226378680694959,0.01813622317127702,0.002522763638096892,1.4529661000706255
1767.0,0.2606730370937257,4.000000000000001,0.017834636183277557,0.003219447053560368,0.018122888487229392,0.0026673630993269415,1.4532325000036508
1768.0,0.26066975390884206,3.9999999999999996,0.01782235614208569,0.0032125791177924916,0.018109584286874616,0.002811749171015482,1.4534649001434445
1769.0,0.26066647554076694,4.0,0.017810094349724546,0.00320577427948174,0.018096310382977987,0.002955922844804365,1.4536246000789106
1770.0,0.2606632019750184,4.000000000000001,0.017797850766266728,0.0031990319485590683,0.01808306659021646,0.003099885106086664,1.453779200091958
1771.0,0.26065993319720515,3.999999999999999,0.017785625351996057,0.0031923515387935484,0.018069852725155298,0.003243636934052746,1.453934600111097
1772.0,0.26065666919302555,4.0,0.01777341806740391,0.0031857324677892905,0.01805666860622542,0.003387179301736043,1.454088700003922
1773.0,0.2606534099482675,4.000000000000001,0.017761228873185788,0.003179174156981428,0.018043514053701044,0.0035305131760596242,1.4542492001783103
1774.0,0.260650155448807,4.0,0.017749057730237515,0.003172676031633571,0.01803038888967751,0.003673639517880606,1.4544101001229137
1775.0,0.26064690568060694,3.9999999999999996,0.01773690459965182,0.0031662375208337716,0.018017292938049417,0.0038165592820352534,1.4545600002165884
1776.0,0.26064366062971706,3.9999999999999996,0.01772476944271504,0.0031598580574910104,0.01800422602448924,0.003959273417383613,1.454708900069818
1777.0,0.2606404202822722,4.0,0.017712652220903725,0.0031535370783312582,0.017991187976426005,0.004101782866853337,1.4548573000356555
1778.0,0.26063718462449226,4.0,0.01770055289588161,0.003147274023893317,0.01797817862302454,0.004244088567483262,1.4550060001201928
1779.0,0.2606339536426805,4.0,0.017688471429496276,0.0031410683385248985,0.017965197795164672,0.004386191450467175,1.4551543002016842
1780.0,0.26063072732322345,4.000000000000001,0.017676407783776184,0.0031349194703780567,0.01795224532542096,0.004528092441196008,1.4553193000610918
1781.0,0.26062750565258996,3.999999999999999,0.017664361920927955,0.0031288268714041523,0.01793932104804277,0.004669792459301242,1.4554698001593351
1782.0,0.2606242886173294,4.0,0.017652333803332847,0.0031227899973504795,0.017926424798934106,0.0048112924186957395,1.4556209000293165
1783.0,0.26062107620407243,4.0,0.01764032339354474,0.0031168083077534195,0.017913556415634576,0.0049525932276170415,1.4557641001883894
1784.0,0.26061786839952905,4.0,0.017628330654286702,0.0031108812659348885,0.017900715737299695,0.005093695788667335,1.4559063001070172
1785.0,0.2606146651904882,3.999999999999999,0.017616355548448842,0.0031050083389957592,0.017887902604682236,0.005234600998855837,1.4560512001626194
1786.0,0.2606114665638169,4.000000000000001,0.017604398039085197,0.0030991889978114755,0.01787511686011318,0.005375309749638096,1.4561927001923323
1787.0,0.2606082725064597,4.0,0.0175924580894117,0.0030934227170248967,0.01786235834748348,0.00551582292695757,1.4563504001125693
1788.0,0.2606050830054376,4.0,0.017580535662803317,0.003087708975041518,0.017849626912225677,0.005656141411284732,1.4564954000525177
1789.0,0.2606018980478474,4.0,0.017568630722791787,0.0030820472540225297,0.017836922401295894,0.005796266077657014,1.4566693000961095
1790.0,0.26059871762086106,4.000000000000001,0.017556743233063266,0.0030764370398786143,0.017824244663156134,0.005936197795718162,1.459989600116387
1791.0,0.26059554171172483,4.000000000000001,0.017544873157456023,0.003070877822263214,0.017811593547756722,0.006075937429757122,1.4601306000258774
1792.0,0.26059237030775895,4.0,0.017533020459958235,0.003065369094565549,0.017798968906519042,0.006215485838746454,1.4606296001002192
1793.0,0.26058920339635594,4.000000000000001,0.017521185104705565,0.0030599103539039143,0.01778637059231828,0.006354843876380745,1.46079790010117
1794.0,0.2605860409649813,3.999999999999999,0.017509367055979594,0.003054501101117437,0.01777379845946699,0.006494012391114828,1.4609414001461118
1795.0,0.26058288300117116,4.0,0.017497566278205014,0.0030491408407596413,0.01776125236369794,0.006632992226200729,1.4610812000464648
1796.0,0.2605797294925333,4.0,0.0174857827359482,0.0030438290810896407,0.01774873216214812,0.0067717842197256295,1.4612244002055377
1797.0,0.2605765804267452,3.999999999999999,0.017474016393915104,0.003038565334064485,0.017736237713342484,0.00691038920464862,1.461363600101322
1798.0,0.2605734357915539,3.999999999999999,0.017462267216948994,0.0030333491153311746,0.017723768877177675,0.007048808008837032,1.4615038000047207
1799.0,0.26057029557477507,4.0,0.01745053517002899,0.003028179944217565,0.017711325514906562,0.0071870414551031825,1.4616426001302898
1800.0,0.260567159764293,4.000000000000001,0.01743882021826819,0.003023057343723703,0.01769890748912263,0.0072333093531648796,1.4617851001676172
1801.0,0.26056402834805914,4.000000000000002,0.017427122326911678,0.003017980840513245,0.01768651466374448,0.007230634342424852,1.4619245000649244
1802.0,0.26056090131409176,4.0,0.01741544146133491,0.003012949964903795,0.01767414690400068,0.007227972474056016,1.462062100181356
1803.0,0.26055777865047536,4.0,0.017403777587042032,0.0030079642508578286,0.01766180407641488,0.007225323689074581,1.4622002001851797
1804.0,0.26055466034536023,4.0,0.01739213066966421,0.0030030232359724582,0.01764948604879091,0.007222687928996024,1.4626306002028286
1805.0,0.26055154638696143,4.0,0.017380500674958093,0.0029981264614699727,0.017637192690198325,0.007220065135827042,1.4627905001398176
1806.0,0.26054843676355843,3.9999999999999996,0.017368887568804094,0.0029932734721873407,0.017624923870957793,0.00721745525206019,1.4629323000553995
1807.0,0.26054533146349457,3.999999999999999,0.017357291317204968,0.002988463816566182,0.01761267946262704,0.007214858220667003,1.4630717001855373
1808.0,0.2605422304751761,4.0,0.017345711886284258,0.0029836970466417968,0.017600459337986662,0.007212273985091361,1.4632104001939297
1809.0,0.26053913378707216,4.000000000000001,0.01733414924228498,0.002978972718032319,0.017588263371026425,0.007209702489243963,1.4633616001810879
1810.0,0.2605360413877137,4.000000000000001,0.017322603351568076,0.002974290389927669,0.01757609143693141,0.007207143677496142,1.4635021002031863
1811.0,0.2605329532656931,4.0,0.01731107418061101,0.002969649625078488,0.017563943412068544,0.007204597494673032,1.4636417999863625
1812.0,0.26052986940966355,3.999999999999999,0.01729956169600651,0.002965049989784222,0.01755181917397325,0.00720206388604866,1.4637796999886632
1813.0,0.26052678980833843,4.0,0.017288065864461095,0.002960491053881714,0.017539718601336185,0.007199542797339753,1.4639183001127094
1814.0,0.2605237144504913,3.9999999999999996,0.017276586652794076,0.0029559723907326783,0.01752764157399039,0.007197034174699718,1.4640550999902189
1815.0,0.2605206433249541,4.0,0.017265124027935962,0.002951493577212255,0.017515587972898223,0.007194537964713282,1.4641919999849051
1816.0,0.2605175764206181,4.0,0.017253677956927543,0.0029470541936957666,0.017503557680138834,0.0071920541143910555,1.4643363000359386
1817.0,0.2605145137264323,4.000000000000001,0.01724224840691846,0.0029426538240468684,0.01749155057889551,0.007189582571163339,1.4644726000260562
1818.0,0.2605114552314035,4.0,0.017230835345166208,0.002938292055603992,0.017479566553443328,0.007187123282875768,1.4646056999918073
1819.0,0.2605084009245953,4.0,0.017219438739034865,0.0029339684791678663,0.017467605489136888,0.007184676197782958,1.4647403000853956
1820.0,0.2605053507951279,4.0,0.0172080585559941,0.0029296826889879395,0.017455667272398306,0.007182241264543948,1.464874700177461
1821.0,0.26050230483217757,4.0,0.01719669476361801,0.002925434282749032,0.01744375179070519,0.007179818432216878,1.465008000144735
1822.0,0.2604992630249759,4.0,0.01718534732958409,0.002921222861557659,0.01743185893257888,0.007177407650253487,1.4651411001104861
1823.0,0.26049622536280964,4.0,0.01717401622167226,0.0029170480299280594,0.017419988587572873,0.007175008868494703,1.4652812001295388
1824.0,0.26049319183502007,4.000000000000002,0.017162701407763735,0.002912909395768565,0.017408140646261224,0.007172622037165288,1.4654187001287937
1825.0,0.26049016243100237,4.0,0.017151402855840242,0.002908806570366592,0.017396315000227282,0.007170247106869143,1.4655540001112968
1826.0,0.2604871371402051,4.000000000000001,0.017140120533982738,0.002904739168375279,0.017384511542052318,0.007167884028584426,1.4656928000040352
1827.0,0.26048411595213045,4.0,0.017128854410370882,0.0029007068077977847,0.01737273016530466,0.00716553275365911,1.4658315000124276
1828.0,0.2604810988563324,3.9999999999999996,0.01711760445328182,0.002896709109973308,0.017360970764528576,0.007163193233805654,1.4659694000147283
1829.0,0.2604780858424175,4.000000000000001,0.0171063706310893,0.0028927456995619374,0.017349233235233442,0.007160865421096951,1.466109300032258
1830.0,0.26047507690004396,4.000000000000002,0.01709515291226309,0.0028888162045290506,0.017337517473883245,0.0071585492679621665,1.4663633999880403
1831.0,0.26047207201892114,4.000000000000001,0.0170839512653678,0.002884920256130727,0.017325823377885838,0.007156244727181377,1.4666399001143873
1832.0,0.260469071188809,4.0,0.0170727656590622,0.002881057488897878,0.017314150845582587,0.007153951751881632,1.4668192001990974
1833.0,0.26046607439951786,4.0,0.01706159606209836,0.0028772275406208,0.017302499776238028,0.0071516702955326805,1.4669861001893878
1834.0,0.260463081640908,4.0,0.01705044244332095,0.0028734300523331857,0.017290870070029787,0.007149400311942999,1.4671513000503182
1835.0,0.2604600929028889,4.000000000000001,0.0170393047716664,0.0028696646682963792,0.017279261628038445,0.007147141755254743,1.4673168000299484
1836.0,0.2604571081754192,4.000000000000001,0.017028183016162123,0.002865931035983224,0.017267674352237593,0.007144894579940608,1.4674794999882579
1837.0,0.2604541274485063,4.0,0.017017077145925836,0.002862228806061848,0.01725610814548407,0.007142658740799307,1.4676386001519859
1838.0,0.2604511507122052,4.0,0.017005987130164737,0.0028585576323795574,0.017244562911508197,0.007140434192950962,1.4677967000752687
1839.0,0.26044817795661895,4.000000000000001,0.016994912938174934,0.0028549171719457695,0.017233038554904257,0.00713822089183444,1.467955800006166
1840.0,0.260445209171898,3.9999999999999996,0.016983854539340752,0.0028513070849158256,0.017221534981121066,0.007136018793202498,1.4681349000893533
1841.0,0.26044224434823937,4.0,0.016972811903133822,0.00284772703457432,0.01721005209645243,0.007133827853118058,1.468298900173977
1842.0,0.26043928347588696,4.0,0.01696178499911276,0.0028441766873178,0.017198589808028117,0.007131648027950799,1.468456800095737
1843.0,0.26043632654513055,4.000000000000002,0.016950773796922333,0.0028406557126379787,0.017187148023804635,0.007129479274373407,1.46861040010117
1844.0,0.26043337354630575,4.0,0.016939778266292872,0.002837163783104609,0.01717572665255618,0.007127321549357413,1.4688774000387639
1845.0,0.26043042446979325,4.0,0.01692879837703961,0.0028337005743484223,0.017164325603865754,0.0071251748101699985,1.4690523000899702
1846.0,0.26042747930601884,4.0,0.016917834099062116,0.0028302657650435556,0.017152944788116308,0.007123039014370253,1.4692105001304299
1847.0,0.2604245380454529,3.9999999999999996,0.016906885402343762,0.0028268590368900927,0.01714158411648211,0.007120914119805866,1.4693611999973655
1848.0,0.26042160067860987,4.0,0.016895952256951032,0.0028234800745967786,0.017130243500920052,0.007118800084609717,1.4695102002006024
1849.0,0.26041866719604817,3.9999999999999996,0.01688503463303315,0.0028201285658629584,0.017118922854161275,0.007116696867196126,1.46965860016644
1850.0,0.26041573758836944,4.000000000000001,0.01687413250082123,0.0028168042013613707,0.017107622089702543,0.007114604426257581,1.4698072001338005
1851.0,0.26041281184621856,3.9999999999999996,0.016863245830628145,0.002813506674719654,0.017096341121798243,0.007112522720761877,1.469955600099638
1852.0,0.2604098899602828,4.000000000000001,0.016852374592847438,0.0028102356825034573,0.017085079865451772,0.0071104517099481734,1.4701184001751244
1853.0,0.2604069719212924,4.000000000000001,0.016841518757953512,0.00280699092419719,0.01707383823640793,0.0071083913533243615,1.4702664001379162
1854.0,0.2604040577200191,4.0,0.016830678296500503,0.0028037721021868713,0.01706261615114442,0.0071063416106637856,1.4704158001113683
1855.0,0.26040114734727643,4.0,0.016819853179122105,0.002800578921741861,0.01705141352686424,0.007104302442001609,1.470574100036174
1856.0,0.2603982407939191,4.000000000000001,0.016809043376531007,0.002797411090996463,0.01704023028148772,0.007102273807632453,1.4707167001906782
1857.0,0.2603953380508431,4.0,0.016798248859518455,0.0027942683209315894,0.017029066333644805,0.0071002556681071805,1.470858999993652
1858.0,0.26039243910898474,4.000000000000001,0.01678746959895371,0.0027911503253567906,0.017017921602667414,0.007098247984229339,1.4710018001496792
1859.0,0.2603895439593208,4.0,0.016776705565783704,0.0027880568208914856,0.017006796008581904,0.007096250717053443,1.471145300194621
1860.0,0.260386652592868,4.000000000000002,0.0167659567310325,0.0027849875269468304,0.01699568947210155,0.007094263827880504,1.4712865999899805
1861.0,0.2603837650006828,4.0,0.01675522306580095,0.0027819421657069494,0.01698460191461921,0.007092287278256809,1.4714279000181705
1862.0,0.26038088117386066,4.0,0.016744504541266074,0.0027789204621108707,0.016973533258199915,0.007090321029969565,1.4715703001711518
1863.0,0.2603780011035365,3.999999999999999,0.01673380112868095,0.0027759221438333572,0.016962483425573868,0.007088365045045425,1.471711700083688
1864.0,0.2603751247808834,4.0,0.016723112799373947,0.0027729469412668974,0.016951452340129035,0.007086419285746909,1.4718495002016425
1865.0,0.26037225219711335,4.0,0.01671243952474868,0.0027699945875024824,0.016940439925904372,0.007084483714569989,1.4719879000913352
1866.0,0.26036938334347604,4.000000000000002,0.016701781276283332,0.0027670648183114326,0.016929446107582652,0.007082558294241842,1.472137600183487
1867.0,0.2603665182112591,4.000000000000001,0.016691138025530454,0.0027641573721263017,0.016918470810483695,0.007080642987717489,1.4722778000868857
1868.0,0.2603636567917876,4.0,0.016680509744116435,0.002761271990022576,0.016907513960557494,0.0070787377581778,1.4724169000983238
1869.0,0.2603607990764236,4.0,0.016669896403741218,0.002758408415699689,0.016896575484377514,0.007076842569026465,1.4725545002147555
1870.0,0.26035794505656634,4.0,0.016659297976177958,0.002755566395462061,0.016885655309134048,0.007074957383888053,1.4726923999842256
1871.0,0.26035509472365126,4.000000000000001,0.016648714433272555,0.0027527456782008995,0.016874753362627604,0.007073082166605182,1.4728302999865264
1872.0,0.26035224806915047,3.9999999999999996,0.016638145746943524,0.0027499460153746396,0.01686386957326253,0.007071216881236186,1.472968599991873
1873.0,0.2603494050845718,4.0,0.016627591889181267,0.0027471671609910794,0.016853003870040333,0.007069361492052673,1.4731078001204878
1874.0,0.26034656576145887,4.000000000000001,0.0166170528320481,0.002744408871587949,0.0168421561825536,0.007067515963537274,1.473246900131926
1875.0,0.2603437300913909,4.000000000000001,0.016606528547677846,0.002741670906213965,0.01683132644097961,0.0070656802603813185,1.4733857000246644
1876.0,0.26034089806598204,3.999999999999999,0.016596019008275377,0.0027389530264107045,0.01682051457607412,0.007063854347482412,1.4735249001532793
1877.0,0.26033806967688133,3.9999999999999996,0.016585524186116245,0.0027362549961935877,0.01680972051916513,0.007062038189942027,1.4736641000490636
1878.0,0.26033524491577253,4.0,0.016575044053546623,0.0027335765820327776,0.016798944202147028,0.007060231753063639,1.4738012000452727
1879.0,0.260332423774374,3.9999999999999996,0.016564578582982905,0.0027309175528345726,0.016788185557474515,0.007058435002350788,1.4739391000475734
1880.0,0.2603296062444376,4.000000000000002,0.01655412774691111,0.0027282776799232053,0.016777444518156496,0.007056647903503743,1.4740866001229733
1881.0,0.2603267923177495,4.000000000000001,0.01654369151788714,0.002725656737020997,0.016766721017750574,0.007054870422419035,1.4742277001496404
1882.0,0.2603239819861292,4.000000000000001,0.016533269868535882,0.002723054500230962,0.016756014990356883,0.007053102525185706,1.4743668001610786
1883.0,0.2603211752414297,4.0,0.016522862771551385,0.0027204707480170485,0.01674532637061264,0.007051344178084229,1.4745054000522941
1884.0,0.26031837207553665,4.000000000000001,0.016512470199696202,0.0027179052611863925,0.01673465509368627,0.007049595347584425,1.4746436001732945
1885.0,0.260315572480369,4.0,0.016502092125801556,0.0027153578228695857,0.016724001095272053,0.007047856000343189,1.4747807001695037
1886.0,0.2603127764478779,4.000000000000001,0.01649172852276658,0.0027128282185033296,0.01671336431158433,0.0070461261032023215,1.4749189000576735
1887.0,0.260309983970047,4.000000000000001,0.01648137936355836,0.002710316235811049,0.016702744679352205,0.007044405623187283,1.4750561001710594
1888.0,0.26030719503889194,4.0,0.0164710446212116,0.0027078216647844857,0.01669214213581408,0.007042694527504306,1.475194400176406
1889.0,0.2603044096464601,4.000000000000001,0.016460724268828237,0.0027053442976656353,0.016681556618712262,0.007040992783539368,1.4753314000554383
1890.0,0.2603016277848307,4.0,0.016450418279577432,0.0027028839289276337,0.01667098806628781,0.0070393003588559155,1.4754684001673013
1891.0,0.2602988494461138,4.0,0.016440126626694945,0.00270044035525721,0.016660436417275083,0.007037617221192866,1.475606600055471
1892.0,0.26029607462245113,4.000000000000001,0.016429849283483268,0.002698013375535592,0.01664990161089682,0.007035943338462941,1.4757404001429677
1893.0,0.2602933033060151,4.000000000000001,0.01641958622331118,0.0026956027908203993,0.01663938358685889,0.007034278678751338,1.475873300107196
1894.0,0.26029053548900866,4.000000000000002,0.01640933741961347,0.0026932084043277483,0.01662888228534523,0.007032623210313005,1.4760061001870781
1895.0,0.2602877711636654,4.0,0.016399102845890842,0.002690830021413517,0.016618397647012947,0.007030976901571784,1.4761509001255035
1896.0,0.26028501032224877,4.000000000000001,0.01638888247570938,0.0026884674495559736,0.016607929612987165,0.0070293397211180775,1.4762875000014901
1897.0,0.2602822529570526,4.000000000000002,0.016378676282700715,0.002686120498336707,0.016597478124856426,0.0070277116377075455,1.4764218002092093
1898.0,0.2602794990604004,3.999999999999999,0.016368484240561663,0.0026837889794231046,0.016587043124667772,0.0070260926202594665,1.476555700181052
1899.0,0.2602767486246448,4.000000000000001,0.016358306323053583,0.0026814727065510133,0.016576624554921697,0.007024482637854379,1.4766893000341952
1900.0,0.2602740016421683,4.000000000000001,0.016348142504002836,0.0026791714955055686,0.016566222358567858,0.007022881659733443,1.4768259001430124
1901.0,0.2602712581053825,4.000000000000001,0.016337992757300124,0.002676885164104165,0.016555836479000156,0.007021289655296414,1.4769596001133323
1902.0,0.26026851800672746,4.0,0.016327857056900288,0.002674613532178766,0.0165454668600521,0.007019706594099756,1.4771788001526147
1903.0,0.26026578133867234,4.0,0.01631773537682219,0.00267235642155792,0.01653511344599233,0.007018132445855363,1.4773411999922246
1904.0,0.2602630480937146,4.0,0.016307627691148553,0.002670113656049047,0.01652477618152012,0.007016567180429284,1.477538000093773
1905.0,0.26026031826438,4.0,0.01629753397402558,0.002667885061421126,0.01651445501176082,0.007015010767839752,1.4777092000003904
1906.0,0.26025759184322267,4.0,0.016287454199662914,0.0026656704653871426,0.016504149882261565,0.007013463178255991,1.4778727001976222
1907.0,0.2602548688228242,3.9999999999999996,0.016277388342333287,0.002663469697586647,0.01649386073898679,0.0070119243819964094,1.4780133999884129
1908.0,0.26025214919579426,3.999999999999999,0.016267336376372413,0.002661282589568397,0.016483587528314005,0.0070103943495277155,1.478149700211361
1909.0,0.26024943295476965,4.0,0.01625729827617868,0.00265910897477333,0.016473330197029453,0.007008873051462805,1.478285200195387
1910.0,0.2602467200924148,4.000000000000001,0.01624727401621317,0.0026569486885168704,0.016463088692324022,0.0070073604585600135,1.4784204000607133
1911.0,0.2602440106014211,4.000000000000001,0.016237263570999142,0.0026548015679725254,0.016452862961788904,0.007005856541721117,1.4785539000295103
1912.0,0.2602413044745069,4.0,0.01622726691512212,0.002652667452154216,0.016442652953411605,0.007004361271990334,1.478688000002876
1913.0,0.26023860170441726,4.000000000000002,0.01621728402322951,0.0026505461818999653,0.016432458615571792,0.007002874620552879,1.4788219002075493
1914.0,0.26023590228392385,4.0,0.016207314870030506,0.0026484375998544326,0.016422279897037276,0.007001396558733858,1.4789561000652611
1915.0,0.2602332062058246,3.9999999999999996,0.01619735943029586,0.002646341550452757,0.01641211674696006,0.006999927057996125,1.4790901001542807
1916.0,0.2602305134629437,3.9999999999999996,0.016187417678857702,0.0026442578799033977,0.01640196911487234,0.006998466089940231,1.4792235000059009
1917.0,0.26022782404813116,4.000000000000001,0.016177489590609287,0.002642186436172045,0.0163918369506826,0.006997013626301812,1.4793573000933975
1918.0,0.26022513795426333,3.999999999999999,0.01616757514050511,0.002640127068964267,0.016381720204671935,0.006995569638951787,1.4794906000606716
1919.0,0.2602224551742415,4.000000000000001,0.01615767430356013,0.0026380796297104207,0.016371618827489855,0.00699413409989369,1.4796247000340372
1920.0,0.26021977570099314,3.999999999999999,0.016147787054850312,0.002636043971547864,0.016361532770151004,0.006992706981263225,1.479758300120011
1921.0,0.26021709952747035,4.000000000000001,0.016137913369511748,0.0026340199493061246,0.016351461984030927,0.006991288255326994,1.4799048001877964
1922.0,0.26021442664665095,3.9999999999999996,0.016128053222741114,0.0026320074194895377,0.01634140642086286,0.006989877894481189,1.4800420000683516
1923.0,0.2602117570515373,4.0,0.016118206589794914,0.00263000624026229,0.01633136603273366,0.006988475871250316,1.4801769000478089
1924.0,0.2602090907351568,4.000000000000001,0.016108373445989723,0.002628016271431716,0.01632134077208048,0.0069870821582862785,1.4803110000211746
1925.0,0.2602064276905613,4.000000000000001,0.0160985537667019,0.0026260373744326324,0.016311330591687146,0.00698569672836688,1.4804459000006318
1926.0,0.26020376791082733,3.9999999999999996,0.016088747527367348,0.0026240694123117352,0.016301335444680567,0.00698431955439513,1.4805792002007365
1927.0,0.26020111138905544,4.000000000000001,0.01607895470348125,0.002622112249712171,0.0162913552845272,0.006982950609397659,1.4807134000584483
1928.0,0.2601984581183705,4.0,0.016069175270598198,0.002620165752857313,0.016281390065029797,0.006981589866524335,1.4808482001535594
1929.0,0.2601958080919214,4.000000000000001,0.01605940920433175,0.0026182297895358453,0.016271439740323787,0.006980237299045983,1.480982500128448
1930.0,0.2601931613028807,4.0,0.016049656480354446,0.0026163042290861358,0.016261504264874067,0.006978892880354554,1.481116000097245
1931.0,0.2601905177444448,4.0,0.01603991707439745,0.0026143889423812746,0.01625158359347151,0.006977556583961153,1.4812494001816958
1932.0,0.26018787740983323,4.000000000000001,0.016030190962250487,0.002612483801813705,0.01624167768122974,0.006976228383495792,1.4813834000378847
1933.0,0.2601852402922895,3.9999999999999996,0.016020478119761886,0.0026105886812797614,0.016231786483582,0.006974908252705803,1.4815174001269042
1934.0,0.26018260638507973,4.000000000000001,0.016010778522837887,0.0026087034561658364,0.016221909956277605,0.006973596165454621,1.4816504002083093
1935.0,0.26017997568149337,4.000000000000001,0.016001092147443084,0.0026068280033322237,0.016212048055379114,0.006972292095721366,1.4817891002167016
1936.0,0.26017734817484295,3.9999999999999996,0.015991418969599866,0.0026049622010990516,0.016202200737258914,0.006970996017600012,1.4819307001307607
1937.0,0.2601747238584632,4.000000000000001,0.01598175896538829,0.0026031059292318994,0.01619236795859615,0.006969707905296968,1.4820662999991328
1938.0,0.260172102725712,4.0,0.015972112110946218,0.002601259068926262,0.016182549676373805,0.00696842773313236,1.4822012002114207
1939.0,0.26016948476996943,4.0,0.015962478382468684,0.0025994215027942266,0.01617274584787534,0.006967155475536918,1.4823370000813156
1940.0,0.260166869984638,4.0,0.015952857756208198,0.0025975931148493263,0.016162956430682003,0.006965891107052369,1.482471900060773
1941.0,0.2601642583631423,4.0,0.015943250208474317,0.0025957737904925503,0.016153181382669617,0.006964634602330266,1.4826062000356615
1942.0,0.260161649898929,3.9999999999999996,0.015933655715633564,0.002593963416498261,0.01614342066200573,0.0069633859361304395,1.482740400126204
1943.0,0.26015904458546674,4.0,0.015924074254109227,0.0025921618810001955,0.01613367422714661,0.006962145083321325,1.4829350002110004
1944.0,0.26015644241624586,3.9999999999999996,0.01591450580038134,0.0025903690734771687,0.016123942036834486,0.006960912018877663,1.48307180008851
1945.0,0.2601538433847782,4.0,0.01590495033098628,0.0025885848847398596,0.016114224050094512,0.006959686717880442,1.4832063000649214
1946.0,0.2601512474845974,4.000000000000001,0.01589540782251695,0.002586809206916292,0.016104520226232134,0.0069584691555163725,1.4833413001615554
1947.0,0.2601486547092583,4.0,0.01588587825162239,0.00258504193343882,0.01609483052483021,0.006957259307075775,1.483475400134921
1948.0,0.2601460650523366,4.0,0.015876361595007507,0.002583282959030744,0.016085154905746104,0.006956057147952915,1.4836108000017703
1949.0,0.2601434785074298,4.000000000000001,0.015866857829433374,0.0025815321796919142,0.01607549332910925,0.0069548626536448666,1.4837454000953585
1950.0,0.2601408950681558,4.000000000000001,0.015857366931716615,0.0025797894926865746,0.016065845755318196,0.006953675799750314,1.4838898000307381
1951.0,0.2601383147281535,4.000000000000002,0.015847888878729538,0.0025780547965293128,0.01605621214503804,0.006952496561969085,1.4840260001365095
1952.0,0.26013573748108276,4.0,0.01583842364739986,0.0025763279909723886,0.016046592459197775,0.006951324916101398,1.4841609001159668
1953.0,0.2601331633206234,4.000000000000002,0.015828971214710514,0.0025746089769927622,0.016036986658987586,0.006950160838046532,1.4842951002065092
1954.0,0.2601305922404764,4.000000000000002,0.01581953155769974,0.0025728976567787254,0.01602739470585645,0.00694900430380288,1.484429000178352
1955.0,0.26012802423436276,4.0,0.015810104653460732,0.002571193933717439,0.01601781656150944,0.00694785528946662,1.4846177999861538
1956.0,0.26012545929602343,4.0,0.015800690479141392,0.002569497712382538,0.016008252187905105,0.006946713771230878,1.484758900012821
1957.0,0.2601228974192199,3.9999999999999996,0.01579128901194451,0.002567808898520831,0.01599870154725321,0.00694557972538537,1.4849136001430452
1958.0,0.2601203385977332,4.000000000000001,0.015781900229127312,0.0025661273990404063,0.01598916460201203,0.006944453128315375,1.4850946001242846
1959.0,0.26011778282536463,4.000000000000001,0.015772524108001597,0.002564453121997776,0.01597964131488613,0.0069433339565012075,1.4852915001101792
1960.0,0.26011523009593496,4.0,0.015763160625933293,0.002562785976586,0.015970131648823674,0.0069422221865174105,1.4855535000097007
1961.0,0.2601126804032845,4.000000000000002,0.015753809760342477,0.0025611258731223934,0.015960635567014204,0.0069411177950313985,1.4857113000471145
1962.0,0.26011013374127334,4.000000000000001,0.015744471488703327,0.0025594727230360955,0.015951153032886297,0.006940020758804316,1.485847500152886
1963.0,0.26010759010378076,4.0,0.01573514578854377,0.002557826438856574,0.015941684010105095,0.006938931054688791,1.4859800001140684
1964.0,0.26010504948470514,4.0,0.015725832637445415,0.0025561869342016603,0.015932228462570034,0.006937848659628737,1.4861136002000421
1965.0,0.26010251187796435,4.0,0.015716532013043488,0.0025545541237654208,0.015922786354412587,0.006936773550658942,1.4862459001597017
1966.0,0.2600999772774951,3.9999999999999996,0.01570724389302665,0.0025529279233067748,0.015913357649993992,0.006935705704904427,1.4863794001284987
1967.0,0.2600974456772531,4.0,0.01569796825513678,0.0025513082496379878,0.015903942313902956,0.006934645099579334,1.486512000206858
1968.0,0.2600949170712128,4.000000000000001,0.01568870507716896,0.002549695020612892,0.015894540310953484,0.00693359171198657,1.4866444000508636
1969.0,0.26009239145336743,4.0,0.015679454336971245,0.002548088155115758,0.015885151606182663,0.006932545519517164,1.4867758001200855
1970.0,0.2600898688177288,4.000000000000001,0.01567021601244452,0.0025464875730499517,0.01587577616484846,0.006931506499649492,1.4869074001908302
1971.0,0.2600873491583274,3.999999999999999,0.01566099008154252,0.002544893195326641,0.01586641395242772,0.00693047462994878,1.4870386000256985
1972.0,0.26008483246921155,4.000000000000001,0.015651776522271326,0.0025433049438542596,0.015857064934613762,0.006929449888066125,1.4874025001190603
1973.0,0.2600823187444486,4.0,0.015642575312689762,0.0025417227415263028,0.015847729077314618,0.006928432251738836,1.487643200205639
1974.0,0.26007980797812347,4.000000000000001,0.01563338643090868,0.002540146512212048,0.01583840634665062,0.0069274216987884885,1.4878000000026077
1975.0,0.2600773001643395,4.0,0.015624209855091309,0.0025385761807445073,0.015829096708952654,0.006926418207121643,1.4879515001084656
1976.0,0.26007479529721805,3.999999999999999,0.015615045563452837,0.002537011672910249,0.0158198001307599,0.006925421754727962,1.4880994001869112
1977.0,0.2600722933708979,4.000000000000001,0.015605893534260246,0.0025354529154390714,0.015810516578817855,0.006924432319680651,1.488247600151226
1978.0,0.26006979437953615,4.0,0.015596753745832507,0.0025338998359926024,0.015801246020076508,0.006923449880135463,1.4883982001338154
1979.0,0.26006729831730735,3.9999999999999996,0.01558762617654,0.002532352363155086,0.015791988421688136,0.006922474414330054,1.4885474999900907
1980.0,0.2600648051784035,4.0,0.0155785108048047,0.0025308104264222357,0.015782743751005537,0.006921505900583741,1.488704200135544
1981.0,0.2600623149570343,4.0,0.01556940760909991,0.0025292739561912675,0.015773511975579996,0.00692054431729644,1.4888488000724465
1982.0,0.2600598276474267,4.000000000000001,0.015560316567950174,0.0025277428837508346,0.015764293063159466,0.0069195896429486425,1.4889930000063032
1983.0,0.26005734324382496,4.0,0.015551237659931135,0.002526217141270982,0.015755086981686636,0.0069186418561006935,1.4891361000481993
1984.0,0.26005486174049053,4.000000000000002,0.015542170863669262,0.002524696661793342,0.015745893699296975,0.006917700935391791,1.4892790000885725
1985.0,0.26005238313170215,4.000000000000001,0.015533116157842013,0.002523181379221045,0.015736713184317127,0.006916766859540291,1.489421800011769
1986.0,0.26004990741175515,4.000000000000001,0.015524073521177411,0.0025216712283091507,0.015727545405262826,0.006915839607342544,1.4895641000475734
1987.0,0.26004743457496216,4.000000000000001,0.015515042932454051,0.0025201661446550873,0.015718390330837256,0.006914919157672422,1.4897168001625687
1988.0,0.2600449646156525,4.0,0.015506024370501036,0.0025186660646887883,0.015709247929929268,0.0069140054894814285,1.489861300215125
1989.0,0.2600424975281721,3.9999999999999996,0.015497017814197551,0.0025171709256637496,0.015700118171611422,0.006913098581797172,1.4900040000211447
1990.0,0.26004003330688363,4.000000000000002,0.015488023242473094,0.0025156806656471456,0.015691001025138505,0.006912198413723564,1.4901422001421452
1991.0,0.26003757194616645,4.0,0.015479040634307193,0.002514195223510584,0.015681896459945676,0.006911304964440701,1.4902812000364065
1992.0,0.2600351134404162,4.000000000000001,0.01547006996872912,0.002512714538921463,0.015672804445646667,0.006910418213202901,1.490419700043276
1993.0,0.26003265778404483,4.000000000000001,0.015461111224818056,0.0025112385523331,0.01566372495203229,0.006909538139340116,1.4905584000516683
1994.0,0.2600302049714809,4.000000000000001,0.015452164381702702,0.0025097672049764234,0.015654657949068604,0.006908664722255681,1.4907050000037998
1995.0,0.2600277549971689,4.0,0.015443229418561327,0.002508300438850414,0.015645603406895345,0.006907797941427457,1.4908444001339376
1996.0,0.26002530785556943,4.0,0.015434306314621442,0.0025068381967139767,0.015636561295824202,0.006906937776405664,1.4909835001453757
1997.0,0.26002286354115917,4.0,0.015425395049159869,0.002505380422076414,0.015627531586337284,0.006906084206814045,1.49112270004116
1998.0,0.2600204220484309,3.9999999999999996,0.015416495601502609,0.0025039270591892403,0.015618514249085582,0.006905237212348508,1.4912613001652062
1999.0,0.2600179833718931,3.9999999999999996,0.015407607951024475,0.002502478053037584,0.015609509254887143,0.006904396772776461,1.4914001000579447
2000.0,0.26001554750607003,4.000000000000001,0.015398732077149174,0.002501033349331671,0.015600516574725727,0.006903562867937224,1.4915432999841869
