accepted_step_before_trial,halving,alpha,current_loss,proposal_loss,armijo_target,accepted,total_elapsed_seconds
0,0,0.01,0.24942832355389927,0.249324437673,0.24942831312853814,True,0.0010389001108705997
1,0,0.01,0.249324437673,0.24922200442638132,0.24932442739380806,True,0.001209300011396408
2,0,0.01,0.24922200442638132,0.24912098825208112,0.2492219942897693,True,0.0013680001720786095
3,0,0.01,0.24912098825208112,0.24902135488254407,0.2491209782545906,True,0.001511300215497613
4,0,0.01,0.24902135488254407,0.24892307128991759,0.24902134502084194,True,0.0016561001539230347
5,0,0.01,0.24892307128991759,0.2488261056337369,0.24892306156079075,True,0.0018002002034336329
6,0,0.01,0.2488261056337369,0.24873042721089603,0.2488260960340872,True,0.001997200073674321
7,0,0.01,0.24873042721089603,0.24863600640780498,0.24873041773773547,True,0.002389600034803152
8,0,0.01,0.24863600640780498,0.24854281465463923,0.248635997058251,True,0.002542800037190318
9,0,0.01,0.24854281465463923,0.24845082438159075,0.24854280542591042,True,0.0026905001141130924
10,0,0.01,0.24845082438159075,0.24836000897703295,0.24845081527100246,True,0.0028295000083744526
11,0,0.01,0.24836000897703295,0.24827034274751725,0.2483599999819934,True,0.00297220004722476
12,0,0.01,0.24827034274751725,0.24818180087952077,0.24827033386552352,True,0.00311480020172894
13,0,0.01,0.24818180087952077,0.24809435940286928,0.24818179210815522,True,0.003255800111219287
14,0,0.01,0.24809435940286928,0.24800799515576114,0.24809435073979594,True,0.0033947001211345196
15,0,0.01,0.24800799515576114,0.24792268575132406,0.24800798659872236,True,0.0035333000123500824
16,0,0.01,0.24792268575132406,0.24783840954563582,0.24792267729813727,True,0.003671300131827593
17,0,0.01,0.24783840954563582,0.24775514560714568,0.2478384011941904,True,0.0038261001463979483
18,0,0.01,0.24775514560714568,0.24767287368743446,0.24775513735540006,True,0.0039687000680714846
19,0,0.01,0.24767287368743446,0.24759157419325517,0.2476728655334133,True,0.004113700008019805
20,0,0.01,0.24759157419325517,0.24751122815979723,0.2475915661350466,True,0.00425220001488924
21,0,0.01,0.24751122815979723,0.24743181722512037,0.24751122019555027,True,0.004390700021758676
22,0,0.01,0.24743181722512037,0.2473533236057076,0.24743180935304251,True,0.004528600024059415
23,0,0.01,0.2473533236057076,0.2472757300730864,0.24735331582406242,True,0.00466740014962852
24,0,0.01,0.2472757300730864,0.2471990199314719,0.24727572238019124,True,0.004804800031706691
25,0,0.01,0.2471990199314719,0.24712317699638714,0.2471990123256958,True,0.004944100044667721
26,0,0.01,0.24712317699638714,0.24704818557421618,0.24712316947614874,True,0.005085100186988711
27,0,0.01,0.24704818557421618,0.24697403044264976,0.24704817813798166,True,0.005224000196903944
28,0,0.01,0.24697403044264976,0.24690069683198354,0.2469740230889311,True,0.005364100215956569
29,0,0.01,0.24690069683198354,0.2468281704072304,0.24690068955933658,True,0.0054986001923680305
30,0,0.01,0.2468281704072304,0.24675643725101296,0.24682816321425316,True,0.0056319001596421
31,0,0.01,0.24675643725101296,0.2466854838471986,0.246756430136344,True,0.005765400128439069
32,0,0.01,0.2466854838471986,0.24661529706524615,0.2466854768095154,True,0.005912400083616376
33,0,0.01,0.24661529706524615,0.24654586414523275,0.24661529010326366,True,0.006049600197002292
34,0,0.01,0.24654586414523275,0.2464771726835288,0.24654585725770184,True,0.0061841001734137535
35,0,0.01,0.2464771726835288,0.24640921061909396,0.24647716586923502,True,0.006317900028079748
36,0,0.01,0.24640921061909396,0.24634196622036625,0.24640920387685603,True,0.006452000001445413
37,0,0.01,0.24634196622036625,0.24627542807271668,0.24634195954903493,True,0.006585600087419152
38,0,0.01,0.24627542807271668,0.2462095850664458,0.24627542147117354,True,0.006718900054693222
39,0,0.01,0.2462095850664458,0.24614442638529743,0.246209578533602,True,0.006853700149804354
40,0,0.01,0.24614442638529743,0.24607994149546597,0.2461444199200927,True,0.006990400142967701
41,0,0.01,0.24607994149546597,0.24601612013507593,0.2460799350968674,True,0.007123999996110797
42,0,0.01,0.24601612013507593,0.2459529523041128,0.24601611380207714,True,0.0072570000775158405
43,0,0.01,0.2459529523041128,0.24589042825478497,0.24595294603573278,True,0.007390100043267012
44,0,0.01,0.24589042825478497,0.24582853848229624,0.2458904220500673,True,0.007531900191679597
45,0,0.01,0.24582853848229624,0.245767273716014,0.24582853234030813,True,0.0076696001924574375
46,0,0.01,0.245767273716014,0.24570662491101047,0.24576726763584542,True,0.007803100161254406
47,0,0.01,0.24570662491101047,0.24564658323996588,0.2457066188917733,True,0.007936500012874603
48,0,0.01,0.24564658323996588,0.24558714008541238,0.24564657728079325,True,0.008070300100371242
49,0,0.01,0.24558714008541238,0.24552828703230778,0.2455871341854578,True,0.008204500190913677
50,0,0.01,0.24552828703230778,0.24547001586092065,0.2455282811907445,True,0.00833870004862547
51,0,0.01,0.24547001586092065,0.2454123185400172,0.24547001007694091,True,0.008472200017422438
52,0,0.01,0.2454123185400172,0.24535518722033126,0.24541231281283157,True,0.008608000120148063
53,0,0.01,0.24535518722033126,0.24529861422831029,0.2453551815491681,True,0.008743599988520145
54,0,0.01,0.24529861422831029,0.24524259206012022,0.24529860861241506,True,0.008876500185579062
55,0,0.01,0.24524259206012022,0.24518711337590166,0.24524258649875488,True,0.009010900044813752
56,0,0.01,0.24518711337590166,0.24513217099426335,0.2451871078683442,True,0.00914440001361072
57,0,0.01,0.24513217099426335,0.24507775788700403,0.24513216553980716,True,0.00928090000525117
58,0,0.01,0.24507775788700403,0.24502386717405192,0.24507775248495747,True,0.009415799984708428
59,0,0.01,0.24502386717405192,0.24497049211861216,0.24502386182373778,True,0.009557200130075216
60,0,0.01,0.24497049211861216,0.24491762612251355,0.24497048681936723,True,0.009695700136944652
61,0,0.01,0.24491762612251355,0.24486526272174491,0.24491762087368812,True,0.00983049999922514
62,0,0.01,0.24486526272174491,0.24481339558217333,0.24486525752270236,True,0.009965000208467245
63,0,0.01,0.24481339558217333,0.24476201849543608,0.24481339043228975,True,0.01010040007531643
64,0,0.01,0.24476201849543608,0.2447111253749979,0.2447620133940998,True,0.010234000161290169
65,0,0.01,0.2447111253749979,0.24466071025236852,0.24471112032160916,True,0.01036850013770163
66,0,0.01,0.24466071025236852,0.24461076727347011,0.24466070524633912,True,0.010658100014552474
67,0,0.01,0.24461076727347011,0.2445612906951501,0.244610762314223,True,0.010809200117364526
68,0,0.01,0.2445612906951501,0.24451227488183383,0.24456128578211905,True,0.011023200117051601
69,0,0.01,0.24451227488183383,0.2444637143023077,0.24451227001446318,True,0.011208400130271912
70,0,0.01,0.2444637143023077,0.2444156035266311,0.24446370948005194,True,0.011362700024619699
71,0,0.01,0.2444156035266311,0.2443679372231681,0.24441559874895466,True,0.011504900176078081
72,0,0.01,0.2443679372231681,0.2443207101557351,0.244367932489545,True,0.011640700045973063
73,0,0.01,0.2443207101557351,0.2442739171808604,0.2443207054656487,True,0.011806700145825744
74,0,0.01,0.2442739171808604,0.24422755324514833,0.24427391253380315,True,0.01195820001885295
75,0,0.01,0.24422755324514833,0.24418161338274563,0.2442275486406215,True,0.012098000152036548
76,0,0.01,0.24418161338274563,0.24413609271290426,0.24418160882025905,True,0.012235000031068921
77,0,0.01,0.24413609271290426,0.24409098643763766,0.24413608819197608,True,0.012369800126180053
78,0,0.01,0.24409098643763766,0.24404628983946489,0.24409098195779413,True,0.012504000216722488
79,0,0.01,0.24404628983946489,0.24400199827924002,0.24404628540024018,True,0.012638300191611052
80,0,0.01,0.24400199827924002,0.24395810719406344,0.24400199388017593,True,0.012772600166499615
81,0,0.01,0.24395810719406344,0.2439146120952692,0.2439581028347093,True,0.012907700147479773
82,0,0.01,0.2439146120952692,0.24387150856648873,0.24391460777518162,True,0.013045400148257613
83,0,0.01,0.24387150856648873,0.24382879226178447,0.24387150428523133,True,0.013181200018152595
84,0,0.01,0.24382879226178447,0.2437864589038517,0.24382878801892782,True,0.013332400005310774
85,0,0.01,0.2437864589038517,0.24374450428228658,0.24378645469897314,True,0.013469500001519918
86,0,0.01,0.24374450428228658,0.2437029242519153,0.24374450011496998,True,0.01360460021533072
87,0,0.01,0.2437029242519153,0.2436617147311845,0.24370292012175093,True,0.013740700203925371
88,0,0.01,0.2436617147311845,0.24362087170060753,0.24366171063776887,True,0.013876700075343251
89,0,0.01,0.24362087170060753,0.24358039120126665,0.24362086764354324,True,0.014011400053277612
90,0,0.01,0.24358039120126665,0.24354026933336734,0.24358038718016228,True,0.014145800145342946
91,0,0.01,0.24354026933336734,0.24350050225484302,0.24354026534783724,True,0.014281300129368901
92,0,0.01,0.24350050225484302,0.24346108618000792,0.24350049830450723,True,0.014415699988603592
93,0,0.01,0.24346108618000792,0.2434220173782562,0.24346108226449203,True,0.014549900079146028
94,0,0.01,0.2434220173782562,0.24338329217280585,0.2434220134971912,True,0.014684000052511692
95,0,0.01,0.24338329217280585,0.24334490693948357,0.24338328832582803,True,0.014818700030446053
96,0,0.01,0.24334490693948357,0.2433068581055527,0.24334490312623439,True,0.01495270011946559
97,0,0.01,0.2433068581055527,0.2432691421485778,0.24330685432567864,True,0.01508630020543933
98,0,0.01,0.2432691421485778,0.2432317555953286,0.24326913840173037,True,0.015221900073811412
99,0,0.01,0.2432317555953286,0.24319469502071772,0.24323175188116405,True,0.015368000138550997
100,0,0.01,0.24319469502071772,0.24315795704677567,0.2431946913388971,True,0.015513100195676088
101,0,0.01,0.24315795704677567,0.2431215383416555,0.24315795339696467,True,0.015649900073185563
102,0,0.01,0.2431215383416555,0.2430854356186723,0.24312153472352432,True,0.015785900177434087
103,0,0.01,0.2430854356186723,0.2430496456353708,0.24308543203189562,True,0.015919600147753954
104,0,0.01,0.2430496456353708,0.24301416519262353,0.2430496420796276,True,0.016054200008511543
105,0,0.01,0.24301416519262353,0.24297899113375626,0.24301416166759712,True,0.016187700210139155
106,0,0.01,0.24297899113375626,0.24294412034370083,0.24297898763913411,True,0.016321100061759353
107,0,0.01,0.24294412034370083,0.24290954974817336,0.24294411687917447,True,0.01645460003055632
108,0,0.01,0.24290954974817336,0.24287527631287759,0.2429095463134384,True,0.016589100006967783
109,0,0.01,0.24287527631287759,0.24284129704273222,0.24287527290763353,True,0.016723700100556016
110,0,0.01,0.24284129704273222,0.2428076089811207,0.24284129366668247,True,0.01685950020328164
111,0,0.01,0.2428076089811207,0.24277420920916326,0.2428076056339724,True,0.016993600176647305
112,0,0.01,0.24277420920916326,0.24274109484501055,0.24277420589062734,True,0.017127300146967173
113,0,0.01,0.24274109484501055,0.24270826304315643,0.24274109155480156,True,0.017261900007724762
114,0,0.01,0.24270826304315643,0.2426757109937724,0.2427082597809925,True,0.017407500185072422
115,0,0.01,0.2426757109937724,0.24264343592205795,0.24267570775937516,True,0.01754210004583001
116,0,0.01,0.24264343592205795,0.2426114350876123,0.24264343271515254,True,0.017676300136372447
117,0,0.01,0.2426114350876123,0.24257970578382088,0.2426114319079272,True,0.01781009999103844
118,0,0.01,0.24257970578382088,0.24254824533726016,0.2425797026310879,True,0.017945100087672472
119,0,0.01,0.24254824533726016,0.2425170511071177,0.24254824221121446,True,0.018078000051900744
120,0,0.01,0.2425170511071177,0.24248612048462886,0.24251704800749757,True,0.018384800059720874
121,0,0.01,0.24248612048462886,0.24245545089252735,0.24248611741117584,True,0.0186922000721097
122,0,0.01,0.24245545089252735,0.24242503978451097,0.24245544784498602,True,0.018914800137281418
123,0,0.01,0.24242503978451097,0.24239488464472062,0.24242503676262897,True,0.019065700005739927
124,0,0.01,0.24239488464472062,0.24236498298723363,0.24239488164824863,True,0.01920460001565516
125,0,0.01,0.24236498298723363,0.24233533235556923,0.24236498001592527,True,0.019341500010341406
126,0,0.01,0.24233533235556923,0.2423059303222066,0.24233532940918104,True,0.019479600014165044
127,0,0.01,0.2423059303222066,0.24227677448811552,0.24230592740049794,True,0.01961630000732839
128,0,0.01,0.24227677448811552,0.24224786248229763,0.24227677159084862,True,0.019753200002014637
129,0,0.01,0.24224786248229763,0.2422191919613404,0.24224785960923748,True,0.01988889998756349
130,0,0.01,0.2422191919613404,0.2421907606089799,0.24221918911225468,True,0.020025100093334913
131,0,0.01,0.2421907606089799,0.2421625661356761,0.242190757783639,True,0.02015860006213188
132,0,0.01,0.2421625661356761,0.24213460627819633,0.24216256333385303,True,0.020473500015214086
133,0,0.01,0.24213460627819633,0.24210687879921022,0.24213460349966673,True,0.02063180017285049
134,0,0.01,0.24210687879921022,0.24207938148689281,0.24210687604375228,True,0.02078430005349219
135,0,0.01,0.24207938148689281,0.2420521121545373,0.2420793787542872,True,0.020942200208082795
136,0,0.01,0.2420521121545373,0.24202506864017642,0.24205210944456726,True,0.021086000138893723
137,0,0.01,0.24202506864017642,0.24199824880621254,0.24202506595262754,True,0.021229000063613057
138,0,0.01,0.24199824880621254,0.24197165053905578,0.24199824614087287,True,0.021371799986809492
139,0,0.01,0.24197165053905578,0.24194527174877015,0.24197164789571576,True,0.0215102001093328
140,0,0.01,0.24194527174877015,0.24191911036872749,0.24194526912722253,True,0.02164759999141097
141,0,0.01,0.24191911036872749,0.2418931643552688,0.24191910776876735,True,0.021786099998280406
142,0,0.01,0.2418931643552688,0.24186743168737262,0.24189316177669345,True,0.021935000084340572
143,0,0.01,0.24186743168737262,0.24184191036633104,0.24186742912998166,True,0.022074400214478374
144,0,0.01,0.24184191036633104,0.2418165984154315,0.24184190782992623,True,0.022212000098079443
145,0,0.01,0.2418165984154315,0.24179149387964635,0.2418165958998168,True,0.022351199993863702
146,0,0.01,0.24179149387964635,0.24176659482532742,0.24179149138462788,True,0.022488899994641542
147,0,0.01,0.24176659482532742,0.24174189933990836,0.2417665923507134,True,0.022626700112596154
148,0,0.01,0.24174189933990836,0.24171740553161164,0.2417418968855091,True,0.022766200127080083
149,0,0.01,0.24171740553161164,0.24169311152916187,0.2417174030972395,True,0.022913100197911263
150,0,0.01,0.24169311152916187,0.24166901548150505,0.2416931091146312,True,0.023055600002408028
151,0,0.01,0.24166901548150505,0.24164511555753274,0.2416690130866323,True,0.023195400135591626
152,0,0.01,0.24164511555753274,0.24162140994581244,0.24164511318213625,True,0.023335300153121352
153,0,0.01,0.24162140994581244,0.24159789685432181,0.24162140758971254,True,0.02347330003976822
154,0,0.01,0.24159789685432181,0.24157457451018893,0.24159789451734073,True,0.023611900163814425
155,0,0.01,0.24157457451018893,0.2415514411594377,0.2415745721921508,True,0.023750000167638063
156,0,0.01,0.2415514411594377,0.24152849506673701,0.24155143886016853,True,0.023898200131952763
157,0,0.01,0.24152849506673701,0.24150573451515497,0.24152849278606464,True,0.0240404000505805
158,0,0.01,0.24150573451515497,0.2414831578059181,0.24150573225290908,True,0.024179500062018633
159,0,0.01,0.2414831578059181,0.24146076325817423,0.24148315556193017,True,0.024318800074979663
160,0,0.01,0.24146076325817423,0.24143854920875968,0.24146076103227748,True,0.024456600192934275
161,0,0.01,0.24143854920875968,0.24141651401197134,0.24143854700078912,True,0.024594300193712115
162,0,0.01,0.24141651401197134,0.24139465603934177,0.2414165118217637,True,0.024732600199058652
163,0,0.01,0.24139465603934177,0.2413729736794192,0.24139465386673548,True,0.024877400137484074
164,0,0.01,0.2413729736794192,0.24135146533755064,0.24137297152425438,True,0.025020600063726306
165,0,0.01,0.24135146533755064,0.24133012943566873,0.24135146319966905,True,0.025160400196909904
166,0,0.01,0.24133012943566873,0.24130896441208324,0.24133012731491382,True,0.025300899986177683
167,0,0.01,0.24130896441208324,0.2412879687212744,0.24130896230830004,True,0.02543660020455718
168,0,0.01,0.2412879687212744,0.2412671408336914,0.24128796663430957,True,0.025572200072929263
169,0,0.01,0.2412671408336914,0.24124647923555312,0.24126713876339317,True,0.025705600157380104
170,0,0.01,0.24124647923555312,0.24122598242865267,0.24124647718177125,True,0.02583930012769997
171,0,0.01,0.24122598242865267,0.24120564893016508,0.24122598039123855,True,0.02598340017721057
172,0,0.01,0.24120564893016508,0.24118547727245793,0.24120564690897153,True,0.02612080005928874
173,0,0.01,0.24118547727245793,0.24116546600290545,0.24118547526733933,True,0.026256200158968568
174,0,0.01,0.24116546600290545,0.2411456136837049,0.24116546401371763,True,0.02639060001820326
175,0,0.01,0.2411456136837049,0.24112591889169688,0.2411456117103052,True,0.02652489999309182
176,0,0.01,0.24112591889169688,0.24110638021818748,0.24112591693394408,True,0.02665890008211136
177,0,0.01,0.24110638021818748,0.24108699626877386,0.24110637827594175,True,0.026792400050908327
178,0,0.01,0.24108699626877386,0.2410677656631727,0.24108699434189687,True,0.02697860007174313
179,0,0.01,0.2410677656631727,0.2410486870350504,0.24106776375152744,True,0.027264400152489543
180,0,0.01,0.2410486870350504,0.24102975903185692,0.24104868513850125,True,0.027413400122895837
181,0,0.01,0.24102975903185692,0.24101098031466156,0.2410297571502697,True,0.027559800073504448
182,0,0.01,0.24101098031466156,0.2409923495579916,0.24101097844790337,True,0.027700999984517694
183,0,0.01,0.2409923495579916,0.2409738654496733,0.24099234770593086,True,0.02784120012074709
184,0,0.01,0.2409738654496733,0.24095552669067438,0.24097386361217982,True,0.027979400008916855
185,0,0.01,0.24095552669067438,0.2409373319949511,0.24095552486761923,True,0.028117300011217594
186,0,0.01,0.2409373319949511,0.24091928008929492,0.2409373301862066,True,0.028254900127649307
187,0,0.01,0.24091928008929492,0.24090136971318338,0.24091927829473475,True,0.02839360013604164
188,0,0.01,0.24090136971318338,0.24088359961863198,0.2409013679326824,True,0.028643500059843063
189,0,0.01,0.24088359961863198,0.24086596857004955,0.24088359785206634,True,0.02878480008803308
190,0,0.01,0.24086596857004955,0.24084847534409393,0.2408659668172966,True,0.028938000090420246
191,0,0.01,0.24084847534409393,0.24083111872953133,0.24084847360503225,True,0.029085300164297223
192,0,0.01,0.24083111872953133,0.24081389752709678,0.2408311170040407,True,0.02922680019401014
193,0,0.01,0.24081389752709678,0.24079681054935725,0.24081389581505816,True,0.02936420007608831
194,0,0.01,0.24079681054935725,0.24077985662057577,0.24079680885065277,True,0.029501600190997124
195,0,0.01,0.24077985662057577,0.24076303457657847,0.24077985493508874,True,0.029639400076121092
196,0,0.01,0.24076303457657847,0.24074634326462313,0.24076303290419332,True,0.029778200201690197
197,0,0.01,0.24074634326462313,0.24072978154326902,0.24074634160522543,True,0.029915600083768368
198,0,0.01,0.24072978154326902,0.24071334828224933,0.24072977989674546,True,0.03005719999782741
199,0,0.01,0.24071334828224933,0.2406970423623453,0.24071334664848773,True,0.030194200109690428
200,0,0.01,0.2406970423623453,0.2406808626752615,0.24069704074123455,True,0.030340000055730343
201,0,0.01,0.2406808626752615,0.24066480812350322,0.2406808610666916,True,0.030479100067168474
202,0,0.01,0.24066480812350322,0.24064887762025564,0.2406648065273652,True,0.030618200078606606
203,0,0.01,0.24064887762025564,0.24063307008926438,0.2406488760364416,True,0.030757900094613433
204,0,0.01,0.24063307008926438,0.24061738446471811,0.24063306851766753,True,0.030895800096914172
205,0,0.01,0.24061738446471811,0.2406018196911317,0.2406173829052326,True,0.031050600111484528
206,0,0.01,0.2406018196911317,0.24058637472323238,0.24060181814365278,True,0.031190200010314584
207,0,0.01,0.24058637472323238,0.2405710485258464,0.24058637318765627,True,0.0313272001221776
208,0,0.01,0.2405710485258464,0.24055584007378766,0.24057104700207033,True,0.03146210010163486
209,0,0.01,0.24055584007378766,0.2405407483517471,0.24055583856170984,True,0.03159540006890893
210,0,0.01,0.2405407483517471,0.2405257723541852,0.24054074685126675,True,0.031727900030091405
211,0,0.01,0.2405257723541852,0.2405109110852234,0.2405257708652025,True,0.03186079999431968
212,0,0.01,0.2405109110852234,0.24049616355853987,0.24051090960763946,True,0.03199410019442439
213,0,0.01,0.24049616355853987,0.24048152879726375,0.24049616209225677,True,0.03212700015865266
214,0,0.01,0.24048152879726375,0.24046700583387293,0.2404815273421845,True,0.03226390015333891
215,0,0.01,0.24046700583387293,0.2404525937100923,0.24046700438990148,True,0.032397600123658776
216,0,0.01,0.2404525937100923,0.24043829147679296,0.24045259227713353,True,0.03253020020201802
217,0,0.01,0.24043829147679296,0.24042409819389365,0.24043829005475262,True,0.032662900164723396
218,0,0.01,0.24042409819389365,0.24041001293026265,0.2404240967826784,True,0.03279680013656616
219,0,0.01,0.24041001293026265,0.2403960347636212,0.24041001152978003,True,0.03293780004605651
220,0,0.01,0.2403960347636212,0.24038216278044822,0.24039603337377966,True,0.033074700040742755
221,0,0.01,0.24038216278044822,0.24036839607588634,0.24038216140115706,True,0.03320880001410842
222,0,0.01,0.24036839607588634,0.24035473375364874,0.2403683947070557,True,0.03334260010160506
223,0,0.01,0.24035473375364874,0.24034117492592758,0.24035473239518965,True,0.0334756001830101
224,0,0.01,0.24034117492592758,0.24032771871330327,0.2403411735777519,True,0.03360910015180707
225,0,0.01,0.24032771871330327,0.24031436424465497,0.24032771737532366,True,0.03374220011755824
226,0,0.01,0.24031436424465497,0.2403011106570723,0.24031436291678493,True,0.03387620020657778
227,0,0.01,0.2403011106570723,0.2402879570957681,0.24030110933922616,True,0.034008300164714456
228,0,0.01,0.2402879570957681,0.24027490271399243,0.240287955787861,True,0.03414120012894273
229,0,0.01,0.24027490271399243,0.2402619466729471,0.24027490141594024,True,0.034326500026509166
230,0,0.01,0.2402619466729471,0.24024908814170182,0.24026194538466655,True,0.03446730016730726
231,0,0.01,0.24024908814170182,0.24023632629711114,0.24024908686311044,True,0.03460250003263354
232,0,0.01,0.24023632629711114,0.2402236603237326,0.24023632502812717,True,0.03473830013535917
233,0,0.01,0.2402236603237326,0.24021108941374564,0.24022365906427506,True,0.03488490008749068
234,0,0.01,0.24021108941374564,0.24019861276687143,0.24021108816373432,True,0.03503440017811954
235,0,0.01,0.24019861276687143,0.24018622959029412,0.24019861152622687,True,0.0351687001530081
236,0,0.01,0.24018622959029412,0.24017393909858253,0.2401862283589376,True,0.035349000012502074
237,0,0.01,0.24017393909858253,0.24016174051361305,0.24017393787643607,True,0.03554990002885461
238,0,0.01,0.24016174051361305,0.24014963306449366,0.24016173930059934,True,0.0356911001726985
239,0,0.01,0.24014963306449366,0.24013761598748845,0.24014963186053617,True,0.035827300045639277
240,0,0.01,0.24013761598748845,0.2401256885259434,0.24013761479251133,True,0.03596230014227331
241,0,0.01,0.2401256885259434,0.24011384993021245,0.24012568733987152,True,0.036097100004553795
242,0,0.01,0.24011384993021245,0.24010209945758565,0.24011384875297137,True,0.036232100101187825
243,0,0.01,0.24010209945758565,0.24009043637221683,0.2401020982891016,True,0.03636580007150769
244,0,0.01,0.24009043637221683,0.24007885994505282,0.24009043521241674,True,0.036500100046396255
245,0,0.01,0.24007885994505282,0.2400673694537635,0.24007885879386429,True,0.03663580003194511
246,0,0.01,0.2400673694537635,0.24005596418267272,0.2400673683111148,True,0.036769500002264977
247,0,0.01,0.24005596418267272,0.2400446434226896,0.24005596304849278,True,0.036907400004565716
248,0,0.01,0.2400446434226896,0.240033406471241,0.240044642296908,True,0.037144900066778064
249,0,0.01,0.240033406471241,0.2400222526322049,0.24003340535378795,True,0.03731920011341572
250,0,0.01,0.2400222526322049,0.2400111812158443,0.24002225152301127,True,0.037460300140082836
251,0,0.01,0.2400111812158443,0.2400001915387419,0.24001118011484163,True,0.03760380018502474
252,0,0.01,0.2400001915387419,0.23998928292373573,0.2400001904458623,True,0.037740200059488416
253,0,0.01,0.23998928292373573,0.23997845469985526,0.2399892818389119,True,0.03788419999182224
254,0,0.01,0.23997845469985526,0.23996770620225863,0.23997845362302062,True,0.03802209999412298
255,0,0.01,0.23996770620225863,0.23995703677217017,0.23996770513334714,True,0.03815730009227991
256,0,0.01,0.23995703677217017,0.23994644575681914,0.2399570357111164,True,0.03829150018282235
257,0,0.01,0.23994644575681914,0.23993593250937836,0.23994644470355825,True,0.0384268001653254
258,0,0.01,0.23993593250937836,0.23992549638890492,0.23993593146384612,True,0.03856190014630556
259,0,0.01,0.23992549638890492,0.23991513676027984,0.2399254953510377,True,0.03869680012576282
260,0,0.01,0.23991513676027984,0.23990485299415015,0.2399151357300145,True,0.03883190010674298
261,0,0.01,0.23990485299415015,0.23989464446687006,0.23990485197142422,True,0.03897880017757416
262,0,0.01,0.23989464446687006,0.23988451056044416,0.2398946434516216,True,0.039113800041377544
263,0,0.01,0.23988451056044416,0.23987445066247023,0.23988450955261179,True,0.03924790001474321
264,0,0.01,0.23987445066247023,0.23986446416608337,0.23987444966199312,True,0.03938140021637082
265,0,0.01,0.23986446416608337,0.2398545504699004,0.23986446317290125,True,0.03951530018821359
266,0,0.01,0.2398545504699004,0.23984470897796506,0.23985454948395352,True,0.03964930004440248
267,0,0.01,0.23984470897796506,0.23983493909969378,0.23984470799919425,True,0.039783700136467814
268,0,0.01,0.23983493909969378,0.23982524024982205,0.23983493812804038,True,0.03992780018597841
269,0,0.01,0.23982524024982205,0.23981561184835143,0.23982523928522792,True,0.040065000066533685
270,0,0.01,0.23981561184835143,0.23980605332049737,0.23981561089075895,True,0.04020060016773641
271,0,0.01,0.23980605332049737,0.23979656409663655,0.23980605236984948,True,0.040335200028494
272,0,0.01,0.23979656409663655,0.2397871436122569,0.23979656315287665,True,0.04046860011294484
273,0,0.01,0.2397871436122569,0.23977779130790583,0.2397871426753289,True,0.04060230008326471
274,0,0.01,0.23977779130790583,0.23976850662914076,0.2397777903777542,True,0.04073590016923845
275,0,0.01,0.23976850662914076,0.2397592890264792,0.23976850570571043,True,0.04087540018372238
276,0,0.01,0.2397592890264792,0.2397501379553502,0.23975928810971558,True,0.04101240006275475
277,0,0.01,0.2397501379553502,0.23974105287604558,0.23975013704519918,True,0.04115170007571578
278,0,0.01,0.23974105287604558,0.23973203325367165,0.23974105197245357,True,0.04129060008563101
279,0,0.01,0.23973203325367165,0.239723078558103,0.23973203235658552,True,0.04143150011077523
280,0,0.01,0.239723078558103,0.23971418826393417,0.23972307766747009,True,0.041575000155717134
281,0,0.01,0.23971418826393417,0.23970536185043462,0.2397141873797023,True,0.04171960009261966
282,0,0.01,0.23970536185043462,0.23969659880150201,0.23970536097255205,True,0.04192460002377629
283,0,0.01,0.23969659880150201,0.23968789860561723,0.23969659792991746,True,0.04207940003834665
284,0,0.01,0.23968789860561723,0.2396792607557997,0.2396878977402799,True,0.0422350000590086
285,0,0.01,0.2396792607557997,0.23967068474956268,0.23967925989665925,True,0.04238950018770993
286,0,0.01,0.23967068474956268,0.23966217008886956,0.23967068389656918,True,0.04254260007292032
287,0,0.01,0.23966217008886956,0.2396537162800909,0.23966216924197353,True,0.04269969998858869
288,0,0.01,0.2396537162800909,0.23964532283396095,0.23965371543924333,True,0.04286480019800365
289,0,0.01,0.23964532283396095,0.23963698926553523,0.2396453219991132,True,0.04302890016697347
290,0,0.01,0.23963698926553523,0.2396287150941493,0.23963698843663916,True,0.04319340013898909
291,0,0.01,0.2396287150941493,0.2396204998433762,0.23962871427115714,True,0.04336080001667142
292,0,0.01,0.2396204998433762,0.23961234304098628,0.23962049902624064,True,0.04353550006635487
293,0,0.01,0.23961234304098628,0.23960424421890608,0.23961234222966038,True,0.04392329999245703
294,0,0.01,0.23960424421890608,0.23959620291317824,0.23960424341334338,True,0.04410880012437701
295,0,0.01,0.23959620291317824,0.23958821866392202,0.23959620211333263,True,0.044379700208082795
296,0,0.01,0.23958821866392202,0.2395802910152935,0.23958821786974782,True,0.044624000089243054
297,0,0.01,0.2395802910152935,0.2395724195154471,0.2395802902267454,True,0.04481730004772544
298,0,0.01,0.2395724195154471,0.23956460371649702,0.23957241873248028,True,0.045007500099018216
299,0,0.01,0.23956460371649702,0.23955684317447887,0.23956460293906692,True,0.04519460001029074
300,0,0.01,0.23955684317447887,0.2395491374493126,0.2395568424025414,True,0.04540100018493831
301,0,0.01,0.2395491374493126,0.23954148610476478,0.23954913668282407,True,0.04558460018597543
302,0,0.01,0.23954148610476478,0.23953388870841164,0.23954148534368183,True,0.045765000162646174
303,0,0.01,0.23953388870841164,0.23952634483160304,0.23953388795269132,True,0.04594750003889203
304,0,0.01,0.23952634483160304,0.23951885404942638,0.23952634408120274,True,0.046124499989673495
305,0,0.01,0.23951885404942638,0.2395114159406702,0.23951885330430392,True,0.04629620001651347
306,0,0.01,0.2395114159406702,0.2395040300877901,0.23951141520078373,True,0.046467400155961514
307,0,0.01,0.2395040300877901,0.2394966960768724,0.2395040293530981,True,0.046637500170618296
308,0,0.01,0.2394966960768724,0.23948941349760067,0.2394966953473338,True,0.046812199987471104
309,0,0.01,0.23948941349760067,0.23948218194322113,0.23948941277317468,True,0.046985800145193934
310,0,0.01,0.23948218194322113,0.23947500101050834,0.23948218122386733,True,0.04715340002439916
311,0,0.01,0.23947500101050834,0.23946787029973293,0.23947500029618668,True,0.047319000121206045
312,0,0.01,0.23946787029973293,0.23946078941462706,0.23946786959040373,True,0.047499600099399686
313,0,0.01,0.23946078941462706,0.2394537579623527,0.23946078871025092,True,0.047662700060755014
314,0,0.01,0.2394537579623527,0.23944677555346852,0.23945375726289056,True,0.04782190010882914
315,0,0.01,0.23944677555346852,0.23943984180189806,0.23944677485888174,True,0.047979800030589104
316,0,0.01,0.23943984180189806,0.2394329563248981,0.23943984111214828,True,0.04813860007561743
317,0,0.01,0.2394329563248981,0.23942611874302694,0.23943295563994726,True,0.04829780012369156
318,0,0.01,0.23942611874302694,0.23941932868011365,0.23942611806283737,True,0.048450700007379055
319,0,0.01,0.23941932868011365,0.23941258576322666,0.23941932800464796,True,0.04860430001281202
320,0,0.01,0.23941258576322666,0.23940588962264403,0.2394125850924478,True,0.04875630000606179
321,0,0.01,0.23940588962264403,0.2393992398918231,0.23940588895651527,True,0.048908700002357364
322,0,0.01,0.2393992398918231,0.2393926362073702,0.23939923923030804,True,0.04905940010212362
323,0,0.01,0.2393926362073702,0.23938607820901167,0.2393926355504327,True,0.049207800067961216
324,0,0.01,0.23938607820901167,0.2393795655395644,0.23938607755661595,True,0.049372300039976835
325,0,0.01,0.2393795655395644,0.23937309784490696,0.239379564891675,True,0.0495253000408411
326,0,0.01,0.23937309784490696,0.23936667477395107,0.23937309720148864,True,0.04967360012233257
327,0,0.01,0.23936667477395107,0.2393602959786131,0.23936667413496898,True,0.04982190020382404
328,0,0.01,0.2393602959786131,0.2393539611137862,0.23936029534403266,True,0.050031800055876374
329,0,0.01,0.2393539611137862,0.23934766983731248,0.2393539604835731,True,0.05017880001105368
330,0,0.01,0.23934766983731248,0.2393414218099556,0.23934766921143275,True,0.05032180016860366
331,0,0.01,0.2393414218099556,0.23933521669537344,0.2393414211883755,True,0.05046040005981922
332,0,0.01,0.23933521669537344,0.2393290541600916,0.23933521607805958,True,0.05059850006364286
333,0,0.01,0.2393290541600916,0.2393229338734762,0.23932905354701084,True,0.05073740007355809
334,0,0.01,0.2393229338734762,0.2393168555077081,0.2393229332645957,True,0.05087590008042753
335,0,0.01,0.2393168555077081,0.23931081873775645,0.23931685490299526,True,0.05102260014973581
336,0,0.01,0.23931081873775645,0.239304823241353,0.239310818137179,True,0.0511568000074476
337,0,0.01,0.239304823241353,0.23929886869896655,0.2393048226448789,True,0.051292299991473556
338,0,0.01,0.23929886869896655,0.23929295479377777,0.23929886810656406,True,0.05143880005925894
339,0,0.01,0.23929295479377777,0.23928708121165396,0.23929295420541538,True,0.051575600169599056
340,0,0.01,0.23928708121165396,0.23928124764112424,0.2392870806273005,True,0.05171120003797114
341,0,0.01,0.23928124764112424,0.2392754537733553,0.23928124706074874,True,0.0518463000189513
342,0,0.01,0.2392754537733553,0.239269699302127,0.23927545319692708,True,0.052082500187680125
343,0,0.01,0.239269699302127,0.23926398392380804,0.23926969872961562,True,0.0522581001278013
344,0,0.01,0.23926398392380804,0.23925830733733283,0.23926398335518334,True,0.05241230013780296
345,0,0.01,0.23925830733733283,0.23925266924417732,0.2392583067725649,True,0.05255090002901852
346,0,0.01,0.23925266924417732,0.23924706934833564,0.2392526686832365,True,0.05268580000847578
347,0,0.01,0.23924706934833564,0.23924150735629765,0.2392470687911925,True,0.05282089998945594
348,0,0.01,0.23924150735629765,0.23923598297702572,0.23924150680292303,True,0.05295580020174384
349,0,0.01,0.23923598297702572,0.23923049592193182,0.23923598242739072,True,0.05309040006250143
350,0,0.01,0.23923049592193182,0.2392250459048558,0.23923049537600774,True,0.053239700151607394
351,0,0.01,0.2392250459048558,0.23921963264204243,0.23922504536261419,True,0.053375700023025274
352,0,0.01,0.23921963264204243,0.23921425585212003,0.23921963210345512,True,0.0535111001227051
353,0,0.01,0.23921425585212003,0.23920891525607885,0.23921425531715906,True,0.053645600099116564
354,0,0.01,0.23920891525607885,0.23920361057724876,0.23920891472471648,True,0.0537792001850903
355,0,0.01,0.23920361057724876,0.239198341541279,0.2392036100494575,True,0.0539130000397563
356,0,0.01,0.239198341541279,0.2391931078761162,0.2391983410170316,True,0.05404660012573004
357,0,0.01,0.2391931078761162,0.23918790931198403,0.23919310735538563,True,0.0541809001006186
358,0,0.01,0.23918790931198403,0.2391827455813624,0.23918790879474347,True,0.054315300192683935
359,0,0.01,0.2391827455813624,0.2391776164189668,0.23918274506758527,True,0.0544490001630038
360,0,0.01,0.2391776164189668,0.23917252156172855,0.2391776159086267,True,0.054582400014624
361,0,0.01,0.23917252156172855,0.23916746074877415,0.23917252105479941,True,0.054715000092983246
362,0,0.01,0.23916746074877415,0.2391624337214059,0.23916746024523,True,0.05484750005416572
363,0,0.01,0.2391624337214059,0.23915744022308158,0.23916243322122102,True,0.05498040001839399
364,0,0.01,0.23915744022308158,0.23915247999939593,0.23915743972623052,True,0.055121400160714984
365,0,0.01,0.23915247999939593,0.23914755279806058,0.2391524795058534,True,0.05525960004888475
366,0,0.01,0.23914755279806058,0.23914265836888532,0.23914755230780146,True,0.0553955000359565
367,0,0.01,0.23914265836888532,0.23913779646375907,0.2391426578818848,True,0.05553070013411343
368,0,0.01,0.23913779646375907,0.23913296683663127,0.2391377959799925,True,0.05566489999182522
369,0,0.01,0.23913296683663127,0.23912816924349314,0.23913296635607414,True,0.05579890008084476
370,0,0.01,0.23912816924349314,0.23912340344235983,0.23912816876612125,True,0.0559321001637727
371,0,0.01,0.23912340344235983,0.23911866919325156,0.2391234029681491,True,0.05606530001387
372,0,0.01,0.23911866919325156,0.23911396625817607,0.23911866872217816,True,0.05619880021549761
373,0,0.01,0.23911396625817607,0.2391092944011107,0.23911396579021635,True,0.05633220006711781
374,0,0.01,0.2391092944011107,0.2391046533879849,0.2391092939362412,True,0.05646560015156865
375,0,0.01,0.2391046533879849,0.23910004298666235,0.23910465292618235,True,0.05659930012188852
376,0,0.01,0.23910004298666235,0.23909546296692402,0.2391000425279037,True,0.056731400080025196
377,0,0.01,0.23909546296692402,0.2390909131004512,0.23909546251118638,True,0.05686460016295314
378,0,0.01,0.2390909131004512,0.23908639316080776,0.23909091264771187,True,0.05699840001761913
379,0,0.01,0.23908639316080776,0.23908190292342424,0.23908639271104426,True,0.057140800170600414
380,0,0.01,0.23908190292342424,0.2390774421655807,0.23908190247661423,True,0.057278200052678585
381,0,0.01,0.2390774421655807,0.23907301066639053,0.23907744172170206,True,0.05741300014778972
382,0,0.01,0.23907301066639053,0.23906860820678377,0.23907301022542132,True,0.05754750012420118
383,0,0.01,0.23906860820678377,0.2390642345694911,0.2390686077687022,True,0.05768220010213554
384,0,0.01,0.2390642345694911,0.2390598895390283,0.23906423413427558,True,0.05781600018963218
385,0,0.01,0.2390598895390283,0.2390555729016796,0.2390598891066574,True,0.05795020004734397
386,0,0.01,0.2390555729016796,0.23905128444548251,0.2390555724721321,True,0.05808310001157224
387,0,0.01,0.23905128444548251,0.2390470239602121,0.23905128401873735,True,0.05821680021472275
388,0,0.01,0.2390470239602121,0.23904279123736577,0.23904702353624835,True,0.058351300191134214
389,0,0.01,0.23904279123736577,0.23903858607014783,0.23904279081616273,True,0.05848520016297698
390,0,0.01,0.23903858607014783,0.23903440825345446,0.23903858565168495,True,0.05861840001307428
391,0,0.01,0.23903440825345446,0.23903025758385876,0.23903440783771135,True,0.05875329999253154
392,0,0.01,0.23903025758385876,0.23902613385959565,0.23903025717081522,True,0.058887300081551075
393,0,0.01,0.23902613385959565,0.23902203688054793,0.2390261334492316,True,0.05902160005643964
394,0,0.01,0.23902203688054793,0.23901796644823115,0.2390220364728435,True,0.05916400020942092
395,0,0.01,0.23901796644823115,0.23901392236577906,0.2390179660431666,True,0.05930150020867586
396,0,0.01,0.23901392236577906,0.23900990443793008,0.23901392196333485,True,0.05943620018661022
397,0,0.01,0.23900990443793008,0.2390059124710125,0.23900990403808678,True,0.05957080004736781
398,0,0.01,0.2390059124710125,0.23900194627293073,0.23900591207375085,True,0.05970600014552474
399,0,0.01,0.23900194627293073,0.23899800565315166,0.23900194587823168,True,0.05983919999562204
400,0,0.01,0.23899800565315166,0.23899409042269076,0.23899800526099624,True,0.05997840012423694
401,0,0.01,0.23899409042269076,0.23899020039409824,0.23899409003306019,True,0.060112500097602606
402,0,0.01,0.23899020039409824,0.23898633538144615,0.2389902000069739,True,0.06028940016403794
403,0,0.01,0.23898633538144615,0.23898249520031445,0.23898633499680955,True,0.06045250012539327
404,0,0.01,0.23898249520031445,0.23897867966777833,0.23898249481814726,True,0.06058869999833405
405,0,0.01,0.23897867966777833,0.23897488860239469,0.23897867928806238,True,0.06086249998770654
406,0,0.01,0.23897488860239469,0.23897112182418967,0.23897488822511193,True,0.061004200018942356
407,0,0.01,0.23897112182418967,0.2389673791546451,0.23897112144932223,True,0.061373200034722686
408,0,0.01,0.2389673791546451,0.2389636604166866,0.23896737878217522,True,0.06173680000938475
409,0,0.01,0.2389636604166866,0.23895996543467052,0.2389636600465967,True,0.061954200034961104
410,0,0.01,0.23895996543467052,0.23895629403437135,0.23895996506694311,True,0.062178200110793114
411,0,0.01,0.23895629403437135,0.23895264604296995,0.23895629366898916,True,0.06234870012849569
412,0,0.01,0.23895264604296995,0.2389490212890406,0.23895264567991575,True,0.0625101001933217
413,0,0.01,0.2389490212890406,0.23894541960253918,0.2389490209282974,True,0.06267110002227128
414,0,0.01,0.23894541960253918,0.23894184081479142,0.23894541924409005,True,0.062831100076437
415,0,0.01,0.23894184081479142,0.23893828475848045,0.23894184045861958,True,0.06299170013517141
416,0,0.01,0.23893828475848045,0.23893475126763575,0.2389382844045693,True,0.06315130018629134
417,0,0.01,0.23893475126763575,0.23893124017762066,0.23893475091596877,True,0.06332230009138584
418,0,0.01,0.23893124017762066,0.23892775132512134,0.2389312398281815,True,0.06347910012118518
419,0,0.01,0.23892775132512134,0.23892428454813516,0.2389277509778938,True,0.06363370013423264
420,0,0.01,0.23892428454813516,0.23892083968595937,0.23892428420310308,True,0.06379410019144416
421,0,0.01,0.23892083968595937,0.23891741657917964,0.2389208393431068,True,0.06394810019992292
422,0,0.01,0.23891741657917964,0.23891401506965954,0.23891741623849072,True,0.0640999001916498
423,0,0.01,0.23891401506965954,0.23891063500052867,0.23891401473111856,True,0.06424830015748739
424,0,0.01,0.23891063500052867,0.2389072762161724,0.23891063466412005,True,0.0643961001187563
425,0,0.01,0.2389072762161724,0.2389039385622204,0.23890727588188065,True,0.06454380019567907
426,0,0.01,0.2389039385622204,0.23890062188553682,0.2389039382300302,True,0.06469220016151667
427,0,0.01,0.23890062188553682,0.2388973260342087,0.23890062155543296,True,0.0648390999995172
428,0,0.01,0.2388973260342087,0.23889405085753598,0.23889732570617606,True,0.06498670019209385
429,0,0.01,0.23889405085753598,0.23889079620602083,0.23889405053155957,True,0.06513210013508797
430,0,0.01,0.23889079620602083,0.2388875619313576,0.23889079588208578,True,0.06555510009638965
431,0,0.01,0.2388875619313576,0.23888434788642224,0.2388875616094492,True,0.06570200016722083
432,0,0.01,0.23888434788642224,0.23888115392526238,0.23888434756652585,True,0.06584500009194016
433,0,0.01,0.23888115392526238,0.23887797990308704,0.2388811536073635,True,0.06598110008053482
434,0,0.01,0.23887797990308704,0.23887482567625715,0.23887797958717127,True,0.06611610017716885
435,0,0.01,0.23887482567625715,0.2388716911022749,0.2388748253623102,True,0.0662510001566261
436,0,0.01,0.2388716911022749,0.2388685760397747,0.23887169079028264,True,0.06638620002195239
437,0,0.01,0.2388685760397747,0.23886548034851307,0.23886857572972306,True,0.06652029999531806
438,0,0.01,0.23886548034851307,0.23886240388935936,0.2388654800403881,True,0.06665430008433759
439,0,0.01,0.23886240388935936,0.2388593465242857,0.23886240358314723,True,0.06679000006988645
440,0,0.01,0.2388593465242857,0.23885630811635822,0.23885934621997268,True,0.06692420016042888
441,0,0.01,0.23885630811635822,0.2388532885297273,0.23885630781393072,True,0.06706010014750063
442,0,0.01,0.2388532885297273,0.2388502876296184,0.2388532882291718,True,0.06758330017328262
443,0,0.01,0.2388502876296184,0.23884730528232298,0.23885028733092153,True,0.06773010012693703
444,0,0.01,0.23884730528232298,0.23884434135518914,0.2388473049854714,True,0.06787700019776821
445,0,0.01,0.23884434135518914,0.23884139571661328,0.23884434106016972,True,0.06801470019854605
446,0,0.01,0.23884139571661328,0.2388384682360302,0.2388413954234129,True,0.06815170007757843
447,0,0.01,0.2388384682360302,0.23883555878390508,0.2388384679446359,True,0.06828990019857883
448,0,0.01,0.23883555878390508,0.23883266723172447,0.23883555849430396,True,0.06843190011568367
449,0,0.01,0.23883266723172447,0.23882979345198752,0.2388326669439038,True,0.06866220012307167
450,0,0.01,0.23882979345198752,0.23882693731819718,0.23882979316593456,True,0.06903310003690422
451,0,0.01,0.23882693731819718,0.23882409870485247,0.2388269370338994,True,0.06923080002889037
452,0,0.01,0.23882409870485247,0.23882127748743914,0.23882409842229738,True,0.06938030011951923
453,0,0.01,0.23882127748743914,0.2388184735424217,0.23882127720661436,True,0.06952720019035041
454,0,0.01,0.2388184735424217,0.2388156867472352,0.23881847326331496,True,0.06966760009527206
455,0,0.01,0.2388156867472352,0.23881291698027673,0.2388156864698343,True,0.06980639998801053
456,0,0.01,0.23881291698027673,0.23881016412089784,0.2388129167045696,True,0.06994790001772344
457,0,0.01,0.23881016412089784,0.2388074280493958,0.23881016384687248,True,0.07008950016461313
458,0,0.01,0.2388074280493958,0.23880470864700593,0.23880742777704034,True,0.07023210008628666
459,0,0.01,0.23880470864700593,0.23880200579589372,0.2388047083763085,True,0.07037480012513697
460,0,0.01,0.23880200579589372,0.23879931937914703,0.23880200552684264,True,0.07053660019300878
461,0,0.01,0.23879931937914703,0.238796649280768,0.2387993191117307,True,0.07068070000968874
462,0,0.01,0.238796649280768,0.23879399538566567,0.23879664901497483,True,0.07082640007138252
463,0,0.01,0.23879399538566567,0.2387913575796483,0.23879399512148428,True,0.07097230013459921
464,0,0.01,0.2387913575796483,0.2387887357494155,0.2387913573170673,True,0.07111980020999908
465,0,0.01,0.2387887357494155,0.2387861297825511,0.23878873548842364,True,0.07126720016822219
466,0,0.01,0.2387861297825511,0.2387835395675156,0.23878612952313719,True,0.07141590001992881
467,0,0.01,0.2387835395675156,0.2387809649936386,0.23878353930966856,True,0.07156210020184517
468,0,0.01,0.2387809649936386,0.23877840595111183,0.23878096473734745,True,0.07170540001243353
469,0,0.01,0.23877840595111183,0.23877586233098178,0.2387784056963656,True,0.07185080018825829
470,0,0.01,0.23877586233098178,0.23877333402514228,0.23877586207776968,True,0.07199420011602342
471,0,0.01,0.23877333402514228,0.2387708209263278,0.23877333377345356,True,0.07213710015639663
472,0,0.01,0.2387708209263278,0.23876832292810632,0.23877082067615177,True,0.07227810006588697
473,0,0.01,0.23876832292810632,0.23876583992487194,0.23876832267943243,True,0.07242800015956163
474,0,0.01,0.23876583992487194,0.23876337181183874,0.2387658396776897,True,0.07257230021059513
475,0,0.01,0.23876337181183874,0.23876091848503295,0.2387633715661377,True,0.07271310011856258
476,0,0.01,0.23876091848503295,0.23875847984128712,0.23876091824080278,True,0.0728530001360923
477,0,0.01,0.23875847984128712,0.2387560557782326,0.23875847959851756,True,0.07299260003492236
478,0,0.01,0.2387560557782326,0.23875364619429362,0.2387560555369135,True,0.0731309000402689
479,0,0.01,0.23875364619429362,0.2387512509886799,0.23875364595441487,True,0.07326830015517771
480,0,0.01,0.2387512509886799,0.2387488700613806,0.23875125075023146,True,0.07340170000679791
481,0,0.01,0.2387488700613806,0.23874650331315767,0.23874886982435253,True,0.07353550009429455
482,0,0.01,0.23874650331315767,0.2387441506455395,0.2387465030775401,True,0.07366890017874539
483,0,0.01,0.2387441506455395,0.23874181196081448,0.2387441504113227,True,0.07380390004254878
484,0,0.01,0.23874181196081448,0.23873948716202462,0.23874181172798867,True,0.07393940002657473
485,0,0.01,0.23873948716202462,0.23873717615295922,0.23873948693058017,True,0.07407300011254847
486,0,0.01,0.23873717615295922,0.23873487883814906,0.23873717592288657,True,0.0742074002046138
487,0,0.01,0.23873487883814906,0.23873259512285971,0.23873487860943873,True,0.07434150017797947
488,0,0.01,0.23873259512285971,0.23873032491308577,0.23873259489550228,True,0.07448840001598
489,0,0.01,0.23873032491308577,0.23872806811554492,0.23873032468707187,True,0.07462280010804534
490,0,0.01,0.23872806811554492,0.23872582463767122,0.2387280678908653,True,0.07475680019706488
491,0,0.01,0.23872582463767122,0.2387235943876102,0.23872582441431667,True,0.07489220006391406
492,0,0.01,0.2387235943876102,0.23872137727421233,0.2387235941655716,True,0.07502670004032552
493,0,0.01,0.23872137727421233,0.23871917320702704,0.2387213770534806,True,0.07516120001673698
494,0,0.01,0.23871917320702704,0.23871698209629763,0.23871917298759318,True,0.07529660011641681
495,0,0.01,0.23871698209629763,0.23871480385295465,0.2387169818781527,True,0.07543100020848215
496,0,0.01,0.23871480385295465,0.23871263838861118,0.23871480363608985,True,0.07556520006619394
497,0,0.01,0.23871263838861118,0.2387104856155563,0.2387126381730177,True,0.0756997000426054
498,0,0.01,0.2387104856155563,0.23870834544675001,0.2387104854012254,True,0.07583480002358556
499,0,0.01,0.23870834544675001,0.2387062177958177,0.23870834523367304,True,0.07596889999695122
500,0,0.01,0.2387062177958177,0.23870410257704436,0.23870621758398608,True,0.07610910013318062
501,0,0.01,0.23870410257704436,0.2387019997053696,0.23870410236644957,True,0.0762554001994431
502,0,0.01,0.2387019997053696,0.23869990909638172,0.23870199949600318,True,0.07639529998414218
503,0,0.01,0.23869990909638172,0.2386978306663128,0.23869990888823528,True,0.0765321000944823
504,0,0.01,0.2386978306663128,0.23869576433203327,0.23869783045937804,True,0.07666710019111633
505,0,0.01,0.23869576433203327,0.23869371001104653,0.23869576412630186,True,0.07680480019189417
506,0,0.01,0.23869371001104653,0.23869166762148386,0.2386937098065103,True,0.07694280007854104
507,0,0.01,0.23869166762148386,0.2386896370820994,0.2386916674181347,True,0.07723619998432696
508,0,0.01,0.2386896370820994,0.23868761831226476,0.23868963687992917,True,0.07738190004602075
509,0,0.01,0.23868761831226476,0.2386856112319642,0.2386876181112655,True,0.07752010016702116
510,0,0.01,0.2386856112319642,0.2386836157617894,0.2386856110321279,True,0.07784590008668602
511,0,0.01,0.2386836157617894,0.23868163182293453,0.23868361556310821,True,0.0780105001758784
512,0,0.01,0.23868163182293453,0.23867965933719154,0.2386816316254006,True,0.07814990007318556
513,0,0.01,0.23867965933719154,0.23867769822694504,0.23867965914079708,True,0.07828890020027757
514,0,0.01,0.23867769822694504,0.23867574841516745,0.23867769803168237,True,0.07851500017568469
515,0,0.01,0.23867574841516745,0.23867380982541414,0.23867574822102888,True,0.07866950007155538
516,0,0.01,0.23867380982541414,0.23867188238181902,0.23867380963239207,True,0.07886310014873743
517,0,0.01,0.23867188238181902,0.23866996600908935,0.23867188218990593,True,0.0790009000338614
518,0,0.01,0.23866996600908935,0.23866806063250134,0.23866996581827774,True,0.07913610013201833
519,0,0.01,0.23866806063250134,0.2386661661778955,0.23866806044278377,True,0.07927020010538399
520,0,0.01,0.2386661661778955,0.2386642825716718,0.23866616598926457,True,0.07941810018382967
521,0,0.01,0.2386642825716718,0.2386624097407855,0.23866428238412024,True,0.07956079998984933
522,0,0.01,0.2386624097407855,0.23866054761274233,0.23866240955430604,True,0.07973540015518665
523,0,0.01,0.23866054761274233,0.23865869611559398,0.23866054742732773,True,0.07987320004031062
524,0,0.01,0.23865869611559398,0.23865685517793395,0.23865869593123712,True,0.08000770001672208
525,0,0.01,0.23865685517793395,0.23865502472889272,0.23865685499462772,True,0.08015820011496544
526,0,0.01,0.23865502472889272,0.238653204698134,0.23865502454663007,True,0.08029479999095201
527,0,0.01,0.238653204698134,0.23865139501584956,0.23865320451690794,True,0.08042940008454025
528,0,0.01,0.23865139501584956,0.23864959561275573,0.23865139483565315,True,0.08056340017355978
529,0,0.01,0.23864959561275573,0.2386478064200887,0.23864959543358205,True,0.08069830015301704
530,0,0.01,0.2386478064200887,0.2386460273696004,0.23864780624193097,True,0.0808332001324743
531,0,0.01,0.2386460273696004,0.23864425839355424,0.23864602719245176,True,0.08096610009670258
532,0,0.01,0.23864425839355424,0.23864249942472132,0.238644258217408,True,0.0811013001948595
533,0,0.01,0.23864249942472132,0.23864075039637586,0.23864249924957082,True,0.08123400015756488
534,0,0.01,0.23864075039637586,0.23863901124229142,0.23864075022221443,True,0.08136720000766218
535,0,0.01,0.23863901124229142,0.2386372818967366,0.23863901106911248,True,0.08150130021385849
536,0,0.01,0.2386372818967366,0.23863556229447136,0.2386372817245336,True,0.08163750008679926
537,0,0.01,0.23863556229447136,0.23863385237074275,0.23863556212323783,True,0.0817725001834333
538,0,0.01,0.23863385237074275,0.2386321520612813,0.23863385220047226,True,0.08195190015248954
539,0,0.01,0.2386321520612813,0.23863046130229676,0.23863215189196743,True,0.08209310006350279
540,0,0.01,0.23863046130229676,0.2386287800304744,0.23863046113393319,True,0.08223210019059479
541,0,0.01,0.2386287800304744,0.2386271081829715,0.23862877986305484,True,0.08236610004678369
542,0,0.01,0.2386271081829715,0.2386254456974125,0.23862710801648968,True,0.08249980001710355
543,0,0.01,0.2386254456974125,0.23862379251188665,0.23862544553186224,True,0.08263389999046922
544,0,0.01,0.23862379251188665,0.2386221485649434,0.23862379234726175,True,0.08276790007948875
545,0,0.01,0.2386221485649434,0.23862051379558868,0.2386221484012378,True,0.08290300006046891
546,0,0.01,0.23862051379558868,0.23861888814328147,0.2386205136327963,True,0.08303710003383458
547,0,0.01,0.23861888814328147,0.2386172715479301,0.23861888798139627,True,0.08317360002547503
548,0,0.01,0.2386172715479301,0.23861566394988884,0.2386172713869461,True,0.08330920012667775
549,0,0.01,0.23861566394988884,0.23861406528995394,0.23861566378980012,True,0.08344359998591244
550,0,0.01,0.23861406528995394,0.23861247550936016,0.23861406513075462,True,0.08357730018906295
551,0,0.01,0.23861247550936016,0.2386108945497775,0.2386124753510444,True,0.08371100015938282
552,0,0.01,0.2386108945497775,0.23860932235330765,0.23861089439233948,True,0.08384420000948012
553,0,0.01,0.23860932235330765,0.23860775886248015,0.23860932219674164,True,0.08397750020958483
554,0,0.01,0.23860775886248015,0.23860620402024957,0.23860775870678042,True,0.08412110013887286
555,0,0.01,0.23860620402024957,0.2386046577699914,0.23860620386541045,True,0.08426300017163157
556,0,0.01,0.2386046577699914,0.23860312005549944,0.23860465761600727,True,0.08440360007807612
557,0,0.01,0.23860312005549944,0.23860159082098198,0.23860311990236469,True,0.08454230008646846
558,0,0.01,0.23860159082098198,0.23860007001105835,0.23860159066869105,True,0.08468520012684166
559,0,0.01,0.23860007001105835,0.23859855757075624,0.23860006985960577,True,0.08482790016569197
560,0,0.01,0.23859855757075624,0.23859705344550775,0.23859855742013653,True,0.08497050008736551
561,0,0.01,0.23859705344550775,0.23859555758114662,0.23859705329571546,True,0.08511530002579093
562,0,0.01,0.23859555758114662,0.2385940699239049,0.2385955574321764,True,0.08537990017794073
563,0,0.01,0.2385940699239049,0.23859259042040978,0.23859406977575137,True,0.08578820014372468
564,0,0.01,0.23859259042040978,0.23859111901768038,0.23859259027306765,True,0.08595970016904175
565,0,0.01,0.23859111901768038,0.2385896556631245,0.23859111887114437,True,0.08611620008014143
566,0,0.01,0.2385896556631245,0.23858820030453598,0.2385896555173894,True,0.08626160002313554
567,0,0.01,0.23858820030453598,0.23858675289009124,0.2385882001595966,True,0.08640490006655455
568,0,0.01,0.23858675289009124,0.23858531336834615,0.23858675274594238,True,0.08654560009017587
569,0,0.01,0.23858531336834615,0.2385838816882334,0.23858531322498275,True,0.0866853001061827
570,0,0.01,0.2385838816882334,0.23858245779905926,0.23858388154565036,True,0.08682380011305213
571,0,0.01,0.23858245779905926,0.2385810416505007,0.23858245765725153,True,0.08696210011839867
572,0,0.01,0.2385810416505007,0.23857963319260234,0.23858104150946327,True,0.0871002001222223
573,0,0.01,0.23857963319260234,0.2385782323757733,0.23857963305233024,True,0.08723790012300014
574,0,0.01,0.2385782323757733,0.23857683915078529,0.23857823223626162,True,0.08762660017237067
575,0,0.01,0.23857683915078529,0.23857545346876827,0.2385768390120291,True,0.08779880008660257
576,0,0.01,0.23857545346876827,0.23857407528120914,0.23857545333076274,True,0.08794410014525056
577,0,0.01,0.23857407528120914,0.2385727045399476,0.23857407514394946,True,0.08808960020542145
578,0,0.01,0.2385727045399476,0.23857134119717419,0.23857270440342898,True,0.0882298001088202
579,0,0.01,0.23857134119717419,0.23856998520542702,0.23857134106139183,True,0.0883733001537621
580,0,0.01,0.23856998520542702,0.2385686365175896,0.23856998507037622,True,0.0885170002002269
581,0,0.01,0.2385686365175896,0.2385672950868873,0.2385686363832657,True,0.08866060012951493
582,0,0.01,0.2385672950868873,0.23856596086688564,0.2385672949532856,True,0.08882230008020997
583,0,0.01,0.23856596086688564,0.23856463381148657,0.23856596073400155,True,0.08896720013581216
584,0,0.01,0.23856463381148657,0.23856331387492666,0.23856463367931552,True,0.08911210019141436
585,0,0.01,0.23856331387492666,0.23856200101177397,0.23856331374346407,True,0.08925339998677373
586,0,0.01,0.23856200101177397,0.2385606951769255,0.23856200088101534,True,0.08939109998755157
587,0,0.01,0.2385606951769255,0.238559396325605,0.23856069504686633,True,0.08952680020593107
588,0,0.01,0.238559396325605,0.23855810441335962,0.23855939619624084,True,0.08965990017168224
589,0,0.01,0.23855810441335962,0.23855681939605827,0.23855810428468607,True,0.08980860002338886
590,0,0.01,0.23855681939605827,0.23855554122988828,0.23855681926807093,True,0.0899463000241667
591,0,0.01,0.23855554122988828,0.23855426987135336,0.23855554110258279,True,0.09008160000666976
592,0,0.01,0.23855426987135336,0.23855300527727138,0.23855426974472538,True,0.09021789999678731
593,0,0.01,0.23855300527727138,0.23855174740477095,0.23855300515131664,True,0.09035190008580685
594,0,0.01,0.23855174740477095,0.23855049621128988,0.23855174727948517,True,0.09048530017025769
595,0,0.01,0.23855049621128988,0.23854925165457236,0.2385504960866688,True,0.09061900014057755
596,0,0.01,0.23854925165457236,0.2385480136926667,0.23854925153061182,True,0.09076250018551946
597,0,0.01,0.2385480136926667,0.23854678228392281,0.23854801356936253,True,0.09089990006759763
598,0,0.01,0.23854678228392281,0.23854555738698996,0.23854678216127084,True,0.09103460004553199
599,0,0.01,0.23854555738698996,0.23854433896081428,0.23854555726498608,True,0.09116880013607442
600,0,0.01,0.23854433896081428,0.23854312696463675,0.23854433883945442,True,0.09130920004099607
601,0,0.01,0.23854312696463675,0.23854192135799032,0.23854312684391685,True,0.09144210000522435
602,0,0.01,0.23854192135799032,0.23854072210069832,0.23854192123790635,True,0.09157640021294355
603,0,0.01,0.23854072210069832,0.23853952915287172,0.2385407219812463,True,0.09170970018021762
604,0,0.01,0.23853952915287172,0.23853834247490696,0.23853952903404765,True,0.09185640001669526
605,0,0.01,0.23853834247490696,0.23853716202748393,0.23853834235670696,True,0.09199120011180639
606,0,0.01,0.23853716202748393,0.23853598777156348,0.23853716190990404,True,0.09212540020234883
607,0,0.01,0.23853598777156348,0.23853481966838558,0.23853598765459982,True,0.0922585001681
608,0,0.01,0.23853481966838558,0.23853365767946647,0.23853481955203432,True,0.09239220013841987
609,0,0.01,0.23853365767946647,0.2385325017665974,0.23853365756372374,True,0.09252539998851717
610,0,0.01,0.2385325017665974,0.23853135189184185,0.23853250165145945,True,0.09265910019166768
611,0,0.01,0.23853135189184185,0.2385302080175335,0.2385313517773049,True,0.0928037001285702
612,0,0.01,0.2385302080175335,0.2385290701062745,0.23853020790359375,True,0.09294050000607967
613,0,0.01,0.2385290701062745,0.238527938120933,0.23852906999292828,True,0.0930755001027137
614,0,0.01,0.238527938120933,0.23852681202464104,0.23852793800817662,True,0.09320970019325614
615,0,0.01,0.23852681202464104,0.23852569178079286,0.2385268119124708,True,0.09334330004639924
616,0,0.01,0.23852569178079286,0.23852457735304244,0.23852569166920515,True,0.0934776000212878
617,0,0.01,0.23852457735304244,0.2385234687053021,0.23852457724203363,True,0.09365440020337701
618,0,0.01,0.2385234687053021,0.23852236580173963,0.2385234685948686,True,0.09406620007939637
619,0,0.01,0.23852236580173963,0.23852126860677716,0.23852236569187787,True,0.09421460004523396
620,0,0.01,0.23852126860677716,0.23852017708508855,0.23852126849748362,True,0.09435800020582974
621,0,0.01,0.23852017708508855,0.23851909120159775,0.2385201769763597,True,0.09449950000271201
622,0,0.01,0.23851909120159775,0.2385180109214769,0.23851909109343009,True,0.09464340005069971
623,0,0.01,0.2385180109214769,0.23851693621014441,0.23851801081386698,True,0.09478720021434128
624,0,0.01,0.23851693621014441,0.2385158670332626,0.2385169361030888,True,0.09492140007205307
625,0,0.01,0.2385158670332626,0.23851480335673642,0.23851586692675786,True,0.09505540016107261
626,0,0.01,0.23851480335673642,0.23851374514671136,0.23851480325077917,True,0.09518880001269281
627,0,0.01,0.23851374514671136,0.23851269236957162,0.23851374504129824,True,0.09532190021127462
628,0,0.01,0.23851269236957162,0.23851164499193805,0.2385126922646993,True,0.09545800019986928
629,0,0.01,0.23851164499193805,0.23851060298066656,0.23851164488760318,True,0.09585230005905032
630,0,0.01,0.23851060298066656,0.23850956630284623,0.23851060287686585,True,0.09600780019536614
631,0,0.01,0.23850956630284623,0.23850853492579754,0.23850956619957642,True,0.09614470019005239
632,0,0.01,0.23850853492579754,0.23850750881707042,0.23850853482305537,True,0.09628290007822216
633,0,0.01,0.23850750881707042,0.238506487944443,0.23850750871485266,True,0.0964161001611501
634,0,0.01,0.238506487944443,0.2385054722759191,0.23850648784274645,True,0.09654900012537837
635,0,0.01,0.2385054722759191,0.238504461779727,0.23850547217474055,True,0.09668120020069182
636,0,0.01,0.238504461779727,0.23850345642431767,0.23850446167906333,True,0.0968131001573056
637,0,0.01,0.23850345642431767,0.23850245617836285,0.23850345632416572,True,0.09695300017483532
638,0,0.01,0.23850245617836285,0.23850146101075362,0.23850245607871953,True,0.09708770015276968
639,0,0.01,0.23850146101075362,0.23850047089059848,0.2385014609116158,True,0.09721960010938346
640,0,0.01,0.23850047089059848,0.23849948578722188,0.2385004707919631,True,0.09735210007056594
641,0,0.01,0.23849948578722188,0.2384985056701623,0.2384994856890859,True,0.09748450014740229
642,0,0.01,0.2384985056701623,0.2384975305091709,0.23849850557252267,True,0.09761749999597669
643,0,0.01,0.2384975305091709,0.2384965602742099,0.23849753041202465,True,0.09775210008956492
644,0,0.01,0.2384965602742099,0.23849559493545047,0.238496560177554,True,0.09788610017858446
645,0,0.01,0.23849559493545047,0.23849463446327174,0.23849559483928195,True,0.0980283000972122
646,0,0.01,0.23849463446327174,0.238493678828259,0.23849463436758767,True,0.09816090017557144
647,0,0.01,0.238493678828259,0.23849272800120197,0.23849367873305646,True,0.09829300013370812
648,0,0.01,0.23849272800120197,0.23849178195309334,0.23849272790647805,True,0.0984251000918448
649,0,0.01,0.23849178195309334,0.23849084065512743,0.23849178185884515,True,0.09855790017172694
650,0,0.01,0.23849084065512743,0.23848990407869808,0.2384908405613521,True,0.09868940012529492
651,0,0.01,0.23848990407869808,0.23848897219539777,0.23848990398539277,True,0.0988209000788629
652,0,0.01,0.23848897219539777,0.23848804497701598,0.23848897210255968,True,0.0989609002135694
653,0,0.01,0.23848804497701598,0.2384871223955371,0.23848804488464226,True,0.09909710008651018
654,0,0.01,0.2384871223955371,0.23848620442313972,0.23848712230362498,True,0.09923080005683005
655,0,0.01,0.23848620442313972,0.2384852910321948,0.23848620433168644,True,0.09936390002258122
656,0,0.01,0.2384852910321948,0.238484382195264,0.23848529094119758,True,0.09949650010094047
657,0,0.01,0.238484382195264,0.23848347788509888,0.23848438210472014,True,0.09962880006060004
658,0,0.01,0.23848347788509888,0.23848257807463846,0.23848347779500567,True,0.09976140013895929
659,0,0.01,0.23848257807463846,0.23848168273700887,0.23848257798499323,True,0.09989290009252727
660,0,0.01,0.23848168273700887,0.23848079184552123,0.2384816826478089,True,0.10003920015878975
661,0,0.01,0.23848079184552123,0.2384799053736704,0.2384807917567639,True,0.10017330013215542
662,0,0.01,0.2384799053736704,0.23847902329513365,0.23847990528535304,True,0.10030410019680858
663,0,0.01,0.23847902329513365,0.23847814558376934,0.23847902320725367,True,0.10043520014733076
664,0,0.01,0.23847814558376934,0.23847727221361528,0.23847814549632412,True,0.10056770010851324
665,0,0.01,0.23847727221361528,0.23847640315888777,0.23847727212660225,True,0.10069920006208122
666,0,0.01,0.23847640315888777,0.23847553839397986,0.23847640307230436,True,0.10083040012978017
667,0,0.01,0.23847553839397986,0.23847467789346027,0.23847553830782353,True,0.1009695001412183
668,0,0.01,0.23847467789346027,0.23847382163207193,0.23847467780772846,True,0.10110420011915267
669,0,0.01,0.23847382163207193,0.23847296958473074,0.23847382154676217,True,0.10123670008033514
670,0,0.01,0.23847296958473074,0.2384721217265243,0.2384729694998405,True,0.10136910015717149
671,0,0.01,0.2384721217265243,0.23847127803271037,0.23847212164205112,True,0.10150140011683106
672,0,0.01,0.23847127803271037,0.23847043847871602,0.23847127794865178,True,0.1016350002028048
673,0,0.01,0.23847043847871602,0.2384696030401356,0.23847043839506957,True,0.10177200008183718
674,0,0.01,0.2384696030401356,0.23846877169273048,0.23846960295689887,True,0.10196320014074445
675,0,0.01,0.23846877169273048,0.23846794441242714,0.23846877160990107,True,0.10220700013451278
676,0,0.01,0.23846794441242714,0.23846712117531607,0.23846794433000265,True,0.10246510012075305
677,0,0.01,0.23846712117531607,0.23846630195765028,0.23846712109329413,True,0.10261290008202195
678,0,0.01,0.23846630195765028,0.23846548673584456,0.2384663018760285,True,0.10275110020302236
679,0,0.01,0.23846548673584456,0.23846467548647426,0.2384654866546206,True,0.1028886002022773
680,0,0.01,0.23846467548647426,0.2384638497347492,0.2384646754056458,True,0.10302400006912649
681,0,0.01,0.2384638497347492,0.23846266646465425,0.2384638496161647,True,0.10315850004553795
682,0,0.01,0.23846266646465425,0.2384614933968699,0.23846266634709484,True,0.10329260001890361
683,0,0.01,0.2384614933968699,0.23846033033968345,0.23846149328031627,True,0.10342720011249185
684,0,0.01,0.23846033033968345,0.23845917710775852,0.2384603302241169,True,0.10356130008585751
685,0,0.01,0.23845917710775852,0.23845803352186115,0.23845917699316097,True,0.10369730019010603
686,0,0.01,0.23845803352186115,0.23845689940859616,0.23845803340821514,True,0.1038310001604259
687,0,0.01,0.23845689940859616,0.23845577460015854,0.23845689929588476,True,0.10398340015672147
688,0,0.01,0.23845577460015854,0.23845465893409531,0.23845577448836536,True,0.10411860002204776
689,0,0.01,0.23845465893409531,0.23845355225307935,0.23845465882320452,True,0.10425149998627603
690,0,0.01,0.23845355225307935,0.23845245440469384,0.23845355214307556,True,0.10438550007529557
691,0,0.01,0.23845245440469384,0.23845136524122681,0.2384524542955622,True,0.1045195001643151
692,0,0.01,0.23845136524122681,0.23845028461947593,0.23845136513295284,True,0.10465430002659559
693,0,0.01,0.23845028461947593,0.23844921240056155,0.23845028451204567,True,0.10478679998777807
694,0,0.01,0.23844921240056155,0.2384481484497498,0.23844921229396143,True,0.10491970018483698
695,0,0.01,0.2384481484497498,0.23844709263628272,0.2384481483439666,True,0.10505200014449656
696,0,0.01,0.23844709263628272,0.2384460448332176,0.23844709253130372,True,0.10518710012547672
697,0,0.01,0.2384460448332176,0.23844500491727272,0.23844604472903033,True,0.10532110021449625
698,0,0.01,0.23844500491727272,0.23844397276868073,0.23844500481386516,True,0.10545440018177032
699,0,0.01,0.23844397276868073,0.23844293900373997,0.23844397266604112,True,0.10558840003795922
700,0,0.01,0.23844293900373997,0.23844175613647364,0.23844293888518792,True,0.10572610003873706
701,0,0.01,0.23844175613647364,0.238439837771051,0.23844175601897782,True,0.10586940008215606
702,0,0.01,0.238439837771051,0.23843435099540952,0.23843983721974213,True,0.10600720020011067
703,0,0.01,0.23843435099540952,0.2384289362484225,0.23843435045455164,True,0.10614360007457435
704,0,0.01,0.2384289362484225,0.238422922099565,0.2384289356660099,True,0.10627650003880262
705,0,0.01,0.238422922099565,0.238416451351174,0.23842292147371533,True,0.10641100001521409
706,0,0.01,0.238416451351174,0.23840976941433728,0.238416450679689,True,0.10654560010880232
707,0,0.01,0.23840976941433728,0.23840297054948037,0.2384097687559237,True,0.10667850007303059
708,0,0.01,0.23840297054948037,0.23839425378638268,0.2384029696801656,True,0.10681400005705655
709,0,0.01,0.23839425378638268,0.23838535765852895,0.23839425289792532,True,0.10694720013998449
710,0,0.01,0.23838535765852895,0.23837513738911903,0.2383853567695022,True,0.10707990010268986
711,0,0.01,0.23837513738911903,0.23835987915636803,0.23837513597066246,True,0.10721250018104911
712,0,0.01,0.23835987915636803,0.23834236676140197,0.23835987739510758,True,0.1073459000326693
713,0,0.01,0.23834236676140197,0.23832462669296697,0.23834236503991832,True,0.10747899999842048
714,0,0.01,0.23832462669296697,0.2383044591399829,0.23832462469387922,True,0.10762150003574789
715,0,0.01,0.2383044591399829,0.23828357571550682,0.2383044570942962,True,0.10775800002738833
716,0,0.01,0.23828357571550682,0.23826049687819456,0.2382835734024184,True,0.10789260012097657
717,0,0.01,0.23826049687819456,0.23823745819062,0.23826049458911203,True,0.10802790010347962
718,0,0.01,0.23823745819062,0.2382141136785499,0.23823745586531717,True,0.10816150018945336
719,0,0.01,0.2382141136785499,0.2381894693920097,0.23821411132711998,True,0.10829410003498197
720,0,0.01,0.2381894693920097,0.23816219251598736,0.23818946666270166,True,0.10842650011181831
721,0,0.01,0.23816219251598736,0.238134421658808,0.2381621897262225,True,0.10855930019170046
722,0,0.01,0.238134421658808,0.2381069450280059,0.23813441891071968,True,0.10869270004332066
723,0,0.01,0.2381069450280059,0.2380772716894468,0.23810694210840658,True,0.1088263001292944
724,0,0.01,0.2380772716894468,0.23804678644664515,0.23807726862356984,True,0.10896029998548329
725,0,0.01,0.23804678644664515,0.23801687711014566,0.2380467834497394,True,0.10909560020081699
726,0,0.01,0.23801687711014566,0.23798671827344742,0.23801687408696534,True,0.10923370020464063
727,0,0.01,0.23798671827344742,0.2379570948683879,0.23798671529377613,True,0.10937350010499358
728,0,0.01,0.2379570948683879,0.23792811421147675,0.2379570919575179,True,0.10951780015602708
729,0,0.01,0.23792811421147675,0.23789973058613997,0.23792811135672398,True,0.10967590007930994
730,0,0.01,0.23789973058613997,0.23787199288731595,0.2378997277964617,True,0.10982590005733073
731,0,0.01,0.23787199288731595,0.23784488219532696,0.2378719901608026,True,0.10997270001098514
732,0,0.01,0.23784488219532696,0.23781838028121166,0.23784487953013872,True,0.11012830003164709
733,0,0.01,0.23781838028121166,0.23779246957724265,0.2378183776755756,True,0.11028050002641976
734,0,0.01,0.23779246957724265,0.23776713314881773,0.23779246702944978,True,0.11046350002288818
735,0,0.01,0.23776713314881773,0.23774235466765975,0.23776713065722044,True,0.11071810009889305
736,0,0.01,0.23774235466765975,0.2377181183862611,0.23774235223066906,True,0.11090620001778007
737,0,0.01,0.2377181183862611,0.23769440911351206,0.23771811600234427,True,0.1111461000982672
738,0,0.01,0.23769440911351206,0.2376712121914566,0.23769440678119025,True,0.11134000006131828
739,0,0.01,0.2376712121914566,0.2376485134731198,0.23767120990930263,True,0.11151330010034144
740,0,0.01,0.2376485134731198,0.23762629930135648,0.23764851123975594,True,0.11169600021094084
741,0,0.01,0.23762629930135648,0.23760455648866963,0.23762629711545252,True,0.11191620002500713
742,0,0.01,0.23760455648866963,0.23758327229795467,0.2376045543489408,True,0.11209280020557344
743,0,0.01,0.23758327229795467,0.2375624344241216,0.2375832702031599,True,0.11226040008477867
744,0,0.01,0.2375624344241216,0.2375420309765555,0.23756243237306165,True,0.11242160014808178
745,0,0.01,0.2375420309765555,0.23752205046237346,0.2375420289680714,True,0.11258390010334551
746,0,0.01,0.23752205046237346,0.23750248177043976,0.2375220484953447,True,0.11274420004338026
747,0,0.01,0.23750248177043976,0.2374833141561033,0.2375024798437829,True,0.11290800012648106
748,0,0.01,0.2374833141561033,0.23746453722662295,0.23748331226877045,True,0.1130685000680387
749,0,0.01,0.23746453722662295,0.2374461409272462,0.23746453537760037,True,0.11323500005528331
750,0,0.01,0.2374461409272462,0.23742811552791193,0.23744613911555293,True,0.11339360009878874
751,0,0.01,0.23742811552791193,0.23741045161054636,0.2374281137525985,True,0.11355380015447736
752,0,0.01,0.23741045161054636,0.23739314005692339,0.2374104498706936,True,0.11372840008698404
753,0,0.01,0.23739314005692339,0.23737617203706385,0.23739313835164125,True,0.11388990003615618
754,0,0.01,0.23737617203706385,0.23735953899814682,0.23737617036549025,True,0.11405100021511316
755,0,0.01,0.23735953899814682,0.23734323265390878,0.2373595373594466,True,0.11421480006538332
756,0,0.01,0.23734323265390878,0.23732724497450836,0.23734323104727265,True,0.11438050004653633
757,0,0.01,0.23732724497450836,0.23731156817683363,0.23732724339915195,True,0.11454640002921224
758,0,0.01,0.23731156817683363,0.23729619471523175,0.2373115666319966,True,0.11471250001341105
759,0,0.01,0.23729619471523175,0.23728111727263976,0.23729619320017672,True,0.11487960000522435
760,0,0.01,0.23728111727263976,0.23726632875210024,0.23728111578665168,True,0.1150537000503391
761,0,0.01,0.23726632875210024,0.23725182226864044,0.2372663272944854,True,0.11522010015323758
762,0,0.01,0.23725182226864044,0.23723759114150017,0.23725182083872579,True,0.115385000128299
763,0,0.01,0.23723759114150017,0.23722362888669202,0.23723758973863243,True,0.11554390005767345
764,0,0.01,0.23722362888669202,0.2372099292098765,0.23722362751023712,True,0.11571540008299053
765,0,0.01,0.2372099292098765,0.23719648599953974,0.2372099278592188,True,0.11587760015390813
766,0,0.01,0.23719648599953974,0.23718329332045815,0.2371964846740814,True,0.11603740020655096
767,0,0.01,0.23718329332045815,0.23717034540743773,0.23718329201961846,True,0.11619470012374222
768,0,0.01,0.23717034540743773,0.23715763665931422,0.23717034413065255,True,0.11634800001047552
769,0,0.01,0.23715763665931422,0.23714516163320312,0.23715763540603538,True,0.11650220002047718
770,0,0.01,0.23714516163320312,0.23713291503898715,0.23714516040289788,True,0.11665460001677275
771,0,0.01,0.23713291503898715,0.23712089173403145,0.23713291383113758,True,0.11680410010740161
772,0,0.01,0.23712089173403145,0.23710908671811476,0.23712089054813404,True,0.11695180018432438
773,0,0.01,0.23710908671811476,0.23709749512856723,0.23710908555367988,True,0.11710080015473068
774,0,0.01,0.23709749512856723,0.23708611223560605,0.23709749398511862,True,0.1172499000094831
775,0,0.01,0.23708611223560605,0.23707493343785885,0.23708611111268044,True,0.11739570018835366
776,0,0.01,0.23707493343785885,0.23706395425806734,0.23707493233500543,True,0.11753910011611879
777,0,0.01,0.23706395425806734,0.2370531703389623,0.23706395317484746,True,0.11769300000742078
778,0,0.01,0.2370531703389623,0.2370425774393026,0.237053169274949,True,0.11783740017563105
779,0,0.01,0.2370425774393026,0.23703217143007105,0.23704257639408016,True,0.1179810999892652
780,0,0.01,0.23703217143007105,0.23702194829081977,0.2370321704032348,True,0.1182311000302434
781,0,0.01,0.23702194829081977,0.23701190410615797,0.23702194728197556,True,0.11843909998424351
782,0,0.01,0.23701190410615797,0.23700203506237713,0.23701190311492196,True,0.1185795001219958
783,0,0.01,0.23700203506237713,0.2369923374442061,0.23700203408837536,True,0.11880520009435713
784,0,0.01,0.2369923374442061,0.23698280763169138,0.23699233648707424,True,0.11898980010300875
785,0,0.01,0.23698280763169138,0.2369734420971965,0.23698280669107438,True,0.11912730010226369
786,0,0.01,0.2369734420971965,0.23696423740251538,0.23697344117274832,True,0.11926360009238124
787,0,0.01,0.23696423740251538,0.2369551901960949,0.23696423649389875,True,0.11940170009620488
788,0,0.01,0.2369551901960949,0.23694629721036212,0.236955189302981,True,0.1195371001958847
789,0,0.01,0.23694629721036212,0.2369375552591508,0.23694629633243033,True,0.11967180017381907
790,0,0.01,0.2369375552591508,0.23692896123522378,0.23693755439608846,True,0.11980640003457665
791,0,0.01,0.23692896123522378,0.236920512107887,0.23692896038672592,True,0.11994200013577938
792,0,0.01,0.236920512107887,0.2369122049206902,0.23692051127365615,True,0.12007760000415146
793,0,0.01,0.2369122049206902,0.23690403678921274,0.23691220410043617,True,0.1202120000962168
794,0,0.01,0.23690403678921274,0.2368960048989286,0.2369040359826523,True,0.12034610006958246
795,0,0.01,0.2368960048989286,0.2368881065031483,0.23689600410578546,True,0.12049210001714528
796,0,0.01,0.2368881065031483,0.23688033892103547,0.23688810572315275,True,0.12063080002553761
797,0,0.01,0.23688033892103547,0.23687269953569262,0.23688033815392423,True,0.12076500011608005
798,0,0.01,0.23687269953569262,0.23686518579231547,0.2368726987812087,True,0.12089940020814538
799,0,0.01,0.23686518579231547,0.23685779519641156,0.2368651850502079,True,0.12103340006433427
800,0,0.01,0.23685779519641156,0.23685052531208167,0.23685779446643535,True,0.12117260019294918
801,0,0.01,0.23685052531208167,0.23684337376035994,0.23685052459399747,True,0.12130640004761517
802,0,0.01,0.23684337376035994,0.23683633821761169,0.23684337305393405,True,0.12144270003773272
803,0,0.01,0.23683633821761169,0.2368294164139862,0.2368363375226158,True,0.12157710012979805
804,0,0.01,0.2368294164139862,0.23682260613192158,0.23682941573019725,True,0.12171169999055564
805,0,0.01,0.23682260613192158,0.2368159052047005,0.23682260545912168,True,0.12184520019218326
806,0,0.01,0.2368159052047005,0.23680931151505488,0.23681590454267668,True,0.12197960005141795
807,0,0.01,0.23680931151505488,0.2368028229938155,0.23680931086359905,True,0.12211330002173781
808,0,0.01,0.2368028229938155,0.23679643761860844,0.23680282235272423,True,0.12224659998901188
809,0,0.01,0.23679643761860844,0.23679015341259285,0.23679643698768296,True,0.1223795001860708
810,0,0.01,0.23679015341259285,0.23678396844324057,0.2367901527916388,True,0.12252259999513626
811,0,0.01,0.23678396844324057,0.23677788082115572,0.23678396783206795,True,0.1226596999913454
812,0,0.01,0.23677788082115572,0.23677188869893134,0.23677788021957877,True,0.12279480020515621
813,0,0.01,0.23677188869893134,0.23676599027004414,0.23677188810676839,True,0.12292930018156767
814,0,0.01,0.23676599027004414,0.23676018376778343,0.2367659896871175,True,0.12306270003318787
815,0,0.01,0.23676018376778343,0.23675446746421397,0.2367601831939194,True,0.1231971001252532
816,0,0.01,0.23675446746421397,0.236748839669172,0.2367544668992426,True,0.12333030020818114
817,0,0.01,0.236748839669172,0.23674329872929245,0.23674883911292702,True,0.12346320017240942
818,0,0.01,0.23674329872929245,0.23673784302706566,0.23674329818161122,True,0.12359670014120638
819,0,0.01,0.23673784302706566,0.23673247097992445,0.2367378424877891,True,0.12372969998978078
820,0,0.01,0.23673247097992445,0.2367271810393582,0.2367324704488968,True,0.12386490008793771
821,0,0.01,0.2367271810393582,0.236721971690054,0.23672718051642716,True,0.12399840005673468
822,0,0.01,0.236721971690054,0.23671684144906435,0.23672197117507046,True,0.12413240014575422
823,0,0.01,0.23671684144906435,0.2367117888649994,0.23671684094188242,True,0.12426640000194311
824,0,0.01,0.2367117888649994,0.23670681251724332,0.23671178836547624,True,0.12440040009096265
825,0,0.01,0.23670681251724332,0.23670191101519422,0.23670681202523913,True,0.12454430013895035
826,0,0.01,0.23670191101519422,0.23669708299752643,0.23670191053057213,True,0.1246800001244992
827,0,0.01,0.23669708299752643,0.23669232713147395,0.23669708252015248,True,0.12481559999287128
828,0,0.01,0.23669232713147395,0.23668764211213594,0.23669232666121695,True,0.12495010020211339
829,0,0.01,0.23668764211213594,0.23668302666180047,0.23668764164886744,True,0.12508300016634166
830,0,0.01,0.23668302666180047,0.2366784795292901,0.2366830262053947,True,0.12521590013056993
831,0,0.01,0.2366784795292901,0.236673999489324,0.23667847907962392,True,0.1253496001008898
832,0,0.01,0.236673999489324,0.2366695853418993,0.23667399904627673,True,0.12548350007273257
833,0,0.01,0.2366695853418993,0.23666523591169025,0.23666958490535284,True,0.1256167001556605
834,0,0.01,0.23666523591169025,0.23666095004746324,0.23666523548152887,True,0.1257509000133723
835,0,0.01,0.23666095004746324,0.23665672662150924,0.2366609496235736,True,0.12588380021043122
836,0,0.01,0.23665672662150924,0.23665256452909134,0.23665672620378028,True,0.12601850018836558
837,0,0.01,0.23665256452909134,0.23664846268790732,0.23665256411741428,True,0.12615180015563965
838,0,0.01,0.23664846268790732,0.23664442003756808,0.2366484622821756,True,0.12629590020515025
839,0,0.01,0.23664442003756808,0.2366404355390896,0.23664441963767727,True,0.12643230007961392
840,0,0.01,0.2366404355390896,0.23663650817439782,0.23664043514493735,True,0.1265664000529796
841,0,0.01,0.23663650817439782,0.23663263694584918,0.23663650778588388,True,0.12670050002634525
842,0,0.01,0.23663263694584918,0.23662882087576154,0.23663263656287528,True,0.12683399999514222
843,0,0.01,0.23662882087576154,0.23662505900595943,0.23662882049823136,True,0.12696750019676983
844,0,0.01,0.23662505900595943,0.2366213503973309,0.2366250586337786,True,0.12710210005752742
845,0,0.01,0.2366213503973309,0.23661769412939507,0.23662135003040694,True,0.1273317001760006
846,0,0.01,0.23661769412939507,0.23661408929988298,0.2366176937676373,True,0.1274746002163738
847,0,0.01,0.23661408929988298,0.2366105350243276,0.2366140889432025,True,0.12761120009236038
848,0,0.01,0.2366105350243276,0.23660703043566578,0.23661053467263726,True,0.12774460017681122
849,0,0.01,0.23660703043566578,0.2366035746838495,0.23660703008888018,True,0.1278790000360459
850,0,0.01,0.2366035746838495,0.2366001669354682,0.23660357434188486,True,0.12801360012963414
851,0,0.01,0.2366001669354682,0.2365968063733797,0.23660016659824243,True,0.12814720021560788
852,0,0.01,0.2365968063733797,0.2365934921963518,0.23659680604081226,True,0.1282930001616478
853,0,0.01,0.2365934921963518,0.23659022361871157,0.23659349186836376,True,0.12842910015024245
854,0,0.01,0.23659022361871157,0.2365869998700043,0.2365902232952255,True,0.12856470001861453
855,0,0.01,0.2365869998700043,0.23658382019466145,0.23658699955094428,True,0.12869930011220276
856,0,0.01,0.23658382019466145,0.23658068385167613,0.236583819879953,True,0.12883400009013712
857,0,0.01,0.23658068385167613,0.2365775901142866,0.23658068354124623,True,0.12896700017154217
858,0,0.01,0.2365775901142866,0.2365745382696688,0.23657758980806362,True,0.12910100002773106
859,0,0.01,0.2365745382696688,0.23657152761863454,0.2365745379675825,True,0.12923349998891354
860,0,0.01,0.23657152761863454,0.2365685574753395,0.23657152732061598,True,0.12936810008250177
861,0,0.01,0.2365685574753395,0.23656562716699608,0.2365685571813211,True,0.12950200005434453
862,0,0.01,0.23656562716699608,0.23656273603359484,0.23656562687691152,True,0.12964550009928644
863,0,0.01,0.23656273603359484,0.23655988342763196,0.23656273574737907,True,0.12978860014118254
864,0,0.01,0.23655988342763196,0.23655706871384372,0.2365598831452211,True,0.12992179999127984
865,0,0.01,0.23655706871384372,0.23655429126894686,0.2365570684351752,True,0.13005460007116199
866,0,0.01,0.23655429126894686,0.23655155048138563,0.23655429099395922,True,0.13018840015865862
867,0,0.01,0.23655155048138563,0.2365488457510846,0.23655155021001859,True,0.13033460010774434
868,0,0.01,0.2365488457510846,0.23654617648920773,0.23654884548327895,True,0.1304705000948161
869,0,0.01,0.23654617648920773,0.23654354211792256,0.23654617622490548,True,0.13060450018383563
870,0,0.01,0.23654354211792256,0.23654094207017057,0.2365435418570667,True,0.13073850004002452
871,0,0.01,0.23654094207017057,0.23653837578944248,0.23654094181270519,True,0.1308720000088215
872,0,0.01,0.23653837578944248,0.23653584272955902,0.2365383755353127,True,0.1310059002134949
873,0,0.01,0.23653584272955902,0.23653334235445728,0.236535842478711,True,0.13114020018838346
874,0,0.01,0.23653334235445728,0.23653087413798068,0.23653334210683816,True,0.13127270014956594
875,0,0.01,0.23653087413798068,0.2365284375636756,0.23653087389353858,True,0.13140589999966323
876,0,0.01,0.2365284375636756,0.23652603212459122,0.23652843732235956,True,0.13153940020129085
877,0,0.01,0.23652603212459122,0.2365236573230849,0.23652603188635127,True,0.13167220004834235
878,0,0.01,0.2365236573230849,0.23652131267063145,0.23652365708787196,True,0.1318048001267016
879,0,0.01,0.23652131267063145,0.236518997687637,0.23652131243839733,True,0.13193770009092987
880,0,0.01,0.236518997687637,0.23651671190325765,0.23651899745833443,True,0.13207020005211234
881,0,0.01,0.23651671190325765,0.2365144548552207,0.23651671167684016,True,0.1322035000193864
882,0,0.01,0.2365144548552207,0.23651222608965197,0.2365144546316427,True,0.1323510000947863
883,0,0.01,0.23651222608965197,0.2365100251609053,0.2365122258688687,True,0.132486600195989
884,0,0.01,0.2365100251609053,0.23650785163139681,0.23651002494287277,True,0.13267650012858212
885,0,0.01,0.23650785163139681,0.2365057050714428,0.2365078514160719,True,0.13281340012326837
886,0,0.01,0.2365057050714428,0.2365035850591007,0.23650570485878308,True,0.13294939999468625
887,0,0.01,0.2365035850591007,0.23650149118001437,0.23650358484906459,True,0.13376900018192828
888,0,0.01,0.23650149118001437,0.23649942302726223,0.23650149097256096,True,0.1339337001554668
889,0,0.01,0.23649942302726223,0.2364973802012093,0.2364994228223514,True,0.13407020014710724
890,0,0.01,0.2364973802012093,0.23649536230936158,0.2364973799988016,True,0.1342053001280874
891,0,0.01,0.23649536230936158,0.23649336896622503,0.23649536210941832,True,0.13435570010915399
892,0,0.01,0.23649336896622503,0.2364913997931662,0.23649336876870813,True,0.1344919002149254
893,0,0.01,0.2364913997931662,0.23648945441827693,0.23649139959803833,True,0.1346275000832975
894,0,0.01,0.23648945441827693,0.23648753247624185,0.2364894542255014,True,0.13476150017231703
895,0,0.01,0.23648753247624185,0.2364856336082079,0.23648753228578262,True,0.134895000141114
896,0,0.01,0.2364856336082079,0.236483757461658,0.23648563342002957,True,0.1350281999912113
897,0,0.01,0.236483757461658,0.23648190369028688,0.23648375727572576,True,0.1351617001928389
898,0,0.01,0.23648190369028688,0.23648007195387896,0.23648190350656656,True,0.1352949000429362
899,0,0.01,0.23648007195387896,0.23647826191819005,0.236480071772337,True,0.13542750012129545
900,0,0.01,0.23647826191819005,0.2364764732548305,0.23647826173879347,True,0.13569160015322268
901,0,0.01,0.2364764732548305,0.2364747056411518,0.23647647307754688,True,0.13582990015856922
902,0,0.01,0.2364747056411518,0.2364729587601349,0.23647470546594931,True,0.1359655000269413
903,0,0.01,0.2364729587601349,0.2364712323002813,0.23647295858698225,True,0.13610020000487566
904,0,0.01,0.2364712323002813,0.23646952595550622,0.23647123212914772,True,0.13624330004677176
905,0,0.01,0.23646952595550622,0.23646783942503413,0.23646952578636152,True,0.1363824000582099
906,0,0.01,0.23646783942503413,0.23646617241329687,0.23646783925784864,True,0.13651830004528165
907,0,0.01,0.23646617241329687,0.23646452462983317,0.23646617224804142,True,0.1366534000262618
908,0,0.01,0.23646452462983317,0.23646289578919083,0.23646452446647906,True,0.13678800011985004
909,0,0.01,0.23646289578919083,0.23646128561083096,0.23646289562770992,True,0.1369209000840783
910,0,0.01,0.23646128561083096,0.23645969381903398,0.23646128545119552,True,0.13705490017309785
911,0,0.01,0.23645969381903398,0.2364581201428077,0.23645969366121683,True,0.13718740013428032
912,0,0.01,0.2364581201428077,0.23645656431579748,0.23645811998678207,True,0.13732099998742342
913,0,0.01,0.23645656431579748,0.23645502607619792,0.23645656416153707,True,0.13745570019818842
914,0,0.01,0.23645502607619792,0.23645350516666686,0.2364550259236769,True,0.13758910004980862
915,0,0.01,0.23645350516666686,0.23645200133424032,0.23645350501585982,True,0.13772360002622008
916,0,0.01,0.23645200133424032,0.23645051433025077,0.2364520011851223,True,0.13785850000567734
917,0,0.01,0.23645051433025077,0.23644904391024515,0.2364505141827972,True,0.13799280021339655
918,0,0.01,0.23644904391024515,0.236447589833906,0.2364490437644319,True,0.13812640006653965
919,0,0.01,0.236447589833906,0.23644615186497359,0.23644758968970936,True,0.13826830009929836
920,0,0.01,0.23644615186497359,0.2364447297711701,0.2364461517223702,True,0.1384056000970304
921,0,0.01,0.2364447297711701,0.23644332332412465,0.23644472963013705,True,0.13853990007191896
922,0,0.01,0.23644332332412465,0.23644193229930055,0.2364433231846394,True,0.138672900153324
923,0,0.01,0.23644193229930055,0.23644055647592382,0.2364419321613409,True,0.13880660012364388
924,0,0.01,0.23644055647592382,0.23643919563691282,0.236440556339468,True,0.13894010009244084
925,0,0.01,0.23643919563691282,0.23643784956880987,0.23643919550193937,True,0.1390750000718981
926,0,0.01,0.23643784956880987,0.236436518061714,0.23643784943529772,True,0.13920790003612638
927,0,0.01,0.236436518061714,0.23643520090921502,0.23643651792964246,True,0.13934070011600852
928,0,0.01,0.23643520090921502,0.23643389790832883,0.23643520077856364,True,0.1394744000863284
929,0,0.01,0.23643389790832883,0.2364326088594343,0.2364338977790776,True,0.13960730005055666
930,0,0.01,0.2364326088594343,0.2364313335662115,0.2364326087315635,True,0.1397448000498116
931,0,0.01,0.2364313335662115,0.23643007183558032,0.23643133343970174,True,0.13987920014187694
932,0,0.01,0.23643007183558032,0.23642882347764205,0.23643007171041255,True,0.14001259999349713
933,0,0.01,0.23642882347764205,0.23642758830561977,0.2364288233537975,True,0.14014580007642508
934,0,0.01,0.23642758830561977,0.23642636613580237,0.23642758818308002,True,0.1402881999965757
935,0,0.01,0.23642636613580237,0.2364251567874879,0.23642636601454922,True,0.14042429998517036
936,0,0.01,0.2364251567874879,0.23642396008292874,0.23642515666750355,True,0.14055940019898117
937,0,0.01,0.23642396008292874,0.236422775847278,0.2364239599641956,True,0.14069430017843843
938,0,0.01,0.236422775847278,0.23642160390853656,0.23642277572977882,True,0.1408280001487583
939,0,0.01,0.23642160390853656,0.23642044409750174,0.23642160379225435,True,0.14096220000647008
940,0,0.01,0.23642044409750174,0.2364192962477163,0.2364204439824198,True,0.1410984001122415
941,0,0.01,0.2364192962477163,0.23641816019541909,0.23641929613381815,True,0.14123250008560717
942,0,0.01,0.23641816019541909,0.23641703577949585,0.23641816008268857,True,0.1413673001807183
943,0,0.01,0.23641703577949585,0.23641592284143234,0.23641703566791705,True,0.1415011000353843
944,0,0.01,0.23641592284143234,0.23641482122526672,0.2364159227309896,True,0.14163480000570416
945,0,0.01,0.23641482122526672,0.2364137307775441,0.23641482111594464,True,0.1417686000932008
946,0,0.01,0.2364137307775441,0.2364126513472717,0.2364137306693275,True,0.14190180017612875
947,0,0.01,0.2364126513472717,0.23641158278587443,0.23641265124014568,True,0.1420359001494944
948,0,0.01,0.23641158278587443,0.2364105249471521,0.2364115826798243,True,0.14217020012438297
949,0,0.01,0.2364105249471521,0.2364094776872363,0.2364105248421634,True,0.14231430017389357
950,0,0.01,0.2364094776872363,0.23640844086454993,0.23640947758329486,True,0.14245050004683435
951,0,0.01,0.23640844086454993,0.23640741433976542,0.23640844076164172,True,0.14258550014346838
952,0,0.01,0.23640741433976542,0.2364063979757654,0.2364074142378767,True,0.14271940011531115
953,0,0.01,0.2364063979757654,0.23640539163760338,0.2364063978748826,True,0.14285420021042228
954,0,0.01,0.23640539163760338,0.23640439519246503,0.23640539153771317,True,0.14298800006508827
955,0,0.01,0.23640439519246503,0.2364034085096312,0.23640439509355432,True,0.14312170003540814
956,0,0.01,0.2364034085096312,0.2364024314604402,0.23640340841168703,True,0.14325510011985898
957,0,0.01,0.2364024314604402,0.23640146391825198,0.23640243136344988,True,0.14338890020735562
958,0,0.01,0.23640146391825198,0.2364005057584123,0.23640146382220298,True,0.143523900071159
959,0,0.01,0.2364005057584123,0.2363995568582184,0.2364005056632923,True,0.14365690015256405
960,0,0.01,0.2363995568582184,0.23639861709688403,0.23639955676401528,True,0.1438599000684917
961,0,0.01,0.23639861709688403,0.23639768635550673,0.23639861700358586,True,0.14403700013644993
962,0,0.01,0.23639768635550673,0.2363967645170344,0.23639768626310176,True,0.14417750015854836
963,0,0.01,0.2363967645170344,0.2363958514662329,0.23639676442551105,True,0.14431490004062653
964,0,0.01,0.2363958514662329,0.23639494708965492,0.2363958513755798,True,0.14453570009209216
965,0,0.01,0.23639494708965492,0.23639405127560856,0.23639494699986083,True,0.14468370005488396
966,0,0.01,0.23639405127560856,0.2363931639141269,0.23639405118666246,True,0.1448220000602305
967,0,0.01,0.2363931639141269,0.23639228489693828,0.2363931638260179,True,0.14495850005187094
968,0,0.01,0.23639228489693828,0.23639141411743653,0.2363922848096557,True,0.14513660012744367
969,0,0.01,0.23639141411743653,0.23639055147065277,0.23639141403096983,True,0.14527660002931952
970,0,0.01,0.23639055147065277,0.23638969685322678,0.23639055138499157,True,0.14541230001486838
971,0,0.01,0.23638969685322678,0.23638885016337952,0.23638969676836086,True,0.14555890019983053
972,0,0.01,0.23638885016337952,0.23638801130088571,0.23638885007929883,True,0.14570730016566813
973,0,0.01,0.23638801130088571,0.23638718016704752,0.23638801121758032,True,0.1458426001481712
974,0,0.01,0.23638718016704752,0.2363863566646679,0.2363871800845077,True,0.14597750012762845
975,0,0.01,0.2363863566646679,0.23638554069802534,0.236386356582884,True,0.14612440019845963
976,0,0.01,0.23638554069802534,0.23638473217284864,0.23638554061698794,True,0.14626520010642707
977,0,0.01,0.23638473217284864,0.23638393099629182,0.23638473209254843,True,0.14639990008436143
978,0,0.01,0.23638393099629182,0.23638313707691005,0.23638393091671958,True,0.14653410017490387
979,0,0.01,0.23638313707691005,0.2363823503246362,0.23638313699805677,True,0.14666980016045272
980,0,0.01,0.2363823503246362,0.23638157065075657,0.23638235024649296,True,0.1468041001353413
981,0,0.01,0.23638157065075657,0.2363807979678891,0.2363815705733146,True,0.14693800010718405
982,0,0.01,0.2363807979678891,0.23638003218995984,0.23638079789113975,True,0.14707360020838678
983,0,0.01,0.23638003218995984,0.23637927323218144,0.2363800321138946,True,0.14720850018784404
984,0,0.01,0.23637927323218144,0.23637852101103113,0.23637927315679194,True,0.1473428001627326
985,0,0.01,0.23637852101103113,0.23637777544422975,0.23637852093630912,True,0.14747630013152957
986,0,0.01,0.23637777544422975,0.2363770364507204,0.23637777537016708,True,0.14761049998924136
987,0,0.01,0.2363770364507204,0.2363763039506484,0.23637703637730903,True,0.1477439000736922
988,0,0.01,0.2363763039506484,0.2363755778653409,0.23637630387788047,True,0.14787730015814304
989,0,0.01,0.2363755778653409,0.23637485811728712,0.23637557779320864,True,0.14801090001128614
990,0,0.01,0.23637485811728712,0.23637414463011888,0.23637485804578282,True,0.1481549001764506
991,0,0.01,0.23637414463011888,0.23637343732859162,0.23637414455923503,True,0.1482905000448227
992,0,0.01,0.23637343732859162,0.23637273613856574,0.23637343725832075,True,0.14842460001818836
993,0,0.01,0.23637273613856574,0.23637204098698825,0.23637273606890052,True,0.14855929999612272
994,0,0.01,0.23637204098698825,0.23637135180187463,0.23637204091792147,True,0.14869310008361936
995,0,0.01,0.23637135180187463,0.23637066851229085,0.23637135173339915,True,0.148829200072214
996,0,0.01,0.23637066851229085,0.23636999104833684,0.2363706684443997,True,0.14896210003644228
997,0,0.01,0.23636999104833684,0.23636931934112843,0.23636999098102304,True,0.14909439999610186
998,0,0.01,0.23636931934112843,0.23636865332278106,0.2363693192743852,True,0.14922790019772947
999,0,0.01,0.23636865332278106,0.2363679929263936,0.2363686532566017,True,0.14936730009503663
1000,0,0.01,0.2363679929263936,0.23636733808603155,0.23636799286077148,True,0.1495189000852406
1001,0,0.01,0.23636733808603155,0.2363666887367115,0.23636733802096016,True,0.14965370018035173
1002,0,0.01,0.2363666887367115,0.23636604481438572,0.23636668867218438,True,0.1497868001461029
1003,0,0.01,0.23636604481438572,0.23636540625592656,0.23636604475039658,True,0.1499201999977231
1004,0,0.01,0.23636540625592656,0.23636477299911152,0.2363654061924691,True,0.15005460008978844
1005,0,0.01,0.23636477299911152,0.2363641449826084,0.2363647729361796,True,0.15019940002821386
1006,0,0.01,0.2363641449826084,0.236363522145961,0.236364144920196,True,0.15033470001071692
1007,0,0.01,0.236363522145961,0.23636290442957478,0.2363635220840621,True,0.15046830009669065
1008,0,0.01,0.23636290442957478,0.23636229177470272,0.23636290436818347,True,0.15060120006091893
1009,0,0.01,0.23636229177470272,0.23636168412343195,0.23636229171381323,True,0.15073380013927817
1010,0,0.01,0.23636168412343195,0.23636108141866968,0.2363616840630385,True,0.15086659998632967
1011,0,0.01,0.23636108141866968,0.23636048360413053,0.23636108135876668,True,0.1510012000799179
1012,0,0.01,0.23636048360413053,0.23635989062432328,0.23636048354471237,True,0.1511323000304401
1013,0,0.01,0.23635989062432328,0.23635930242453793,0.23635989056538448,True,0.1512707001529634
1014,0,0.01,0.23635930242453793,0.2363587189508334,0.23635930236607308,True,0.1514047000091523
1015,0,0.01,0.2363587189508334,0.2363581401500249,0.23635871889283716,True,0.15153910010121763
1016,0,0.01,0.2363581401500249,0.23635756596967217,0.236358140092492,True,0.1517157000489533
1017,0,0.01,0.23635756596967217,0.23635699635806712,0.23635756591259743,True,0.15188590018078685
1018,0,0.01,0.23635699635806712,0.23635643126422257,0.2363569963014454,True,0.15209720004349947
1019,0,0.01,0.23635643126422257,0.2363558706378605,0.23635643120804886,True,0.15228390018455684
1020,0,0.01,0.2363558706378605,0.23635531442940094,0.23635587058212984,True,0.1525091000366956
1021,0,0.01,0.23635531442940094,0.23635476258995036,0.23635531437410837,True,0.1526591000147164
1022,0,0.01,0.23635476258995036,0.2363542150712915,0.23635476253509108,True,0.1527963001281023
1023,0,0.01,0.2363542150712915,0.2363536718258722,0.2363542150168607,True,0.15293160011060536
1024,0,0.01,0.2363536718258722,0.23635313280679487,0.2363536717718652,True,0.1530660002026707
1025,0,0.01,0.23635313280679487,0.23635259796780653,0.23635313275320705,True,0.15320620010606945
1026,0,0.01,0.23635259796780653,0.23635206726328795,0.23635259791463328,True,0.15335280005820096
1027,0,0.01,0.23635206726328795,0.23635154064824454,0.23635206721052476,True,0.15349639998748899
1028,0,0.01,0.23635154064824454,0.23635101807829584,0.23635154059588698,True,0.1536303001921624
1029,0,0.01,0.23635101807829584,0.23635049950966597,0.23635101802633948,True,0.1537639000453055
1030,0,0.01,0.23635049950966597,0.23634998489917447,0.2363504994581065,True,0.15389770013280213
1031,0,0.01,0.23634998489917447,0.23634947420422678,0.23634998484800762,True,0.15433060005307198
1032,0,0.01,0.23634947420422678,0.23634896738280525,0.2363494741534483,True,0.1545304001774639
1033,0,0.01,0.23634896738280525,0.23634846439345975,0.23634896733241104,True,0.15467469999566674
1034,0,0.01,0.23634846439345975,0.23634796519529916,0.23634846434344567,True,0.15481480001471937
1035,0,0.01,0.23634796519529916,0.23634746974798268,0.23634796514566114,True,0.1549555000383407
1036,0,0.01,0.23634746974798268,0.23634697801171126,0.23634746969871678,True,0.1550986000802368
1037,0,0.01,0.23634697801171126,0.23634648994721896,0.2363469779628135,True,0.15523650008253753
1038,0,0.01,0.23634648994721896,0.23634600551576496,0.23634648989868548,True,0.1553856001701206
1039,0,0.01,0.23634600551576496,0.23634552467912556,0.2363460054675919,True,0.15552610019221902
1040,0,0.01,0.23634552467912556,0.23634504739958562,0.23634552463130915,True,0.15566570009104908
1041,0,0.01,0.23634504739958562,0.23634457363993164,0.2363450473521221,True,0.15580390021204948
1042,0,0.01,0.23634457363993164,0.23634410336344314,0.23634457359281735,True,0.15594210010021925
1043,0,0.01,0.23634410336344314,0.2363436365338857,0.23634410331667446,True,0.1560831000097096
1044,0,0.01,0.2363436365338857,0.23634317311550326,0.23634363648745904,True,0.15622220002114773
1045,0,0.01,0.23634317311550326,0.2363427130730107,0.23634317306941505,True,0.1563697000965476
1046,0,0.01,0.2363427130730107,0.2363422563715871,0.23634271302725746,True,0.156512200133875
1047,0,0.01,0.2363422563715871,0.23634180297686802,0.23634225632616537,True,0.15665090014226735
1048,0,0.01,0.23634180297686802,0.23634135285493904,0.23634180293177443,True,0.15678930003196
1049,0,0.01,0.23634135285493904,0.23634090597232885,0.2363413528101702,True,0.15692680003121495
1050,0,0.01,0.23634090597232885,0.23634046229600214,0.23634090592788146,True,0.1570649000350386
1051,0,0.01,0.23634046229600214,0.23634002179335362,0.23634046225187294,True,0.1572029001545161
1052,0,0.01,0.23634002179335362,0.236339584432201,0.23634002174953936,True,0.1573482002131641
1053,0,0.01,0.236339584432201,0.23633915018077875,0.2363395843886985,True,0.15748920012265444
1054,0,0.01,0.23633915018077875,0.23633871900773198,0.23633915013758489,True,0.15762770012952387
1055,0,0.01,0.23633871900773198,0.23633829088211017,0.23633871896484362,True,0.1577674001455307
1056,0,0.01,0.23633829088211017,0.23633786577336074,0.23633829083952426,True,0.15790650015696883
1057,0,0.01,0.23633786577336074,0.2363374436513237,0.23633786573107424,True,0.15804790006950498
1058,0,0.01,0.2363374436513237,0.23633702448622534,0.23633744360933365,True,0.15818690019659698
1059,0,0.01,0.23633702448622534,0.23633660824867259,0.23633702444452875,True,0.15834409999661148
1060,0,0.01,0.23633660824867259,0.23633619490964744,0.23633660820726657,True,0.1584815001115203
1061,0,0.01,0.23633619490964744,0.23633578444050082,0.23633619486852914,True,0.15861780010163784
1062,0,0.01,0.23633578444050082,0.23633537681294814,0.23633578439966738,True,0.1587521000765264
1063,0,0.01,0.23633537681294814,0.23633497199906253,0.23633537677239674,True,0.15888620004989207
1064,0,0.01,0.23633497199906253,0.236334569971271,0.23633497195879044,True,0.15902070002630353
1065,0,0.01,0.236334569971271,0.23633417070234783,0.23633456993127547,True,0.15915430011227727
1066,0,0.01,0.23633417070234783,0.23633377416541057,0.23633417066262616,True,0.15928760007955134
1067,0,0.01,0.23633377416541057,0.23633338033391396,0.23633377412596013,True,0.15943230013363063
1068,0,0.01,0.23633338033391396,0.23633298918164586,0.23633338029473208,True,0.1595699000172317
1069,0,0.01,0.23633298918164586,0.2363326006827219,0.23633298914272996,True,0.15970550011843443
1070,0,0.01,0.2363326006827219,0.2363322148115805,0.2363326006440694,True,0.15983950020745397
1071,0,0.01,0.2363322148115805,0.23633183154297852,0.2363322147731889,True,0.15997360018081963
1072,0,0.01,0.23633183154297852,0.2363314508519864,0.2363318315048453,True,0.16010760003700852
1073,0,0.01,0.2363314508519864,0.23633107271398368,0.23633145081410908,True,0.1602787000592798
1074,0,0.01,0.23633107271398368,0.23633069710465437,0.23633107267635983,True,0.16056240000762045
1075,0,0.01,0.23633069710465437,0.2363303239999825,0.23633069706728158,True,0.16071580001153052
1076,0,0.01,0.2363303239999825,0.23632995337624807,0.23633032396285839,True,0.16085300012491643
1077,0,0.01,0.23632995337624807,0.23632958521002212,0.2363299533393703,True,0.16099370014853776
1078,0,0.01,0.23632958521002212,0.23632921947816324,0.23632958517338837,True,0.1611312001477927
1079,0,0.01,0.23632921947816324,0.23632885615781307,0.2363292194417712,True,0.16126600001007318
1080,0,0.01,0.23632885615781307,0.23632849522639182,0.2363288561216605,True,0.16140000009909272
1081,0,0.01,0.23632849522639182,0.23632813666159513,0.23632849519047644,True,0.1615337000694126
1082,0,0.01,0.23632813666159513,0.23632778044138938,0.23632813662591476,True,0.16166690015234053
1083,0,0.01,0.23632778044138938,0.2363274265440081,0.23632778040594185,True,0.1618000001180917
1084,0,0.01,0.2363274265440081,0.23632707494794802,0.2363274265087912,True,0.16193370008841157
1085,0,0.01,0.23632707494794802,0.23632672563196536,0.23632707491295968,True,0.16207930003292859
1086,0,0.01,0.23632672563196536,0.23632637857507224,0.23632672559720344,True,0.16221600002609193
1087,0,0.01,0.23632637857507224,0.2363260337565328,0.23632637854053468,True,0.16235100012272596
1088,0,0.01,0.2363260337565328,0.23632569115585966,0.23632603372221753,True,0.16253660013899207
1089,0,0.01,0.23632569115585966,0.2363253507528106,0.23632569112176466,True,0.1626775001641363
1090,0,0.01,0.2363253507528106,0.2363250125273849,0.23632535071893387,True,0.16281340015120804
1091,0,0.01,0.2363250125273849,0.23632467645981967,0.23632501249372442,True,0.16294880001805723
1092,0,0.01,0.23632467645981967,0.236324342530587,0.23632467642637353,True,0.1630824999883771
1093,0,0.01,0.236324342530587,0.2363240107203904,0.23632434249735326,True,0.1632164001930505
1094,0,0.01,0.2363240107203904,0.23632368101016143,0.2363240106873671,True,0.16335130017250776
1095,0,0.01,0.23632368101016143,0.23632335338105662,0.23632368097734674,True,0.16348500014282763
1096,0,0.01,0.23632335338105662,0.23632302781445416,0.23632335334844862,True,0.16361879999749362
1097,0,0.01,0.23632302781445416,0.236322704291951,0.23632302778205103,True,0.16375290020368993
1098,0,0.01,0.236322704291951,0.2363223827953598,0.23632270425975094,True,0.1638858001679182
1099,0,0.01,0.2363223827953598,0.23632206330670544,0.23632238276336096,True,0.16402750019915402
1100,0,0.01,0.23632206330670544,0.23632174580822296,0.23632206327490607,True,0.16419970011338592
1101,0,0.01,0.23632174580822296,0.23632143028235342,0.23632174577662127,True,0.16433749999850988
1102,0,0.01,0.23632143028235342,0.2363211167117423,0.23632143025094768,True,0.1644708001986146
1103,0,0.01,0.2363211167117423,0.2363208050792357,0.23632111668053082,True,0.16460330015979707
1104,0,0.01,0.2363208050792357,0.2363204953678779,0.23632080504821673,True,0.16473780013620853
1105,0,0.01,0.2363204953678779,0.23632018756090892,0.2363204953370498,True,0.16487119998782873
1106,0,0.01,0.23632018756090892,0.23631988164176132,0.23632018753027,True,0.16500570019707084
1107,0,0.01,0.23631988164176132,0.2363195775940577,0.23631988161130996,True,0.1651412001810968
1108,0,0.01,0.2363195775940577,0.2363192754016084,0.23631957756379227,True,0.16527570015750825
1109,0,0.01,0.2363192754016084,0.23631897504840835,0.2363192753715273,True,0.16540940012782812
1110,0,0.01,0.23631897504840835,0.23631867651863497,0.23631897501850999,True,0.1655437999870628
1111,0,0.01,0.23631867651863497,0.23631837979664555,0.23631867648891777,True,0.16567650018259883
1112,0,0.01,0.23631837979664555,0.23631808486697498,0.23631837976710796,True,0.1658090001437813
1113,0,0.01,0.23631808486697498,0.2363177917143328,0.2363180848376155,True,0.1659421999938786
1114,0,0.01,0.2363177917143328,0.23631750032360116,0.23631779168514985,True,0.16608560015447438
1115,0,0.01,0.23631750032360116,0.23631721067983275,0.2363175002945933,True,0.16622160002589226
1116,0,0.01,0.23631721067983275,0.23631692276824795,0.23631721065099848,True,0.16635489999316633
1117,0,0.01,0.23631692276824795,0.23631663657423296,0.2363169227395858,True,0.16648940020240843
1118,0,0.01,0.23631663657423296,0.2363163520833373,0.23631663654574148,True,0.1666229001712054
1119,0,0.01,0.2363163520833373,0.2363160692812717,0.23631635205501503,True,0.16675500012934208
1120,0,0.01,0.2363160692812717,0.23631578815390608,0.23631606925311727,True,0.16688660020008683
1121,0,0.01,0.23631578815390608,0.236315508687267,0.23631578812591808,True,0.1670211001764983
1122,0,0.01,0.236315508687267,0.23631523086753603,0.23631550865944403,True,0.1671547000296414
1123,0,0.01,0.23631523086753603,0.23631495468104746,0.2363152308398767,True,0.16728880000300705
1124,0,0.01,0.23631495468104746,0.23631468011428608,0.23631495465355046,True,0.16742150019854307
1125,0,0.01,0.23631468011428608,0.23631440715388558,0.23631468008695006,True,0.16761360014788806
1126,0,0.01,0.23631440715388558,0.2363141357866259,0.23631440712670918,True,0.16774970013648272
1127,0,0.01,0.2363141357866259,0.23631386599943222,0.23631413575960786,True,0.1678847000002861
1128,0,0.01,0.23631386599943222,0.23631359777937233,0.2363138659725712,True,0.16802520002238452
1129,0,0.01,0.23631359777937233,0.23631333111365468,0.23631359775266705,True,0.16816530004143715
1130,0,0.01,0.23631333111365468,0.23631306598962715,0.2363133310871039,True,0.16830150014720857
1131,0,0.01,0.23631306598962715,0.23631280239477448,0.2363130659632296,True,0.16843740013428032
1132,0,0.01,0.23631280239477448,0.23631254031671708,0.23631280236852892,True,0.16857139999046922
1133,0,0.01,0.23631254031671708,0.2363122797432088,0.23631254029062226,True,0.16877730004489422
1134,0,0.01,0.2363122797432088,0.23631202066213536,0.2363122797172635,True,0.16891710017807782
1135,0,0.01,0.23631202066213536,0.23631176306151266,0.23631202063633844,True,0.1690527000464499
1136,0,0.01,0.23631176306151266,0.23631150692948505,0.2363117630358629,True,0.16918770014308393
1137,0,0.01,0.23631150692948505,0.23631125225432328,0.23631150690398126,True,0.1693214001134038
1138,0,0.01,0.23631125225432328,0.2363109990244237,0.23631125222896432,True,0.16945520020090044
1139,0,0.01,0.2363109990244237,0.23631074722830592,0.2363109989992084,True,0.1695905001834035
1140,0,0.01,0.23631074722830592,0.23631049685461103,0.23631074720323314,True,0.16972470004111528
1141,0,0.01,0.23631049685461103,0.23631024789210092,0.23631049682967964,True,0.16985780000686646
1142,0,0.01,0.23631024789210092,0.23631000032965588,0.2363102478673098,True,0.16999340010806918
1143,0,0.01,0.23631000032965588,0.23630975415627362,0.23631000030500396,True,0.1701390000525862
1144,0,0.01,0.23630975415627362,0.2363095093610671,0.23630975413175978,True,0.17027470003813505
1145,0,0.01,0.2363095093610671,0.23630926593326382,0.23630950933669026,True,0.1704087001271546
1146,0,0.01,0.23630926593326382,0.23630902386220376,0.23630926590902293,True,0.17054200009442866
1147,0,0.01,0.23630902386220376,0.23630878313733833,0.23630902383809774,True,0.1706756001804024
1148,0,0.01,0.23630878313733833,0.23630854374822866,0.23630878311336614,True,0.1708090000320226
1149,0,0.01,0.23630854374822866,0.23630830568454436,0.23630854372438928,True,0.17094180011190474
1150,0,0.01,0.23630830568454436,0.23630806893606193,0.23630830566083677,True,0.17107600020244718
1151,0,0.01,0.23630806893606193,0.23630783349266377,0.2363080689124851,True,0.17120920005254447
1152,0,0.01,0.23630783349266377,0.23630759934433632,0.2363078334692167,True,0.17134280013851821
1153,0,0.01,0.23630759934433632,0.23630736648116935,0.236307599321018,True,0.1714780000038445
1154,0,0.01,0.23630736648116935,0.23630713489335417,0.2363073664579788,True,0.17161100008524954
1155,0,0.01,0.23630713489335417,0.2363069045711825,0.23630713487029043,True,0.17174540017731488
1156,0,0.01,0.2363069045711825,0.23630667550504508,0.2363069045482446,True,0.17187950015068054
1157,0,0.01,0.23630667550504508,0.23630644768543083,0.23630667548223208,True,0.1720128001179546
1158,0,0.01,0.23630644768543083,0.23630622110292526,0.23630644766274175,True,0.1721587001811713
1159,0,0.01,0.23630622110292526,0.23630599574820899,0.2363062210803592,True,0.17229380016215146
1160,0,0.01,0.23630599574820899,0.23630577161205735,0.23630599572576502,True,0.17242750013247132
1161,0,0.01,0.23630577161205735,0.2363055486853386,0.23630577158973456,True,0.17256129998713732
1162,0,0.01,0.2363055486853386,0.23630532695901263,0.23630554866313608,True,0.17269550007767975
1163,0,0.01,0.23630532695901263,0.2363051064241306,0.23630532693692946,True,0.1728308000601828
1164,0,0.01,0.2363051064241306,0.23630488707183286,0.23630510640216593,True,0.17296410002745688
1165,0,0.01,0.23630488707183286,0.2363046688933486,0.23630488704998578,True,0.17309710010886192
1166,0,0.01,0.2363046688933486,0.23630445187999427,0.23630466887161825,True,0.17323050019331276
1167,0,0.01,0.23630445187999427,0.23630423602317271,0.23630445185837978,True,0.17336370004341006
1168,0,0.01,0.23630423602317271,0.2363040213143721,0.23630423600167325,True,0.17349620000459254
1169,0,0.01,0.2363040213143721,0.2363038077451647,0.23630402129298678,True,0.17362910020165145
1170,0,0.01,0.2363038077451647,0.23630359530720613,0.23630380772389273,True,0.17376250005327165
1171,0,0.01,0.23630359530720613,0.2363033839922341,0.23630359528604666,True,0.17391010001301765
1172,0,0.01,0.2363033839922341,0.23630317379206758,0.23630338397118633,True,0.17404550011269748
1173,0,0.01,0.23630317379206758,0.2363029646986055,0.23630317377113066,True,0.17417970020323992
1174,0,0.01,0.2363029646986055,0.2363027567038262,0.23630296467777867,True,0.17431480018422008
1175,0,0.01,0.2363027567038262,0.23630254979978627,0.23630275668310863,True,0.17444860003888607
1176,0,0.01,0.23630254979978627,0.23630234397861943,0.23630254977917717,True,0.1745820001233369
1177,0,0.01,0.23630234397861943,0.23630213923253585,0.23630234395811806,True,0.17471570009365678
1178,0,0.01,0.23630213923253585,0.236301935553821,0.23630213921214138,True,0.174850300187245
1179,0,0.01,0.236301935553821,0.23630173293483508,0.2363019355335327,True,0.17498360015451908
1180,0,0.01,0.23630173293483508,0.2363015313680118,0.2363017329146522,True,0.17511730012483895
1181,0,0.01,0.2363015313680118,0.23630133084585736,0.23630153134793355,True,0.17525130021385849
1182,0,0.01,0.23630133084585736,0.2363011313609501,0.23630133082588303,True,0.17538450006395578
1183,0,0.01,0.2363011313609501,0.23630093290593945,0.23630113134107894,True,0.17551870015449822
1184,0,0.01,0.23630093290593945,0.23630073547354455,0.23630093288617074,True,0.17565230000764132
1185,0,0.01,0.23630073547354455,0.2363005390565543,0.23630073545387756,True,0.1757945001590997
1186,0,0.01,0.2363005390565543,0.2363003436478256,0.2363005390369883,True,0.17593240016140044
1187,0,0.01,0.2363003436478256,0.23630014924028347,0.2363003436283599,True,0.1760663001332432
1188,0,0.01,0.23630014924028347,0.23629995582691968,0.23630014922091738,True,0.1761996999848634
1189,0,0.01,0.23629995582691968,0.2362997634007917,0.23629995580765248,True,0.17633250006474555
1190,0,0.01,0.2362997634007917,0.23629957195502282,0.2362997633816227,True,0.1764655001461506
1191,0,0.01,0.23629957195502282,0.23629938148280044,0.23629957193595136,True,0.17659820010885596
1192,0,0.01,0.23629938148280044,0.23629919197737598,0.2362993814638258,True,0.1767320001963526
1193,0,0.01,0.23629919197737598,0.23629900343206367,0.23629919195849752,True,0.17686530016362667
1194,0,0.01,0.23629900343206367,0.23629881584023993,0.23629900341328072,True,0.17699830001220107
1195,0,0.01,0.23629881584023993,0.2362986291953431,0.23629881582155185,True,0.17720700008794665
1196,0,0.01,0.2362986291953431,0.2362984434908721,0.23629862917674924,True,0.17737370007671416
1197,0,0.01,0.2362984434908721,0.23629825872038576,0.23629844347237178,True,0.1775603999849409
1198,0,0.01,0.23629825872038576,0.23629807487750273,0.23629825870197838,True,0.17773850006051362
1199,0,0.01,0.23629807487750273,0.23629789195590006,0.2362980748591876,True,0.17789880000054836
1200,0,0.01,0.23629789195590006,0.2362977099493128,0.2362978919376766,True,0.17804060014896095
1201,0,0.01,0.2362977099493128,0.23629752885153374,0.23629770993118038,True,0.17817620001733303
1202,0,0.01,0.23629752885153374,0.236297348656412,0.23629752883349173,True,0.17831320012919605
1203,0,0.01,0.236297348656412,0.23629716935785283,0.2362973486384598,True,0.1784483001101762
1204,0,0.01,0.23629716935785283,0.2362969909498171,0.23629716933998984,True,0.17858350020833313
1205,0,0.01,0.2362969909498171,0.23629681342632017,0.2362969909320427,True,0.17871930007822812
1206,0,0.01,0.23629681342632017,0.23629663678143167,0.2362968134086338,True,0.17885500006377697
1207,0,0.01,0.23629663678143167,0.2362964610092747,0.23629663676383272,True,0.17898780014365911
1208,0,0.01,0.2362964610092747,0.23629628610402525,0.23629646099176257,True,0.17912150011397898
1209,0,0.01,0.23629628610402525,0.2362961120599118,0.2362962860865994,True,0.17925470019690692
1210,0,0.01,0.2362961120599118,0.23629593887121436,0.23629611204257162,True,0.179388000164181
1211,0,0.01,0.23629593887121436,0.23629576653226408,0.2362959388539593,True,0.17952130013145506
1212,0,0.01,0.23629576653226408,0.23629559503744257,0.23629576651509357,True,0.17965500010177493
1213,0,0.01,0.23629559503744257,0.23629542438118178,0.23629559502035605,True,0.17979700001887977
1214,0,0.01,0.23629542438118178,0.2362952545579627,0.23629542436417872,True,0.1799367000348866
1215,0,0.01,0.2362952545579627,0.2362950855623152,0.2362952545410425,True,0.18007040000520647
1216,0,0.01,0.2362950855623152,0.2362949173888178,0.23629508554547737,True,0.1802066001109779
1217,0,0.01,0.2362949173888178,0.23629475003209638,0.2362949173720618,True,0.18034120020456612
1218,0,0.01,0.23629475003209638,0.2362945834868243,0.23629475001542163,True,0.1804766000714153
1219,0,0.01,0.2362945834868243,0.23629441774772153,0.2362945834702303,True,0.18061030004173517
1220,0,0.01,0.23629441774772153,0.23629425280955413,0.23629441773120777,True,0.18074400001205504
1221,0,0.01,0.23629425280955413,0.23629408866713394,0.23629425279312005,True,0.18087760009802878
1222,0,0.01,0.23629408866713394,0.23629392531531815,0.23629408865077905,True,0.18101050006225705
1223,0,0.01,0.23629392531531815,0.2362937627490084,0.23629392529904195,True,0.1811439001467079
1224,0,0.01,0.2362937627490084,0.23629360096315039,0.23629376273281036,True,0.18127790000289679
1225,0,0.01,0.23629360096315039,0.23629343995273375,0.23629360094703003,True,0.18141130008734763
1226,0,0.01,0.23629343995273375,0.23629327971279104,0.23629343993669055,True,0.1815444000530988
1227,0,0.01,0.23629327971279104,0.236293120238398,0.23629327969682454,True,0.18168070004321635
1228,0,0.01,0.236293120238398,0.2362929615246721,0.23629312022250767,True,0.18182360008358955
1229,0,0.01,0.2362929615246721,0.23629280356677307,0.23629296150885748,True,0.1819605000782758
1230,0,0.01,0.23629280356677307,0.2362926463599016,0.23629280355103366,True,0.18209530017338693
1231,0,0.01,0.2362926463599016,0.23629248989929952,0.23629264634423694,True,0.18222970003262162
1232,0,0.01,0.23629248989929952,0.23629233418024898,0.23629248988370913,True,0.18236410012468696
1233,0,0.01,0.23629233418024898,0.2362921791980723,0.2362923341647324,True,0.18249740009196103
1234,0,0.01,0.2362921791980723,0.23629202494813112,0.23629217918262907,True,0.1826311000622809
1235,0,0.01,0.23629202494813112,0.2362918714258265,0.23629202493276075,True,0.18279420002363622
1236,0,0.01,0.2362918714258265,0.2362917186265981,0.23629187141052857,True,0.1829450000077486
1237,0,0.01,0.2362917186265981,0.2362915665459237,0.2362917186113721,True,0.18312060018070042
1238,0,0.01,0.2362915665459237,0.23629141517931945,0.23629156653076924,True,0.18325830018147826
1239,0,0.01,0.23629141517931945,0.2362912645223385,0.23629141516423607,True,0.18339350004680455
1240,0,0.01,0.2362912645223385,0.23629111457057145,0.23629126450732577,True,0.18353690020740032
1241,0,0.01,0.23629111457057145,0.2362909653196453,0.2362911145556289,True,0.1836761999875307
1242,0,0.01,0.2362909653196453,0.23629081676522368,0.2362909653047725,True,0.18381120008416474
1243,0,0.01,0.23629081676522368,0.2362906689030059,0.2362908167504202,True,0.18394560017623007
1244,0,0.01,0.2362906689030059,0.23629052172872672,0.23629066888827133,True,0.18410940002650023
1245,0,0.01,0.23629052172872672,0.23629037523815655,0.23629052171406062,True,0.18424660013988614
1246,0,0.01,0.23629037523815655,0.2362902294270999,0.2362903752235585,True,0.1843801001086831
1247,0,0.01,0.2362902294270999,0.2362900842913964,0.2362902294125695,True,0.18451420008204877
1248,0,0.01,0.2362900842913964,0.2362899398269192,0.2362900842769332,True,0.1846492001786828
1249,0,0.01,0.2362899398269192,0.23628979602957542,0.23628993981252283,True,0.1847828000318259
1250,0,0.01,0.23628979602957542,0.23628965289530549,0.23628979601524547,True,0.18491670000366867
1251,0,0.01,0.23628965289530549,0.2362895104200828,0.23628965288104153,True,0.1850486001931131
1252,0,0.01,0.2362895104200828,0.23628936859991345,0.23628951040588447,True,0.18518150015734136
1253,0,0.01,0.23628936859991345,0.2362892274308359,0.2362893685857803,True,0.1854469000827521
1254,0,0.01,0.2362892274308359,0.23628908690892056,0.23628922741676758,True,0.18565030000172555
1255,0,0.01,0.23628908690892056,0.23628894703026931,0.23628908689491665,True,0.18579160002991557
1256,0,0.01,0.23628894703026931,0.23628880779101563,0.23628894701632946,True,0.18607450020499527
1257,0,0.01,0.23628880779101563,0.23628866918732394,0.23628880777713943,True,0.18675950006581843
1258,0,0.01,0.23628866918732394,0.23628853121538923,0.236288669173511,True,0.1869131000712514
1259,0,0.01,0.23628853121538923,0.236288393871437,0.23628853120163917,True,0.1870546001009643
1260,0,0.01,0.236288393871437,0.23628825715172255,0.23628839385774947,True,0.18719010008499026
1261,0,0.01,0.23628825715172255,0.2362881210525314,0.23628825713809717,True,0.18732440005987883
1262,0,0.01,0.2362881210525314,0.236287985570178,0.2362881210389678,True,0.1874579000286758
1263,0,0.01,0.236287985570178,0.23628785070100614,0.2362879855566758,True,0.18759240000508726
1264,0,0.01,0.23628785070100614,0.23628771644138874,0.23628785068756497,True,0.1877266000956297
1265,0,0.01,0.23628771644138874,0.2362875827877269,0.23628771642800828,True,0.18786080018617213
1266,0,0.01,0.2362875827877269,0.23628744973645002,0.23628758277440676,True,0.1879962000530213
1267,0,0.01,0.23628744973645002,0.23628731728401572,0.23628744972318985,True,0.18813000014051795
1268,0,0.01,0.23628731728401572,0.23628718542690916,0.23628731727081517,True,0.18826250010170043
1269,0,0.01,0.23628718542690916,0.23628705416164283,0.2362871854137679,True,0.18840750004164875
1270,0,0.01,0.23628705416164283,0.23628692348475655,0.23628705414856047,True,0.18854770017787814
1271,0,0.01,0.23628692348475655,0.236286793392817,0.23628692347173277,True,0.18868250004015863
1272,0,0.01,0.236286793392817,0.23628666388241726,0.23628679337985145,True,0.18881630012765527
1273,0,0.01,0.23628666388241726,0.23628653495017704,0.2362866638695096,True,0.18895000009797513
1274,0,0.01,0.23628653495017704,0.23628640659274192,0.23628653493732696,True,0.18908400018699467
1275,0,0.01,0.23628640659274192,0.23628627880678332,0.23628640657994907,True,0.18921840004622936
1276,0,0.01,0.23628627880678332,0.2362861515889984,0.23628627879404737,True,0.18935190001502633
1277,0,0.01,0.2362861515889984,0.23628602493610926,0.23628615157631905,True,0.18948590010404587
1278,0,0.01,0.23628602493610926,0.2362858988448635,0.23628602492348613,True,0.1896197001915425
1279,0,0.01,0.2362858988448635,0.23628577331203326,0.2362858988322963,True,0.1897539000492543
1280,0,0.01,0.23628577331203326,0.23628564833441518,0.23628577329952166,True,0.18988890014588833
1281,0,0.01,0.23628564833441518,0.23628552390883054,0.23628564832195886,True,0.19002149999141693
1282,0,0.01,0.23628552390883054,0.2362854000321245,0.23628552389642918,True,0.19015640020370483
1283,0,0.01,0.2362854000321245,0.23628527670116597,0.2362854000197778,True,0.1902909001801163
1284,0,0.01,0.23628527670116597,0.23628515391284785,0.2362852766888736,True,0.19043430010788143
1285,0,0.01,0.23628515391284785,0.23628503166408588,0.23628515390060953,True,0.1905720999930054
1286,0,0.01,0.23628503166408588,0.2362849099518195,0.23628503165190126,True,0.19070650008507073
1287,0,0.01,0.2362849099518195,0.23628478877301082,0.23628490993968831,True,0.19084210018627346
1288,0,0.01,0.23628478877301082,0.23628466812464471,0.23628478876093276,True,0.19097570003941655
1289,0,0.01,0.23628466812464471,0.2362845480037286,0.23628466811261947,True,0.1911091001238674
1290,0,0.01,0.2362845480037286,0.2362844284072919,0.23628454799175588,True,0.19124200008809566
1291,0,0.01,0.2362844284072919,0.23628430933238678,0.23628442839537142,True,0.1913780001923442
1292,0,0.01,0.23628430933238678,0.23628419077608645,0.23628430932051822,True,0.19151170016266406
1293,0,0.01,0.23628419077608645,0.23628407273548624,0.23628419076426954,True,0.19164530001580715
1294,0,0.01,0.23628407273548624,0.2362839552077029,0.23628407272372068,True,0.19177899998612702
1295,0,0.01,0.2362839552077029,0.23628383818987425,0.2362839551959884,True,0.19191270018927753
1296,0,0.01,0.23628383818987425,0.23628372167915923,0.23628383817821053,True,0.1920456001535058
1297,0,0.01,0.23628372167915923,0.23628360567273776,0.23628372166754602,True,0.1921786000020802
1298,0,0.01,0.23628360567273776,0.23628349016781008,0.23628360566117476,True,0.19231320009566844
1299,0,0.01,0.23628349016781008,0.2362833751615971,0.23628349015629702,True,0.19245640002191067
1300,0,0.01,0.2362833751615971,0.23628326065134003,0.2362833751501337,True,0.19260100019164383
1301,0,0.01,0.23628326065134003,0.2362831466342999,0.23628326063992602,True,0.19279470015317202
1302,0,0.01,0.2362831466342999,0.2362830331077579,0.236283146622935,True,0.1929317000322044
1303,0,0.01,0.2362830331077579,0.23628292006901463,0.23628303309644186,True,0.19306610012426972
1304,0,0.01,0.23628292006901463,0.23628280751539044,0.23628292005774718,True,0.1931998000945896
1305,0,0.01,0.23628280751539044,0.2362826954442247,0.2362828075041713,True,0.19333430007100105
1306,0,0.01,0.2362826954442247,0.23628258385287623,0.2362826954330536,True,0.1934679001569748
1307,0,0.01,0.23628258385287623,0.2362824727387228,0.2362825838417529,True,0.19360200013034046
1308,0,0.01,0.2362824727387228,0.23628236209916062,0.23628247272764702,True,0.19373510009609163
1309,0,0.01,0.23628236209916062,0.23628225193160474,0.2362823620881321,True,0.19410130009055138
1310,0,0.01,0.23628225193160474,0.23628214223348892,0.23628225192062322,True,0.1942432001233101
1311,0,0.01,0.23628214223348892,0.23628203300226464,0.23628214222255417,True,0.19437970011495054
1312,0,0.01,0.23628203300226464,0.23628192423540195,0.23628203299137637,True,0.19453850015997887
1313,0,0.01,0.23628192423540195,0.2362818159303887,0.23628192422455993,True,0.19467430002987385
1314,0,0.01,0.2362818159303887,0.2362817080847301,0.23628181591959266,True,0.19481090013869107
1315,0,0.01,0.2362817080847301,0.23628160069594975,0.23628170807397983,True,0.19494440010748804
1316,0,0.01,0.23628160069594975,0.23628149376158813,0.23628160068524498,True,0.1950793000869453
1317,0,0.01,0.23628149376158813,0.23628138727920303,0.23628149375092863,True,0.19521290017291903
1318,0,0.01,0.23628138727920303,0.23628128124636977,0.23628138726858855,True,0.1953462001401931
1319,0,0.01,0.23628128124636977,0.23628117566068024,0.23628128123580006,True,0.19548010011203587
1320,0,0.01,0.23628117566068024,0.23628107051974334,0.23628117565015505,True,0.19561260007321835
1321,0,0.01,0.23628107051974334,0.23628096582118463,0.23628107050926245,True,0.19574570003896952
1322,0,0.01,0.23628096582118463,0.23628086156264616,0.2362809658107478,True,0.195878200000152
1323,0,0.01,0.23628086156264616,0.2362807577417863,0.23628086155225317,True,0.1960133002139628
1324,0,0.01,0.2362807577417863,0.23628065435627982,0.2362807577314369,True,0.19614660018123686
1325,0,0.01,0.23628065435627982,0.23628055140381746,0.23628065434597378,True,0.19627990014851093
1326,0,0.01,0.23628055140381746,0.23628044888210586,0.23628055139355456,True,0.19642380019649863
1327,0,0.01,0.23628044888210586,0.2362803467888676,0.23628044887188585,True,0.19656270020641387
1328,0,0.01,0.2362803467888676,0.2362802451218407,0.23628034677869028,True,0.19669700018130243
1329,0,0.01,0.2362802451218407,0.23628014387877896,0.23628024511170584,True,0.19683020003139973
1330,0,0.01,0.23628014387877896,0.23628004305745134,0.23628014386868632,True,0.19696570001542568
1331,0,0.01,0.23628004305745134,0.23627994265564214,0.2362800430474007,True,0.1970988002140075
1332,0,0.01,0.23627994265564214,0.23627984267115085,0.2362799426456333,True,0.1972326000686735
1333,0,0.01,0.23627984267115085,0.23627974310179173,0.23627984266118357,True,0.19736680015921593
1334,0,0.01,0.23627974310179173,0.23627964394539408,0.23627974309186578,True,0.19749960000626743
1335,0,0.01,0.23627964394539408,0.2362795451998019,0.23627964393550926,True,0.19763340009376407
1336,0,0.01,0.2362795451998019,0.23627944686287355,0.23627954518995803,True,0.1977676001843065
1337,0,0.01,0.23627944686287355,0.23627934893248223,0.23627944685307037,True,0.1979008000344038
1338,0,0.01,0.23627934893248223,0.23627925140651523,0.23627934892271954,True,0.19803410000167787
1339,0,0.01,0.23627925140651523,0.23627915428287388,0.23627925139679284,True,0.1981679000891745
1340,0,0.01,0.23627915428287388,0.23627905755947404,0.23627915427319157,True,0.19830200006254017
1341,0,0.01,0.23627905755947404,0.23627896123424524,0.23627905754983158,True,0.1984453999903053
1342,0,0.01,0.23627896123424524,0.2362788653051309,0.23627896122464245,True,0.19858389999717474
1343,0,0.01,0.2362788653051309,0.23627876977008816,0.23627886529556758,True,0.19871920021250844
1344,0,0.01,0.23627876977008816,0.23627867462708776,0.23627876976056408,True,0.19885400007478893
1345,0,0.01,0.23627867462708776,0.23627857987411416,0.23627867461760274,True,0.19898700015619397
1346,0,0.01,0.23627857987411416,0.23627848550916475,0.236278579864668,True,0.19912190013565123
1347,0,0.01,0.23627848550916475,0.23627839153025043,0.23627848549975722,True,0.1992554001044482
1348,0,0.01,0.23627839153025043,0.2362782979353954,0.23627839152088137,True,0.19938920019194484
1349,0,0.01,0.2362782979353954,0.23627820472263666,0.23627829792606458,True,0.19952160003595054
1350,0,0.01,0.23627820472263666,0.2362781118900243,0.23627820471334393,True,0.1996544001158327
1351,0,0.01,0.2362781118900243,0.23627801943562096,0.23627811188076941,True,0.19978760019876063
1352,0,0.01,0.23627801943562096,0.2362779273575023,0.23627801942640378,True,0.1999209001660347
1353,0,0.01,0.2362779273575023,0.23627783565375632,0.2362779273483226,True,0.20005400013178587
1354,0,0.01,0.23627783565375632,0.23627774432248386,0.2362778356446139,True,0.20018750010058284
1355,0,0.01,0.23627774432248386,0.23627765336179773,0.23627774431337856,True,0.2003275000024587
1356,0,0.01,0.23627765336179773,0.23627756276982326,0.23627765335272935,True,0.20046970015391707
1357,0,0.01,0.23627756276982326,0.23627747254469791,0.2362775627607916,True,0.20060570002533495
1358,0,0.01,0.23627747254469791,0.23627738268457132,0.2362774725357028,True,0.20074020000174642
1359,0,0.01,0.23627738268457132,0.2362772931876049,0.23627738267561257,True,0.20087510021403432
1360,0,0.01,0.2362772931876049,0.23627720405197225,0.23627729317868232,True,0.2010082001797855
1361,0,0.01,0.23627720405197225,0.23627711527585832,0.23627720404308566,True,0.20114420005120337
1362,0,0.01,0.23627711527585832,0.2362770268574601,0.23627711526700756,True,0.20127890002913773
1363,0,0.01,0.2362770268574601,0.23627693879498612,0.236277026848645,True,0.2014132000040263
1364,0,0.01,0.23627693879498612,0.23627685108665614,0.23627693878620645,True,0.2015479002147913
1365,0,0.01,0.23627685108665614,0.23627676373070167,0.23627685107791174,True,0.20168260019272566
1366,0,0.01,0.23627676373070167,0.2362766767253654,0.23627676372199238,True,0.20181640004739165
1367,0,0.01,0.2362766767253654,0.23627659006890095,0.23627667671669106,True,0.20194950001314282
1368,0,0.01,0.23627659006890095,0.23627650375957354,0.23627659006026136,True,0.20208300021477044
1369,0,0.01,0.23627650375957354,0.23627641779565908,0.23627650375096854,True,0.20228120009414852
1370,0,0.01,0.23627641779565908,0.23627633217544447,0.2362764177870885,True,0.20245430013164878
1371,0,0.01,0.23627633217544447,0.2362762468972276,0.23627633216690813,True,0.2025936001446098
1372,0,0.01,0.2362762468972276,0.23627616195931686,0.2362762468887253,True,0.20272910012863576
1373,0,0.01,0.23627616195931686,0.2362760773600317,0.2362761619508485,True,0.20286300010047853
1374,0,0.01,0.2362760773600317,0.23627599309770175,0.23627607735159706,True,0.2029965000692755
1375,0,0.01,0.23627599309770175,0.23627590917066726,0.2362759930893007,True,0.20312970015220344
1376,0,0.01,0.23627590917066726,0.23627582557727916,0.2362759091622996,True,0.20326330000534654
1377,0,0.01,0.23627582557727916,0.23627574231589835,0.23627582556894475,True,0.20339700020849705
1378,0,0.01,0.23627574231589835,0.2362756593848963,0.23627574230759701,True,0.2035315001849085
1379,0,0.01,0.2362756593848963,0.23627557678265418,0.2362756593766279,True,0.20366500015370548
1380,0,0.01,0.23627557678265418,0.2362754945075639,0.23627557677441852,True,0.20379860000684857
1381,0,0.01,0.2362754945075639,0.23627541255802678,0.23627549449936083,True,0.203932800097391
1382,0,0.01,0.23627541255802678,0.23627533093245442,0.23627541254985615,True,0.20406510005705059
1383,0,0.01,0.23627533093245442,0.23627524962926816,0.23627533092431607,True,0.20419800002127886
1384,0,0.01,0.23627524962926816,0.236275168646899,0.23627524962116192,True,0.2043306000996381
1385,0,0.01,0.236275168646899,0.23627508798378782,0.23627516863882472,True,0.2044739001430571
1386,0,0.01,0.23627508798378782,0.2362750076383851,0.23627508797574537,True,0.20461280015297234
1387,0,0.01,0.2362750076383851,0.23627492760915064,0.2362750076303743,True,0.2047479001339525
1388,0,0.01,0.23627492760915064,0.23627484789455389,0.23627492760117133,True,0.20488460012711585
1389,0,0.01,0.23627484789455389,0.23627476849307377,0.23627484788660594,True,0.2050189001020044
1390,0,0.01,0.23627476849307377,0.23627468940319823,0.23627476848515702,True,0.20515290019102395
1391,0,0.01,0.23627468940319823,0.2362746106234248,0.23627468939531251,True,0.20528710004873574
1392,0,0.01,0.2362746106234248,0.23627453215225994,0.23627461061557,True,0.20542110013775527
1393,0,0.01,0.23627453215225994,0.23627445398821928,0.23627453214443586,True,0.20555460010655224
1394,0,0.01,0.23627445398821928,0.23627437612982738,0.23627445398042582,True,0.2056881000753492
1395,0,0.01,0.23627437612982738,0.23627429857561805,0.23627437612206437,True,0.20582080003805459
1396,0,0.01,0.23627429857561805,0.23627422132413373,0.23627429856788534,True,0.20595460012555122
1397,0,0.01,0.23627422132413373,0.23627414437392563,0.2362742213164312,True,0.2060887000989169
1398,0,0.01,0.23627414437392563,0.23627406772355408,0.23627414436625313,True,0.20623320015147328
1399,0,0.01,0.23627406772355408,0.2362739913715875,0.23627406771591145,True,0.20637010014615953
1400,0,0.01,0.2362739913715875,0.23627391531660352,0.2362739913639746,True,0.20650900015607476
1401,0,0.01,0.23627391531660352,0.23627383955718811,0.2362739153090202,True,0.20664270012639463
1402,0,0.01,0.23627383955718811,0.23627376409193554,0.23627383954963424,True,0.20677550020627677
1403,0,0.01,0.23627376409193554,0.2362736889194487,0.236273764084411,True,0.20690880017355084
1404,0,0.01,0.2362736889194487,0.2362736140383389,0.23627368891195333,True,0.20705480012111366
1405,0,0.01,0.2362736140383389,0.23627353944722548,0.23627361403087258,True,0.2072118001524359
1406,0,0.01,0.23627353944722548,0.23627346514473616,0.23627353943978804,True,0.20734630012884736
1407,0,0.01,0.23627346514473616,0.23627339112950696,0.23627346513732747,True,0.20748120010830462
1408,0,0.01,0.23627339112950696,0.23627331740018187,0.2362733911221269,True,0.20761550008319318
1409,0,0.01,0.23627331740018187,0.23627324395541283,0.2362733173928303,True,0.20774940005503595
1410,0,0.01,0.23627324395541283,0.23627317079385993,0.2362732439480896,True,0.20788400014862418
1411,0,0.01,0.23627317079385993,0.23627309791419104,0.23627317078656493,True,0.20801840000785887
1412,0,0.01,0.23627309791419104,0.23627302531508193,0.23627309790692413,True,0.2081513002049178
1413,0,0.01,0.23627302531508193,0.23627295299521656,0.23627302530784297,True,0.2082973001524806
1414,0,0.01,0.23627295299521656,0.236272880953286,0.23627295298800544,True,0.2084321000147611
1415,0,0.01,0.236272880953286,0.23627280918798926,0.23627288094610258,True,0.20856610010378063
1416,0,0.01,0.23627280918798926,0.23627273769803325,0.2362728091808334,True,0.2087000000756234
1417,0,0.01,0.23627273769803325,0.23627266648213213,0.23627273769090482,True,0.20883370004594326
1418,0,0.01,0.23627266648213213,0.2362725955390076,0.236272666475031,True,0.20896780001930892
1419,0,0.01,0.2362725955390076,0.23627252486738898,0.23627259553193367,True,0.20910100010223687
1420,0,0.01,0.23627252486738898,0.236272454466013,0.2362725248603421,True,0.209233800182119
1421,0,0.01,0.236272454466013,0.23627238433362355,0.23627245445899306,True,0.2093688000459224
1422,0,0.01,0.23627238433362355,0.23627231446897193,0.2362723843266304,True,0.20950360014103353
1423,0,0.01,0.23627231446897193,0.23627224487081672,0.23627231446200547,True,0.2096375001128763
1424,0,0.01,0.23627224487081672,0.2362721755379237,0.23627224486387682,True,0.20977170020341873
1425,0,0.01,0.2362721755379237,0.23627210646906566,0.23627217553101024,True,0.20990470005199313
1426,0,0.01,0.23627210646906566,0.23627203766302268,0.2362721064621785,True,0.21005040011368692
1427,0,0.01,0.23627203766302268,0.23627196911858162,0.23627203765616173,True,0.21018440020270646
1428,0,0.01,0.23627196911858162,0.23627190083453659,0.23627196911174672,True,0.21031850017607212
1429,0,0.01,0.23627190083453659,0.23627183280968833,0.23627190082772764,True,0.21059420006349683
1430,0,0.01,0.23627183280968833,0.23627176504284486,0.2362718328029052,True,0.21074830018915236
1431,0,0.01,0.23627176504284486,0.23627169753282065,0.23627176503608746,True,0.21088840020820498
1432,0,0.01,0.23627169753282065,0.23627163027843714,0.23627169752608884,True,0.21119220019318163
1433,0,0.01,0.23627163027843714,0.23627156327852256,0.23627163027173081,True,0.21134000015445054
1434,0,0.01,0.23627156327852256,0.23627149653191148,0.23627156327184157,True,0.21148090017959476
1435,0,0.01,0.23627149653191148,0.23627143003744577,0.23627149652525575,True,0.21161650004796684
1436,0,0.01,0.23627143003744577,0.23627136379397318,0.23627143003081516,True,0.21175070013850927
1437,0,0.01,0.23627136379397318,0.23627129780034842,0.23627136378736757,True,0.21188320009969175
1438,0,0.01,0.23627129780034842,0.23627123205543243,0.2362712977937677,True,0.2120162001810968
1439,0,0.01,0.23627123205543243,0.23627116655809294,0.2362712320488765,True,0.21215150016359985
1440,0,0.01,0.23627116655809294,0.23627110130720386,0.2362711665515617,True,0.2122967999894172
1441,0,0.01,0.23627110130720386,0.23627103630164548,0.23627110130069717,True,0.21243180008605123
1442,0,0.01,0.23627103630164548,0.23627097154030421,0.23627103629516324,True,0.21256580017507076
1443,0,0.01,0.23627097154030421,0.2362709070220732,0.23627097153384632,True,0.21269980003125966
1444,0,0.01,0.2362709070220732,0.23627084274585144,0.23627090701563955,True,0.21283430000767112
1445,0,0.01,0.23627084274585144,0.23627077871054425,0.2362708427394419,True,0.2129822000861168
1446,0,0.01,0.23627077871054425,0.2362707149150629,0.23627077870415872,True,0.21311660017818213
1447,0,0.01,0.2362707149150629,0.23627065135832498,0.23627071490870127,True,0.2132501001469791
1448,0,0.01,0.23627065135832498,0.2362705880392541,0.23627065135198713,True,0.2133834999985993
1449,0,0.01,0.2362705880392541,0.2362705249567797,0.23627058803293996,True,0.21351710008457303
1450,0,0.01,0.2362705249567797,0.23627046210983746,0.2362705249504891,True,0.2136514000594616
1451,0,0.01,0.23627046210983746,0.23627039949736864,0.23627046210357036,True,0.21378590003587306
1452,0,0.01,0.23627039949736864,0.23627033711832063,0.2362703994911249,True,0.21391980000771582
1453,0,0.01,0.23627033711832063,0.23627027497164665,0.23627033711210016,True,0.21405330020934343
1454,0,0.01,0.23627027497164665,0.23627021305630552,0.23627027496544936,True,0.2141862001735717
1455,0,0.01,0.23627021305630552,0.23627015137126217,0.23627021305013127,True,0.21431990014389157
1456,0,0.01,0.23627015137126217,0.23627008991548684,0.23627015136511087,True,0.21445430000312626
1457,0,0.01,0.23627008991548684,0.23627002868795569,0.23627008990935838,True,0.21458860021084547
1458,0,0.01,0.23627002868795569,0.23626996768765052,0.23627002868185,True,0.21472370019182563
1459,0,0.01,0.23626996768765052,0.23626990691355865,0.23626996768156747,True,0.214856400154531
1460,0,0.01,0.23626990691355865,0.2362698463646731,0.23626990690749813,True,0.21500160009600222
1461,0,0.01,0.2362698463646731,0.23626978603999213,0.23626984635863504,True,0.21513860020786524
1462,0,0.01,0.23626978603999213,0.23626972593851983,0.23626978603397641,True,0.2152721001766622
1463,0,0.01,0.23626972593851983,0.2362696660592654,0.23626972593252638,True,0.2154047000221908
1464,0,0.01,0.2362696660592654,0.23626960640124386,0.23626966605329405,True,0.21553810010664165
1465,0,0.01,0.23626960640124386,0.23626954696347513,0.2362696063952946,True,0.2156717001926154
1466,0,0.01,0.23626954696347513,0.23626948774498482,0.23626954695754782,True,0.2158049000427127
1467,0,0.01,0.23626948774498482,0.23626942874480378,0.23626948773907935,True,0.21593730011954904
1468,0,0.01,0.23626942874480378,0.23626936996196796,0.23626942873892007,True,0.2160714000929147
1469,0,0.01,0.23626936996196796,0.23626931139551874,0.23626936995610592,True,0.21620450005866587
1470,0,0.01,0.23626931139551874,0.23626925304450253,0.23626931138967827,True,0.21633750014007092
1471,0,0.01,0.23626925304450253,0.23626919490797102,0.2362692530386835,True,0.2164706999901682
1472,0,0.01,0.23626919490797102,0.2362691369849809,0.2362691949021734,True,0.21660410007461905
1473,0,0.01,0.2362691369849809,0.23626907927459417,0.23626913697920454,True,0.216737300157547
1474,0,0.01,0.23626907927459417,0.2362690217758776,0.23626907926883903,True,0.21687610005028546
1475,0,0.01,0.2362690217758776,0.2362689644879032,0.23626902177014356,True,0.21701660007238388
1476,0,0.01,0.2362689644879032,0.23626890740974785,0.23626896448219015,True,0.21720880013890564
1477,0,0.01,0.23626890740974785,0.23626885054049335,0.2362689074040557,True,0.21734770014882088
1478,0,0.01,0.23626885054049335,0.23626879387922667,0.23626885053482202,True,0.21748550003394485
1479,0,0.01,0.23626879387922667,0.23626873742503934,0.23626879387357608,True,0.21762130013667047
1480,0,0.01,0.23626873742503934,0.23626868117702793,0.2362687374194094,True,0.21775569999590516
1481,0,0.01,0.23626868117702793,0.23626862513429386,0.23626868117141853,True,0.21788960020057857
1482,0,0.01,0.23626862513429386,0.2362685692959431,0.23626862512870492,True,0.21802650019526482
1483,0,0.01,0.2362685692959431,0.23626851366108667,0.2362685692903745,True,0.21816220018081367
1484,0,0.01,0.23626851366108667,0.23626845822884035,0.2362685136555384,True,0.21829750016331673
1485,0,0.01,0.23626845822884035,0.2362684029983242,0.23626845822331227,True,0.2184312001336366
1486,0,0.01,0.2362684029983242,0.23626834796866328,0.2362684029928162,True,0.21856639999896288
1487,0,0.01,0.23626834796866328,0.23626829313898737,0.23626834796317533,True,0.21870329999364913
1488,0,0.01,0.23626829313898737,0.2362682385084306,0.23626829313351935,True,0.21903590019792318
1489,0,0.01,0.2362682385084306,0.2362681840761317,0.23626823850298243,True,0.2193057001568377
1490,0,0.01,0.2362681840761317,0.23626812984123413,0.2362681840707033,True,0.2194582000374794
1491,0,0.01,0.23626812984123413,0.23626807580288567,0.2362681298358254,True,0.2196076000109315
1492,0,0.01,0.23626807580288567,0.23626802196023866,0.23626807579749654,True,0.21975690010003746
1493,0,0.01,0.23626802196023866,0.23626796831244995,0.236268021954869,True,0.2199086002074182
1494,0,0.01,0.23626796831244995,0.2362679148586809,0.23626796830709973,True,0.2200568001717329
1495,0,0.01,0.2362679148586809,0.23626786159809682,0.23626791485335003,True,0.2202060001436621
1496,0,0.01,0.23626786159809682,0.23626780852986792,0.2362678615927852,True,0.22035369998775423
1497,0,0.01,0.23626780852986792,0.2362677556531685,0.23626780852457546,True,0.22049680002965033
1498,0,0.01,0.2362677556531685,0.23626770296717722,0.23626775564789512,True,0.22079380019567907
1499,0,0.01,0.23626770296717722,0.23626765047107687,0.23626770296192287,True,0.22095090011134744
1500,0,0.01,0.23626765047107687,0.23626759816405474,0.23626765046584144,True,0.22111140005290508
1501,0,0.01,0.23626759816405474,0.23626754604530223,0.23626759815883816,True,0.22125490009784698
1502,0,0.01,0.23626754604530223,0.23626749411401496,0.23626754604010441,True,0.22139429999515414
1503,0,0.01,0.23626749411401496,0.23626744236939276,0.23626749410883585,True,0.221539500169456
1504,0,0.01,0.23626744236939276,0.23626739081063947,0.23626744236423225,True,0.22167820017784834
1505,0,0.01,0.23626739081063947,0.23626733943696332,0.23626739080549747,True,0.22182040009647608
1506,0,0.01,0.23626733943696332,0.23626728824757612,0.23626733943183978,True,0.2219582002144307
1507,0,0.01,0.23626728824757612,0.2362672372416945,0.23626728824247095,True,0.22216850006952882
1508,0,0.01,0.2362672372416945,0.23626718641853844,0.2362672372366076,True,0.2223095002118498
1509,0,0.01,0.23626718641853844,0.2362671357773324,0.23626718641346978,True,0.22244890010915697
1510,0,0.01,0.2362671357773324,0.2362670853173045,0.2362671357722819,True,0.222588200122118
1511,0,0.01,0.2362670853173045,0.23626703503768703,0.23626708531227203,True,0.22272700001485646
1512,0,0.01,0.23626703503768703,0.23626698493771625,0.23626703503267255,True,0.22286620014347136
1513,0,0.01,0.23626698493771625,0.23626693501663215,0.2362669849327197,True,0.22301150020211935
1514,0,0.01,0.23626693501663215,0.2362668852736788,0.2362669350116534,True,0.22315790015272796
1515,0,0.01,0.2362668852736788,0.23626683570810397,0.23626688526871784,True,0.223297200165689
1516,0,0.01,0.23626683570810397,0.2362667863191595,0.23626683570316068,True,0.22343700006604195
1517,0,0.01,0.2362667863191595,0.2362667371061007,0.2362667863142338,True,0.22357580019161105
1518,0,0.01,0.2362667371061007,0.23626668806818707,0.23626673710119253,True,0.22371510020457208
1519,0,0.01,0.23626668806818707,0.2362666392046816,0.23626668806329637,True,0.22385350009426475
1520,0,0.01,0.2362666392046816,0.23626659051485108,0.23626663919980828,True,0.2239912000950426
1521,0,0.01,0.23626659051485108,0.23626654199796615,0.23626659050999507,True,0.22414120007306337
1522,0,0.01,0.23626654199796615,0.23626649365330102,0.23626654199312738,True,0.22428120020776987
1523,0,0.01,0.23626649365330102,0.2362664454801336,0.23626649364847943,True,0.2244199002161622
1524,0,0.01,0.2362664454801336,0.23626639747774547,0.2362664454753291,True,0.22456020000390708
1525,0,0.01,0.23626639747774547,0.2362663496454219,0.236266397472958,True,0.2246976001188159
1526,0,0.01,0.2362663496454219,0.2362663019824517,0.23626634964065138,True,0.22483270009979606
1527,0,0.01,0.2362663019824517,0.23626625448812721,0.23626630197769805,True,0.2249680000822991
1528,0,0.01,0.23626625448812721,0.23626620716174454,0.2362662544833904,True,0.22511090012267232
1529,0,0.01,0.23626620716174454,0.23626616000260295,0.23626620715702445,True,0.22524530021473765
1530,0,0.01,0.23626616000260295,0.2362661130100058,0.23626615999789954,True,0.22538070008158684
1531,0,0.01,0.2362661130100058,0.23626606618325938,0.236266113005319,True,0.22551510017365217
1532,0,0.01,0.23626606618325938,0.2362660195216738,0.23626606617858908,True,0.22564930003136396
1533,0,0.01,0.2362660195216738,0.2362659730245625,0.23626601951702,True,0.2257827001158148
1534,0,0.01,0.2362659730245625,0.23626592669124252,0.23626597301992508,True,0.22591650020331144
1535,0,0.01,0.23626592669124252,0.23626588052103395,0.23626592668662144,True,0.22605990013107657
1536,0,0.01,0.23626588052103395,0.23626583451326058,0.23626588051642913,True,0.22619620012119412
1537,0,0.01,0.23626583451326058,0.2362657886672496,0.23626583450867195,True,0.2263323999941349
1538,0,0.01,0.2362657886672496,0.23626574298233122,0.23626578866267708,True,0.226466900203377
1539,0,0.01,0.23626574298233122,0.23626569745783946,0.23626574297777478,True,0.2266009000595659
1540,0,0.01,0.23626569745783946,0.23626565209311134,0.236265697453299,True,0.22673480003140867
1541,0,0.01,0.23626565209311134,0.23626560688748705,0.23626565208858682,True,0.2268688001204282
1542,0,0.01,0.23626560688748705,0.23626556184031042,0.23626560688297837,True,0.22721410007216036
1543,0,0.01,0.23626556184031042,0.23626551695092807,0.23626556183581754,True,0.22740150010213256
1544,0,0.01,0.23626551695092807,0.23626547221869054,0.23626551694645093,True,0.2275421000085771
1545,0,0.01,0.23626547221869054,0.23626542764295078,0.23626547221422906,True,0.22768260003067553
1546,0,0.01,0.23626542764295078,0.2362653832230655,0.2362654276385049,True,0.22781990002840757
1547,0,0.01,0.2362653832230655,0.23626533895839436,0.23626538321863516,True,0.22795440000481904
1548,0,0.01,0.23626533895839436,0.2362652948483001,0.2362653389539795,True,0.2280900999903679
1549,0,0.01,0.2362652948483001,0.23626525089214892,0.23626529484390066,True,0.2282238001935184
1550,0,0.01,0.23626525089214892,0.23626520708930973,0.23626525088776482,True,0.2283574000466615
1551,0,0.01,0.23626520708930973,0.23626516343915488,0.2362652070849409,True,0.22849130001850426
1552,0,0.01,0.23626516343915488,0.23626511994105953,0.23626516343480128,True,0.22862439998425543
1553,0,0.01,0.23626511994105953,0.2362650765944021,0.23626511993672109,True,0.2287727000657469
1554,0,0.01,0.2362650765944021,0.2362650333985638,0.23626507659007875,True,0.2289113001897931
1555,0,0.01,0.2362650333985638,0.23626499035292914,0.2362650333942555,True,0.22904640017077327
1556,0,0.01,0.23626499035292914,0.23626494745688564,0.2362649903486358,True,0.22918240004219115
1557,0,0.01,0.23626494745688564,0.2362649047098236,0.23626494745260723,True,0.2293173000216484
1558,0,0.01,0.2362649047098236,0.23626486211113637,0.23626490470556002,True,0.22945210011675954
1559,0,0.01,0.23626486211113637,0.23626481966022028,0.2362648621068876,True,0.22958690021187067
1560,0,0.01,0.23626481966022028,0.23626477735647466,0.23626481965598622,True,0.22972170007415116
1561,0,0.01,0.23626477735647466,0.23626473519930163,0.2362647773522553,True,0.22985440003685653
1562,0,0.01,0.23626473519930163,0.23626469318810622,0.23626473519509686,True,0.22998700011521578
1563,0,0.01,0.23626469318810622,0.23626465132229638,0.23626469318391602,True,0.23011970007792115
1564,0,0.01,0.23626465132229638,0.23626460960128307,0.23626465131812066,True,0.23025320004671812
1565,0,0.01,0.23626460960128307,0.23626456802447982,0.23626460959712178,True,0.23038740013726056
1566,0,0.01,0.23626456802447982,0.23626452659130331,0.2362645680203329,True,0.2305200002156198
1567,0,0.01,0.23626452659130331,0.23626448530117272,0.23626452658717073,True,0.2306546000763774
1568,0,0.01,0.23626448530117272,0.2362644441535102,0.2362644852970544,True,0.23080010013654828
1569,0,0.01,0.2362644441535102,0.23626440314774075,0.2362644441494061,True,0.2309394001495093
1570,0,0.01,0.23626440314774075,0.23626436228329198,0.23626440314365077,True,0.23107370012439787
1571,0,0.01,0.23626436228329198,0.23626432155959426,0.2362643622792161,True,0.23120780009776354
1572,0,0.01,0.23626432155959426,0.23626428097608085,0.2362643215555324,True,0.2313429000787437
1573,0,0.01,0.23626428097608085,0.23626424053218753,0.23626428097203298,True,0.23147680005058646
1574,0,0.01,0.23626424053218753,0.23626420022735306,0.2362642405281536,True,0.23161090002395213
1575,0,0.01,0.23626420022735306,0.23626416006101864,0.23626420022333297,True,0.23174550011754036
1576,0,0.01,0.23626416006101864,0.2362641200326281,0.23626416005701237,True,0.2318787002004683
1577,0,0.01,0.2362641200326281,0.23626408014162825,0.23626412002863556,True,0.2320135000627488
1578,0,0.01,0.23626408014162825,0.23626404038746818,0.23626408013764943,True,0.23214740003459156
1579,0,0.01,0.23626404038746818,0.2362640007695999,0.236264040383503,True,0.2322812001220882
1580,0,0.01,0.2362640007695999,0.2362639612874778,0.23626400076564832,True,0.23241530009545386
1581,0,0.01,0.2362639612874778,0.2362639219405589,0.23626396128353971,True,0.23256140016019344
1582,0,0.01,0.2362639219405589,0.23626388272830295,0.2362639219366343,True,0.2326973001472652
1583,0,0.01,0.23626388272830295,0.23626384365017222,0.2362638827243918,True,0.23283260012976825
1584,0,0.01,0.23626384365017222,0.23626380470563144,0.23626384364627442,True,0.23297760006971657
1585,0,0.01,0.23626380470563144,0.23626376589414788,0.23626380470174696,True,0.2331189000979066
1586,0,0.01,0.23626376589414788,0.23626372721519145,0.23626376589027667,True,0.23325200006365776
1587,0,0.01,0.23626372721519145,0.2362636886682345,0.23626372721133346,True,0.23342550010420382
1588,0,0.01,0.2362636886682345,0.23626365025275187,0.23626368866438965,True,0.23356110020540655
1589,0,0.01,0.23626365025275187,0.23626361196822088,0.23626365024892015,True,0.23369380016811192
1590,0,0.01,0.23626361196822088,0.23626357381412125,0.2362636119644022,True,0.2338282000273466
1591,0,0.01,0.23626357381412125,0.23626353578993528,0.2362635738103156,True,0.23396220011636615
1592,0,0.01,0.23626353578993528,0.23626349789514764,0.23626353578614256,True,0.23409640020690858
1593,0,0.01,0.23626349789514764,0.23626346012924546,0.23626349789136783,True,0.23422930017113686
1594,0,0.01,0.23626346012924546,0.23626342249171822,0.2362634601254785,True,0.23436190001666546
1595,0,0.01,0.23626342249171822,0.23626338498205776,0.23626342248796406,True,0.23450400005094707
1596,0,0.01,0.23626338498205776,0.23626334759975853,0.23626338497831637,True,0.23464110004715621
1597,0,0.01,0.23626334759975853,0.23626331034431708,0.23626334759602982,True,0.23477640002965927
1598,0,0.01,0.23626331034431708,0.2362632732152324,0.23626331034060102,True,0.2349102001171559
1599,0,0.01,0.2362632732152324,0.23626323621200598,0.23626327321152896,True,0.23504470009356737
1600,0,0.01,0.23626323621200598,0.23626319933414142,0.23626323620831507,True,0.2351830000989139
1601,0,0.01,0.23626319933414142,0.23626316258114471,0.236263199330463,True,0.23531790007837117
1602,0,0.01,0.23626316258114471,0.23626312595252413,0.23626316257747876,True,0.23560080002062023
1603,0,0.01,0.23626312595252413,0.2362630894477903,0.23626312594887056,True,0.2357625002041459
1604,0,0.01,0.2362630894477903,0.2362630530664562,0.2362630894441491,True,0.2359105001669377
1605,0,0.01,0.2362630530664562,0.23626301680803694,0.2362630530628273,True,0.23605070007033646
1606,0,0.01,0.23626301680803694,0.2362629806720498,0.23626301680442027,True,0.2361902000848204
1607,0,0.01,0.2362629806720498,0.23626294465801448,0.23626298066844534,True,0.23632480017840862
1608,0,0.01,0.23626294465801448,0.23626290876545286,0.23626294465442219,True,0.23645910015329719
1609,0,0.01,0.23626290876545286,0.236262872993889,0.2362629087618727,True,0.23659400013275445
1610,0,0.01,0.236262872993889,0.23626283734284914,0.2362628729903209,True,0.23673350014723837
1611,0,0.01,0.23626283734284914,0.23626280181186193,0.23626283733929304,True,0.23686830000951886
1612,0,0.01,0.23626280181186193,0.23626276640045785,0.2362628018083178,True,0.23700180021114647
1613,0,0.01,0.23626276640045785,0.23626273110816962,0.23626276639692564,True,0.2372135000769049
1614,0,0.01,0.23626273110816962,0.23626269593453247,0.2362627311046493,True,0.23737180000171065
1615,0,0.01,0.23626269593453247,0.2362626608790834,0.23626269593102397,True,0.2375095000024885
1616,0,0.01,0.2362626608790834,0.23626262594136155,0.2362626608755867,True,0.23764479998499155
1617,0,0.01,0.23626262594136155,0.2362625911209083,0.23626262593787659,True,0.23778120009228587
1618,0,0.01,0.2362625911209083,0.2362625564172674,0.23626259111743503,True,0.23791610007174313
1619,0,0.01,0.2362625564172674,0.23626252182998403,0.23626255641380578,True,0.2380512000527233
1620,0,0.01,0.23626252182998403,0.23626248735860597,0.236262521826534,True,0.23818560014478862
1621,0,0.01,0.23626248735860597,0.23626245300268311,0.2362624873551675,True,0.23831939999945462
1622,0,0.01,0.23626245300268311,0.236262418761767,0.23626245299925616,True,0.23845400009304285
1623,0,0.01,0.236262418761767,0.23626238463541166,0.23626241875835152,True,0.23858730006031692
1624,0,0.01,0.23626238463541166,0.23626235062317286,0.23626238463200758,True,0.2387202000245452
1625,0,0.01,0.23626235062317286,0.23626231672460846,0.23626235061978015,True,0.23885389999486506
1626,0,0.01,0.23626231672460846,0.23626228293927845,0.2362623167212271,True,0.239000900182873
1627,0,0.01,0.23626228293927845,0.23626224926674483,0.2362622829359084,True,0.23913640016689897
1628,0,0.01,0.23626224926674483,0.23626221570657133,0.23626224926338601,True,0.23927030013874173
1629,0,0.01,0.23626221570657133,0.2362621822583239,0.2362622157032237,True,0.23940469999797642
1630,0,0.01,0.2362621822583239,0.2362621489215705,0.23626218225498744,True,0.23953900020569563
1631,0,0.01,0.2362621489215705,0.23626211569588096,0.23626214891824515,True,0.23967470019124448
1632,0,0.01,0.23626211569588096,0.236262082580827,0.2362621156925667,True,0.23980820016004145
1633,0,0.01,0.236262082580827,0.2362620495759824,0.23626208257752376,True,0.23994300002232194
1634,0,0.01,0.2362620495759824,0.23626201668092267,0.23626204957269015,True,0.24007640010677278
1635,0,0.01,0.23626201668092267,0.23626198389522568,0.23626201667764138,True,0.24021000019274652
1636,0,0.01,0.23626198389522568,0.2362619512184707,0.2362619838919553,True,0.24034390016458929
1637,0,0.01,0.2362619512184707,0.23626191865023924,0.23626195121521118,True,0.24047780013643205
1638,0,0.01,0.23626191865023924,0.2362618861901145,0.23626191864699053,True,0.24061190010979772
1639,0,0.01,0.2362618861901145,0.2362618538376816,0.23626188618687657,True,0.24074470018967986
1640,0,0.01,0.2362618538376816,0.2362618215925277,0.23626185383445442,True,0.24087810004130006
1641,0,0.01,0.2362618215925277,0.23626178945424153,0.23626182158931122,True,0.24102310021407902
1642,0,0.01,0.23626178945424153,0.236261757422414,0.23626178945103568,True,0.2411587000824511
1643,0,0.01,0.236261757422414,0.23626172549663765,0.2362617574192188,True,0.24129320005886257
1644,0,0.01,0.23626172549663765,0.2362616936765068,0.236261725493453,True,0.24142830003984272
1645,0,0.01,0.2362616936765068,0.2362616619616177,0.23626169367333266,True,0.2415618000086397
1646,0,0.01,0.2362616619616177,0.23626163035156839,0.2362616619584541,True,0.2416953002102673
1647,0,0.01,0.23626163035156839,0.23626159884595868,0.2362616303484152,True,0.24182880017906427
1648,0,0.01,0.23626159884595868,0.23626156744439034,0.23626159884281592,True,0.24196230014786124
1649,0,0.01,0.23626156744439034,0.23626153614646664,0.23626156744125795,True,0.2420964001212269
1650,0,0.01,0.23626153614646664,0.2362615049517928,0.2362615361433446,True,0.24222960020415485
1651,0,0.01,0.2362615049517928,0.23626147385997576,0.23626150494868103,True,0.24236260005272925
1652,0,0.01,0.23626147385997576,0.23626144287062426,0.23626147385687427,True,0.2424967000260949
1653,0,0.01,0.23626144287062426,0.2362614119833486,0.23626144286753298,True,0.24262999999336898
1654,0,0.01,0.2362614119833486,0.2362613811977612,0.2362614119802675,True,0.24276480008848011
1655,0,0.01,0.2362613811977612,0.23626135051347574,0.23626138119469023,True,0.24289820017293096
1656,0,0.01,0.23626135051347574,0.23626131993010796,0.23626135051041489,True,0.24304340011440217
1657,0,0.01,0.23626131993010796,0.23626128944727512,0.23626131992705718,True,0.2431774002034217
1658,0,0.01,0.23626128944727512,0.23626125906459616,0.23626128944423436,True,0.243310600053519
1659,0,0.01,0.23626125906459616,0.23626122878169212,0.2362612590615654,True,0.24344340013340116
1660,0,0.01,0.23626122878169212,0.23626119859818495,0.23626122877867128,True,0.24357630009762943
1661,0,0.01,0.23626119859818495,0.2362611685136991,0.23626119859517403,True,0.24384910007938743
1662,0,0.01,0.2362611685136991,0.23626113852786007,0.23626116851069806,True,0.2441690000705421
1663,0,0.01,0.23626113852786007,0.23626110864029531,0.23626113852486885,True,0.24440410011447966
1664,0,0.01,0.23626110864029531,0.23626107885063385,0.2362611086373139,True,0.2445627001579851
1665,0,0.01,0.23626107885063385,0.23626104915850646,0.2362610788476622,True,0.24474270013161004
1666,0,0.01,0.23626104915850646,0.23626101956354517,0.23626104915554455,True,0.24495550012215972
1667,0,0.01,0.23626101956354517,0.2362609900653842,0.23626101956059295,True,0.2451038002036512
1668,0,0.01,0.2362609900653842,0.23626096066365887,0.2362609900624416,True,0.24524060008116066
1669,0,0.01,0.23626096066365887,0.23626093135800627,0.2362609606607259,True,0.2453766001854092
1670,0,0.01,0.23626093135800627,0.2362609021480654,0.2362609313550829,True,0.24551100004464388
1671,0,0.01,0.2362609021480654,0.23626087303347626,0.23626090214515155,True,0.2456460001412779
1672,0,0.01,0.23626087303347626,0.23626084401388087,0.23626087303057192,True,0.24577930010855198
1673,0,0.01,0.23626084401388087,0.23626081508892277,0.23626084401098602,True,0.24591689999215305
1674,0,0.01,0.23626081508892277,0.23626078625824687,0.23626081508603736,True,0.24605890014208853
1675,0,0.01,0.23626078625824687,0.23626075752149972,0.23626078625537086,True,0.24620520020835102
1676,0,0.01,0.23626075752149972,0.2362607288783295,0.23626075751863307,True,0.24633890017867088
1677,0,0.01,0.2362607288783295,0.23626070032838592,0.23626072887547217,True,0.24656040011905134
1678,0,0.01,0.23626070032838592,0.23626067187132013,0.2362607003255379,True,0.24671060009859502
1679,0,0.01,0.23626067187132013,0.23626064350678475,0.23626067186848138,True,0.2468567001633346
1680,0,0.01,0.23626064350678475,0.23626061523443415,0.2362606435039552,True,0.24700210010632873
1681,0,0.01,0.23626061523443415,0.23626058705392392,0.2362606152316138,True,0.24714910006150603
1682,0,0.01,0.23626058705392392,0.2362605589649114,0.23626058705111272,True,0.24729380011558533
1683,0,0.01,0.2362605589649114,0.23626053096705524,0.23626055896210935,True,0.24743320001289248
1684,0,0.01,0.23626053096705524,0.23626050306001573,0.23626053096426228,True,0.2475741000380367
1685,0,0.01,0.23626050306001573,0.23626047524345442,0.2362605030572318,True,0.24771360005252063
1686,0,0.01,0.23626047524345442,0.2362604475170346,0.23626047524067953,True,0.24785150005482137
1687,0,0.01,0.2362604475170346,0.23626041988042087,0.2362604475142687,True,0.24799050018191338
1688,0,0.01,0.23626041988042087,0.23626039233327906,0.23626041987766394,True,0.2481402000412345
1689,0,0.01,0.23626039233327906,0.23626036487527705,0.23626039233053103,True,0.24828690011054277
1690,0,0.01,0.23626036487527705,0.23626033750608347,0.2362603648725379,True,0.24842650000937283
1691,0,0.01,0.23626033750608347,0.23626031022536892,0.23626033750335318,True,0.24856570013798773
1692,0,0.01,0.23626031022536892,0.236260283032805,0.23626031022264746,True,0.2487047000322491
1693,0,0.01,0.236260283032805,0.23626025592806502,0.23626028303009233,True,0.2488453001715243
1694,0,0.01,0.23626025592806502,0.2362602289108237,0.2362602559253611,True,0.248985200189054
1695,0,0.01,0.2362602289108237,0.23626020198075695,0.23626022890812853,True,0.24912760010920465
1696,0,0.01,0.23626020198075695,0.23626017513754233,0.23626020197807046,True,0.2492676000110805
1697,0,0.01,0.23626017513754233,0.23626014838085851,0.2362601751348645,True,0.2494062001351267
1698,0,0.01,0.23626014838085851,0.23626012171038568,0.23626014837818932,True,0.24954510014504194
1699,0,0.01,0.23626012171038568,0.2362600951258055,0.2362601217077251,True,0.24968400015495718
1700,0,0.01,0.2362600951258055,0.23626006862680093,0.23626009512315346,True,0.2498274000827223
1701,0,0.01,0.23626006862680093,0.23626004221305613,0.23626006862415744,True,0.24996670009568334
1702,0,0.01,0.23626004221305613,0.23626001588425696,0.23626004221042113,True,0.25010560010559857
1703,0,0.01,0.23626001588425696,0.23625998964009023,0.23626001588163043,True,0.25025720009580255
1704,0,0.01,0.23625998964009023,0.23625996348024428,0.23625998963747213,True,0.25039770011790097
1705,0,0.01,0.23625996348024428,0.23625993740440887,0.2362599634776346,True,0.2505395000334829
1706,0,0.01,0.23625993740440887,0.2362599114122751,0.23625993740180756,True,0.2506785001605749
1707,0,0.01,0.2362599114122751,0.236259885503535,0.23625991140968214,True,0.25081770005635917
1708,0,0.01,0.236259885503535,0.23625985967788243,0.23625988550095037,True,0.2509569001849741
1709,0,0.01,0.23625985967788243,0.23625983393501215,0.23625985967530608,True,0.2510958001948893
1710,0,0.01,0.23625983393501215,0.23625980827462068,0.23625983393244407,True,0.2513489001430571
1711,0,0.01,0.23625980827462068,0.23625978269640527,0.2362598082720608,True,0.25148770003579557
1712,0,0.01,0.23625978269640527,0.2362597572000648,0.2362597826938536,True,0.25162690016441047
1713,0,0.01,0.2362597572000648,0.23625973178529952,0.2362597571975213,True,0.2517624001484364
1714,0,0.01,0.23625973178529952,0.23625970645181063,0.23625973178276413,True,0.25199500005692244
1715,0,0.01,0.23625970645181063,0.23625968119930074,0.23625970644928335,True,0.25234650005586445
1716,0,0.01,0.23625968119930074,0.23625965602747395,0.23625968119678153,True,0.2525045000948012
1717,0,0.01,0.23625965602747395,0.23625963093603528,0.2362596560249628,True,0.25264190020971
1718,0,0.01,0.23625963093603528,0.2362596059246912,0.23625963093353214,True,0.25277740019373596
1719,0,0.01,0.2362596059246912,0.2362595809931493,0.23625960592219605,True,0.25291160005144775
1720,0,0.01,0.2362595809931493,0.2362595561411185,0.23625958099066213,True,0.253046500030905
1721,0,0.01,0.2362595561411185,0.23625953136830896,0.23625955613863922,True,0.25318110012449324
1722,0,0.01,0.23625953136830896,0.23625950667443193,0.2362595313658376,True,0.2533151002135128
1723,0,0.01,0.23625950667443193,0.2362594820592001,0.23625950667196846,True,0.2534479000605643
1724,0,0.01,0.2362594820592001,0.23625945752232713,0.23625948205674446,True,0.2535821001511067
1725,0,0.01,0.23625945752232713,0.23625943306352798,0.2362594575198793,True,0.2537160001229495
1726,0,0.01,0.23625943306352798,0.2362594086825189,0.23625943306108793,True,0.25395620008930564
1727,0,0.01,0.2362594086825189,0.23625938437901733,0.23625940868008663,True,0.2541323001496494
1728,0,0.01,0.23625938437901733,0.23625936015274168,0.23625938437659277,True,0.254278700100258
1729,0,0.01,0.23625936015274168,0.23625933600341179,0.23625936015032484,True,0.25441809999756515
1730,0,0.01,0.23625933600341179,0.23625931193074864,0.2362593360010026,True,0.2545531000941992
1731,0,0.01,0.23625931193074864,0.23625928793447415,0.23625931192834712,True,0.2546891001984477
1732,0,0.01,0.23625928793447415,0.23625926401431174,0.23625928793208023,True,0.2548247000668198
1733,0,0.01,0.23625926401431174,0.2362592401699858,0.23625926401192543,True,0.25496000004932284
1734,0,0.01,0.2362592401699858,0.23625921640122188,0.23625924016760705,True,0.2550943000242114
1735,0,0.01,0.23625921640122188,0.23625919270774676,0.23625921639885067,True,0.25524520012550056
1736,0,0.01,0.23625919270774676,0.23625916908928818,0.23625919270538304,True,0.2553866000380367
1737,0,0.01,0.23625916908928818,0.2362591455455753,0.23625916908693195,True,0.2555331001058221
1738,0,0.01,0.2362591455455753,0.23625912207633812,0.23625914554322652,True,0.25567960017360747
1739,0,0.01,0.23625912207633812,0.23625909868130796,0.23625912207399677,True,0.2558291000314057
1740,0,0.01,0.23625909868130796,0.23625907536021734,0.236259098678974,True,0.25597780011594296
1741,0,0.01,0.23625907536021734,0.23625905211279952,0.23625907535789076,True,0.2561347000300884
1742,0,0.01,0.23625905211279952,0.2362590289387893,0.2362590521104803,True,0.2562942001968622
1743,0,0.01,0.2362590289387893,0.2362590058379223,0.2362590289364774,True,0.2564495000988245
1744,0,0.01,0.2362590058379223,0.23625898280993546,0.23625900583561768,True,0.25660620001144707
1745,0,0.01,0.23625898280993546,0.23625895985456652,0.2362589828076381,True,0.25676510017365217
1746,0,0.01,0.23625895985456652,0.23625893697155442,0.2362589598522764,True,0.25692489999346435
1747,0,0.01,0.23625893697155442,0.23625891416063954,0.23625893696927153,True,0.25708320015110075
1748,0,0.01,0.23625891416063954,0.23625889142156287,0.23625891415836384,True,0.2572639000136405
1749,0,0.01,0.23625889142156287,0.23625886875406654,0.23625889141929432,True,0.2574331001378596
1750,0,0.01,0.23625886875406654,0.23625884615789391,0.23625886875180516,True,0.2576061000581831
1751,0,0.01,0.23625884615789391,0.2362588236327895,0.23625884615563963,True,0.25777820008806884
1752,0,0.01,0.2362588236327895,0.23625880117849857,0.2362588236305423,True,0.2579513001255691
1753,0,0.01,0.23625880117849857,0.23625877879476762,0.23625880117625844,True,0.25813520001247525
1754,0,0.01,0.23625877879476762,0.23625875648134428,0.2362587787925345,True,0.25832090014591813
1755,0,0.01,0.23625875648134428,0.236258734237977,0.2362587564791182,True,0.258501400006935
1756,0,0.01,0.236258734237977,0.23625871206441534,0.2362587342357579,True,0.2586862000171095
1757,0,0.01,0.23625871206441534,0.23625868996040994,0.2362587120622032,True,0.2588729001581669
1758,0,0.01,0.23625868996040994,0.2362586679257126,0.23625868995820473,True,0.2590632000938058
1759,0,0.01,0.2362586679257126,0.2362586459600759,0.2362586679235143,True,0.259270700160414
1760,0,0.01,0.2362586459600759,0.23625862406325357,0.2362586459578845,True,0.2594702001661062
1761,0,0.01,0.23625862406325357,0.2362586022350004,0.23625862406106904,True,0.2596658000256866
1762,0,0.01,0.2362586022350004,0.23625858047507178,0.2362586022328227,True,0.2598615000024438
1763,0,0.01,0.23625858047507178,0.23625855878322494,0.2362585804729009,True,0.2600562002044171
1764,0,0.01,0.23625855878322494,0.23625853715921713,0.23625855878106083,True,0.26030600001104176
1765,0,0.01,0.23625853715921713,0.2362585156028074,0.2362585371570598,True,0.2606661000754684
1766,0,0.01,0.2362585156028074,0.23625849411375527,0.2362585156006568,True,0.26086410018615425
1767,0,0.01,0.23625849411375527,0.2362584726918215,0.2362584941116114,True,0.26105590001679957
1768,0,0.01,0.2362584726918215,0.23625845133676776,0.2362584726896843,True,0.26123960013501346
1769,0,0.01,0.23625845133676776,0.23625843004835656,0.23625845133463724,True,0.26142560015432537
1770,0,0.01,0.23625843004835656,0.23625840882635185,0.2362584300462327,True,0.26160630001686513
1771,0,0.01,0.23625840882635185,0.23625838767051782,0.23625840882423463,True,0.2617792000528425
1772,0,0.01,0.23625838767051782,0.23625836658062016,0.23625838766840718,True,0.26195100019685924
1773,0,0.01,0.23625836658062016,0.2362583455564255,0.2362583665785161,True,0.26214680005796254
1774,0,0.01,0.2362583455564255,0.23625832459770107,0.23625834555432798,True,0.262327800039202
1775,0,0.01,0.23625832459770107,0.23625830370421547,0.2362583245956101,True,0.2625112000387162
1776,0,0.01,0.23625830370421547,0.23625828287573788,0.236258303702131,True,0.26270440011285245
1777,0,0.01,0.23625828287573788,0.23625826211203865,0.2362582828736599,True,0.26289200014434755
1778,0,0.01,0.23625826211203865,0.23625824141288898,0.23625826210996712,True,0.26308010006323457
1779,0,0.01,0.23625824141288898,0.23625822077806102,0.23625824141082388,True,0.26326910010538995
1780,0,0.01,0.23625822077806102,0.23625820020732777,0.23625822077600234,True,0.2634653002023697
1781,0,0.01,0.23625820020732777,0.2362581797004633,0.2362582002052755,True,0.2636595000512898
1782,0,0.01,0.2362581797004633,0.23625815925724242,0.2362581796984174,True,0.26385520002804697
1783,0,0.01,0.23625815925724242,0.2362581388774411,0.23625815925520285,True,0.26406150008551776
1784,0,0.01,0.2362581388774411,0.236258118560836,0.23625813887540786,True,0.26426210021600127
1785,0,0.01,0.236258118560836,0.23625809830720457,0.23625811855880907,True,0.2644537000451237
1786,0,0.01,0.23625809830720457,0.23625807811632565,0.2362580983051839,True,0.2646417000796646
1787,0,0.01,0.23625807811632565,0.23625805798797844,0.23625807811431127,True,0.2648283001035452
1788,0,0.01,0.23625805798797844,0.23625803792194333,0.23625805798597027,True,0.2650292001198977
1789,0,0.01,0.23625803792194333,0.2362580179180015,0.23625803791994138,True,0.2652210001833737
1790,0,0.01,0.2362580179180015,0.236257997975935,0.23625801791600573,True,0.2654024001676589
1791,0,0.01,0.236257997975935,0.23625797809552684,0.23625799797394542,True,0.2655813000164926
1792,0,0.01,0.23625797809552684,0.23625795827656093,0.2362579780935434,True,0.2657608001027256
1793,0,0.01,0.23625795827656093,0.23625793851882176,0.23625795827458362,True,0.265940000070259
1794,0,0.01,0.23625793851882176,0.23625791882209518,0.23625793851685056,True,0.26613340014591813
1795,0,0.01,0.23625791882209518,0.23625789918616744,0.23625791882013006,True,0.2663061001803726
1796,0,0.01,0.23625789918616744,0.23625787961082587,0.2362578991842084,True,0.26647800020873547
1797,0,0.01,0.23625787961082587,0.23625786009585856,0.23625787960887287,True,0.26665000012144446
1798,0,0.01,0.23625786009585856,0.23625784064105465,0.2362578600939116,True,0.26682050013914704
1799,0,0.01,0.23625784064105465,0.23625782124620393,0.23625784063911368,True,0.266992200165987
1800,0,0.01,0.23625782124620393,0.23625780191109702,0.23625782124426892,True,0.267168200109154
1801,0,0.01,0.23625780191109702,0.23625778263552566,0.23625780190916798,True,0.26733440021052957
1802,0,0.01,0.23625778263552566,0.2362577634192819,0.23625778263360256,True,0.26749620004557073
1803,0,0.01,0.2362577634192819,0.23625774426215915,0.2362577634173647,True,0.26765550021082163
1804,0,0.01,0.23625774426215915,0.2362577251639513,0.23625774426024784,True,0.2678138001356274
1805,0,0.01,0.2362577251639513,0.23625770612445335,0.23625772516204588,True,0.26797130005434155
1806,0,0.01,0.23625770612445335,0.23625768714346082,0.23625770612255378,True,0.2681432000827044
1807,0,0.01,0.23625768714346082,0.23625766822077032,0.23625768714156709,True,0.2683021000120789
1808,0,0.01,0.23625766822077032,0.236257649356179,0.23625766821888242,True,0.26845710002817214
1809,0,0.01,0.236257649356179,0.236257630549485,0.23625764935429688,True,0.2686117000412196
1810,0,0.01,0.236257630549485,0.23625761180048738,0.23625763054760868,True,0.26890590018592775
1811,0,0.01,0.23625761180048738,0.23625759310898564,0.2362576117986168,True,0.26907340018078685
1812,0,0.01,0.23625759310898564,0.2362575744747803,0.2362575931071208,True,0.2692299000918865
1813,0,0.01,0.2362575744747803,0.23625755589767278,0.23625757447292117,True,0.2693855999968946
1814,0,0.01,0.23625755589767278,0.2362575373774651,0.23625755589581934,True,0.26953520020470023
1815,0,0.01,0.2362575373774651,0.23625751891396007,0.23625753737561733,True,0.2696846001781523
1816,0,0.01,0.23625751891396007,0.23625750050696143,0.23625751891211796,True,0.2698284999933094
1817,0,0.01,0.23625750050696143,0.23625748215627368,0.23625750050512495,True,0.26997170015238225
1818,0,0.01,0.23625748215627368,0.23625746386170182,0.2362574821544428,True,0.2701302000787109
1819,0,0.01,0.23625746386170182,0.23625744562305195,0.23625746385987656,True,0.270277600036934
1820,0,0.01,0.23625744562305195,0.23625742744013084,0.23625744562123227,True,0.27041870006360114
1821,0,0.01,0.23625742744013084,0.23625740931274608,0.2362574274383167,True,0.27055750018917024
1822,0,0.01,0.23625740931274608,0.23625739124070574,0.2362574093109375,True,0.2706951000727713
1823,0,0.01,0.23625739124070574,0.23625737322381893,0.2362573912389027,True,0.27083010016940534
1824,0,0.01,0.23625737322381893,0.23625735526189554,0.23625737322202137,True,0.2709654001519084
1825,0,0.01,0.23625735526189554,0.23625733735474597,0.23625735526010344,True,0.27109970012679696
1826,0,0.01,0.23625733735474597,0.23625731950218165,0.23625733735295934,True,0.2712354001123458
1827,0,0.01,0.23625731950218165,0.2362573017040145,0.23625731950040046,True,0.27137000020593405
1828,0,0.01,0.2362573017040145,0.23625728396005719,0.23625730170223874,True,0.27150460006669164
1829,0,0.01,0.23625728396005719,0.2362572662701235,0.23625728395828685,True,0.2716388001572341
1830,0,0.01,0.2362572662701235,0.23625724863402756,0.23625726626835855,True,0.27177270012907684
1831,0,0.01,0.23625724863402756,0.2362572310515842,0.23625724863226796,True,0.27190669998526573
1832,0,0.01,0.2362572310515842,0.23625721352260937,0.23625723104982996,True,0.27204760001040995
1833,0,0.01,0.23625721352260937,0.23625719604691925,0.23625721352086046,True,0.27219090005382895
1834,0,0.01,0.23625719604691925,0.2362571786243311,0.23625719604517567,True,0.27234150003641844
1835,0,0.01,0.2362571786243311,0.23625716125466284,0.23625717862259282,True,0.27248010016046464
1836,0,0.01,0.23625716125466284,0.236257143937733,0.23625716125292984,True,0.27261430001817644
1837,0,0.01,0.236257143937733,0.2362571266733609,0.23625714393600525,True,0.272748599993065
1838,0,0.01,0.2362571266733609,0.23625710946136638,0.2362571266716384,True,0.27288330020383
1839,0,0.01,0.23625710946136638,0.23625709230157038,0.2362571094596491,True,0.2730183000676334
1840,0,0.01,0.23625709230157038,0.23625707519379416,0.2362570922998583,True,0.27315440005622804
1841,0,0.01,0.23625707519379416,0.23625705813785985,0.23625707519208727,True,0.2732888001482934
1842,0,0.01,0.23625705813785985,0.23625704113359025,0.23625705813615813,True,0.27342400001361966
1843,0,0.01,0.23625704113359025,0.23625702418080885,0.2362570411318937,True,0.2735588999930769
1844,0,0.01,0.23625702418080885,0.2362570072793399,0.23625702417911743,True,0.2736938002053648
1845,0,0.01,0.2362570072793399,0.23625699042900805,0.23625700727765359,True,0.2738286000676453
1846,0,0.01,0.23625699042900805,0.2362569736296391,0.23625699042732684,True,0.2739631000440568
1847,0,0.01,0.2362569736296391,0.23625695688105916,0.23625697362796297,True,0.27410770021378994
1848,0,0.01,0.23625695688105916,0.23625694018309518,0.2362569568793881,True,0.274245300097391
1849,0,0.01,0.23625694018309518,0.2362569235355747,0.23625694018142918,True,0.27438060007989407
1850,0,0.01,0.2362569235355747,0.23625690693832602,0.23625692353391373,True,0.274515800178051
1851,0,0.01,0.23625690693832602,0.23625689039117792,0.23625690693667006,True,0.27465070015750825
1852,0,0.01,0.23625689039117792,0.23625687389396022,0.23625689038952696,True,0.2747854001354426
1853,0,0.01,0.23625687389396022,0.2362568574465029,0.23625687389231423,True,0.2749193001072854
1854,0,0.01,0.2362568574465029,0.23625684104863706,0.23625685744486188,True,0.27505609998479486
1855,0,0.01,0.23625684104863706,0.23625682470019424,0.23625684104700098,True,0.2751905000768602
1856,0,0.01,0.23625682470019424,0.2362568084010066,0.2362568246985631,True,0.27532590017654
1857,0,0.01,0.2362568084010066,0.2362567921509069,0.23625680839938037,True,0.2754603000357747
1858,0,0.01,0.2362567921509069,0.2362567759497288,0.23625679214928555,True,0.27559460001066327
1859,0,0.01,0.2362567759497288,0.2362567597973065,0.23625677594811234,True,0.2757288001012057
1860,0,0.01,0.2362567597973065,0.23625674369347466,0.2362567597956949,True,0.27586400019936264
1861,0,0.01,0.23625674369347466,0.23625672763806882,0.23625674369186792,True,0.27599760005250573
1862,0,0.01,0.23625672763806882,0.23625671163092493,0.2362567276364669,True,0.2761510000564158
1863,0,0.01,0.23625671163092493,0.23625669567187987,0.23625671162932782,True,0.2762988000176847
1864,0,0.01,0.23625669567187987,0.23625667976077072,0.23625669567028756,True,0.2764342001173645
1865,0,0.01,0.23625667976077072,0.23625666389743571,0.23625667975918319,True,0.27657590014860034
1866,0,0.01,0.23625666389743571,0.23625664808171337,0.23625666389585295,True,0.2767094001173973
1867,0,0.01,0.23625664808171337,0.2362566323134427,0.23625664808013536,True,0.27684340020641685
1868,0,0.01,0.2362566323134427,0.2362566165924637,0.23625663231186944,True,0.27700040000490844
1869,0,0.01,0.2362566165924637,0.23625660091861686,0.23625661659089514,True,0.2772743001114577
1870,0,0.01,0.23625660091861686,0.2362565852917432,0.236256600917053,True,0.2774648000486195
1871,0,0.01,0.2362565852917432,0.23625656971168424,0.23625658529018403,True,0.2776231002062559
1872,0,0.01,0.23625656971168424,0.23625655417828242,0.23625656971012973,True,0.2777925000991672
1873,0,0.01,0.23625655417828242,0.23625653869138064,0.23625655417673258,True,0.27793380012735724
1874,0,0.01,0.23625653869138064,0.23625652325082225,0.23625653868983543,True,0.2780811002012342
1875,0,0.01,0.23625652325082225,0.2362565078564515,0.23625652324928165,True,0.2782187000848353
1876,0,0.01,0.2362565078564515,0.23625649250811293,0.2362565078549155,True,0.27835380006581545
1877,0,0.01,0.23625649250811293,0.23625647720565196,0.23625649250658154,True,0.2784897000528872
1878,0,0.01,0.23625647720565196,0.23625646194891425,0.23625647720412515,True,0.27862510015256703
1879,0,0.01,0.23625646194891425,0.23625644673774646,0.236256461947392,True,0.2787594001274556
1880,0,0.01,0.23625644673774646,0.2362564315719956,0.23625644673622875,True,0.2788941999897361
1881,0,0.01,0.2362564315719956,0.23625641645150924,0.23625643157048243,True,0.2790277001913637
1882,0,0.01,0.23625641645150924,0.2362564013761356,0.2362564164500006,True,0.2791619000490755
1883,0,0.01,0.2362564013761356,0.2362563863457235,0.23625640137463144,True,0.27929580002091825
1884,0,0.01,0.2362563863457235,0.23625637136012237,0.2362563863442238,True,0.2794306001160294
1885,0,0.01,0.23625637136012237,0.23625635641918216,0.23625637135862715,True,0.27956550009548664
1886,0,0.01,0.23625635641918216,0.2362563415227532,0.2362563564176914,True,0.27970070019364357
1887,0,0.01,0.2362563415227532,0.2362563266706869,0.2362563415212669,True,0.27983540017157793
1888,0,0.01,0.2362563266706869,0.23625631186283455,0.236256326669205,True,0.2799704000353813
1889,0,0.01,0.23625631186283455,0.23625629709904866,0.23625631186135707,True,0.28012720006518066
1890,0,0.01,0.23625629709904866,0.23625628237918184,0.2362562970975756,True,0.2802703999914229
1891,0,0.01,0.23625628237918184,0.23625626770308758,0.23625628237771312,True,0.2804048000834882
1892,0,0.01,0.23625626770308758,0.2362562530706197,0.23625626770162325,True,0.280538700055331
1893,0,0.01,0.2362562530706197,0.23625623848163252,0.23625625306915973,True,0.28067280002869666
1894,0,0.01,0.23625623848163252,0.23625622393598125,0.23625623848017688,True,0.2808062999974936
1895,0,0.01,0.23625622393598125,0.23625620943352138,0.23625622393452994,True,0.28094070008955896
1896,0,0.01,0.23625620943352138,0.2362561949741091,0.23625620943207437,True,0.2810758000705391
1897,0,0.01,0.2362561949741091,0.23625618055760095,0.23625619497266637,True,0.28120920015498996
1898,0,0.01,0.23625618055760095,0.23625616618385403,0.23625618055616252,True,0.281342500122264
1899,0,0.01,0.23625616618385403,0.2362561518527262,0.23625616618241985,True,0.2814766000956297
1900,0,0.01,0.2362561518527262,0.23625613756407587,0.23625615185129628,True,0.28161700000055134
1901,0,0.01,0.23625613756407587,0.2362561233177616,0.23625613756265018,True,0.28175230021588504
1902,0,0.01,0.2362561233177616,0.23625610911364292,0.23625612331634013,True,0.28188670007511973
1903,0,0.01,0.23625610911364292,0.2362560949515795,0.23625610911222567,True,0.2820200000423938
1904,0,0.01,0.2362560949515795,0.23625608083143193,0.23625609495016645,True,0.2821647000964731
1905,0,0.01,0.23625608083143193,0.23625606675306107,0.23625608083002306,True,0.2823005001991987
1906,0,0.01,0.23625606675306107,0.23625605271632832,0.23625606675165636,True,0.2824358001817018
1907,0,0.01,0.23625605271632832,0.2362560387210957,0.23625605271492778,True,0.28257200005464256
1908,0,0.01,0.2362560387210957,0.23625602476722585,0.2362560387196993,True,0.2827083000447601
1909,0,0.01,0.23625602476722585,0.23625601085458153,0.23625602476583354,True,0.28284150012768805
1910,0,0.01,0.23625601085458153,0.23625599698302643,0.23625601085319337,True,0.28297569998539984
1911,0,0.01,0.23625599698302643,0.23625598315242452,0.23625599698164235,True,0.2831095000728965
1912,0,0.01,0.23625598315242452,0.23625596936264032,0.2362559831510445,True,0.283243500161916
1913,0,0.01,0.23625596936264032,0.23625595561353901,0.2362559693612644,True,0.2833771000150591
1914,0,0.01,0.23625595561353901,0.23625594190498617,0.23625595561216714,True,0.28351020021364093
1915,0,0.01,0.23625594190498617,0.2362559282368478,0.23625594190361834,True,0.2836433001793921
1916,0,0.01,0.2362559282368478,0.23625591460899037,0.236255928235484,True,0.283777300035581
1917,0,0.01,0.23625591460899037,0.23625590102128116,0.2362559146076306,True,0.28391180001199245
1918,0,0.01,0.23625590102128116,0.23625588747358756,0.23625590101992539,True,0.284046099986881
1919,0,0.01,0.23625588747358756,0.23625587396577785,0.23625588747223578,True,0.28419310017488897
1920,0,0.01,0.23625587396577785,0.23625586049772035,0.23625587396443004,True,0.28432870004326105
1921,0,0.01,0.23625586049772035,0.23625584706928437,0.2362558604963765,True,0.2844633001368493
1922,0,0.01,0.23625584706928437,0.23625583368033926,0.2362558470679445,True,0.28459680010564625
1923,0,0.01,0.23625583368033926,0.2362558203307551,0.23625583367900332,True,0.2847312001977116
1924,0,0.01,0.2362558203307551,0.2362558070204024,0.23625582032942308,True,0.28486590017564595
1925,0,0.01,0.2362558070204024,0.23625579374915223,0.23625580701907428,True,0.2849996001459658
1926,0,0.01,0.23625579374915223,0.236255780516876,0.23625579374782804,True,0.285132999997586
1927,0,0.01,0.236255780516876,0.23625576732344583,0.2362557805155557,True,0.28526600007899106
1928,0,0.01,0.23625576732344583,0.2362557541687339,0.23625576732212938,True,0.28571359999477863
1929,0,0.01,0.2362557541687339,0.23625574105261335,0.2362557541674213,True,0.2858767001889646
1930,0,0.01,0.23625574105261335,0.23625572797495742,0.23625574105130462,True,0.28602120000869036
1931,0,0.01,0.23625572797495742,0.23625571493564004,0.23625572797365252,True,0.2861566001083702
1932,0,0.01,0.23625571493564004,0.23625570193453552,0.23625571493433897,True,0.2862912002019584
1933,0,0.01,0.23625570193453552,0.2362556889715187,0.23625570193323828,True,0.2864260000642389
1934,0,0.01,0.2362556889715187,0.2362556760464647,0.23625568897022522,True,0.2865591000299901
1935,0,0.01,0.2362556760464647,0.23625566315924948,0.23625567604517503,True,0.2866917001083493
1936,0,0.01,0.23625566315924948,0.236255650309749,0.2362556631579636,True,0.2868268000893295
1937,0,0.01,0.236255650309749,0.23625563749784007,0.23625565030846685,True,0.28700080001726747
1938,0,0.01,0.23625563749784007,0.23625562472339962,0.2362556374965617,True,0.28713469998911023
1939,0,0.01,0.23625562472339962,0.2362556119863054,0.23625562472212497,True,0.2872675000689924
1940,0,0.01,0.2362556119863054,0.23625559928643533,0.23625561198503447,True,0.28740060003474355
1941,0,0.01,0.23625559928643533,0.23625558662366786,0.23625559928516812,True,0.287533099995926
1942,0,0.01,0.23625558662366786,0.23625557399788186,0.23625558662240437,True,0.28766630007885396
1943,0,0.01,0.23625557399788186,0.2362555614089568,0.23625557399662203,True,0.2877995001617819
1944,0,0.01,0.2362555614089568,0.23625554885677247,0.23625556140770065,True,0.2879485001321882
1945,0,0.01,0.23625554885677247,0.23625553634120905,0.23625554885552,True,0.28808420011773705
1946,0,0.01,0.23625553634120905,0.23625552386214727,0.23625553633996024,True,0.2882171000819653
1947,0,0.01,0.23625552386214727,0.2362555114194682,0.2362555238609021,True,0.28835130017250776
1948,0,0.01,0.2362555114194682,0.23625549901305357,0.23625551141822668,True,0.28848590003326535
1949,0,0.01,0.23625549901305357,0.23625548664278523,0.23625549901181564,True,0.288619700120762
1950,0,0.01,0.23625548664278523,0.2362554743085458,0.2362554866415509,True,0.288765300065279
1951,0,0.01,0.2362554743085458,0.23625546201021796,0.23625547430731506,True,0.28890020004473627
1952,0,0.01,0.23625546201021796,0.2362554497476851,0.2362554620089908,True,0.2890344001352787
1953,0,0.01,0.2362554497476851,0.236255437520831,0.2362554497464615,True,0.28916890011169016
1954,0,0.01,0.236255437520831,0.23625542532953972,0.23625543751961098,True,0.2893029002007097
1955,0,0.01,0.23625542532953972,0.236255413173696,0.23625542532832325,True,0.289436100050807
1956,0,0.01,0.236255413173696,0.23625540105318468,0.23625541317248305,True,0.28956870012916625
1957,0,0.01,0.23625540105318468,0.23625538896789136,0.23625540105197526,True,0.2897018000949174
1958,0,0.01,0.23625538896789136,0.23625537691770188,0.23625538896668546,True,0.28984560002572834
1959,0,0.01,0.23625537691770188,0.23625536490250232,0.23625537691649948,True,0.2899833000265062
1960,0,0.01,0.23625536490250232,0.2362553529221796,0.23625536490130342,True,0.2901205001398921
1961,0,0.01,0.2362553529221796,0.2362553409766208,0.23625535292098418,True,0.29025480011478066
1962,0,0.01,0.2362553409766208,0.2362553290657133,0.23625534097542883,True,0.29038890008814633
1963,0,0.01,0.2362553290657133,0.23625531718934517,0.23625532906452482,True,0.29052230017259717
1964,0,0.01,0.23625531718934517,0.2362553053474047,0.23625531718816012,True,0.29065630002878606
1965,0,0.01,0.2362553053474047,0.2362552935397807,0.23625530534622308,True,0.2907906000036746
1966,0,0.01,0.2362552935397807,0.23625528176636224,0.2362552935386025,True,0.2909260999877006
1967,0,0.01,0.23625528176636224,0.23625527002703894,0.23625528176518745,True,0.2910593000706285
1968,0,0.01,0.23625527002703894,0.23625525832170066,0.23625527002586758,True,0.2911928000394255
1969,0,0.01,0.23625525832170066,0.23625524665023806,0.23625525832053268,True,0.29132590000517666
1970,0,0.01,0.23625524665023806,0.2362552350125416,0.23625524664907344,True,0.2914596002083272
1971,0,0.01,0.2362552350125416,0.23625522340850247,0.23625523501138035,True,0.29159390018321574
1972,0,0.01,0.23625522340850247,0.23625521183801243,0.2362552234073446,True,0.2918317001312971
1973,0,0.01,0.23625521183801243,0.23625520030096334,0.23625521183685788,True,0.2919802002143115
1974,0,0.01,0.23625520030096334,0.23625518879724758,0.23625520029981215,True,0.29211650020442903
1975,0,0.01,0.23625518879724758,0.2362551773267577,0.2362551887960997,True,0.2922509000636637
1976,0,0.01,0.2362551773267577,0.23625516588938716,0.23625517732561313,True,0.292385800043121
1977,0,0.01,0.23625516588938716,0.23625515448502926,0.2362551658882459,True,0.2925200001336634
1978,0,0.01,0.23625515448502926,0.23625514311357798,0.23625515448389128,True,0.2926551999989897
1979,0,0.01,0.23625514311357798,0.23625513177492763,0.2362551431124433,True,0.29279000009410083
1980,0,0.01,0.23625513177492763,0.23625512046897287,0.23625513177379623,True,0.2929241000674665
1981,0,0.01,0.23625512046897287,0.23625510919560883,0.23625512046784472,True,0.293060100171715
1982,0,0.01,0.23625510919560883,0.23625509795473082,0.23625510919448392,True,0.2931937000248581
1983,0,0.01,0.23625509795473082,0.23625508674623466,0.23625509795360916,True,0.2933282000012696
1984,0,0.01,0.23625508674623466,0.23625507557001668,0.23625508674511622,True,0.2934786002151668
1985,0,0.01,0.23625507557001668,0.23625506442597338,0.23625507556890146,True,0.2936146000865847
1986,0,0.01,0.23625506442597338,0.23625505331400173,0.23625506442486138,True,0.2937833000905812
1987,0,0.01,0.23625505331400173,0.23625504223399907,0.23625505331289293,True,0.29401030018925667
1988,0,0.01,0.23625504223399907,0.236255031185863,0.23625504223289345,True,0.29415990016423166
1989,0,0.01,0.236255031185863,0.23625502016949163,0.23625503118476057,True,0.29429610003717244
1990,0,0.01,0.23625502016949163,0.23625500918478354,0.23625502016839237,True,0.2944312000181526
1991,0,0.01,0.23625500918478354,0.23625499823163726,0.23625500918368744,True,0.29456549999304116
1992,0,0.01,0.23625499823163726,0.23625498730995215,0.2362549982305443,True,0.29470180021598935
1993,0,0.01,0.23625498730995215,0.23625497641962773,0.23625498730886232,True,0.29483580007217824
1994,0,0.01,0.23625497641962773,0.23625496556056377,0.23625497641854104,True,0.294969700044021
1995,0,0.01,0.23625496556056377,0.23625495473266067,0.2362549655594802,True,0.29510370013304055
1996,0,0.01,0.23625495473266067,0.23625494393581886,0.2362549547315802,True,0.295238200109452
1997,0,0.01,0.23625494393581886,0.2362549331699394,0.2362549439347415,True,0.29537260020151734
1998,0,0.01,0.2362549331699394,0.23625492243492374,0.23625493316886512,True,0.29552090005017817
1999,0,0.01,0.23625492243492374,0.23625491173067337,0.23625492243385254,True,0.2956580000463873
