accepted_step_before_trial,halving,alpha,current_loss,proposal_loss,armijo_target,accepted,total_elapsed_seconds
0,0,0.01,0.3509481696618615,0.3507693645878287,0.3509481517536161,True,0.5922985000070184
1,0,0.01,0.3507693645878287,0.35059161143944817,0.3507693467901018,True,0.5924691001418978
2,0,0.01,0.35059161143944817,0.35041479200820835,0.3505915937304299,True,0.5926138001959771
3,0,0.01,0.35041479200820835,0.35023904785314885,0.3504147744070787,True,0.5927544001024216
4,0,0.01,0.35023904785314885,0.3500643647536067,0.3502390303584752,True,0.5928937001153827
5,0,0.01,0.3500643647536067,0.3498907289021808,0.35006434736399816,True,0.593032700009644
6,0,0.01,0.3498907289021808,0.34971812689063786,0.3498907116162867,True,0.5931716000195593
7,0,0.01,0.34971812689063786,0.349546545696291,0.3497181097071465,True,0.5933094001375139
8,0,0.01,0.349546545696291,0.3493759726688387,0.3495465286139282,True,0.5934496000409126
9,0,0.01,0.3493759726688387,0.34920639551764543,0.34937595568636653,True,0.593612700002268
10,0,0.01,0.34920639551764543,0.34903780229945086,0.34920637863386106,True,0.5938311000354588
11,0,0.01,0.34903780229945086,0.3488701814064932,0.3490377855131852,True,0.5940360000822693
12,0,0.01,0.3488701814064932,0.34870351815826794,0.34887016471661,True,0.5941887001972646
13,0,0.01,0.34870351815826794,0.34853779659915257,0.3487035015624798,True,0.594337300164625
14,0,0.01,0.34853779659915257,0.3483730146291742,0.3485377800975866,True,0.5944974001031369
15,0,0.01,0.3483730146291742,0.3482091514228649,0.34837299822078516,True,0.5947068000677973
16,0,0.01,0.3482091514228649,0.3480460845807781,0.34820913509328455,True,0.5948778002057225
17,0,0.01,0.3480460845807781,0.34788392830737147,0.3480460683424977,True,0.5950341001152992
18,0,0.01,0.34788392830737147,0.3477226721088107,0.3478839121594257,True,0.5951751000247896
19,0,0.01,0.3477226721088107,0.3475623052586135,0.34772265604993824,True,0.5953146000392735
20,0,0.01,0.3475623052586135,0.34740281942404655,0.3475622892882265,True,0.5954543000552803
21,0,0.01,0.34740281942404655,0.3472440314775236,0.34740280352344144,True,0.5955937001854181
22,0,0.01,0.3472440314775236,0.3470861112705583,0.3472440156639069,True,0.5957327000796795
23,0,0.01,0.3470861112705583,0.34692904074878217,0.34708609554307823,True,0.596016300143674
24,0,0.01,0.34692904074878217,0.34677279113519044,0.3469290251026262,True,0.5962571001145989
25,0,0.01,0.34677279113519044,0.3466173849584164,0.3467727755735769,True,0.5964397999923676
26,0,0.01,0.3466173849584164,0.34646280576737015,0.3466173694805556,True,0.5965902002062649
27,0,0.01,0.34646280576737015,0.3463090145452586,0.34646279036761646,True,0.5967402001842856
28,0,0.01,0.3463090145452586,0.34615604452640336,0.3463089992278101,True,0.5968873000238091
29,0,0.01,0.34615604452640336,0.3460038884090732,0.34615602929052547,True,0.5970344000961632
30,0,0.01,0.3460038884090732,0.3458525390660424,0.3460038732540489,True,0.5971816000528634
31,0,0.01,0.3458525390660424,0.3457019895339045,0.34585252399117133,True,0.5973297001328319
32,0,0.01,0.3457019895339045,0.345552233016032,0.3457019745385028,True,0.5974770002067089
33,0,0.01,0.345552233016032,0.345403262875491,0.34555221809943215,True,0.5978108001872897
34,0,0.01,0.345403262875491,0.34525507262773686,0.3454032480370408,True,0.5979797001928091
35,0,0.01,0.34525507262773686,0.3451076559353421,0.3452550578667989,True,0.5981336000841111
36,0,0.01,0.3451076559353421,0.3449609875173024,0.3451076412512934,True,0.5982860000804067
37,0,0.01,0.3449609875173024,0.3448150304996222,0.34496097290514194,True,0.5984418001025915
38,0,0.01,0.3448150304996222,0.34466980307427453,0.34481501595802455,True,0.5985960001125932
39,0,0.01,0.34466980307427453,0.3445253266579316,0.344669788607922,True,0.5987653001211584
40,0,0.01,0.3445253266579316,0.34438159496299453,0.3445253122662507,True,0.598927800077945
41,0,0.01,0.34438159496299453,0.34423858568575433,0.3443815806442489,True,0.5990840001031756
42,0,0.01,0.34423858568575433,0.3440963035506205,0.34423857143923503,True,0.5992366999853402
43,0,0.01,0.3440963035506205,0.34395475069365233,0.34409628937716186,True,0.5993900001049042
44,0,0.01,0.34395475069365233,0.34381392185638543,0.3439547365927259,True,0.599541800096631
45,0,0.01,0.34381392185638543,0.3436738118845978,0.34381390782747323,True,0.5996890000533313
46,0,0.01,0.3436738118845978,0.3435344157229564,0.34367379792719194,True,0.5998486999887973
47,0,0.01,0.3435344157229564,0.34339571571417893,0.3435344018365557,True,0.5999989002011716
48,0,0.01,0.34339571571417893,0.34325704393002543,0.34339570182924795,True,0.6001470000483096
49,0,0.01,0.34325704393002543,0.34311907952706383,0.3432570301159549,True,0.6002943001221865
50,0,0.01,0.34311907952706383,0.34298181765958324,0.3431190657833669,True,0.600440900074318
51,0,0.01,0.34298181765958324,0.3428452297267245,0.3429818039857821,True,0.6005895000416785
52,0,0.01,0.3428452297267245,0.34270915676717495,0.34284521610208685,True,0.6007395000196993
53,0,0.01,0.34270915676717495,0.3425737749114838,0.34270914321176277,True,0.6008850000798702
54,0,0.01,0.3425737749114838,0.3424390795999622,0.3425737614248391,True,0.6010284000076354
55,0,0.01,0.3424390795999622,0.34230506635091396,0.34243906618163494,True,0.6011704001575708
56,0,0.01,0.34230506635091396,0.34217173075796603,0.3423050530004616,True,0.6013122000731528
57,0,0.01,0.34217173075796603,0.3420390684874901,0.34217171747495345,True,0.6014543001074344
58,0,0.01,0.3420390684874901,0.3419070752761126,0.3420390552714892,True,0.6015982001554221
59,0,0.01,0.3419070752761126,0.34177569962749027,0.3419070621267022,True,0.6017501000314951
60,0,0.01,0.34177569962749027,0.3416448165330457,0.3417756865226288,True,0.6019316001329571
61,0,0.01,0.3416448165330457,0.3415145932324547,0.34164480349426607,True,0.6022673000115901
62,0,0.01,0.3415145932324547,0.3413850034864306,0.3415145802593489,True,0.6024163002148271
63,0,0.01,0.3413850034864306,0.3412560301294187,0.3413849905728241,True,0.6025610000360757
64,0,0.01,0.3412560301294187,0.3411277054044766,0.34125601728077387,True,0.6027890001423657
65,0,0.01,0.3411277054044766,0.34100002540498614,0.3411276926204014,True,0.602938299998641
66,0,0.01,0.34100002540498614,0.3408729862791421,0.34100001268509395,True,0.6030843001790345
67,0,0.01,0.3408729862791421,0.34074658422809767,0.34087297362305174,True,0.6032277999911457
68,0,0.01,0.34074658422809767,0.34062081550417506,0.3407465716354332,True,0.6033720001578331
69,0,0.01,0.34062081550417506,0.34049567640913725,0.3406208029745654,True,0.6035145001951605
70,0,0.01,0.34049567640913725,0.34037116329252093,0.34049566394221614,True,0.6036585001274943
71,0,0.01,0.34037116329252093,0.34024727255002807,0.34037115088792685,True,0.6038191001862288
72,0,0.01,0.34024727255002807,0.34012400062197223,0.3402472602074039,True,0.6039647001307458
73,0,0.01,0.34012400062197223,0.34000134399178156,0.34012398834096536,True,0.6041077000554651
74,0,0.01,0.34000134399178156,0.3398792991845531,0.3400013317720434,True,0.6042503002099693
75,0,0.01,0.3398792991845531,0.3397578627656588,0.3398792870257392,True,0.6043919001240283
76,0,0.01,0.3397578627656588,0.3396370313394005,0.3397578506674286,True,0.6045329000335187
77,0,0.01,0.3396370313394005,0.33951680154771313,0.3396370193014173,True,0.6046709001529962
78,0,0.01,0.33951680154771313,0.33939717006891423,0.33951678956964393,True,0.6048088001552969
79,0,0.01,0.33939717006891423,0.33927813361649745,0.3393971581504294,True,0.604946400038898
80,0,0.01,0.33927813361649745,0.33915968893796966,0.33927812175727096,True,0.6050831000320613
81,0,0.01,0.33915968893796966,0.33904183281373024,0.33915967713767875,True,0.6052194000221789
82,0,0.01,0.33904183281373024,0.3389245620559903,0.3390418210720553,True,0.6053555000107735
83,0,0.01,0.3389245620559903,0.3388078735077314,0.338924550372615,True,0.605493500130251
84,0,0.01,0.3388078735077314,0.33869176404170126,0.33880786188234213,True,0.6056312001310289
85,0,0.01,0.33869176404170126,0.3385762305594474,0.33869175247398753,True,0.6057828001212329
86,0,0.01,0.3385762305594474,0.33846126999038506,0.3385762190491015,True,0.6059240000322461
87,0,0.01,0.33846126999038506,0.33834687929076773,0.3384612585371019,True,0.6060631000436842
88,0,0.01,0.33834687929076773,0.3382330554391296,0.33834686789424473,True,0.6062019001692533
89,0,0.01,0.3382330554391296,0.33811979543889076,0.33823304409906635,True,0.6063399000559002
90,0,0.01,0.33811979543889076,0.33800709632230774,0.3381197841549898,True,0.6064783001784235
91,0,0.01,0.33800709632230774,0.33789495514534273,0.3380070850942741,True,0.6066160001792014
92,0,0.01,0.33789495514534273,0.33778336898692096,0.3378949439728837,True,0.6067549001891166
93,0,0.01,0.33778336898692096,0.337672334948215,0.33778335786974617,True,0.6068948002066463
94,0,0.01,0.337672334948215,0.3375618501519576,0.3376723238860362,True,0.6070328000932932
95,0,0.01,0.3375618501519576,0.3374519117417787,0.33756183914448856,True,0.6071706002112478
96,0,0.01,0.3374519117417787,0.33734251688156924,0.3374519007887353,True,0.6073076000902802
97,0,0.01,0.33734251688156924,0.33723366275486943,0.33734250598266946,True,0.6074448002036661
98,0,0.01,0.33723366275486943,0.3371253465642787,0.337233651909833,True,0.607582800090313
99,0,0.01,0.3371253465642787,0.33701756553089135,0.33712533577282733,True,0.6077293001580983
100,0,0.01,0.33701756553089135,0.3369103168937516,0.3370175547927484,True,0.6078745000995696
101,0,0.01,0.3369103168937516,0.33680359790933145,0.3369103062086424,True,0.608013299992308
102,0,0.01,0.33680359790933145,0.3366974058510288,0.33680358727698284,True,0.6081524000037462
103,0,0.01,0.3366974058510288,0.33659173800868547,0.3366973952711694,True,0.6082905000075698
104,0,0.01,0.33659173800868547,0.3364865916881238,0.33659172748104543,True,0.6084281001240015
105,0,0.01,0.3364865916881238,0.33638196421070315,0.33648658121243485,True,0.6085640001110733
106,0,0.01,0.33638196421070315,0.33627785291289247,0.3363819537866986,True,0.608697600197047
107,0,0.01,0.33627785291289247,0.3361742551456093,0.3362778425403071,True,0.608831100165844
108,0,0.01,0.3361742551456093,0.3360711682724221,0.33617424482417907,True,0.6089656001422554
109,0,0.01,0.3360711682724221,0.33596858967203364,0.3360711580018846,True,0.6090995001140982
110,0,0.01,0.33596858967203364,0.33586651673741097,0.3359685794521277,True,0.6092327001970261
111,0,0.01,0.33586651673741097,0.33576494687475056,0.335866506567877,True,0.6093658001627773
112,0,0.01,0.33576494687475056,0.3356638775031475,0.3357649367553301,True,0.6094985001254827
113,0,0.01,0.3356638775031475,0.33556330605427825,0.3356638674335834,True,0.6096316000912338
114,0,0.01,0.33556330605427825,0.335463229972097,0.3355632960343146,True,0.609777000034228
115,0,0.01,0.335463229972097,0.335363646712546,0.3354632200014791,True,0.6099115000106394
116,0,0.01,0.335363646712546,0.3352645537370609,0.3353636367910203,True,0.6100452002137899
117,0,0.01,0.3352645537370609,0.3351659484819741,0.3352645438643711,True,0.6101778000593185
118,0,0.01,0.3351659484819741,0.3350678284243299,0.3351659386578667,True,0.6103767000604421
119,0,0.01,0.3350678284243299,0.3349701910661792,0.3350678186485548,True,0.6105922001879662
120,0,0.01,0.3349701910661792,0.33487303392030465,0.3349701813384874,True,0.6107305001933128
121,0,0.01,0.33487303392030465,0.3347763545099979,0.33487302424044824,True,0.6108660001773387
122,0,0.01,0.3347763545099979,0.3346801503688468,0.33477634487772995,True,0.6110002000350505
123,0,0.01,0.3346801503688468,0.33458441904053343,0.33468014078392144,True,0.6111351000145078
124,0,0.01,0.33458441904053343,0.3344891580786406,0.3345844095027058,True,0.6112695001065731
125,0,0.01,0.3344891580786406,0.3343943650464687,0.33448914858766676,True,0.6114043002016842
126,0,0.01,0.3343943650464687,0.33430003751685955,0.33439435560210573,True,0.6115530000533909
127,0,0.01,0.33430003751685955,0.3342061730720311,0.33430002811886544,True,0.6117574002128094
128,0,0.01,0.3342061730720311,0.3341127693034188,0.3342061637201647,True,0.6119109001010656
129,0,0.01,0.3341127693034188,0.33401982381152484,0.33411275999744,True,0.6120840001385659
130,0,0.01,0.33401982381152484,0.3339273342057759,0.33401981455119434,True,0.6122220000252128
131,0,0.01,0.3339273342057759,0.3338352981043875,0.3339273249908553,True,0.6123565000016242
132,0,0.01,0.3338352981043875,0.3337437131342358,0.33383528893463926,True,0.6124907000921667
133,0,0.01,0.3337437131342358,0.3336525769307357,0.33374370400942327,True,0.6126261001918465
134,0,0.01,0.3336525769307357,0.3335618871377263,0.333652567850623,True,0.6127593000419438
135,0,0.01,0.3335618871377263,0.3334716414073616,0.33356187810207855,True,0.6128927001263946
136,0,0.01,0.3334716414073616,0.33338183740000793,0.3334716324159445,True,0.6130253002047539
137,0,0.01,0.33338183740000793,0.33329247278414753,0.33338182845258824,True,0.6131591000594199
138,0,0.01,0.33329247278414753,0.33320354523628637,0.33329246388049266,True,0.613291900139302
139,0,0.01,0.33320354523628637,0.33311505244086864,0.33320353637616457,True,0.6134961000643671
140,0,0.01,0.33311505244086864,0.3330269920901959,0.3331150436240489,True,0.6136354000773281
141,0,0.01,0.3330269920901959,0.33293936188400625,0.3330269833164481,True,0.6137707000598311
142,0,0.01,0.33293936188400625,0.3328521595259456,0.33293935315310064,True,0.6139082000590861
143,0,0.01,0.3328521595259456,0.33276538272901857,0.3328521508376532,True,0.6140438001602888
144,0,0.01,0.33276538272901857,0.332679029216299,0.3327653740831114,True,0.6141766000073403
145,0,0.01,0.332679029216299,0.33259309670340864,0.33267902061255,True,0.6143107002135366
146,0,0.01,0.33259309670340864,0.33250758284493914,0.332593088141583,True,0.6144453000742942
147,0,0.01,0.33250758284493914,0.33242248536828656,0.33250757432480793,True,0.614578900160268
148,0,0.01,0.33242248536828656,0.3323378020280266,0.33242247688962506,True,0.6147138001397252
149,0,0.01,0.3323378020280266,0.33225353058607765,0.33233779359061083,True,0.6148499001283199
150,0,0.01,0.33225353058607765,0.3321696688116605,0.3322535221896843,True,0.6149861000012606
151,0,0.01,0.3321696688116605,0.33208621448125997,0.3321696604560671,True,0.6151223999913782
152,0,0.01,0.33208621448125997,0.332003165378589,0.3320862061662447,True,0.6152602001093328
153,0,0.01,0.332003165378589,0.3319205192945578,0.3320031571039307,True,0.6154012000188231
154,0,0.01,0.3319205192945578,0.33183827402724386,0.33192051106003617,True,0.6155501999892294
155,0,0.01,0.33183827402724386,0.33175642738186595,0.33183826583263926,True,0.6156882999930531
156,0,0.01,0.33175642738186595,0.33167497716938593,0.33175641922695936,True,0.6158225000835955
157,0,0.01,0.33167497716938593,0.3315939211955535,0.3316749690539581,True,0.6159553001634777
158,0,0.01,0.3315939211955535,0.3315132572801542,0.33159391311938574,True,0.6160882001277059
159,0,0.01,0.3315132572801542,0.33143298325690207,0.3315132492430298,True,0.6162207000888884
160,0,0.01,0.33143298325690207,0.33135309696656234,0.3314329752586049,True,0.6163539001718163
161,0,0.01,0.33135309696656234,0.33127359625693864,0.33135308900687693,True,0.6164878001436591
162,0,0.01,0.33127359625693864,0.3311944789828626,0.33127358833565035,True,0.6166221001185477
163,0,0.01,0.3311944789828626,0.33111574300618474,0.3311944710997574,True,0.6167555002029985
164,0,0.01,0.33111574300618474,0.3310373861957679,0.3311157351610494,True,0.6168887000530958
165,0,0.01,0.3310373861957679,0.3309594064274813,0.3310373783883898,True,0.6170220000203699
166,0,0.01,0.3309594064274813,0.3308818015841973,0.33095939865764856,True,0.617155299987644
167,0,0.01,0.3308818015841973,0.3308045695557885,0.33088179385169875,True,0.61728800018318
168,0,0.01,0.3308045695557885,0.3307277082391278,0.3308045618604137,True,0.6174208000302315
169,0,0.01,0.3307277082391278,0.3306512155380873,0.3307277005806668,True,0.6175687999930233
170,0,0.01,0.3306512155380873,0.3305750893635414,0.3306512079163311,True,0.6177052001003176
171,0,0.01,0.3305750893635414,0.33049932763336953,0.3305750817782817,True,0.6178400001954287
172,0,0.01,0.33049932763336953,0.3304239282724592,0.33049932008439853,True,0.6179866001475602
173,0,0.01,0.3304239282724592,0.33034888921271166,0.33042392075956994,True,0.6181239001452923
174,0,0.01,0.33034888921271166,0.3302742083930479,0.3303488817356979,True,0.618258300004527
175,0,0.01,0.3302742083930479,0.3301998837594153,0.330274200951704,True,0.6183931000996381
176,0,0.01,0.3301998837594153,0.3301259132647953,0.3301998763535364,True,0.6185292000882328
177,0,0.01,0.3301259132647953,0.33005229486921184,0.33012590589417723,True,0.6186644001863897
178,0,0.01,0.33005229486921184,0.32997902653974104,0.3300522875336512,True,0.6188029001932591
179,0,0.01,0.32997902653974104,0.32990610625052036,0.32997901923903494,True,0.6189430002123117
180,0,0.01,0.32990610625052036,0.3298335319827589,0.3299060989844668,True,0.619079900206998
181,0,0.01,0.3298335319827589,0.3297613017247497,0.32983352475115657,True,0.619219700107351
182,0,0.01,0.3297613017247497,0.32968941347187947,0.32976129452739794,True,0.6193572001066059
183,0,0.01,0.32968941347187947,0.3296178652266417,0.3296894063085783,True,0.6195096001029015
184,0,0.01,0.3296178652266417,0.32954665499864877,0.32961785809719196,True,0.6196523001417518
185,0,0.01,0.32954665499864877,0.3294757808046445,0.32954664790285193,True,0.6197886001318693
186,0,0.01,0.3294757808046445,0.3294052406685173,0.3294757737423028,True,0.6199268000200391
187,0,0.01,0.3294052406685173,0.32933503262131314,0.32940523363943364,True,0.6200616999994963
188,0,0.01,0.32933503262131314,0.3292651547012498,0.32933502562529116,True,0.6201956002041698
189,0,0.01,0.3292651547012498,0.3291956049537298,0.32926514773809384,True,0.6203303001821041
190,0,0.01,0.3291956049537298,0.32912638143135503,0.329195598023245,True,0.6204651000443846
191,0,0.01,0.32912638143135503,0.32905748219393993,0.32912637453334714,True,0.6205992000177503
192,0,0.01,0.32905748219393993,0.32898890530852665,0.3290574753282155,True,0.6207322000991553
193,0,0.01,0.32898890530852665,0.3289206488493981,0.3289888984748929,True,0.620866000186652
194,0,0.01,0.3289206488493981,0.32885271089809337,0.328920642047663,True,0.6209992000367492
195,0,0.01,0.32885271089809337,0.32878508954342045,0.32885270412806566,True,0.6211336001288146
196,0,0.01,0.32878508954342045,0.32871778288147224,0.32878508280490953,True,0.6212672002147883
197,0,0.01,0.32871778288147224,0.32865078901563877,0.32871777617428827,True,0.621401300188154
198,0,0.01,0.32865078901563877,0.3285841060566227,0.3286507823395926,True,0.6215463001281023
199,0,0.01,0.3285841060566227,0.3285177321224524,0.328584099411526,True,0.621682400116697
200,0,0.01,0.3285177321224524,0.32845166533849623,0.32851772550811753,True,0.6218215001281351
201,0,0.01,0.32845166533849623,0.32838590383747596,0.32845165875473625,True,0.621957000112161
202,0,0.01,0.32838590383747596,0.32832044575394176,0.3283858972841047,True,0.622090500080958
203,0,0.01,0.32832044575394176,0.3282552892103813,0.32832043923077103,True,0.6222243001684546
204,0,0.01,0.3282552892103813,0.32819043235849726,0.32825528271722576,True,0.6223594001494348
205,0,0.01,0.32819043235849726,0.3281258733612139,0.32819042589517305,True,0.6224921001121402
206,0,0.01,0.3281258733612139,0.3280616103885577,0.3281258669275378,True,0.6226254000794142
207,0,0.01,0.3280616103885577,0.32799764161759554,0.32806160398434725,True,0.622759300051257
208,0,0.01,0.32799764161759554,0.3279339652335478,0.3279976352426691,True,0.6228929001372308
209,0,0.01,0.3279339652335478,0.32787057942908565,0.3279339588877244,True,0.6230262001045048
210,0,0.01,0.32787057942908565,0.3278074824043423,0.32787057311218515,True,0.6231579000595957
211,0,0.01,0.3278074824043423,0.3277446723651999,0.32780747611618527,True,0.6232897001318634
212,0,0.01,0.3277446723651999,0.32768214751681224,0.32774466610560665,True,0.6234228000976145
213,0,0.01,0.32768214751681224,0.3276199060794909,0.32768214128560447,True,0.6235677001532167
214,0,0.01,0.3276199060794909,0.3275579462835577,0.32761989987649137,True,0.623700900003314
215,0,0.01,0.3275579462835577,0.32749626636684337,0.32755794010859013,True,0.6238345000892878
216,0,0.01,0.32749626636684337,0.32743486457469667,0.327496260219732,True,0.623967100167647
217,0,0.01,0.32743486457469667,0.3273737391599937,0.32743485845526665,True,0.6241004001349211
218,0,0.01,0.3273737391599937,0.32731288838314526,0.3273737330680709,True,0.6242341999895871
219,0,0.01,0.32731288838314526,0.32725231051210574,0.32731288231855626,True,0.6243664000649005
220,0,0.01,0.32725231051210574,0.3271920038223799,0.3272523044746779,True,0.6244995000306517
221,0,0.01,0.3271920038223799,0.32713196659703003,0.3271919978119413,True,0.62463239999488
222,0,0.01,0.32713196659703003,0.32707219712668323,0.3271319606134096,True,0.6247655001934618
223,0,0.01,0.32707219712668323,0.327012693709537,0.3270721911697106,True,0.6248985000420362
224,0,0.01,0.327012693709537,0.32695345465136516,0.3270126877790425,True,0.6250299999956042
225,0,0.01,0.32695345465136516,0.3268944782654202,0.32695344874718,True,0.6251637001987547
226,0,0.01,0.3268944782654202,0.3268357628696882,0.32689447238737607,True,0.6252961000427604
227,0,0.01,0.3268357628696882,0.32677730678957617,0.32683575701761736,True,0.6254292000085115
228,0,0.01,0.32677730678957617,0.32671910836128704,0.32677730096331203,True,0.625575500074774
229,0,0.01,0.32671910836128704,0.3266611659286217,0.3267191025606638,True,0.6257103001698852
230,0,0.01,0.3266611659286217,0.32660347784298366,0.3266611601534743,True,0.6258449000306427
231,0,0.01,0.32660347784298366,0.32654604246290314,0.3266034720931478,True,0.6259781999979168
232,0,0.01,0.32654604246290314,0.3264888581526293,0.32654603673821503,True,0.6261122000869364
233,0,0.01,0.3264888581526293,0.3264319232859695,0.3264888524529261,True,0.6262454001698643
234,0,0.01,0.3264319232859695,0.3263752362447827,0.3264319176110892,True,0.6263784000184387
235,0,0.01,0.3263752362447827,0.32631879541853753,0.3263752305945641,True,0.6265122001059353
236,0,0.01,0.32631879541853753,0.3262625992043141,0.3263187897928201,True,0.6266461000777781
237,0,0.01,0.3262625992043141,0.3262066460068018,0.32626259360293813,True,0.6267790000420064
238,0,0.01,0.3262066460068018,0.32615093423830144,0.32620664042960834,True,0.6269112001173198
239,0,0.01,0.32615093423830144,0.3260954623187215,0.3261509286851323,True,0.6270454002078623
240,0,0.01,0.3260954623187215,0.32604022867557847,0.3260954567894192,True,0.6272392000537366
241,0,0.01,0.32604022867557847,0.325985231743994,0.3260402231699864,True,0.6273819000925869
242,0,0.01,0.325985231743994,0.32593046996669317,0.3259852262619562,True,0.6275183001998812
243,0,0.01,0.32593046996669317,0.3258759417940004,0.32593046450805446,True,0.6276526001747698
244,0,0.01,0.3258759417940004,0.3258216456838372,0.32587593635860646,True,0.6277864000294358
245,0,0.01,0.3258216456838372,0.325767580101718,0.3258216402715343,True,0.6279200001154095
246,0,0.01,0.325767580101718,0.32571374352074567,0.3257675747123533,True,0.6280539000872523
247,0,0.01,0.32571374352074567,0.32566013442160663,0.32571373815416704,True,0.6281872000545263
248,0,0.01,0.32566013442160663,0.32560675129256617,0.32566012907766273,True,0.6283207000233233
249,0,0.01,0.32560675129256617,0.32555359262946226,0.32560674597110634,True,0.6284545999951661
250,0,0.01,0.32555359262946226,0.32550065693569996,0.32555358733033674,True,0.6285891002044082
251,0,0.01,0.32550065693569996,0.32544794272224437,0.3255006516587596,True,0.6287227000575513
252,0,0.01,0.32544794272224437,0.3253954485076135,0.3254479374673408,True,0.6288550000172108
253,0,0.01,0.3253954485076135,0.32534317281787145,0.3253954432745992,True,0.6289884999860078
254,0,0.01,0.32534317281787145,0.32529111418662027,0.3253431676065996,True,0.6291211000643671
255,0,0.01,0.32529111418662027,0.3252392711549909,0.32529110899694474,True,0.6292656001169235
256,0,0.01,0.3252392711549909,0.32518764227163577,0.3252392659867664,True,0.6294017001055181
257,0,0.01,0.32518764227163577,0.32513622609271836,0.3251876371247177,True,0.6295400001108646
258,0,0.01,0.32513622609271836,0.32508502118190424,0.32513622096696293,True,0.629688800079748
259,0,0.01,0.32508502118190424,0.3250340261103507,0.3250850160771684,True,0.6298259000759572
260,0,0.01,0.3250340261103507,0.3249832394566968,0.3250340210264921,True,0.6299590000417084
261,0,0.01,0.3249832394566968,0.32493265980705177,0.32498323439357385,True,0.6300918001215905
262,0,0.01,0.32493265980705177,0.32488228575498396,0.32493265476452365,True,0.6302254002075642
263,0,0.01,0.32488228575498396,0.3248321159015099,0.3248822807329106,True,0.6303591001778841
264,0,0.01,0.3248321159015099,0.32478214885508117,0.32483211089975195,True,0.6304920001421124
265,0,0.01,0.32478214885508117,0.32473238323157216,0.3247821438735,True,0.6306247999891639
266,0,0.01,0.32473238323157216,0.32468275154290127,0.32473237827002993,True,0.6307585001923144
267,0,0.01,0.32468275154290127,0.3246331973007566,0.32468274658248014,True,0.6308920001611114
268,0,0.01,0.3246331973007566,0.3245838422285285,0.32463319236028687,True,0.6310269001405686
269,0,0.01,0.3245838422285285,0.32453468495463644,0.32458383730787277,True,0.6311614001169801
270,0,0.01,0.32453468495463644,0.32448572411506005,0.32453468005365815,True,0.6313078000675887
271,0,0.01,0.32448572411506005,0.32443695835331854,0.32448571923362335,True,0.6314437000546604
272,0,0.01,0.32443695835331854,0.32438837019299904,0.32443695349128837,True,0.6315778000280261
273,0,0.01,0.32438837019299904,0.3243399493576481,0.3243883653461114,True,0.6317119000013918
274,0,0.01,0.3243399493576481,0.3242917200012709,0.3243399445299417,True,0.6318459000904113
275,0,0.01,0.3242917200012709,0.32424368079278776,0.32429171519261246,True,0.6319790000561625
276,0,0.01,0.32424368079278776,0.3241958304086293,0.32424367600304477,True,0.6321114001329988
277,0,0.01,0.3241958304086293,0.32414816753271325,0.32419582563766997,True,0.6322447001002729
278,0,0.01,0.32414816753271325,0.324100690856422,0.32414816278040653,True,0.6323784000705928
279,0,0.01,0.324100690856422,0.32405339907857983,0.32410068612263754,True,0.6325116001535207
280,0,0.01,0.32405339907857983,0.3240062909054296,0.3240533943631881,True,0.6326450000051409
281,0,0.01,0.3240062909054296,0.3239593650506096,0.3240062862083018,True,0.6327776000835001
282,0,0.01,0.3239593650506096,0.3239123239093581,0.3239593603716176,True,0.6329108001664281
283,0,0.01,0.3239123239093581,0.3238649083833878,0.32391231916309704,True,0.6330435001291335
284,0,0.01,0.3238649083833878,0.3238176804985027,0.3238649036559248,True,0.6331766000948846
285,0,0.01,0.3238176804985027,0.32377063890192265,0.3238176757897022,True,0.6333226000424474
286,0,0.01,0.32377063890192265,0.32372378224953235,0.32377063421165014,True,0.6334584001451731
287,0,0.01,0.32372378224953235,0.32367710920582204,0.32372377757765397,True,0.6336058999877423
288,0,0.01,0.32367710920582204,0.3236306184438291,0.32367710455220494,True,0.6337419000919908
289,0,0.01,0.3236306184438291,0.3235842125541165,0.3236306138083412,True,0.6338751001749188
290,0,0.01,0.3235842125541165,0.3235378776109557,0.32358420791627956,True,0.6340088001452386
291,0,0.01,0.3235378776109557,0.3234916739348095,0.32353787298607267,True,0.6341425001155585
292,0,0.01,0.3234916739348095,0.32344565019680094,0.3234916693279534,True,0.6342753001954406
293,0,0.01,0.32344565019680094,0.323399805075288,0.32344564560783945,True,0.6344081000424922
294,0,0.01,0.323399805075288,0.32335413725753603,0.32339980050408956,True,0.6345412000082433
295,0,0.01,0.32335413725753603,0.3233086454396449,0.3233541327039701,True,0.6346738000866026
296,0,0.01,0.3233086454396449,0.3232633240247827,0.3233086409035817,True,0.6348067000508308
297,0,0.01,0.3232633240247827,0.3232181288231549,0.32326331950092835,True,0.6349462000653148
298,0,0.01,0.3232181288231549,0.3231731063326032,0.32321812431660374,True,0.63508510007523
299,0,0.01,0.3231731063326032,0.3231282512035364,0.32317310184322723,True,0.6352195001672953
300,0,0.01,0.3231282512035364,0.3230835590752128,0.3231282467300815,True,0.6355297002010047
301,0,0.01,0.3230835590752128,0.3230390359863801,0.3230835546186933,True,0.635737800039351
302,0,0.01,0.3230390359863801,0.3229946806814532,0.3230390315466704,True,0.6359201001469046
303,0,0.01,0.3229946806814532,0.322950491911209,0.322994676258428,True,0.6360965000931174
304,0,0.01,0.322950491911209,0.3229063729455127,0.3229504875047444,True,0.6362680001184344
305,0,0.01,0.3229063729455127,0.32286230047333125,0.32290636853430343,True,0.636442800052464
306,0,0.01,0.32286230047333125,0.32281838354480286,0.3228622960775179,True,0.6366084001492709
307,0,0.01,0.32281838354480286,0.32277463080292346,0.32281837916543915,True,0.6367732000071555
308,0,0.01,0.32277463080292346,0.3227310410122166,0.32277462643988564,True,0.6369398001115769
309,0,0.01,0.3227310410122166,0.3226875459784226,0.32273103666538183,True,0.6372929001227021
310,0,0.01,0.3226875459784226,0.3226440586967993,0.3226875416256338,True,0.6374755001161247
311,0,0.01,0.3226440586967993,0.3226007332066232,0.32264405436022064,True,0.6376246002037078
312,0,0.01,0.3226007332066232,0.3225575682717735,0.3226007288861309,True,0.637764000101015
313,0,0.01,0.3225575682717735,0.3225145409129806,0.3225575639672447,True,0.6379021001048386
314,0,0.01,0.3225145409129806,0.32247164456461097,0.3225145366193927,True,0.6380396999884397
315,0,0.01,0.32247164456461097,0.3224289057200892,0.32247164028680375,True,0.6381779999937862
316,0,0.01,0.3224289057200892,0.322386298668838,0.3224289014579418,True,0.6383152999915183
317,0,0.01,0.322386298668838,0.322343817826336,0.32238629441687494,True,0.6384535999968648
318,0,0.01,0.322343817826336,0.32230148108791234,0.3223438135898571,True,0.6385927000083029
319,0,0.01,0.32230148108791234,0.32225925808582834,0.3223014768617778,True,0.6387298000045121
320,0,0.01,0.32225925808582834,0.32221718483405376,0.32225925387500026,True,0.6388824000023305
321,0,0.01,0.32221718483405376,0.32217525361429344,0.32221718063715277,True,0.6390228001400828
322,0,0.01,0.32217525361429344,0.3221334729595502,0.32217524943247816,True,0.6391600000206381
323,0,0.01,0.3221334729595502,0.3220918417051588,0.32213346879270394,True,0.6392979000229388
324,0,0.01,0.3220918417051588,0.32205035869518495,0.3220918375531658,True,0.6394341001287103
325,0,0.01,0.32205035869518495,0.3220090227823388,0.32205035455793024,True,0.6395721000153571
326,0,0.01,0.3220090227823388,0.32196781654717327,0.32200901865970827,True,0.639709500130266
327,0,0.01,0.32196781654717327,0.32192653326424403,0.32196781241516653,True,0.6398467000108212
328,0,0.01,0.32192653326424403,0.32188539652791737,0.32192652914692094,True,0.6399844000115991
329,0,0.01,0.32188539652791737,0.32184440517738766,0.32188539242516234,True,0.640121900010854
330,0,0.01,0.32184440517738766,0.32180355803300065,0.32184440108908213,True,0.6402561001013964
331,0,0.01,0.32180355803300065,0.32176284521301673,0.32180355395903004,True,0.6403893001843244
332,0,0.01,0.32176284521301673,0.32172222734433487,0.3217628411476784,True,0.6405222001485527
333,0,0.01,0.32172222734433487,0.3216817509638933,0.32172222329317335,True,0.6406549999956042
334,0,0.01,0.3216817509638933,0.32164141495435994,0.3216817469267967,True,0.640788100194186
335,0,0.01,0.32164141495435994,0.32160121820717635,0.3216414109312172,True,0.6409334000200033
336,0,0.01,0.32160121820717635,0.32156115962246007,0.32160121419787724,True,0.6410676999948919
337,0,0.01,0.32156115962246007,0.32152121746363127,0.32156115562689525,True,0.6412080000154674
338,0,0.01,0.32152121746363127,0.3214813798166066,0.3215212134765495,True,0.641354100080207
339,0,0.01,0.3214813798166066,0.3214416655361211,0.3214813758417992,True,0.6414883001707494
340,0,0.01,0.3214416655361211,0.3214020858847719,0.32144166157480336,True,0.6416207000147551
341,0,0.01,0.3214020858847719,0.32136263979303215,0.32140208193683684,True,0.6417543001007289
342,0,0.01,0.32136263979303215,0.3213233261997756,0.3213626358583733,True,0.641887100180611
343,0,0.01,0.3213233261997756,0.32128413557991964,0.3213233222782876,True,0.6420197000261396
344,0,0.01,0.32128413557991964,0.3212450591779889,0.32128413166902475,True,0.6421519001014531
345,0,0.01,0.3212450591779889,0.32120611243658503,0.32124505528008596,True,0.6422847001813352
346,0,0.01,0.32120611243658503,0.3211672943227515,0.3212061085515706,True,0.6424183000344783
347,0,0.01,0.3211672943227515,0.3211286038116026,0.32116729045052284,True,0.6425505999941379
348,0,0.01,0.3211286038116026,0.3210900322760836,0.32112859995205784,True,0.6426832000724971
349,0,0.01,0.3210900322760836,0.32105154115707446,0.32109002842382856,True,0.6428163000382483
350,0,0.01,0.32105154115707446,0.3210131752519275,0.32105153731736596,True,0.6436153000686318
351,0,0.01,0.3210131752519275,0.32097493284748735,0.3210131714246651,True,0.6440583001822233
352,0,0.01,0.32097493284748735,0.3209368021011531,0.32097492903228597,True,0.6444463001098484
353,0,0.01,0.3209368021011531,0.32089874902063253,0.3209367982927845,True,0.644620600156486
354,0,0.01,0.32089874902063253,0.32086081786188464,0.3208987452244807,True,0.6447617001831532
355,0,0.01,0.32086081786188464,0.32082300755364357,0.32086081407785133,True,0.6448986001778394
356,0,0.01,0.32082300755364357,0.32078531437745117,0.32082300378133777,True,0.645036700181663
357,0,0.01,0.32078531437745117,0.32074774023783237,0.3207853106170731,True,0.6451723000500351
358,0,0.01,0.32074774023783237,0.3207102841758308,0.32074773648928595,True,0.6453078000340611
359,0,0.01,0.3207102841758308,0.3206729452392262,0.32071028043902067,True,0.6454421000089496
360,0,0.01,0.3206729452392262,0.3206357224833709,0.3206729415140577,True,0.6455783001147211
361,0,0.01,0.3206357224833709,0.32059833799782766,0.32063571876974994,True,0.6457125002052635
362,0,0.01,0.32059833799782766,0.32056061285590676,0.320598334222246,True,0.6458460001740605
363,0,0.01,0.32056061285590676,0.3205230098863644,0.3205606090925682,True,0.6459980001673102
364,0,0.01,0.3205230098863644,0.3204855280563538,0.32052300613516554,True,0.6461367001757026
365,0,0.01,0.3204855280563538,0.32044816235789186,0.320485524317192,True,0.6462733000516891
366,0,0.01,0.32044816235789186,0.3204109057445742,0.3204481586293483,True,0.6464088000357151
367,0,0.01,0.3204109057445742,0.3203737648403953,0.3204109020275383,True,0.6465444001369178
368,0,0.01,0.3203737648403953,0.32033674124972833,0.3203737611351156,True,0.6466807001270354
369,0,0.01,0.32033674124972833,0.32029983398173556,0.3203367375561056,True,0.6468158999923617
370,0,0.01,0.32029983398173556,0.32026298522023167,0.32029983029967135,True,0.6469495000783354
371,0,0.01,0.32026298522023167,0.32022261290000675,0.3202629811789878,True,0.6470904001034796
372,0,0.01,0.32022261290000675,0.32018240024176525,0.32022260887476905,True,0.6472559000831097
373,0,0.01,0.32018240024176525,0.32014234565734995,0.32018239623237443,True,0.6474147001281381
374,0,0.01,0.32014234565734995,0.3201023836099004,0.3201423416636487,True,0.6475531000178307
375,0,0.01,0.3201023836099004,0.32006235507869324,0.3201023796030953,True,0.6476893001236022
376,0,0.01,0.32006235507869324,0.3200224838236407,0.32006235108765535,True,0.6478248999919742
377,0,0.01,0.3200224838236407,0.31998276794700187,0.32002247984821214,True,0.6479716000612825
378,0,0.01,0.31998276794700187,0.3199432054311556,0.3199827639869151,True,0.6481080001685768
379,0,0.01,0.3199432054311556,0.3199037955496968,0.3199432014863704,True,0.6482645000796765
380,0,0.01,0.3199037955496968,0.319864536782148,0.31990379162006094,True,0.6484003001824021
381,0,0.01,0.319864536782148,0.3198253635440611,0.31986453286751043,True,0.6485362001694739
382,0,0.01,0.3198253635440611,0.31978520174330116,0.3198253595353538,True,0.6486710000317544
383,0,0.01,0.31978520174330116,0.3197449982535085,0.31978519772197905,True,0.6488056001253426
384,0,0.01,0.3197449982535085,0.31970468786862377,0.3197449942185016,True,0.6489409001078457
385,0,0.01,0.31970468786862377,0.31966454004040373,0.31970468384972645,True,0.6490746000781655
386,0,0.01,0.31966454004040373,0.3196245559141051,0.31966453603791994,True,0.6492079000454396
387,0,0.01,0.3196245559141051,0.31958473376876617,0.31962455192786215,True,0.6493411001283675
388,0,0.01,0.31958473376876617,0.31954507190729253,0.31958472979859376,True,0.6494743002112955
389,0,0.01,0.31954507190729253,0.31950512386739116,0.3195450679530227,True,0.6496078001800925
390,0,0.01,0.31950512386739116,0.31946436515433846,0.31950511981276647,True,0.6498279999941587
391,0,0.01,0.31946436515433846,0.3194227471314932,0.3194643609878602,True,0.6499746001791209
392,0,0.01,0.3194227471314932,0.3193812566605754,0.3194227429836651,True,0.6501132000703365
393,0,0.01,0.3193812566605754,0.31933955123630775,0.31938125248823074,True,0.6502537000924349
394,0,0.01,0.31933955123630775,0.31929797781716834,0.31933954707426,True,0.6503886000718921
395,0,0.01,0.31929797781716834,0.31925659154716446,0.3192979736738891,True,0.6505221000406891
396,0,0.01,0.31925659154716446,0.3192153902985339,0.3192565874224402,True,0.650655800011009
397,0,0.01,0.3192153902985339,0.31917437197665927,0.3192153861921542,True,0.6507902001030743
398,0,0.01,0.31917437197665927,0.31913337339934267,0.3191743678884172,True,0.6509236001875252
399,0,0.01,0.31913337339934267,0.3190908502570893,0.31913336915346885,True,0.6510570000391454
400,0,0.01,0.3190908502570893,0.3190481976173063,0.31909084598665005,True,0.6511982001829892
401,0,0.01,0.3190481976173063,0.31900571453881893,0.3190481933675046,True,0.6513335001654923
402,0,0.01,0.31900571453881893,0.31896337567980804,0.31900571029984454,True,0.651469400152564
403,0,0.01,0.31896337567980804,0.3189212391320644,0.3189633714611256,True,0.6516041001304984
404,0,0.01,0.3189212391320644,0.318879302482602,0.3189212349334316,True,0.6517390999943018
405,0,0.01,0.318879302482602,0.31883742979916785,0.31887929830378053,True,0.6518733000848442
406,0,0.01,0.31883742979916785,0.3187954947262237,0.31883742560415584,True,0.652019000146538
407,0,0.01,0.3187954947262237,0.31875327722909874,0.318795490503929,True,0.652190700173378
408,0,0.01,0.31875327722909874,0.3187111850581872,0.3187532730148039,True,0.6523456000722945
409,0,0.01,0.3187111850581872,0.318669294761834,0.31871118086414096,True,0.6524835000745952
410,0,0.01,0.318669294761834,0.3186276039126426,0.3186692905877927,True,0.6526198000647128
411,0,0.01,0.3186276039126426,0.31858611012334304,0.31862759975836646,True,0.6527536001522094
412,0,0.01,0.31858611012334304,0.318544591352087,0.3185861059885963,True,0.6528874000068754
413,0,0.01,0.318544591352087,0.318502694658386,0.31854458715877226,True,0.653020900208503
414,0,0.01,0.318502694658386,0.318460913959729,0.31850269047614876,True,0.6531543000601232
415,0,0.01,0.318460913959729,0.31841929315206124,0.3184609097926514,True,0.6532878000289202
416,0,0.01,0.31841929315206124,0.31837787099649417,0.3184192890049093,True,0.65342149999924
417,0,0.01,0.31837787099649417,0.3183366450971592,0.31837786686902725,True,0.6535556002054363
418,0,0.01,0.3183366450971592,0.3182956130974176,0.31833664098914066,True,0.653689700178802
419,0,0.01,0.3182956130974176,0.3182547687012195,0.3182956090086147,True,0.6538237000349909
420,0,0.01,0.3182547687012195,0.31821402425110934,0.3182547646289265,True,0.6539678000845015
421,0,0.01,0.31821402425110934,0.3181733471326549,0.3182140201786693,True,0.6541053000837564
422,0,0.01,0.3181733471326549,0.31813285800758406,0.3181733430790704,True,0.6542414000723511
423,0,0.01,0.31813285800758406,0.31809255464331787,0.318132853972631,True,0.6543761000502855
424,0,0.01,0.31809255464331787,0.3180524348422982,0.3180925506267757,True,0.6545112000312656
425,0,0.01,0.3180524348422982,0.3180124601176513,0.3180524308439497,True,0.6546447000000626
426,0,0.01,0.3180124601176513,0.31797260528561544,0.3180124561276775,True,0.6547780002001673
427,0,0.01,0.31797260528561544,0.31793292791200206,0.3179726013135503,True,0.6549116000533104
428,0,0.01,0.31793292791200206,0.3178934222610238,0.31793292395704864,True,0.6550447000190616
429,0,0.01,0.3178934222610238,0.3178540911108153,0.3178934183235716,True,0.6551776002161205
430,0,0.01,0.3178540911108153,0.3178149324324566,0.3178540871906606,True,0.6553133002016693
431,0,0.01,0.3178149324324566,0.3177759442273112,0.31781492852939885,True,0.6554475000593811
432,0,0.01,0.3177759442273112,0.3177371245263192,0.3177759403411527,True,0.6555819001514465
433,0,0.01,0.3177371245263192,0.3176984663003661,0.31773712065686527,True,0.6557152001187205
434,0,0.01,0.3176984663003661,0.3176599554544769,0.31769846244518046,True,0.6558492002077401
435,0,0.01,0.3176599554544769,0.3176216077034212,0.31765995161564764,True,0.655991000123322
436,0,0.01,0.3176216077034212,0.3175834211838791,0.3176216038807613,True,0.6561293001286685
437,0,0.01,0.3175834211838791,0.3175453940590501,0.31758341737720436,True,0.6562636001035571
438,0,0.01,0.3175453940590501,0.31750752451806724,0.31754539026817863,True,0.6563979000784457
439,0,0.01,0.31750752451806724,0.3174698107754296,0.31750752074281996,True,0.6565325001720339
440,0,0.01,0.3174698107754296,0.3174322510704517,0.31746980701562977,True,0.6566673000343144
441,0,0.01,0.3174322510704517,0.31739484366673226,0.3174322473259252,True,0.6568025001324713
442,0,0.01,0.31739484366673226,0.31735758685163745,0.3173948399373071,True,0.656936899991706
443,0,0.01,0.31735758685163745,0.31732047893580106,0.3173575831371442,True,0.6570708001963794
444,0,0.01,0.31732047893580106,0.31728351825264056,0.31732047523607243,True,0.6572046000510454
445,0,0.01,0.31728351825264056,0.3172467031578869,0.3172835145675116,True,0.6573377000167966
446,0,0.01,0.3172467031578869,0.31721003202912923,0.3172466994871948,True,0.6574708002153784
447,0,0.01,0.31721003202912923,0.3171735032653739,0.31721002837271345,True,0.6576041001826525
448,0,0.01,0.3171735032653739,0.31713711528661537,0.31717349962307584,True,0.6577370001468807
449,0,0.01,0.31713711528661537,0.3171008665334212,0.31713711165827857,True,0.6578707001172006
450,0,0.01,0.3171008665334212,0.3170647554665287,0.3171008629188913,True,0.6580149000510573
451,0,0.01,0.3170647554665287,0.3170287805664538,0.3170647518656532,True,0.6581498000305146
452,0,0.01,0.3170287805664538,0.31699294033311065,0.3170287769790822,True,0.6582847000099719
453,0,0.01,0.31699294033311065,0.31695723328538106,0.31699293675909446,True,0.6584193001035601
454,0,0.01,0.31695723328538106,0.31692165795922544,0.31695722972457346,True,0.6585528000723571
455,0,0.01,0.31692165795922544,0.31688621290893937,0.3169216544114813,True,0.658686000155285
456,0,0.01,0.31688621290893937,0.3168508967085509,0.3168862093741156,True,0.6588210000190884
457,0,0.01,0.3168508967085509,0.31681570794974323,0.3168508931865063,True,0.6589554001111537
458,0,0.01,0.31681570794974323,0.3167806452415356,0.31681570444033824,True,0.6590886001940817
459,0,0.01,0.3167806452415356,0.31674570720997197,0.31678064174463244,True,0.6592220000457019
460,0,0.01,0.31674570720997197,0.31671089249782036,0.3167457037254345,True,0.6593550001271069
461,0,0.01,0.31671089249782036,0.3166761997642785,0.31671088902551403,True,0.659488000208512
462,0,0.01,0.3166761997642785,0.3166416276846882,0.3166761963040705,True,0.6596207001712173
463,0,0.01,0.3166416276846882,0.31660717495025753,0.3166416242364472,True,0.6597539000213146
464,0,0.01,0.31660717495025753,0.3165728402677903,0.3166071715138539,True,0.6598867999855429
465,0,0.01,0.3165728402677903,0.3165386223594224,0.31657283684309584,True,0.6600320001598448
466,0,0.01,0.3165386223594224,0.31650451996236595,0.3165386189463104,True,0.6601661001332104
467,0,0.01,0.31650451996236595,0.3164705318286582,0.3165045165607113,True,0.6603008001111448
468,0,0.01,0.3164705318286582,0.3164366567249196,0.31647052843833723,True,0.660514600109309
469,0,0.01,0.3164366567249196,0.31640289343211575,0.31643665334581006,True,0.6607703000772744
470,0,0.01,0.31640289343211575,0.31636924074532613,0.3164028900640967,True,0.6609093002043664
471,0,0.01,0.31636924074532613,0.31633569747350987,0.3163692373882782,True,0.6610503999982029
472,0,0.01,0.31633569747350987,0.3163022624391034,0.316335694127315,True,0.6611844000872225
473,0,0.01,0.3163022624391034,0.31626893447801624,0.3163022591036448,True,0.6613180001731962
474,0,0.01,0.31626893447801624,0.3162357124395856,0.3162689311531785,True,0.661452200030908
475,0,0.01,0.3162357124395856,0.3162025951861912,0.3162357091252546,True,0.6615869000088423
476,0,0.01,0.3162025951861912,0.31616958159305475,0.31620259188225425,True,0.6617200002074242
477,0,0.01,0.31616958159305475,0.3161366705480466,0.31616957829940023,True,0.6618533001746982
478,0,0.01,0.3161366705480466,0.3161038609514947,0.3161366672645643,True,0.6619964002165943
479,0,0.01,0.3161038609514947,0.3160711517160004,0.3161038576780755,True,0.6621685000136495
480,0,0.01,0.3160711517160004,0.3160385417662564,0.31607114845253653,True,0.662306800018996
481,0,0.01,0.3160385417662564,0.31600603003886985,0.3160385385126412,True,0.6624414001125842
482,0,0.01,0.31600603003886985,0.3159736154821896,0.31600602679499784,True,0.6625754002016038
483,0,0.01,0.3159736154821896,0.31594129705613666,0.3159736122479565,True,0.6627093001734465
484,0,0.01,0.31594129705613666,0.315909073732039,0.3159412938314394,True,0.6628422001376748
485,0,0.01,0.315909073732039,0.3158769444924697,0.31590907051677547,True,0.6629763001110405
486,0,0.01,0.3158769444924697,0.31584490833108897,0.31587694128653904,True,0.6631108000874519
487,0,0.01,0.31584490833108897,0.3158129642524883,0.3158449051343913,True,0.6632442001719028
488,0,0.01,0.3158129642524883,0.3157811112720403,0.3158129610649249,True,0.663377300137654
489,0,0.01,0.3157811112720403,0.31574934841574936,0.3157811080935135,True,0.6635100999847054
490,0,0.01,0.31574934841574936,0.3157176747201069,0.31574934524616266,True,0.6636425000615418
491,0,0.01,0.3157176747201069,0.31568608923194846,0.31571767155936464,True,0.6637747001368552
492,0,0.01,0.31568608923194846,0.31565459100831517,0.3156860860799561,True,0.6639076001010835
493,0,0.01,0.31565459100831517,0.31562317911631665,0.31565458786497913,True,0.664053900167346
494,0,0.01,0.31562317911631665,0.3155918526329976,0.31562317598154443,True,0.6641875000204891
495,0,0.01,0.3155918526329976,0.31556061064520624,0.31559184950669766,True,0.6643203999847174
496,0,0.01,0.31556061064520624,0.3155294522494664,0.315560607527288,True,0.664454200072214
497,0,0.01,0.3155294522494664,0.31549837655185065,0.31552944913984016,True,0.664587200153619
498,0,0.01,0.31549837655185065,0.31546738266785757,0.3154983734504278,True,0.6647193999961019
499,0,0.01,0.31546738266785757,0.3154364697222899,0.3154673795745503,True,0.6648518000729382
500,0,0.01,0.3154364697222899,0.3154056368491357,0.3154364666370114,True,0.6649897000752389
501,0,0.01,0.3154056368491357,0.3153748831914518,0.3154056337718001,True,0.6651224000379443
502,0,0.01,0.3153748831914518,0.3153442079012493,0.315374880121974,True,0.6652550001163036
503,0,0.01,0.3153442079012493,0.3153136101393803,0.31534420483954523,True,0.6653880001977086
504,0,0.01,0.3153136101393803,0.31528308907542885,0.31531360708536665,True,0.6655209001619369
505,0,0.01,0.31528308907542885,0.31525264388760127,0.3152830860290233,True,0.6656543000135571
506,0,0.01,0.31525264388760127,0.31522227376262024,0.3152526408487222,True,0.6658000000752509
507,0,0.01,0.31522227376262024,0.31519197789562026,0.31522227073118697,True,0.6659343000501394
508,0,0.01,0.31519197789562026,0.3151617554900443,0.3151919748715529,True,0.6660685001406819
509,0,0.01,0.3151617554900443,0.3151316057575436,0.31516175247326395,True,0.666201600106433
510,0,0.01,0.3151316057575436,0.31510152791787743,0.3151316027479719,True,0.6663342001847923
511,0,0.01,0.31510152791787743,0.31507152119881654,0.31510152491543697,True,0.6664676000364125
512,0,0.01,0.31507152119881654,0.31504158483604616,0.31507151820343077,True,0.6666006001178175
513,0,0.01,0.31504158483604616,0.3150117180730724,0.31504158184763914,True,0.6667339000850916
514,0,0.01,0.3150117180730724,0.31498192016112897,0.3150117150915691,True,0.6668674000538886
515,0,0.01,0.31498192016112897,0.3149521903590864,0.31498191718645513,True,0.6669995000120252
516,0,0.01,0.3149521903590864,0.31492252793336184,0.3149521873911684,True,0.6671313000842929
517,0,0.01,0.31492252793336184,0.31489293215783076,0.31492252497212697,True,0.6672639001626521
518,0,0.01,0.31489293215783076,0.3148634023137401,0.3148929292032069,True,0.6673962001223117
519,0,0.01,0.3148634023137401,0.31483393768962253,0.31486339936565594,True,0.66752910008654
520,0,0.01,0.31483393768962253,0.31480453758121263,0.3148339347480074,True,0.6676629001740366
521,0,0.01,0.31480453758121263,0.3147752012913635,0.3148045346459967,True,0.6678088000044227
522,0,0.01,0.3147752012913635,0.31474592812996516,0.3147751983624776,True,0.6679448999930173
523,0,0.01,0.31474592812996516,0.3147167174138646,0.3147459252073408,True,0.6680794002022594
524,0,0.01,0.3147167174138646,0.3146875684667859,0.31471671449743394,True,0.6682130000554025
525,0,0.01,0.3146875684667859,0.3146584806192529,0.31468756555648186,True,0.6683471000287682
526,0,0.01,0.3146584806192529,0.3146294532085119,0.31465847771500904,True,0.6684811001177877
527,0,0.01,0.3146294532085119,0.3146004855784561,0.3146294503102624,True,0.6686149002052844
528,0,0.01,0.3146004855784561,0.3145715770795511,0.3146004826861359,True,0.6687829000875354
529,0,0.01,0.3145715770795511,0.3145427270687613,0.31457157419309567,True,0.6689306001644582
530,0,0.01,0.3145427270687613,0.31451393490947743,0.31454272418810686,True,0.6690670000389218
531,0,0.01,0.31451393490947743,0.3144851999714453,0.3145139320345608,True,0.6692016001325101
532,0,0.01,0.3144851999714453,0.31445652163069515,0.31448519710220396,True,0.6693351999856532
533,0,0.01,0.31445652163069515,0.31442789926947246,0.3144565187670671,True,0.6694685001857579
534,0,0.01,0.31442789926947246,0.31439933227616956,0.3144278964113964,True,0.6696015000343323
535,0,0.01,0.31439933227616956,0.31437082004525785,0.31439932942358484,True,0.669743400067091
536,0,0.01,0.31437082004525785,0.31434236197722165,0.31437081719810434,True,0.6698817000724375
537,0,0.01,0.31434236197722165,0.31431395747849245,0.31434235913543984,True,0.6700169001705945
538,0,0.01,0.31431395747849245,0.31428560596138366,0.3143139546420234,True,0.670151200145483
539,0,0.01,0.31428560596138366,0.31425730684402786,0.31428560313016907,True,0.670285000000149
540,0,0.01,0.31425730684402786,0.31422905955031283,0.31425730401800994,True,0.6704193002078682
541,0,0.01,0.31422905955031283,0.3142008635098196,0.3142290567294344,True,0.6705519000533968
542,0,0.01,0.3142008635098196,0.3141727181577614,0.3142008606940241,True,0.6706852000206709
543,0,0.01,0.3141727181577614,0.3141446229349231,0.3141727153469927,True,0.6708182999864221
544,0,0.01,0.3141446229349231,0.3141165772876011,0.31414462012912575,True,0.6709509000647813
545,0,0.01,0.3141165772876011,0.31408858066754486,0.31411657448672015,True,0.6710836000274867
546,0,0.01,0.31408858066754486,0.31406063253189864,0.31408857787152583,True,0.6712168001104146
547,0,0.01,0.31406063253189864,0.3140327323431435,0.31406062974068766,True,0.6713498001918197
548,0,0.01,0.3140327323431435,0.3140048795690414,0.3140327295566872,True,0.6714820000343025
549,0,0.01,0.3140048795690414,0.3139770736825758,0.314004876787287,True,0.671614499995485
550,0,0.01,0.3139770736825758,0.31394931416163924,0.313977070905471,True,0.6717563001438975
551,0,0.01,0.31394931416163924,0.31392160048909373,0.31394931138913207,True,0.6718926001340151
552,0,0.01,0.31392160048909373,0.31389393215333167,0.313921597721133,True,0.6720259999856353
553,0,0.01,0.31389393215333167,0.3138663086477511,0.31389392938986654,True,0.672159600071609
554,0,0.01,0.3138663086477511,0.3138387294707038,0.3138663058887313,True,0.6722933000419289
555,0,0.01,0.3138387294707038,0.3138111941254427,0.31383872671607954,True,0.6724267001263797
556,0,0.01,0.3138111941254427,0.31378370212007156,0.3138111913751647,True,0.6725594000890851
557,0,0.01,0.31378370212007156,0.3137562529674934,0.31378369937409095,True,0.672692600172013
558,0,0.01,0.3137562529674934,0.31372884618536123,0.3137562502257618,True,0.6728248000144958
559,0,0.01,0.31372884618536123,0.31370148129602826,0.3137288434478308,True,0.6729574000928551
560,0,0.01,0.31370148129602826,0.31367415782649943,0.31370147856265157,True,0.6730902001727372
561,0,0.01,0.31367415782649943,0.31364687530838287,0.31367415509722957,True,0.6732230000197887
562,0,0.01,0.31364687530838287,0.3136196332778428,0.31364687258317325,True,0.6733557002153248
563,0,0.01,0.3136196332778428,0.3135924312755517,0.3136196305566475,True,0.6734888001810759
564,0,0.01,0.3135924312755517,0.3135652688466446,0.31359242855832503,True,0.6736225001513958
565,0,0.01,0.3135652688466446,0.31353814554067294,0.3135652661333414,True,0.6737651000730693
566,0,0.01,0.31353814554067294,0.3135110609115585,0.31353814283124853,True,0.6739014000631869
567,0,0.01,0.3135110609115585,0.3134840145175499,0.3135110582059686,True,0.6740350001491606
568,0,0.01,0.3134840145175499,0.31345700592117676,0.3134840118157507,True,0.6741695001255721
569,0,0.01,0.31345700592117676,0.31343003468920694,0.3134570032231247,True,0.6743031002115458
570,0,0.01,0.31343003468920694,0.3134031003926031,0.31343003199485914,True,0.6744366001803428
571,0,0.01,0.3134031003926031,0.31337620260647914,0.3134030977019169,True,0.6745694000273943
572,0,0.01,0.31337620260647914,0.3133493409100588,0.31337619991941235,True,0.6747024999931455
573,0,0.01,0.3133493409100588,0.31332251488663354,0.3133493382265697,True,0.6748354001902044
574,0,0.01,0.31332251488663354,0.3132957241235209,0.3133225122066807,True,0.6749679001513869
575,0,0.01,0.3132957241235209,0.3132689682120241,0.31329572144706347,True,0.6751006001140922
576,0,0.01,0.3132689682120241,0.31324224674739154,0.3132689655390214,True,0.6752326001878828
577,0,0.01,0.31324224674739154,0.3132155593287762,0.3132422440778034,True,0.6753646000288427
578,0,0.01,0.3132155593287762,0.3131889055591972,0.31321555666256284,True,0.6754976001102477
579,0,0.01,0.3131889055591972,0.31316228504550025,0.31318890289631923,True,0.6756304001901299
580,0,0.01,0.31316228504550025,0.3131356973983188,0.3131622823859186,True,0.6757734001148492
581,0,0.01,0.3131356973983188,0.31310914223203645,0.3131356947419948,True,0.6759095001034439
582,0,0.01,0.31310914223203645,0.31308261916474855,0.3131091395789319,True,0.6760431001894176
583,0,0.01,0.31308261916474855,0.3130561278182256,0.3130826165148255,True,0.6761765000410378
584,0,0.01,0.3130561278182256,0.31302966781787595,0.3130561251714465,True,0.6763101001270115
585,0,0.01,0.31302966781787595,0.31300323879270947,0.31302966517420355,True,0.6764427002053708
586,0,0.01,0.31300323879270947,0.31297684037530116,0.313003236152107,True,0.6765749000478536
587,0,0.01,0.31297684037530116,0.31295047220175587,0.3129768377377321,True,0.676707100123167
588,0,0.01,0.31295047220175587,0.31292413391167284,0.31295046956718414,True,0.6768405002076179
589,0,0.01,0.31292413391167284,0.3128978251481111,0.31292413128006263,True,0.6769724001642317
590,0,0.01,0.3128978251481111,0.31287154555755425,0.312897822519427,True,0.6771049001254141
591,0,0.01,0.31287154555755425,0.3128452947898773,0.31287154293176117,True,0.6772378000896424
592,0,0.01,0.3128452947898773,0.3128190724983122,0.31284529216694046,True,0.6773726001847535
593,0,0.01,0.3128190724983122,0.3127928783394147,0.31281906987819713,True,0.6775082000531256
594,0,0.01,0.3127928783394147,0.3127667119730315,0.31279287572208736,True,0.6776421000249684
595,0,0.01,0.3127667119730315,0.3127405730622673,0.31276670935845813,True,0.6777867001947016
596,0,0.01,0.3127405730622673,0.3127144612734529,0.3127405704504144,True,0.6779237000737339
597,0,0.01,0.3127144612734529,0.3126883762761127,0.3127144586642874,True,0.6780611001886427
598,0,0.01,0.3126883762761127,0.3126623177429336,0.3126883736696017,True,0.6781948001589626
599,0,0.01,0.3126623177429336,0.31263628534973376,0.31266231513904474,True,0.6783287001308054
600,0,0.01,0.31263628534973376,0.31261027877543135,0.31263628274843475,True,0.6784662001300603
601,0,0.01,0.31261027877543135,0.3125842977020142,0.31261027617669035,True,0.678600599989295
602,0,0.01,0.3125842977020142,0.3125583418145095,0.3125842951057996,True,0.6787355002015829
603,0,0.01,0.3125583418145095,0.312532410800954,0.31255833922079,True,0.6788696001749486
604,0,0.01,0.312532410800954,0.3125065043523642,0.31253240820969874,True,0.6790035001467913
605,0,0.01,0.3125065043523642,0.3124806221627074,0.31250650176354244,True,0.6791384001262486
606,0,0.01,0.3124806221627074,0.3124547639288723,0.31248061957628875,True,0.6792729001026601
607,0,0.01,0.3124547639288723,0.3124289293506406,0.3124547613448267,True,0.6794118999969214
608,0,0.01,0.3124289293506406,0.312403118130659,0.31242892676893824,True,0.6795479999855161
609,0,0.01,0.312403118130659,0.3123773299744105,0.31240311555127037,True,0.6796817001886666
610,0,0.01,0.3123773299744105,0.31235156459018704,0.3123773273973063,True,0.679826800012961
611,0,0.01,0.31235156459018704,0.3123258216890621,0.3123515620153383,True,0.679962000111118
612,0,0.01,0.3123258216890621,0.3123001009848635,0.3123258191164402,True,0.6800951000768691
613,0,0.01,0.3123001009848635,0.31227440219414626,0.31230009841444,True,0.6802275001537055
614,0,0.01,0.31227440219414626,0.31224872503616663,0.31227439962589304,True,0.6803607000038028
615,0,0.01,0.31224872503616663,0.31222306923285514,0.31224872247005575,True,0.6804946002084762
616,0,0.01,0.31222306923285514,0.31219743450879134,0.3122230666688591,True,0.6806278000585735
617,0,0.01,0.31219743450879134,0.3121718205911769,0.3121974319468827,True,0.6807615000288934
618,0,0.01,0.3121718205911769,0.3121462272098118,0.3121718180313286,True,0.6808945999946445
619,0,0.01,0.3121462272098118,0.3121206540970677,0.312146224651997,True,0.6810284000821412
620,0,0.01,0.3121206540970677,0.3120951009878633,0.31212065154125984,True,0.681162100052461
621,0,0.01,0.3120951009878633,0.31206956761964066,0.3120950984340361,True,0.6812946000136435
622,0,0.01,0.31206956761964066,0.31204405373233957,0.312069565067768,True,0.6814274000935256
623,0,0.01,0.31204405373233957,0.31201855906837417,0.31204405118239564,True,0.6815603000577539
624,0,0.01,0.31201855906837417,0.31199308337260856,0.31201855652033345,True,0.6816945001482964
625,0,0.01,0.31199308337260856,0.3119676263923338,0.31199308082644567,True,0.6818415001034737
626,0,0.01,0.3119676263923338,0.31194218787724365,0.3119676238480236,True,0.6819757001940161
627,0,0.01,0.31194218787724365,0.31191676757941256,0.3119421853347614,True,0.6821084001567215
628,0,0.01,0.31191676757941256,0.31189136525327166,0.31191676503873356,True,0.6822417001239955
629,0,0.01,0.31189136525327166,0.311865980655587,0.31189136271437157,True,0.682374200085178
630,0,0.01,0.311865980655587,0.31184061354543635,0.3118659781184417,True,0.6825076001696289
631,0,0.01,0.31184061354543635,0.31181526368418777,0.31184061101002186,True,0.6826406000182033
632,0,0.01,0.31181526368418777,0.3117899308354771,0.3118152611504804,True,0.6827736000996083
633,0,0.01,0.3117899308354771,0.31176461476518674,0.3117899283034534,True,0.6829056001733989
634,0,0.01,0.31176461476518674,0.3117393152414234,0.3117646122348235,True,0.6830385001376271
635,0,0.01,0.3117393152414234,0.3117140320344978,0.3117393127126975,True,0.6831712001003325
636,0,0.01,0.3117140320344978,0.311688764916903,0.3117140295073865,True,0.6833036001771688
637,0,0.01,0.311688764916903,0.31166351366329353,0.3116887623913837,True,0.6834363001398742
638,0,0.01,0.31166351366329353,0.3116382780504653,0.3116635111393439,True,0.6835828002076596
639,0,0.01,0.3116382780504653,0.31161305785733484,0.3116382755280631,True,0.6837182000745088
640,0,0.01,0.31161305785733484,0.31158785286491897,0.31161305533645817,True,0.6839819999877363
641,0,0.01,0.31158785286491897,0.31156266285631523,0.3115878503455461,True,0.6842054000589997
642,0,0.01,0.31156266285631523,0.311537487616682,0.3115626603384246,True,0.6843429000582546
643,0,0.01,0.311537487616682,0.31151232693321884,0.31153748510025225,True,0.6844789001625031
644,0,0.01,0.31151232693321884,0.31148718059514713,0.3115123244182289,True,0.6846182001754642
645,0,0.01,0.31148718059514713,0.3114620483936912,0.31148717808157605,True,0.6847515001427382
646,0,0.01,0.3114620483936912,0.31143693012205886,0.3114620458815182,True,0.6848840001039207
647,0,0.01,0.31143693012205886,0.31141182557542335,0.3114369276112635,True,0.6850187000818551
648,0,0.01,0.31141182557542335,0.3113867345510577,0.31141182306598525,True,0.685151900164783
649,0,0.01,0.3113867345510577,0.311361656848525,0.31138673204295675,True,0.6852861000224948
650,0,0.01,0.311361656848525,0.31133659226884325,0.31136165434174135,True,0.6854195999912918
651,0,0.01,0.31133659226884325,0.3113115406149133,0.31133658976335704,True,0.6856343001127243
652,0,0.01,0.3113115406149133,0.31128650169151084,0.311311538110705,True,0.6857869999948889
653,0,0.01,0.31128650169151084,0.3112614753052688,0.31128649918856105,True,0.685924099991098
654,0,0.01,0.3112614753052688,0.31123646126466015,0.31126147280355837,True,0.6860609001014382
655,0,0.01,0.31123646126466015,0.3112114593799805,0.31123645876417,True,0.6861969002056867
656,0,0.01,0.3112114593799805,0.3111864694633314,0.31121145688069185,True,0.6863323000725359
657,0,0.01,0.3111864694633314,0.31116149132860266,0.31118646696522556,True,0.6864704000763595
658,0,0.01,0.31116149132860266,0.31113652479145654,0.31116148883166117,True,0.6866078001912683
659,0,0.01,0.31113652479145654,0.31111156966931064,0.3111365222956611,True,0.6867432000581175
660,0,0.01,0.31111156966931064,0.31108662578132157,0.3111115671746431,True,0.68687740014866
661,0,0.01,0.31108662578132157,0.31106169294836894,0.311086623287764,True,0.6870109001174569
662,0,0.01,0.31106169294836894,0.3110367709930393,0.31106169045590354,True,0.6871445002034307
663,0,0.01,0.3110367709930393,0.31101185973961,0.31103676850164846,True,0.6872869001235813
664,0,0.01,0.31101185973961,0.3109869590140336,0.31101185724927627,True,0.6874315000604838
665,0,0.01,0.3109869590140336,0.31096206864392284,0.31098695652473973,True,0.6875797000247985
666,0,0.01,0.31096206864392284,0.31093718845853435,0.3109620661556517,True,0.6877153001260012
667,0,0.01,0.31093718845853435,0.31091231828875404,0.31093718597126896,True,0.6878486000932753
668,0,0.01,0.31091231828875404,0.31088745796708184,0.31091231580247763,True,0.687982400180772
669,0,0.01,0.31088745796708184,0.310862607327617,0.31088745548177776,True,0.6881148000247777
670,0,0.01,0.310862607327617,0.31083776620604275,0.31086260484326883,True,0.6882482001092285
671,0,0.01,0.31083776620604275,0.3108129344396124,0.3108377637226341,True,0.68838270008564
672,0,0.01,0.3108129344396124,0.3107881118671343,0.31081293195712717,True,0.6885171001777053
673,0,0.01,0.3107881118671343,0.310763298328958,0.31078810938555645,True,0.6886513000354171
674,0,0.01,0.310763298328958,0.3107384936669597,0.3107632958482717,True,0.6887860000133514
675,0,0.01,0.3107384936669597,0.31071369772452856,0.3107384911871493,True,0.688919500214979
676,0,0.01,0.31071369772452856,0.3106889103465523,0.31071369524557846,True,0.6890532001852989
677,0,0.01,0.3106889103465523,0.3106641313794042,0.3106889078684471,True,0.6891875001601875
678,0,0.01,0.3106641313794042,0.3106393606709289,0.31066412890212863,True,0.6893201000057161
679,0,0.01,0.3106393606709289,0.31061459807042935,0.3106393581944679,True,0.6894541000947356
680,0,0.01,0.31061459807042935,0.31058984342865303,0.31061459559476795,True,0.6896012001670897
681,0,0.01,0.31058984342865303,0.3105650965977792,0.3105898409537764,True,0.6897362000308931
682,0,0.01,0.3105650965977792,0.3105403574314059,0.3105650941236726,True,0.6898711000103503
683,0,0.01,0.3105403574314059,0.31051562578453645,0.3105403549580549,True,0.6900050002150238
684,0,0.01,0.31051562578453645,0.31049090151356734,0.3105156233119266,True,0.6901387001853436
685,0,0.01,0.31049090151356734,0.31046618447627516,0.3104908990416844,True,0.6902726001571864
686,0,0.01,0.31046618447627516,0.3104414745318044,0.310466182005105,True,0.6904058000072837
687,0,0.01,0.3104414745318044,0.31041677154065445,0.31044147206133305,True,0.6905383002012968
688,0,0.01,0.31041677154065445,0.3103920753646683,0.31041676907086807,True,0.690671400167048
689,0,0.01,0.3103920753646683,0.3103673858670195,0.31039207289555315,True,0.6908050000201911
690,0,0.01,0.3103673858670195,0.3103427029122006,0.310367383398562,True,0.6909382999874651
691,0,0.01,0.3103427029122006,0.3103180263660112,0.31034270044438733,True,0.6910708001814783
692,0,0.01,0.3103180263660112,0.3102933560955459,0.3103180238988288,True,0.6912040000315756
693,0,0.01,0.3102933560955459,0.31026869196918316,0.3102933536289812,True,0.6913372999988496
694,0,0.01,0.31026869196918316,0.3102440338565734,0.31026868950322306,True,0.6914710002020001
695,0,0.01,0.3102440338565734,0.3102193816286274,0.31024403139120493,True,0.6916175000369549
696,0,0.01,0.3102193816286274,0.3101947351575056,0.3102193791638378,True,0.6917535001412034
697,0,0.01,0.3101947351575056,0.31017009431660647,0.31019473269328224,True,0.6918880001176149
698,0,0.01,0.31017009431660647,0.3101454589805553,0.31017009185293665,True,0.6920217000879347
699,0,0.01,0.3101454589805553,0.31012082902519367,0.31014545651742664,True,0.6921559001784772
700,0,0.01,0.31012082902519367,0.31009620432756846,0.3101208265625939,True,0.6922950001899153
701,0,0.01,0.31009620432756846,0.3100715847659209,0.31009620186548525,True,0.6924292000476271
702,0,0.01,0.3100715847659209,0.3100469702196759,0.31007158230434223,True,0.692562900017947
703,0,0.01,0.3100469702196759,0.31002236056943233,0.31004696775858986,True,0.6926960002165288
704,0,0.01,0.31002236056943233,0.3099977556969512,0.31002235810882695,True,0.6928292000666261
705,0,0.01,0.3099977556969512,0.3099731554851466,0.30999775323681483,True,0.6929635000415146
706,0,0.01,0.3099731554851466,0.309948559818075,0.3099731530254676,True,0.6930966000072658
707,0,0.01,0.309948559818075,0.30992396858092497,0.30994855735884186,True,0.6932299002073705
708,0,0.01,0.30992396858092497,0.3098993816600073,0.30992396612212625,True,0.693362400168553
709,0,0.01,0.3098993816600073,0.3098747989427455,0.30989937920163174,True,0.6935048000887036
710,0,0.01,0.3098747989427455,0.3098502203176654,0.30987479648478194,True,0.6936426002066582
711,0,0.01,0.3098502203176654,0.30982564567438575,0.30985021786010275,True,0.6937820999883115
712,0,0.01,0.30982564567438575,0.30980107490360864,0.30982564321721306,True,0.6939168001990765
713,0,0.01,0.30980107490360864,0.30977650789710964,0.3098010724468151,True,0.6940508000552654
714,0,0.01,0.30977650789710964,0.3097519445477289,0.30977650544068447,True,0.6941841000225395
715,0,0.01,0.3097519445477289,0.30972738474936184,0.3097519420916615,True,0.6943169001024216
716,0,0.01,0.30972738474936184,0.30970282839694907,0.3097273822936416,True,0.6944502000696957
717,0,0.01,0.30970282839694907,0.3096782753864683,0.3097028259415656,True,0.6945833000354469
718,0,0.01,0.3096782753864683,0.30965372561492477,0.3096782729314113,True,0.6947159999981523
719,0,0.01,0.30965372561492477,0.30962917898034226,0.309653723160184,True,0.6948492000810802
720,0,0.01,0.30962917898034226,0.30960463538175453,0.3096291765259076,True,0.6949821000453085
721,0,0.01,0.30960463538175453,0.30958009471919623,0.309604632927616,True,0.6951157001312822
722,0,0.01,0.30958009471919623,0.3095555568936944,0.30958009226534383,True,0.6952508999966085
723,0,0.01,0.3095555568936944,0.30953102180725967,0.30955555444011834,True,0.6953850002028048
724,0,0.01,0.30953102180725967,0.3095064893628786,0.3095310193539502,True,0.695528700016439
725,0,0.01,0.3095064893628786,0.30948195946450346,0.3095064869098262,True,0.6956667001359165
726,0,0.01,0.30948195946450346,0.3094574320170458,0.3094819570116985,True,0.6958010999951512
727,0,0.01,0.3094574320170458,0.30943290692636727,0.3094574295644788,True,0.6959343000780791
728,0,0.01,0.30943290692636727,0.30940838409927096,0.309432904474029,True,0.6960685001686215
729,0,0.01,0.30940838409927096,0.3093838634434949,0.3094083816471521,True,0.6962024001404643
730,0,0.01,0.3093838634434949,0.3093593448677022,0.3093838609915863,True,0.6963351001031697
731,0,0.01,0.3093593448677022,0.3093348282814743,0.30935934241599483,True,0.6964682000689209
732,0,0.01,0.3093348282814743,0.3093103135953027,0.30933482582995914,True,0.696601300034672
733,0,0.01,0.3093103135953027,0.3092858007205812,0.3093103111439709,True,0.6967344000004232
734,0,0.01,0.3092858007205812,0.3092612895695982,0.309285798269424,True,0.6968676000833511
735,0,0.01,0.3092612895695982,0.30923678005552935,0.3092612871186068,True,0.697001300053671
736,0,0.01,0.30923678005552935,0.3092122720924295,0.3092367776046952,True,0.697134500136599
737,0,0.01,0.3092122720924295,0.30918776559522576,0.3092122696417441,True,0.6972676999866962
738,0,0.01,0.30918776559522576,0.30916326047970955,0.30918776314468055,True,0.6974002001807094
739,0,0.01,0.30916326047970955,0.3091387566625299,0.3091632580292963,True,0.6975430001039058
740,0,0.01,0.3091387566625299,0.3091142540611852,0.30913875421224024,True,0.697738200193271
741,0,0.01,0.3091142540611852,0.3090897525940176,0.309114251611011,True,0.6978722000494599
742,0,0.01,0.3090897525940176,0.3090652521802042,0.30908975014395074,True,0.6980066001415253
743,0,0.01,0.3090652521802042,0.3090407527397512,0.3090652497302367,True,0.6981395001057535
744,0,0.01,0.3090407527397512,0.3090162541934861,0.30904075028987504,True,0.6982735001947731
745,0,0.01,0.3090162541934861,0.3089917564630515,0.3090162517436935,True,0.6984064001590014
746,0,0.01,0.3089917564630515,0.30896725947089804,0.3089917540133346,True,0.6985397001262754
747,0,0.01,0.30896725947089804,0.3089427631402771,0.3089672570212492,True,0.698673700215295
748,0,0.01,0.3089427631402771,0.3089182673952351,0.3089427606906887,True,0.6988060001749545
749,0,0.01,0.3089182673952351,0.3088937721606059,0.3089182649456996,True,0.6989392000250518
750,0,0.01,0.3088937721606059,0.30886927736200476,0.3088937697111159,True,0.699072299990803
751,0,0.01,0.30886927736200476,0.3088447829258216,0.30886927491255284,True,0.699205500073731
752,0,0.01,0.3088447829258216,0.30882028877921486,0.30884478047640046,True,0.6993387001566589
753,0,0.01,0.30882028877921486,0.30879579485010483,0.3088202863298173,True,0.6994716001208872
754,0,0.01,0.30879579485010483,0.30877130106716744,0.30879579240072363,True,0.6996189001947641
755,0,0.01,0.30877130106716744,0.30874680735982774,0.30877129861779556,True,0.6997542001772672
756,0,0.01,0.30874680735982774,0.30872231365825425,0.30874680491045814,True,0.6998879001475871
757,0,0.01,0.30872231365825425,0.30869781989335254,0.30872231120888005,True,0.7000208999961615
758,0,0.01,0.30869781989335254,0.3086733259967587,0.30869781744396685,True,0.700154600199312
759,0,0.01,0.3086733259967587,0.30864883190083436,0.30867332354735477,True,0.7002876000478864
760,0,0.01,0.30864883190083436,0.30862433753865953,0.3086488294514055,True,0.7004252001643181
761,0,0.01,0.30862433753865953,0.30859984284402775,0.30862433508919906,True,0.700559200020507
762,0,0.01,0.30859984284402775,0.3085753477514395,0.3085998403945291,True,0.7007109001278877
763,0,0.01,0.3085753477514395,0.3085508521960969,0.30857534530189623,True,0.7008812001440674
764,0,0.01,0.3085508521960969,0.30852635611389767,0.3085508497465025,True,0.7010246000718325
765,0,0.01,0.30852635611389767,0.3085018594414296,0.3085263536642458,True,0.7011615000665188
766,0,0.01,0.3085018594414296,0.30847736211596466,0.308501856991714,True,0.7012954000383615
767,0,0.01,0.30847736211596466,0.30845286407545414,0.3084773596661791,True,0.7014298001304269
768,0,0.01,0.30845286407545414,0.30842836525852224,0.3084528616255925,True,0.7015745001845062
769,0,0.01,0.30842836525852224,0.3084038656044612,0.3084283628085784,True,0.7017536000348628
770,0,0.01,0.3084038656044612,0.30837936505322566,0.3084038631544291,True,0.7018972001969814
771,0,0.01,0.30837936505322566,0.30835486354542746,0.3083793626030994,True,0.7021674001589417
772,0,0.01,0.30835486354542746,0.3083303610223302,0.3083548610952011,True,0.7023059001658112
773,0,0.01,0.3083303610223302,0.308305857425844,0.3083303585719979,True,0.7024411000311375
774,0,0.01,0.308305857425844,0.30828135269852025,0.3083058549754001,True,0.7025759001262486
775,0,0.01,0.30828135269852025,0.30825684678354653,0.308281350247959,True,0.7027096000965685
776,0,0.01,0.30825684678354653,0.30823233962474184,0.30825684433286227,True,0.7028437000699341
777,0,0.01,0.30823233962474184,0.30820783116655076,0.30823233717392906,True,0.7029767001513392
778,0,0.01,0.30820783116655076,0.30818332135403903,0.30820782871560387,True,0.7031099000014365
779,0,0.01,0.30818332135403903,0.30815881013288865,0.30818331890295264,True,0.7032423000782728
780,0,0.01,0.30815881013288865,0.30813429744939247,0.3081588076816574,True,0.7033747001551092
781,0,0.01,0.30813429744939247,0.3081097832504498,0.308134294998011,True,0.7035163000691682
782,0,0.01,0.3081097832504498,0.30808526748356135,0.3081097807989128,True,0.7036554000806063
783,0,0.01,0.30808526748356135,0.30806075009682454,0.3080852650318637,True,0.7037897000554949
784,0,0.01,0.30806075009682454,0.30803623103892874,0.308060747644961,True,0.7039231001399457
785,0,0.01,0.30803623103892874,0.3080117102591504,0.3080362285868943,True,0.7040578001178801
786,0,0.01,0.3080117102591504,0.30798718770736044,0.30801170780694,True,0.7041908001992851
787,0,0.01,0.30798718770736044,0.3079626633344551,0.30798718525496915,True,0.7043241001665592
788,0,0.01,0.3079626633344551,0.30793813709204454,0.30796266088187807,True,0.7044576001353562
789,0,0.01,0.30793813709204454,0.30791360893174224,0.3079381346392769,True,0.7045901000965387
790,0,0.01,0.30791360893174224,0.30788907880572625,0.30791360647877924,True,0.7047236000653356
791,0,0.01,0.30788907880572625,0.3078645466667352,0.30788907635256313,True,0.7048576001543552
792,0,0.01,0.3078645466667352,0.30784001246806364,0.30786454421336723,True,0.7049905001185834
793,0,0.01,0.30784001246806364,0.30781547616355803,0.30784001001448624,True,0.7051231001969427
794,0,0.01,0.30781547616355803,0.3077909377076119,0.30781547370976664,True,0.7052564001642168
795,0,0.01,0.3077909377076119,0.307766397055162,0.30779093525360196,True,0.7053887001238763
796,0,0.01,0.307766397055162,0.3077418541616843,0.3077663946009291,True,0.7055314001627266
797,0,0.01,0.3077418541616843,0.30771730898318894,0.30774185170722396,True,0.7056692000478506
798,0,0.01,0.30771730898318894,0.3076927614762171,0.3077173065284968,True,0.7058032001368701
799,0,0.01,0.3076927614762171,0.30766821159783614,0.30769275902128895,True,0.7059375999961048
800,0,0.01,0.30766821159783614,0.30764365930563586,0.3076682091426676,True,0.7060750999953598
801,0,0.01,0.30764365930563586,0.30761910455772457,0.3076436568502228,True,0.7062089000828564
802,0,0.01,0.30761910455772457,0.30759454731272495,0.30761910210206284,True,0.7063422000501305
803,0,0.01,0.30759454731272495,0.30756998752976994,0.3075945448568105,True,0.7064757000189275
804,0,0.01,0.30756998752976994,0.3075454251684989,0.3075699850735986,True,0.7066079000942409
805,0,0.01,0.3075454251684989,0.307520860189054,0.30754542271206675,True,0.7067414000630379
806,0,0.01,0.307520860189054,0.3074962925520762,0.30752085773235704,True,0.7068739000242203
807,0,0.01,0.3074962925520762,0.3074717222191366,0.3074962900951106,True,0.7070067001041025
808,0,0.01,0.3074717222191366,0.3074471491556162,0.3074717197618988,True,0.7071398000698537
809,0,0.01,0.3074471491556162,0.3074225733253293,0.3074471466981027,True,0.7072823001071811
810,0,0.01,0.3074225733253293,0.3073979946916603,0.30742257086753627,True,0.7074196999892592
811,0,0.01,0.3073979946916603,0.3073734132197884,0.3073979922335844,True,0.70755480020307
812,0,0.01,0.3073734132197884,0.30734882887347764,0.30737341076142594,True,0.7076891001779586
813,0,0.01,0.30734882887347764,0.3073242416169627,0.307348826414825,True,0.7078225000295788
814,0,0.01,0.3073242416169627,0.30729965141494914,0.30732423915801643,True,0.7079563001170754
815,0,0.01,0.30729965141494914,0.3072750582326098,0.30729964895570566,True,0.7080896000843495
816,0,0.01,0.3072750582326098,0.3072504620360435,0.30727505577306574,True,0.708222100045532
817,0,0.01,0.3072504620360435,0.3072258627971523,0.30725045957619584,True,0.7083553001284599
818,0,0.01,0.3072258627971523,0.3072012604861878,0.3072258603369983,True,0.7084889002144337
819,0,0.01,0.3072012604861878,0.3071766550703518,0.30720125802572407,True,0.7086213000584394
820,0,0.01,0.3071766550703518,0.30715204651729744,0.30717665260957516,True,0.7087544000241905
821,0,0.01,0.30715204651729744,0.30712743479512594,0.30715204405620466,True,0.708886600099504
822,0,0.01,0.30712743479512594,0.30710281987238325,0.3071274323337139,True,0.7090193000622094
823,0,0.01,0.30710281987238325,0.3070782017181559,0.3071028174106488,True,0.7091518000233918
824,0,0.01,0.3070782017181559,0.30705358030676183,0.30707819925609625,True,0.7092940001748502
825,0,0.01,0.30705358030676183,0.3070289556149096,0.30705357784437487,True,0.7094309001695365
826,0,0.01,0.3070289556149096,0.30700432761310226,0.30702895315219236,True,0.7095662001520395
827,0,0.01,0.30700432761310226,0.30697969627227184,0.3070043251500518,True,0.7097003001254052
828,0,0.01,0.30697969627227184,0.3069550615658193,0.3069796938088854,True,0.7098343002144247
829,0,0.01,0.3069550615658193,0.3069304234773445,0.30695505910209514,True,0.7099674001801759
830,0,0.01,0.3069304234773445,0.30690578198273033,0.30693042101328033,True,0.7101000000257045
831,0,0.01,0.30690578198273033,0.30688113707494413,0.3069057795183245,True,0.7102328999899328
832,0,0.01,0.30688113707494413,0.3068564887512548,0.30688113461019734,True,0.71045620017685
833,0,0.01,0.3068564887512548,0.30683183698606165,0.30685648628616446,True,0.7106672001536936
834,0,0.01,0.30683183698606165,0.30680718175417787,0.3068318345206253,True,0.7108527000527829
835,0,0.01,0.30680718175417787,0.3067825230308282,0.30680717928839296,True,0.7110154000110924
836,0,0.01,0.3067825230308282,0.30675786079164563,0.3067825205646923,True,0.7111539000179619
837,0,0.01,0.30675786079164563,0.3067331950126683,0.30675785832515634,True,0.7112993001937866
838,0,0.01,0.3067331950126683,0.30670852567033724,0.3067331925458233,True,0.7114382002037019
839,0,0.01,0.30670852567033724,0.3066838527478824,0.30670852320313413,True,0.7115738000720739
840,0,0.01,0.3066838527478824,0.30665917627021777,0.3066838502803232,True,0.7117075000423938
841,0,0.01,0.30665917627021777,0.3066344962326603,0.3066591738023031,True,0.7118408000096679
842,0,0.01,0.3066344962326603,0.3066098126140747,0.30663449376438806,True,0.7119750001002103
843,0,0.01,0.3066098126140747,0.3065851253937177,0.3066098101454428,True,0.7121078001800925
844,0,0.01,0.3065851253937177,0.306560434551236,0.30658512292472406,True,0.7122416000347584
845,0,0.01,0.306560434551236,0.3065357400666628,0.30656043208187866,True,0.7123755000066012
846,0,0.01,0.3065357400666628,0.30651104192041534,0.3065357375969398,True,0.7125100002158433
847,0,0.01,0.30651104192041534,0.3064863400932923,0.3065110394503247,True,0.7126442000735551
848,0,0.01,0.3064863400932923,0.30646163456647074,0.3064863376228322,True,0.7127781000453979
849,0,0.01,0.30646163456647074,0.3064369253215035,0.30646163209563926,True,0.7129127001389861
850,0,0.01,0.3064369253215035,0.3064122123403168,0.3064369228502989,True,0.7130475000012666
851,0,0.01,0.3064122123403168,0.3063874956052074,0.3064122098687372,True,0.713181700091809
852,0,0.01,0.3063874956052074,0.3063627750988398,0.3063874931332511,True,0.7133263000287116
853,0,0.01,0.3063627750988398,0.3063380508042441,0.3063627726265051,True,0.7134617001283914
854,0,0.01,0.3063380508042441,0.3063133227048131,0.3063380483315293,True,0.713595800101757
855,0,0.01,0.3063133227048131,0.30628859078429976,0.3063133202317166,True,0.7137291000690311
856,0,0.01,0.30628859078429976,0.3062638550268148,0.30628858831081995,True,0.7138636000454426
857,0,0.01,0.3062638550268148,0.3062391154168245,0.30626385255295013,True,0.7139976001344621
858,0,0.01,0.3062391154168245,0.30621437193914725,0.30623911294257344,True,0.7141313999891281
859,0,0.01,0.30621437193914725,0.3061896245789527,0.3062143694645083,True,0.7142654000781476
860,0,0.01,0.3061896245789527,0.30616487332175735,0.3061896221039244,True,0.714400100056082
861,0,0.01,0.30616487332175735,0.3061401181534239,0.3061648708463383,True,0.7145346000324935
862,0,0.01,0.3061401181534239,0.3061153590601579,0.3061401156776127,True,0.7146674999967217
863,0,0.01,0.3061153590601579,0.3060905960285057,0.3061153565839532,True,0.7147996001876891
864,0,0.01,0.3060905960285057,0.3060658290453519,0.30609059355190615,True,0.7149320000316948
865,0,0.01,0.3060658290453519,0.30604105809791754,0.30606582656835624,True,0.7150648001115769
866,0,0.01,0.30604105809791754,0.30601628317375684,0.3060410556205245,True,0.7151979000773281
867,0,0.01,0.30601628317375684,0.30599150426075616,0.30601628069596526,True,0.71534140012227
868,0,0.01,0.30599150426075616,0.30596672134713077,0.3059915017825648,True,0.7154765999875963
869,0,0.01,0.30596672134713077,0.3059419344214228,0.3059667188685385,True,0.7156114000827074
870,0,0.01,0.3059419344214228,0.3059171434724992,0.30594193194242847,True,0.7157448001671582
871,0,0.01,0.3059171434724992,0.3058923484895498,0.30591714099310174,True,0.7158781001344323
872,0,0.01,0.3058923484895498,0.3058675494620844,0.30589234600974813,True,0.7160122999921441
873,0,0.01,0.3058675494620844,0.3058427463799312,0.3058675469818775,True,0.7161446001846343
874,0,0.01,0.3058427463799312,0.30581793923323447,0.3058427438993181,True,0.7162785001564771
875,0,0.01,0.30581793923323447,0.30579312801245234,0.3058179367522142,True,0.7164127000141889
876,0,0.01,0.30579312801245234,0.3057683127083547,0.30579312553102395,True,0.7165460002142936
877,0,0.01,0.3057683127083547,0.3057434933120213,0.3057683102265173,True,0.7169205001555383
878,0,0.01,0.3057434933120213,0.3057186698148394,0.30574349082977403,True,0.7171380000654608
879,0,0.01,0.3057186698148394,0.305693842208502,0.30571866733218145,True,0.7173315000254661
880,0,0.01,0.305693842208502,0.3056690104850055,0.3056938397254325,True,0.7174759001936764
881,0,0.01,0.3056690104850055,0.3056441746366477,0.3056690080015237,True,0.7176183999981731
882,0,0.01,0.3056441746366477,0.3056193346560262,0.3056441721527529,True,0.7177591000217944
883,0,0.01,0.3056193346560262,0.30559449053603577,0.3056193321717176,True,0.7178981001488864
884,0,0.01,0.30559449053603577,0.30556964226986705,0.30559448805131273,True,0.7180374001618475
885,0,0.01,0.30556964226986705,0.305544789851004,0.3055696397847289,True,0.7181774000637233
886,0,0.01,0.305544789851004,0.30551993327322197,0.30554478736545004,True,0.7183176001999527
887,0,0.01,0.30551993327322197,0.30549507253058644,0.3055199307872517,True,0.7184576999861747
888,0,0.01,0.30549507253058644,0.3054702076174507,0.3054950700441993,True,0.7189690000377595
889,0,0.01,0.3054702076174507,0.30544533852845346,0.3054702051306461,True,0.7191429000813514
890,0,0.01,0.30544533852845346,0.3054204652585176,0.30544533604123086,True,0.7192852001171559
891,0,0.01,0.3054204652585176,0.30539558780284837,0.3054204627708766,True,0.7194241001270711
892,0,0.01,0.30539558780284837,0.3053707061569308,0.3053955853147884,True,0.7195592999923974
893,0,0.01,0.3053707061569308,0.3053458203165285,0.3053707036684515,True,0.7196949000936002
894,0,0.01,0.3053458203165285,0.30532093027768203,0.3053458178276295,True,0.7198301001917571
895,0,0.01,0.30532093027768203,0.3052960360367062,0.30532092778836284,True,0.7199653000570834
896,0,0.01,0.3052960360367062,0.305271137590189,0.30529603354696655,True,0.7201004000380635
897,0,0.01,0.305271137590189,0.30524623493498976,0.3052711351000285,True,0.7202356001362205
898,0,0.01,0.30524623493498976,0.3052213280682369,0.30524623244440824,True,0.720386000117287
899,0,0.01,0.3052213280682369,0.3051964169873268,0.30522132557723397,True,0.72052580001764
900,0,0.01,0.3051964169873268,0.30517150168992146,0.30519641449590235,True,0.7206673000473529
901,0,0.01,0.30517150168992146,0.30514658217394736,0.3051714991980752,True,0.7208031001500785
902,0,0.01,0.30514658217394736,0.3051216584375932,0.3051465796816791,True,0.7209380001295358
903,0,0.01,0.3051216584375932,0.30509673047930846,0.30512165594490276,True,0.7210741001181304
904,0,0.01,0.30509673047930846,0.30507179829780173,0.30509672798619575,True,0.7212079002056271
905,0,0.01,0.30507179829780173,0.30504686189203906,0.3050717958042666,True,0.721341600175947
906,0,0.01,0.30504686189203906,0.305021921261242,0.30504685939808146,True,0.7214773001614958
907,0,0.01,0.305021921261242,0.3049969764048863,0.30502191876686185,True,0.7216112001333386
908,0,0.01,0.3049969764048863,0.30497202732270007,0.30499697391008357,True,0.7217455001082271
909,0,0.01,0.30497202732270007,0.30494707401466226,0.3049720248274747,True,0.7218782000709325
910,0,0.01,0.30494707401466226,0.30492211648100076,0.30494707151901435,True,0.7220120001584291
911,0,0.01,0.30492211648100076,0.30489715472219137,0.3049221139849303,True,0.7221471001394093
912,0,0.01,0.30489715472219137,0.3048721887389555,0.30489715222569846,True,0.7222816001158208
913,0,0.01,0.3048721887389555,0.30484721853752855,0.3048721862420402,True,0.7224315002094954
914,0,0.01,0.30484721853752855,0.30482224413531933,0.30484721604019316,True,0.722567800199613
915,0,0.01,0.30482224413531933,0.304797265534292,0.304822241637564,True,0.7227029001805931
916,0,0.01,0.304797265534292,0.3047722827451779,0.3047972630361169,True,0.7228387000504881
917,0,0.01,0.3047722827451779,0.30474729583975096,0.30477228024658937,True,0.722973900148645
918,0,0.01,0.30474729583975096,0.3047223048490757,0.3047472933407538,True,0.7231083000078797
919,0,0.01,0.3047223048490757,0.30469730977802933,0.30472230234967035,True,0.7232423000968993
920,0,0.01,0.30469730977802933,0.3046723106308307,0.3046973072782163,True,0.7233775001950562
921,0,0.01,0.3046723106308307,0.3046473074117694,0.30467230813061036,True,0.723511700052768
922,0,0.01,0.3046473074117694,0.30462230012537317,0.30464730491114217,True,0.7236455001402646
923,0,0.01,0.30462230012537317,0.304597288776407,0.3046222976243396,True,0.7237788001075387
924,0,0.01,0.304597288776407,0.30457227338907006,0.30459728627496757,True,0.7239122001919895
925,0,0.01,0.30457227338907006,0.3045472540346026,0.30457227088723343,True,0.7240461001638323
926,0,0.01,0.3045472540346026,0.3045222307492139,0.30454725153237006,True,0.7241793000139296
927,0,0.01,0.3045222307492139,0.30449720380654577,0.3045222282466075,True,0.7243145001120865
928,0,0.01,0.30449720380654577,0.304472173347345,0.3044972013035875,True,0.7244617000687867
929,0,0.01,0.304472173347345,0.30444713938345636,0.3044721708440358,True,0.7245971001684666
930,0,0.01,0.30444713938345636,0.3044221019282488,0.3044471368797978,True,0.7247318001464009
931,0,0.01,0.3044221019282488,0.3043970609918013,0.30442209942424187,True,0.7248659001197666
932,0,0.01,0.3043970609918013,0.3043720165844713,0.304397058487447,True,0.7250008000992239
933,0,0.01,0.3043720165844713,0.3043469687168917,0.30437201407977077,True,0.7251346001867205
934,0,0.01,0.3043469687168917,0.3043219173999682,0.3043469662118459,True,0.7252693001646549
935,0,0.01,0.3043219173999682,0.30429686264487593,0.3043219148945783,True,0.7254034001380205
936,0,0.01,0.30429686264487593,0.3042718044630572,0.3042968601391431,True,0.7255371001083404
937,0,0.01,0.3042718044630572,0.30424674286621833,0.30427180195698256,True,0.7256715002004057
938,0,0.01,0.30424674286621833,0.30422167786632676,0.3042467403598031,True,0.7258057000581175
939,0,0.01,0.30422167786632676,0.3041966094756093,0.3042216753595721,True,0.7259409001562744
940,0,0.01,0.3041966094756093,0.3041715377065485,0.30419660696851647,True,0.7260747000109404
941,0,0.01,0.3041715377065485,0.30414646257188105,0.3041715351991188,True,0.7262086002156138
942,0,0.01,0.30414646257188105,0.3041213840845944,0.3041464600641158,True,0.7263425001874566
943,0,0.01,0.3041213840845944,0.3040963022579253,0.3041213815764949,True,0.7264892000239342
944,0,0.01,0.3040963022579253,0.3040712171053567,0.3040962997494928,True,0.7266247000079602
945,0,0.01,0.3040712171053567,0.30404612864061614,0.30407121459659264,True,0.7267597999889404
946,0,0.01,0.30404612864061614,0.30402103687767246,0.30404612613152193,True,0.7268946000840515
947,0,0.01,0.30402103687767246,0.30399594183073486,0.3040210343682495,True,0.7271130001172423
948,0,0.01,0.30399594183073486,0.3039708435142496,0.30399593932098457,True,0.7273080002050847
949,0,0.01,0.3039708435142496,0.3039457419428984,0.30397084100417343,True,0.7275514001958072
950,0,0.01,0.3039457419428984,0.3039206371315966,0.3039457394324979,True,0.7277315000537783
951,0,0.01,0.3039206371315966,0.30389552909549067,0.30392063462087326,True,0.7278701001778245
952,0,0.01,0.30389552909549067,0.30387041784995616,0.30389552658444596,True,0.7280067000538111
953,0,0.01,0.30387041784995616,0.3038453034105959,0.3038704153385917,True,0.7281471001915634
954,0,0.01,0.3038453034105959,0.3038201857932381,0.3038453008989132,True,0.7282807000447065
955,0,0.01,0.3038201857932381,0.3037950650139347,0.30382018328123883,True,0.7284162000287324
956,0,0.01,0.3037950650139347,0.3037699410889586,0.30379506250162047,True,0.7285494999960065
957,0,0.01,0.3037699410889586,0.3037448140348029,0.303769938576331,True,0.7286853000987321
958,0,0.01,0.3037448140348029,0.3037196838681784,0.30374481152186367,True,0.728818700183183
959,0,0.01,0.3037196838681784,0.3036945506060116,0.30371968135492916,True,0.7289539000485092
960,0,0.01,0.3036945506060116,0.3036694142654439,0.3036945480924541,True,0.7290868000127375
961,0,0.01,0.3036694142654439,0.3036442748638293,0.30366941175157985,True,0.7292216999921948
962,0,0.01,0.3036442748638293,0.30361913241873206,0.30364427234966046,True,0.7293697001878172
963,0,0.01,0.30361913241873206,0.3035939869479264,0.3036191299042602,True,0.7295050001703203
964,0,0.01,0.3035939869479264,0.30356883846939353,0.30359398443315333,True,0.7296404000371695
965,0,0.01,0.30356883846939353,0.30354368700132106,0.30356883595432105,True,0.729774700012058
966,0,0.01,0.30354368700132106,0.3035185325621006,0.303543684485951,True,0.7299081000965089
967,0,0.01,0.3035185325621006,0.3034933751703266,0.3035185300464348,True,0.73004120006226
968,0,0.01,0.3034933751703266,0.3034682148447947,0.303493372654367,True,0.7301750001497567
969,0,0.01,0.3034682148447947,0.30344305160450025,0.3034682123285431,True,0.7303077999968082
970,0,0.01,0.30344305160450025,0.3034178854686365,0.3034430490879586,True,0.7304401001892984
971,0,0.01,0.3034178854686365,0.30339271645659355,0.30341788295180677,True,0.7305735000409186
972,0,0.01,0.30339271645659355,0.3033675445879565,0.30339271393947764,True,0.7307284001726657
973,0,0.01,0.3033675445879565,0.3033423698825042,0.30336754207055644,True,0.7308645001612604
974,0,0.01,0.3033423698825042,0.3033171923602075,0.30334236736482195,True,0.7309987000189722
975,0,0.01,0.3033171923602075,0.3032920120412284,0.30331718984224504,True,0.7311319999862462
976,0,0.01,0.3032920120412284,0.303266828945918,0.30329200952298785,True,0.731271900003776
977,0,0.01,0.303266828945918,0.3032416430948155,0.3032668264274013,True,0.731413200031966
978,0,0.01,0.3032416430948155,0.3032164545086466,0.3032416405760248,True,0.7315479000099003
979,0,0.01,0.3032164545086466,0.30319126320832246,0.30321645198958397,True,0.7316813000943512
980,0,0.01,0.30319126320832246,0.3031660692149377,0.30319126068899,True,0.7318140000570565
981,0,0.01,0.3031660692149377,0.3031408725497701,0.3031660666953375,True,0.7319474001415074
982,0,0.01,0.3031408725497701,0.30311567323427824,0.30314087002990436,True,0.7320813001133502
983,0,0.01,0.30311567323427824,0.3030904712901006,0.3031156707141491,True,0.73221500008367
984,0,0.01,0.3030904712901006,0.30306526674051654,0.3030904687697102,True,0.7323484001681209
985,0,0.01,0.30306526674051654,0.30304005961425373,0.30306526421986785,True,0.7324821001384407
986,0,0.01,0.30304005961425373,0.3030148499347507,0.30304005709334914,True,0.7326685001607984
987,0,0.01,0.3030148499347507,0.3029896377257822,0.3030148474135925,True,0.7328075000550598
988,0,0.01,0.3029896377257822,0.30296442301043136,0.30298963520437283,True,0.7329432000406086
989,0,0.01,0.30296442301043136,0.3029392058114678,0.3029644204887731,True,0.7330778001341969
990,0,0.01,0.3029392058114678,0.3029139861518332,0.3029392032895629,True,0.7332115999888629
991,0,0.01,0.3029139861518332,0.30288876405463894,0.3029139836296839,True,0.7333574001677334
992,0,0.01,0.30288876405463894,0.3028635395431658,0.30288876153224764,True,0.733493700157851
993,0,0.01,0.3028635395431658,0.3028383126409874,0.30286353702053487,True,0.7336308001540601
994,0,0.01,0.3028383126409874,0.30281308338491747,0.3028383101181195,True,0.7337643001228571
995,0,0.01,0.30281308338491747,0.30278785182222523,0.30281308086181835,True,0.7338982000946999
996,0,0.01,0.30278785182222523,0.30276261797724713,0.3027878492988973,True,0.7340327000711113
997,0,0.01,0.30276261797724713,0.302737381878317,0.302762615453693,True,0.7341676000505686
998,0,0.01,0.302737381878317,0.3027121435541602,0.3027373793545397,True,0.73430210002698
999,0,0.01,0.3027121435541602,0.3026869030332745,0.3027121410301624,True,0.734435599995777
1000,0,0.01,0.3026869030332745,0.3026616603442698,0.3026869005090593,True,0.7345747000072151
1001,0,0.01,0.3026616603442698,0.3026364155122571,0.30266165781983967,True,0.7347088002134115
1002,0,0.01,0.3026364155122571,0.3026111685627804,0.30263641298761457,True,0.7348438000772148
1003,0,0.01,0.3026111685627804,0.30258591952250374,0.30261116603792815,True,0.734978600172326
1004,0,0.01,0.30258591952250374,0.3025606684172064,0.3025859169974443,True,0.7351131001487374
1005,0,0.01,0.3025606684172064,0.30253541527264705,0.3025606658919424,True,0.7352462999988347
1006,0,0.01,0.30253541527264705,0.30251016011473897,0.30253541274718104,True,0.7355156000703573
1007,0,0.01,0.30251016011473897,0.30248490296955005,0.3025101575890736,True,0.7356610000133514
1008,0,0.01,0.30248490296955005,0.30245964386330104,0.3024849004436879,True,0.7357971000019461
1009,0,0.01,0.30245964386330104,0.3024343828232575,0.3024596413372448,True,0.7359319000970572
1010,0,0.01,0.3024343828232575,0.30240911989221053,0.3024343802970108,True,0.7360661001875997
1011,0,0.01,0.30240911989221053,0.3023838551102749,0.3024091173657781,True,0.7361998001579195
1012,0,0.01,0.3023838551102749,0.3023585885044937,0.30238385258365935,True,0.7363342000171542
1013,0,0.01,0.3023585885044937,0.3023333201020817,0.3023585859776978,True,0.7364682999905199
1014,0,0.01,0.3023333201020817,0.3023080499328065,0.3023333175751083,True,0.7366026001982391
1015,0,0.01,0.3023080499328065,0.30228277802852443,0.3023080474056589,True,0.7367355001624674
1016,0,0.01,0.30228277802852443,0.30225750441692634,0.3022827755012054,True,0.7368680001236498
1017,0,0.01,0.30225750441692634,0.3022322291258486,0.3022575018894387,True,0.737001100089401
1018,0,0.01,0.3022322291258486,0.30220695218327154,0.30223222659819504,True,0.7371344000566751
1019,0,0.01,0.30220695218327154,0.30218167361731907,0.30220694965545497,True,0.7372673000209033
1020,0,0.01,0.30218167361731907,0.3021563934562568,0.3021816710893423,True,0.7374151002150029
1021,0,0.01,0.3021563934562568,0.30213111172849155,0.30215639092812263,True,0.737550700083375
1022,0,0.01,0.30213111172849155,0.3021058284625701,0.30213110920020286,True,0.7376845001708716
1023,0,0.01,0.3021058284625701,0.30208054368717774,0.30210582593412977,True,0.7378185000270605
1024,0,0.01,0.30208054368717774,0.3020552574311378,0.30208054115858857,True,0.737950999988243
1025,0,0.01,0.3020552574311378,0.30202996972341056,0.30205525490240276,True,0.7380850000772625
1026,0,0.01,0.30202996972341056,0.3020046805930915,0.3020299671945325,True,0.7382183000445366
1027,0,0.01,0.3020046805930915,0.30197939006941116,0.3020046780640734,True,0.7383516000118107
1028,0,0.01,0.30197939006941116,0.30195409818173347,0.30197938754025594,True,0.7384838000871241
1029,0,0.01,0.30195409818173347,0.3019288049595551,0.301954095652444,True,0.7386162001639605
1030,0,0.01,0.3019288049595551,0.3019035104325044,0.3019288024301344,True,0.7387489001266658
1031,0,0.01,0.3019035104325044,0.30187821463034037,0.3019035079029555,True,0.7388819002080709
1032,0,0.01,0.30187821463034037,0.3018529175829515,0.3018782121006662,True,0.7390142001677305
1033,0,0.01,0.3018529175829515,0.3018276193203549,0.3018529150531551,True,0.7391472000163049
1034,0,0.01,0.3018276193203549,0.30180231987269546,0.3018276167904392,True,0.7392856001388282
1035,0,0.01,0.30180231987269546,0.3017770192702445,0.3018023173426635,True,0.739425300154835
1036,0,0.01,0.3017770192702445,0.30175171754339947,0.3017770167400993,True,0.7395601000171155
1037,0,0.01,0.30175171754339947,0.3017264147226823,0.3017517150131442,True,0.7396943001076579
1038,0,0.01,0.3017264147226823,0.30170111083873863,0.3017264121923199,True,0.7398281001951545
1039,0,0.01,0.30170111083873863,0.3016758059223371,0.30170110830827224,True,0.7399623000528663
1040,0,0.01,0.3016758059223371,0.30165050000436816,0.30167580339176975,True,0.7400972000323236
1041,0,0.01,0.30165050000436816,0.3016251931158434,0.301650497473703,True,0.7402311000041664
1042,0,0.01,0.3016251931158434,0.30159988528789416,0.3016251905850835,True,0.7403638001997024
1043,0,0.01,0.30159988528789416,0.301574576551771,0.3015998827570427,True,0.7404976000543684
1044,0,0.01,0.301574576551771,0.30154926693884276,0.30157457402083104,True,0.7406307000201195
1045,0,0.01,0.30154926693884276,0.30152395648059543,0.3015492644078175,True,0.7407641001045704
1046,0,0.01,0.30152395648059543,0.30149864520863134,0.301523953949488,True,0.7408972000703216
1047,0,0.01,0.30149864520863134,0.30147333315466823,0.3014986426774449,True,0.7410299000330269
1048,0,0.01,0.30147333315466823,0.3014480203505385,0.301473330623406,True,0.7411635001190007
1049,0,0.01,0.3014480203505385,0.301422706828188,0.30144801781920366,True,0.7413048001471907
1050,0,0.01,0.301422706828188,0.3013973926196756,0.3014227042967837,True,0.7414427001494914
1051,0,0.01,0.3013973926196756,0.30137207776330316,0.3013973900882051,True,0.7415764001198113
1052,0,0.01,0.30137207776330316,0.30134676232289687,0.30137207523177295,True,0.7417099000886083
1053,0,0.01,0.30134676232289687,0.3013214463373027,0.3013467597913113,True,0.7418427001684904
1054,0,0.01,0.3013214463373027,0.3012961298392971,0.30132144380566506,True,0.7419755000155419
1055,0,0.01,0.3012961298392971,0.30127081286176594,0.30129612730761074,True,0.7421091999858618
1056,0,0.01,0.30127081286176594,0.301245495437764,0.30127081033003406,True,0.7422425001859665
1057,0,0.01,0.301245495437764,0.30122017760439285,0.3012454929059902,True,0.7423755000345409
1058,0,0.01,0.30122017760439285,0.30119485940103463,0.30122017507258114,True,0.742508300114423
1059,0,0.01,0.30119485940103463,0.301169540861076,0.30119485686918845,True,0.7426413001958281
1060,0,0.01,0.301169540861076,0.3011442220180094,0.3011695383291986,True,0.7427746001631021
1061,0,0.01,0.3011442220180094,0.3011189029242469,0.30114421948610426,True,0.7429078000131994
1062,0,0.01,0.3011189029242469,0.30109358373380524,0.3011189003923288,True,0.7430413002148271
1063,0,0.01,0.30109358373380524,0.3010682645159665,0.3010935812018835,True,0.7431741000618786
1064,0,0.01,0.3010682645159665,0.3010429453055006,0.3010682619840447,True,0.7433155002072453
1065,0,0.01,0.3010429453055006,0.30101762613728617,0.30104294277358207,True,0.7434524002019316
1066,0,0.01,0.30101762613728617,0.30099230704630897,0.3010176236053745,True,0.7435864000581205
1067,0,0.01,0.30099230704630897,0.3009669880710494,0.30099230451440767,True,0.7438095000106841
1068,0,0.01,0.3009669880710494,0.30094166927344845,0.3009669855391643,True,0.7439600001089275
1069,0,0.01,0.30094166927344845,0.30091635069924066,0.3009416667415848,True,0.7441382000688463
1070,0,0.01,0.30091635069924066,0.3008910323840253,0.30091634816740204,True,0.7443425999954343
1071,0,0.01,0.3008910323840253,0.30086571436350595,0.3008910298522153,True,0.7445018000435084
1072,0,0.01,0.30086571436350595,0.30084039667348955,0.30086571183172806,True,0.7446394001599401
1073,0,0.01,0.30084039667348955,0.3008150793498853,0.3008403941417474,True,0.7447759001515806
1074,0,0.01,0.3008150793498853,0.3007897624287029,0.3008150768181824,True,0.7449137000367045
1075,0,0.01,0.3007897624287029,0.3007644459460521,0.30078975989704304,True,0.7450473001226783
1076,0,0.01,0.3007644459460521,0.3007391299381413,0.3007644434144388,True,0.7451834999956191
1077,0,0.01,0.3007391299381413,0.30071381444127643,0.30073912740657816,True,0.7453314000740647
1078,0,0.01,0.30071381444127643,0.3006884994918597,0.30071381190976715,True,0.7454712002072483
1079,0,0.01,0.3006884994918597,0.3006631851263891,0.3006884969604079,True,0.7456062000710517
1080,0,0.01,0.3006631851263891,0.30063787138145637,0.30066318259499847,True,0.74574080016464
1081,0,0.01,0.30063787138145637,0.300612558293747,0.3006378688501305,True,0.7458749001380056
1082,0,0.01,0.300612558293747,0.30058724590003827,0.30061255576248963,True,0.7460101000033319
1083,0,0.01,0.30058724590003827,0.30056193423719907,0.30058724336885306,True,0.7461447000969201
1084,0,0.01,0.30056193423719907,0.300536623342188,0.3005619317060897,True,0.7462793001905084
1085,0,0.01,0.300536623342188,0.3005113132520531,0.30053662081115823,True,0.7464137000497431
1086,0,0.01,0.3005113132520531,0.30048600400393033,0.3005113107211066,True,0.7465478000231087
1087,0,0.01,0.30048600400393033,0.3004606956350432,0.3004860014730708,True,0.7466808999888599
1088,0,0.01,0.3004606956350432,0.300435388182701,0.30046069310427437,True,0.7468146001920104
1089,0,0.01,0.300435388182701,0.3004100816842982,0.30043538565202665,True,0.7495232000946999
1090,0,0.01,0.3004100816842982,0.30038477617731385,0.3004100791537221,True,0.7496651001274586
1091,0,0.01,0.30038477617731385,0.3003594716993101,0.30038477364683963,True,0.7497998999897391
1092,0,0.01,0.3003594716993101,0.30033416828793147,0.30035946916894163,True,0.7499340001959354
1093,0,0.01,0.30033416828793147,0.3003088659809039,0.30033416575767247,True,0.7500684000551701
1094,0,0.01,0.3003088659809039,0.3002835648160338,0.3003088634507582,True,0.7502030001487583
1095,0,0.01,0.3002835648160338,0.3002582648312072,0.3002835622860051,True,0.7503370000049472
1096,0,0.01,0.3002582648312072,0.30023296606438876,0.30025826230129943,True,0.750470100203529
1097,0,0.01,0.30023296606438876,0.3002076685536209,0.3002329635346056,True,0.7508875001221895
1098,0,0.01,0.3002076685536209,0.300182372337023,0.3002076660239662,True,0.7510898001492023
1099,0,0.01,0.300182372337023,0.3001570774527903,0.30018236980750057,True,0.7512729000300169
1100,0,0.01,0.3001570774527903,0.3001317839391931,0.300157074923404,True,0.751440400024876
1101,0,0.01,0.3001317839391931,0.300106491834576,0.30013178140994673,True,0.7515910000074655
1102,0,0.01,0.300106491834576,0.3000812011773571,0.3001064893054734,True,0.7517385000828654
1103,0,0.01,0.3000812011773571,0.3000559120060265,0.3000811986484021,True,0.7518878001719713
1104,0,0.01,0.3000559120060265,0.3000306243591466,0.300055909477223,True,0.7521691999863833
1105,0,0.01,0.3000306243591466,0.30000533827535,0.3000306218304985,True,0.7523851001169533
1106,0,0.01,0.30000533827535,0.29998005379333936,0.30000533574686106,True,0.752535100094974
1107,0,0.01,0.29998005379333936,0.29995477095188683,0.29998005126501354,True,0.7526801000349224
1108,0,0.01,0.29995477095188683,0.299929489789832,0.2999547684237279,True,0.7528239001985639
1109,0,0.01,0.299929489789832,0.29990421034608294,0.299929487261844,True,0.7529671001248062
1110,0,0.01,0.29990421034608294,0.2998789326596134,0.29990420781826965,True,0.7531094001606107
1111,0,0.01,0.2998789326596134,0.2998536567694633,0.2998789301319788,True,0.7532477001659572
1112,0,0.01,0.2998536567694633,0.29982838271473755,0.29985365424201127,True,0.7533860001713037
1113,0,0.01,0.29982838271473755,0.29980311053460507,0.299828380187472,True,0.7535243001766503
1114,0,0.01,0.29980311053460507,0.2997778402682983,0.2998031080075299,True,0.7536629000678658
1115,0,0.01,0.2997778402682983,0.29975257195511207,0.2997778377414175,True,0.7541065001860261
1116,0,0.01,0.29975257195511207,0.29972730563440286,0.2997525694284295,True,0.7544692000374198
1117,0,0.01,0.29972730563440286,0.29970204134558853,0.2997273031079225,True,0.7547426000237465
1118,0,0.01,0.29970204134558853,0.2996767791281467,0.2997020388193143,True,0.7549995000008494
1119,0,0.01,0.2996767791281467,0.2996515190216145,0.2996767766020826,True,0.7552532001864165
1120,0,0.01,0.2996515190216145,0.29962626106558765,0.29965151649576444,True,0.7555276001803577
1121,0,0.01,0.29962626106558765,0.2996010052997198,0.2996262585399556,True,0.7557816000189632
1122,0,0.01,0.2996010052997198,0.29957575176372137,0.29960100277430973,True,0.7560328000690788
1123,0,0.01,0.29957575176372137,0.29955050049735943,0.2995757492385373,True,0.7562860001344234
1124,0,0.01,0.29955050049735943,0.29952525154045634,0.2995504979724053,True,0.7565037000458688
1125,0,0.01,0.29952525154045634,0.29950000493288936,0.29952524901573613,True,0.7566440000664443
1126,0,0.01,0.29950000493288936,0.29947476071458956,0.2995000024084071,True,0.7567821000702679
1127,0,0.01,0.29947476071458956,0.2994495189255413,0.29947475819034924,True,0.7569197001866996
1128,0,0.01,0.2994495189255413,0.29942427960578144,0.2994495164015469,True,0.7570573000703007
1129,0,0.01,0.29942427960578144,0.29939904279539886,0.29942427708203695,True,0.7571948000695556
1130,0,0.01,0.29939904279539886,0.29937380853453294,0.29939904027190833,True,0.7573412000201643
1131,0,0.01,0.29937380853453294,0.29934857686337357,0.29937380601130037,True,0.7574829000514001
1132,0,0.01,0.29934857686337357,0.2993233478221603,0.299348574340403,True,0.7576218000613153
1133,0,0.01,0.2993233478221603,0.2992981214511813,0.29932334529945576,True,0.7577625000849366
1134,0,0.01,0.2992981214511813,0.2992728977907729,0.29929811892874675,True,0.7579101000446826
1135,0,0.01,0.2992728977907729,0.2992476768813183,0.29927289526861245,True,0.7580602001398802
1136,0,0.01,0.2992476768813183,0.299222458763248,0.299247674359436,True,0.758198200026527
1137,0,0.01,0.299222458763248,0.29919724347703774,0.29922245624164784,True,0.7583436002023518
1138,0,0.01,0.29919724347703774,0.29917203106320894,0.29919724095572386,True,0.7584857000038028
1139,0,0.01,0.29917203106320894,0.29914682156232714,0.29917202854218533,True,0.7586236000061035
1140,0,0.01,0.29914682156232714,0.2991216150150014,0.29914681904159784,True,0.758761600125581
1141,0,0.01,0.2991216150150014,0.29909641146188437,0.29912161249457053,True,0.758899400010705
1142,0,0.01,0.29909641146188437,0.29907121094367034,0.299096408941756,True,0.759036700008437
1143,0,0.01,0.29907121094367034,0.2990460135010956,0.2990712084238485,True,0.7591750000137836
1144,0,0.01,0.2990460135010956,0.2990208191749373,0.29904601098158434,True,0.7593178001698107
1145,0,0.01,0.2990208191749373,0.2989956280060124,0.29902081665574076,True,0.7594620001036674
1146,0,0.01,0.2989956280060124,0.2989704400351778,0.29899562548713465,True,0.7596011999994516
1147,0,0.01,0.2989704400351778,0.29894525530332894,0.29897043751662294,True,0.759739400120452
1148,0,0.01,0.29894525530332894,0.2989200738513994,0.29894525278510103,True,0.7598720001988113
1149,0,0.01,0.2989200738513994,0.2988948957203601,0.29892007133350257,True,0.7600045001599938
1150,0,0.01,0.2988948957203601,0.29886972095121866,0.29889489320279844,True,0.7601366001181304
1151,0,0.01,0.29886972095121866,0.29884454958501877,0.29886971843399623,True,0.7603274001739919
1152,0,0.01,0.29884454958501877,0.2988193816628394,0.29884454706813973,True,0.760616100160405
1153,0,0.01,0.2988193816628394,0.2987942172257941,0.29881937914630785,True,0.7607840001583099
1154,0,0.01,0.2987942172257941,0.29876905631503053,0.29879421470961415,True,0.7609411000739783
1155,0,0.01,0.29876905631503053,0.29874389897172954,0.2987690537992063,True,0.7610985999926925
1156,0,0.01,0.29874389897172954,0.29871874523710457,0.29874389645626515,True,0.761252700118348
1157,0,0.01,0.29871874523710457,0.29869359515240107,0.2987187427220041,True,0.7614068000111729
1158,0,0.01,0.29869359515240107,0.29866844875889575,0.2986935926376687,True,0.7615553000941873
1159,0,0.01,0.29866844875889575,0.29864330609789574,0.29866844624453565,True,0.7617025000508875
1160,0,0.01,0.29864330609789574,0.2986181672107382,0.29864330358391195,True,0.7618503000121564
1161,0,0.01,0.2986181672107382,0.2985930321387897,0.2986181646971349,True,0.7619991002138704
1162,0,0.01,0.2985930321387897,0.2985679009234451,0.298593029625571,True,0.7622583000920713
1163,0,0.01,0.2985679009234451,0.29854277360612735,0.2985678984106152,True,0.7624600999988616
1164,0,0.01,0.29854277360612735,0.2985176502282869,0.2985427710936904,True,0.7626924000214785
1165,0,0.01,0.2985176502282869,0.29849253083140037,0.298517647716247,True,0.7628377000801265
1166,0,0.01,0.29849253083140037,0.29846741545697064,0.29849252831976164,True,0.7629736000671983
1167,0,0.01,0.29846741545697064,0.29844230414652567,0.29846741294573725,True,0.7631102001760155
1168,0,0.01,0.29844230414652567,0.2984171969416184,0.29844230163570185,True,0.7632455001585186
1169,0,0.01,0.2984171969416184,0.2983920938838254,0.29841719443120823,True,0.7633796001318842
1170,0,0.01,0.2983920938838254,0.29836699501474684,0.2983920913738331,True,0.7635129000991583
1171,0,0.01,0.29836699501474684,0.2983419003760057,0.2983669925051765,True,0.7636572001501918
1172,0,0.01,0.2983419003760057,0.2983168100092467,0.2983418978668615,True,0.7637939001433551
1173,0,0.01,0.2983168100092467,0.2982917239561362,0.2983168075005328,True,0.763929600128904
1174,0,0.01,0.2982917239561362,0.2982666422583612,0.2982917214478568,True,0.7640637999866158
1175,0,0.01,0.2982666422583612,0.2982415649576291,0.2982666397505205,True,0.7641979001928121
1176,0,0.01,0.2982415649576291,0.2982164920956665,0.2982415624502312,True,0.7643311000429094
1177,0,0.01,0.2982164920956665,0.29819142371421925,0.2982164895887156,True,0.7644639001227915
1178,0,0.01,0.29819142371421925,0.29816635985505113,0.2981914212077196,True,0.7646041000261903
1179,0,0.01,0.29816635985505113,0.2981413005599436,0.2981663573490068,True,0.7647425001487136
1180,0,0.01,0.2981413005599436,0.29811624587069513,0.2981412980543588,True,0.7648768001236022
1181,0,0.01,0.29811624587069513,0.2980911958291207,0.2981162433655741,True,0.7650113001000136
1182,0,0.01,0.2980911958291207,0.2980661504770507,0.29809119332446754,True,0.7651454000733793
1183,0,0.01,0.2980661504770507,0.29804110985633103,0.2980661479728696,True,0.7652784001547843
1184,0,0.01,0.29804110985633103,0.2980160740088219,0.29804110735262623,True,0.7654118000064045
1185,0,0.01,0.2980160740088219,0.2979910429763972,0.29801607150559756,True,0.7655453002080321
1186,0,0.01,0.2979910429763972,0.2979660168009444,0.29799104047365754,True,0.7656879001297057
1187,0,0.01,0.2979660168009444,0.2979409955243634,0.29796601429869357,True,0.7658244001213461
1188,0,0.01,0.2979409955243634,0.2979159791885663,0.29794099302260557,True,0.7659590002149343
1189,0,0.01,0.2979159791885663,0.2978909678354763,0.29791597668730574,True,0.7660920000635087
1190,0,0.01,0.2978909678354763,0.2978659615070278,0.2978909653347171,True,0.7662393001373857
1191,0,0.01,0.2978659615070278,0.29784096024516526,0.29786595900677426,True,0.7663797000423074
1192,0,0.01,0.29784096024516526,0.29781596409184247,0.29784095774542146,True,0.766512000001967
1193,0,0.01,0.29781596409184247,0.2977909730890226,0.2978159615926127,True,0.7666579000651836
1194,0,0.01,0.2977909730890226,0.2977659872786768,0.297790970590311,True,0.7667945001740009
1195,0,0.01,0.2977659872786768,0.2977410067027844,0.29776598478048766,True,0.7669288001488894
1196,0,0.01,0.2977410067027844,0.2977160314033318,0.29774100420512184,True,0.767063100123778
1197,0,0.01,0.2977160314033318,0.2976910614223116,0.2977160289062,True,0.767196100205183
1198,0,0.01,0.2976910614223116,0.2976660968017232,0.2976910589257148,True,0.7673389001283795
1199,0,0.01,0.2976660968017232,0.2976411375835704,0.2976660943056656,True,0.7674818001687527
1200,0,0.01,0.2976411375835704,0.2976161838098625,0.29764113508805623,True,0.7676433001179248
1201,0,0.01,0.2976161838098625,0.2975912355226127,0.29761618131489587,True,0.7677953001111746
1202,0,0.01,0.2975912355226127,0.29756629276383806,0.29759123302819784,True,0.7679443000815809
1203,0,0.01,0.29756629276383806,0.2975413555755584,0.2975662902699792,True,0.7680960001889616
1204,0,0.01,0.2975413555755584,0.2975164239997962,0.29754135308225976,True,0.768249100074172
1205,0,0.01,0.2975164239997962,0.29749149807857567,0.29751642150706203,True,0.7684063001070172
1206,0,0.01,0.29749149807857567,0.2974665778539224,0.2974914955864101,True,0.7686012000776827
1207,0,0.01,0.2974665778539224,0.29744166336786254,0.29746657536232957,True,0.7690294000785798
1208,0,0.01,0.29744166336786254,0.2974167546624224,0.29744166087684676,True,0.7692491000052541
1209,0,0.01,0.2974167546624224,0.29739185177962796,0.2974167521719878,True,0.7694349000230432
1210,0,0.01,0.29739185177962796,0.297366954761504,0.2973918492897788,True,0.7696094000712037
1211,0,0.01,0.297366954761504,0.29734206365007393,0.29736695227224447,True,0.7697897001635283
1212,0,0.01,0.29734206365007393,0.2973171784873585,0.2973420611614082,True,0.7699688000138849
1213,0,0.01,0.2973171784873585,0.2972922993153763,0.2973171759992908,True,0.7701475000940263
1214,0,0.01,0.2972922993153763,0.2972674261761422,0.29729229682791086,True,0.7703280001878738
1215,0,0.01,0.2972674261761422,0.2972425591116673,0.29726742368928316,True,0.7705073000397533
1216,0,0.01,0.2972425591116673,0.2972176981639583,0.2972425566254189,True,0.7707713001873344
1217,0,0.01,0.2972176981639583,0.2971928433750168,0.29721769567832473,True,0.7709814000409096
1218,0,0.01,0.2971928433750168,0.2971679947868388,0.2971928408900022,True,0.7711740999948233
1219,0,0.01,0.2971679947868388,0.29714315244141426,0.29716799230244745,True,0.7713667000643909
1220,0,0.01,0.29714315244141426,0.2971183163807265,0.29714314995765034,True,0.7715636000502855
1221,0,0.01,0.2971183163807265,0.29709348664675117,0.2971183138975942,True,0.771762500051409
1222,0,0.01,0.29709348664675117,0.29706866328145665,0.2970934841642547,True,0.7719578000251204
1223,0,0.01,0.29706866328145665,0.2970438463268027,0.2970686607996002,True,0.7721522999927402
1224,0,0.01,0.2970438463268027,0.29701903582474004,0.29704384384559046,True,0.7723473000805825
1225,0,0.01,0.29701903582474004,0.2969942318172102,0.2970190333441762,True,0.7725541000254452
1226,0,0.01,0.2969942318172102,0.29696943434614453,0.29699422933729897,True,0.772744000190869
1227,0,0.01,0.29696943434614453,0.29694464345346366,0.29696943186689007,True,0.7729317999910563
1228,0,0.01,0.29694464345346366,0.29691985918107755,0.29694464097487017,True,0.7731171001214534
1229,0,0.01,0.29691985918107755,0.2968950815708839,0.29691985670314924,True,0.7733023001346737
1230,0,0.01,0.2968950815708839,0.2968703106647689,0.29689507909362495,True,0.773481999989599
1231,0,0.01,0.2968703106647689,0.2968455465046054,0.2968703081881835,True,0.7736603000666946
1232,0,0.01,0.2968455465046054,0.29682078913225324,0.2968455440286977,True,0.7738391000311822
1233,0,0.01,0.29682078913225324,0.2967960385895585,0.2968207866570275,True,0.7740176001098007
1234,0,0.01,0.2967960385895585,0.2967712949183528,0.29679603611501887,True,0.7741914000362158
1235,0,0.01,0.2967712949183528,0.296746558160453,0.29677129244450345,True,0.7743616001680493
1236,0,0.01,0.296746558160453,0.29672182835766014,0.2967465556872981,True,0.7745470001827925
1237,0,0.01,0.29672182835766014,0.2966971055517601,0.2967218258852039,True,0.7747195002157241
1238,0,0.01,0.2966971055517601,0.2966723897845213,0.2966971030800067,True,0.7748924000188708
1239,0,0.01,0.2966723897845213,0.296647681097696,0.2966723873134749,True,0.7750629000365734
1240,0,0.01,0.296647681097696,0.2966229795330185,0.29664767862736074,True,0.775227400008589
1241,0,0.01,0.2966229795330185,0.29659828513220515,0.29662297706339863,True,0.7753920000977814
1242,0,0.01,0.29659828513220515,0.29657359793695365,0.2965982826633048,True,0.7755555000621825
1243,0,0.01,0.29657359793695365,0.2965489179889427,0.29657359546877693,True,0.7757135999854654
1244,0,0.01,0.2965489179889427,0.29652424532983135,0.2965489155214938,True,0.7758785001933575
1245,0,0.01,0.29652424532983135,0.2964995800012585,0.2965242428631145,True,0.7760388001333922
1246,0,0.01,0.2964995800012585,0.2964749220448424,0.29649957753527784,True,0.7761979000642896
1247,0,0.01,0.2964749220448424,0.29645027150218023,0.29647491957960204,True,0.7763550002127886
1248,0,0.01,0.29645027150218023,0.29642562841484726,0.2964502690376844,True,0.7765193001832813
1249,0,0.01,0.29642562841484726,0.2964009928243968,0.29642562595110006,True,0.7766733001917601
1250,0,0.01,0.2964009928243968,0.2963763647723594,0.29640099036140244,True,0.7768276000861079
1251,0,0.01,0.2963763647723594,0.2963517443002423,0.296376362310122,True,0.7769797001965344
1252,0,0.01,0.2963517443002423,0.2963271314495293,0.296351741838766,True,0.7771386001259089
1253,0,0.01,0.2963271314495293,0.2963025262616796,0.29632712898881824,True,0.7774929001461715
1254,0,0.01,0.2963025262616796,0.29627792877812803,0.2963025238017379,True,0.7776511001866311
1255,0,0.01,0.29627792877812803,0.29625333904028395,0.2962779263189599,True,0.7777964000124484
1256,0,0.01,0.29625333904028395,0.2962287570895312,0.29625333658189346,True,0.7779410001821816
1257,0,0.01,0.2962287570895312,0.2962041829672274,0.29622875463192255,True,0.7780869000125676
1258,0,0.01,0.2962041829672274,0.29617961671470316,0.2962041805104047,True,0.7782305001746863
1259,0,0.01,0.29617961671470316,0.2961550583732621,0.2961796142586705,True,0.7783739999867976
1260,0,0.01,0.2961550583732621,0.2961305079841804,0.29615505591802366,True,0.7785905001219362
1261,0,0.01,0.2961305079841804,0.29610596558870556,0.2961305055297403,True,0.7788048000074923
1262,0,0.01,0.29610596558870556,0.29608143122805675,0.29610596313506793,True,0.7789501000661403
1263,0,0.01,0.29608143122805675,0.2960569049434238,0.2960814287752257,True,0.7790919002145529
1264,0,0.01,0.2960569049434238,0.296032386775967,0.29605690249140343,True,0.7792315001133829
1265,0,0.01,0.296032386775967,0.29600787676681634,0.2960323843247614,True,0.7793698001187295
1266,0,0.01,0.29600787676681634,0.2959833749570715,0.29600787431642966,True,0.7795086000114679
1267,0,0.01,0.2959833749570715,0.2959588813878007,0.29598337250750784,True,0.7796503000427037
1268,0,0.01,0.2959588813878007,0.29593439610004085,0.29595887893906414,True,0.7797933002002537
1269,0,0.01,0.29593439610004085,0.2959099191347966,0.29593439365213553,True,0.7799352000001818
1270,0,0.01,0.2959099191347966,0.2958854505330403,0.2959099166877266,True,0.7800773000344634
1271,0,0.01,0.2958854505330403,0.29586099033571095,0.2958854480868097,True,0.7804227999877185
1272,0,0.01,0.29586099033571095,0.2958365385837145,0.2958609878903239,True,0.7805815001484007
1273,0,0.01,0.2958365385837145,0.2958120953179225,0.29583653613917504,True,0.7807302000001073
1274,0,0.01,0.2958120953179225,0.29578766057917266,0.29581209287423477,True,0.7808774001896381
1275,0,0.01,0.29578766057917266,0.2957632344082672,0.29578765813634067,True,0.78102370002307
1276,0,0.01,0.2957632344082672,0.29573881684597325,0.29576323196629506,True,0.7811696000862867
1277,0,0.01,0.29573881684597325,0.29571440793302217,0.295738814404865,True,0.781320600071922
1278,0,0.01,0.29571440793302217,0.295690007710109,0.29571440549278194,True,0.7814712000545114
1279,0,0.01,0.295690007710109,0.2956656162178921,0.2956900052707408,True,0.7816217001527548
1280,0,0.01,0.2956656162178921,0.29564123349699245,0.29566561377940004,True,0.7817720000166446
1281,0,0.01,0.29564123349699245,0.29561685958799344,0.29564123105938056,True,0.7819391000084579
1282,0,0.01,0.29561685958799344,0.29559249453144054,0.2956168571512658,True,0.7821096000261605
1283,0,0.01,0.29559249453144054,0.29556813836784035,0.2955924920956012,True,0.7822736001107842
1284,0,0.01,0.29556813836784035,0.2955437911376608,0.29556813593289327,True,0.7824371000751853
1285,0,0.01,0.2955437911376608,0.29551945288133,0.29554378870361014,True,0.7826061001978815
1286,0,0.01,0.29551945288133,0.29549512363923636,0.29551945044817973,True,0.7827763000968844
1287,0,0.01,0.29549512363923636,0.2954708034517278,0.29549512120699056,True,0.782945099985227
1288,0,0.01,0.2954708034517278,0.2954464923591116,0.29547080102039047,True,0.7831191001459956
1289,0,0.01,0.2954464923591116,0.2954221904016536,0.2954464899286868,True,0.7832962002139539
1290,0,0.01,0.2954221904016536,0.295397897619578,0.29542218797214526,True,0.7834787000901997
1291,0,0.01,0.295397897619578,0.29537361405306695,0.2953978951909903,True,0.7836690000258386
1292,0,0.01,0.29537361405306695,0.2953493397422599,0.29537361162540376,True,0.7838595001958311
1293,0,0.01,0.2953493397422599,0.29532507472725333,0.2953493373155253,True,0.7843828001059592
1294,0,0.01,0.29532507472725333,0.2953008190481004,0.29532507230145133,True,0.7846119999885559
1295,0,0.01,0.2953008190481004,0.29527657274481006,0.295300816623235,True,0.7848273999989033
1296,0,0.01,0.29527657274481006,0.29525233585734745,0.2952765703208852,True,0.7850395999848843
1297,0,0.01,0.29525233585734745,0.29522810842563235,0.2952523334343672,True,0.7852549999952316
1298,0,0.01,0.29522810842563235,0.2952038904895399,0.29522810600360067,True,0.7856463000643998
1299,0,0.01,0.2952038904895399,0.29517968208889933,0.29520388806846076,True,0.785958900116384
1300,0,0.01,0.29517968208889933,0.29515548326349395,0.29517967966877673,True,0.7862042000051588
1301,0,0.01,0.29515548326349395,0.29513129405306054,0.29515548084433185,True,0.7864342001266778
1302,0,0.01,0.29513129405306054,0.29510711449728927,0.2951312916348629,True,0.7866617999970913
1303,0,0.01,0.29510711449728927,0.29508294463582263,0.2951071120800601,True,0.7868872000835836
1304,0,0.01,0.29508294463582263,0.29505878450825573,0.2950829422195658,True,0.7871396001428366
1305,0,0.01,0.29505878450825573,0.2950346341541353,0.2950587820929753,True,0.7873713001608849
1306,0,0.01,0.2950346341541353,0.29501049361295967,0.29503463173983513,True,0.7875967000145465
1307,0,0.01,0.29501049361295967,0.2949863629241782,0.2950104911996438,True,0.787821700097993
1308,0,0.01,0.2949863629241782,0.2949622421271909,0.2949863605118505,True,0.7880461001768708
1309,0,0.01,0.2949622421271909,0.294938131261348,0.2949622397158554,True,0.7882704001385719
1310,0,0.01,0.294938131261348,0.29491403036594943,0.2949381288510085,True,0.7884832001291215
1311,0,0.01,0.29491403036594943,0.2948899394802446,0.2949140279566099,True,0.7886942999903113
1312,0,0.01,0.2948899394802446,0.2948658586434321,0.294889937071909,True,0.7889088001102209
1313,0,0.01,0.2948658586434321,0.29484178789465887,0.29486585623610434,True,0.7891395001206547
1314,0,0.01,0.29484178789465887,0.29481772727302025,0.29484178548834283,True,0.789351399987936
1315,0,0.01,0.29481772727302025,0.2947936768175591,0.29481772486771984,True,0.7895587000530213
1316,0,0.01,0.2947936768175591,0.294769636567266,0.29479367441327825,True,0.789763200096786
1317,0,0.01,0.294769636567266,0.2947456065610783,0.2947696341640086,True,0.7899670000188053
1318,0,0.01,0.2947456065610783,0.29472158683788013,0.2947456041588482,True,0.7901705000549555
1319,0,0.01,0.29472158683788013,0.29469757743650166,0.2947215844366813,True,0.7903657001443207
1320,0,0.01,0.29469757743650166,0.29467357839571917,0.29469757503633787,True,0.7905604999978095
1321,0,0.01,0.29467357839571917,0.2946495897542542,0.2946735759965944,True,0.7907555000856519
1322,0,0.01,0.2946495897542542,0.29462561155077316,0.29464958735617225,True,0.7909496000502259
1323,0,0.01,0.29462561155077316,0.2946016438238875,0.29462560915373787,True,0.7911608000285923
1324,0,0.01,0.2946016438238875,0.2945776866121528,0.29460164142790274,True,0.791357200127095
1325,0,0.01,0.2945776866121528,0.29455373995406836,0.29457768421722247,True,0.791545000160113
1326,0,0.01,0.29455373995406836,0.2945298038880772,0.2945537375601963,True,0.7917338002007455
1327,0,0.01,0.2945298038880772,0.2945058784525656,0.2945298014952672,True,0.7919233001302928
1328,0,0.01,0.2945058784525656,0.29448196368586216,0.2945058760608215,True,0.7921113001648337
1329,0,0.01,0.29448196368586216,0.2944580596262383,0.29448196129518783,True,0.7925194001290947
1330,0,0.01,0.2944580596262383,0.2944341663119074,0.29445805723663754,True,0.7927763999905437
1331,0,0.01,0.2944341663119074,0.29441028378102424,0.29443416392338406,True,0.792965300148353
1332,0,0.01,0.29441028378102424,0.2943864120716851,0.2944102813935821,True,0.793149100150913
1333,0,0.01,0.2943864120716851,0.294362551221927,0.294386409685328,True,0.7933247000910342
1334,0,0.01,0.294362551221927,0.2943387012697277,0.2943625488366587,True,0.793497100006789
1335,0,0.01,0.2943387012697277,0.29431486225300507,0.294338698885552,True,0.7936707001645118
1336,0,0.01,0.29431486225300507,0.29429103420961655,0.2943148598699257,True,0.7941676999907941
1337,0,0.01,0.29429103420961655,0.2942672171773594,0.2942910318276374,True,0.7943717001471668
1338,0,0.01,0.2942672171773594,0.2942434111939697,0.29426721479648416,True,0.7945481000933796
1339,0,0.01,0.2942434111939697,0.29421961629712223,0.2942434088142022,True,0.7947200001217425
1340,0,0.01,0.29421961629712223,0.2941958325244306,0.2942196139184662,True,0.7948918000329286
1341,0,0.01,0.2941958325244306,0.29417205991344586,0.2941958301468898,True,0.7950630001723766
1342,0,0.01,0.29417205991344586,0.294148298501657,0.294172057537024,True,0.7952298000454903
1343,0,0.01,0.294148298501657,0.29412454832649054,0.29414829612635796,True,0.7953936001285911
1344,0,0.01,0.29412454832649054,0.29410080942530936,0.2941245459523179,True,0.795581900049001
1345,0,0.01,0.29410080942530936,0.2940770818354137,0.29410080705226693,True,0.7957484000362456
1346,0,0.01,0.2940770818354137,0.2940533655940395,0.2940770794635052,True,0.7959078000858426
1347,0,0.01,0.2940533655940395,0.2940296607383589,0.29405336322326864,True,0.7960676001384854
1348,0,0.01,0.2940296607383589,0.2940059673054795,0.2940296583687294,True,0.7962265000678599
1349,0,0.01,0.2940059673054795,0.2939822853324444,0.29400596493699505,True,0.796385700115934
1350,0,0.01,0.2939822853324444,0.2939586148562313,0.2939822829651087,True,0.7965412000194192
1351,0,0.01,0.2939586148562313,0.29393495591375274,0.29395861249004807,True,0.7966953001450747
1352,0,0.01,0.29393495591375274,0.2939113085418552,0.2939349535487256,True,0.7968475001398474
1353,0,0.01,0.2939113085418552,0.2938876727773194,0.29391130617798794,True,0.7970008000265807
1354,0,0.01,0.2938876727773194,0.29386404865685933,0.2938876704146156,True,0.7971536000259221
1355,0,0.01,0.29386404865685933,0.29384043621712247,0.2938640462953227,True,0.7973023001104593
1356,0,0.01,0.29384043621712247,0.2938168354946891,0.2938404338567567,True,0.7974607001524419
1357,0,0.01,0.2938168354946891,0.29379324652607197,0.2938168331354978,True,0.7976113001350313
1358,0,0.01,0.29379324652607197,0.2937696693477163,0.29379324416805874,True,0.7977603999897838
1359,0,0.01,0.2937696693477163,0.29374610399599926,0.29376966699088486,True,0.7979047000408173
1360,0,0.01,0.29374610399599926,0.2937225505072295,0.2937461016403532,True,0.7980487002059817
1361,0,0.01,0.2937225505072295,0.293699008917647,0.29372254815277243,True,0.7981918000150472
1362,0,0.01,0.293699008917647,0.29367547926342263,0.2936990065643826,True,0.7983327000401914
1363,0,0.01,0.29367547926342263,0.2936519615806582,0.2936754769113544,True,0.7984709001611918
1364,0,0.01,0.2936519615806582,0.29362845590538567,0.29365195922978987,True,0.7986093000508845
1365,0,0.01,0.29362845590538567,0.29360496227356714,0.29362845355572076,True,0.798747600056231
1366,0,0.01,0.29360496227356714,0.29358148072109436,0.29360495992510927,True,0.7988856001757085
1367,0,0.01,0.29358148072109436,0.29355801128378856,0.2935814783738471,True,0.7990219001658261
1368,0,0.01,0.29355801128378856,0.29353455399739986,0.2935580089377555,True,0.799155900022015
1369,0,0.01,0.29353455399739986,0.2935111088976077,0.2935345516525846,True,0.7992908000014722
1370,0,0.01,0.2935111088976077,0.29348767602001935,0.29351110655401375,True,0.7994323000311852
1371,0,0.01,0.29348767602001935,0.29346425540017096,0.2934876736776503,True,0.7995716000441462
1372,0,0.01,0.29346425540017096,0.2934408470735261,0.29346425305903034,True,0.799707300029695
1373,0,0.01,0.2934408470735261,0.2934174510754761,0.2934408447336174,True,0.7998413001187146
1374,0,0.01,0.2934174510754761,0.2933940674413396,0.293417448736803,True,0.7999763002153486
1375,0,0.01,0.2933940674413396,0.29337069620636247,0.29339406510390553,True,0.8001112001948059
1376,0,0.01,0.29337069620636247,0.29334733740571683,0.29337069387017095,True,0.8002449001651257
1377,0,0.01,0.29334733740571683,0.2933239910745017,0.2933473350707714,True,0.8003793000243604
1378,0,0.01,0.2933239910745017,0.2933006572477418,0.2933239887408058,True,0.8005127999931574
1379,0,0.01,0.2933006572477418,0.2932773359603881,0.29330065491529894,True,0.8006472000852227
1380,0,0.01,0.2932773359603881,0.293254027247317,0.2932773336292018,True,0.80078210006468
1381,0,0.01,0.293254027247317,0.2932307311433299,0.2932540249173907,True,0.8009161001536995
1382,0,0.01,0.2932307311433299,0.29320744768315377,0.2932307288146672,True,0.8010501000098884
1383,0,0.01,0.29320744768315377,0.2931841769014397,0.29320744535575805,True,0.801183900097385
1384,0,0.01,0.2931841769014397,0.2931609188327638,0.2931841745753144,True,0.8013173001818359
1385,0,0.01,0.2931609188327638,0.2931376735116256,0.2931609165079124,True,0.8014601999893785
1386,0,0.01,0.2931376735116256,0.29311444097244943,0.29313767118805156,True,0.8015988999977708
1387,0,0.01,0.29311444097244943,0.2930912212495824,0.29311443865015613,True,0.8017341000959277
1388,0,0.01,0.2930912212495824,0.2930680143772955,0.2930912189285733,True,0.801868500187993
1389,0,0.01,0.2930680143772955,0.29304482038978263,0.29306801205757405,True,0.8020025000441819
1390,0,0.01,0.29304482038978263,0.2930216393211602,0.2930448180713522,True,0.8021373001392931
1391,0,0.01,0.2930216393211602,0.29299847120546774,0.2930216370040242,True,0.8022714001126587
1392,0,0.01,0.29299847120546774,0.2929753160766666,0.2929984688896296,True,0.8024592001456767
1393,0,0.01,0.2929753160766666,0.29295217396864026,0.29297531376212965,True,0.8025968000292778
1394,0,0.01,0.29295217396864026,0.29292904491519395,0.29295217165540793,True,0.8027346001472324
1395,0,0.01,0.29292904491519395,0.2929059289500544,0.29292904260326963,True,0.8028711001388729
1396,0,0.01,0.2929059289500544,0.29288282610686955,0.2929059266394414,True,0.8030077000148594
1397,0,0.01,0.29288282610686955,0.29285973641920826,0.2928828237975713,True,0.8031451001297683
1398,0,0.01,0.29285973641920826,0.2928366599205603,0.29285973411122806,True,0.8032906001899391
1399,0,0.01,0.2928366599205603,0.2928135966443357,0.29283665761390154,True,0.803426300175488
1400,0,0.01,0.2928135966443357,0.2927905466238646,0.29281359433900167,True,0.8035674002021551
1401,0,0.01,0.2927905466238646,0.2927675098923975,0.2927905443198586,True,0.8037026000674814
1402,0,0.01,0.2927675098923975,0.29274448648310425,0.292767507589723,True,0.8038380001671612
1403,0,0.01,0.29274448648310425,0.2927214764290744,0.29274448418176435,True,0.8039720000233501
1404,0,0.01,0.2927214764290744,0.2926984797633166,0.29272147412907257,True,0.8041130001656711
1405,0,0.01,0.2926984797633166,0.29267549651875846,0.292698477464656,True,0.80424870015122
1406,0,0.01,0.29267549651875846,0.2926525267282463,0.29267549422144246,True,0.8043827000074089
1407,0,0.01,0.2926525267282463,0.2926295704245452,0.2926525244322782,True,0.8045168002136052
1408,0,0.01,0.2926295704245452,0.29260662764033835,0.2926295681299282,True,0.8046511001884937
1409,0,0.01,0.29260662764033835,0.29258369840822684,0.29260662534707577,True,0.8047859000507742
1410,0,0.01,0.29258369840822684,0.2925607827607297,0.2925836961163219,True,0.804929600097239
1411,0,0.01,0.2925607827607297,0.29253788073028353,0.2925607804701857,True,0.805069100111723
1412,0,0.01,0.29253788073028353,0.29251499234924216,0.2925378784411036,True,0.8052047002129257
1413,0,0.01,0.29251499234924216,0.2924921176498767,0.2925149900614296,True,0.8053405000828207
1414,0,0.01,0.2924921176498767,0.29246925666437495,0.2924921153634347,True,0.8054753001779318
1415,0,0.01,0.29246925666437495,0.2924464094248415,0.29246925437930676,True,0.805610200157389
1416,0,0.01,0.2924464094248415,0.2924235759632974,0.29244640714115033,True,0.8057449001353234
1417,0,0.01,0.2924235759632974,0.2924007563116797,0.29242357368098637,True,0.805879499996081
1418,0,0.01,0.2924007563116797,0.29237795050184173,0.2924007540307521,True,0.8060135000851005
1419,0,0.01,0.29237795050184173,0.2923551585655523,0.2923779482223007,True,0.8061488000676036
1420,0,0.01,0.2923551585655523,0.29233238053449584,0.292355156287401,True,0.8062836001627147
1421,0,0.01,0.29233238053449584,0.29230961644027253,0.29233237825773745,True,0.8064171001315117
1422,0,0.01,0.29230961644027253,0.29228686631439704,0.2923096141649102,True,0.8065526999998838
1423,0,0.01,0.29228686631439704,0.29226413018829944,0.29228686404043386,True,0.806687300093472
1424,0,0.01,0.29226413018829944,0.2922414080933242,0.2922641279157386,True,0.8068216000683606
1425,0,0.01,0.2922414080933242,0.2922187000607304,0.29224140582216884,True,0.806966400006786
1426,0,0.01,0.2922187000607304,0.29219600612169166,0.29221869779098364,True,0.8071042001247406
1427,0,0.01,0.29219600612169166,0.2921733263072953,0.29219600385335653,True,0.8072381000965834
1428,0,0.01,0.2921733263072953,0.2921506606485427,0.292173324040375,True,0.8073715001810342
1429,0,0.01,0.2921506606485427,0.29212800917634907,0.2921506583830403,True,0.8075048001483083
1430,0,0.01,0.29212800917634907,0.2921053719215427,0.2921280069122676,True,0.8076390000060201
1431,0,0.01,0.2921053719215427,0.2920827489148656,0.29210536965888523,True,0.8077721002046019
1432,0,0.01,0.2920827489148656,0.2920601401869726,0.29208274665363526,True,0.8079053000546992
1433,0,0.01,0.2920601401869726,0.29203754576843166,0.2920601379271725,True,0.8080384000204504
1434,0,0.01,0.29203754576843166,0.2920149656897233,0.2920375435100647,True,0.8081701002083719
1435,0,0.01,0.2920149656897233,0.2919923999812405,0.29201496343279265,True,0.8083039000630379
1436,0,0.01,0.2919923999812405,0.29196984867328857,0.29199239772574914,True,0.8084362000226974
1437,0,0.01,0.29196984867328857,0.2919473117960853,0.2919698464192395,True,0.8085690001025796
1438,0,0.01,0.2919473117960853,0.29192478937975996,0.2919473095434816,True,0.8087010001763701
1439,0,0.01,0.29192478937975996,0.29190228145435393,0.2919247871286046,True,0.808872900204733
1440,0,0.01,0.29190228145435393,0.29187978804981995,0.2919022792046499,True,0.8090200000442564
1441,0,0.01,0.29187978804981995,0.29185730919602226,0.29187978580157026,True,0.809154000133276
1442,0,0.01,0.29185730919602226,0.2918348449227364,0.2918573069492299,True,0.8092883001081645
1443,0,0.01,0.2918348449227364,0.2918123952596489,0.29183484267740434,True,0.8094217001926154
1444,0,0.01,0.2918123952596489,0.2917899602363573,0.29181239301578005,True,0.8095552001614124
1445,0,0.01,0.2917899602363573,0.2917675398823695,0.29178995799395463,True,0.8096882000099868
1446,0,0.01,0.2917675398823695,0.29174513422710424,0.2917675376414359,True,0.8098207002039999
1447,0,0.01,0.29174513422710424,0.29172274329989056,0.2917451319876428,True,0.809954000171274
1448,0,0.01,0.29172274329989056,0.2917003671299676,0.2917227410619041,True,0.8100868000183254
1449,0,0.01,0.2917003671299676,0.2916780057464847,0.2917003648934591,True,0.8102198999840766
1450,0,0.01,0.2916780057464847,0.2916556591785009,0.291678003511457,True,0.8104503001086414
1451,0,0.01,0.2916556591785009,0.29163332745498505,0.2916556569449569,True,0.8106436000671238
1452,0,0.01,0.29163332745498505,0.2916110106048153,0.2916333252229277,True,0.8107902000192553
1453,0,0.01,0.2916110106048153,0.2915887086567796,0.2916110083742474,True,0.8109357000794262
1454,0,0.01,0.2915887086567796,0.2915664216395747,0.29158870642770407,True,0.8111324000637978
1455,0,0.01,0.2915664216395747,0.2915441495818065,0.2915664194119944,True,0.8112759001087397
1456,0,0.01,0.2915441495818065,0.2915218925119902,0.2915441473557243,True,0.811412800103426
1457,0,0.01,0.2915218925119902,0.2914996504585492,0.2915218902874089,True,0.8115482002031058
1458,0,0.01,0.2914996504585492,0.29147742344981575,0.2914996482354717,True,0.8116820000577718
1459,0,0.01,0.29147742344981575,0.29145521151403053,0.2914774212282448,True,0.8118170001544058
1460,0,0.01,0.29145521151403053,0.2914330146793427,0.291455209293969,True,0.8119510000105947
1461,0,0.01,0.2914330146793427,0.29141083297380915,0.2914330124607934,True,0.812085100216791
1462,0,0.01,0.29141083297380915,0.2913886664253953,0.2914108307567749,True,0.8122190001886338
1463,0,0.01,0.2913886664253953,0.2913665150619739,0.2913886642098788,True,0.8123533001635224
1464,0,0.01,0.2913665150619739,0.2913443789113258,0.29136651284797804,True,0.8124875000212342
1465,0,0.01,0.2913443789113258,0.29132225800113937,0.29134437669885327,True,0.8126217999961227
1466,0,0.01,0.29132225800113937,0.2913001523590103,0.29132225579019294,True,0.8127669000532478
1467,0,0.01,0.2913001523590103,0.2912780620124417,0.29130015014959276,True,0.8129057001788169
1468,0,0.01,0.2912780620124417,0.29125598698884375,0.2912780598045558,True,0.813041300047189
1469,0,0.01,0.29125598698884375,0.2912339273155338,0.29125598478249215,True,0.8131752000190318
1470,0,0.01,0.2912339273155338,0.291211883019736,0.2912339251107193,True,0.8133090001065284
1471,0,0.01,0.291211883019736,0.29118985412858134,0.29121188081646127,True,0.8134436002001166
1472,0,0.01,0.29118985412858134,0.2911678406691074,0.2911898519268491,True,0.8135778000578284
1473,0,0.01,0.2911678406691074,0.2911458426682582,0.29116783846892036,True,0.8137130001559854
1474,0,0.01,0.2911458426682582,0.2911238601528844,0.29114584046961905,True,0.8138475001323968
1475,0,0.01,0.2911238601528844,0.2911018931497428,0.29112385795579576,True,0.8139816001057625
1476,0,0.01,0.2911018931497428,0.2910799416854961,0.2911018909542074,True,0.8141155000776052
1477,0,0.01,0.2910799416854961,0.2910580057867135,0.2910799394915166,True,0.8142502000555396
1478,0,0.01,0.2910580057867135,0.2910360854798698,0.2910580035942925,True,0.8143843000289053
1479,0,0.01,0.2910360854798698,0.29101418079134556,0.29103608328901,True,0.8145203001331538
1480,0,0.01,0.29101418079134556,0.29099229174742725,0.29101417860204953,True,0.8146544999908656
1481,0,0.01,0.29099229174742725,0.29097041837430665,0.2909922895596977,True,0.8147971001453698
1482,0,0.01,0.29097041837430665,0.29094856069808106,0.2909704161881461,True,0.8149350001476705
1483,0,0.01,0.29094856069808106,0.29092671874475323,0.29094855851349216,True,0.8150693001225591
1484,0,0.01,0.29092671874475323,0.290904892540231,0.2909267165617386,True,0.8152036000974476
1485,0,0.01,0.290904892540231,0.2908830821103273,0.29090489035879313,True,0.8153384001925588
1486,0,0.01,0.2908830821103273,0.2908612874807603,0.29088307993046886,True,0.8154727001674473
1487,0,0.01,0.2908612874807603,0.29083950867715286,0.2908612853024838,True,0.815606800140813
1488,0,0.01,0.29083950867715286,0.2908177457250326,0.29083950650046086,True,0.8157419001217932
1489,0,0.01,0.2908177457250326,0.2907959986498321,0.2908177435499277,True,0.8158759002108127
1490,0,0.01,0.2907959986498321,0.2907742674768883,0.29079599647631676,True,0.8160093000624329
1491,0,0.01,0.2907742674768883,0.2907525522314427,0.2907742653049651,True,0.8161424000281841
1492,0,0.01,0.2907525522314427,0.2907308529386413,0.2907525500611141,True,0.8162765000015497
1493,0,0.01,0.2907308529386413,0.2907091696235343,0.2907308507699099,True,0.8164099000860006
1494,0,0.01,0.2907091696235343,0.2906875023110762,0.2907091674564025,True,0.8165440000593662
1495,0,0.01,0.2906875023110762,0.2906658510261256,0.29068750014554656,True,0.8166770001407713
1496,0,0.01,0.2906658510261256,0.29064421579344496,0.29066584886220054,True,0.8168211001902819
1497,0,0.01,0.29064421579344496,0.290622596637701,0.290644213631127,True,0.8169578001834452
1498,0,0.01,0.290622596637701,0.2906009935834641,0.29062259447699257,True,0.817092000041157
1499,0,0.01,0.2906009935834641,0.2905794066552084,0.2906009914243676,True,0.8172253000084311
1500,0,0.01,0.2905794066552084,0.2905578358773119,0.2905794044977264,True,0.8173649001400918
1501,0,0.01,0.2905578358773119,0.2905362812740559,0.2905578337214467,True,0.8176958002150059
1502,0,0.01,0.2905362812740559,0.29051474286962553,0.29053627911981,True,0.817970700096339
1503,0,0.01,0.29051474286962553,0.2904932206881092,0.29051474071700134,True,0.8181388000957668
1504,0,0.01,0.2904932206881092,0.29047171475349876,0.2904932185371091,True,0.8183020001742989
1505,0,0.01,0.29047171475349876,0.29045022508968915,0.29047171260412513,True,0.8184621001128107
1506,0,0.01,0.29045022508968915,0.2904287517204789,0.2904502229419444,True,0.818617400014773
1507,0,0.01,0.2904287517204789,0.2904072946695692,0.2904287495743654,True,0.818817500025034
1508,0,0.01,0.2904072946695692,0.29038585396056477,0.29040729252508934,True,0.818956500152126
1509,0,0.01,0.29038585396056477,0.290364429616973,0.2903858518177208,True,0.8190954001620412
1510,0,0.01,0.290364429616973,0.2903430216622045,0.29036442747576735,True,0.8192350000608712
1511,0,0.01,0.2903430216622045,0.29032163011957224,0.29034301952263947,True,0.8193690001498908
1512,0,0.01,0.29032163011957224,0.29030025501229273,0.2903216279816502,True,0.8195032000076026
1513,0,0.01,0.29030025501229273,0.29027889636348436,0.29030025287601596,True,0.8196370000950992
1514,0,0.01,0.29027889636348436,0.29025755419616883,0.29027889422885517,True,0.8197708001825958
1515,0,0.01,0.29025755419616883,0.2902362285332703,0.2902575520631895,True,0.8199035001453012
1516,0,0.01,0.2902362285332703,0.2902149193976151,0.29023622640194313,True,0.8200375000014901
1517,0,0.01,0.2902149193976151,0.29019362681193267,0.29021491726794235,True,0.820172700099647
1518,0,0.01,0.29019362681193267,0.2901723507988543,0.29019362468391663,True,0.820305900182575
1519,0,0.01,0.2901723507988543,0.29015109138091405,0.2901723486724972,True,0.8204567001666874
1520,0,0.01,0.29015109138091405,0.29012984858054813,0.29015108925621813,True,0.8205926001537591
1521,0,0.01,0.29012984858054813,0.29010862242009494,0.29012984645751566,True,0.8207267001271248
1522,0,0.01,0.29010862242009494,0.2900874129217952,0.29010862029872814,True,0.820862099993974
1523,0,0.01,0.2900874129217952,0.2900662201077918,0.29008741080209627,True,0.8209969000890851
1524,0,0.01,0.2900662201077918,0.2900450440001298,0.29006621798976295,True,0.8211322000715882
1525,0,0.01,0.2900450440001298,0.2900238846207562,0.2900450418837732,True,0.8212664001621306
1526,0,0.01,0.2900238846207562,0.29000274199152004,0.2900238825060741,True,0.8214036000426859
1527,0,0.01,0.29000274199152004,0.28998161613417234,0.2900027398785146,True,0.8215519001241773
1528,0,0.01,0.28998161613417234,0.28996050706667265,0.2899816140228457,True,0.8216897000093013
1529,0,0.01,0.28996050706667265,0.289939414767919,0.28996050495702375,True,0.8218234002124518
1530,0,0.01,0.289939414767919,0.2899183392352963,0.28993941265994616,True,0.8219562000595033
1531,0,0.01,0.2899183392352963,0.28989728049078717,0.2899183371290017,True,0.822090300032869
1532,0,0.01,0.28989728049078717,0.28987623855511246,0.289897278386173,True,0.8222240000031888
1533,0,0.01,0.28987623855511246,0.28985521343856285,0.28987623645218,True,0.8223648001439869
1534,0,0.01,0.28985521343856285,0.2898342051572378,0.2898552113373134,True,0.8225602000020444
1535,0,0.01,0.2898342051572378,0.2898132137328703,0.2898342030576735,True,0.8227008001413196
1536,0,0.01,0.2898132137328703,0.289792239187095,0.2898132116349933,True,0.8228365001268685
1537,0,0.01,0.289792239187095,0.2897712815396509,0.2897922370909075,True,0.8229708999861032
1538,0,0.01,0.2897712815396509,0.2897503407997693,0.2897712794451539,True,0.8231051000766456
1539,0,0.01,0.2897503407997693,0.2897294169850284,0.28975033870696426,True,0.8232402000576258
1540,0,0.01,0.2897294169850284,0.289708510116819,0.2897294148939175,True,0.8233749000355601
1541,0,0.01,0.289708510116819,0.2896876202154621,0.28970850802740433,True,0.8235097001306713
1542,0,0.01,0.2896876202154621,0.28966674729870845,0.2896876181277454,True,0.8236442999914289
1543,0,0.01,0.28966674729870845,0.28964589138748703,0.28966674521269176,True,0.8237782001961023
1544,0,0.01,0.28964589138748703,0.2896250525028328,0.2896458893031725,True,0.823912100167945
1545,0,0.01,0.2896250525028328,0.28960423066568225,0.2896250504202225,True,0.8240458001382649
1546,0,0.01,0.28960423066568225,0.2895834258968722,0.28960422858477824,True,0.8241795999929309
1547,0,0.01,0.2895834258968722,0.28956263821714057,0.2895834238176766,True,0.8243140000849962
1548,0,0.01,0.28956263821714057,0.2895418676471257,0.28956263613965544,True,0.8244623001664877
1549,0,0.01,0.2895418676471257,0.289521114207366,0.2895418655713531,True,0.8245994001626968
1550,0,0.01,0.289521114207366,0.28950037791830063,0.2895211121333079,True,0.8247353001497686
1551,0,0.01,0.28950037791830063,0.28947965880026816,0.28950037584595917,True,0.8248697000090033
1552,0,0.01,0.28947965880026816,0.28945895687350764,0.2894796567296453,True,0.8250041999854147
1553,0,0.01,0.28945895687350764,0.2894382721581577,0.28945895480460543,True,0.8251384000759572
1554,0,0.01,0.2894382721581577,0.2894176046742566,0.2894382700909781,True,0.8252728001680225
1555,0,0.01,0.2894176046742566,0.28939695444174196,0.28941760260880167,True,0.8254203000105917
1556,0,0.01,0.28939695444174196,0.28937632148045134,0.28939695237801366,True,0.8255634000524879
1557,0,0.01,0.28937632148045134,0.28935570581012116,0.28937631941845166,True,0.8256977000273764
1558,0,0.01,0.28935570581012116,0.28933510745038743,0.28935570374985203,True,0.8258313999976963
1559,0,0.01,0.28933510745038743,0.28931452642078503,0.2893351053918508,True,0.8259652000851929
1560,0,0.01,0.28931452642078503,0.28929396274074826,0.2893145243639829,True,0.8260990001726896
1561,0,0.01,0.28929396274074826,0.2892734164296099,0.2892939606856825,True,0.8262327001430094
1562,0,0.01,0.2892734164296099,0.28925288750660216,0.2892734143762825,True,0.8263738001696765
1563,0,0.01,0.28925288750660216,0.2892323759878913,0.28925288545501504,True,0.8265135001856834
1564,0,0.01,0.2892323759878913,0.2892118818815138,0.289232373938045,True,0.8266484001651406
1565,0,0.01,0.2892118818815138,0.28919140520569375,0.28921187983341007,True,0.8267830000258982
1566,0,0.01,0.28919140520569375,0.289170945979182,0.2891914031593345,True,0.8269174001179636
1567,0,0.01,0.289170945979182,0.2891505042185183,0.289170943934569,True,0.8272419001441449
1568,0,0.01,0.2891505042185183,0.28913007994117257,0.2891505021756531,True,0.8273983001708984
1569,0,0.01,0.28913007994117257,0.2891096731658307,0.2891300779000571,True,0.8275609000120312
1570,0,0.01,0.2891096731658307,0.2890892839110777,0.28910967112646685,True,0.8277034000493586
1571,0,0.01,0.2890892839110777,0.2890689121953973,0.2890892818734673,True,0.8278438001871109
1572,0,0.01,0.2890689121953973,0.28904855803646895,0.28906891015954217,True,0.8279843002092093
1573,0,0.01,0.28904855803646895,0.28902822144987017,0.2890485560023706,True,0.8281237999908626
1574,0,0.01,0.28902822144987017,0.289007902453575,0.28902821941753043,True,0.8282624001149088
1575,0,0.01,0.289007902453575,0.28898760106560384,0.2890079004229956,True,0.8284010000061244
1576,0,0.01,0.28898760106560384,0.288967317303329,0.2889875990367866,True,0.8285521001089364
1577,0,0.01,0.288967317303329,0.2889470511844628,0.2889673152762756,True,0.8286919000092894
1578,0,0.01,0.2889470511844628,0.28892680272682403,0.28894704915917513,True,0.8288316000252962
1579,0,0.01,0.28892680272682403,0.28890657194813,0.28892680070330384,True,0.8289705000352114
1580,0,0.01,0.28890657194813,0.28888635886599634,0.28890656992637903,True,0.8291095001623034
1581,0,0.01,0.28888635886599634,0.2888661634979368,0.2888863568460163,True,0.8292476001661271
1582,0,0.01,0.2888661634979368,0.28884598586136356,0.2888661614797295,True,0.8293865001760423
1583,0,0.01,0.28884598586136356,0.288825825973587,0.2888459838449307,True,0.8295364000368863
1584,0,0.01,0.288825825973587,0.28880568385181565,0.28882582395893036,True,0.829720500158146
1585,0,0.01,0.28880568385181565,0.28878555951315604,0.28880568183893685,True,0.8298648002091795
1586,0,0.01,0.28878555951315604,0.28876545297461303,0.2887855575020568,True,0.830003899987787
1587,0,0.01,0.28876545297461303,0.2887453642530896,0.2887654509652951,True,0.8301437001209706
1588,0,0.01,0.2887453642530896,0.28872529336538677,0.28874536224555464,True,0.8302834001369774
1589,0,0.01,0.28872529336538677,0.2887052403282034,0.2887252913596364,True,0.8304215001408011
1590,0,0.01,0.2887052403282034,0.2886852051581369,0.28870523832423933,True,0.8305723001249135
1591,0,0.01,0.2886852051581369,0.2886651878716822,0.2886852031559608,True,0.8307117000222206
1592,0,0.01,0.2886651878716822,0.2886451884852327,0.28866518587129575,True,0.8308533001691103
1593,0,0.01,0.2886451884852327,0.28862520701507965,0.28864518648663745,True,0.8309920001775026
1594,0,0.01,0.28862520701507965,0.2886052434774125,0.28862520501827726,True,0.8311299001798034
1595,0,0.01,0.2886052434774125,0.28858529788831866,0.2886052414824046,True,0.8312650001607835
1596,0,0.01,0.28858529788831866,0.28856537026378354,0.28858529589510673,True,0.8313985001295805
1597,0,0.01,0.28856537026378354,0.2885454606196908,0.2885653682723693,True,0.831547100096941
1598,0,0.01,0.2885454606196908,0.2885255689718222,0.28854545863007575,True,0.8316827001981437
1599,0,0.01,0.2885255689718222,0.28850569533585757,0.28852556698400794,True,0.8318180001806468
1600,0,0.01,0.28850569533585757,0.2884858397273747,0.2885056933498457,True,0.8319580000825226
1601,0,0.01,0.2884858397273747,0.28846600216184987,0.2884858377431667,True,0.8320921000558883
1602,0,0.01,0.28846600216184987,0.2884461826546575,0.28846600017944735,True,0.8322265001479536
1603,0,0.01,0.2884461826546575,0.28842638122106984,0.28844618067406197,True,0.832361500011757
1604,0,0.01,0.28842638122106984,0.288406597876258,0.2884263792422828,True,0.8327340001706034
1605,0,0.01,0.288406597876258,0.28838683263529086,0.28840659589928097,True,0.8328868001699448
1606,0,0.01,0.28838683263529086,0.288367085513136,0.2883868306601253,True,0.833026000065729
1607,0,0.01,0.288367085513136,0.28834735652465915,0.2883670835397835,True,0.83316700020805
1608,0,0.01,0.28834735652465915,0.2883276456846243,0.2883473545531211,True,0.8333019001875073
1609,0,0.01,0.2883276456846243,0.28830795300769424,0.2883276437149022,True,0.8334367000497878
1610,0,0.01,0.28830795300769424,0.2882882785084301,0.28830795103978957,True,0.8335707001388073
1611,0,0.01,0.2882882785084301,0.28826862220129135,0.28828827654234424,True,0.8337052001152188
1612,0,0.01,0.28826862220129135,0.28824898410063626,0.2882686202370258,True,0.8338392002042383
1613,0,0.01,0.28824898410063626,0.2882293642207217,0.28824898213819244,True,0.8339730000589043
1614,0,0.01,0.2882293642207217,0.2882097625757032,0.28822936226010104,True,0.8341068001464009
1615,0,0.01,0.2882097625757032,0.28819017917963496,0.28820976061690706,True,0.8342405001167208
1616,0,0.01,0.28819017917963496,0.28817061404647004,0.28819017722266477,True,0.8345075000543147
1617,0,0.01,0.28817061404647004,0.28815106719006045,0.28817061209132716,True,0.8347069001756608
1618,0,0.01,0.28815106719006045,0.28813153862415697,0.2881510652367463,True,0.8348484002053738
1619,0,0.01,0.28813153862415697,0.28811202836240934,0.2881315366726729,True,0.8349884001072496
1620,0,0.01,0.28811202836240934,0.2880925364183664,0.2881120264127567,True,0.835126900114119
1621,0,0.01,0.2880925364183664,0.28807306280547607,0.28809253447054656,True,0.8352650001179427
1622,0,0.01,0.28807306280547607,0.28805360753708564,0.2880730608594903,True,0.8355336000677198
1623,0,0.01,0.28805360753708564,0.28803417062644115,0.28805360559293536,True,0.835680500138551
1624,0,0.01,0.28803417062644115,0.2880147520866885,0.2880341686841276,True,0.8358226001728326
1625,0,0.01,0.2880147520866885,0.2879953519308725,0.288014750146213,True,0.8359623001888394
1626,0,0.01,0.2879953519308725,0.28797597017193777,0.2879953499922364,True,0.8361119001638144
1627,0,0.01,0.28797597017193777,0.28795660682272833,0.2879759682351423,True,0.8362552002072334
1628,0,0.01,0.28795660682272833,0.2879372618959878,0.2879566048877748,True,0.8363939002156258
1629,0,0.01,0.2879372618959878,0.2879179354043593,0.28793725996287745,True,0.8365321999881417
1630,0,0.01,0.2879179354043593,0.28789862736038613,0.2879179334730934,True,0.8366694001015276
1631,0,0.01,0.28789862736038613,0.28787933777651087,0.28789862543096595,True,0.8368075999896973
1632,0,0.01,0.28787933777651087,0.28786006666501474,0.28787933584893766,True,0.8369458999950439
1633,0,0.01,0.28786006666501474,0.2878408139526205,0.28786006473928877,True,0.8370831001084298
1634,0,0.01,0.2878408139526205,0.28782157942982844,0.28784081202871326,True,0.837222000118345
1635,0,0.01,0.28782157942982844,0.28780236307923784,0.28782157750773996,True,0.8373610000126064
1636,0,0.01,0.28780236307923784,0.287783164868123,0.28780236115896296,True,0.8374993000179529
1637,0,0.01,0.287783164868123,0.28776398481047205,0.2877831629496631,True,0.8376375001389533
1638,0,0.01,0.28776398481047205,0.2877448229202174,0.28776398289382854,True,0.8377750001382083
1639,0,0.01,0.2877448229202174,0.28772567921123404,0.28774482100539167,True,0.8379136000294238
1640,0,0.01,0.28772567921123404,0.28770655369556225,0.28772567729822746,True,0.8380516001489013
1641,0,0.01,0.28770655369556225,0.28768744634875637,0.28770655178437393,True,0.838202300015837
1642,0,0.01,0.28768744634875637,0.287668357148571,0.2876874444393825,True,0.8383428000379354
1643,0,0.01,0.287668357148571,0.2876492860968538,0.2876683552410119,True,0.8384942000266165
1644,0,0.01,0.2876492860968538,0.28763023320173375,0.2876492841911101,True,0.8386405000928789
1645,0,0.01,0.28763023320173375,0.28761119847709554,0.28763023129780674,True,0.8387789002154022
1646,0,0.01,0.28761119847709554,0.28759218193677116,0.2876111965749866,True,0.8389173001050949
1647,0,0.01,0.28759218193677116,0.28757318359453654,0.2875921800364817,True,0.8390509001910686
1648,0,0.01,0.28757318359453654,0.28755420346411026,0.28757318169606794,True,0.8391837000381202
1649,0,0.01,0.28755420346411026,0.28753524155915045,0.2875542015674638,True,0.8393166000023484
1650,0,0.01,0.28753524155915045,0.28751629788210264,0.2875352396643276,True,0.8394585000351071
1651,0,0.01,0.28751629788210264,0.2874973723001045,0.2875162959890941,True,0.8395929001271725
1652,0,0.01,0.2874973723001045,0.287478464727255,0.28749737040889717,True,0.8397268000990152
1653,0,0.01,0.287478464727255,0.28745957513396486,0.2874784628378463,True,0.8398610001895577
1654,0,0.01,0.28745957513396486,0.28744070351925133,0.28745957324635363,True,0.8399950000457466
1655,0,0.01,0.28744070351925133,0.28742184989720315,0.287440701633439,True,0.8401377000845969
1656,0,0.01,0.28742184989720315,0.28740301428191717,0.28742184801319115,True,0.8402755002025515
1657,0,0.01,0.28740301428191717,0.2873841966874938,0.2874030123997069,True,0.8404104001820087
1658,0,0.01,0.2873841966874938,0.2873653971280321,0.2873841948070867,True,0.8405449001584202
1659,0,0.01,0.2873653971280321,0.28734661561258384,0.28736539524942956,True,0.8406785000115633
1660,0,0.01,0.28734661561258384,0.28732785211547784,0.28734661373578374,True,0.840812100097537
1661,0,0.01,0.28732785211547784,0.28730910663251424,0.28732785024047913,True,0.8409461001865566
1662,0,0.01,0.28730910663251424,0.28729037916623446,0.2873091047593169,True,0.8410804001614451
1663,0,0.01,0.28729037916623446,0.2872716697297554,0.28729037729483975,True,0.8412143001332879
1664,0,0.01,0.2872716697297554,0.28725297833719166,0.2872716678601647,True,0.8413490999955684
1665,0,0.01,0.28725297833719166,0.28723430500265057,0.28725297646940645,True,0.8414839000906795
1666,0,0.01,0.28723430500265057,0.287215649740228,0.28723430313667225,True,0.8416208000853658
1667,0,0.01,0.287215649740228,0.28719701256397,0.2872156478760579,True,0.8417539000511169
1668,0,0.01,0.28719701256397,0.2871783934670351,0.2871970107016093,True,0.8418875001370907
1669,0,0.01,0.2871783934670351,0.2871597924110776,0.28717839160647834,True,0.8420208001043648
1670,0,0.01,0.2871597924110776,0.2871412093974297,0.287159790552325,True,0.8421645001508296
1671,0,0.01,0.2871412093974297,0.28712264443610847,0.28714120754048195,True,0.8423047000542283
1672,0,0.01,0.28712264443610847,0.28710409754111754,0.28712264258096704,True,0.8424524001311511
1673,0,0.01,0.28710409754111754,0.2870855687264509,0.2871040956877838,True,0.842592200031504
1674,0,0.01,0.2870855687264509,0.287067058006088,0.2870855668749262,True,0.8427263000048697
1675,0,0.01,0.287067058006088,0.2870485653939902,0.2870670561563738,True,0.8428605000954121
1676,0,0.01,0.2870485653939902,0.28703009090366527,0.2870485635460879,True,0.8429949001874775
1677,0,0.01,0.28703009090366527,0.28701163454026235,0.28703008905757565,True,0.8431313000619411
1678,0,0.01,0.28701163454026235,0.28699319630864595,0.2870116326959857,True,0.843264700146392
1679,0,0.01,0.28699319630864595,0.28697477621962464,0.2869931944661832,True,0.8433980999980122
1680,0,0.01,0.28697477621962464,0.2869563742870539,0.28697477437897717,True,0.8435319000855088
1681,0,0.01,0.2869563742870539,0.2869379905247569,0.28695637244822314,True,0.8437733000610024
1682,0,0.01,0.2869379905247569,0.28691962494652057,0.28693798868774417,True,0.8439191000070423
1683,0,0.01,0.28691962494652057,0.2869012775660935,0.2869196231113273,True,0.8440616000443697
1684,0,0.01,0.2869012775660935,0.28688294839718176,0.28690127573272106,True,0.8442353000864387
1685,0,0.01,0.28688294839718176,0.28686463745341756,0.28688294656563146,True,0.8443905999884009
1686,0,0.01,0.28686463745341756,0.2868463447418433,0.28686463562369063,True,0.8445387000683695
1687,0,0.01,0.2868463447418433,0.2868280702605011,0.2868463429139392,True,0.8449996002018452
1688,0,0.01,0.2868280702605011,0.2868098140194745,0.2868280684344207,True,0.8451761000324041
1689,0,0.01,0.2868098140194745,0.2867915760321229,0.2868098121952191,True,0.8453171001747251
1690,0,0.01,0.2867915760321229,0.2867733562926814,0.2867915742096935,True,0.845451100030914
1691,0,0.01,0.2867733562926814,0.28675515477117797,0.2867733544720738,True,0.8455848000012338
1692,0,0.01,0.28675515477117797,0.2867369714700509,0.28675515295239207,True,0.8457184000872076
1693,0,0.01,0.2867369714700509,0.2867188064026002,0.28673696965308804,True,0.8458510001655668
1694,0,0.01,0.2867188064026002,0.2867006595819523,0.28671880458746174,True,0.8459830000065267
1695,0,0.01,0.2867006595819523,0.286682531018724,0.2867006577686393,True,0.8461157002020627
1696,0,0.01,0.286682531018724,0.2866644207232192,0.28668252920723747,True,0.8462472001556307
1697,0,0.01,0.2866644207232192,0.2866463287082098,0.28666441891356037,True,0.8463795001152903
1698,0,0.01,0.2866463287082098,0.28662825498678557,0.28664632690038,True,0.8465583000797778
1699,0,0.01,0.28662825498678557,0.2866101995719863,0.28662825318078616,True,0.8467427000869066
1700,0,0.01,0.2866101995719863,0.2865921624758592,0.28661019776781854,True,0.8468874001409858
1701,0,0.01,0.2865921624758592,0.2865741437023491,0.28659216067352367,True,0.8470238000154495
1702,0,0.01,0.2865741437023491,0.28655614325799683,0.2865741419018462,True,0.8471596001181751
1703,0,0.01,0.28655614325799683,0.28653816115509007,0.28655614145932773,True,0.8472941000945866
1704,0,0.01,0.28653816115509007,0.28652019740642853,0.28653815935825605,True,0.8474355000071228
1705,0,0.01,0.28652019740642853,0.2865022520247539,0.28652019561143094,True,0.8475765001494437
1706,0,0.01,0.2865022520247539,0.2864843250227478,0.2865022502315939,True,0.8477120001334697
1707,0,0.01,0.2864843250227478,0.28646641641302983,0.28648432323142675,True,0.8478461001068354
1708,0,0.01,0.28646641641302983,0.28644852620815575,0.28646641462354894,True,0.8479806000832468
1709,0,0.01,0.28644852620815575,0.28643065442061577,0.28644852442051627,True,0.8481184002012014
1710,0,0.01,0.28643065442061577,0.28641280106283307,0.286430652634819,True,0.8482541001867503
1711,0,0.01,0.28641280106283307,0.2863949661471615,0.2864127992788802,True,0.8483902001753449
1712,0,0.01,0.2863949661471615,0.2863771496858848,0.28639496436505374,True,0.8487850001547486
1713,0,0.01,0.2863771496858848,0.2863593516912151,0.2863771479056234,True,0.8489304000977427
1714,0,0.01,0.2863593516912151,0.2863415721752908,0.2863593499128013,True,0.8490701999980956
1715,0,0.01,0.2863415721752908,0.2863238111501759,0.28634157039872576,True,0.8492085000034422
1716,0,0.01,0.2863238111501759,0.2863060686278583,0.28632380937546087,True,0.8493425000924617
1717,0,0.01,0.2863060686278583,0.28628834462024894,0.2863060668549944,True,0.8494755001738667
1718,0,0.01,0.28628834462024894,0.28627063913918016,0.28628834284923743,True,0.849608900025487
1719,0,0.01,0.28627063913918016,0.28625295219640506,0.2862706373700222,True,0.8497438000049442
1720,0,0.01,0.28625295219640506,0.286235283803596,0.28625295042910176,True,0.8498767002020031
1721,0,0.01,0.286235283803596,0.2862176339723175,0.2862352820381486,True,0.8500100001692772
1722,0,0.01,0.2862176339723175,0.2862000027119971,0.286217632208727,True,0.8501421001274139
1723,0,0.01,0.2862000027119971,0.2861823900303194,0.2862000009502642,True,0.8502741002012044
1724,0,0.01,0.2861823900303194,0.28616479593859767,0.28618238827044523,True,0.8505993001163006
1725,0,0.01,0.28616479593859767,0.2861472204481003,0.2861647941805833,True,0.850758200045675
1726,0,0.01,0.2861472204481003,0.28612966357001135,0.2861472186919469,True,0.8509023000951856
1727,0,0.01,0.28612966357001135,0.2861121253154281,0.2861296618157201,True,0.8510416999924928
1728,0,0.01,0.2861121253154281,0.28609460569536144,0.28611212356300003,True,0.851180600002408
1729,0,0.01,0.28609460569536144,0.286077104720734,0.2860946039447976,True,0.8513196001295
1730,0,0.01,0.286077104720734,0.28605962214199865,0.28607710297203554,True,0.8514633001759648
1731,0,0.01,0.28605962214199865,0.2860421567754383,0.286059620395036,True,0.8516020001843572
1732,0,0.01,0.2860421567754383,0.286024708447409,0.2860421550301793,True,0.8517398000694811
1733,0,0.01,0.286024708447409,0.2860072771661397,0.2860247067038545,True,0.8518782001920044
1734,0,0.01,0.2860072771661397,0.28598986294060713,0.28600727542429055,True,0.852016500197351
1735,0,0.01,0.28598986294060713,0.28597246578071484,0.28598986120046427,True,0.8522627002093941
1736,0,0.01,0.28597246578071484,0.28595508569678474,0.28597246404227933,True,0.8524611000902951
1737,0,0.01,0.28595508569678474,0.28593772269953566,0.2859550839600576,True,0.8526051000226289
1738,0,0.01,0.28593772269953566,0.28592037680006444,0.285937720964518,True,0.8527453001588583
1739,0,0.01,0.28592037680006444,0.285903048009827,0.28592037506675744,True,0.8529355002101511
1740,0,0.01,0.285903048009827,0.2858857363308596,0.2859030462782318,True,0.8530826000496745
1741,0,0.01,0.2858857363308596,0.28586844158003194,0.28588573460096567,True,0.8532505000475794
1742,0,0.01,0.28586844158003194,0.28585116358298,0.28586843985181315,True,0.8533924000803381
1743,0,0.01,0.28585116358298,0.2858339023483963,0.2858511618564373,True,0.8535313000902534
1744,0,0.01,0.2858339023483963,0.2858166578854798,0.2858339006235305,True,0.8536702999845147
1745,0,0.01,0.2858166578854798,0.2857994302039142,0.28581665616229185,True,0.8538075000979006
1746,0,0.01,0.2857994302039142,0.2857822193138455,0.28579942848240514,True,0.8539484001230448
1747,0,0.01,0.2857822193138455,0.2857650252258625,0.2857822175940164,True,0.8540864000096917
1748,0,0.01,0.2857650252258625,0.285747847950976,0.28576502350771443,True,0.8542410000227392
1749,0,0.01,0.285747847950976,0.28573068750060077,0.2857478462345101,True,0.8543801000341773
1750,0,0.01,0.28573068750060077,0.28571354388653636,0.2857306857858182,True,0.854518000036478
1751,0,0.01,0.28571354388653636,0.2856964171209503,0.2857135421734383,True,0.8546585000585765
1752,0,0.01,0.2856964171209503,0.28567930721449475,0.28569641540953805,True,0.8547983001917601
1753,0,0.01,0.28567930721449475,0.2856622141384073,0.28567930550476806,True,0.8549373000860214
1754,0,0.01,0.2856622141384073,0.2856451378155306,0.285662212430356,True,0.855073100188747
1755,0,0.01,0.2856451378155306,0.28562807825457703,0.28564513610915515,True,0.8552067000418901
1756,0,0.01,0.28562807825457703,0.2856110354686837,0.2856280765498788,True,0.8553393001202494
1757,0,0.01,0.2856110354686837,0.2855940094713316,0.285611033765664,True,0.8554721002001315
1758,0,0.01,0.2855940094713316,0.28557700027632854,0.2855940077699918,True,0.8556054001674056
1759,0,0.01,0.28557700027632854,0.28556000789779495,0.28557699857666996,True,0.8557383001316339
1760,0,0.01,0.28556000789779495,0.2855430323501484,0.28556000619981914,True,0.8558708000928164
1761,0,0.01,0.2855430323501484,0.2855260736480897,0.2855430306538567,True,0.8560035000555217
1762,0,0.01,0.2855260736480897,0.285509131804886,0.28552607195348373,True,0.8561550001613796
1763,0,0.01,0.285509131804886,0.28549220682390775,0.28550913011196655,True,0.856293500168249
1764,0,0.01,0.28549220682390775,0.2854752987006618,0.2854922051326737,True,0.8564282001461834
1765,0,0.01,0.2854752987006618,0.28545840744122125,0.2854752970111146,True,0.8565621001180261
1766,0,0.01,0.28545840744122125,0.28544153298639996,0.2854584057533567,True,0.8566964000929147
1767,0,0.01,0.28544153298639996,0.28542467514647674,0.2854415313002039,True,0.8568301000632346
1768,0,0.01,0.28542467514647674,0.2854078337911248,0.2854246734619288,True,0.8569631001446396
1769,0,0.01,0.2854078337911248,0.28539100893355807,0.2854078321082263,True,0.8570971000008285
1770,0,0.01,0.28539100893355807,0.28537420058737806,0.28539100725231037,True,0.8572301000822335
1771,0,0.01,0.28537420058737806,0.28535740876655735,0.28537419890778254,True,0.8573642000555992
1772,0,0.01,0.28535740876655735,0.2853406334854238,0.28535740708861546,True,0.8574973000213504
1773,0,0.01,0.2853406334854238,0.2853238747586461,0.285340631809137,True,0.8576311999931931
1774,0,0.01,0.2853238747586461,0.2853071326012181,0.28532387308401586,True,0.8577641001902521
1775,0,0.01,0.2853071326012181,0.28529040702464803,0.2853071309282459,True,0.8578975000418723
1776,0,0.01,0.28529040702464803,0.285273698021456,0.2852904053533334,True,0.8580309001263231
1777,0,0.01,0.285273698021456,0.2852570055553276,0.28527369635179756,True,0.8581734001636505
1778,0,0.01,0.2852570055553276,0.28524032955317474,0.28525700388731645,True,0.85831020004116
1779,0,0.01,0.28524032955317474,0.2852236699680737,0.2852403278868058,True,0.8584451000206172
1780,0,0.01,0.2852236699680737,0.28520702680344473,0.28522366830334644,True,0.8585785001050681
1781,0,0.01,0.28520702680344473,0.2851904000740882,0.2852070251403606,True,0.8587113001849502
1782,0,0.01,0.2851904000740882,0.28517378979514496,0.28519039841264876,True,0.8588474001735449
1783,0,0.01,0.28517378979514496,0.28515719598202555,0.2851737881353517,True,0.8589813001453876
1784,0,0.01,0.28515719598202555,0.28514061864739004,0.2851571943238799,True,0.8591153000015765
1785,0,0.01,0.28514061864739004,0.2851240578022197,0.28514061699089305,True,0.8592482001986355
1786,0,0.01,0.2851240578022197,0.28510751344927915,0.2851240561473723,True,0.8593818000517786
1787,0,0.01,0.28510751344927915,0.28509098558386153,0.2851075117960801,True,0.8595150001347065
1788,0,0.01,0.28509098558386153,0.2850744742096894,0.2850909839323118,True,0.8596541001461446
1789,0,0.01,0.2850744742096894,0.28505797933098354,0.28507447255978885,True,0.8598299000877887
1790,0,0.01,0.28505797933098354,0.2850415009646304,0.2850579776827338,True,0.8599655001889914
1791,0,0.01,0.2850415009646304,0.28502503912778077,0.28504149931803313,True,0.86009810003452
1792,0,0.01,0.28502503912778077,0.28500859383783794,0.28502503748283775,True,0.8602458001114428
1793,0,0.01,0.28500859383783794,0.2849921651124199,0.28500859219455094,True,0.8604745001066476
1794,0,0.01,0.2849921651124199,0.2849757529685081,0.2849921634707907,True,0.8606724999845028
1795,0,0.01,0.2849757529685081,0.28495935742316336,0.28497575132853825,True,0.860811100108549
1796,0,0.01,0.28495935742316336,0.2849429784941494,0.28495935578485476,True,0.8609484999906272
1797,0,0.01,0.2849429784941494,0.28492661619542825,0.28494297685750347,True,0.8610843000933528
1798,0,0.01,0.28492661619542825,0.28491027054373025,0.28492661456044654,True,0.8612195001915097
1799,0,0.01,0.28491027054373025,0.28489394155787995,0.28491026891041465,True,0.8613536001648754
1800,0,0.01,0.28489394155787995,0.2848776292568808,0.28489393992623235,True,0.861493700183928
1801,0,0.01,0.2848776292568808,0.2848613336599074,0.28487762762690316,True,0.8616291000507772
1802,0,0.01,0.2848613336599074,0.28484505478629674,0.2848613320316016,True,0.861762500135228
1803,0,0.01,0.28484505478629674,0.2848287926555399,0.28484505315966474,True,0.8618956999853253
1804,0,0.01,0.2848287926555399,0.2848125472872756,0.2848287910305837,True,0.8620298001915216
1805,0,0.01,0.2848125472872756,0.2847963187012812,0.2848125456639971,True,0.862177100032568
1806,0,0.01,0.2847963187012812,0.2847801069174666,0.2847963170796824,True,0.8623131001368165
1807,0,0.01,0.2847801069174666,0.2847639119558007,0.2847801052975495,True,0.8624476999975741
1808,0,0.01,0.2847639119558007,0.2847477338332781,0.2847639103375672,True,0.8625820002052933
1809,0,0.01,0.2847477338332781,0.28473157256583176,0.2847477322167296,True,0.862716400064528
1810,0,0.01,0.28473157256583176,0.28471542817379175,0.2847315709509703,True,0.8628497000318021
1811,0,0.01,0.28471542817379175,0.28469930067595006,0.2847154265606194,True,0.8629831001162529
1812,0,0.01,0.28469930067595006,0.2846831900762667,0.2846992990644675,True,0.8631158000789583
1813,0,0.01,0.2846831900762667,0.28466709638691823,0.2846831884664746,True,0.8632488001603633
1814,0,0.01,0.28466709638691823,0.2846510196284994,0.28466709477881874,True,0.863383200019598
1815,0,0.01,0.2846510196284994,0.2846349598216924,0.2846510180220946,True,0.8635168999899179
1816,0,0.01,0.2846349598216924,0.284618916987261,0.28463495821698426,True,0.8636502001900226
1817,0,0.01,0.284618916987261,0.2846028911460448,0.28461891538425166,True,0.8637834000401199
1818,0,0.01,0.2846028911460448,0.2845868823184847,0.2846028895447364,True,0.8639165000058711
1819,0,0.01,0.2845868823184847,0.2845708905241043,0.2845868807188791,True,0.8640488001983613
1820,0,0.01,0.2845708905241043,0.28455491578391645,0.2845708889262035,True,0.8641932001337409
1821,0,0.01,0.28455491578391645,0.2845389581190022,0.2845549141877227,True,0.8643286000005901
1822,0,0.01,0.2845389581190022,0.2845230175498405,0.28453895652451755,True,0.8644863001536578
1823,0,0.01,0.2845230175498405,0.28450709409299996,0.2845230159570667,True,0.8646236001513898
1824,0,0.01,0.28450709409299996,0.2844911877681442,0.2845070925019388,True,0.8647583001293242
1825,0,0.01,0.2844911877681442,0.2844752985897083,0.2844911861787978,True,0.8648951000068337
1826,0,0.01,0.2844752985897083,0.2844594264949552,0.28447529700207264,True,0.8650290002115071
1827,0,0.01,0.2844594264949552,0.28444357145394794,0.28445942490902437,True,0.8651686999946833
1828,0,0.01,0.28444357145394794,0.28442773348787226,0.2844435698697241,True,0.8653118000365794
1829,0,0.01,0.28442773348787226,0.28441191261797494,0.2844277319053575,True,0.8654542001895607
1830,0,0.01,0.28441191261797494,0.28439610877331806,0.2844119110371714,True,0.865590900182724
1831,0,0.01,0.28439610877331806,0.284380321605574,0.28439610719418495,True,0.8657271000556648
1832,0,0.01,0.284380321605574,0.28436455109683617,0.2843803200281063,True,0.8658608000259846
1833,0,0.01,0.28436455109683617,0.28434879726642615,0.2843645495210358,True,0.8659954001195729
1834,0,0.01,0.28434879726642615,0.2843330601338366,0.2843487956922951,True,0.8661380000412464
1835,0,0.01,0.2843330601338366,0.28431733970752215,0.2843330585613766,True,0.8662768001668155
1836,0,0.01,0.28431733970752215,0.28430163598159386,0.2843173381367317,True,0.8664121001493186
1837,0,0.01,0.28430163598159386,0.2842859489757478,0.2843016344124749,True,0.8665457000024617
1838,0,0.01,0.2842859489757478,0.2842702787098621,0.2842859474083024,True,0.866678100079298
1839,0,0.01,0.2842702787098621,0.28425462520398814,0.28427027714409214,True,0.8668105001561344
1840,0,0.01,0.28425462520398814,0.28423898845005563,0.28425462363989573,True,0.8669436001218855
1841,0,0.01,0.28423898845005563,0.2842233683695237,0.2842389868876305,True,0.8670773000922054
1842,0,0.01,0.2842233683695237,0.28420776497667743,0.2842233668087669,True,0.8672097001690418
1843,0,0.01,0.28420776497667743,0.28419217829091536,0.28420776341759085,True,0.8673427000176162
1844,0,0.01,0.28419217829091536,0.28417660833182234,0.28419217673350095,True,0.8674753000959754
1845,0,0.01,0.28417660833182234,0.284161055119162,0.2841766067760821,True,0.8676098000723869
1846,0,0.01,0.284161055119162,0.2841455186728678,0.28416105356509785,True,0.8677434001583606
1847,0,0.01,0.2841455186728678,0.28412999901303604,0.2841455171204818,True,0.8678816000465304
1848,0,0.01,0.28412999901303604,0.2841144961599176,0.2841299974623302,True,0.868015700019896
1849,0,0.01,0.2841144961599176,0.28409901013391026,0.28411449461089394,True,0.8681566000450402
1850,0,0.01,0.28409901013391026,0.28408354095555244,0.2840990085865709,True,0.8682934001553804
1851,0,0.01,0.28408354095555244,0.2840680886455153,0.28408353940989933,True,0.8684277001302689
1852,0,0.01,0.2840680886455153,0.28405265322459605,0.2840680871015506,True,0.8685622999910265
1853,0,0.01,0.28405265322459605,0.28403723471371173,0.28405265168232186,True,0.8687742000911385
1854,0,0.01,0.28403723471371173,0.28402183313389184,0.2840372331731301,True,0.8689141001086682
1855,0,0.01,0.28402183313389184,0.2840064485062731,0.2840218315950049,True,0.8690499002113938
1856,0,0.01,0.2840064485062731,0.283991080844185,0.28400644696908295,True,0.8691846001893282
1857,0,0.01,0.283991080844185,0.2839757301401904,0.28399107930869033,True,0.8693209001794457
1858,0,0.01,0.2839757301401904,0.2839603964135674,0.2839757286063929,True,0.8694543000310659
1859,0,0.01,0.2839603964135674,0.28394507968554017,0.28396039488146924,True,0.8695883001200855
1860,0,0.01,0.28394507968554017,0.28392977997742325,0.28394507815514347,True,0.8697222000919282
1861,0,0.01,0.28392977997742325,0.28391449731061613,0.28392977844873013,True,0.8698559000622481
1862,0,0.01,0.28391449731061613,0.28389923170420533,0.28391449578362876,True,0.8699902000371367
1863,0,0.01,0.28389923170420533,0.28388398311479707,0.28389923017892227,True,0.8701308001764119
1864,0,0.01,0.28388398311479707,0.28386875149554247,0.28388398159121053,True,0.8702716000843793
1865,0,0.01,0.28386875149554247,0.28385353686233766,0.28386874997365424,True,0.8704063000623137
1866,0,0.01,0.28385353686233766,0.28383833923057805,0.2838535353421491,True,0.8705404000356793
1867,0,0.01,0.28383833923057805,0.28382315862106455,0.28383833771209116,True,0.870674500009045
1868,0,0.01,0.28382315862106455,0.28380799505469184,0.28382315710428146,True,0.870809500105679
1869,0,0.01,0.28380799505469184,0.2837928485524428,0.28380799353961467,True,0.870943000074476
1870,0,0.01,0.2837928485524428,0.2837777191353827,0.2837928470390736,True,0.8710754001513124
1871,0,0.01,0.2837777191353827,0.28376260682435495,0.28377771762372356,True,0.8712088000029325
1872,0,0.01,0.28376260682435495,0.2837475116253836,0.2837626053144074,True,0.8713404000736773
1873,0,0.01,0.2837475116253836,0.2837324335384025,0.2837475101171467,True,0.8714746001642197
1874,0,0.01,0.2837324335384025,0.2837173725844219,0.2837324320318784,True,0.8716071001254022
1875,0,0.01,0.2837173725844219,0.28370232878452134,0.2837173710796127,True,0.8717402000911534
1876,0,0.01,0.28370232878452134,0.2836873021598443,0.28370232728142913,True,0.8718728001695126
1877,0,0.01,0.2836873021598443,0.283672292731594,0.28368730065847114,True,0.8720053001306951
1878,0,0.01,0.283672292731594,0.28365730052102867,0.28367229123194215,True,0.8721458001527935
1879,0,0.01,0.28365730052102867,0.2836423255494562,0.28365729902310016,True,0.8722854000516236
1880,0,0.01,0.2836423255494562,0.2836273678382303,0.2836423240532532,True,0.8724193000234663
1881,0,0.01,0.2836273678382303,0.28361242740874637,0.2836273663437549,True,0.8725531999953091
1882,0,0.01,0.28361242740874637,0.28359750428243624,0.2836124259160008,True,0.872686100192368
1883,0,0.01,0.28359750428243624,0.283582598480765,0.2835975027914226,True,0.8728208001703024
1884,0,0.01,0.283582598480765,0.2835677100252262,0.2835825969914854,True,0.8729529001284391
1885,0,0.01,0.2835677100252262,0.28355283893733807,0.2835677085376828,True,0.8730852000880986
1886,0,0.01,0.28355283893733807,0.2835379852386399,0.2835528374515331,True,0.8732185000553727
1887,0,0.01,0.2835379852386399,0.2835231489506874,0.28353798375457545,True,0.8733521001413465
1888,0,0.01,0.2835231489506874,0.28350833009505005,0.28352314746836565,True,0.8734860999975353
1889,0,0.01,0.28350833009505005,0.2834935286933067,0.28350832861447317,True,0.8736212002113461
1890,0,0.01,0.2834935286933067,0.2834787447670419,0.2834935272144768,True,0.8737548000644892
1891,0,0.01,0.2834787447670419,0.28346397833784254,0.28347874328996114,True,0.873892400180921
1892,0,0.01,0.28346397833784254,0.283449229427295,0.2834639768625131,True,0.8740379000082612
1893,0,0.01,0.283449229427295,0.2834344980569808,0.2834492279537191,True,0.874179300153628
1894,0,0.01,0.2834344980569808,0.2834197842484738,0.2834344965851605,True,0.8743163000326604
1895,0,0.01,0.2834197842484738,0.283405088023337,0.28341978277841134,True,0.8744506000075489
1896,0,0.01,0.283405088023337,0.2833904094031193,0.2834050865550345,True,0.874585100216791
1897,0,0.01,0.2833904094031193,0.2833757484093522,0.28339040793657894,True,0.8747179000638425
1898,0,0.01,0.2833757484093522,0.28336110506354695,0.28337574694457607,True,0.8748515001498163
1899,0,0.01,0.28336110506354695,0.28334647938719165,0.2833611036005372,True,0.8749836999922991
1900,0,0.01,0.28334647938719165,0.28333187140174787,0.28334647792595047,True,0.8751228000037372
1901,0,0.01,0.28333187140174787,0.2833172811286484,0.2833318699422774,True,0.8752561002038419
1902,0,0.01,0.2833172811286484,0.28330270858929407,0.2833172796709508,True,0.8753893000539392
1903,0,0.01,0.28330270858929407,0.28328815380505074,0.2833027071333714,True,0.8755230000242591
1904,0,0.01,0.28328815380505074,0.28327361679724716,0.28328815235090515,True,0.8756551002152264
1905,0,0.01,0.28327361679724716,0.2832590975871717,0.2832736153448808,True,0.8757886001840234
1906,0,0.01,0.2832590975871717,0.28324459619607034,0.28325909613658673,True,0.8759211001452059
1907,0,0.01,0.28324459619607034,0.28323011264514364,0.2832445947472689,True,0.8760540001094341
1908,0,0.01,0.28323011264514364,0.2832156469555443,0.2832301111981278,True,0.8761956000234932
1909,0,0.01,0.2832156469555443,0.28320119914837477,0.28321564551031614,True,0.8763305000029504
1910,0,0.01,0.28320119914837477,0.28318676924468483,0.28320119770493646,True,0.8764639000874013
1911,0,0.01,0.28318676924468483,0.2831723572654692,0.2831867678030384,True,0.8765991001855582
1912,0,0.01,0.2831723572654692,0.28315796323166503,0.2831723558256168,True,0.8767325000371784
1913,0,0.01,0.28315796323166503,0.2831435871641496,0.28315796179360875,True,0.876866800012067
1914,0,0.01,0.2831435871641496,0.2831292290837385,0.2831435857278915,True,0.8770608000922948
1915,0,0.01,0.2831292290837385,0.28311488901118276,0.28312922764928067,True,0.8773550000041723
1916,0,0.01,0.28311488901118276,0.28310056696716684,0.28311488757852726,True,0.8778103000950068
1917,0,0.01,0.28310056696716684,0.2830862629723069,0.28310056553631574,True,0.8782091999892145
1918,0,0.01,0.2830862629723069,0.283071977047148,0.2830862615432623,True,0.8783561000600457
1919,0,0.01,0.283071977047148,0.28305770921216283,0.2830719756199119,True,0.8785384001675993
1920,0,0.01,0.28305770921216283,0.2830434594877488,0.2830577077867373,True,0.8788313001859933
1921,0,0.01,0.2830434594877488,0.2830292278942266,0.2830434580641358,True,0.8800072001758963
1922,0,0.01,0.2830292278942266,0.28301501445183785,0.2830292264724282,True,0.8801987001206726
1923,0,0.01,0.28301501445183785,0.28300081918074366,0.2830150130318561,True,0.880339200142771
1924,0,0.01,0.28300081918074366,0.28298664210102203,0.28300081776258057,True,0.8806655001826584
1925,0,0.01,0.28298664210102203,0.2829724832326666,0.28298664068467955,True,0.8808462000451982
1926,0,0.01,0.2829724832326666,0.2829583425955844,0.28297248181814677,True,0.8809919999912381
1927,0,0.01,0.2829583425955844,0.28294422020959414,0.28295834118288915,True,0.881131700007245
1928,0,0.01,0.28294422020959414,0.2829301160944243,0.2829442187987255,True,0.881270500132814
1929,0,0.01,0.2829301160944243,0.28291603026971157,0.2829301146853842,True,0.8814094001427293
1930,0,0.01,0.28291603026971157,0.2829019627549992,0.282916028862502,True,0.8815557002089918
1931,0,0.01,0.2829019627549992,0.2828879135697348,0.2829019613496221,True,0.8816982000134885
1932,0,0.01,0.2828879135697348,0.28287388273326886,0.2828879121661921,True,0.8819228000938892
1933,0,0.01,0.28287388273326886,0.2828598702648534,0.2828738813315625,True,0.8820674000307918
1934,0,0.01,0.2828598702648534,0.28284587618364004,0.2828598688649852,True,0.882204300025478
1935,0,0.01,0.28284587618364004,0.28283190050867857,0.2828458747856121,True,0.8825263001490384
1936,0,0.01,0.28283190050867857,0.28281794325891485,0.2828318991124926,True,0.8827285000588745
1937,0,0.01,0.28281794325891485,0.2828040044531902,0.2828179418645728,True,0.8829112001694739
1938,0,0.01,0.2828040044531902,0.28279008411023876,0.282804003060694,True,0.8830698002129793
1939,0,0.01,0.28279008411023876,0.28277618224868684,0.2827900827195902,True,0.8832256000023335
1940,0,0.01,0.28277618224868684,0.2827622988870511,0.2827761808598878,True,0.8833779999986291
1941,0,0.01,0.2827622988870511,0.28274843404373706,0.2827622975001035,True,0.8835279000923038
1942,0,0.01,0.28274843404373706,0.28273458773703763,0.28274843265864263,True,0.8836785000748932
1943,0,0.01,0.28273458773703763,0.2827207599851318,0.2827345863537982,True,0.883836799999699
1944,0,0.01,0.2827207599851318,0.2827069508060832,0.28272075860374923,True,0.883988100104034
1945,0,0.01,0.2827069508060832,0.28269316021783875,0.2827069494265593,True,0.8841358001809567
1946,0,0.01,0.28269316021783875,0.28267938823822714,0.28269315884017526,True,0.8842849000357091
1947,0,0.01,0.28267938823822714,0.2826656348849578,0.28267938686242583,True,0.884432400111109
1948,0,0.01,0.2826656348849578,0.2826519001756193,0.2826656335110204,True,0.8845775001682341
1949,0,0.01,0.2826519001756193,0.2826381841276781,0.28265189880354763,True,0.8847183000762016
1950,0,0.01,0.2826381841276781,0.2826244867584775,0.2826381827574739,True,0.8848714001942426
1951,0,0.01,0.2826244867584775,0.28261080808523614,0.28262448539014245,True,0.8850152001250535
1952,0,0.01,0.28261080808523614,0.2825971481250466,0.282610806718772,True,0.8851585001684725
1953,0,0.01,0.2825971481250466,0.28258350689487477,0.282597146760455,True,0.8855758002027869
1954,0,0.01,0.28258350689487477,0.2825698844115583,0.28258350553215744,True,0.8857766001019627
1955,0,0.01,0.2825698844115583,0.28255628069180505,0.2825698830507169,True,0.8859266000799835
1956,0,0.01,0.28255628069180505,0.2825426957521927,0.2825562793328413,True,0.8860671001020819
1957,0,0.01,0.2825426957521927,0.2825291296091671,0.2825426943951082,True,0.8862083000130951
1958,0,0.01,0.2825291296091671,0.28251558227904117,0.2825291282539635,True,0.8863468000199646
1959,0,0.01,0.28251558227904117,0.28250205377799376,0.28251558092572004,True,0.8864854001440108
1960,0,0.01,0.28250205377799376,0.28248854412206903,0.28250205242655674,True,0.8866225001402199
1961,0,0.01,0.28248854412206903,0.2824750533271748,0.2824885427725177,True,0.8867607000283897
1962,0,0.01,0.2824750533271748,0.2824615814090815,0.2824750519795108,True,0.8868981001432985
1963,0,0.01,0.2824615814090815,0.28244812838342204,0.28246158006330635,True,0.8870357000268996
1964,0,0.01,0.28244812838342204,0.2824346942656892,0.28244812703953726,True,0.8872045001480728
1965,0,0.01,0.2824346942656892,0.2824212790712361,0.2824346929236964,True,0.8873451000545174
1966,0,0.01,0.2824212790712361,0.2824078828152745,0.28242127773113673,True,0.887484900187701
1967,0,0.01,0.2824078828152745,0.2823945055128739,0.28240788147707013,True,0.8876229000743479
1968,0,0.01,0.2823945055128739,0.28238114717896073,0.282394504176566,True,0.8877584000583738
1969,0,0.01,0.28238114717896073,0.2823678078283173,0.2823811458445508,True,0.8878989000804722
1970,0,0.01,0.2823678078283173,0.2823544874755807,0.2823678064958068,True,0.8880322000477463
1971,0,0.01,0.2823544874755807,0.2823411861352423,0.28235448614497105,True,0.8881665000226349
1972,0,0.01,0.2823411861352423,0.28232790382164646,0.282341184806535,True,0.8882995001040399
1973,0,0.01,0.28232790382164646,0.28231464054899014,0.2823279024948429,True,0.8884327001869678
1974,0,0.01,0.28231464054899014,0.28230139633132123,0.2823146392240917,True,0.8885674001649022
1975,0,0.01,0.28230139633132123,0.2822881711825386,0.28230139500832935,True,0.8887006000149995
1976,0,0.01,0.2822881711825386,0.2822749651163908,0.28228816986145466,True,0.8888340000994503
1977,0,0.01,0.2822749651163908,0.28226177814647496,0.2822749637972161,True,0.8889673000667244
1978,0,0.01,0.28226177814647496,0.2822486102862367,0.28226177682921094,True,0.8891126001253724
1979,0,0.01,0.2822486102862367,0.28223546154896867,0.28224860897088466,True,0.8892495001200587
1980,0,0.01,0.28223546154896867,0.2822223319478102,0.28223546023552987,True,0.8893870001193136
1981,0,0.01,0.2822223319478102,0.2822092214957465,0.28222233063628605,True,0.8895348000805825
1982,0,0.01,0.2822092214957465,0.28219613020560746,0.2822092201861382,True,0.8896720001939684
1983,0,0.01,0.28219613020560746,0.2821830580900676,0.2821961288979163,True,0.8898053001612425
1984,0,0.01,0.2821830580900676,0.28217000516164475,0.28218305678429484,True,0.8899388001300395
1985,0,0.01,0.28217000516164475,0.28215697143269974,0.2821700038577916,True,0.8900721000973135
1986,0,0.01,0.28215697143269974,0.2821439569154354,0.28215697013076746,True,0.8902052000630647
1987,0,0.01,0.2821439569154354,0.2821309616218964,0.2821439556154252,True,0.8903382001444697
1988,0,0.01,0.2821309616218964,0.2821179855639675,0.28213096032380947,True,0.890471399994567
1989,0,0.01,0.2821179855639675,0.2821050287533744,0.282117984267805,True,0.8906052000820637
1990,0,0.01,0.2821050287533744,0.282092091201682,0.2821050274591375,True,0.890737900044769
1991,0,0.01,0.282092091201682,0.2820791729202937,0.28209208990937185,True,0.8908840001095086
1992,0,0.01,0.2820791729202937,0.2820662739204517,0.2820791716299115,True,0.8910195000935346
1993,0,0.01,0.2820662739204517,0.2820533942132356,0.2820662726319984,True,0.8911534000653774
1994,0,0.01,0.2820533942132356,0.28204053380956207,0.28205339292671244,True,0.8912861000280827
1995,0,0.01,0.28204053380956207,0.28202769272018424,0.28204053252497,True,0.8914195001125336
1996,0,0.01,0.28202769272018424,0.2820148709556912,0.28202769143752443,True,0.8915527001954615
1997,0,0.01,0.2820148709556912,0.2820020685265075,0.2820148696749647,True,0.8916857000440359
1998,0,0.01,0.2820020685265075,0.28198928544289237,0.28200206724771526,True,0.8918176000006497
1999,0,0.01,0.28198928544289237,0.28197652171493925,0.28198928416603547,True,0.891950000077486
