accepted_step_before_trial,halving,alpha,current_loss,proposal_loss,armijo_target,accepted,total_elapsed_seconds
0,0,0.01,0.298244217485678,0.2980281651027632,0.2982441958422533,True,2.4317628000862896
1,0,0.01,0.2980281651027632,0.29781362838322695,0.2980281436114652,True,2.4319124000612646
2,0,0.01,0.29781362838322695,0.29760058526296296,0.2978136070418323,True,2.4320535000879318
3,0,0.01,0.29760058526296296,0.29738901433947695,0.2976005640693152,True,2.4322113001253456
4,0,0.01,0.29738901433947695,0.29717889484829185,0.297388993291484,True,2.4323511000256985
5,0,0.01,0.29717889484829185,0.2969702066401857,0.2971788739439236,True,2.432492900174111
6,0,0.01,0.2969702066401857,0.29676293015923194,0.29697018587747204,True,2.4326354002114385
7,0,0.01,0.29676293015923194,0.2965570464216165,0.29676290953626044,True,2.432777800131589
8,0,0.01,0.2965570464216165,0.2963525369952045,0.2965570259365304,True,2.4329209001734853
9,0,0.01,0.2963525369952045,0.29614938397982915,0.29635251664620066,True,2.4330638002138585
10,0,0.01,0.29614938397982915,0.29594756998828137,0.2961493637651563,True,2.4332018999848515
11,0,0.01,0.29594756998828137,0.2957470781279724,0.29594754990623817,True,2.4333393999841064
12,0,0.01,0.2957470781279724,0.29554789198324805,0.2957470581769055,True,2.4334770999848843
13,0,0.01,0.29554789198324805,0.2953499955983328,0.2955478721615506,True,2.433614900102839
14,0,0.01,0.2953499955983328,0.2951533734608808,0.2953499759044427,True,2.4337528999894857
15,0,0.01,0.2951533734608808,0.2949580104861119,0.295153353893279,True,2.4338899001013488
16,0,0.01,0.2949580104861119,0.29476389200151587,0.2949579910433211,True,2.4340271002147347
17,0,0.01,0.29476389200151587,0.29457100373210054,0.29476387268209875,True,2.4341767001897097
18,0,0.01,0.29457100373210054,0.29437933178616943,0.2945709845346586,True,2.4343191999942064
19,0,0.01,0.29437933178616943,0.29418886264160765,0.2943793127093413,True,2.434459300013259
20,0,0.01,0.29418886264160765,0.2939995831326586,0.294188843684068,True,2.4345979001373053
21,0,0.01,0.2939995831326586,0.2938114804371768,0.29399956429311686,True,2.4347366001456976
22,0,0.01,0.2938114804371768,0.2936245420643364,0.29381146171437567,True,2.4348747001495212
23,0,0.01,0.2936245420643364,0.29343875584278317,0.2936245234570509,True,2.4350130001548678
24,0,0.01,0.29343875584278317,0.29325410990921263,0.29343873734981946,True,2.4351514000445604
25,0,0.01,0.29325410990921263,0.2930705926973595,0.2932540915294068,True,2.435289200162515
26,0,0.01,0.2930705926973595,0.29288819292738477,0.2930705744295765,True,2.435798300197348
27,0,0.01,0.29288819292738477,0.2927068995956451,0.29288817477051743,True,2.435948200058192
28,0,0.01,0.2927068995956451,0.29252670196483427,0.2927068815486132,True,2.4360947001259774
29,0,0.01,0.29252670196483427,0.29234758955447915,0.2925266840265834,True,2.4362359000369906
30,0,0.01,0.29234758955447915,0.29216955213178186,0.29234757172397996,True,2.4363750000484288
31,0,0.01,0.29216955213178186,0.2919925797027935,0.2921695344080291,True,2.436513400170952
32,0,0.01,0.2919925797027935,0.2918166625039083,0.2919925620848052,True,2.436653400072828
33,0,0.01,0.2918166625039083,0.2916417909936684,0.29181664499072474,True,2.436792900087312
34,0,0.01,0.2916417909936684,0.29146795584486535,0.29164177358435167,True,2.436931700212881
35,0,0.01,0.29146795584486535,0.29129514793693173,0.29146793853849834,True,2.437069200212136
36,0,0.01,0.29129514793693173,0.29112335834860814,0.29129513073261737,True,2.437206800095737
37,0,0.01,0.29112335834860814,0.29095257835088023,0.29112334124546885,True,2.437713999999687
38,0,0.01,0.29095257835088023,0.2907827994001735,0.2909525613480571,True,2.4378670000005513
39,0,0.01,0.2907827994001735,0.29061401313179713,0.2907827824968256,True,2.438007300021127
40,0,0.01,0.29061401313179713,0.290446211353629,0.29061399632710105,True,2.4381487001664937
41,0,0.01,0.290446211353629,0.29027938604003234,0.2904461946467781,True,2.4382887000683695
42,0,0.01,0.29027938604003234,0.29011352932599616,0.2902793694302362,True,2.4384282000828534
43,0,0.01,0.29011352932599616,0.28994863350149197,0.29011351281247993,True,2.438574400031939
44,0,0.01,0.28994863350149197,0.2897846910060381,0.2899486170834959,True,2.438717800192535
45,0,0.01,0.2897846910060381,0.28962169442346525,0.28978467468281704,True,2.438856900203973
46,0,0.01,0.28962169442346525,0.28945963647687484,0.28962167819428813,True,2.4389963999856263
47,0,0.01,0.28945963647687484,0.28929851002378537,0.28945962034102407,True,2.4391354999970645
48,0,0.01,0.28929851002378537,0.28913830805145757,0.2892984939805565,True,2.439274200005457
49,0,0.01,0.28913830805145757,0.2889790236723933,0.2891382921001588,True,2.4394119000062346
50,0,0.01,0.2889790236723933,0.2888206501200034,0.288979007812345,True,2.4395493001211435
51,0,0.01,0.2888206501200034,0.2886631807444338,0.2888206343505377,True,2.439831100171432
52,0,0.01,0.2886631807444338,0.2885066090085509,0.2886631650648942,True,2.439974200213328
53,0,0.01,0.2885066090085509,0.28835092848407395,0.2885065934182919,True,2.4401155000086874
54,0,0.01,0.28835092848407395,0.2881961328478535,0.2883509129824606,True,2.4402545001357794
55,0,0.01,0.2881961328478535,0.2880422158782895,0.2881961174342612,True,2.4403936001472175
56,0,0.01,0.2880422158782895,0.2878891714518823,0.2880422005521035,True,2.4405335001647472
57,0,0.01,0.2878891714518823,0.2877369935399151,0.2878891562124974,True,2.440689300186932
58,0,0.01,0.2877369935399151,0.2875856762052599,0.28773697838673534,True,2.4408323999959975
59,0,0.01,0.2875856762052599,0.28743521359930435,0.2875856611376982,True,2.440976500045508
60,0,0.01,0.28743521359930435,0.2872855999589939,0.2874351986167823,True,2.4411250001285225
61,0,0.01,0.2872855999589939,0.28713682960398756,0.2872855850609415,True,2.441273300210014
62,0,0.01,0.28713682960398756,0.2869888969339187,0.2871368147898427,True,2.4414416002109647
63,0,0.01,0.2869888969339187,0.286841796425762,0.2869888822031273,True,2.4416182001587003
64,0,0.01,0.286841796425762,0.2866955226312996,0.2868417817777773,True,2.4417799001093954
65,0,0.01,0.2866955226312996,0.2865500701746829,0.28669550806558225,True,2.4419393001589924
66,0,0.01,0.2865500701746829,0.2864054337500884,0.28655005569070063,True,2.4421043000184
67,0,0.01,0.2864054337500884,0.2862616081194629,0.2864054193473157,True,2.4422701001167297
68,0,0.01,0.2862616081194629,0.28611858811035373,0.2862615937973809,True,2.4424280000384897
69,0,0.01,0.28611858811035373,0.2859763686138239,0.28611857386845,True,2.4426703001372516
70,0,0.01,0.2859763686138239,0.28583494458244507,0.28597635445159225,True,2.4428348001092672
71,0,0.01,0.28583494458244507,0.2856943110283702,0.28583493049938513,True,2.4429943000432104
72,0,0.01,0.2856943110283702,0.2855544630214779,0.2856942970239876,True,2.4431479000486434
73,0,0.01,0.2855544630214779,0.2854153956875899,0.2855544490952839,True,2.44330000015907
74,0,0.01,0.2854153956875899,0.2852771042067569,0.28541538183910103,True,2.4434520001523197
75,0,0.01,0.2852771042067569,0.285139583811611,0.2852770904354952,True,2.443803600035608
76,0,0.01,0.285139583811611,0.285002829785781,0.28513957011710356,True,2.4439678001217544
77,0,0.01,0.285002829785781,0.284866837462371,0.28500281616755996,True,2.4441823000088334
78,0,0.01,0.284866837462371,0.2847316022224966,0.28486682391997326,True,2.4443497001193464
79,0,0.01,0.2847316022224966,0.28459711949387867,0.2847315887554638,True,2.444540800061077
80,0,0.01,0.28459711949387867,0.2844633847494926,0.2845971061017569,True,2.444687700131908
81,0,0.01,0.2844633847494926,0.28433039350626943,0.2844633714318326,True,2.444833000190556
82,0,0.01,0.28433039350626943,0.28419814132384846,0.284330380262626,True,2.4449763000011444
83,0,0.01,0.28419814132384846,0.28406662380337855,0.28419812815378076,True,2.4451211001724005
84,0,0.01,0.28406662380337855,0.2839358365863671,0.28406661070644973,True,2.4453212001826614
85,0,0.01,0.2839358365863671,0.28380577535357415,0.28393582356214425,True,2.4454787999857217
86,0,0.01,0.28380577535357415,0.28367643582394886,0.28380576240162825,True,2.446144200162962
87,0,0.01,0.28367643582394886,0.2835478137536104,0.28367642294385453,True,2.4464951001573354
88,0,0.01,0.2835478137536104,0.28341990493486735,0.283547800944946,True,2.4466391000896692
89,0,0.01,0.28341990493486735,0.28329270519527683,0.28341989219721486,True,2.446822800207883
90,0,0.01,0.28329270519527683,0.28316621039674106,0.2832926925282215,True,2.4469595002010465
91,0,0.01,0.28316621039674106,0.2830404164346394,0.2831661977998716,True,2.447098500095308
92,0,0.01,0.2830404164346394,0.2829153192369954,0.28304040390754787,True,2.4472389000002295
93,0,0.01,0.2829153192369954,0.28279091476367746,0.28291530677927695,True,2.447391000110656
94,0,0.01,0.28279091476367746,0.2826671990056308,0.28279090237493043,True,2.4475313001312315
95,0,0.01,0.2826671990056308,0.28254416798414067,0.2826671866854566,True,2.4476715000346303
96,0,0.01,0.28254416798414067,0.28242181775012515,0.2825441557321436,True,2.447811600053683
97,0,0.01,0.28242181775012515,0.2823001443834567,0.2824218055659125,True,2.4479536002036184
98,0,0.01,0.2823001443834567,0.28217914399231,0.2823001322666386,True,2.4480936001054943
99,0,0.01,0.28217914399231,0.2820588127125377,0.28217913194249933,True,2.4482287000864744
100,0,0.01,0.2820588127125377,0.2819391467070703,0.2820588007293501,True,2.448380900081247
101,0,0.01,0.2819391467070703,0.2818201421653404,0.28193913479012406,True,2.448518300196156
102,0,0.01,0.2818201421653404,0.2817017953027312,0.2818201303142564,True,2.448655200190842
103,0,0.01,0.2817017953027312,0.28158410236004655,0.28170178351713293,True,2.448789000045508
104,0,0.01,0.28158410236004655,0.2814670596030025,0.2815840906395599,True,2.4489230001345277
105,0,0.01,0.2814670596030025,0.2813506633217406,0.2814670479472559,True,2.4490565001033247
106,0,0.01,0.2813506633217406,0.28123490983036004,0.2813506517303649,True,2.449191200081259
107,0,0.01,0.28123490983036004,0.28111979546646904,0.28123489830298837,True,2.449338700156659
108,0,0.01,0.28111979546646904,0.28100531659075567,0.28111978400273696,True,2.449477900052443
109,0,0.01,0.28100531659075567,0.2808914695865746,0.2810053051903009,True,2.4496131001506
110,0,0.01,0.2808914695865746,0.280778250859552,0.2808914582490372,True,2.4497481000144035
111,0,0.01,0.280778250859552,0.28066565683720623,0.2807782395845741,True,2.4498817999847233
112,0,0.01,0.28066565683720623,0.28055368396858416,0.28066564562443225,True,2.4500162000767887
113,0,0.01,0.28055368396858416,0.28044232872391295,0.2805536728176606,True,2.4501492001581937
114,0,0.01,0.28044232872391295,0.2803315875942648,0.2804423176344884,True,2.4502832000143826
115,0,0.01,0.2803315875942648,0.2802214570912368,0.2803315765659899,True,2.4504323001019657
116,0,0.01,0.2802214570912368,0.280111933746644,0.2802214461237642,True,2.4505680000875145
117,0,0.01,0.280111933746644,0.28000301411222406,0.28011192283962844,True,2.450704200193286
118,0,0.01,0.28000301411222406,0.2798946947593549,0.2800030032653221,True,2.4508389001712203
119,0,0.01,0.2798946947593549,0.2797869722787834,0.2798946839722253,True,2.4509725000243634
120,0,0.01,0.2797869722787834,0.27967984328036644,0.2797869615510865,True,2.451107000000775
121,0,0.01,0.27967984328036644,0.2795733043928208,0.2796798326117647,True,2.451241300208494
122,0,0.01,0.2795733043928208,0.27946735226348524,0.2795732937829785,True,2.4513846000190824
123,0,0.01,0.27946735226348524,0.2793619835580907,0.2794673417120685,True,2.4515210001263767
124,0,0.01,0.2793619835580907,0.27925719496054086,0.27936197306476745,True,2.451655900105834
125,0,0.01,0.27925719496054086,0.27915298317270165,0.27925718452498083,True,2.451789600076154
126,0,0.01,0.27915298317270165,0.27904934491419914,0.2791529727945764,True,2.4522669001016766
127,0,0.01,0.27904934491419914,0.2789462769222256,0.27904933459318193,True,2.452450100099668
128,0,0.01,0.2789462769222256,0.2788437759513536,0.27894626665799144,True,2.4526043999940157
129,0,0.01,0.2788437759513536,0.2787418387733581,0.2788437657435793,True,2.4527461000252515
130,0,0.01,0.2787418387733581,0.2786404621770442,0.27874182862172203,True,2.452888100175187
131,0,0.01,0.2786404621770442,0.2785396429680842,0.2786404520812265,True,2.453027400188148
132,0,0.01,0.2785396429680842,0.2784393779688593,0.27853963292776673,True,2.453166800085455
133,0,0.01,0.2784393779688593,0.27833966401830784,0.2784393679837256,True,2.4533063999842852
134,0,0.01,0.27833966401830784,0.2782404979717811,0.27833965408804295,True,2.4534444001037627
135,0,0.01,0.2782404979717811,0.27814187670090224,0.27824048809607177,True,2.453583599999547
136,0,0.01,0.27814187670090224,0.2780437970934338,0.2781418668794369,True,2.45373890013434
137,0,0.01,0.2780437970934338,0.2779462560531476,0.2780437873259024,True,2.453879800159484
138,0,0.01,0.2779462560531476,0.27784925049970155,0.27794624633924175,True,2.4540183001663536
139,0,0.01,0.27784925049970155,0.2777527773685204,0.2778492408391144,True,2.454156900057569
140,0,0.01,0.2777527773685204,0.2776568336106813,0.2777527677609466,True,2.454296600073576
141,0,0.01,0.2776568336106813,0.27756141619280356,0.27765682405581715,True,2.454434300074354
142,0,0.01,0.27756141619280356,0.2774665220969424,0.2775614066903469,True,2.4545725001953542
143,0,0.01,0.2774665220969424,0.2773721483204875,0.27746651264659256,True,2.4547095000743866
144,0,0.01,0.2773721483204875,0.2772782918760638,0.2773721389219454,True,2.4548467001877725
145,0,0.01,0.2772782918760638,0.27718494979143715,0.2772782825290318,True,2.454983700066805
146,0,0.01,0.27718494979143715,0.277092119109423,0.2771849404956192,True,2.455120500177145
147,0,0.01,0.277092119109423,0.27699979688779797,0.2770921098645245,True,2.455257600173354
148,0,0.01,0.27699979688779797,0.2769079801992149,0.2769997876935258,True,2.4553963001817465
149,0,0.01,0.2769079801992149,0.27681666613112044,0.2769079710552774,True,2.45553440018557
150,0,0.01,0.27681666613112044,0.27672585178567594,0.27681665703722746,True,2.4556796001270413
151,0,0.01,0.27672585178567594,0.27663553427968013,0.27672584274153883,True,2.4558244000654668
152,0,0.01,0.27663553427968013,0.2765457107444954,0.2766355252850117,True,2.4559638001956046
153,0,0.01,0.2765457107444954,0.27645637832597536,0.27654570179900984,True,2.45610270020552
154,0,0.01,0.27645637832597536,0.2763675341843951,0.2764563694293883,True,2.4562407000921667
155,0,0.01,0.2763675341843951,0.27627917549438397,0.27636752533642367,True,2.456374900182709
156,0,0.01,0.27627917549438397,0.2761912994448594,0.2762791666947467,True,2.4565094001591206
157,0,0.01,0.2761912994448594,0.27610390323896356,0.27619129069327625,True,2.4566438000183553
158,0,0.01,0.27610390323896356,0.2760169840940012,0.27610389453515594,True,2.4567780001088977
159,0,0.01,0.2760169840940012,0.2759305392413795,0.2760169754376919,True,2.4569115000776947
160,0,0.01,0.2759305392413795,0.2758445659265489,0.27593053063229267,True,2.4570483001880348
161,0,0.01,0.2758445659265489,0.27575906140894674,0.2758445573644101,True,2.457184800179675
162,0,0.01,0.27575906140894674,0.2756740229619403,0.275759052893483,True,2.4573217001743615
163,0,0.01,0.2756740229619403,0.27558944787277373,0.2756740144928801,True,2.4574586001690477
164,0,0.01,0.27558944787277373,0.27550533344251354,0.2755894394498467,True,2.4575999001972377
165,0,0.01,0.27550533344251354,0.2754216769859972,0.27550532506545083,True,2.4577539002057165
166,0,0.01,0.2754216769859972,0.2753384758317816,0.2754216686545313,True,2.4578984000254422
167,0,0.01,0.2753384758317816,0.27525572732209425,0.2753384675456465,True,2.45804400020279
168,0,0.01,0.27525572732209425,0.27517342881278245,0.27525571908102514,True,2.4581920001655817
169,0,0.01,0.27517342881278245,0.2750915776732668,0.27517342061651595,True,2.458343500038609
170,0,0.01,0.2750915776732668,0.27501017128649274,0.27509156952154085,True,2.458498900057748
171,0,0.01,0.27501017128649274,0.2749292070488849,0.27501016317904664,True,2.4586509000509977
172,0,0.01,0.2749292070488849,0.27484868237030036,0.2749291989854593,True,2.4588033000472933
173,0,0.01,0.27484868237030036,0.2747685946739845,0.27484867435063726,True,2.458955200156197
174,0,0.01,0.2747685946739845,0.2746889413965252,0.2747685866978272,True,2.4591135000810027
175,0,0.01,0.2746889413965252,0.2746097199878101,0.2746889334636184,True,2.459272400010377
176,0,0.01,0.2746097199878101,0.27453092791098177,0.27460971209789975,True,2.459436000091955
177,0,0.01,0.27453092791098177,0.2744525626423962,0.2745309200638152,True,2.459600100060925
178,0,0.01,0.2744525626423962,0.2743746216715788,0.274452554837722,True,2.4597793000284582
179,0,0.01,0.2743746216715788,0.2742971025011828,0.2743746139091469,True,2.459947200026363
180,0,0.01,0.2742971025011828,0.27422000264694757,0.2742970947807445,True,2.4601179000455886
181,0,0.01,0.27422000264694757,0.27414331963765665,0.2742199949682554,True,2.460369000211358
182,0,0.01,0.27414331963765665,0.2740670510150968,0.27414331200046443,True,2.4605984000954777
183,0,0.01,0.2740670510150968,0.2739911943340171,0.2740670434191598,True,2.460765100084245
184,0,0.01,0.2739911943340171,0.27391574716208716,0.27399118677909157,True,2.4609261001460254
185,0,0.01,0.27391574716208716,0.2738407070798581,0.273915739647931,True,2.461086500203237
186,0,0.01,0.2738407070798581,0.27376607168072054,0.2738406996062302,True,2.461239700205624
187,0,0.01,0.27376607168072054,0.27369183857086565,0.2737660642473813,True,2.4613946001045406
188,0,0.01,0.27369183857086565,0.2736180053692442,0.2736918311775766,True,2.461548099992797
189,0,0.01,0.2736180053692442,0.2735445697075262,0.2736179980157682,True,2.4617101000621915
190,0,0.01,0.2735445697075262,0.2734715292300618,0.2735445623936274,True,2.461868999991566
191,0,0.01,0.2734715292300618,0.27339888159384035,0.27347152195550556,True,2.4620227001141757
192,0,0.01,0.27339888159384035,0.27332662446845124,0.2733988743583933,True,2.4621708001941442
193,0,0.01,0.27332662446845124,0.2732547555360436,0.2733266172718813,True,2.462320900056511
194,0,0.01,0.2732547555360436,0.27318327249128616,0.2732547483781199,True,2.462464100215584
195,0,0.01,0.27318327249128616,0.2731121730413275,0.2731832653717791,True,2.4626065001357347
196,0,0.01,0.2731121730413275,0.2730414549057566,0.27311216596000876,True,2.4627487000543624
197,0,0.01,0.2730414549057566,0.27297111581656175,0.27304144786239903,True,2.4628891001921147
198,0,0.01,0.27297111581656175,0.2729011535180912,0.2729711088109395,True,2.4630313001107424
199,0,0.01,0.2729011535180912,0.27283156576701295,0.27290114654997966,True,2.463169200113043
200,0,0.01,0.27283156576701295,0.2727623503322742,0.27283155883618865,True,2.4633126000408083
201,0,0.01,0.2727623503322742,0.27269350499506106,0.272762343438515,True,2.4634519000537694
202,0,0.01,0.27269350499506106,0.2726250275487588,0.272693498138146,True,2.463590200059116
203,0,0.01,0.2726250275487588,0.2725569157989101,0.27262502072846806,True,2.4637347001116723
204,0,0.01,0.2725569157989101,0.27248916756317515,0.2725569090150252,True,2.463870899984613
205,0,0.01,0.27248916756317515,0.27242178067129125,0.27248916081547875,True,2.464005800196901
206,0,0.01,0.27242178067129125,0.27235475296503087,0.27242177395956724,True,2.46413980005309
207,0,0.01,0.27235475296503087,0.2722880822981612,0.2723547462890643,True,2.464272700017318
208,0,0.01,0.2722880822981612,0.27222176653640295,0.2722880756577384,True,2.464405900100246
209,0,0.01,0.27222176653640295,0.2721558035573892,0.2722217599313113,True,2.4645390000659972
210,0,0.01,0.2721558035573892,0.2720901912506231,0.27215579698741743,True,2.46467290003784
211,0,0.01,0.2720901912506231,0.2720249275174371,0.272090184715561,True,2.4648056000005454
212,0,0.01,0.2720249275174371,0.27196001027095107,0.2720249210170757,True,2.46493890020065
213,0,0.01,0.27196001027095107,0.2718954374360296,0.27196000380508256,True,2.4650710001587868
214,0,0.01,0.2718954374360296,0.2718312069492408,0.2718954310044474,True,2.465204200008884
215,0,0.01,0.2718312069492408,0.27176731675881327,0.27183120055173937,True,2.4653380000963807
216,0,0.01,0.27176731675881327,0.27170376482459446,0.2717673103951883,True,2.465470500057563
217,0,0.01,0.27170376482459446,0.27164054911800717,0.27170375849464284,True,2.4656030000187457
218,0,0.01,0.27164054911800717,0.2715776676220074,0.2716405428215269,True,2.46574700018391
219,0,0.01,0.2715776676220074,0.27151511833104125,0.27157766135879763,True,2.465884300181642
220,0,0.01,0.27151511833104125,0.27145289925100186,0.2715151121009023,True,2.4660193000454456
221,0,0.01,0.27145289925100186,0.27139100839918584,0.27145289305373516,True,2.466153300134465
222,0,0.01,0.27139100839918584,0.2713294438042505,0.271391002234594,True,2.4662878999952227
223,0,0.01,0.2713294438042505,0.2712682035061693,0.2713294376721372,True,2.466421600198373
224,0,0.01,0.2712682035061693,0.27120728555618945,0.2712681974063394,True,2.466555600054562
225,0,0.01,0.27120728555618945,0.27114668801678626,0.2712072794884489,True,2.4666884001344442
226,0,0.01,0.27114668801678626,0.27108640896162095,0.27114668198094216,True,2.466822399990633
227,0,0.01,0.27108640896162095,0.2710264464754948,0.2710864029574815,True,2.466956000076607
228,0,0.01,0.2710264464754948,0.27096679865430584,0.27102644050286934,True,2.467088800156489
229,0,0.01,0.27096679865430584,0.2709074636050039,0.2709667927130047,True,2.4672209001146257
230,0,0.01,0.2709074636050039,0.27084843944554604,0.2709074576948387,True,2.4673527001868933
231,0,0.01,0.27084843944554604,0.2707897243048517,0.27084843356632937,True,2.467497000005096
232,0,0.01,0.2707897243048517,0.27073131632275793,0.27078971845639727,True,2.467634200118482
233,0,0.01,0.27073131632275793,0.27067321364997377,0.27073131050488053,True,2.4677685000933707
234,0,0.01,0.27067321364997377,0.2706154144480356,0.2706732078624893,True,2.4679026000667363
235,0,0.01,0.2706154144480356,0.2705579168892618,0.270615408690761,True,2.4680356001481414
236,0,0.01,0.2705579168892618,0.27050071915670637,0.2705579111620151,True,2.468169700121507
237,0,0.01,0.27050071915670637,0.270443819444115,0.2705007134593067,True,2.4683022000826895
238,0,0.01,0.270443819444115,0.2703872159558771,0.27044381377638255,True,2.4684353000484407
239,0,0.01,0.2703872159558771,0.27033090690698225,0.2703872103176331,True,2.468567800009623
240,0,0.01,0.27033090690698225,0.27027489052297254,0.27033090129804893,True,2.4688116000033915
241,0,0.01,0.27027489052297254,0.27021916503989746,0.2702748849431733,True,2.4689608002081513
242,0,0.01,0.27021916503989746,0.27016372870426725,0.27021915948905667,True,2.4690983002074063
243,0,0.01,0.27016372870426725,0.2701085797730067,0.2701637231822104,True,2.4693062000442296
244,0,0.01,0.2701085797730067,0.27005371651340904,0.27010857427956014,True,2.4694920000620186
245,0,0.01,0.27005371651340904,0.26999913720308955,0.27005371104840037,True,2.4696331000886858
246,0,0.01,0.26999913720308955,0.269944840129938,0.26999913176634727,True,2.4697703002020717
247,0,0.01,0.269944840129938,0.26989082359207384,0.2699448347212917,True,2.469905200181529
248,0,0.01,0.26989082359207384,0.2698370858977977,0.2698908182113541,True,2.470038700150326
249,0,0.01,0.2698370858977977,0.2697836253655455,0.26983708054483607,True,2.470172200119123
250,0,0.01,0.2697836253655455,0.26973044032384175,0.2697836200401746,True,2.470306600211188
251,0,0.01,0.26973044032384175,0.26967752911125226,0.26973043502589517,True,2.470442700199783
252,0,0.01,0.26967752911125226,0.26962489007633705,0.2696775238405646,True,2.470576300052926
253,0,0.01,0.26962489007633705,0.2695725215776042,0.26962488483274394,True,2.470709300134331
254,0,0.01,0.2695725215776042,0.2695204219834614,0.2695725163609422,True,2.4708438001107424
255,0,0.01,0.2695204219834614,0.2694685896721698,0.2695204167935681,True,2.470977700082585
256,0,0.01,0.2694685896721698,0.2694170230317969,0.2694685845088838,True,2.471111200051382
257,0,0.01,0.2694170230317969,0.26936572046016866,0.26941701789495764,True,2.4712459000293165
258,0,0.01,0.26936572046016866,0.2693146803648229,0.2693657153496168,True,2.4713798000011593
259,0,0.01,0.2693146803648229,0.2692639011629619,0.2693146752803998,True,2.4715243000537157
260,0,0.01,0.2692639011629619,0.2692133812814046,0.26926389610451007,True,2.4716615001671016
261,0,0.01,0.2692133812814046,0.2691631191565401,0.2692133762487674,True,2.4717955000232905
262,0,0.01,0.2691631191565401,0.26911311323427994,0.2691631141495619,True,2.4719307001214474
263,0,0.01,0.26911311323427994,0.26906336197001046,0.26911310825280604,True,2.4720639002043754
264,0,0.01,0.26906336197001046,0.26901386382854614,0.2690633570138871,True,2.4721979000605643
265,0,0.01,0.26901386382854614,0.26896461728408183,0.26901385889762053,True,2.472386000212282
266,0,0.01,0.26896461728408183,0.2689156208201453,0.2689646123782021,True,2.4725252999924123
267,0,0.01,0.2689156208201453,0.2688668729295504,0.26891561593916047,True,2.4726597000844777
268,0,0.01,0.2688668729295504,0.2688183721143491,0.26886686807331045,True,2.472796100191772
269,0,0.01,0.2688183721143491,0.2687701168857851,0.2688183672827049,True,2.4729302001651376
270,0,0.01,0.2687701168857851,0.2687221057642455,0.2687701120785885,True,2.473063600016758
271,0,0.01,0.2687221057642455,0.26867433727921414,0.2687221009813492,True,2.473198499996215
272,0,0.01,0.26867433727921414,0.2686268099692245,0.26867433252047174,True,2.473333600210026
273,0,0.01,0.2686268099692245,0.26857952238181193,0.26862680523449056,True,2.4734765000175685
274,0,0.01,0.26857952238181193,0.2685324730734674,0.2685795176709419,True,2.4736154000274837
275,0,0.01,0.2685324730734674,0.26848566060958906,0.26853246838631756,True,2.473750100005418
276,0,0.01,0.26848566060958906,0.2684390835644365,0.26848565594601664,True,2.473883700091392
277,0,0.01,0.2684390835644365,0.26839274052108303,0.2684390789242996,True,2.4740178000647575
278,0,0.01,0.26839274052108303,0.26834663007136883,0.26839273590424056,True,2.4741509000305086
279,0,0.01,0.26834663007136883,0.26830075081585397,0.2683466254776807,True,2.4742850000038743
280,0,0.01,0.26830075081585397,0.26825510136377145,0.2683007462451808,True,2.474418400088325
281,0,0.01,0.26825510136377145,0.268209680332981,0.26825509681597487,True,2.474552000174299
282,0,0.01,0.268209680332981,0.2681644863499215,0.2682096758079234,True,2.47468510014005
283,0,0.01,0.2681644863499215,0.2681195180495649,0.2681644818474662,True,2.4748182001058012
284,0,0.01,0.2681195180495649,0.2680747740753695,0.26811951356957603,True,2.474951900076121
285,0,0.01,0.2680747740753695,0.26803025307923345,0.26807476961771204,True,2.4750840000342578
286,0,0.01,0.26803025307923345,0.2679859537214482,0.26803024864377323,True,2.4752176001202315
287,0,0.01,0.2679859537214482,0.267941874670652,0.2679859493080518,True,2.4753506002016366
288,0,0.01,0.267941874670652,0.2678980146037845,0.26794187027918703,True,2.4754924001172185
289,0,0.01,0.2678980146037845,0.26785437220603936,0.2678980102341192,True,2.475628799991682
290,0,0.01,0.26785437220603936,0.2678109461708189,0.2678543678580429,True,2.475763900205493
291,0,0.01,0.2678109461708189,0.26776773519968833,0.2678109418443612,True,2.4758980001788586
292,0,0.01,0.26776773519968833,0.2677247380023292,0.2677677308946402,True,2.476030500140041
293,0,0.01,0.2677247380023292,0.26768195329649425,0.26772473371856215,True,2.4767775000073016
294,0,0.01,0.26768195329649425,0.26763937980796126,0.26768194903388065,True,2.4771868002135307
295,0,0.01,0.26763937980796126,0.26759701627048776,0.26763937556637435,True,2.477436800021678
296,0,0.01,0.26759701627048776,0.26755486142576546,0.2675970120498015,True,2.4776155999861658
297,0,0.01,0.26755486142576546,0.2675129140233751,0.2675548572258546,True,2.477770800003782
298,0,0.01,0.2675129140233751,0.267471172820741,0.2675129098441152,True,2.4779093000106514
299,0,0.01,0.267471172820741,0.2674296365830862,0.2674711686620084,True,2.4780482000205666
300,0,0.01,0.2674296365830862,0.2673883040833872,0.2674296324447579,True,2.4781881000380963
301,0,0.01,0.2673883040833872,0.26734717410232933,0.2673882999653412,True,2.4783225001301616
302,0,0.01,0.26734717410232933,0.267306245428262,0.2673471700044442,True,2.478457400109619
303,0,0.01,0.267306245428262,0.2672655168571541,0.26730624135041714,True,2.4785918002016842
304,0,0.01,0.2672655168571541,0.26722498719254917,0.2672655127992298,True,2.4787263001780957
305,0,0.01,0.26722498719254917,0.2671846552455221,0.2672249831544262,True,2.4788602001499385
306,0,0.01,0.2671846552455221,0.2671445198346334,0.2671846512270822,True,2.4789942000061274
307,0,0.01,0.2671445198346334,0.2671045797858867,0.26714451583575893,True,2.4791270000860095
308,0,0.01,0.2671045797858867,0.26706483393268377,0.2671045758064609,True,2.4792625000700355
309,0,0.01,0.26706483393268377,0.26702528111578117,0.2670648299725905,True,2.479396300157532
310,0,0.01,0.26702528111578117,0.2669859201832466,0.26702527717490504,True,2.4795533001888543
311,0,0.01,0.2669859201832466,0.26694674999041534,0.26698591626147294,True,2.4796990000177175
312,0,0.01,0.26694674999041534,0.2669077693998471,0.2669467460876303,True,2.479833299992606
313,0,0.01,0.2669077693998471,0.26686897728128267,0.2669077655159374,True,2.479967800201848
314,0,0.01,0.26686897728128267,0.2668303725116008,0.26686897341613586,True,2.480101100169122
315,0,0.01,0.2668303725116008,0.26679195397477573,0.26683036866510507,True,2.480234900023788
316,0,0.01,0.26679195397477573,0.26675372056183394,0.26679195014682006,True,2.4803696000017226
317,0,0.01,0.26675372056183394,0.2667156711708121,0.2667537167523079,True,2.4805032000876963
318,0,0.01,0.2667156711708121,0.2666778047067143,0.266715667379606,True,2.4806362001691014
319,0,0.01,0.2666778047067143,0.2666401200814703,0.2666778009337193,True,2.4807696000207216
320,0,0.01,0.2666401200814703,0.2666026162138926,0.26664011632657797,True,2.4809028001036495
321,0,0.01,0.2666026162138926,0.26656529202963547,0.26660261247699535,True,2.4810357000678778
322,0,0.01,0.26656529202963547,0.2665281464611525,0.2665652883106264,True,2.481169000035152
323,0,0.01,0.2665281464611525,0.2664911784476556,0.2665281427599254,True,2.4813024001196027
324,0,0.01,0.2664911784476556,0.2664543869350731,0.26649117476410483,True,2.4814358002040535
325,0,0.01,0.2664543869350731,0.26641777087600876,0.2664543832690938,True,2.4815820001531392
326,0,0.01,0.26641777087600876,0.2663813292297007,0.2664177672274967,True,2.4817187001463026
327,0,0.01,0.2663813292297007,0.2663450609619804,0.26638132559855227,True,2.481853500008583
328,0,0.01,0.2663450609619804,0.26630896504523227,0.26634505734809266,True,2.4819876002147794
329,0,0.01,0.26630896504523227,0.26627304045835254,0.26630896144850297,True,2.4821203001774848
330,0,0.01,0.26627304045835254,0.2662372861867094,0.26627303687868004,True,2.4822529000230134
331,0,0.01,0.2662372861867094,0.2662017012221025,0.2662372826239927,True,2.4823853000998497
332,0,0.01,0.2662017012221025,0.26616628456272334,0.26620169767624136,True,2.482518200064078
333,0,0.01,0.26616628456272334,0.26613103521311493,0.26616628103361795,True,2.4826502001378685
334,0,0.01,0.26613103521311493,0.2660959521841324,0.26613103170066627,True,2.482782900100574
335,0,0.01,0.2660959521841324,0.26606103449290314,0.266095948688242,True,2.482915800064802
336,0,0.01,0.26606103449290314,0.2660262811627883,0.26606103101347317,True,2.48304760013707
337,0,0.01,0.2660262811627883,0.2659916912233431,0.26602627769972165,True,2.4831794002093375
338,0,0.01,0.2659916912233431,0.2659572637102776,0.2659916877765431,True,2.483312200056389
339,0,0.01,0.2659572637102776,0.2659229976654187,0.2659572602796483,True,2.483453000197187
340,0,0.01,0.2659229976654187,0.26588889213667094,0.26592299425086474,True,2.4836099999956787
341,0,0.01,0.26588889213667094,0.2658549461779787,0.2658888887380975,True,2.4837449002079666
342,0,0.01,0.2658549461779787,0.2658211588492872,0.26585494279529176,True,2.4838789000641555
343,0,0.01,0.2658211588492872,0.2657875292165054,0.2658211554823931,True,2.4840122000314295
344,0,0.01,0.2657875292165054,0.2657540563514673,0.2657875258653112,True,2.4841454999987036
345,0,0.01,0.2657540563514673,0.265720739331895,0.2657540530158807,True,2.4842788001988083
346,0,0.01,0.265720739331895,0.2656875772413607,0.26572073601182405,True,2.4844118000473827
347,0,0.01,0.2656875772413607,0.2656545691692501,0.2656875739367143,True,2.4845453000161797
348,0,0.01,0.2656545691692501,0.26562171421072434,0.26565456587993763,True,2.4846791001036763
349,0,0.01,0.26562171421072434,0.265589011466684,0.2656217109366557,True,2.484812900191173
350,0,0.01,0.265589011466684,0.2655564600437321,0.26558900820776976,True,2.484946600161493
351,0,0.01,0.2655564600437321,0.26552405905413723,0.2655564567998833,True,2.4850791001226753
352,0,0.01,0.26552405905413723,0.2654918076157976,0.26552405582526556,True,2.485213100211695
353,0,0.01,0.2654918076157976,0.26545970485220527,0.26549180440181525,True,2.485683500068262
354,0,0.01,0.26545970485220527,0.2654277498924091,0.265459701653025,True,2.4859575000591576
355,0,0.01,0.2654277498924091,0.26539594187098,0.2654277467079442,True,2.4862890001386404
356,0,0.01,0.26539594187098,0.2653642799279749,0.26539593870114436,True,2.4864466001745313
357,0,0.01,0.2653642799279749,0.2653327632089016,0.265364276772683,True,2.4865967000368983
358,0,0.01,0.2653327632089016,0.2653013908646832,0.26533276006806833,True,2.4867414000909775
359,0,0.01,0.2653013908646832,0.26527016205162346,0.2653013877382241,True,2.4869155001360923
360,0,0.01,0.26527016205162346,0.26523907593137197,0.2652701589394545,True,2.487084000138566
361,0,0.01,0.26523907593137197,0.2652081316708892,0.26523907283340975,True,2.4873735001310706
362,0,0.01,0.2652081316708892,0.2651773284424124,0.26520812858705084,True,2.487548200180754
363,0,0.01,0.2651773284424124,0.2651466654234213,0.26517732537261546,True,2.487710400018841
364,0,0.01,0.2651466654234213,0.26511614179660387,0.26514666236758394,True,2.487870000069961
365,0,0.01,0.26511614179660387,0.2650857567498226,0.2651161387546448,True,2.4880305000115186
366,0,0.01,0.2650857567498226,0.26505550947608103,0.26508575372166093,True,2.488185100024566
367,0,0.01,0.26505550947608103,0.2650253991734895,0.26505550646163645,True,2.4883381000254303
368,0,0.01,0.2650253991734895,0.264995425045233,0.2650253961726822,True,2.48849010001868
369,0,0.01,0.264995425045233,0.2649655862995372,0.2649954220579837,True,2.4886430001351982
370,0,0.01,0.2649655862995372,0.2649358821496358,0.2649655833257671,True,2.48879550001584
371,0,0.01,0.2649358821496358,0.2649063118137376,0.2649358791892666,True,2.4889641001354903
372,0,0.01,0.2649063118137376,0.26487687451499436,0.2649063088666914,True,2.489118500147015
373,0,0.01,0.26487687451499436,0.2648475694814682,0.264876871581194,True,2.489268000004813
374,0,0.01,0.2648475694814682,0.26481839594609935,0.26484756656083674,True,2.4894185999874026
375,0,0.01,0.26481839594609935,0.2647893531466745,0.2648183930385605,True,2.489566600183025
376,0,0.01,0.2647893531466745,0.2647604403257946,0.2647893502521524,True,2.4897156001534313
377,0,0.01,0.2647604403257946,0.26473165673084337,0.2647604374442138,True,2.489859300199896
378,0,0.01,0.26473165673084337,0.26470300161395627,0.26473165386212905,True,2.490001500118524
379,0,0.01,0.26470300161395627,0.2646744742319886,0.26470299875803394,True,2.4901454001665115
380,0,0.01,0.2646744742319886,0.2646460738464851,0.2646744713887843,True,2.490288200089708
381,0,0.01,0.2646460738464851,0.26461779972364863,0.26464607101592535,True,2.490431300131604
382,0,0.01,0.26461779972364863,0.26458965113430954,0.2646177969056604,True,2.4905759000685066
383,0,0.01,0.26458965113430954,0.26456162735389555,0.26458964832882026,True,2.4907178001012653
384,0,0.01,0.26456162735389555,0.26453372766240113,0.2645616245608331,True,2.4908605001401156
385,0,0.01,0.26453372766240113,0.2645059513443574,0.26453372488169385,True,2.4910167001653463
386,0,0.01,0.2645059513443574,0.264478297688802,0.2645059485759341,True,2.491161599988118
387,0,0.01,0.264478297688802,0.2644507659892498,0.2644782949325919,True,2.491300000110641
388,0,0.01,0.2644507659892498,0.26442335554366303,0.26445076324518263,True,2.4914385001175106
389,0,0.01,0.26442335554366303,0.264396065654422,0.26442335281166884,True,2.4920227001421154
390,0,0.01,0.264396065654422,0.2643688956282956,0.2643960629344314,True,2.492171599995345
391,0,0.01,0.2643688956282956,0.26434184477641265,0.2643688929202396,True,2.4923112001270056
392,0,0.01,0.26434184477641265,0.2643149124142327,0.2643418420802227,True,2.492449800018221
393,0,0.01,0.2643149124142327,0.2642880978615175,0.2643149097298407,True,2.492587400134653
394,0,0.01,0.2642880978615175,0.26426140044230295,0.26428809518885565,True,2.4927251001354307
395,0,0.01,0.26426140044230295,0.26423481948486977,0.26426139778130403,True,2.4928624001331627
396,0,0.01,0.26423481948486977,0.26420835432171624,0.2642348168354669,True,2.493015000130981
397,0,0.01,0.26420835432171624,0.26418200428953,0.264208351683843,True,2.493153400020674
398,0,0.01,0.26418200428953,0.26415576872916,0.26418200166312034,True,2.4932910001371056
399,0,0.01,0.26415576872916,0.2641296469855893,0.26415576611414837,True,2.4934288000222296
400,0,0.01,0.2641296469855893,0.26410363840790707,0.26412964438191044,True,2.4940287000499666
401,0,0.01,0.26410363840790707,0.264077742349282,0.2641036358154963,True,2.494203300215304
402,0,0.01,0.264077742349282,0.2640519581669347,0.26407773976807486,True,2.494342700112611
403,0,0.01,0.2640519581669347,0.26402628522211113,0.2640519555968672,True,2.494484900031239
404,0,0.01,0.26402628522211113,0.26400072288005555,0.2640262826631198,True,2.494621600024402
405,0,0.01,0.26400072288005555,0.26397527050998404,0.2640007203320771,True,2.4947558999992907
406,0,0.01,0.26397527050998404,0.263949927485058,0.26397526797295573,True,2.4948917999863625
407,0,0.01,0.263949927485058,0.26392469318235845,0.26394992495891745,True,2.4950252000708133
408,0,0.01,0.26392469318235845,0.2638995669828594,0.2639246906670436,True,2.495161000173539
409,0,0.01,0.2638995669828594,0.263874548271402,0.2638995644783087,True,2.4952954000327736
410,0,0.01,0.263874548271402,0.2638496364366689,0.2638745457775542,True,2.4954291000030935
411,0,0.01,0.2638496364366689,0.2638248308711588,0.2638496339534632,True,2.495563000207767
412,0,0.01,0.2638248308711588,0.2638001309711612,0.2638248283985347,True,2.495858300011605
413,0,0.01,0.2638001309711612,0.26377553613673055,0.26380012850905854,True,2.496051800204441
414,0,0.01,0.26377553613673055,0.26375104577166186,0.2637755336850897,True,2.4961946001276374
415,0,0.01,0.26375104577166186,0.2637266592834654,0.2637510433304235,True,2.4963339001405984
416,0,0.01,0.2637266592834654,0.26370237608334224,0.2637266568525705,True,2.4964735000394285
417,0,0.01,0.26370237608334224,0.26367819558615924,0.26370237366273225,True,2.4966110000386834
418,0,0.01,0.26367819558615924,0.2636541172104252,0.26367819317577584,True,2.4967498001642525
419,0,0.01,0.2636541172104252,0.2636301403782664,0.2636541148102106,True,2.4968887001741678
420,0,0.01,0.2636301403782664,0.26360626451540187,0.26363013798816304,True,2.4970325001049787
421,0,0.01,0.26360626451540187,0.2635824890511209,0.2636062621353526,True,2.497175100026652
422,0,0.01,0.2635824890511209,0.26355881341825776,0.26358248668106893,True,2.497314700158313
423,0,0.01,0.26355881341825776,0.26353523705316906,0.2635588110581466,True,2.4974494001362473
424,0,0.01,0.26353523705316906,0.26351175939570975,0.2635352347029426,True,2.4975829001050442
425,0,0.01,0.26351175939570975,0.2634883798892101,0.26351175705531227,True,2.4977171001955867
426,0,0.01,0.2634883798892101,0.26346509798045264,0.2634883775585862,True,2.4978509000502527
427,0,0.01,0.26346509798045264,0.2634419131196488,0.26346509565954723,True,2.4979848000220954
428,0,0.01,0.2634419131196488,0.2634188247604166,0.2634419108084072,True,2.4981280001811683
429,0,0.01,0.2634188247604166,0.26339583235975733,0.26341882245878434,True,2.4982631001621485
430,0,0.01,0.26339583235975733,0.2633729353780335,0.2633958300676804,True,2.498397400137037
431,0,0.01,0.2633729353780335,0.26335013327894663,0.26337293309545823,True,2.49853099999018
432,0,0.01,0.26335013327894663,0.26332742552951405,0.2633501310058196,True,2.4986650000791997
433,0,0.01,0.26332742552951405,0.26330481160004815,0.2633274232657822,True,2.498799400171265
434,0,0.01,0.26330481160004815,0.2632822909641334,0.2633048093456588,True,2.4989342000335455
435,0,0.01,0.2632822909641334,0.26325986309860516,0.26328228871903414,True,2.4990777000784874
436,0,0.01,0.26325986309860516,0.2632375274835277,0.2632598608627439,True,2.4992143001873046
437,0,0.01,0.2632375274835277,0.26321528360217306,0.2632375252568527,True,2.499348800163716
438,0,0.01,0.26321528360217306,0.2631931309409994,0.26321528138463285,True,2.499482300132513
439,0,0.01,0.2631931309409994,0.26317106898962983,0.26319312873254286,True,2.499616099987179
440,0,0.01,0.26317106898962983,0.26314909724083163,0.2631710667902062,True,2.4997500001918525
441,0,0.01,0.26314909724083163,0.26312721519049515,0.2631490950503904,True,2.4998837001621723
442,0,0.01,0.26312721519049515,0.26310542233761286,0.26312721300898617,True,2.500021600164473
443,0,0.01,0.26310542233761286,0.2630837181842593,0.2631054201649862,True,2.5001606000587344
444,0,0.01,0.2630837181842593,0.26306210223557003,0.2630837160204655,True,2.500294800149277
445,0,0.01,0.26306210223557003,0.26304057399972147,0.26306210008055975,True,2.5004296000115573
446,0,0.01,0.26304057399972147,0.26301913298791063,0.2630405718534458,True,2.5005640001036227
447,0,0.01,0.26301913298791063,0.2629977787143355,0.26301913085032086,True,2.5006973000708967
448,0,0.01,0.2629977787143355,0.2629765106961743,0.2629977765853833,True,2.500831500161439
449,0,0.01,0.2629765106961743,0.26295532845356656,0.2629765085758116,True,2.5009660001378506
450,0,0.01,0.26295532845356656,0.2629342315095927,0.2629553263417457,True,2.5011082000564784
451,0,0.01,0.2629342315095927,0.2629132193902556,0.2629342294062661,True,2.5012429000344127
452,0,0.01,0.2629132193902556,0.2628922916244594,0.26291321729537603,True,2.5013763001188636
453,0,0.01,0.2628922916244594,0.26287144774399235,0.26289228953798005,True,2.501509200083092
454,0,0.01,0.26287144774399235,0.2628506872835061,0.2628714456658666,True,2.5016417000442743
455,0,0.01,0.2628506872835061,0.26283000978049753,0.2628506852136876,True,2.501775400014594
456,0,0.01,0.26283000978049753,0.26280941477528963,0.26283000771894033,True,2.5021873000077903
457,0,0.01,0.26280941477528963,0.2627889018110129,0.26280941272194785,True,2.502422200050205
458,0,0.01,0.2627889018110129,0.2627684704335866,0.26278889976584113,True,2.5025799002032727
459,0,0.01,0.2627684704335866,0.26274812019170046,0.26276846839653967,True,2.5027238000184298
460,0,0.01,0.26274812019170046,0.26272785063679627,0.2627481181627334,True,2.502910900162533
461,0,0.01,0.26272785063679627,0.26270766132304946,0.26272784861586446,True,2.503054400207475
462,0,0.01,0.26270766132304946,0.26268755180735137,0.2627076593101085,True,2.503194299992174
463,0,0.01,0.26268755180735137,0.2626675216492912,0.26268754980235715,True,2.503336700145155
464,0,0.01,0.2626675216492912,0.26264757041113784,0.26266751965219987,True,2.5036373999901116
465,0,0.01,0.26264757041113784,0.26262769765782296,0.26264756842190584,True,2.503795800032094
466,0,0.01,0.26262769765782296,0.2626079029569224,0.262627695676407,True,2.5039359000511467
467,0,0.01,0.2626079029569224,0.2625881858786393,0.26260790098327935,True,2.504073200048879
468,0,0.01,0.2625881858786393,0.26256854599578694,0.2625881839127265,True,2.504208500031382
469,0,0.01,0.26256854599578694,0.2625489828837709,0.26256854403756175,True,2.50438110018149
470,0,0.01,0.2625489828837709,0.2625294961205726,0.2625489809331911,True,2.504519200185314
471,0,0.01,0.2625294961205726,0.26251008528673186,0.2625294941775962,True,2.504654500167817
472,0,0.01,0.26251008528673186,0.26249074996533023,0.26251008335131715,True,2.5047893000300974
473,0,0.01,0.26249074996533023,0.26247148974197443,0.2624907480374356,True,2.504925400018692
474,0,0.01,0.26247148974197443,0.26245230420477905,0.2624714878215587,True,2.505060800118372
475,0,0.01,0.26245230420477905,0.26243319294435097,0.2624523022918012,True,2.5052114001009613
476,0,0.01,0.26243319294435097,0.26241415555377245,0.2624331910387703,True,2.505347300088033
477,0,0.01,0.26241415555377245,0.26239519162858443,0.2624141536555484,True,2.5054820000659674
478,0,0.01,0.26239519162858443,0.2623763007667713,0.26239518973767667,True,2.5056164001580328
479,0,0.01,0.2623763007667713,0.26235748256874436,0.2623762988831399,True,2.505750000011176
480,0,0.01,0.26235748256874436,0.26233873663732543,0.26235748069234954,True,2.505882800091058
481,0,0.01,0.26233873663732543,0.26232006257773205,0.26233873476812763,True,2.506015800172463
482,0,0.01,0.26232006257773205,0.26230145999756094,0.26232006071569197,True,2.50614930014126
483,0,0.01,0.26230145999756094,0.2622829285067725,0.2623014581426395,True,2.5062824999913573
484,0,0.01,0.2622829285067725,0.2622644677176756,0.2622829266589309,True,2.5064172002021223
485,0,0.01,0.2622644677176756,0.2622460772449121,0.26226446587687524,True,2.5065503001678735
486,0,0.01,0.2622460772449121,0.2622277567054413,0.2622460754111146,True,2.506684400141239
487,0,0.01,0.2622277567054413,0.2622095057185251,0.26222775487860855,True,2.5068175001069903
488,0,0.01,0.2622095057185251,0.26219132390571254,0.2622095038986192,True,2.5069505001883954
489,0,0.01,0.26219132390571254,0.2621732108908257,0.2621913220926958,True,2.507084400160238
490,0,0.01,0.2621732108908257,0.2621551662999435,0.2621732090846607,True,2.507231099996716
491,0,0.01,0.2621551662999435,0.2621371897613881,0.262155164500593,True,2.5073665000963956
492,0,0.01,0.2621371897613881,0.2621192809057096,0.2621371879688151,True,2.507500900188461
493,0,0.01,0.2621192809057096,0.2621014393656719,0.26211927911987726,True,2.5076475001405925
494,0,0.01,0.2621014393656719,0.2620836647762378,0.26210143758654375,True,2.5077867000363767
495,0,0.01,0.2620836647762378,0.262065956774555,0.26208366300377745,True,2.5079201001208276
496,0,0.01,0.262065956774555,0.26204831499994213,0.26206595500872637,True,2.508054200094193
497,0,0.01,0.26204831499994213,0.26203073909387353,0.2620483132407093,True,2.5081889000721276
498,0,0.01,0.26203073909387353,0.2620132286999664,0.2620307373412008,True,2.5083224000409245
499,0,0.01,0.2620132286999664,0.26199578346396635,0.2620132269538183,True,2.50845650001429
500,0,0.01,0.26199578346396635,0.26197840303373315,0.2619957817243076,True,2.5085950000211596
501,0,0.01,0.26197840303373315,0.26196108705922794,0.2619784013005287,True,2.508729699999094
502,0,0.01,0.26196108705922794,0.2619438351924986,0.26196108533244294,True,2.5088638002052903
503,0,0.01,0.2619438351924986,0.26192664708766666,0.2619438334720984,True,2.508998200064525
504,0,0.01,0.26192664708766666,0.261909522400914,0.2619266453736168,True,2.509131500031799
505,0,0.01,0.261909522400914,0.261892460790469,0.2619095206931803,True,2.5092775002121925
506,0,0.01,0.261892460790469,0.2618754619165936,0.2618924590890175,True,2.509412700077519
507,0,0.01,0.2618754619165936,0.26185852544157,0.26187546022139035,True,2.509546000044793
508,0,0.01,0.26185852544157,0.2618416510296876,0.26185852375258145,True,2.5096798001322895
509,0,0.01,0.2618416510296876,0.26182483834723014,0.2618416493468803,True,2.5098132002167404
510,0,0.01,0.26182483834723014,0.26180808706246234,0.2618248366705709,True,2.5099461001809686
511,0,0.01,0.26180808706246234,0.26179139684561764,0.2618080853919181,True,2.510079500032589
512,0,0.01,0.26179139684561764,0.261774767368885,0.2617913951811556,True,2.5103065001312643
513,0,0.01,0.261774767368885,0.2617581983063968,0.2617747657104725,True,2.5106013000477105
514,0,0.01,0.2617581983063968,0.26174168933421554,0.26175819665400135,True,2.5108174001798034
515,0,0.01,0.26174168933421554,0.26172524013032217,0.261741687687805,True,2.5110120000317693
516,0,0.01,0.26172524013032217,0.26170885037460295,0.2617252384898644,True,2.5111703001894057
517,0,0.01,0.26170885037460295,0.2616925197488379,0.2617088487400661,True,2.511313399998471
518,0,0.01,0.2616925197488379,0.26167624793668803,0.2616925181201903,True,2.5114936002064496
519,0,0.01,0.26167624793668803,0.26166003462368337,0.2616762463138982,True,2.5116473000962287
520,0,0.01,0.26166003462368337,0.2616438794972114,0.26166003300671997,True,2.5117915000300854
521,0,0.01,0.2616438794972114,0.2616277822465042,0.2616438778860433,True,2.5119365002028644
522,0,0.01,0.2616277822465042,0.2616117425626272,0.2616277806411005,True,2.512081600027159
523,0,0.01,0.2616117425626272,0.26159576013846747,0.26161174096295714,True,2.5122210001572967
524,0,0.01,0.26159576013846747,0.2615798346687218,0.26159575854450046,True,2.5123625001870096
525,0,0.01,0.2615798346687218,0.2615639658498849,0.2615798330804275,True,2.5125122000463307
526,0,0.01,0.2615639658498849,0.26154815338023807,0.261563964267233,True,2.512658700114116
527,0,0.01,0.26154815338023807,0.2615323969598379,0.26154815180319857,True,2.5127994001377374
528,0,0.01,0.2615323969598379,0.2615166962905046,0.2615323953883809,True,2.5129389001522213
529,0,0.01,0.2615166962905046,0.2615010510758111,0.2615166947246005,True,2.5130785000510514
530,0,0.01,0.2615010510758111,0.2614854610210711,0.26150104951543035,True,2.5132169001735747
531,0,0.01,0.2614854610210711,0.2614699258333287,0.26148545946618434,True,2.5133549000602216
532,0,0.01,0.2614699258333287,0.2614544452213469,0.26146992428390675,True,2.5134924000594765
533,0,0.01,0.2614544452213469,0.26143901889559695,0.2614544436773608,True,2.5136283000465482
534,0,0.01,0.26143901889559695,0.2614236465682468,0.26143901735701786,True,2.5137613001279533
535,0,0.01,0.2614236465682468,0.2614083279531509,0.26142364503504606,True,2.513893000083044
536,0,0.01,0.2614083279531509,0.2613930627658394,0.26140832642530004,True,2.5140258001629263
537,0,0.01,0.2613930627658394,0.2613778507235073,0.2613930612433101,True,2.5141587001271546
538,0,0.01,0.2613778507235073,0.26136269154500336,0.26137784920627133,True,2.5142925002146512
539,0,0.01,0.26136269154500336,0.26134758495082044,0.2613626900330328,True,2.51442510006018
540,0,0.01,0.26134758495082044,0.2613325306630846,0.2613475834440875,True,2.5145711000077426
541,0,0.01,0.2613325306630846,0.2613175284055447,0.2613325291615615,True,2.5147089001256973
542,0,0.01,0.2613175284055447,0.26130257790356193,0.261317526909204,True,2.5148431002162397
543,0,0.01,0.26130257790356193,0.2612876302190402,0.26130257641237636,True,2.5149772001896054
544,0,0.01,0.2612876302190402,0.2612726627433237,0.26128762872098377,True,2.5151110000442713
545,0,0.01,0.2612726627433237,0.2612577474795027,0.2612726612504957,True,2.515243200119585
546,0,0.01,0.2612577474795027,0.2612428841401713,0.26125774599187424,True,2.51537620020099
547,0,0.01,0.2612428841401713,0.26122807243997487,0.2612428826577139,True,2.515508900163695
548,0,0.01,0.26122807243997487,0.261213312095582,0.2612280709626601,True,2.5156418001279235
549,0,0.01,0.261213312095582,0.26119860282565854,0.2612133106233817,True,2.5157769001089036
550,0,0.01,0.26119860282565854,0.26118394435084025,0.26119860135854467,True,2.515912900213152
551,0,0.01,0.26118394435084025,0.2611693363937092,0.26118394288878505,True,2.516046900069341
552,0,0.01,0.2611693363937092,0.2611547786787679,0.2611693349366851,True,2.516180100152269
553,0,0.01,0.2611547786787679,0.26114027093241593,0.26115477722674746,True,2.516313600121066
554,0,0.01,0.26114027093241593,0.2611258128829264,0.26114026948537195,True,2.516447000205517
555,0,0.01,0.2611258128829264,0.26111140426042423,0.26112581144083186,True,2.516592600150034
556,0,0.01,0.26111140426042423,0.2610970447968631,0.26111140282325224,True,2.516729300143197
557,0,0.01,0.2610970447968631,0.26108273422600464,0.261097043364587,True,2.516863500000909
558,0,0.01,0.26108273422600464,0.2610684722833976,0.261082732798598,True,2.5169977000914514
559,0,0.01,0.2610684722833976,0.26105425870635734,0.261068470860834,True,2.517131600063294
560,0,0.01,0.26105425870635734,0.2610400932339464,0.26105425728861076,True,2.5172647000290453
561,0,0.01,0.2610400932339464,0.2610259756069548,0.2610400918209908,True,2.5173981999978423
562,0,0.01,0.2610259756069548,0.26101190556788156,0.2610259741987644,True,2.517531600082293
563,0,0.01,0.26101190556788156,0.2609978828609159,0.26101190416443076,True,2.51766540016979
564,0,0.01,0.2609978828609159,0.26098390723192016,0.2609978814621792,True,2.5177978000137955
565,0,0.01,0.26098390723192016,0.26096997842841163,0.26098390583787234,True,2.5179308000952005
566,0,0.01,0.26096997842841163,0.2609560961995455,0.2609699770390275,True,2.518064900068566
567,0,0.01,0.2609560961995455,0.26094226029609857,0.26095609481480014,True,2.5181979001499712
568,0,0.01,0.26094226029609857,0.2609284704704525,0.2609422589159672,True,2.5183306001126766
569,0,0.01,0.2609284704704525,0.2609147264765785,0.2609284690949104,True,2.518465000204742
570,0,0.01,0.2609147264765785,0.26090102807002064,0.2609147251056012,True,2.518610900035128
571,0,0.01,0.26090102807002064,0.26088737500788184,0.26090102670358384,True,2.5189347001723945
572,0,0.01,0.26088737500788184,0.2608737599388531,0.2608873736459614,True,2.5190780002158135
573,0,0.01,0.2608737599388531,0.26086016290110664,0.26087375857802153,True,2.519215000094846
574,0,0.01,0.26086016290110664,0.2608466108542398,0.26086016154478026,True,2.519349600188434
575,0,0.01,0.2608466108542398,0.26083310355497896,0.26084660950239424,True,2.519483800046146
576,0,0.01,0.26083310355497896,0.26081964076172065,0.26083310220759004,True,2.519619000144303
577,0,0.01,0.26081964076172065,0.26080622223451133,0.2608196394187643,True,2.5197576000355184
578,0,0.01,0.26080622223451133,0.2607928477350273,0.26080622089596367,True,2.519897800171748
579,0,0.01,0.2607928477350273,0.26077951702655566,0.26079284640086464,True,2.5200356000568718
580,0,0.01,0.26077951702655566,0.2607662298739756,0.26077951569675445,True,2.520176300080493
581,0,0.01,0.2607662298739756,0.2607529860437399,0.26076622854851245,True,2.520319400122389
582,0,0.01,0.2607529860437399,0.26073978530385766,0.26075298472259156,True,2.52046180004254
583,0,0.01,0.26073978530385766,0.26072662742387637,0.26073978398700104,True,2.52062280010432
584,0,0.01,0.26072662742387637,0.26071351217486527,0.26072662611128855,True,2.520767900161445
585,0,0.01,0.26071351217486527,0.26070034086807575,0.2607135108665235,True,2.5209125000983477
586,0,0.01,0.26070034086807575,0.2606866536651427,0.26070033949806415,True,2.521053900010884
587,0,0.01,0.2606866536651427,0.26067301789497976,0.26068665230028537,True,2.5211989001836628
588,0,0.01,0.26067301789497976,0.260659414707348,0.2606730165352329,True,2.5213454000186175
589,0,0.01,0.260659414707348,0.26064581868429326,0.26065941334646053,True,2.521493000211194
590,0,0.01,0.26064581868429326,0.2606322738458688,0.26064581732853537,True,2.5216414001770318
591,0,0.01,0.2606322738458688,0.26061877975260916,0.26063227249519627,True,2.521788900019601
592,0,0.01,0.26061877975260916,0.2606053359732584,0.2606187784069787,True,2.5219406001269817
593,0,0.01,0.2606053359732584,0.26059194208450187,0.2606053346326275,True,2.5220883002039045
594,0,0.01,0.26059194208450187,0.26057859767070585,0.2605919407488288,True,2.5222481000237167
595,0,0.01,0.26057859767070585,0.2605653023236704,0.26057859633994956,True,2.5223960999865085
596,0,0.01,0.2605653023236704,0.2605520556423914,0.2605653009977906,True,2.522544400068
597,0,0.01,0.2605520556423914,0.26053885723283093,0.2605520543213486,True,2.5226871999911964
598,0,0.01,0.26053885723283093,0.26052570670769903,0.2605388559165861,True,2.5228258999995887
599,0,0.01,0.26052570670769903,0.2605126036862432,0.260525705396214,True,2.5229637001175433
600,0,0.01,0.2605126036862432,0.2604995477940456,0.2605126023794804,True,2.5231070001609623
601,0,0.01,0.2604995477940456,0.2604865151823569,0.26049954649196805,True,2.5232428000308573
602,0,0.01,0.2604865151823569,0.2604733147670952,0.26048651386117605,True,2.5233767000027
603,0,0.01,0.2604733147670952,0.2604601480971016,0.26047331344918456,True,2.523509400198236
604,0,0.01,0.2604601480971016,0.2604470309489683,0.2604601467841543,True,2.523643400054425
605,0,0.01,0.2604470309489683,0.2604339628828394,0.26044702964094013,True,2.5237776001449674
606,0,0.01,0.2604339628828394,0.26042094346720485,0.2604339615796869,True,2.523910300107673
607,0,0.01,0.26042094346720485,0.2604079722786309,0.26042094216888556,True,2.524043200071901
608,0,0.01,0.2604079722786309,0.26039504890149967,0.26040797098510304,True,2.524176700040698
609,0,0.01,0.26039504890149967,0.26038217292776056,0.26039504761272225,True,2.5243096000049263
610,0,0.01,0.26038217292776056,0.2603692633745598,0.26038217164369337,True,2.5244419001974165
611,0,0.01,0.2603692633745598,0.26035562632284104,0.26036926200927296,True,2.524584600003436
612,0,0.01,0.26035562632284104,0.26034197988737046,0.2603556249638603,True,2.5247228001244366
613,0,0.01,0.26034197988737046,0.26032816029651185,0.26034197850372254,True,2.524857999989763
614,0,0.01,0.26032816029651185,0.26031435307254447,0.2603281589195957,True,2.524992800084874
615,0,0.01,0.26031435307254447,0.26030048232060543,0.2603143516837387,True,2.5251274001784623
616,0,0.01,0.26030048232060543,0.2602866802971777,0.26030048093869723,True,2.525261600036174
617,0,0.01,0.2602866802971777,0.2602729460259076,0.2602866789220688,True,2.5253940999973565
618,0,0.01,0.2602729460259076,0.2602592785565385,0.26027294465750234,True,2.5255272001959383
619,0,0.01,0.2602592785565385,0.26024567696396217,0.26025927719474373,True,2.525660900166258
620,0,0.01,0.26024567696396217,0.2602321403473084,0.2602456756086872,True,2.5257937000133097
621,0,0.01,0.2602321403473084,0.26021866782907405,0.2602321389984649,True,2.5259271000977606
622,0,0.01,0.26021866782907405,0.26020509362680916,0.260218666486576,True,2.5260603001806885
623,0,0.01,0.26020509362680916,0.26019131832918724,0.2602050922483166,True,2.526194700039923
624,0,0.01,0.26019131832918724,0.26017759513694116,0.26019131695512165,True,2.5263292000163347
625,0,0.01,0.26017759513694116,0.2601639412869562,0.26017759376983535,True,2.5264625002164394
626,0,0.01,0.2601639412869562,0.26015035577327866,0.2601639399267088,True,2.5266055001411587
627,0,0.01,0.26015035577327866,0.2601368376167326,0.2601503544197911,True,2.5267412001267076
628,0,0.01,0.2601368376167326,0.26012338586395856,0.26013683626990897,True,2.526875000214204
629,0,0.01,0.26012338586395856,0.26010999958648945,0.26012338452370537,True,2.5270426000934094
630,0,0.01,0.26010999958648945,0.26009667120225205,0.26010999825271564,True,2.5271942000836134
631,0,0.01,0.26009667120225205,0.2600832925610488,0.2600966698702985,True,2.5273312001954764
632,0,0.01,0.2600832925610488,0.2600697405522488,0.260083291204107,True,2.5274672000668943
633,0,0.01,0.2600697405522488,0.2600562576677,0.26006973920224496,True,2.527845400152728
634,0,0.01,0.2600562576677,0.2600428428978666,0.2600562563245326,True,2.528105900157243
635,0,0.01,0.2600428428978666,0.26002933568887154,0.2600428415614366,True,2.5283110002055764
636,0,0.01,0.26002933568887154,0.2600154178666456,0.26002933429512753,True,2.5284804000984877
637,0,0.01,0.2600154178666456,0.26000095181930427,0.2600154164807166,True,2.528623200021684
638,0,0.01,0.26000095181930427,0.25998076607013143,0.2600009497959528,True,2.528764700051397
639,0,0.01,0.25998076607013143,0.2599607168469334,0.259980764066845,True,2.528904200065881
640,0,0.01,0.2599607168469334,0.2599407823404472,0.2599607148482826,True,2.5290444002021104
641,0,0.01,0.2599407823404472,0.25992092169143394,0.2599407803624803,True,2.5291840999852866
642,0,0.01,0.25992092169143394,0.25990107505511284,0.2599209197016137,True,2.5295175001956522
643,0,0.01,0.25990107505511284,0.25988039963370557,0.25990107308580396,True,2.5296802001539618
644,0,0.01,0.25988039963370557,0.25985853307309204,0.2598803974414659,True,2.5298344001639634
645,0,0.01,0.25985853307309204,0.2598368668978264,0.2598585309011043,True,2.529984600143507
646,0,0.01,0.2598368668978264,0.25981509216845305,0.25983686473346956,True,2.530130800092593
647,0,0.01,0.25981509216845305,0.25979224456442884,0.2598150898768593,True,2.530274100136012
648,0,0.01,0.25979224456442884,0.25976896353639706,0.259792242300008,True,2.530417000176385
649,0,0.01,0.25976896353639706,0.259743969086312,0.25976896103137054,True,2.5305597002152354
650,0,0.01,0.259743969086312,0.2597190716596837,0.2597439666027959,True,2.5307036000303924
651,0,0.01,0.2597190716596837,0.25969419989079834,0.25971906916800336,True,2.5308468001894653
652,0,0.01,0.25969419989079834,0.25966891725097646,0.2596941973548768,True,2.5310083001386374
653,0,0.01,0.25966891725097646,0.2596439501152632,0.25966891474625964,True,2.5311557000968605
654,0,0.01,0.2596439501152632,0.2596192545113735,0.2596439476423696,True,2.531298500020057
655,0,0.01,0.2596192545113735,0.2595945219199186,0.25961925203024827,True,2.531441100174561
656,0,0.01,0.2595945219199186,0.2595700674760196,0.25959451947007256,True,2.5315861001145095
657,0,0.01,0.2595700674760196,0.2595457467564425,0.2595700650384466,True,2.531727100024
658,0,0.01,0.2595457467564425,0.25952164820111656,0.25954574433908756,True,2.5318668000400066
659,0,0.01,0.25952164820111656,0.2594978355536189,0.25952164581358544,True,2.532005300046876
660,0,0.01,0.2594978355536189,0.2594722794909595,0.2594978331905435,True,2.5321431001648307
661,0,0.01,0.2594722794909595,0.2594432156438078,0.2594722765743615,True,2.5322811000514776
662,0,0.01,0.2594432156438078,0.2594144246308537,0.2594432127678175,True,2.532419200055301
663,0,0.01,0.2594144246308537,0.259384420960326,0.2594144216204812,True,2.532557300059125
664,0,0.01,0.259384420960326,0.25935478608566764,0.2593844179866572,True,2.5326949001755565
665,0,0.01,0.25935478608566764,0.25932534239245253,0.25935478313113425,True,2.5328327000606805
666,0,0.01,0.25932534239245253,0.2592962940070049,0.25932533947762143,True,2.5330386999994516
667,0,0.01,0.2592962940070049,0.2592668949523314,0.2592962911265964,True,2.533184900181368
668,0,0.01,0.2592668949523314,0.2592368787859952,0.25926689194006386,True,2.533326000208035
669,0,0.01,0.2592368787859952,0.2592070799206136,0.2592368758160781,True,2.5334697000216693
670,0,0.01,0.2592070799206136,0.2591774396419938,0.25920707694616835,True,2.53361380007118
671,0,0.01,0.2591774396419938,0.2591481832498,0.2591774367089724,True,2.53375650011003
672,0,0.01,0.2591481832498,0.2591192970730387,0.25914818035144543,True,2.533944900147617
673,0,0.01,0.2591192970730387,0.2590907926441489,0.25911929421284474,True,2.534098600037396
674,0,0.01,0.2590907926441489,0.25906267376957876,0.2590907898227338,True,2.53425160003826
675,0,0.01,0.25906267376957876,0.25903493164468827,0.25906267098605545,True,2.5344086000695825
676,0,0.01,0.25903493164468827,0.2590075030013869,0.25903492889819585,True,2.534564500208944
677,0,0.01,0.2590075030013869,0.25897965598073336,0.2590075002073465,True,2.5347230001352727
678,0,0.01,0.25897965598073336,0.25895211290731945,0.2589796532238343,True,2.534882000181824
679,0,0.01,0.25895211290731945,0.25892477770708755,0.25895211016475667,True,2.535060100024566
680,0,0.01,0.25892477770708755,0.2588978001700584,0.2589247750004926,True,2.535399500047788
681,0,0.01,0.2588978001700584,0.2588711723515169,0.25889779749863107,True,2.535714300116524
682,0,0.01,0.2588711723515169,0.2588448865341102,0.2588711697144798,True,2.5358954002149403
683,0,0.01,0.2588448865341102,0.25881883571595066,0.2588448839307082,True,2.536063700215891
684,0,0.01,0.25881883571595066,0.2587929876278163,0.2588188331247005,True,2.536223200149834
685,0,0.01,0.2587929876278163,0.25876742811900055,0.25879298506381204,True,2.5363827000837773
686,0,0.01,0.25876742811900055,0.25874218726115933,0.25876742558703486,True,2.536542900139466
687,0,0.01,0.25874218726115933,0.2587172582151681,0.2587421847605434,True,2.536698500160128
688,0,0.01,0.2587172582151681,0.2586926343311154,0.2587172557452323,True,2.536852100165561
689,0,0.01,0.2586926343311154,0.25866830914190075,0.2586926318912085,True,2.537005100166425
690,0,0.01,0.25866830914190075,0.258644276357084,0.2586683067313894,True,2.5371919001918286
691,0,0.01,0.258644276357084,0.25862052985697204,0.258644273975352,True,2.537358400179073
692,0,0.01,0.25862052985697204,0.258597063686935,0.2586205275034199,True,2.5375235001556575
693,0,0.01,0.258597063686935,0.25857387205194193,0.2585970613609793,True,2.537694700062275
694,0,0.01,0.25857387205194193,0.25855094931130557,0.25857386975301483,True,2.5378657002002
695,0,0.01,0.25855094931130557,0.25852828997362964,0.2585509470388542,True,2.538036100100726
696,0,0.01,0.25852828997362964,0.2585058886919477,0.2585282877271158,True,2.538203800097108
697,0,0.01,0.2585058886919477,0.2584837402590473,0.25850588647084716,True,2.5383681000676006
698,0,0.01,0.2584837402590473,0.25846183960297087,0.25848373806284963,True,2.5385322000365704
699,0,0.01,0.25846183960297087,0.2584401817826868,0.2584618374311787,True,2.5386930000968277
700,0,0.01,0.2584401817826868,0.2584187619839219,0.2584401796348156,True,2.5388589000795037
701,0,0.01,0.2584187619839219,0.2583975755151512,0.25841875985949947,True,2.539025800069794
702,0,0.01,0.2583975755151512,0.2583766178037359,0.25839757341371733,True,2.5391900001559407
703,0,0.01,0.2583766178037359,0.25835588439220514,0.25837661572484205,True,2.539348600199446
704,0,0.01,0.25835588439220514,0.2583353709346753,0.258355882335414,True,2.5395037000998855
705,0,0.01,0.2583353709346753,0.2583150731934,0.2583353688995604,True,2.5396575001068413
706,0,0.01,0.2583150731934,0.2582949870354474,0.2583150711795455,True,2.539809700101614
707,0,0.01,0.2582949870354474,0.2582751084294984,0.2582949850424476,True,2.5399625999853015
708,0,0.01,0.2582751084294984,0.25825543344276036,0.25827510645695767,True,2.5401150002144277
709,0,0.01,0.25825543344276036,0.2582359582379934,0.25825543149029256,True,2.5402653000783175
710,0,0.01,0.2582359582379934,0.2582166790706422,0.2582359563052218,True,2.5404133000411093
711,0,0.01,0.2582166790706422,0.258197592286072,0.2582166771571992,True,2.5405618001241237
712,0,0.01,0.258197592286072,0.2581786943169016,0.25819759039159856,True,2.5407100000884384
713,0,0.01,0.2581786943169016,0.25815998168043186,0.2581786924410475,True,2.5408515001181513
714,0,0.01,0.25815998168043186,0.2581414509761643,0.258159979822855,True,2.5409947000443935
715,0,0.01,0.2581414509761643,0.25812309888340756,0.25814144913653064,True,2.541151200188324
716,0,0.01,0.25812309888340756,0.25810492215896624,0.25812309706139086,True,2.541292800102383
717,0,0.01,0.25810492215896624,0.25808691763491126,0.25810492035424787,True,2.5414313999935985
718,0,0.01,0.25808691763491126,0.2580690822164267,0.2580869158471799,True,2.5415682001039386
719,0,0.01,0.2580690822164267,0.25805141287973055,0.25806908044537824,True,2.5417059999890625
720,0,0.01,0.25805141287973055,0.2580339066700672,0.2580514111250678,True,2.5418434999883175
721,0,0.01,0.2580339066700672,0.258016560699768,0.25803390493149975,True,2.541981799993664
722,0,0.01,0.258016560699768,0.2579993721463768,0.25801655897701203,True,2.5421141001861542
723,0,0.01,0.2579993721463768,0.25798233825084027,0.25799937043915483,True,2.5422459000255913
724,0,0.01,0.25798233825084027,0.25796545631575707,0.257982336558881,True,2.5423789001069963
725,0,0.01,0.25796545631575707,0.25794872370368654,0.2579654546387953,True,2.5425111001823097
726,0,0.01,0.25794872370368654,0.25793213783551294,0.2579487220414629,True,2.542644000146538
727,0,0.01,0.25793213783551294,0.257915696188864,0.25793213618777383,True,2.5427767999935895
728,0,0.01,0.257915696188864,0.2578993962965812,0.25791569455536134,True,2.542910300195217
729,0,0.01,0.2578993962965812,0.2578832357452391,0.2578993946770723,True,2.543050799984485
730,0,0.01,0.2578832357452391,0.25786721217371456,0.25788323413948655,True,2.543187500210479
731,0,0.01,0.25786721217371456,0.25785132327180005,0.2578672105814861,True,2.5433212001807988
732,0,0.01,0.25785132327180005,0.25783556677886277,0.2578513216928684,True,2.543454800033942
733,0,0.01,0.25783556677886277,0.25781994048254636,0.2578355652130055,True,2.5435886001214385
734,0,0.01,0.25781994048254636,0.2578044422175129,0.2578199389295458,True,2.543942900141701
735,0,0.01,0.2578044422175129,0.2577890698642259,0.25780444067715597,True,2.5441662000957876
736,0,0.01,0.2577890698642259,0.2577738213477705,0.25778906833630394,True,2.544325000140816
737,0,0.01,0.2577738213477705,0.25775869463671075,0.2577738198320793,True,2.5445034001022577
738,0,0.01,0.25775869463671075,0.25774368774198225,0.2577586931330504,True,2.5446411001030356
739,0,0.01,0.25774368774198225,0.2577287987158192,0.257743686250157,True,2.5448358000721782
740,0,0.01,0.2577287987158192,0.2577140256507139,0.25772879723563724,True,2.5450212000869215
741,0,0.01,0.2577140256507139,0.2576993666784083,0.2577140241819874,True,2.5451596002094448
742,0,0.01,0.2576993666784083,0.257684819968916,0.2576993652209534,True,2.5452982999850065
743,0,0.01,0.257684819968916,0.2576703837295738,0.25768481852255243,True,2.545435600215569
744,0,0.01,0.2576703837295738,0.2576560562041208,0.2576703822941251,True,2.5455746999941766
745,0,0.01,0.2576560562041208,0.25764183567180715,0.257656054779414,True,2.5457131001167
746,0,0.01,0.25764183567180715,0.25762772044652626,0.2576418342576728,True,2.545850299997255
747,0,0.01,0.25762772044652626,0.25761370887597473,0.25762771904279824,True,2.545999300200492
748,0,0.01,0.25761370887597473,0.25759979934083616,0.25761370748249035,True,2.546136600198224
749,0,0.01,0.25759979934083616,0.25758599025398865,0.25759979795743587,True,2.5462711001746356
750,0,0.01,0.25758599025398865,0.257572280059735,0.25758598888051615,True,2.5464055000338703
751,0,0.01,0.257572280059735,0.25755866723305554,0.25757227869603694,True,2.546539300121367
752,0,0.01,0.25755866723305554,0.2575451502788827,0.2575586658789818,True,2.5466733002103865
753,0,0.01,0.2575451502788827,0.25753172773139454,0.2575451489342859,True,2.546806000173092
754,0,0.01,0.25753172773139454,0.2575183981533304,0.25753172639613026,True,2.546939400024712
755,0,0.01,0.2575183981533304,0.2575051601353239,0.257518396827257,True,2.547072899993509
756,0,0.01,0.2575051601353239,0.25749201229525653,0.2575051588183025,True,2.547212300123647
757,0,0.01,0.25749201229525653,0.25747895327762726,0.25749201098715097,True,2.5473583000712097
758,0,0.01,0.25747895327762726,0.2574659817529406,0.2574789519783039,True,2.5474916000384837
759,0,0.01,0.2574659817529406,0.2574530964171119,0.25746598046226843,True,2.5476255000103265
760,0,0.01,0.2574530964171119,0.2574402959908878,0.25745309513496234,True,2.5477927001193166
761,0,0.01,0.2574402959908878,0.2574275792192834,0.2574402947171348,True,2.5479420002084225
762,0,0.01,0.2574275792192834,0.2574149448710338,0.2574275779538032,True,2.548078900203109
763,0,0.01,0.2574149448710338,0.25740239173806156,0.25741494361370504,True,2.548213800182566
764,0,0.01,0.25740239173806156,0.2573899186349571,0.2574023904887652,True,2.5483482000418007
765,0,0.01,0.2573899186349571,0.25737752439847394,0.25738991739357614,True,2.5484821000136435
766,0,0.01,0.25737752439847394,0.25736520788703654,0.2573775231648938,True,2.548616100102663
767,0,0.01,0.25736520788703654,0.2573529679802617,0.2573652066611446,True,2.548749100184068
768,0,0.01,0.2573529679802617,0.2573408035784921,0.25735296676194747,True,2.548882800154388
769,0,0.01,0.2573408035784921,0.25732871360234266,0.25734080236764717,True,2.5490156000014395
770,0,0.01,0.25732871360234266,0.2573166969922567,0.2573287123988606,True,2.5491501002106816
771,0,0.01,0.2573166969922567,0.25730475270807696,0.257316695796033,True,2.5492845000699162
772,0,0.01,0.25730475270807696,0.2572928797286241,0.257304751519009,True,2.54941810015589
773,0,0.01,0.2572928797286241,0.25728107705128783,0.2572928785466112,True,2.5495509000029415
774,0,0.01,0.25728107705128783,0.2572693436916288,0.2572810758762311,True,2.5496962000615895
775,0,0.01,0.2572693436916288,0.25725767868298866,0.25726934252343114,True,2.5498330001719296
776,0,0.01,0.25725767868298866,0.2572460810761119,0.25725767752155465,True,2.549967500148341
777,0,0.01,0.2572460810761119,0.25723454993877604,0.25724607992134796,True,2.550101400120184
778,0,0.01,0.25723454993877604,0.25722308435543134,0.25723454879059016,True,2.550235800212249
779,0,0.01,0.25722308435543134,0.2572116834268493,0.2572230832137333,True,2.550369300181046
780,0,0.01,0.2572116834268493,0.25720034626978017,0.2572116822915502,True,2.5505023000296205
781,0,0.01,0.25720034626978017,0.25718907201661845,0.257200345140793,True,2.5506355001125485
782,0,0.01,0.25718907201661845,0.25717785981507624,0.25718907089385756,True,2.5507687001954764
783,0,0.01,0.25717785981507624,0.257166708827866,0.25717785869845755,True,2.5509023000486195
784,0,0.01,0.257166708827866,0.2571556182323891,0.2571667077173069,True,2.551034700125456
785,0,0.01,0.2571556182323891,0.25714458722043343,0.2571556171278083,True,2.551177700050175
786,0,0.01,0.25714458722043343,0.2571336149978769,0.2571445861217513,True,2.5513188000768423
787,0,0.01,0.2571336149978769,0.257122700784399,0.257133613905015,True,2.5514518001582474
788,0,0.01,0.257122700784399,0.2571118438131993,0.25712269969728035,True,2.5515835999976844
789,0,0.01,0.2571118438131993,0.25710104333072153,0.25711184273174814,True,2.5517289000563323
790,0,0.01,0.25710104333072153,0.25709029859638505,0.2571010422548636,True,2.5518640000373125
791,0,0.01,0.25709029859638505,0.25707960888232284,0.2570902975260472,True,2.552135100122541
792,0,0.01,0.25707960888232284,0.25706897347312474,0.25707960781743316,True,2.55234540021047
793,0,0.01,0.25706897347312474,0.2570583916655869,0.25706897241361265,True,2.5525412000715733
794,0,0.01,0.2570583916655869,0.25704786276846775,0.257058390611383,True,2.552717600017786
795,0,0.01,0.25704786276846775,0.2570373861022488,0.2570478617195038,True,2.5528675001114607
796,0,0.01,0.2570373861022488,0.2570269609989012,0.2570373850584577,True,2.5530056999996305
797,0,0.01,0.2570269609989012,0.2570165868016575,0.25702695996021696,True,2.5531991000752896
798,0,0.01,0.2570165868016575,0.2570062628647893,0.25701658576801534,True,2.553453000029549
799,0,0.01,0.2570062628647893,0.2569959885533887,0.25700626183612535,True,2.553600399987772
800,0,0.01,0.2569959885533887,0.25698576324315575,0.25699598752964037,True,2.553747800178826
801,0,0.01,0.25698576324315575,0.2569755863201903,0.2569857622242614,True,2.5538898000959307
802,0,0.01,0.2569755863201903,0.25696545718078856,0.25697558530608927,True,2.554028500104323
803,0,0.01,0.25696545718078856,0.25695537523124423,0.25696545617142125,True,2.5542093000840396
804,0,0.01,0.25695537523124423,0.25694533988765367,0.25695537422655196,True,2.5543489002157003
805,0,0.01,0.25694533988765367,0.2569353505757264,0.2569453388875788,True,2.5544887001160532
806,0,0.01,0.2569353505757264,0.2569254067305986,0.25693534958021225,True,2.5546272001229227
807,0,0.01,0.2569254067305986,0.25691550779665123,0.25692540573958933,True,2.5547667001374066
808,0,0.01,0.25691550779665123,0.2569056532273328,0.25691550681009195,True,2.5549217001535
809,0,0.01,0.2569056532273328,0.2568958424849845,0.25690565224516954,True,2.555062900064513
810,0,0.01,0.2568958424849845,0.25688607504067074,0.25689584150716416,True,2.5552033002022654
811,0,0.01,0.25688607504067074,0.2568763503740124,0.2568860740671411,True,2.5553435999900103
812,0,0.01,0.2568763503740124,0.2568666679730238,0.25687634940472204,True,2.5554824999999255
813,0,0.01,0.2568666679730238,0.25685702733395377,0.2568666670079221,True,2.555622300133109
814,0,0.01,0.25685702733395377,0.25684742796112914,0.25685702637299096,True,2.5557607000228018
815,0,0.01,0.25684742796112914,0.2568378693668028,0.2568474270042563,True,2.555899500148371
816,0,0.01,0.2568378693668028,0.2568283510710038,0.2568378684139717,True,2.556039100047201
817,0,0.01,0.2568283510710038,0.2568188726013917,0.2568283501221671,True,2.5561928001698107
818,0,0.01,0.2568188726013917,0.256809433493113,0.2568188716565026,True,2.5563345002010465
819,0,0.01,0.256809433493113,0.25680003328866197,0.2568094325521257,True,2.556473500095308
820,0,0.01,0.25680003328866197,0.25679067153774227,0.25680003235153115,True,2.556612600106746
821,0,0.01,0.25679067153774227,0.25678134779713435,0.25679067060442345,True,2.5567507999949157
822,0,0.01,0.25678134779713435,0.25677206163056315,0.25678134686758375,True,2.556899000192061
823,0,0.01,0.25677206163056315,0.25676281260856965,0.2567720607047377,True,2.557040800107643
824,0,0.01,0.25676281260856965,0.25675360030838507,0.25676281168642684,True,2.55718020000495
825,0,0.01,0.25675360030838507,0.25674442431380756,0.2567535993898831,True,2.5573150001000613
826,0,0.01,0.25674442431380756,0.2567352842150815,0.2567444233989054,True,2.557448400184512
827,0,0.01,0.2567352842150815,0.2567261796087793,0.25673528330373857,True,2.557584500173107
828,0,0.01,0.2567261796087793,0.25671711009768555,0.25672617870095576,True,2.557720100041479
829,0,0.01,0.25671711009768555,0.25670807529068346,0.2567171091933421,True,2.5578539001289755
830,0,0.01,0.25670807529068346,0.25669907480264437,0.2567080743897815,True,2.557988400105387
831,0,0.01,0.25669907480264437,0.25669010825431815,0.25669907390514574,True,2.558123000198975
832,0,0.01,0.25669010825431815,0.2566811752722272,0.25669010736018544,True,2.558256900170818
833,0,0.01,0.2566811752722272,0.2566722754885621,0.25668117438142346,True,2.558390400139615
834,0,0.01,0.2566722754885621,0.2566634085410787,0.2566722746010509,True,2.5585249001160264
835,0,0.01,0.2566634085410787,0.25665457407299874,0.2566634076568244,True,2.5586597002111375
836,0,0.01,0.25665457407299874,0.2566457717329111,0.2566545731919659,True,2.5587936001829803
837,0,0.01,0.2566457717329111,0.2566370011746756,0.256645770855065,True,2.5589386001229286
838,0,0.01,0.2566370011746756,0.25662826205732914,0.25663700029998204,True,2.5590745001100004
839,0,0.01,0.25662826205732914,0.2566195540449932,0.25662826118575444,True,2.5592094000894576
840,0,0.01,0.2566195540449932,0.25661087680678285,0.25661955317650414,True,2.559344500070438
841,0,0.01,0.25661087680678285,0.25660223001671884,0.2566108759413467,True,2.5594780000392348
842,0,0.01,0.25660223001671884,0.2565936133536398,0.25660222915430336,True,2.5596117000095546
843,0,0.01,0.2565936133536398,0.25658502650111786,0.2565936124942132,True,2.559744300087914
844,0,0.01,0.25658502650111786,0.2565764691473746,0.2565850256446489,True,2.559877500170842
845,0,0.01,0.2565764691473746,0.2565679409851992,0.2565764682938324,True,2.560011100023985
846,0,0.01,0.2565679409851992,0.2565594417118684,0.2565679401345534,True,2.560150600038469
847,0,0.01,0.2565594417118684,0.2565509710290677,0.25655944086408905,True,2.5605634001549333
848,0,0.01,0.2565509710290677,0.25654252864281435,0.2565509701841253,True,2.560733700171113
849,0,0.01,0.25654252864281435,0.25653411426338163,0.2565425278006798,True,2.560888000065461
850,0,0.01,0.25653411426338163,0.25652572760522474,0.2565341134240263,True,2.561036500148475
851,0,0.01,0.25652572760522474,0.2565173683869081,0.2565257267686204,True,2.561192100169137
852,0,0.01,0.2565173683869081,0.25650903633103417,0.2565173675530269,True,2.561346000060439
853,0,0.01,0.25650903633103417,0.25650073116417366,0.25650903549984866,True,2.56149910017848
854,0,0.01,0.25650073116417366,0.2564924526167967,0.2565007303356568,True,2.5616518000606447
855,0,0.01,0.2564924526167967,0.2564842004232059,0.25649245179092184,True,2.5618054000660777
856,0,0.01,0.2564842004232059,0.25647597432147046,0.2564841995999467,True,2.561960200080648
857,0,0.01,0.25647597432147046,0.2564677740533613,0.25647597350080104,True,2.5621387001592666
858,0,0.01,0.2564677740533613,0.25645959936428797,0.2564677732352561,True,2.562292000046
859,0,0.01,0.25645959936428797,0.25645145000323666,0.2564595985487218,True,2.562461700057611
860,0,0.01,0.25645145000323666,0.25644332572270834,0.2564514491901847,True,2.5626194002106786
861,0,0.01,0.25644332572270834,0.2564352262786602,0.25644332491214605,True,2.5629674000665545
862,0,0.01,0.2564352262786602,0.25642715143044603,0.2564352254705635,True,2.5631900001317263
863,0,0.01,0.25642715143044603,0.25641910094075915,0.25642715062479104,True,2.563358300132677
864,0,0.01,0.25641910094075915,0.25641107457557566,0.25641910013752245,True,2.5635028001852334
865,0,0.01,0.25641107457557566,0.2564030721040996,0.25641107377473404,True,2.563643100205809
866,0,0.01,0.2564030721040996,0.2563950932987079,0.2564030713056303,True,2.5637962000910193
867,0,0.01,0.2563950932987079,0.2563871379348978,0.2563950925025883,True,2.563941900152713
868,0,0.01,0.2563871379348978,0.25637920579123397,0.2563871371411057,True,2.564083600183949
869,0,0.01,0.25637920579123397,0.2563712966492975,0.2563792049997475,True,2.5642239002045244
870,0,0.01,0.2563712966492975,0.2563634102936357,0.25637129586009494,True,2.56436250009574
871,0,0.01,0.2563634102936357,0.2563555465117122,0.2563634095066958,True,2.5644987002015114
872,0,0.01,0.2563555465117122,0.2563477050938593,0.25635554572701397,True,2.5646341000683606
873,0,0.01,0.2563477050938593,0.2563398858332295,0.2563477043113819,True,2.564768400043249
874,0,0.01,0.2563398858332295,0.2563320885257494,0.25633988505295247,True,2.56490630004555
875,0,0.01,0.2563320885257494,0.25632431297007385,0.25633208774765254,True,2.565043800044805
876,0,0.01,0.25632431297007385,0.2563165589675407,0.25632431219413726,True,2.565182600170374
877,0,0.01,0.2563165589675407,0.25630882632212704,0.25631655819374466,True,2.565317900152877
878,0,0.01,0.25630882632212704,0.2563011148404058,0.2563088255504522,True,2.5654525000136346
879,0,0.01,0.2563011148404058,0.25629342433150293,0.25630111407083295,True,2.5655869001057
880,0,0.01,0.25629342433150293,0.2562857546070562,0.25629342356401325,True,2.5657248001080006
881,0,0.01,0.2562857546070562,0.25627810548117413,0.256285753841631,True,2.566051400033757
882,0,0.01,0.25627810548117413,0.25627047677039533,0.256278104717795,True,2.5662144001107663
883,0,0.01,0.25627047677039533,0.2562628682936496,0.25627047600904407,True,2.566365900216624
884,0,0.01,0.2562628682936496,0.25625527987221913,0.25626286753430827,True,2.5665163001976907
885,0,0.01,0.25625527987221913,0.2562477113297002,0.2562552791148701,True,2.5666661001741886
886,0,0.01,0.2562477113297002,0.25624016249196596,0.256247710574326,True,2.5668166000396013
887,0,0.01,0.25624016249196596,0.25623263318712997,0.2562401617385493,True,2.566965200006962
888,0,0.01,0.25623263318712997,0.2562251232455103,0.25623263243565386,True,2.5671153001021594
889,0,0.01,0.2562251232455103,0.2562176324995935,0.2562251224959579,True,2.5672681001015007
890,0,0.01,0.2562176324995935,0.25621016078400094,0.2562176317519483,True,2.5674221001099795
891,0,0.01,0.25621016078400094,0.25620270793545386,0.2562101600382464,True,2.5675958001520485
892,0,0.01,0.25620270793545386,0.25619527379274076,0.25620270719157395,True,2.567762500140816
893,0,0.01,0.25619527379274076,0.25618785819668355,0.2561952730507195,True,2.567922600079328
894,0,0.01,0.25618785819668355,0.2561804609901063,0.25618785745650513,True,2.5680822001304477
895,0,0.01,0.2561804609901063,0.2561730820178032,0.2561804602517551,True,2.5682456002105027
896,0,0.01,0.2561730820178032,0.2561657211265072,0.256173081281264,True,2.5684106000699103
897,0,0.01,0.2561657211265072,0.2561583781648598,0.2561657203917647,True,2.5688138999976218
898,0,0.01,0.2561583781648598,0.256151052983381,0.256158377431899,True,2.569069800199941
899,0,0.01,0.256151052983381,0.2561437454344398,0.2561510522521871,True,2.5692431000061333
900,0,0.01,0.2561437454344398,0.2561364553722253,0.25614374470499823,True,2.5694200000725687
901,0,0.01,0.2561364553722253,0.25612918265271833,0.25613645464452156,True,2.5698741001542658
902,0,0.01,0.25612918265271833,0.2561219271336632,0.2561291819267382,True,2.5700403000228107
903,0,0.01,0.2561219271336632,0.2561146886745411,0.2561219264093926,True,2.5701977000571787
904,0,0.01,0.2561146886745411,0.25610746713654214,0.256114687951966,True,2.570356000214815
905,0,0.01,0.25610746713654214,0.25610026238253975,0.25610746641564885,True,2.570553000085056
906,0,0.01,0.25610026238253975,0.2560930742770641,0.2561002616633147,True,2.5707054000813514
907,0,0.01,0.2560930742770641,0.25608590268627707,0.25609307355949384,True,2.5708564000669867
908,0,0.01,0.25608590268627707,0.25607874747794684,0.2560859019703483,True,2.571006700163707
909,0,0.01,0.25607874747794684,0.2560716085214233,0.25607874676364656,True,2.5711571001447737
910,0,0.01,0.2560716085214233,0.256064485687614,0.25607160780873844,True,2.5713251000270247
911,0,0.01,0.256064485687614,0.25605737884896007,0.25606448497653184,True,2.5715038999915123
912,0,0.01,0.25605737884896007,0.2560502878794133,0.256057378139468,True,2.5716548000928015
913,0,0.01,0.2560502878794133,0.25604321265441277,0.25605028717149875,True,2.571805200073868
914,0,0.01,0.25604321265441277,0.2560361530508626,0.2560432119480634,True,2.571953000035137
915,0,0.01,0.2560361530508626,0.2560291089471093,0.25603615234606625,True,2.5720995999872684
916,0,0.01,0.2560291089471093,0.25602208022292083,0.2560291082438539,True,2.5722473000641912
917,0,0.01,0.25602208022292083,0.25601506675946417,0.25602207952119443,True,2.5723938001319766
918,0,0.01,0.25601506675946417,0.25600806843928536,0.25601506605925506,True,2.572540700202808
919,0,0.01,0.25600806843928536,0.25600108514628783,0.2560080677405818,True,2.572687800042331
920,0,0.01,0.25600108514628783,0.2559941167657128,0.25600108444907843,True,2.572843800066039
921,0,0.01,0.2559941167657128,0.25598716318411885,0.2559941160699861,True,2.573001200100407
922,0,0.01,0.25598716318411885,0.25598022428936273,0.2559871624898636,True,2.573150100186467
923,0,0.01,0.25598022428936273,0.2559732999705798,0.25598022359656786,True,2.573316700058058
924,0,0.01,0.2559732999705798,0.25596639011816497,0.2559732992792343,True,2.573471400188282
925,0,0.01,0.25596639011816497,0.2559594946237542,0.25596638942825795,True,2.573625500081107
926,0,0.01,0.2559594946237542,0.2559526133802067,0.25595949393527495,True,2.5737798002082855
927,0,0.01,0.2559526133802067,0.2559457462815859,0.25595261269314457,True,2.573934700107202
928,0,0.01,0.2559457462815859,0.25593889322314234,0.25594574559593036,True,2.5740873999893665
929,0,0.01,0.25593889322314234,0.2559320541012966,0.255938892538883,True,2.5742346001788974
930,0,0.01,0.2559320541012966,0.25592522881362156,0.2559320534184233,True,2.574379700003192
931,0,0.01,0.25592522881362156,0.2559184172588258,0.25592522813212404,True,2.5745214000344276
932,0,0.01,0.2559184172588258,0.25591161933673745,0.255918416578694,True,2.5746627000626177
933,0,0.01,0.25591161933673745,0.25590483494828736,0.2559116186579615,True,2.574805400101468
934,0,0.01,0.25590483494828736,0.2558980639954934,0.2559048342708574,True,2.57494720001705
935,0,0.01,0.2558980639954934,0.25589130638144486,0.2558980633193998,True,2.575088200159371
936,0,0.01,0.25589130638144486,0.2558845620102871,0.2558913057066779,True,2.5752355000004172
937,0,0.01,0.2558845620102871,0.2558778307872056,0.2558845613368373,True,2.575376700144261
938,0,0.01,0.2558778307872056,0.25587111261841217,0.25587783011506354,True,2.575516400160268
939,0,0.01,0.25587111261841217,0.2558644074111292,0.25587111194756856,True,2.5756510000210255
940,0,0.01,0.2558644074111292,0.2558577150735764,0.25586440674157485,True,2.575784800108522
941,0,0.01,0.2558577150735764,0.255851035514955,0.2558577144053022,True,2.57591800019145
942,0,0.01,0.255851035514955,0.2558443686454356,0.25585103484795196,True,2.5760507001541555
943,0,0.01,0.2558443686454356,0.2558377143761429,0.2558443679796948,True,2.5761845000088215
944,0,0.01,0.2558377143761429,0.2558310726191431,0.2558377137116555,True,2.5763176002074033
945,0,0.01,0.2558310726191431,0.2558244432874307,0.25583107195590044,True,2.5764509001746774
946,0,0.01,0.2558244432874307,0.25581782629491434,0.25582444262542403,True,2.5765836001373827
947,0,0.01,0.25581782629491434,0.25581122155640545,0.2558178256341352,True,2.5767173999920487
948,0,0.01,0.25581122155640545,0.2558046289876044,0.2558112208968454,True,2.5768512000795454
949,0,0.01,0.2558046289876044,0.2557980485050889,0.25580462832925505,True,2.5771745000965893
950,0,0.01,0.2557980485050889,0.25579148002630125,0.25579804784794197,True,2.577411300037056
951,0,0.01,0.25579148002630125,0.2557849234695366,0.2557914793703486,True,2.5775517001748085
952,0,0.01,0.2557849234695366,0.2557783787539308,0.25578492281477,True,2.577694500098005
953,0,0.01,0.2557783787539308,0.2557718457994492,0.2557783781003423,True,2.5778290000744164
954,0,0.01,0.2557718457994492,0.25576532452687506,0.25577184514703094,True,2.5779657000675797
955,0,0.01,0.25576532452687506,0.25575881485779794,0.25576532387561907,True,2.5781007001642138
956,0,0.01,0.25575881485779794,0.25575231671460297,0.25575881420769647,True,2.5782367000356317
957,0,0.01,0.25575231671460297,0.25574583002046014,0.2557523160656483,True,2.5783702000044286
958,0,0.01,0.25574583002046014,0.25573935469931297,0.2557458293726447,True,2.578503900207579
959,0,0.01,0.25573935469931297,0.2557328906758686,0.25573935405262915,True,2.5786370001733303
960,0,0.01,0.2557328906758686,0.2557264378755869,0.2557328900303089,True,2.578770900145173
961,0,0.01,0.2557264378755869,0.2557199962246705,0.255726437231144,True,2.5791381001472473
962,0,0.01,0.2557199962246705,0.25571356565005465,0.25571999558133707,True,2.5793624001089483
963,0,0.01,0.25571356565005465,0.2557071460793977,0.2557135650078234,True,2.57951660011895
964,0,0.01,0.2557071460793977,0.2557007374410706,0.25570714543826145,True,2.579655700130388
965,0,0.01,0.2557007374410706,0.2556943396641481,0.25570073680102223,True,2.5798850001301616
966,0,0.01,0.2556943396641481,0.2556879526783987,0.25569433902518063,True,2.580096600111574
967,0,0.01,0.2556879526783987,0.2556815764142761,0.25568795204050515,True,2.5803058000747114
968,0,0.01,0.2556815764142761,0.2556752108029092,0.2556815757774495,True,2.5804836000315845
969,0,0.01,0.2556752108029092,0.25566885577609366,0.2556752101671428,True,2.580621600151062
970,0,0.01,0.25566885577609366,0.2556625112662834,0.2556688551413806,True,2.580757200019434
971,0,0.01,0.2556625112662834,0.2556561772065807,0.255662510632617,True,2.581004200037569
972,0,0.01,0.2556561772065807,0.255649853530729,0.25565617657395434,True,2.5811970001086593
973,0,0.01,0.255649853530729,0.25564354017310337,0.2556498528991361,True,2.581440200097859
974,0,0.01,0.25564354017310337,0.2556372370687031,0.25564353954253743,True,2.5817217000294477
975,0,0.01,0.2556372370687031,0.2556309441531429,0.25563723643915764,True,2.581870600115508
976,0,0.01,0.2556309441531429,0.25562466136264506,0.2556309435246115,True,2.5820169001817703
977,0,0.01,0.25562466136264506,0.2556183886340317,0.25562466073512147,True,2.5823518000543118
978,0,0.01,0.2556183886340317,0.25561212590471666,0.2556183880075096,True,2.582511299988255
979,0,0.01,0.25561212590471666,0.25560587311269817,0.2556121252791898,True,2.582660600077361
980,0,0.01,0.25560587311269817,0.25559963019655085,0.2556058724881604,True,2.582806000020355
981,0,0.01,0.25559963019655085,0.25559339709541873,0.25559962957299615,True,2.58295110007748
982,0,0.01,0.25559339709541873,0.25558717374900775,0.25559339647284096,True,2.583095100009814
983,0,0.01,0.25558717374900775,0.25558096009757847,0.255587173127401,True,2.5832405001856387
984,0,0.01,0.25558096009757847,0.2555747560819389,0.25558095947693676,True,2.5833849001210183
985,0,0.01,0.2555747560819389,0.2555685616434381,0.2555747554622564,True,2.5835299000609666
986,0,0.01,0.2555685616434381,0.2555623767239582,0.25556856102470893,True,2.5836876002140343
987,0,0.01,0.2555623767239582,0.2555562012659087,0.2555623761061766,True,2.583828200120479
988,0,0.01,0.2555562012659087,0.2555500352122193,0.255556200649069,True,2.5839679001364857
989,0,0.01,0.2555500352122193,0.25554387850633326,0.25555003459631576,True,2.584106800146401
990,0,0.01,0.25554387850633326,0.2555377310922013,0.25554387789136024,True,2.584248200058937
991,0,0.01,0.2555377310922013,0.25553159291427463,0.2555377304781533,True,2.5843913999851793
992,0,0.01,0.25553159291427463,0.25552546391749925,0.25553159230114614,True,2.5845376001670957
993,0,0.01,0.25552546391749925,0.25551934404730936,0.25552546330528475,True,2.5846855000127107
994,0,0.01,0.25551934404730936,0.25551323324962183,0.25551934343600347,True,2.584834200097248
995,0,0.01,0.25551323324962183,0.2555071314708294,0.25551323263921916,True,2.584981400053948
996,0,0.01,0.2555071314708294,0.2555010386577953,0.2555071308613246,True,2.5851288000121713
997,0,0.01,0.2555010386577953,0.2554949547578474,0.2555010380491831,True,2.585541500011459
998,0,0.01,0.2554949547578474,0.25548887971877254,0.25549495415012263,True,2.585745000047609
999,0,0.01,0.25548887971877254,0.2554828134888104,0.25548887911192997,True,2.585923000006005
1000,0,0.01,0.2554828134888104,0.25547675601664843,0.2554828128828449,True,2.5860983000602573
1001,0,0.01,0.25547675601664843,0.2554707072514162,0.2554767554115549,True,2.5862652000505477
1002,0,0.01,0.2554707072514162,0.25546466714268024,0.2554707066471895,True,2.5864269000012428
1003,0,0.01,0.25546466714268024,0.25545863564043814,0.2554646665393155,True,2.5865868001710624
1004,0,0.01,0.25545863564043814,0.2554526082645229,0.2554586350379303,True,2.5867467001080513
1005,0,0.01,0.2554526082645229,0.25544655998474675,0.2554526076594732,True,2.586906500160694
1006,0,0.01,0.25544655998474675,0.2554405205451445,0.25544655938058247,True,2.587084300117567
1007,0,0.01,0.2554405205451445,0.2554344898906345,0.2554405199418601,True,2.587248200085014
1008,0,0.01,0.2554344898906345,0.25542846796672414,0.25543448928822454,True,2.587409400148317
1009,0,0.01,0.25542846796672414,0.2554224520527452,0.2554284673651832,True,2.5876982000190765
1010,0,0.01,0.2554224520527452,0.25541641571830487,0.2554224514506382,True,2.5879000001586974
1011,0,0.01,0.25541641571830487,0.2554100756590644,0.2554164150839576,True,2.5880634000059217
1012,0,0.01,0.2554100756590644,0.25540372744793016,0.25541007502607826,True,2.588224200066179
1013,0,0.01,0.25540372744793016,0.2553972727679695,0.25540372680207385,True,2.5883864001370966
1014,0,0.01,0.2553972727679695,0.2553908335173645,0.2553972721236613,True,2.5885456001851708
1015,0,0.01,0.2553908335173645,0.25538440949051183,0.2553908328745838,True,2.588696400169283
1016,0,0.01,0.25538440949051183,0.25537800048667125,0.25538440884923835,True,2.588850500062108
1017,0,0.01,0.25537800048667125,0.2553716063098126,0.2553779998468853,True,2.589000000152737
1018,0,0.01,0.2553716063098126,0.25536522676846957,0.2553716056714949,True,2.589215900050476
1019,0,0.01,0.25536522676846957,0.25535886167559796,0.2553652261316014,True,2.5895218001678586
1020,0,0.01,0.25535886167559796,0.25535251084843924,0.25535886104016087,True,2.5896857001353055
1021,0,0.01,0.25535251084843924,0.2553461741083887,0.2553525102144153,True,2.589832200203091
1022,0,0.01,0.2553461741083887,0.255339851280869,0.25534617347576033,True,2.5899753000121564
1023,0,0.01,0.255339851280869,0.25533354219520665,0.255339850649619,True,2.5901180000510067
1024,0,0.01,0.25533354219520665,0.2553272466845146,0.2553335415653183,True,2.5902588001918048
1025,0,0.01,0.2553272466845146,0.2553209645855776,0.25532724605597146,True,2.590397300198674
1026,0,0.01,0.2553209645855776,0.2553146957387422,0.2553209639583636,True,2.590534800197929
1027,0,0.01,0.2553146957387422,0.25530843998781083,0.25531469511284166,True,2.5906731002032757
1028,0,0.01,0.25530843998781083,0.2553021971799382,0.25530843936320835,True,2.590810100082308
1029,0,0.01,0.2553021971799382,0.2552959671655335,0.2553021965566188,True,2.590947100194171
1030,0,0.01,0.2552959671655335,0.25528974979816355,0.2552959665434824,True,2.5912735001184046
1031,0,0.01,0.25528974979816355,0.2552835449344615,0.25528974917736635,True,2.591428400017321
1032,0,0.01,0.2552835449344615,0.2552773524340368,0.2552835443149041,True,2.591575700091198
1033,0,0.01,0.2552773524340368,0.2552711721593895,0.25527735181570543,True,2.591719300020486
1034,0,0.01,0.2552711721593895,0.2552650039758271,0.2552711715422705,True,2.591863000066951
1035,0,0.01,0.2552650039758271,0.2552588477513836,0.2552650033599073,True,2.5920110000297427
1036,0,0.01,0.2552588477513836,0.25525270335674255,0.25525884713665,True,2.592165500158444
1037,0,0.01,0.25525270335674255,0.2552465706651618,0.2552527027431824,True,2.5923203001730144
1038,0,0.01,0.2552465706651618,0.25524044955240094,0.25524657005276263,True,2.5924735001754016
1039,0,0.01,0.25524044955240094,0.2552343398966507,0.25524044894115044,True,2.592626500176266
1040,0,0.01,0.2552343398966507,0.25522824157846624,0.2552343392865369,True,2.592873200075701
1041,0,0.01,0.25522824157846624,0.25522215218801525,0.25522824096947744,True,2.5930335000157356
1042,0,0.01,0.25522215218801525,0.2552160587731779,0.2552221515793209,True,2.5931852001231164
1043,0,0.01,0.2552160587731779,0.255209954602454,0.25521605816247195,True,2.59332920005545
1044,0,0.01,0.255209954602454,0.2552038619248706,0.2552099539929005,True,2.5934723000973463
1045,0,0.01,0.2552038619248706,0.2551977806180652,0.25520386131645717,True,2.593858900014311
1046,0,0.01,0.2551977806180652,0.25519170441988254,0.2551977800107798,True,2.5940375002101064
1047,0,0.01,0.25519170441988254,0.2551856139338749,0.2551917038105454,True,2.5941930999979377
1048,0,0.01,0.2551856139338749,0.25517947646217853,0.2551856133256889,True,2.5943341001402587
1049,0,0.01,0.25517947646217853,0.25517327837891324,0.2551794758420385,True,2.5945290001109242
1050,0,0.01,0.25517327837891324,0.25516709348302336,0.255173277760096,True,2.594725700095296
1051,0,0.01,0.25516709348302336,0.2551609190898405,0.2551670928655127,True,2.594869100023061
1052,0,0.01,0.2551609190898405,0.25515474750201,0.2551609184726266,True,2.5950109001714736
1053,0,0.01,0.25515474750201,0.255148552844338,0.2551547468822099,True,2.595147200161591
1054,0,0.01,0.255148552844338,0.255142371477729,0.2551485522258712,True,2.595283000031486
1055,0,0.01,0.255142371477729,0.25513620323755803,0.2551423708605789,True,2.5954172001220286
1056,0,0.01,0.25513620323755803,0.25513003907402354,0.25513620262170844,True,2.5955525999888778
1057,0,0.01,0.25513003907402354,0.25512385851698527,0.2551300384556358,True,2.595689000096172
1058,0,0.01,0.25512385851698527,0.2551176314470037,0.2551238578999215,True,2.595824900083244
1059,0,0.01,0.2551176314470037,0.2551113179078669,0.2551176308152685,True,2.595958100166172
1060,0,0.01,0.2551113179078669,0.255105019517219,0.25511131727765174,True,2.5960918001364917
1061,0,0.01,0.255105019517219,0.25509873606970135,0.2551050188885032,True,2.59633110021241
1062,0,0.01,0.25509873606970135,0.2550924673645862,0.25509873544246475,True,2.596472700126469
1063,0,0.01,0.2550924673645862,0.25508620892125966,0.2550924667388091,True,2.5966600000392646
1064,0,0.01,0.25508620892125966,0.25507995937701045,0.25508620829594475,True,2.5968635000754148
1065,0,0.01,0.25507995937701045,0.25507370810576546,0.2550799587531328,True,2.5970685000065714
1066,0,0.01,0.25507370810576546,0.25506744955512406,0.2550737074795439,True,2.5972622002009302
1067,0,0.01,0.25506744955512406,0.25506120556633244,0.2550674489303636,True,2.597457400057465
1068,0,0.01,0.25506120556633244,0.255054972086438,0.2550612049430136,True,2.597652800148353
1069,0,0.01,0.255054972086438,0.25504871815707303,0.25505497146067807,True,2.5978459001053125
1070,0,0.01,0.25504871815707303,0.25504247880922537,0.2550487175327762,True,2.5980663001537323
1071,0,0.01,0.25504247880922537,0.2550361915378109,0.255042478186372,True,2.598261100007221
1072,0,0.01,0.2550361915378109,0.25502982677310637,0.2550361909009224,True,2.598454600200057
1073,0,0.01,0.25502982677310637,0.2550234783699912,0.25502982613786,True,2.5986490000505
1074,0,0.01,0.2550234783699912,0.255017146093517,0.25502347773636325,True,2.5988338000606745
1075,0,0.01,0.255017146093517,0.25501082971414574,0.25501714546148446,True,2.5990192000754178
1076,0,0.01,0.25501082971414574,0.25500452900758974,0.25501082908368605,True,2.599204400088638
1077,0,0.01,0.25500452900758974,0.2549982428886125,0.2550045283786808,True,2.5993898001033813
1078,0,0.01,0.2549982428886125,0.2549919699049687,0.25499824226093465,True,2.5995694000739604
1079,0,0.01,0.2549919699049687,0.25498571068711756,0.2549919692788037,True,2.5997450000140816
1080,0,0.01,0.25498571068711756,0.25497945643275427,0.2549857100613185,True,2.5999345001764596
1081,0,0.01,0.25497945643275427,0.2549732170224618,0.25497945580844467,True,2.600115900160745
1082,0,0.01,0.2549732170224618,0.2549669902943877,0.25497321639962145,True,2.600291999988258
1083,0,0.01,0.2549669902943877,0.25496076872838724,0.2549669896718682,True,2.6004616001155227
1084,0,0.01,0.25496076872838724,0.2549545615815872,0.2549607681073145,True,2.6006313001271337
1085,0,0.01,0.2549545615815872,0.25494835584958847,0.25495456096194197,True,2.6008016001433134
1086,0,0.01,0.25494835584958847,0.25494213383051145,0.25494835522702214,True,2.600972200045362
1087,0,0.01,0.25494213383051145,0.254935926290822,0.25494213320939796,True,2.601139400154352
1088,0,0.01,0.254935926290822,0.25492973303720445,0.25493592567114187,True,2.6013023999985307
1089,0,0.01,0.25492973303720445,0.2549235538805254,0.2549297324189387,True,2.601534300018102
1090,0,0.01,0.2549235538805254,0.2549173886357149,0.2549235532636554,True,2.6017007001210004
1091,0,0.01,0.2549173886357149,0.25491123607308563,0.25491738802022246,True,2.6018638000823557
1092,0,0.01,0.25491123607308563,0.2549050956315942,0.25491123545870387,True,2.6020437001716346
1093,0,0.01,0.2549050956315942,0.254898968609777,0.2549050950185587,True,2.6022666001226753
1094,0,0.01,0.254898968609777,0.2548928535136463,0.2548989679980706,True,2.6024296001996845
1095,0,0.01,0.2548928535136463,0.25488674349120055,0.2548928529023154,True,2.6025853001046926
1096,0,0.01,0.25488674349120055,0.2548806465339897,0.2548867428811803,True,2.602784899994731
1097,0,0.01,0.2548806465339897,0.2548745616412319,0.2548806459252636,True,2.6029527001082897
1098,0,0.01,0.2548745616412319,0.2548684798663631,0.25487456103283757,True,2.603107900125906
1099,0,0.01,0.2548684798663631,0.25486240931842435,0.25486847925899125,True,2.6032624000217766
1100,0,0.01,0.25486240931842435,0.2548563513742283,0.2548624087123168,True,2.6034284001216292
1101,0,0.01,0.2548563513742283,0.25485030397922026,0.25485635076936947,True,2.6035794001072645
1102,0,0.01,0.25485030397922026,0.2548442249655881,0.25485030337099635,True,2.603728100191802
1103,0,0.01,0.2548442249655881,0.25483815877298593,0.2548442243586504,True,2.603875500150025
1104,0,0.01,0.25483815877298593,0.25483210427607,0.2548381581673182,True,2.6040386999957263
1105,0,0.01,0.25483210427607,0.2548260533525043,0.25483210367066356,True,2.6041832000482827
1106,0,0.01,0.2548260533525043,0.2548200149157079,0.2548260527483504,True,2.604327999986708
1107,0,0.01,0.2548200149157079,0.2548139888113731,0.25482001431279105,True,2.6044660001061857
1108,0,0.01,0.2548139888113731,0.2548079313223266,0.25481398820967815,True,2.604604300111532
1109,0,0.01,0.2548079313223266,0.254801788935354,0.2548079307077254,True,2.6047414999920875
1110,0,0.01,0.254801788935354,0.2547956609476865,0.2548017883221978,True,2.6048801001161337
1111,0,0.01,0.2547956609476865,0.2547895471587246,0.25479566033595513,True,2.6050179000012577
1112,0,0.01,0.2547895471587246,0.25478344737230607,0.2547895465483983,True,2.6051551001146436
1113,0,0.01,0.25478344737230607,0.25477736139657914,0.2547834467633656,True,2.605289500206709
1114,0,0.01,0.25477736139657914,0.25477120757329724,0.2547773607890056,True,2.6054219000507146
1115,0,0.01,0.25477120757329724,0.2547645800372307,0.25477120690993865,True,2.6055553001351655
1116,0,0.01,0.2547645800372307,0.25475797648637466,0.2547645793762813,True,2.605687800096348
1117,0,0.01,0.25475797648637466,0.2547512861652581,0.2547579758277921,True,2.6058199000544846
1118,0,0.01,0.2547512861652581,0.2547440122911553,0.2547512854369689,True,2.6059631002135575
1119,0,0.01,0.2547440122911553,0.254736774141047,0.2547440115664559,True,2.606098100077361
1120,0,0.01,0.254736774141047,0.2547295710280885,0.2547367734198682,True,2.6062318000476807
1121,0,0.01,0.2547295710280885,0.25472240211136654,0.2547295703103631,True,2.6063653000164777
1122,0,0.01,0.25472240211136654,0.2547139669966265,0.25472240139691643,True,2.6064985000994056
1123,0,0.01,0.2547139669966265,0.2547026449113138,0.254713965861666,True,2.6066323001869023
1124,0,0.01,0.2547026449113138,0.2546914295622954,0.2547026437873037,True,2.6067661000415683
1125,0,0.01,0.2546914295622954,0.2546803158404968,0.25469142844834314,True,2.6068985001184046
1126,0,0.01,0.2546803158404968,0.25466930095861706,0.25468031473641684,True,2.60703120008111
1127,0,0.01,0.25466930095861706,0.25465838382271333,0.2546692998648507,True,2.6071651000529528
1128,0,0.01,0.25465838382271333,0.254647465499762,0.2546583827287453,True,2.6072994000278413
1129,0,0.01,0.254647465499762,0.2546366288797337,0.25464746441360064,True,2.607433400116861
1130,0,0.01,0.2546366288797337,0.25462584592759774,0.2546366278035189,True,2.607566900085658
1131,0,0.01,0.25462584592759774,0.25461471988633033,0.2546258448123512,True,2.6077003001701087
1132,0,0.01,0.25461471988633033,0.2546036484595857,0.25461471878159936,True,2.6078338001389056
1133,0,0.01,0.2546036484595857,0.2545922594411271,0.2546036473273031,True,2.607978300191462
1134,0,0.01,0.2545922594411271,0.2545806726922354,0.25459225827959636,True,2.608113800175488
1135,0,0.01,0.2545806726922354,0.25456909062712335,0.2545806715420693,True,2.608247200027108
1136,0,0.01,0.25456909062712335,0.254556910102823,0.2545690894489467,True,2.6083821000065655
1137,0,0.01,0.254556910102823,0.25454358696145074,0.2545569087668474,True,2.6085151000879705
1138,0,0.01,0.25454358696145074,0.2545304087510486,0.2545435856400443,True,2.6086485001724213
1139,0,0.01,0.2545304087510486,0.2545166366881877,0.25453040744390903,True,2.6087817000225186
1140,0,0.01,0.2545166366881877,0.2545017979456391,0.2545166352219013,True,2.6089151999913156
1141,0,0.01,0.2545017979456391,0.25448679384194217,0.2545017964435929,True,2.6090483001898974
1142,0,0.01,0.25448679384194217,0.2544714957628444,0.25448679230759885,True,2.60918080015108
1143,0,0.01,0.2544714957628444,0.25445637720727465,0.25447149424654775,True,2.609314300119877
1144,0,0.01,0.25445637720727465,0.2544413706089283,0.25445637570864976,True,2.6094481002073735
1145,0,0.01,0.2544413706089283,0.25442582320065016,0.2544413691147359,True,2.6095814001746476
1146,0,0.01,0.25442582320065016,0.2544089855337083,0.2544258215132351,True,2.6097145001403987
1147,0,0.01,0.2544089855337083,0.2543923312302979,0.2544089838631803,True,2.6098482001107186
1148,0,0.01,0.2543923312302979,0.2543758605263673,0.25439232958005453,True,2.609992700163275
1149,0,0.01,0.2543758605263673,0.2543592964185694,0.254375858892292,True,2.6101288001518697
1150,0,0.01,0.2543592964185694,0.2543425367374724,0.25435929473787844,True,2.6102628000080585
1151,0,0.01,0.2543425367374724,0.25432578828913677,0.2543425350630638,True,2.610508100129664
1152,0,0.01,0.25432578828913677,0.25430914692073353,0.2543257866207215,True,2.6106542001944035
1153,0,0.01,0.25430914692073353,0.254292572668535,0.25430914525830367,True,2.610790900187567
1154,0,0.01,0.254292572668535,0.2542760644377451,0.25429257102602126,True,2.610928000183776
1155,0,0.01,0.2542760644377451,0.2542593492018146,0.2542760627612061,True,2.6110643001738936
1156,0,0.01,0.2542593492018146,0.254242697931758,0.2542593475444055,True,2.61119950003922
1157,0,0.01,0.254242697931758,0.25422582627853985,0.2542426962395038,True,2.611334200017154
1158,0,0.01,0.25422582627853985,0.2542091561248211,0.25422582460653803,True,2.611468499992043
1159,0,0.01,0.2542091561248211,0.25419267225600595,0.2542091544726645,True,2.6116021000780165
1160,0,0.01,0.25419267225600595,0.2541763569255775,0.2541926706196663,True,2.6117374000605196
1161,0,0.01,0.2541763569255775,0.2541602148718718,0.2541763553083681,True,2.611871600151062
1162,0,0.01,0.2541602148718718,0.2541442409072338,0.2541602132698409,True,2.6120186001062393
1163,0,0.01,0.2541442409072338,0.2541284504888932,0.25414423932364877,True,2.61215650010854
1164,0,0.01,0.2541284504888932,0.2541128400116458,0.2541284489233913,True,2.6125030000694096
1165,0,0.01,0.2541128400116458,0.2540973395401227,0.2541128384638731,True,2.6126544000580907
1166,0,0.01,0.2540973395401227,0.2540819456080165,0.25409733799638823,True,2.6128162001259625
1167,0,0.01,0.2540819456080165,0.2540667236379894,0.25408194408156237,True,2.61295870016329
1168,0,0.01,0.2540667236379894,0.25405167030631226,0.2540667221284812,True,2.6130991000682116
1169,0,0.01,0.25405167030631226,0.25403678236791866,0.25405166881342356,True,2.6132386000826955
1170,0,0.01,0.25403678236791866,0.2540220566541507,0.2540367808913307,True,2.613378200214356
1171,0,0.01,0.2540220566541507,0.25400749007057855,0.25402205519355214,True,2.613518600119278
1172,0,0.01,0.25400749007057855,0.25399307959489237,0.2540074886256655,True,2.613653300097212
1173,0,0.01,0.25399307959489237,0.25397882227486457,0.2539930781653678,True,2.6137877001892775
1174,0,0.01,0.25397882227486457,0.2539647152263769,0.25397882086043844,True,2.614106000168249
1175,0,0.01,0.2539647152263769,0.2539507556315146,0.25396471382676583,True,2.614265799988061
1176,0,0.01,0.2539507556315146,0.25393694073672024,0.25395075424644153,True,2.6144105000421405
1177,0,0.01,0.25393694073672024,0.25392326785100977,0.2539369393659146,True,2.614593000151217
1178,0,0.01,0.25392326785100977,0.25390973434424463,0.25392326649420704,True,2.6147392001003027
1179,0,0.01,0.25390973434424463,0.2538963376454605,0.25390973300118624,True,2.6148790000006557
1180,0,0.01,0.2538963376454605,0.2538830752412501,0.2538963363158937,True,2.6150182001292706
1181,0,0.01,0.2538830752412501,0.2538699446741968,0.25388307392492776,True,2.6151573001407087
1182,0,0.01,0.2538699446741968,0.25385694354135935,0.2538699433708773,True,2.615296500036493
1183,0,0.01,0.25385694354135935,0.25384406949280414,0.25385694225080635,True,2.615435300162062
1184,0,0.01,0.25384406949280414,0.2538313202301842,0.25384406821478656,True,2.615573300048709
1185,0,0.01,0.2538313202301842,0.25381869350536357,0.25383131896447597,True,2.615728200180456
1186,0,0.01,0.25381869350536357,0.25380618711908404,0.2538186922517436,True,2.6158688000869006
1187,0,0.01,0.25380618711908404,0.25379379891967446,0.25380618587733594,True,2.616009100107476
1188,0,0.01,0.25379379891967446,0.25378152680180033,0.2537937976895866,True,2.616147099994123
1189,0,0.01,0.25378152680180033,0.2537693687052519,0.2537815255831655,True,2.6162851001136005
1190,0,0.01,0.2537693687052519,0.25375732261377015,0.2537693674978675,True,2.616423700004816
1191,0,0.01,0.25375732261377015,0.25374538655390905,0.25375732141743773,True,2.616561000002548
1192,0,0.01,0.25374538655390905,0.25373355859393243,0.2537453853684344,True,2.6166988001205027
1193,0,0.01,0.25373355859393243,0.2537218368427454,0.2537335574191254,True,2.616836000001058
1194,0,0.01,0.2537218368427454,0.25371021944885735,0.25372183567841994,True,2.6169739000033587
1195,0,0.01,0.25371021944885735,0.2536987045993777,0.25371021829483115,True,2.6171119001228362
1196,0,0.01,0.2536987045993777,0.25368729051904065,0.25369870345547235,True,2.6172509000170976
1197,0,0.01,0.25368729051904065,0.25367597546926035,0.25368728938508134,True,2.617387800011784
1198,0,0.01,0.25367597546926035,0.2536647577472143,0.253675974345076,True,2.6175240001175553
1199,0,0.01,0.2536647577472143,0.2536536356849537,0.25366475663263716,True,2.617671700194478
1200,0,0.01,0.2536536356849537,0.2536426076485402,0.2536536345798196,True,2.6178183001466095
1201,0,0.01,0.2536426076485402,0.2536316720372093,0.25364260655268817,True,2.6179579000454396
1202,0,0.01,0.2536316720372093,0.25362082728255686,0.2536316709504818,True,2.618096400052309
1203,0,0.01,0.25362082728255686,0.2536100718477507,0.25362082620479937,True,2.6182343000546098
1204,0,0.01,0.2536100718477507,0.25359940422676475,0.25361007077881187,True,2.6183722000569105
1205,0,0.01,0.25359940422676475,0.2535888229436355,0.2535994031664962,True,2.6185898000840098
1206,0,0.01,0.2535888229436355,0.2535783265517402,0.2535888218918919,True,2.61892840010114
1207,0,0.01,0.2535783265517402,0.2535679136330953,0.253578325508379,True,2.6190971999894828
1208,0,0.01,0.2535679136330953,0.2535575827976763,0.25356791259797684,True,2.6192552000284195
1209,0,0.01,0.2535575827976763,0.2535473326827553,0.2535575817706636,True,2.6194046000018716
1210,0,0.01,0.2535473326827553,0.25353716195225884,0.2535473316637141,True,2.6195539000909775
1211,0,0.01,0.25353716195225884,0.25352706929614327,0.25353716094105755,True,2.619700900046155
1212,0,0.01,0.25352706929614327,0.2535170534297876,0.25352706829265276,True,2.6198495000135154
1213,0,0.01,0.2535170534297876,0.2535071130934041,0.2535170524338813,True,2.6199970000889152
1214,0,0.01,0.2535071130934041,0.2534972470514641,0.25350711210495785,True,2.6201395001262426
1215,0,0.01,0.2534972470514641,0.25348745409214124,0.25349724607035606,True,2.6202826001681387
1216,0,0.01,0.25348745409214124,0.25347773302676946,0.25348745311825205,True,2.6204450000077486
1217,0,0.01,0.25347773302676946,0.2534680826893148,0.2534777320599819,True,2.620589300058782
1218,0,0.01,0.2534680826893148,0.25345850193586383,0.253468081729514,True,2.6207319002132863
1219,0,0.01,0.25345850193586383,0.25344898964412454,0.253458500982937,True,2.6208756000269204
1220,0,0.01,0.25344898964412454,0.2534395447129405,0.253448988697961,True,2.621019000187516
1221,0,0.01,0.2534395447129405,0.25343016606182006,0.25343954377343175,True,2.6211577001959085
1222,0,0.01,0.25343016606182006,0.2534208526304754,0.2534301651288595,True,2.6212954001966864
1223,0,0.01,0.2534208526304754,0.25341160337837687,0.2534208517039586,True,2.6214348000939935
1224,0,0.01,0.25341160337837687,0.2534024172843164,0.25341160245820116,True,2.6215723000932485
1225,0,0.01,0.2534024172843164,0.25339329334598465,0.2534024163703811,True,2.6217092000879347
1226,0,0.01,0.25339329334598465,0.2533842305795585,0.25339329243819086,True,2.6218465000856668
1227,0,0.01,0.2533842305795585,0.25337522801929835,0.25338422967780927,True,2.6219841002020985
1228,0,0.01,0.25337522801929835,0.253366284717158,0.2533752271234984,True,2.6221218002028763
1229,0,0.01,0.253366284717158,0.2533573997424029,0.2533662838272138,True,2.6222585001960397
1230,0,0.01,0.2533573997424029,0.2533485721812389,0.2533573988582227,True,2.6224092000629753
1231,0,0.01,0.2533485721812389,0.2533398011364508,0.25334857130273264,True,2.6226150000002235
1232,0,0.01,0.2533398011364508,0.25333108572704977,0.2533398002635299,True,2.622757100034505
1233,0,0.01,0.25333108572704977,0.25332242508792974,0.2533310848596273,True,2.622897000052035
1234,0,0.01,0.25332242508792974,0.2533138183695327,0.2533224242259204,True,2.623036100063473
1235,0,0.01,0.2533138183695327,0.25330526473752263,0.25331381751285265,True,2.6231745001859963
1236,0,0.01,0.25330526473752263,0.2532967633724664,0.2533052638860896,True,2.6233120001852512
1237,0,0.01,0.2532967633724664,0.253288313469525,0.25329676252619954,True,2.623448100173846
1238,0,0.01,0.253288313469525,0.25327991423814955,0.2532883126283449,True,2.6235806001350284
1239,0,0.01,0.25327991423814955,0.25327156490178726,0.25327991340197814,True,2.6237133000977337
1240,0,0.01,0.25327156490178726,0.2532632646975931,0.25327156407054796,True,2.623845800058916
1241,0,0.01,0.2532632646975931,0.2532550128761494,0.2532632638712106,True,2.6239788001403213
1242,0,0.01,0.2532550128761494,0.2532468087011918,0.2532550120545498,True,2.6241233001928777
1243,0,0.01,0.2532468087011918,0.2532386514493419,0.2532468078843025,True,2.6242608001921326
1244,0,0.01,0.2532386514493419,0.2532305404098464,0.2532386506370914,True,2.6244489001110196
1245,0,0.01,0.2532305404098464,0.2532224748843229,0.25323053960216463,True,2.6245884001255035
1246,0,0.01,0.2532224748843229,0.253214454186511,0.25322247408114096,True,2.6247223000973463
1247,0,0.01,0.253214454186511,0.25320647764202997,0.25321445338776105,True,2.62486040010117
1248,0,0.01,0.25320647764202997,0.25319854458814184,0.2532064768476455,True,2.624993500066921
1249,0,0.01,0.25319854458814184,0.25319065437352006,0.25319854379805745,True,2.625125000020489
1250,0,0.01,0.25319065437352006,0.253182806358024,0.25319065358767145,True,2.6252570000942796
1251,0,0.01,0.253182806358024,0.2531749999124781,0.253182805576348,True,2.6253902001772076
1252,0,0.01,0.2531749999124781,0.2531672344184563,0.2531749991349126,True,2.6255239001475275
1253,0,0.01,0.2531672344184563,0.25315950926807185,0.2531672336449402,True,2.6256570001132786
1254,0,0.01,0.25315950926807185,0.25315182386377166,0.2531595084985452,True,2.625789900077507
1255,0,0.01,0.25315182386377166,0.25314417761813557,0.2531518230981754,True,2.625923000043258
1256,0,0.01,0.25314417761813557,0.25313656995367906,0.2531441768564117,True,2.626056200126186
1257,0,0.01,0.25313656995367906,0.25312900030266294,0.25313656919577066,True,2.6262021001894027
1258,0,0.01,0.25312900030266294,0.25312146810690433,0.2531289995485139,True,2.6263358001597226
1259,0,0.01,0.25312146810690433,0.2531139728175944,0.2531214673564595,True,2.626468500122428
1260,0,0.01,0.2531139728175944,0.25310651389511835,0.25311397207079966,True,2.62660130020231
1261,0,0.01,0.25310651389511835,0.2530990908088809,0.2531065131519204,True,2.6267356001771986
1262,0,0.01,0.2530990908088809,0.2530917030371342,0.2530990900692273,True,2.6268678000196815
1263,0,0.01,0.2530917030371342,0.25308435006681096,0.2530917023009735,True,2.6270014999900013
1264,0,0.01,0.25308435006681096,0.2530770313933603,0.25308434933409246,True,2.627221900038421
1265,0,0.01,0.2530770313933603,0.25306974652058734,0.25307703066403414,True,2.627371500013396
1266,0,0.01,0.25306974652058734,0.2530624949604964,0.25306974579460456,True,2.6275100000202656
1267,0,0.01,0.2530624949604964,0.25305527623313806,0.25306249423780874,True,2.627646000124514
1268,0,0.01,0.25305527623313806,0.2530480898664585,0.2530552755136982,True,2.6277791000902653
1269,0,0.01,0.2530480898664585,0.2530409353961533,0.2530480891502198,True,2.6279140000697225
1270,0,0.01,0.2530409353961533,0.253033812365523,0.25304093468306993,True,2.628048300044611
1271,0,0.01,0.253033812365523,0.2530267203253331,0.25303381165554983,True,2.628197600133717
1272,0,0.01,0.2530267203253331,0.25301965883367605,0.25302671961842566,True,2.628333500120789
1273,0,0.01,0.25301965883367605,0.2530126274558372,0.2530196581297908,True,2.6284694001078606
1274,0,0.01,0.2530126274558372,0.25300562576416175,0.2530126267549312,True,2.628605500096455
1275,0,0.01,0.25300562576416175,0.2529986533379268,0.2530056250661927,True,2.6287395001854748
1276,0,0.01,0.2529986533379268,0.2529917097632144,0.2529986526428532,True,2.6288735000416636
1277,0,0.01,0.2529917097632144,0.2529847946327878,0.2529917090709953,True,2.6290068000089377
1278,0,0.01,0.2529847946327878,0.25297790754597027,0.25298479394338297,True,2.6291398000903428
1279,0,0.01,0.25297790754597027,0.2529710481085267,0.2529779068593402,True,2.629272600170225
1280,0,0.01,0.2529710481085267,0.2529642159325469,0.2529710474246324,True,2.629405900137499
1281,0,0.01,0.2529642159325469,0.25295741063633215,0.25296421525135004,True,2.6295379002112895
1282,0,0.01,0.25295741063633215,0.2529506318442834,0.252957409957795,True,2.629670800175518
1283,0,0.01,0.2529506318442834,0.2529438791867922,0.25295063116836886,True,2.629803700139746
1284,0,0.01,0.2529438791867922,0.25293715230013347,0.2529438785134637,True,2.6299362001009285
1285,0,0.01,0.25293715230013347,0.2529304508263612,0.2529371516293552,True,2.630068700062111
1286,0,0.01,0.2529304508263612,0.25292377441320457,0.25293045015809773,True,2.6302149000111967
1287,0,0.01,0.25292377441320457,0.2529171227139684,0.2529237737474211,True,2.630349399987608
1288,0,0.01,0.2529171227139684,0.252910495387434,0.25291712205063066,True,2.6304819001816213
1289,0,0.01,0.252910495387434,0.25290389209776243,0.2529104947265083,True,2.6306153000332415
1290,0,0.01,0.25290389209776243,0.2528973125143997,0.25290389143921554,True,2.6307483001146466
1291,0,0.01,0.2528973125143997,0.2528907563119841,0.25289731185819897,True,2.630882100202143
1292,0,0.01,0.2528907563119841,0.252884223170255,0.2528907556580974,True,2.6310164001770318
1293,0,0.01,0.252884223170255,0.2528777127739633,0.25288422251865067,True,2.6311490000225604
1294,0,0.01,0.2528777127739633,0.25287122481278457,0.2528777121246102,True,2.6312813002150506
1295,0,0.01,0.25287122481278457,0.2528647589812325,0.25287122416565194,True,2.6314146001823246
1296,0,0.01,0.2528647589812325,0.25285831497857536,0.25286475833629024,True,2.6315472000278533
1297,0,0.01,0.25285831497857536,0.25285189250875295,0.25285831433579375,True,2.6316800001077354
1298,0,0.01,0.25285189250875295,0.25284549128029615,0.2528518918681027,True,2.6318131000734866
1299,0,0.01,0.25284549128029615,0.2528391110062478,0.25284549064174844,True,2.6319453001488
1300,0,0.01,0.2528391110062478,0.2528327514040837,0.2528391103697743,True,2.6320836001541466
1301,0,0.01,0.2528327514040837,0.25282641219563773,0.25283275076965644,True,2.6322298001032323
1302,0,0.01,0.25282641219563773,0.25282009310702613,0.25282641156322927,True,2.6323664002120495
1303,0,0.01,0.25282009310702613,0.2528137938685745,0.25282009247660936,True,2.6325013001915067
1304,0,0.01,0.2528137938685745,0.25280751421474523,0.2528137932401228,True,2.6326370001770556
1305,0,0.01,0.25280751421474523,0.2528012538840675,0.25280751358823234,True,2.632769800024107
1306,0,0.01,0.2528012538840675,0.2527950126190676,0.25280125325946756,True,2.6329024001024663
1307,0,0.01,0.2527950126190676,0.25278879016620076,0.2527950119963552,True,2.633036200189963
1308,0,0.01,0.25278879016620076,0.2527825862757848,0.2527887895453508,True,2.6331691001541913
1309,0,0.01,0.2527825862757848,0.25277640070193447,0.2527825856567726,True,2.63330169999972
1310,0,0.01,0.25277640070193447,0.2527702332024968,0.2527764000847357,True,2.633434500079602
1311,0,0.01,0.2527702332024968,0.25276408353898916,0.25277023258708753,True,2.633567900164053
1312,0,0.01,0.25276408353898916,0.25275795147653585,0.2527640829253458,True,2.633701200131327
1313,0,0.01,0.25275795147653585,0.25275183678380864,0.2527579508646352,True,2.6338339000940323
1314,0,0.01,0.25275183678380864,0.25274573923296656,0.25275183617362784,True,2.6339664000552148
1315,0,0.01,0.25274573923296656,0.2527396585995974,0.2527457386244831,True,2.6340985000133514
1316,0,0.01,0.2527396585995974,0.25273359466266065,0.252739657992789,True,2.6342434000689536
1317,0,0.01,0.25273359466266065,0.2527275472044307,0.25273359405750556,True,2.6343771000392735
1318,0,0.01,0.2527275472044307,0.25272151601044146,0.25272754660090735,True,2.634511300129816
1319,0,0.01,0.25272151601044146,0.2527155008694328,0.25272151540852866,True,2.63464460009709
1320,0,0.01,0.2527155008694328,0.2527095015732962,0.25271550026910966,True,2.6347789000719786
1321,0,0.01,0.2527095015732962,0.252703517917023,0.2527095009745421,True,2.6349123001564294
1322,0,0.01,0.252703517917023,0.252697549698653,0.2527035173198177,True,2.635044700000435
1323,0,0.01,0.252697549698653,0.2526915967192237,0.25269754910297654,True,2.6351770001929253
1324,0,0.01,0.2526915967192237,0.25268565878272087,0.25269159612505643,True,2.6353908001910895
1325,0,0.01,0.25268565878272087,0.2526797356960299,0.25268565819004335,True,2.6355688001494855
1326,0,0.01,0.2526797356960299,0.2526738272688883,0.25267973510482306,True,2.6357121001929045
1327,0,0.01,0.2526738272688883,0.2526679333138381,0.25267382667913335,True,2.635915700113401
1328,0,0.01,0.2526679333138381,0.2526620536461801,0.2526679327255164,True,2.6360901000443846
1329,0,0.01,0.2526620536461801,0.252656188083929,0.25266205305927353,True,2.6362315001897514
1330,0,0.01,0.252656188083929,0.25265033644776835,0.25265618749841945,True,2.6363693000748754
1331,0,0.01,0.25265033644776835,0.2526444985610072,0.25265033586363816,True,2.63652540021576
1332,0,0.01,0.2526444985610072,0.2526386742495369,0.2526444979782388,True,2.6366622000932693
1333,0,0.01,0.2526386742495369,0.2526328633417899,0.25263867366811316,True,2.6369020000565797
1334,0,0.01,0.2526328633417899,0.25262706566869697,0.25263286276169383,True,2.637087400071323
1335,0,0.01,0.25262706566869697,0.25262128106364756,0.25262706508991184,True,2.637232600012794
1336,0,0.01,0.25262128106364756,0.2526155093624497,0.2526212804861569,True,2.637375800171867
1337,0,0.01,0.2526155093624497,0.25260975040329053,0.25261550878623723,True,2.6375167001970112
1338,0,0.01,0.25260975040329053,0.25260400402669797,0.2526097498283403,True,2.637657599989325
1339,0,0.01,0.25260400402669797,0.25259827007550273,0.25260400345299416,True,2.637796400114894
1340,0,0.01,0.25259827007550273,0.2525925483948015,0.2525982695030298,True,2.637935300124809
1341,0,0.01,0.2525925483948015,0.25258683883191985,0.2525925478235442,True,2.6381187001243234
1342,0,0.01,0.25258683883191985,0.2525811412363763,0.25258683826186296,True,2.638271300122142
1343,0,0.01,0.2525811412363763,0.252575455459848,0.25258114066750503,True,2.6385383000597358
1344,0,0.01,0.252575455459848,0.2525697813561349,0.2525754548921476,True,2.6387189000379294
1345,0,0.01,0.2525697813561349,0.2525641187811263,0.25256978078959097,True,2.638861100189388
1346,0,0.01,0.2525641187811263,0.25255846759276723,0.25256411821572455,True,2.6389990001916885
1347,0,0.01,0.25255846759276723,0.25255282765102566,0.25255846702849366,True,2.6391367001924664
1348,0,0.01,0.25255282765102566,0.25254719881786025,0.25255282708786636,True,2.6392721000593156
1349,0,0.01,0.25254719881786025,0.25254158095718815,0.2525471982558016,True,2.6394069001544267
1350,0,0.01,0.25254158095718815,0.2525359739348542,0.2525415803962166,True,2.6395410001277924
1351,0,0.01,0.2525359739348542,0.2525303776186003,0.2525359733749566,True,2.639674900099635
1352,0,0.01,0.2525303776186003,0.25252479187803484,0.2525303770597635,True,2.639810100197792
1353,0,0.01,0.25252479187803484,0.25251921658460347,0.2525247913202459,True,2.639943900052458
1354,0,0.01,0.25251921658460347,0.25251365161155975,0.2525192160278497,True,2.640079200034961
1355,0,0.01,0.25251365161155975,0.2525080968339366,0.2525136510558287,True,2.640228500124067
1356,0,0.01,0.2525080968339366,0.25250255212851824,0.2525080962792158,True,2.6403670001309365
1357,0,0.01,0.25250255212851824,0.25249701737381225,0.2525025515747955,True,2.6405028000008315
1358,0,0.01,0.25249701737381225,0.25249149245002267,0.2524970168210756,True,2.6406371002085507
1359,0,0.01,0.25249149245002267,0.2524859772390232,0.2524914918982602,True,2.6407709000632167
1360,0,0.01,0.2524859772390232,0.25248047162433085,0.2524859766882233,True,2.6409059001598507
1361,0,0.01,0.25248047162433085,0.25247497549108033,0.2524804710744819,True,2.641041100025177
1362,0,0.01,0.25247497549108033,0.25246948872599817,0.252474974942171,True,2.6411757001187652
1363,0,0.01,0.25246948872599817,0.2524640112173782,0.2524694881780173,True,2.641310000093654
1364,0,0.01,0.2524640112173782,0.2524585428550571,0.2524640106703147,True,2.6414452001918107
1365,0,0.01,0.2524585428550571,0.25245308353038953,0.2524585423089,True,2.641579900169745
1366,0,0.01,0.25245308353038953,0.2524476331362257,0.2524530829851282,True,2.6417142001446337
1367,0,0.01,0.2524476331362257,0.2524421915668864,0.2524476325918495,True,2.641847599996254
1368,0,0.01,0.2524421915668864,0.25243675871814186,0.25244219102338483,True,2.6419811001978815
1369,0,0.01,0.25243675871814186,0.25243133448718735,0.2524367581755046,True,2.642115200171247
1370,0,0.01,0.25243133448718735,0.25242591877262277,0.25243133394540423,True,2.6422629000153393
1371,0,0.01,0.25242591877262277,0.25242051147442945,0.2524259182316838,True,2.6423995001241565
1372,0,0.01,0.25242051147442945,0.25241511249394977,0.2524205109343247,True,2.6425346001051366
1373,0,0.01,0.25241511249394977,0.2524097217338652,0.2524151119546695,True,2.6426684001926333
1374,0,0.01,0.2524097217338652,0.2524043390981761,0.2524097211953997,True,2.6428018000442535
1375,0,0.01,0.2524043390981761,0.2523989644921815,0.252404338560516,True,2.6429364001378417
1376,0,0.01,0.2523989644921815,0.2523935978224584,0.2523989639553173,True,2.6430701001081616
1377,0,0.01,0.2523935978224584,0.25238823899684265,0.2523935972863809,True,2.6432042000815272
1378,0,0.01,0.25238823899684265,0.2523828879244093,0.25238823846154274,True,2.6433382001705468
1379,0,0.01,0.2523828879244093,0.25237754451545363,0.25238288738987796,True,2.64347180002369
1380,0,0.01,0.25237754451545363,0.2523722086814722,0.252377543981682,True,2.6436054001096636
1381,0,0.01,0.2523722086814722,0.25236688033514487,0.25237220814845146,True,2.644222400151193
1382,0,0.01,0.25236688033514487,0.25236155939031607,0.25236687980286643,True,2.644475200213492
1383,0,0.01,0.25236155939031607,0.25235624576197757,0.2523615588587714,True,2.6446263000834733
1384,0,0.01,0.25235624576197757,0.2523509393662504,0.25235624523115824,True,2.644772500032559
1385,0,0.01,0.2523509393662504,0.2523456401203679,0.2523509388361481,True,2.644961600191891
1386,0,0.01,0.2523456401203679,0.2523403479426587,0.25234563959097445,True,2.645108300028369
1387,0,0.01,0.2523403479426587,0.25233506275253004,0.252340347413966,True,2.6452497001737356
1388,0,0.01,0.25233506275253004,0.2523297844704512,0.2523350622245301,True,2.6453958000056446
1389,0,0.01,0.2523297844704512,0.2523245130179377,0.25232978394313615,True,2.6456562001258135
1390,0,0.01,0.2523245130179377,0.25231924831753494,0.2523245124912998,True,2.645857300143689
1391,0,0.01,0.25231924831753494,0.25231399029280294,0.25231924779156656,True,2.6459994001779705
1392,0,0.01,0.25231399029280294,0.2523087388683009,0.2523139897674964,True,2.6461813000496477
1393,0,0.01,0.2523087388683009,0.25230349396957186,0.2523087383436488,True,2.6463187001645565
1394,0,0.01,0.25230349396957186,0.2522982555231283,0.25230349344556685,True,2.6464549000374973
1395,0,0.01,0.2522982555231283,0.2522930234564367,0.25229825499976305,True,2.646618900122121
1396,0,0.01,0.2522930234564367,0.2522877976979043,0.2522930229337041,True,2.6467591000255197
1397,0,0.01,0.2522877976979043,0.2522825781768636,0.2522877971757972,True,2.6468951001297683
1398,0,0.01,0.2522825781768636,0.25227736482355967,0.252282577655375,True,2.647029200103134
1399,0,0.01,0.25227736482355967,0.2522721575691353,0.2522773643026826,True,2.6471639000810683
1400,0,0.01,0.2522721575691353,0.2522669563456188,0.252272157048863,True,2.6473142001777887
1401,0,0.01,0.2522669563456188,0.25226176108590936,0.25226695582594455,True,2.6474546000827104
1402,0,0.01,0.25226176108590936,0.2522565717237651,0.25226176056682653,True,2.6475893000606447
1403,0,0.01,0.2522565717237651,0.2522513881937896,0.2522565712052671,True,2.64772370015271
1404,0,0.01,0.2522513881937896,0.2522462104314195,0.25225138767587,True,2.6478928001597524
1405,0,0.01,0.2522462104314195,0.25224103837294676,0.2522462099140718,True,2.64808820001781
1406,0,0.01,0.25224103837294676,0.25223587195572045,0.2522410378561648,True,2.648263700073585
1407,0,0.01,0.25223587195572045,0.25223071111771544,0.25223587143949794,True,2.648400700185448
1408,0,0.01,0.25223071111771544,0.2522255557979231,0.25223071060204627,True,2.6485366001725197
1409,0,0.01,0.2522255557979231,0.2522204059372278,0.25222555528280133,True,2.6486824001185596
1410,0,0.01,0.2522204059372278,0.25221526147711837,0.2522204054226475,True,2.648819199996069
1411,0,0.01,0.25221526147711837,0.252210122359013,0.25221526096307373,True,2.6489742000121623
1412,0,0.01,0.252210122359013,0.2522049885274472,0.2522101218454983,True,2.6491152001544833
1413,0,0.01,0.2522049885274472,0.25219985993074107,0.2522049880144574,True,2.649249800015241
1414,0,0.01,0.25219985993074107,0.25219473651323876,0.25219985941827044,True,2.6493979000952095
1415,0,0.01,0.25219473651323876,0.25218961822475106,0.25219473600128234,True,2.6495348000898957
1416,0,0.01,0.25218961822475106,0.2521845050154501,0.2521896177133038,True,2.6496700001880527
1417,0,0.01,0.2521845050154501,0.252179396832815,0.2521845045045068,True,2.6498038000427186
1418,0,0.01,0.252179396832815,0.25217429363390526,0.2521793963223707,True,2.64993690000847
1419,0,0.01,0.25217429363390526,0.25216919538637095,0.25217429312395734,True,2.650071599986404
1420,0,0.01,0.25216919538637095,0.25216410204349077,0.2521691948769145,True,2.6502056000754237
1421,0,0.01,0.25216410204349077,0.25215901356544457,0.25216410153452185,True,2.6503392001613975
1422,0,0.01,0.25215901356544457,0.25215392990937746,0.25215901305695904,True,2.6504731001332402
1423,0,0.01,0.25215392990937746,0.2521488510351271,0.2521539294013706,True,2.650607499992475
1424,0,0.01,0.2521488510351271,0.2521437769337433,0.25214885052759767,True,2.6507413000799716
1425,0,0.01,0.2521437769337433,0.25213870758131274,0.25214377642668967,True,2.6508750000502914
1426,0,0.01,0.25213870758131274,0.2521336429596829,0.252138707074732,True,2.651009200140834
1427,0,0.01,0.2521336429596829,0.2521285830758788,0.2521336424535759,True,2.6511421999894083
1428,0,0.01,0.2521285830758788,0.25212352791690346,0.2521285825702453,True,2.651276000076905
1429,0,0.01,0.25212352791690346,0.25211847749094285,0.25212352741174054,True,2.651421600021422
1430,0,0.01,0.25211847749094285,0.2521134319095407,0.2521184769862631,True,2.651557100005448
1431,0,0.01,0.2521134319095407,0.2521083911849068,0.2521134314053465,True,2.651691900100559
1432,0,0.01,0.2521083911849068,0.2521033553224448,0.2521083906811991,True,2.6518275002017617
1433,0,0.01,0.2521033553224448,0.25209832430772283,0.25210335481922225,True,2.6522771001327783
1434,0,0.01,0.25209832430772283,0.2520932981336587,0.2520983238049839,True,2.652453400194645
1435,0,0.01,0.2520932981336587,0.25208827686411917,0.25209329763140814,True,2.6526321000419557
1436,0,0.01,0.25208827686411917,0.25208326052796026,0.25208827636236203,True,2.6527881000656635
1437,0,0.01,0.25208326052796026,0.25207824921064925,0.2520832600267005,True,2.6529296000953764
1438,0,0.01,0.25207824921064925,0.25207324304865153,0.25207824870990286,True,2.653071500128135
1439,0,0.01,0.25207324304865153,0.25206824210295165,0.25207324254842606,True,2.6532746001612395
1440,0,0.01,0.25206824210295165,0.2520632464637494,0.2520682416032499,True,2.653415300184861
1441,0,0.01,0.2520632464637494,0.25205825646278535,0.2520632459646067,True,2.653554200194776
1442,0,0.01,0.25205825646278535,0.25205327225187635,0.25205825596421605,True,2.6537084002047777
1443,0,0.01,0.25205327225187635,0.25204829395884204,0.2520532717538995,True,2.6538562001660466
1444,0,0.01,0.25204829395884204,0.25204332161227117,0.25204829346145574,True,2.653995200060308
1445,0,0.01,0.25204332161227117,0.2520383554355266,0.2520433211154957,True,2.654134300071746
1446,0,0.01,0.2520383554355266,0.25203339554893345,0.2520383549393812,True,2.6542749002110213
1447,0,0.01,0.25203339554893345,0.2520284420673746,0.25203339505341416,True,2.654415500117466
1448,0,0.01,0.2520284420673746,0.2520234956775278,0.25202844157255516,True,2.654554200125858
1449,0,0.01,0.2520234956775278,0.2520185564966421,0.25202349518342915,True,2.6546925001312047
1450,0,0.01,0.2520185564966421,0.2520136245909364,0.2520185560032675,True,2.6548304001335055
1451,0,0.01,0.2520136245909364,0.25200870003639686,0.25201362409829764,True,2.654969200026244
1452,0,0.01,0.25200870003639686,0.2520037828400029,0.2520086995444903,True,2.6551073000300676
1453,0,0.01,0.2520037828400029,0.2519988733585429,0.25200378234885806,True,2.655243600020185
1454,0,0.01,0.2519988733585429,0.25199397173227167,0.2519988728681838,True,2.6553821000270545
1455,0,0.01,0.25199397173227167,0.25198907820676186,0.25199397124270717,True,2.6555192000232637
1456,0,0.01,0.25198907820676186,0.2519841933278658,0.25198907771805573,True,2.6556562001351267
1457,0,0.01,0.2519841933278658,0.2519793171803006,0.25198419284003143,True,2.6558081000111997
1458,0,0.01,0.2519793171803006,0.2519744506255486,0.25197931669337886,True,2.6559477001428604
1459,0,0.01,0.2519744506255486,0.2519695946905587,0.25197445013969033,True,2.6560867000371218
1460,0,0.01,0.2519695946905587,0.2519647493146372,0.2519695942057579,True,2.6562250000424683
1461,0,0.01,0.2519647493146372,0.2519599144377167,0.25196474883088776,True,2.656362800160423
1462,0,0.01,0.2519599144377167,0.25195509000034744,0.2519599139550127,True,2.6565014000516385
1463,0,0.01,0.25195509000034744,0.2519502759436898,0.251955089518683,True,2.656635400140658
1464,0,0.01,0.2519502759436898,0.25194547220950525,0.25195027546305904,True,2.656769100110978
1465,0,0.01,0.25194547220950525,0.25194067874014964,0.2519454717299024,True,2.656904400093481
1466,0,0.01,0.25194067874014964,0.25193589547856443,0.251940678261569,True,2.657037800177932
1467,0,0.01,0.25193589547856443,0.25193112236826926,0.25193589500100033,True,2.657171400031075
1468,0,0.01,0.25193112236826926,0.25192635935335467,0.25193112189171607,True,2.6573048001155257
1469,0,0.01,0.25192635935335467,0.2519216063784745,0.25192635887780684,True,2.6574407999869436
1470,0,0.01,0.2519216063784745,0.25191686338883823,0.2519216059039266,True,2.65757490019314
1471,0,0.01,0.25191686338883823,0.2519121303302042,0.25191686291528476,True,2.657714200206101
1472,0,0.01,0.2519121303302042,0.2519074071488724,0.25191212985763983,True,2.657853400101885
1473,0,0.01,0.2519074071488724,0.2519026937916773,0.2519074066772917,True,2.6579878001939505
1474,0,0.01,0.2519026937916773,0.2518979902059807,0.25190269332107507,True,2.658120800042525
1475,0,0.01,0.2518979902059807,0.2518932963396657,0.25189798973635175,True,2.6582542001269758
1476,0,0.01,0.2518932963396657,0.25188861214112923,0.2518932958710048,True,2.6583867000881582
1477,0,0.01,0.25188861214112923,0.25188393755927607,0.2518886116734313,True,2.658520600060001
1478,0,0.01,0.25188393755927607,0.25187927254351156,0.251883937092536,True,2.65865630004555
1479,0,0.01,0.25187927254351156,0.251874617043736,0.2518792720777243,True,2.6587919001467526
1480,0,0.01,0.251874617043736,0.25186997101033776,0.2518746165788966,True,2.6589257000014186
1481,0,0.01,0.25186997101033776,0.2518653343941877,0.25186997054644134,True,2.6590590002015233
1482,0,0.01,0.2518653343941877,0.2518607071466322,0.25186533393122934,True,2.659191500162706
1483,0,0.01,0.2518607071466322,0.2518560892194878,0.2518607066846071,True,2.659324200125411
1484,0,0.01,0.2518560892194878,0.2518514805650349,0.25185608875839116,True,2.6594582002144307
1485,0,0.01,0.2518514805650349,0.25184688113601206,0.25185148010486197,True,2.6595920000690967
1486,0,0.01,0.25184688113601206,0.25184229088561005,0.25184688067675814,True,2.659732900094241
1487,0,0.01,0.25184229088561005,0.25183770976746644,0.2518422904272705,True,2.6598709002137184
1488,0,0.01,0.25183770976746644,0.25183313773565963,0.2518377093100367,True,2.6600061000790447
1489,0,0.01,0.25183313773565963,0.25182857474470366,0.2518331372791351,True,2.660140300169587
1490,0,0.01,0.25182857474470366,0.25182402074954247,0.2518285742890798,True,2.6602769000455737
1491,0,0.01,0.25182402074954247,0.25181947570554475,0.2518240202948148,True,2.66041380004026
1492,0,0.01,0.25181947570554475,0.25181493956849865,0.25181947525170895,True,2.6606873001437634
1493,0,0.01,0.25181493956849865,0.2518104122946061,0.25181493911555025,True,2.660882400115952
1494,0,0.01,0.2518104122946061,0.25180589384047847,0.2518104118425407,True,2.6610246000345796
1495,0,0.01,0.25180589384047847,0.25180138416313075,0.2518058933892919,True,2.6611618001479656
1496,0,0.01,0.25180138416313075,0.25179688321997695,0.2518013837128186,True,2.6612975001335144
1497,0,0.01,0.25179688321997695,0.2517923909688251,0.2517968827705351,True,2.661432000109926
1498,0,0.01,0.2517923909688251,0.25178790736787254,0.25179239052024927,True,2.661566900089383
1499,0,0.01,0.25178790736787254,0.2517834323757006,0.2517879069201586,True,2.6617013001814485
1500,0,0.01,0.2517834323757006,0.2517789659512704,0.2517834319288445,True,2.6618407000787556
1501,0,0.01,0.2517789659512704,0.2517745080539182,0.251778965505268,True,2.6619748000521213
1502,0,0.01,0.2517745080539182,0.25177005864335045,0.2517745076087655,True,2.6621079000178725
1503,0,0.01,0.25177005864335045,0.25176561767963956,0.2517700581990434,True,2.6623424000572413
1504,0,0.01,0.25176561767963956,0.2517611851232193,0.25176561723617424,True,2.6624859001021832
1505,0,0.01,0.2517611851232193,0.25175676093488036,0.2517611846805918,True,2.6626232999842614
1506,0,0.01,0.25175676093488036,0.2517523450757664,0.2517567604930867,True,2.662758800201118
1507,0,0.01,0.2517523450757664,0.25174793750736907,0.2517523446348028,True,2.662894600071013
1508,0,0.01,0.25174793750736907,0.25174353819152445,0.25174793706723164,True,2.6630306001752615
1509,0,0.01,0.25174353819152445,0.25173914709040857,0.2517435377522094,True,2.663165000034496
1510,0,0.01,0.25173914709040857,0.2517347641665334,0.2517391466519122,True,2.663298400118947
1511,0,0.01,0.2517347641665334,0.2517303893827426,0.251734763728852,True,2.663431800203398
1512,0,0.01,0.2517303893827426,0.2517260227022081,0.25173038894587246,True,2.6635664000641555
1513,0,0.01,0.2517260227022081,0.25172166408842545,0.25172602226614554,True,2.6637003000359982
1514,0,0.01,0.25172166408842545,0.2517173135052103,0.25172166365316684,True,2.6638331001158804
1515,0,0.01,0.2517173135052103,0.25171297091669476,0.25171731307075207,True,2.6639769000466913
1516,0,0.01,0.25171297091669476,0.2517086362873232,0.25171297048303326,True,2.664116700179875
1517,0,0.01,0.2517086362873232,0.25170430958184864,0.251708635854455,True,2.6642509000375867
1518,0,0.01,0.25170430958184864,0.25169999076532973,0.2517043091497702,True,2.6643847001250833
1519,0,0.01,0.25169999076532973,0.2516956798031259,0.25169999033403756,True,2.664518600096926
1520,0,0.01,0.2516956798031259,0.2516913766608949,0.2516956793726166,True,2.6646534001920372
1521,0,0.01,0.2516913766608949,0.2516870813045887,0.25169137623116505,True,2.664786900160834
1522,0,0.01,0.2516870813045887,0.25168279370045044,0.2516870808756349,True,2.6649207000155
1523,0,0.01,0.25168279370045044,0.25167851381501016,0.25168279327226933,True,2.665053900098428
1524,0,0.01,0.25167851381501016,0.25167424161508256,0.25167851338759845,True,2.6651867001783103
1525,0,0.01,0.25167424161508256,0.25166997706776295,0.25167424118843695,True,2.665319300023839
1526,0,0.01,0.25166997706776295,0.25166572014042377,0.2516699766418801,True,2.6654529999941587
1527,0,0.01,0.25166572014042377,0.2516614708007122,0.2516657197153005,True,2.6655843001790345
1528,0,0.01,0.2516614708007122,0.2516572290165461,0.25166147037634534,True,2.66571670002304
1529,0,0.01,0.2516572290165461,0.25165299475611147,0.2516572285929323,True,2.6658495001029223
1530,0,0.01,0.25165299475611147,0.25164876798785873,0.2516529943332477,True,2.6659925000276417
1531,0,0.01,0.25164876798785873,0.25164454868050035,0.2516487675657419,True,2.666129400022328
1532,0,0.01,0.25164454868050035,0.251640336803007,0.25164454825912724,True,2.666264400118962
1533,0,0.01,0.251640336803007,0.25163613232460547,0.2516403363823746,True,2.6663982002064586
1534,0,0.01,0.25163613232460547,0.25163193521477495,0.2516361319047107,True,2.6665317001752555
1535,0,0.01,0.25163193521477495,0.25162774544324473,0.25163193479561474,True,2.6666656001470983
1536,0,0.01,0.25162774544324473,0.2516235629799905,0.25162774502481605,True,2.66679980000481
1537,0,0.01,0.2516235629799905,0.2516193877952327,0.25162356256229046,True,2.6669358999934047
1538,0,0.01,0.2516193877952327,0.25161521985943247,0.25161938737825823,True,2.6670708002056926
1539,0,0.01,0.25161521985943247,0.2516110591432899,0.2516152194431807,True,2.6672049001790583
1540,0,0.01,0.2516110591432899,0.2516069056177407,0.25161105872775796,True,2.6673380001448095
1541,0,0.01,0.2516069056177407,0.25160275925395376,0.2516069052029256,True,2.6674713999964297
1542,0,0.01,0.25160275925395376,0.2515986200233282,0.2516027588398527,True,2.6676052000839263
1543,0,0.01,0.2515986200233282,0.2515944878974914,0.2515986196099384,True,2.6677381000481546
1544,0,0.01,0.2515944878974914,0.25159036284829583,0.2515944874848099,True,2.6678732000291348
1545,0,0.01,0.25159036284829583,0.25158624484781644,0.25159036243631994,True,2.6680164001882076
1546,0,0.01,0.25158624484781644,0.25158213386834877,0.2515862444365433,True,2.668153100181371
1547,0,0.01,0.25158213386834877,0.25157802988240585,0.2515821334577757,True,2.6682876001577824
1548,0,0.01,0.25157802988240585,0.25157393286271623,0.25157802947253005,True,2.6684214000124484
1549,0,0.01,0.25157393286271623,0.25156984278222083,0.25157393245353504,True,2.668555299984291
1550,0,0.01,0.25156984278222083,0.2515657596140717,0.25156984237373153,True,2.668755100108683
1551,0,0.01,0.2515657596140717,0.25156168333162826,0.2515657592062716,True,2.668947300175205
1552,0,0.01,0.25156168333162826,0.25155761390845655,0.2515616829245148,True,2.6690933001227677
1553,0,0.01,0.25155761390845655,0.2515535513183254,0.25155761350202704,True,2.669230000115931
1554,0,0.01,0.2515535513183254,0.2515494955352052,0.25155355091257725,True,2.6693663001060486
1555,0,0.01,0.2515494955352052,0.2515454465332655,0.2515494951301358,True,2.6695004000794142
1556,0,0.01,0.2515454465332655,0.2515414042868723,0.2515454461288723,True,2.669634300051257
1557,0,0.01,0.2515414042868723,0.2515373687705864,0.25154140388315277,True,2.6697681001387537
1558,0,0.01,0.2515373687705864,0.25153333995916105,0.251537368367538,True,2.6699016999918967
1559,0,0.01,0.25153333995916105,0.2515293178275399,0.2515333395567812,True,2.670048400061205
1560,0,0.01,0.2515293178275399,0.25152530235085474,0.2515293174258262,True,2.670185700058937
1561,0,0.01,0.25152530235085474,0.2515212935044238,0.25152530194980466,True,2.670321200042963
1562,0,0.01,0.2515212935044238,0.2515172912637492,0.2515212931040349,True,2.6704561000224203
1563,0,0.01,0.2515172912637492,0.2515132956045152,0.2515172908640191,True,2.6705895999912173
1564,0,0.01,0.2515132956045152,0.25150930650258635,0.25151329520544136,True,2.670722800074145
1565,0,0.01,0.25150930650258635,0.25150532393400554,0.25150930610416644,True,2.6708558001555502
1566,0,0.01,0.25150532393400554,0.25150134787499157,0.2515053235362372,True,2.6709903001319617
1567,0,0.01,0.25150134787499157,0.25149737830193764,0.2515013474778724,True,2.6711242999881506
1568,0,0.01,0.25149737830193764,0.25149341519140955,0.25149737790546534,True,2.67125690006651
1569,0,0.01,0.25149341519140955,0.25148945852014387,0.25149341479558174,True,2.6713928000535816
1570,0,0.01,0.25148945852014387,0.25148550826504545,0.25148945812495827,True,2.671525500016287
1571,0,0.01,0.25148550826504545,0.25148156440318625,0.2514855078704997,True,2.671658500097692
1572,0,0.01,0.25148156440318625,0.2514776269118037,0.2514815640092781,True,2.6717921001836658
1573,0,0.01,0.2514776269118037,0.25147369576829814,0.25147762651853095,True,2.6719260001555085
1574,0,0.01,0.25147369576829814,0.2514697709502318,0.2514736953756585,True,2.6720715002156794
1575,0,0.01,0.2514697709502318,0.25146585243532676,0.251469770558223,True,2.6722075000870973
1576,0,0.01,0.25146585243532676,0.2514619402014631,0.2514658520439466,True,2.672341200057417
1577,0,0.01,0.2514619402014631,0.2514580342266777,0.25146193981070947,True,2.6724756001494825
1578,0,0.01,0.2514580342266777,0.25145413448916215,0.25145803383654824,True,2.6726094000041485
1579,0,0.01,0.25145413448916215,0.2514502409672613,0.25145413409965484,True,2.672743500210345
1580,0,0.01,0.2514502409672613,0.2514463536394713,0.25145024057837395,True,2.672876900061965
1581,0,0.01,0.2514463536394713,0.25144247248443874,0.2514463532512018,True,2.6730113001540303
1582,0,0.01,0.25144247248443874,0.2514385974809584,0.2514424720967849,True,2.6731451000086963
1583,0,0.01,0.2514385974809584,0.2514347286079719,0.25143859709391814,True,2.6732799999881536
1584,0,0.01,0.2514347286079719,0.2514308658445662,0.25143472822154306,True,2.673420700011775
1585,0,0.01,0.2514308658445662,0.25142700916997185,0.25143086545874677,True,2.6735553999897093
1586,0,0.01,0.25142700916997185,0.25142315856356207,0.25142700878475976,True,2.67368880007416
1587,0,0.01,0.25142315856356207,0.2514193140048505,0.2514231581789553,True,2.673822400160134
1588,0,0.01,0.2514193140048505,0.2514154754734904,0.25141931362084696,True,2.6739561001304537
1589,0,0.01,0.2514154754734904,0.2514116429492729,0.25141547509008805,True,2.6741022001951933
1590,0,0.01,0.2514116429492729,0.2514078164121253,0.25141164256646975,True,2.6742372000589967
1591,0,0.01,0.2514078164121253,0.25140399584211026,0.25140781602991935,True,2.6743713000323623
1592,0,0.01,0.25140399584211026,0.251400181219424,0.2514039954604996,True,2.674505300121382
1593,0,0.01,0.251400181219424,0.25139637252439495,0.25140018083840654,True,2.674639700213447
1594,0,0.01,0.25139637252439495,0.2513925697374827,0.2513963721439688,True,2.6747733000665903
1595,0,0.01,0.2513925697374827,0.25138877283927596,0.2513925693576459,True,2.6749088000506163
1596,0,0.01,0.25138877283927596,0.25138498181049235,0.2513887724600266,True,2.675044600153342
1597,0,0.01,0.25138498181049235,0.2513811966319759,0.25138498143182847,True,2.675178200006485
1598,0,0.01,0.2513811966319759,0.2513774172846963,0.2513811962538956,True,2.6753120000939816
1599,0,0.01,0.2513774172846963,0.251373643749748,0.2513774169071977,True,2.6754457000643015
1600,0,0.01,0.251373643749748,0.2513698760083485,0.2513736433728293,True,2.6755851001944393
1601,0,0.01,0.2513698760083485,0.2513661140418366,0.2513698756320077,True,2.6757187000475824
1602,0,0.01,0.2513661140418366,0.25136235783167243,0.2513661136660719,True,2.675851200008765
1603,0,0.01,0.25136235783167243,0.2513586073594353,0.251362357456482,True,2.675991900032386
1604,0,0.01,0.2513586073594353,0.2513548626068226,0.2513586069848173,True,2.676131300162524
1605,0,0.01,0.2513548626068226,0.2513511235556489,0.2513548622327752,True,2.6762658001389354
1606,0,0.01,0.2513511235556489,0.25134739018784463,0.2513511231821703,True,2.676399700110778
1607,0,0.01,0.25134739018784463,0.2513436624854549,0.251347389814933,True,2.6765328000765294
1608,0,0.01,0.2513436624854549,0.25133994043063834,0.2513436621131085,True,2.6766661000438035
1609,0,0.01,0.25133994043063834,0.25133622400566613,0.25133994005885535,True,2.6767995001282543
1610,0,0.01,0.25133622400566613,0.25133251319292055,0.2513362236344448,True,2.6769319002050906
1611,0,0.01,0.25133251319292055,0.25132880797489443,0.2513325128222591,True,2.677109100157395
1612,0,0.01,0.25132880797489443,0.2513251083341894,0.25132880760479115,True,2.6772470001596957
1613,0,0.01,0.2513251083341894,0.25132141425351523,0.2513251079646426,True,2.677382300142199
1614,0,0.01,0.25132141425351523,0.2513177257156889,0.2513214138845231,True,2.6776656000874937
1615,0,0.01,0.2513177257156889,0.2513140427036329,0.2513177253472498,True,2.6778399001341313
1616,0,0.01,0.2513140427036329,0.2513103652003751,0.25131404233574506,True,2.6779813000466675
1617,0,0.01,0.2513103652003751,0.25130669318904686,0.25131036483303687,True,2.6781182000413537
1618,0,0.01,0.25130669318904686,0.2513030266528826,0.2513066928222566,True,2.6782539000269026
1619,0,0.01,0.2513030266528826,0.2512993655752186,0.2513030262866386,True,2.678388200001791
1620,0,0.01,0.2512993655752186,0.25129570993949185,0.2512993652095192,True,2.678523600101471
1621,0,0.01,0.25129570993949185,0.25129205972923957,0.2512957095743354,True,2.678656900068745
1622,0,0.01,0.25129205972923957,0.25128841492809745,0.25129205936462445,True,2.6787914000451565
1623,0,0.01,0.25128841492809745,0.2512847755197995,0.251288414564022,True,2.6789266001433134
1624,0,0.01,0.2512847755197995,0.2512811414881767,0.25128477515626213,True,2.6790626000147313
1625,0,0.01,0.2512811414881767,0.25127751281715605,0.2512811411251758,True,2.6792178000323474
1626,0,0.01,0.25127751281715605,0.2512738894907599,0.25127751245469,True,2.6793569000437856
1627,0,0.01,0.2512738894907599,0.2512702714931046,0.25127388912882714,True,2.679493500152603
1628,0,0.01,0.2512702714931046,0.2512666588084,0.2512702711317035,True,2.6796274001244456
1629,0,0.01,0.2512666588084,0.25126305142094874,0.251266658447529,True,2.679761400213465
1630,0,0.01,0.25126305142094874,0.25125944931514466,0.2512630510606063,True,2.6798961001913995
1631,0,0.01,0.25125944931514466,0.2512558524754724,0.25125944895532926,True,2.6800298001617193
1632,0,0.01,0.2512558524754724,0.2512522608865067,0.2512558521161824,True,2.6801631001289934
1633,0,0.01,0.2512522608865067,0.25124867453291133,0.25125226052774063,True,2.6802963002119213
1634,0,0.01,0.25124867453291133,0.25124509339943785,0.2512486741746677,True,2.6804303000681102
1635,0,0.01,0.25124509339943785,0.25124151747092593,0.25124509304171505,True,2.6805632000323385
1636,0,0.01,0.25124151747092593,0.25123794673230115,0.2512415171137225,True,2.6806969000026584
1637,0,0.01,0.25123794673230115,0.251234381168575,0.2512379463756156,True,2.6808299000840634
1638,0,0.01,0.251234381168575,0.25123082076484415,0.2512343808124058,True,2.6809632000513375
1639,0,0.01,0.25123082076484415,0.2512272655062894,0.25123082040918987,True,2.6810966001357883
1640,0,0.01,0.2512272655062894,0.25122371537817456,0.2512272651511485,True,2.6814378001727164
1641,0,0.01,0.25122371537817456,0.2512201703658467,0.2512237150235456,True,2.681588900042698
1642,0,0.01,0.2512201703658467,0.2512166304547341,0.25122017001172825,True,2.6817362001165748
1643,0,0.01,0.2512166304547341,0.2512130956303466,0.25121663010112466,True,2.681876700138673
1644,0,0.01,0.2512130956303466,0.25120956587827414,0.2512130952772448,True,2.682016000151634
1645,0,0.01,0.25120956587827414,0.25120604118418643,0.25120956552567847,True,2.6821550000458956
1646,0,0.01,0.25120604118418643,0.25120252153383205,0.25120604083209547,True,2.682293300051242
1647,0,0.01,0.25120252153383205,0.2511990069130378,0.2512025211822444,True,2.6824316000565886
1648,0,0.01,0.2511990069130378,0.25119549730770774,0.2511990065619521,True,2.6825688001699746
1649,0,0.01,0.25119549730770774,0.2511919927038231,0.2511954969571225,True,2.682705800049007
1650,0,0.01,0.2511919927038231,0.25118849308744073,0.25119199235373696,True,2.6828436001669616
1651,0,0.01,0.25118849308744073,0.2511849984446932,0.2511884927378523,True,2.683073400054127
1652,0,0.01,0.2511849984446932,0.2511815087617878,0.25118499809560113,True,2.6832168002147228
1653,0,0.01,0.2511815087617878,0.25117802402500555,0.25118150841319065,True,2.683358000125736
1654,0,0.01,0.25117802402500555,0.25117454422070107,0.251178023676902,True,2.6834968000184745
1655,0,0.01,0.25117454422070107,0.2511710693353018,0.25117454387308974,True,2.6836352001409978
1656,0,0.01,0.2511710693353018,0.2511675993553071,0.25117106898818137,True,2.683775700163096
1657,0,0.01,0.2511675993553071,0.2511641342672878,0.25116759900867613,True,2.68391380016692
1658,0,0.01,0.2511641342672878,0.25116067405788556,0.25116413392114506,True,2.6840515001676977
1659,0,0.01,0.25116067405788556,0.2511572187138123,0.25116067371222967,True,2.6841879000421613
1660,0,0.01,0.2511572187138123,0.2511537682218493,0.25115721836864197,True,2.6843225001357496
1661,0,0.01,0.2511537682218493,0.25115032256884706,0.2511537678771632,True,2.6844556001015007
1662,0,0.01,0.25115032256884706,0.2511468817417241,0.2511503222246439,True,2.6845892001874745
1663,0,0.01,0.2511468817417241,0.251143445727467,0.2511468813980025,True,2.684721700148657
1664,0,0.01,0.251143445727467,0.25114001451312934,0.2511434453842257,True,2.6848556001204997
1665,0,0.01,0.25114001451312934,0.2511365880858313,0.2511400141703671,True,2.685004600090906
1666,0,0.01,0.2511365880858313,0.251133166432759,0.2511365877435468,True,2.6851391000673175
1667,0,0.01,0.251133166432759,0.25112974954116424,0.251133166090951,True,2.685362400021404
1668,0,0.01,0.25112974954116424,0.2511263373983633,0.2511297491998314,True,2.685759900137782
1669,0,0.01,0.2511263373983633,0.2511229299917371,0.2511263370575044,True,2.685915500158444
1670,0,0.01,0.2511229299917371,0.25111952730873,0.25112292965135086,True,2.686057700077072
1671,0,0.01,0.25111952730873,0.25111612933685,0.2511195269688152,True,2.6861937001813203
1672,0,0.01,0.25111612933685,0.25111273606366724,0.2511161289974054,True,2.6863282001577318
1673,0,0.01,0.25111273606366724,0.25110934747681446,0.25111273572469156,True,2.6864621001295745
1674,0,0.01,0.25110934747681446,0.2511059635639856,0.25110934713830646,True,2.6865953002125025
1675,0,0.01,0.2511059635639856,0.2511025843129362,0.25110596322594414,True,2.6867295000702143
1676,0,0.01,0.2511025843129362,0.2510992097114817,0.25110258397535995,True,2.6868640000466257
1677,0,0.01,0.2510992097114817,0.2510958397474982,0.2510992093743695,True,2.686996800126508
1678,0,0.01,0.2510958397474982,0.2510924744089211,0.2510958394108489,True,2.6871306002140045
1679,0,0.01,0.2510924744089211,0.2510891136837447,0.2510924740727334,True,2.687410800019279
1680,0,0.01,0.2510891136837447,0.2510857575600221,0.2510891133480174,True,2.687667699996382
1681,0,0.01,0.2510857575600221,0.2510824060258645,0.2510857572247541,True,2.687834700103849
1682,0,0.01,0.2510824060258645,0.2510790590694404,0.25108240569105456,True,2.6879754001274705
1683,0,0.01,0.2510790590694404,0.2510757166789757,0.25107905873508735,True,2.6881143001373857
1684,0,0.01,0.2510757166789757,0.25107237884275285,0.25107571634507836,True,2.6882541000377387
1685,0,0.01,0.25107237884275285,0.2510690455491104,0.2510723785093101,True,2.6883957001846284
1686,0,0.01,0.2510690455491104,0.2510657167864426,0.251069045216121,True,2.688540100120008
1687,0,0.01,0.2510657167864426,0.2510623925431993,0.25106571645390546,True,2.688699300168082
1688,0,0.01,0.2510623925431993,0.25105907280788453,0.2510623922111132,True,2.6888480000197887
1689,0,0.01,0.25105907280788453,0.2510557575690573,0.25105907247624837,True,2.688996799988672
1690,0,0.01,0.2510557575690573,0.25105244681533,0.25105575723786994,True,2.6891484002117068
1691,0,0.01,0.25105244681533,0.251049140535369,0.2510524464845903,True,2.689301600214094
1692,0,0.01,0.251049140535369,0.2510458387178932,0.2510491402050758,True,2.6894543000962585
1693,0,0.01,0.2510458387178932,0.2510425413516746,0.25104583838804545,True,2.68962090020068
1694,0,0.01,0.2510425413516746,0.25103924842553693,0.25104254102227114,True,2.689782700035721
1695,0,0.01,0.25103924842553693,0.2510359599283561,0.25103924809657663,True,2.689942700089887
1696,0,0.01,0.2510359599283561,0.25103267584905925,0.2510359595998379,True,2.690107500180602
1697,0,0.01,0.25103267584905925,0.25102939617662434,0.25103267552098196,True,2.690271900035441
1698,0,0.01,0.25102939617662434,0.2510261209000799,0.2510293958489869,True,2.690441800048575
1699,0,0.01,0.2510261209000799,0.25102285000850477,0.25102612057288126,True,2.6906203001271933
1700,0,0.01,0.25102285000850477,0.25101958349102743,0.2510228496817438,True,2.6908019999973476
1701,0,0.01,0.25101958349102743,0.2510163213368256,0.2510195831647031,True,2.6909753000363708
1702,0,0.01,0.2510163213368256,0.2510130635351263,0.25101632101093674,True,2.69115490000695
1703,0,0.01,0.2510130635351263,0.2510098100752048,0.2510130632096719,True,2.6913360999897122
1704,0,0.01,0.2510098100752048,0.2510065609463846,0.2510098097501838,True,2.6915215000044554
1705,0,0.01,0.2510065609463846,0.2510033161380372,0.25100656062179594,True,2.691720300121233
1706,0,0.01,0.2510033161380372,0.2510000756395815,0.25100331581387975,True,2.691908000037074
1707,0,0.01,0.2510000756395815,0.25099683944048345,0.2510000753158542,True,2.692102000117302
1708,0,0.01,0.25099683944048345,0.2509936075302557,0.25099683911718534,True,2.6922991001047194
1709,0,0.01,0.2509936075302557,0.25099037989845724,0.25099360720738567,True,2.6924974999856204
1710,0,0.01,0.25099037989845724,0.2509871565346933,0.2509903795760143,True,2.692718000151217
1711,0,0.01,0.2509871565346933,0.25098393742861425,0.25098715621267637,True,2.6929228000808507
1712,0,0.01,0.25098393742861425,0.25098072256991644,0.2509839371070223,True,2.693128200015053
1713,0,0.01,0.25098072256991644,0.2509775119483407,0.25098072224874846,True,2.6933401999995112
1714,0,0.01,0.2509775119483407,0.2509743055536726,0.25097751162759574,True,2.6936163001228124
1715,0,0.01,0.2509743055536726,0.250971103375742,0.2509743052333495,True,2.6940527001861483
1716,0,0.01,0.250971103375742,0.2509679054044228,0.25097110305583986,True,2.6942916000261903
1717,0,0.01,0.2509679054044228,0.2509647116296323,0.25096790508494055,True,2.694617400178686
1718,0,0.01,0.2509647116296323,0.2509615220413312,0.2509647113105689,True,2.694980900036171
1719,0,0.01,0.2509615220413312,0.2509583366295232,0.25096152172268577,True,2.695208900142461
1720,0,0.01,0.2509583366295232,0.2509551553842548,0.25095833631129466,True,2.695427300175652
1721,0,0.01,0.2509551553842548,0.25095197829561433,0.2509551550664421,True,2.6956437001936138
1722,0,0.01,0.25095197829561433,0.25094880535373265,0.2509519779782166,True,2.6958605002146214
1723,0,0.01,0.25094880535373265,0.2509456365487819,0.2509488050367489,True,2.6960743002127856
1724,0,0.01,0.2509456365487819,0.250942471870976,0.25094563623221106,True,2.6965010000858456
1725,0,0.01,0.250942471870976,0.25093931131056973,0.25094247155481714,True,2.69675250002183
1726,0,0.01,0.25093931131056973,0.2509361548578586,0.2509393109948219,True,2.6970387999899685
1727,0,0.01,0.2509361548578586,0.2509330025031789,0.2509361545425208,True,2.697261600056663
1728,0,0.01,0.2509330025031789,0.2509298542369066,0.2509330021882502,True,2.6974769001826644
1729,0,0.01,0.2509298542369066,0.2509267100494582,0.25092985392238604,True,2.6976932000834495
1730,0,0.01,0.2509267100494582,0.25092356993128945,0.2509267097353448,True,2.697906300192699
1731,0,0.01,0.25092356993128945,0.25092043387289514,0.2509235696175822,True,2.698156400118023
1732,0,0.01,0.25092043387289514,0.25091730186480976,0.2509204335595932,True,2.698385399999097
1733,0,0.01,0.25091730186480976,0.2509141738976061,0.25091730155191216,True,2.6986060000490397
1734,0,0.01,0.2509141738976061,0.25091104996189556,0.25091417358511187,True,2.6988224000670016
1735,0,0.01,0.25091104996189556,0.2509079300483278,0.25091104964980376,True,2.6990383001975715
1736,0,0.01,0.2509079300483278,0.25090481414759025,0.2509079297366375,True,2.699253600090742
1737,0,0.01,0.25090481414759025,0.25090170225040825,0.2509048138363006,True,2.699473600136116
1738,0,0.01,0.25090170225040825,0.2508985943475441,0.2509017019395182,True,2.6996792000718415
1739,0,0.01,0.2508985943475441,0.250895490429798,0.2508985940370528,True,2.699884800007567
1740,0,0.01,0.250895490429798,0.25089239048800605,0.2508954901197045,True,2.7001069001853466
1741,0,0.01,0.25089239048800605,0.2508892945130418,0.2508923901783095,True,2.7003132000099868
1742,0,0.01,0.2508892945130418,0.2508862024958147,0.2508892942037413,True,2.7005156001541764
1743,0,0.01,0.2508862024958147,0.2508831144272705,0.25088620218690927,True,2.700711900135502
1744,0,0.01,0.2508831144272705,0.2508800302983907,0.25088311411875924,True,2.700922900112346
1745,0,0.01,0.2508800302983907,0.2508769501001925,0.2508800299902727,True,2.701120200101286
1746,0,0.01,0.2508769501001925,0.2508738738237282,0.25087694979246694,True,2.701314900070429
1747,0,0.01,0.2508738738237282,0.25087080146008567,0.2508738735163942,True,2.7015060000121593
1748,0,0.01,0.25087080146008567,0.2508677330003873,0.2508708011531422,True,2.7016912000253797
1749,0,0.01,0.2508677330003873,0.25086466843579003,0.25086773269383356,True,2.701979300007224
1750,0,0.01,0.25086466843579003,0.25086160775748567,0.25086466812962516,True,2.702498900005594
1751,0,0.01,0.25086160775748567,0.25085855095669973,0.25086160745170877,True,2.7027116999961436
1752,0,0.01,0.25085855095669973,0.25085549802469187,0.2508585506513099,True,2.7028974001295865
1753,0,0.01,0.25085549802469187,0.2508524489527555,0.2508554977196883,True,2.7030793000012636
1754,0,0.01,0.2508524489527555,0.25084940373221726,0.25085244864813727,True,2.703260000096634
1755,0,0.01,0.25084940373221726,0.2508463623544373,0.2508494034279835,True,2.7034391001798213
1756,0,0.01,0.2508463623544373,0.2508433248108086,0.2508463620505872,True,2.703620200045407
1757,0,0.01,0.2508433248108086,0.2508402910927572,0.2508433245073413,True,2.703799100127071
1758,0,0.01,0.2508402910927572,0.2508372611917414,0.2508402907896718,True,2.7040961000602692
1759,0,0.01,0.2508372611917414,0.250834235099252,0.250837260889037,True,2.7042978000827134
1760,0,0.01,0.250834235099252,0.25083121280681225,0.2508342347969279,True,2.7045091001782566
1761,0,0.01,0.25083121280681225,0.25082819430597697,0.2508312125048675,True,2.7047038001473993
1762,0,0.01,0.25082819430597697,0.2508251795883328,0.25082819400441075,True,2.70490700006485
1763,0,0.01,0.2508251795883328,0.25082216864549783,0.25082517928714426,True,2.705094800097868
1764,0,0.01,0.25082216864549783,0.25081916146912187,0.2508221683446861,True,2.7052819000091404
1765,0,0.01,0.25081916146912187,0.2508161580508853,0.2508191611686862,True,2.705486500170082
1766,0,0.01,0.2508161580508853,0.2508131583824998,0.25081615775082483,True,2.705676200101152
1767,0,0.01,0.2508131583824998,0.25081016245570753,0.2508131580828137,True,2.7058679000474513
1768,0,0.01,0.25081016245570753,0.2508071702622815,0.25081016215639496,True,2.706054500071332
1769,0,0.01,0.2508071702622815,0.2508041817940244,0.2508071699633416,True,2.7062324001453817
1770,0,0.01,0.2508041817940244,0.2508011970427699,0.25080418149545647,True,2.7064285001251847
1771,0,0.01,0.2508011970427699,0.2507982160003809,0.250801196744573,True,2.706609799992293
1772,0,0.01,0.2507982160003809,0.2507952386587502,0.2507982157025543,True,2.706789400195703
1773,0,0.01,0.2507952386587502,0.25079226500980045,0.2507952383612931,True,2.7069666001480073
1774,0,0.01,0.25079226500980045,0.2507892950454834,0.250792264712712,True,2.7071421002037823
1775,0,0.01,0.2507892950454834,0.25078632875777995,0.2507892947487628,True,2.7073123001027852
1776,0,0.01,0.25078632875777995,0.25078336613870006,0.25078632846142646,True,2.7074918001890182
1777,0,0.01,0.25078336613870006,0.2507804071802826,0.2507833658427128,True,2.707658300176263
1778,0,0.01,0.2507804071802826,0.2507774518745949,0.2507804068846608,True,2.707823800155893
1779,0,0.01,0.2507774518745949,0.25077450021373293,0.2507774515793378,True,2.707989700138569
1780,0,0.01,0.25077450021373293,0.2507715521898206,0.2507744999188397,True,2.7081499001942575
1781,0,0.01,0.2507715521898206,0.2507686077950103,0.2507715518952905,True,2.7083076999988407
1782,0,0.01,0.2507686077950103,0.2507656670214823,0.2507686075008425,True,2.708478400018066
1783,0,0.01,0.2507656670214823,0.2507627298614443,0.25076566672767603,True,2.7086453000083566
1784,0,0.01,0.2507627298614443,0.25075979630713185,0.25076272956799883,True,2.708818400045857
1785,0,0.01,0.25075979630713185,0.25075686635080785,0.25075979601404635,True,2.7089770000893623
1786,0,0.01,0.25075686635080785,0.25075393998476236,0.25075686605808156,True,2.709131499985233
1787,0,0.01,0.25075393998476236,0.2507510172013127,0.25075393969239457,True,2.709284200100228
1788,0,0.01,0.2507510172013127,0.2507480979928031,0.25075101690930257,True,2.7094448001589626
1789,0,0.01,0.2507480979928031,0.25074518235160426,0.2507480977011499,True,2.709656200138852
1790,0,0.01,0.25074518235160426,0.25074227027011364,0.2507451820603072,True,2.7098132001701742
1791,0,0.01,0.25074227027011364,0.2507393617407553,0.250742269979172,True,2.7099608001299202
1792,0,0.01,0.2507393617407553,0.25073645675597933,0.2507393614501683,True,2.7101064000744373
1793,0,0.01,0.25073645675597933,0.2507335553082619,0.2507364564657462,True,2.710337300086394
1794,0,0.01,0.2507335553082619,0.25073065739010547,0.25073355501838196,True,2.7105851999949664
1795,0,0.01,0.25073065739010547,0.25072776299403793,0.2507306571005779,True,2.710743500152603
1796,0,0.01,0.25072776299403793,0.2507248721126131,0.250727762704862,True,2.710985900135711
1797,0,0.01,0.2507248721126131,0.2507219847384099,0.25072487182378805,True,2.7111441001761705
1798,0,0.01,0.2507219847384099,0.2507191008640331,0.25072198444993504,True,2.7112870002165437
1799,0,0.01,0.2507191008640331,0.25071622048211245,0.2507191005759077,True,2.711422000080347
1800,0,0.01,0.25071622048211245,0.2507133435853026,0.25071622019433576,True,2.7115607000887394
1801,0,0.01,0.2507133435853026,0.2507104701662834,0.25071334329787387,True,2.7116962000727654
1802,0,0.01,0.2507104701662834,0.2507076002177591,0.25071046987920187,True,2.711830100044608
1803,0,0.01,0.2507076002177591,0.250704733732459,0.2507075999310241,True,2.7119643001351506
1804,0,0.01,0.250704733732459,0.2507018707031365,0.25070473344606975,True,2.71209660009481
1805,0,0.01,0.2507018707031365,0.2506990111225694,0.2507018704170923,True,2.7122310001868755
1806,0,0.01,0.2506990111225694,0.25069615498355996,0.2506990108368696,True,2.712366000050679
1807,0,0.01,0.25069615498355996,0.2506933022789341,0.2506961546982037,True,2.7125123001169413
1808,0,0.01,0.2506933022789341,0.250690453001542,0.25069330199392076,True,2.712652400135994
1809,0,0.01,0.250690453001542,0.25068760714425753,0.2506904527168709,True,2.7127867001108825
1810,0,0.01,0.25068760714425753,0.250684764699978,0.25068760685992786,True,2.7129202000796795
1811,0,0.01,0.250684764699978,0.2506819256616245,0.25068476441598914,True,2.7130537000484765
1812,0,0.01,0.2506819256616245,0.2506790900221413,0.2506819253779757,True,2.7131867001298815
1813,0,0.01,0.2506790900221413,0.25067625777449604,0.2506790897388318,True,2.7133202000986785
1814,0,0.01,0.25067625777449604,0.2506734289116793,0.2506762574915252,True,2.713453800184652
1815,0,0.01,0.2506734289116793,0.2506706034267051,0.25067342862904646,True,2.7135865001473576
1816,0,0.01,0.2506706034267051,0.2506677813126097,0.25067060314440953,True,2.713723300024867
1817,0,0.01,0.2506677813126097,0.25066496256245246,0.2506677810306507,True,2.7138596000149846
1818,0,0.01,0.25066496256245246,0.25066214716931545,0.2506649622808293,True,2.713996200123802
1819,0,0.01,0.25066214716931545,0.2506593351263029,0.2506621468880275,True,2.714134000008926
1820,0,0.01,0.2506593351263029,0.25065652642654157,0.2506593348453494,True,2.714276400161907
1821,0,0.01,0.25065652642654157,0.2506537210631804,0.25065652614592193,True,2.7144203002098948
1822,0,0.01,0.2506537210631804,0.2506509190293905,0.2506537207828939,True,2.7147805001586676
1823,0,0.01,0.2506509190293905,0.25064812031836503,0.25065091874943646,True,2.714969600085169
1824,0,0.01,0.25064812031836503,0.2506453249233188,0.2506481200387427,True,2.715131000149995
1825,0,0.01,0.2506453249233188,0.2506425328374886,0.2506453246440276,True,2.715300700161606
1826,0,0.01,0.2506425328374886,0.2506397440541328,0.2506425325585278,True,2.715460600098595
1827,0,0.01,0.2506397440541328,0.2506369585665312,0.25063974377550174,True,2.7156190001405776
1828,0,0.01,0.2506369585665312,0.25063417636798513,0.2506369582882292,True,2.715777500066906
1829,0,0.01,0.25063417636798513,0.25063139745181695,0.25063417609001154,True,2.7159359001088887
1830,0,0.01,0.25063139745181695,0.2506286218113706,0.2506313971741711,True,2.716094500152394
1831,0,0.01,0.2506286218113706,0.25062584944001065,0.2506286215340518,True,2.716252300189808
1832,0,0.01,0.25062584944001065,0.2506230803311231,0.2506258491630183,True,2.7164884000085294
1833,0,0.01,0.2506230803311231,0.2506203144781144,0.2506230800544565,True,2.7166439001448452
1834,0,0.01,0.2506203144781144,0.2506175518744117,0.2506203142017729,True,2.7167976000346243
1835,0,0.01,0.2506175518744117,0.25061479251346314,0.2506175515983946,True,2.7169506000354886
1836,0,0.01,0.25061479251346314,0.25061203638873714,0.25061479223776983,True,2.7171022000256926
1837,0,0.01,0.25061203638873714,0.25060928349372247,0.25061203611336696,True,2.7172518000006676
1838,0,0.01,0.25060928349372247,0.25060653382192816,0.2506092832186748,True,2.7173991000745445
1839,0,0.01,0.25060653382192816,0.2506037873668837,0.2506065335472023,True,2.7175430001225322
1840,0,0.01,0.2506037873668837,0.25060104412213846,0.25060378709247905,True,2.717684700153768
1841,0,0.01,0.25060104412213846,0.2505983040812618,0.2506010438480544,True,2.7178266001865268
1842,0,0.01,0.2505983040812618,0.2505955672378431,0.25059830380749765,True,2.7179690001066774
1843,0,0.01,0.2505955672378431,0.2505928335854913,0.25059556696439816,True,2.7181117001455277
1844,0,0.01,0.2505928335854913,0.25059010311783514,0.250592833312365,True,2.7182520001661032
1845,0,0.01,0.25059010311783514,0.25058737582852303,0.2505901028450268,True,2.718406100058928
1846,0,0.01,0.25058737582852303,0.25058465171122274,0.25058737555603205,True,2.7186236002016813
1847,0,0.01,0.25058465171122274,0.2505819307596214,0.2505846514390485,True,2.71892790007405
1848,0,0.01,0.2505819307596214,0.25057921296742536,0.2505819304877632,True,2.719141900073737
1849,0,0.01,0.25057921296742536,0.25057649832836026,0.2505792126958827,True,2.7193265000823885
1850,0,0.01,0.25057649832836026,0.25057378683617104,0.25057649805713245,True,2.7194799000862986
1851,0,0.01,0.25057378683617104,0.25057107848462123,0.2505737865652575,True,2.7196318001952022
1852,0,0.01,0.25057107848462123,0.25056837326749326,0.25057107821402125,True,2.7197826001793146
1853,0,0.01,0.25056837326749326,0.2505656711785888,0.25056837299720625,True,2.7199322001542896
1854,0,0.01,0.2505656711785888,0.2505629722117278,0.25056567090861415,True,2.7200822001323104
1855,0,0.01,0.2505629722117278,0.2505602763607491,0.2505629719420649,True,2.7202370001468807
1856,0,0.01,0.2505602763607491,0.25055758361950975,0.25056027609139736,True,2.7203926001675427
1857,0,0.01,0.25055758361950975,0.2505548939818855,0.25055758335046846,True,2.7205406001303345
1858,0,0.01,0.2505548939818855,0.2505522074417704,0.25055489371315415,True,2.7206848000641912
1859,0,0.01,0.2505522074417704,0.2505495239930766,0.25055220717334836,True,2.7208291001152247
1860,0,0.01,0.2505495239930766,0.25054684362973456,0.25054952372496325,True,2.720993700204417
1861,0,0.01,0.25054684362973456,0.2505441663456929,0.25054684336192923,True,2.7211403001565486
1862,0,0.01,0.2505441663456929,0.25054149213491783,0.250544166078195,True,2.721285200212151
1863,0,0.01,0.25054149213491783,0.25053882099139385,0.2505414918677269,True,2.7214292001444846
1864,0,0.01,0.25053882099139385,0.25053615290912323,0.25053882072450917,True,2.721576200099662
1865,0,0.01,0.25053615290912323,0.2505334878821256,0.25053615264254425,True,2.7217232000548393
1866,0,0.01,0.2505334878821256,0.25053082590443865,0.25053348761585165,True,2.7218675001058728
1867,0,0.01,0.25053082590443865,0.2505281669701175,0.25053082563846923,True,2.7220153000671417
1868,0,0.01,0.2505281669701175,0.2505255110732347,0.25052816670445194,True,2.7221565002109855
1869,0,0.01,0.2505255110732347,0.25052285820788,0.25052551080787244,True,2.7222982000093907
1870,0,0.01,0.25052285820788,0.25052020836816097,0.2505228579428205,True,2.722439300036058
1871,0,0.01,0.25052020836816097,0.2505175615482018,0.25052020810340353,True,2.7225798000581563
1872,0,0.01,0.2505175615482018,0.25051491774214435,0.2505175612837459,True,2.722721400205046
1873,0,0.01,0.25051491774214435,0.250512276944147,0.25051491747798943,True,2.7228743000887334
1874,0,0.01,0.250512276944147,0.25050963914838564,0.25051227668029247,True,2.7230216001626104
1875,0,0.01,0.25050963914838564,0.2505070043490527,0.25050963888483085,True,2.7231691000051796
1876,0,0.01,0.2505070043490527,0.2505043725403575,0.2505070040857971,True,2.723319800104946
1877,0,0.01,0.2505043725403575,0.2505017437165262,0.2505043722774006,True,2.7234693001955748
1878,0,0.01,0.2505017437165262,0.2504991178718018,0.25050174345386733,True,2.723623000085354
1879,0,0.01,0.2504991178718018,0.25049649500044324,0.2504991176094404,True,2.7237756000831723
1880,0,0.01,0.25049649500044324,0.2504938750967267,0.25049649473837876,True,2.723927500192076
1881,0,0.01,0.2504938750967267,0.25049125815494433,0.25049387483495855,True,2.7240798000711948
1882,0,0.01,0.25049125815494433,0.250488644169405,0.25049125789347193,True,2.724236899986863
1883,0,0.01,0.250488644169405,0.2504860331344333,0.2504886439082278,True,2.724400900071487
1884,0,0.01,0.2504860331344333,0.2504834250443707,0.25048603287355076,True,2.7245650000404567
1885,0,0.01,0.2504834250443707,0.25048081989357446,0.2504834247837822,True,2.724727699998766
1886,0,0.01,0.25048081989357446,0.25047821767641787,0.25048081963327945,True,2.72490520006977
1887,0,0.01,0.25047821767641787,0.2504756183872902,0.25047821741641585,True,2.7250756002031267
1888,0,0.01,0.2504756183872902,0.25047302202059674,0.25047561812758057,True,2.725240800064057
1889,0,0.01,0.25047302202059674,0.25047042857075885,0.2504730217611789,True,2.7254114001989365
1890,0,0.01,0.25047042857075885,0.25046783803221295,0.2504704283116323,True,2.725581700215116
1891,0,0.01,0.25046783803221295,0.2504652503994121,0.2504678377733771,True,2.7257515001110733
1892,0,0.01,0.2504652503994121,0.2504626656668243,0.2504652501408664,True,2.725961600197479
1893,0,0.01,0.2504626656668243,0.2504600838289331,0.2504626654085682,True,2.726211200002581
1894,0,0.01,0.2504600838289331,0.2504575048802382,0.25046008357096605,True,2.7264626000542194
1895,0,0.01,0.2504575048802382,0.250454928815254,0.25045750462255967,True,2.726713400101289
1896,0,0.01,0.250454928815254,0.25045235562851065,0.25045492855786344,True,2.7269834000617266
1897,0,0.01,0.25045235562851065,0.2504497853145534,0.2504523553714075,True,2.7272521001286805
1898,0,0.01,0.2504497853145534,0.250447217867943,0.25044978505773713,True,2.7275155000388622
1899,0,0.01,0.250447217867943,0.2504446532832551,0.25044721761141303,True,2.727733800187707
1900,0,0.01,0.2504446532832551,0.25044209155508046,0.25044465302701097,True,2.7279146001674235
1901,0,0.01,0.25044209155508046,0.250439532678025,0.25044209129912154,True,2.7280885002110153
1902,0,0.01,0.250439532678025,0.2504369766467092,0.2504395324223508,True,2.7282606000080705
1903,0,0.01,0.2504369766467092,0.25043442345576916,0.2504369763913192,True,2.728433500044048
1904,0,0.01,0.25043442345576916,0.2504318730998551,0.2504344232006628,True,2.728606300195679
1905,0,0.01,0.2504318730998551,0.2504293255736325,0.2504318728450318,True,2.728775800205767
1906,0,0.01,0.2504293255736325,0.25042678087178105,0.2504293253190918,True,2.728960100095719
1907,0,0.01,0.25042678087178105,0.25042423898899563,0.2504267806175224,True,2.7291330001316965
1908,0,0.01,0.25042423898899563,0.2504216999199852,0.25042423873501846,True,2.7293734000995755
1909,0,0.01,0.2504216999199852,0.2504191636594737,0.250421699666289,True,2.729622800135985
1910,0,0.01,0.2504191636594737,0.25041663020219906,0.25041916340605797,True,2.7298724001739174
1911,0,0.01,0.25041663020219906,0.2504140995429138,0.2504166299490633,True,2.7301237999927253
1912,0,0.01,0.2504140995429138,0.25041157167638495,0.2504140992900574,True,2.7303699001204222
1913,0,0.01,0.25041157167638495,0.2504090465973935,0.25041157142380743,True,2.7306077000685036
1914,0,0.01,0.2504090465973935,0.2504065243007347,0.2504090463450943,True,2.730845400132239
1915,0,0.01,0.2504065243007347,0.25040400478121816,0.2504065240487134,True,2.731105800019577
1916,0,0.01,0.25040400478121816,0.25040148803366746,0.25040400452947414,True,2.7313395000528544
1917,0,0.01,0.25040148803366746,0.25039897405292005,0.2504014877822003,True,2.7315642000176013
1918,0,0.01,0.25039897405292005,0.2503964628338276,0.25039897380172915,True,2.731788600096479
1919,0,0.01,0.2503964628338276,0.2503939543712555,0.2503964625829125,True,2.7320125000551343
1920,0,0.01,0.2503939543712555,0.250391448660083,0.25039395412061566,True,2.7322361001279205
1921,0,0.01,0.250391448660083,0.2503889456952034,0.25039144840971794,True,2.7324581001885235
1922,0,0.01,0.2503889456952034,0.25038644547152344,0.2503889454451126,True,2.732673700200394
1923,0,0.01,0.25038644547152344,0.2503839479839638,0.25038644522170633,True,2.732894300017506
1924,0,0.01,0.2503839479839638,0.2503814532274583,0.2503839477344199,True,2.73311600019224
1925,0,0.01,0.2503814532274583,0.2503789611969551,0.25038145297818715,True,2.7333284001797438
1926,0,0.01,0.2503789611969551,0.2503764718874151,0.25037896094795614,True,2.7335416001733392
1927,0,0.01,0.2503764718874151,0.25037398529381305,0.25037647163868787,True,2.733746800106019
1928,0,0.01,0.25037398529381305,0.2503715014111372,0.2503739850453571,True,2.733949000015855
1929,0,0.01,0.2503715014111372,0.2503690202343889,0.2503715011629519,True,2.7341510001569986
1930,0,0.01,0.2503690202343889,0.2503665417585829,0.2503690199864739,True,2.7343540000729263
1931,0,0.01,0.2503665417585829,0.25036406597874716,0.2503665415109376,True,2.7345499000512064
1932,0,0.01,0.25036406597874716,0.2503615928899229,0.25036406573137104,True,2.7347433001268655
1933,0,0.01,0.2503615928899229,0.2503591224871644,0.2503615926428155,True,2.7349481000564992
1934,0,0.01,0.2503591224871644,0.25035665476553914,0.2503591222403253,True,2.735148400068283
1935,0,0.01,0.25035665476553914,0.2503541897201274,0.25035665451896777,True,2.7353492002002895
1936,0,0.01,0.2503541897201274,0.2503517273460226,0.25035418947382326,True,2.735623200191185
1937,0,0.01,0.2503517273460226,0.2503492676383312,0.25035172709998527,True,2.7358326001558453
1938,0,0.01,0.2503492676383312,0.2503468105921722,0.25034926739256014,True,2.736031200038269
1939,0,0.01,0.2503468105921722,0.2503443562026777,0.2503468103466669,True,2.736231400165707
1940,0,0.01,0.2503443562026777,0.2503419044649925,0.2503443559574377,True,2.7364199000876397
1941,0,0.01,0.2503419044649925,0.25033945537427416,0.2503419042200173,True,2.7366065999958664
1942,0,0.01,0.25033945537427416,0.25033700892569266,0.2503394551295633,True,2.736798500176519
1943,0,0.01,0.25033700892569266,0.2503345651144311,0.25033700868124564,True,2.7369977000635117
1944,0,0.01,0.2503345651144311,0.25033212393568455,0.25033456487024747,True,2.7371795000508428
1945,0,0.01,0.25033212393568455,0.25032968538466105,0.25033212369176383,True,2.73735410021618
1946,0,0.01,0.25032968538466105,0.250327249456581,0.25032968514100273,True,2.7375256000086665
1947,0,0.01,0.250327249456581,0.2503248161466771,0.25032724921318467,True,2.7376972001511604
1948,0,0.01,0.2503248161466771,0.25032238545019464,0.2503248159035422,True,2.7378643001429737
1949,0,0.01,0.25032238545019464,0.2503199573623909,0.2503223852073207,True,2.738031700020656
1950,0,0.01,0.2503199573623909,0.25031753187853595,0.25031995711977745,True,2.7382008000276983
1951,0,0.01,0.25031753187853595,0.2503151089939116,0.2503175316361826,True,2.7383705000393093
1952,0,0.01,0.2503151089939116,0.250312688703812,0.2503151087518178,True,2.7385297000873834
1953,0,0.01,0.250312688703812,0.2503102710035437,0.2503126884619773,True,2.738687900127843
1954,0,0.01,0.2503102710035437,0.25030785588842497,0.2503102707619676,True,2.738845700165257
1955,0,0.01,0.25030785588842497,0.25030544335378624,0.25030785564710706,True,2.7390187000855803
1956,0,0.01,0.25030544335378624,0.2503030333949701,0.250305443112726,True,2.7391762000042945
1957,0,0.01,0.2503030333949701,0.25030062600733094,0.25030303315416713,True,2.7393294000066817
1958,0,0.01,0.25030062600733094,0.2502982211862351,0.25030062576678475,True,2.739481900120154
1959,0,0.01,0.2502982211862351,0.2502958189270609,0.2502982209459452,True,2.739635100122541
1960,0,0.01,0.2502958189270609,0.25029341922519815,0.2502958186870268,True,2.7397817000746727
1961,0,0.01,0.25029341922519815,0.2502910220760488,0.25029341898541946,True,2.739928200142458
1962,0,0.01,0.2502910220760488,0.2502886274750262,0.2502910218365251,True,2.7400751002132893
1963,0,0.01,0.2502886274750262,0.2502862354175558,0.25028862723575696,True,2.740219800034538
1964,0,0.01,0.2502862354175558,0.25028384589907415,0.25028623517854054,True,2.7403603000566363
1965,0,0.01,0.25028384589907415,0.25028145891503006,0.2502838456603124,True,2.7405018000863492
1966,0,0.01,0.25028145891503006,0.25027907446088327,0.25028145867652146,True,2.7406434000004083
1967,0,0.01,0.25027907446088327,0.25027669253210544,0.2502790742226273,True,2.740783000132069
1968,0,0.01,0.25027669253210544,0.25027431312417947,0.2502766922941017,True,2.740930800093338
1969,0,0.01,0.25027431312417947,0.2502719362325998,0.2502743128864275,True,2.74107260000892
1970,0,0.01,0.2502719362325998,0.2502695618528723,0.2502719359950991,True,2.741211600136012
1971,0,0.01,0.2502695618528723,0.25026718998051406,0.2502695616156224,True,2.7413478000089526
1972,0,0.01,0.25026718998051406,0.2502648206110535,0.2502671897435146,True,2.741482400102541
1973,0,0.01,0.2502648206110535,0.2502624537400302,0.250264820374304,True,2.7416166001930833
1974,0,0.01,0.2502624537400302,0.2502600893629954,0.2502624535035302,True,2.7417497001588345
1975,0,0.01,0.2502600893629954,0.25025772747551084,0.25026008912674447,True,2.741881800116971
1976,0,0.01,0.25025772747551084,0.25025536807314996,0.2502577272395085,True,2.742015000199899
1977,0,0.01,0.25025536807314996,0.250253011151497,0.2502553678373958,True,2.7421475001610816
1978,0,0.01,0.250253011151497,0.2502506567061475,0.2502530109159906,True,2.7422811000142246
1979,0,0.01,0.2502506567061475,0.25024830473270765,0.2502506564708884,True,2.742413100088015
1980,0,0.01,0.25024830473270765,0.25024595522679494,0.2502483044976954,True,2.742627600207925
1981,0,0.01,0.25024595522679494,0.2502436081840375,0.2502459549920291,True,2.742766300216317
1982,0,0.01,0.2502436081840375,0.2502412636000747,0.2502436079495177,True,2.7429080000147223
1983,0,0.01,0.2502412636000747,0.2502389214705566,0.25024126336580044,True,2.7430484001524746
1984,0,0.01,0.2502389214705566,0.250236581791144,0.25023892123652747,True,2.743183400016278
1985,0,0.01,0.250236581791144,0.25023424455750853,0.25023658155735956,True,2.7433174001052976
1986,0,0.01,0.25023424455750853,0.2502319097653326,0.25023424432396835,True,2.743451200192794
1987,0,0.01,0.2502319097653326,0.25022957741030916,0.2502319095320362,True,2.7435863001737744
1988,0,0.01,0.25022957741030916,0.2502272474881423,0.2502295771772562,True,2.743999000173062
1989,0,0.01,0.2502272474881423,0.2502249199945461,0.2502272472553323,True,2.7444088000338525
1990,0,0.01,0.2502249199945461,0.2502225949252455,0.25022491976197864,True,2.744557100115344
1991,0,0.01,0.2502225949252455,0.2502202722759762,0.25022259469292013,True,2.7447499001864344
1992,0,0.01,0.2502202722759762,0.2502179520424841,0.2502202720438925,True,2.7450570000801235
1993,0,0.01,0.2502179520424841,0.25021563422052573,0.25021795181064166,True,2.7452245000749826
1994,0,0.01,0.25021563422052573,0.25021331880586806,0.25021563398892416,True,2.7453744001686573
1995,0,0.01,0.25021331880586806,0.25021100579428823,0.2502133185745069,True,2.7455319000873715
1996,0,0.01,0.25021100579428823,0.25020869518157424,0.25021100556316705,True,2.7456772001460195
1997,0,0.01,0.25020869518157424,0.2502063869635238,0.25020869495069264,True,2.7458248001057655
1998,0,0.01,0.2502063869635238,0.25020408113594556,0.25020638673288137,True,2.746009400114417
1999,0,0.01,0.25020408113594556,0.2502017776946578,0.2502040809055418,True,2.746159000089392
