accepted_step,loss,encoder_energy,tangent_gradient_norm,bias_gradient_norm,joint_gradient_norm,minimum_absolute_preactivation,total_elapsed_seconds
0.0,0.298244217485678,4.0,0.14711704196572278,2.5376845938175238e-05,0.14711704415440297,0.12420647651289574,2.4316726000979543
1.0,0.2980281651027632,4.000000000000001,0.14659790797161903,0.0005928014019024949,0.14659910652919197,0.12412711168835139,2.431845100130886
2.0,0.29781362838322695,4.0,0.1460822714321541,0.0011681699518715477,0.14608694208523226,0.12404963135920122,2.4319889000616968
3.0,0.29760058526296296,3.9999999999999996,0.14557007812853473,0.0017320827081576445,0.14558038245881758,0.12397400604405726,2.4321433000732213
4.0,0.29738901433947695,3.999999999999999,0.1450612749002533,0.002284623683370163,0.1450792644765663,0.12390020671779806,2.4322871000040323
5.0,0.29717889484829185,4.0,0.14455580962856635,0.0028259756792205146,0.144583430018484,0.12382820480360845,2.4324278000276536
6.0,0.2969702066401857,4.000000000000001,0.14405363122003928,0.0033563350322657177,0.14409272588346675,0.12375116701632732,2.432569600176066
7.0,0.29676293015923194,4.0,0.14355468959016646,0.003875899391107737,0.14360700365726956,0.12367209606144582,2.4327122000977397
8.0,0.2965570464216165,4.0,0.14305893564707597,0.0043848646959383335,0.1431261195829605,0.12359435707435376,2.432855200022459
9.0,0.2963525369952045,3.9999999999999996,0.14256632127532648,0.004883424209412703,0.14264993443387447,0.12351793202215687,2.433000000193715
10.0,0.29614938397982915,3.999999999999999,0.14207679931980452,0.005371768163534493,0.14217831338907763,0.12344280315471277,2.433138000080362
11.0,0.29594756998828137,3.9999999999999996,0.14159032356972864,0.005850083630277371,0.14171112591134719,0.12336895299885377,2.4332760001998395
12.0,0.2957470781279724,3.999999999999999,0.1411068487427683,0.006318554485006098,0.1412482456276696,0.12329636435275573,2.4334137002006173
13.0,0.29554789198324805,3.9999999999999982,0.1406263304692826,0.0067773614122867785,0.14078955021225345,0.12322502028044496,2.433551700087264
14.0,0.2953499955983328,4.0,0.14014872527668562,0.007226681932475863,0.14033492127205216,0.1231549041064407,2.4336897002067417
15.0,0.2951533734608808,4.0,0.13967399057394425,0.0076666904389972495,0.1398842442347875,0.12308599941052975,2.4338272002059966
16.0,0.2949580104861119,4.000000000000001,0.13920208463621178,0.008097558241268616,0.1394374082394599,0.12301829002267005,2.433964100200683
17.0,0.29476389200151587,4.0,0.1387329665896043,0.008519453610613518,0.13899430602933222,0.12295176001801718,2.434101400198415
18.0,0.29457100373210054,3.9999999999999987,0.13826659639612318,0.008932541827680052,0.13855483384736772,0.1228863937120746,2.4342538001947105
19.0,0.29437933178616943,4.0,0.13780293483872727,0.009336985230519991,0.13811889133410193,0.12282217565596043,2.4343952001072466
20.0,0.29418886264160765,3.999999999999999,0.13734194350655965,0.009732943262817862,0.13768638142792575,0.12275909063178919,2.434534400003031
21.0,0.2939995831326586,4.000000000000001,0.13688358478033122,0.010120572521966598,0.13725721026775428,0.12269712364816607,2.4346725000068545
22.0,0.2938114804371768,4.000000000000001,0.13642782181786545,0.010500026806789277,0.13683128709805567,0.12263625993578897,2.434811200015247
23.0,0.2936245420643364,4.0,0.13597461853980528,0.010871457164793255,0.13640852417620936,0.12257648494315623,2.43494960013777
24.0,0.29343875584278317,4.0,0.13552393961548706,0.011235011938870994,0.13598883668216577,0.12251778433237889,2.435087700141594
25.0,0.29325410990921263,4.0,0.13507575044898149,0.011590836813402705,0.13557214263037395,0.12246014397508974,2.4352260001469404
26.0,0.2930705926973595,4.0,0.13463001716530565,0.011939074859726923,0.1351583627839456,0.12240354994845436,2.4356972000095993
27.0,0.29288819292738477,4.0,0.1341867065968055,0.0122798665809611,0.1347474205710201,0.1223479885312711,2.4358810000121593
28.0,0.2927068995956451,4.0,0.13374578626971273,0.012613349956161566,0.13433924200329656,0.12174626150776582,2.4360295000951737
29.0,0.29252670196483427,4.0,0.13330722439087583,0.012939660483816829,0.13393375559669704,0.12113991432417559,2.4361719000153244
30.0,0.29234758955447915,4.0,0.13287098983466702,0.013258931224672465,0.13353089229412338,0.12053747470086021,2.436311300145462
31.0,0.29216955213178186,4.0,0.13243705213006532,0.013571292843892392,0.1331305853902713,0.1199389109270168,2.436449200147763
32.0,0.2919925797027935,4.0,0.13200538144791749,0.013876873652555195,0.13273277045846357,0.11934419162458779,2.436588800046593
33.0,0.2918166625039083,3.9999999999999996,0.131575948588376,0.014175799648495897,0.1323373852794639,0.11875328574420096,2.4367285000626
34.0,0.2916417909936684,3.999999999999999,0.13114872496851598,0.014468194556493594,0.13194436977223395,0.11816616256116591,2.4368677001912147
35.0,0.29146795584486535,4.0,0.13072368261012954,0.014754179867817149,0.13155366592659357,0.1175827916715245,2.4370063000824302
36.0,0.29129514793693173,3.9999999999999996,0.13030079412769907,0.015033874879131243,0.13116521773774628,0.11700314298815584,2.4371436000801623
37.0,0.29112335834860814,4.0,0.1298800327165482,0.01530739673077505,0.13077897114263046,0.11642718673693436,2.4376235001254827
38.0,0.29095257835088023,4.0,0.12946137214117115,0.015574860444415545,0.13039487395805796,0.11584051090841732,2.4378003000747412
39.0,0.2907827994001735,4.000000000000001,0.12904478672373895,0.01583637896009012,0.1300128758206004,0.11525444158444792,2.437942400109023
40.0,0.29061401313179713,4.000000000000001,0.128630251332783,0.016092063172642678,0.12963292812818525,0.1146717149690458,2.438083800021559
41.0,0.290446211353629,4.0,0.12821774137205516,0.016342021967559888,0.12925498398336305,0.11409230869068282,2.4382242001593113
42.0,0.29027938604003234,3.999999999999999,0.12780723276956263,0.01658636225622157,0.12887899813820627,0.11351620056679448,2.438364200061187
43.0,0.29011352932599616,3.9999999999999996,0.12739870196677844,0.016825189010566954,0.12850492694080387,0.11294336860199061,2.438503500074148
44.0,0.28994863350149197,3.9999999999999996,0.1269921259080249,0.017058605297189847,0.1281327282833116,0.11237379098628233,2.4386526001617312
45.0,0.2897846910060381,4.000000000000001,0.12658748203003056,0.01728671231086906,0.12776236155152293,0.1118074460933289,2.4387933001853526
46.0,0.28962169442346525,3.9999999999999996,0.12618474825165824,0.017509609407540556,0.12739378757592146,0.1112443124787004,2.438931900076568
47.0,0.28945963647687484,4.000000000000001,0.12578390296380318,0.017727394136723758,0.1270269685841798,0.11068436887815705,2.439071200089529
48.0,0.28929851002378537,4.000000000000001,0.12538492501946127,0.01794016227340553,0.12666186815506889,0.11012759420594767,2.439210900105536
49.0,0.28913830805145757,3.999999999999999,0.12498779372396436,0.01814800784939284,0.1262984511737412,0.10957396755312201,2.439348600106314
50.0,0.2889790236723933,4.000000000000001,0.12459248882538163,0.01835102318413997,0.1259366837883533,0.10902346818586259,2.439485900104046
51.0,0.2888206501200034,3.9999999999999996,0.12419899050508731,0.01854929891505957,0.12557653336799435,0.10847607554383012,2.4397617999929935
52.0,0.2886631807444338,4.000000000000001,0.12380727936848954,0.01874292402732571,0.12521796846188377,0.10793176923852757,2.439908100059256
53.0,0.2885066090085509,4.000000000000002,0.12341733643592363,0.018931985883173248,0.12486095875980864,0.10739052905167848,2.440051000099629
54.0,0.28835092848407395,4.0,0.1230291431337036,0.0191165702507061,0.12450547505376423,0.10685233493362253,2.440190799999982
55.0,0.2881961328478535,4.0,0.12264268128533287,0.0192967613322179,0.12415148920076761,0.10631716700172522,2.4403297000098974
56.0,0.2880422158782895,3.999999999999999,0.12225793310287257,0.01947264179203404,0.12379897408681274,0.1057850055388048,2.4404686000198126
57.0,0.2878891714518823,4.0,0.12187488117846375,0.01964429278388206,0.12344790359193443,0.10525583099157323,2.440621600020677
58.0,0.2877369935399151,3.999999999999999,0.12149350847600397,0.019811793977799207,0.12309825255635276,0.10472962396909277,2.440766400191933
59.0,0.2875856762052599,4.000000000000002,0.12111379832297539,0.019975223586581062,0.12274999674766701,0.10420636524124788,2.4409090001136065
60.0,0.28743521359930435,3.999999999999999,0.12073573440242234,0.02013465839178099,0.12240311282906978,0.10368603573723165,2.441057200077921
61.0,0.2872855999589939,4.0,0.12035930074507704,0.020290173769267707,0.12205757832855353,0.10316861654404627,2.4412046000361443
62.0,0.28713682960398756,3.9999999999999996,0.11998448172163202,0.020441843714343683,0.12171337160908123,0.10265408890502051,2.441362500190735
63.0,0.2869888969339187,4.0,0.11961126203515592,0.020589740866438597,0.12137047183969346,0.10214243421833802,2.4415371001232415
64.0,0.286841796425762,4.000000000000001,0.11923962671365261,0.02073393653337597,0.12102885896752592,0.10163363403558331,2.4417051000054926
65.0,0.2866955226312996,3.999999999999999,0.11886956110276069,0.02087450071522683,0.12068851369071111,0.10112767006029919,2.44186590006575
66.0,0.2865500701746829,3.999999999999999,0.11850105085859108,0.021011502127752397,0.12034941743213773,0.10062452414655959,2.4420286000240594
67.0,0.2864054337500884,4.0,0.1181340819407024,0.021145008225444673,0.12001155231404481,0.10012417829755649,2.4421937000006437
68.0,0.2862616081194629,4.000000000000001,0.11776864060521063,0.021275085224169557,0.11967490113342456,0.09962661466419925,2.4423557000700384
69.0,0.28611858811035373,4.000000000000001,0.11740471339803178,0.021401798123421637,0.11933944733821117,0.09913181554372857,2.4425133001059294
70.0,0.2859763686138239,3.9999999999999996,0.11704228714825592,0.02152521072819213,0.11900517500423194,0.09863976337834321,2.4427598000038415
71.0,0.28583494458244507,4.000000000000002,0.11668134896165036,0.021645385670461426,0.11867206881289903,0.09815044075384075,2.4429209001827985
72.0,0.2856943110283702,4.000000000000001,0.1163218862142903,0.021762384430318377,0.11834011402961914,0.09766383039827045,2.4430769002065063
73.0,0.2855544630214779,3.999999999999999,0.11596388654631426,0.021876267356714222,0.11800929648289954,0.0971799151806001,2.4432303002104163
74.0,0.2854153956875899,4.0,0.11560733785580388,0.021987093687856785,0.11767960254413071,0.09669867810939498,2.443382300203666
75.0,0.2852771042067569,4.0,0.11525222829278511,0.02209492157124939,0.11735101910802445,0.09622010233151068,2.4436994001735
76.0,0.285139583811611,3.9999999999999996,0.1148985462533489,0.022199808083382278,0.11702353357368749,0.09574417113079689,2.443890599999577
77.0,0.285002829785781,3.999999999999999,0.11454628037389009,0.022301809249081338,0.11669713382631232,0.09527086792681488,2.4440484000369906
78.0,0.284866837462371,4.0,0.11419541952546257,0.0224009800605185,0.11637180821946587,0.0948001762735679,2.444275900023058
79.0,0.2847316022224966,3.9999999999999996,0.11384595280824833,0.02249737449589152,0.11604754555795782,0.09433207985824182,2.444467200199142
80.0,0.28459711949387867,4.000000000000001,0.1134978695461387,0.022591045537776355,0.11572433508127063,0.09386656249996025,2.4446199000813067
81.0,0.2844633847494926,4.0,0.11315115928142752,0.02268204519115952,0.11540216644753591,0.09340360814855012,2.4447659000288695
82.0,0.28433039350626943,3.999999999999999,0.11280581176961109,0.022770424501153793,0.11508102971803681,0.09294320088331912,2.444910400081426
83.0,0.28419814132384846,3.999999999999999,0.11246181697429683,0.02285623357040416,0.11476091534222402,0.09248532491184674,2.4450546000152826
84.0,0.28406662380337855,3.9999999999999996,0.1121191650622165,0.0229395215761871,0.11444181414322696,0.09202996456878446,2.4452245000284165
85.0,0.2839358365863671,4.000000000000002,0.11177784639834273,0.023020336787210764,0.1141237173038458,0.0915771043146697,2.445408800151199
86.0,0.28380577535357415,4.0,0.11143785154110811,0.023098726580118484,0.11380661635300965,0.09112672873474945,2.445557300001383
87.0,0.28367643582394886,4.0,0.11109917123772291,0.02317473745570279,0.11349050315268512,0.0906788225378172,2.446413400117308
88.0,0.2835478137536104,4.0,0.11076179641959281,0.023248415054832647,0.11317536988522323,0.09023337055505881,2.446574200177565
89.0,0.28341990493486735,3.999999999999999,0.11042571819783176,0.02331980417410031,0.11286120904112865,0.08979035773891131,2.446756200166419
90.0,0.28329270519527683,4.000000000000001,0.11009092785887091,0.02338894878119139,0.11254801340724017,0.08934976916193221,2.4468967001885176
91.0,0.28316621039674106,4.0,0.10975741686016041,0.023455892029983376,0.11223577605530806,0.08891159001567969,2.4470340001862496
92.0,0.2830404164346394,3.9999999999999996,0.10942517682596273,0.023520676275377274,0.1119244903309562,0.08847580560960308,2.4471734000835568
93.0,0.2829153192369954,4.0,0.10909419954323608,0.023583343087865638,0.11161414984301672,0.08804240136994518,2.4473249001894146
94.0,0.28279091476367746,4.0,0.10876447695760702,0.023643933267843108,0.11130474845322659,0.08761136283865398,2.44746659998782
95.0,0.2826671990056308,3.9999999999999996,0.10843600116942892,0.023702486859662805,0.11099628026627234,0.08718267567230578,2.447606800124049
96.0,0.28254416798414067,4.0,0.10810876442992638,0.023759043165442525,0.110688739620174,0.0867563256410383,2.447747000027448
97.0,0.28242181775012515,4.000000000000001,0.10778275913742363,0.02381364075862582,0.11038212107699671,0.08631509742534732,2.447888500057161
98.0,0.2823001443834567,3.999999999999999,0.1074579778336544,0.023866317497301504,0.11007641941387883,0.0858735800008725,2.448031200096011
99.0,0.28217914399231,4.0,0.10713441320015382,0.02391711053728668,0.10977162961436841,0.08543410905293605,2.4481663000769913
100.0,0.2820588127125377,4.000000000000001,0.10681205805472814,0.023966056344974816,0.10946774686005518,0.08499667446918704,2.448314700042829
101.0,0.2819391467070703,4.0,0.10649090534800414,0.024013190709956087,0.10916476652249249,0.08456126623799362,2.448455500183627
102.0,0.2818201421653404,4.0,0.10617094816005297,0.024058548757411907,0.10886268415539561,0.0841278744462817,2.4485927000641823
103.0,0.2817017953027312,4.000000000000001,0.10585217969709067,0.024102164960287338,0.10856149548711125,0.08369648927742235,2.4487271001562476
104.0,0.28158410236004655,4.0,0.10553459328825143,0.024144073151246347,0.10826119641334737,0.08326710100916737,2.448861400131136
105.0,0.2814670596030025,4.0,0.10521818238243313,0.024184306534412555,0.10796178299015534,0.08283970001162977,2.448995199985802
106.0,0.2813506633217406,4.0,0.10490294054521436,0.02422289769690018,0.10766325142715721,0.08241427674531049,2.4491295001935214
107.0,0.28123490983036004,3.9999999999999996,0.10458886145584036,0.024259878620136656,0.10736559808100886,0.08199082175916989,2.449263400165364
108.0,0.28111979546646904,4.0,0.1042759389042769,0.02429528069098489,0.10706881944909187,0.08156932568874237,2.449413700029254
109.0,0.28100531659075567,4.000000000000001,0.10396416678833267,0.02432913471266204,0.10677291216342799,0.08114977925429476,2.449551200028509
110.0,0.2808914695865746,4.0,0.10365353911084535,0.024361470915465134,0.10647787298480656,0.08073217325902668,2.44968600012362
111.0,0.280778250859552,4.000000000000001,0.1033440499769332,0.024392318967301915,0.10618369879711981,0.08031649858731121,2.4498201000969857
112.0,0.28066565683720623,3.999999999999999,0.1030356935913099,0.024421707984032794,0.10589038660189919,0.07990274620297819,2.449954300187528
113.0,0.28055368396858416,4.000000000000002,0.10272846425566048,0.024449666539626543,0.10559793351304489,0.07949090714763493,2.450087800156325
114.0,0.28044232872391295,4.0,0.10242235636607923,0.024476222676131747,0.10530633675174404,0.07908097253902727,2.450221600010991
115.0,0.2803315875942648,3.9999999999999996,0.10211736441056585,0.024501403913469832,0.1050155936415697,0.07867293356943936,2.450369300087914
116.0,0.2802214570912368,4.000000000000001,0.10181348296658067,0.024525237259051008,0.10472570160375608,0.0782667815041293,2.450505700195208
117.0,0.280111933746644,4.000000000000001,0.1015107066986575,0.02454774921721484,0.10443665815264361,0.07786250767980268,2.450641800183803
118.0,0.28000301411222406,4.0,0.1012090303560718,0.024568965798502464,0.10414846089128849,0.07746010350312219,2.450776900164783
119.0,0.2798946947593549,4.0,0.1009084487705642,0.024588912528758975,0.10386110750723072,0.07705956044925102,2.4509114001411945
120.0,0.2797869722787834,3.999999999999999,0.10060895685411804,0.024607614458072607,0.10357459576841674,0.07666087006043393,2.4510453001130372
121.0,0.27967984328036644,3.9999999999999996,0.10031054959678976,0.024625096169550758,0.10328892351927016,0.07626402394460857,2.4511795002035797
122.0,0.2795733043928208,4.0,0.10001322206459087,0.024641381787937386,0.10300408867690669,0.07586901377405234,2.451320900116116
123.0,0.27946735226348524,4.000000000000001,0.09971696939742092,0.024656494988074183,0.10272008922748804,0.07547583128406113,2.4514586001168936
124.0,0.2793619835580907,3.999999999999999,0.09942178680705033,0.024670459003207718,0.10243692322271067,0.07508446827166046,2.451593500096351
125.0,0.27925719496054086,3.9999999999999996,0.099127669575151,0.024683296633146508,0.10215458877642364,0.07469491659434638,2.451728100189939
126.0,0.27915298317270165,4.0,0.09883461305137628,0.024695030252268615,0.10187308406137384,0.07430716816885896,2.4519431001972407
127.0,0.27904934491419914,4.0,0.09854261265148637,0.024705681817384605,0.1015924073060715,0.0739212149699833,2.452372500207275
128.0,0.2789462769222256,3.9999999999999996,0.0982516638555202,0.024715272875456943,0.10131255679177399,0.07353704902938332,2.45253420015797
129.0,0.2788437759513536,4.0,0.09796176220601173,0.024723824571179158,0.10103353084958296,0.07315466243446006,2.4526810001116246
130.0,0.2787418387733581,3.999999999999999,0.09767290330625111,0.024731357654416242,0.10075532785765194,0.07277404732724163,2.452823100145906
131.0,0.2786404621770442,4.0,0.0973850828185877,0.024737892487510384,0.10047794623849955,0.07239519590329901,2.452963200164959
132.0,0.2785396429680842,4.0,0.09709829646277637,0.024743449052452317,0.10020138445642612,0.0720181004106889,2.453102300176397
133.0,0.2784393779688593,3.9999999999999987,0.09681254001436454,0.02474804695792325,0.09992564101502932,0.0716427531489231,2.453241800190881
134.0,0.27833966401830784,4.000000000000001,0.09652780930311917,0.024751705446206623,0.0996507144548152,0.07126914646796367,2.4533804000820965
135.0,0.2782404979717811,4.0,0.09624410021149522,0.02475444339997419,0.09937660335090379,0.07089727276724439,2.453519100090489
136.0,0.27814187670090224,4.0,0.09596140867314025,0.024756279348949486,0.09910330631082225,0.07052712449471449,2.45365809998475
137.0,0.2780437970934338,4.0,0.09567973067143942,0.02475723147644623,0.09883082197238635,0.07015869414590942,2.4538151000160724
138.0,0.2779462560531476,4.0,0.09539906223809569,0.024757317625790434,0.09855914900166463,0.06979197426304265,2.4539543001446873
139.0,0.27784925049970155,4.0,0.09511939945174815,0.024756555306623216,0.09828828609102469,0.06942695743412305,2.4540932001546025
140.0,0.2777527773685204,4.0,0.0948407384366245,0.02475496170108764,0.0980182319572565,0.06906363629209342,2.454231500159949
141.0,0.2776568336106813,4.0,0.09456307536122928,0.024752553669904042,0.09774898533977225,0.0687020035139908,2.454371200175956
142.0,0.27756141619280356,3.999999999999999,0.09428640643706603,0.024749347758332152,0.09748054499887897,0.06834205182013009,2.454508400056511
143.0,0.2774665220969424,4.000000000000001,0.09401072791739214,0.02474536020202544,0.09721290971412139,0.06798377397330749,2.454646100057289
144.0,0.2773721483204875,3.999999999999999,0.09373603609600796,0.02474060693277555,0.09694607828269387,0.06762716277802555,2.4547839001752436
145.0,0.2772782918760638,3.999999999999999,0.09346232730607577,0.02473510358415521,0.09668004951791721,0.06727221107973674,2.454920900054276
146.0,0.27718494979143715,4.0,0.0931895979189719,0.024728865497053307,0.09641482224777996,0.06691891176410991,2.455058100167662
147.0,0.277092119109423,3.999999999999999,0.09291784434316844,0.024721907725110882,0.09615039531354083,0.06656725775631306,2.4551946001593024
148.0,0.27699979688779797,4.0,0.09264706302314482,0.024714245040056555,0.09588676756839042,0.06621724202031584,2.4553315001539886
149.0,0.2769079801992149,4.0,0.09237725043832931,0.024705891936943555,0.09562393787617066,0.06586885755821262,2.4554713000543416
150.0,0.27681666613112044,4.0,0.09210840310206857,0.02469686263929052,0.0953619051101494,0.06552209740956033,2.4556079001631588
151.0,0.27672585178567594,3.9999999999999996,0.0918405175606255,0.024687171104127617,0.09510066815184862,0.06517695465073595,2.4557584000285715
152.0,0.27663553427968013,4.000000000000001,0.09157359039220418,0.024676831026950324,0.0948402258899242,0.06483342239431172,2.455900000175461
153.0,0.2765457107444954,4.0,0.09130761820600215,0.024665855846580566,0.09458057721909584,0.0644914937884451,2.4560387001838535
154.0,0.27645637832597536,4.0,0.09104259764128814,0.024654258749940275,0.09432172103912487,0.06415116201628754,2.456177500076592
155.0,0.2763675341843951,4.000000000000001,0.0907785253665059,0.024642052676735058,0.09406365625383875,0.06381242029540696,2.4563136000651866
156.0,0.27627917549438397,4.0,0.09051539807840306,0.024629250324052422,0.09380638177020051,0.06347526187722835,2.4564477000385523
157.0,0.2761912994448594,4.000000000000001,0.09025321250118411,0.024615864150875213,0.09354989649742129,0.06313968004648807,2.456581500126049
158.0,0.27610390323896356,4.0,0.08999196538568768,0.024601906382511297,0.09329419934611509,0.06280566812070312,2.456716600107029
159.0,0.2760169840940012,4.000000000000001,0.08973165350858676,0.02458738901494193,0.09303928922749334,0.06247321944965639,2.4568506001960486
160.0,0.2759305392413795,4.0,0.08947227367161228,0.02457232381908959,0.09278516505259925,0.06214232741489445,2.456984900170937
161.0,0.2758445659265489,4.0,0.08921382270079849,0.0245567223450069,0.0925318257315788,0.061812985429240574,2.4571218001656234
162.0,0.27575906140894674,3.999999999999999,0.0889562974457506,0.02454059592598819,0.09227927017298893,0.061485186936320435,2.457258600043133
163.0,0.2756740229619403,4.0,0.08869969477893327,0.024523955682605396,0.09202749728313987,0.061158925410101955,2.4573960001580417
164.0,0.27558944787277373,4.0,0.08844401159498053,0.02450681252666821,0.09177650596547197,0.060834194354447035,2.457534700166434
165.0,0.27550533344251354,4.0,0.08818924481002532,0.02448917716511289,0.09152629511996466,0.06051098730267754,2.457684600027278
166.0,0.2754216769859972,4.0,0.08793539136104939,0.024471060103816812,0.09127686364257667,0.060189297817150905,2.4578327001072466
167.0,0.2753384758317816,4.000000000000001,0.08768244820525234,0.024452471651345044,0.09102821042471719,0.05986911948885104,2.4579767000395805
168.0,0.27525572732209425,4.0,0.08743041231944002,0.024433421922624064,0.09078033435274545,0.05955044593698838,2.4581240001134574
169.0,0.27517342881278245,4.000000000000001,0.08717928069943054,0.024413920842551676,0.09053323430749882,0.059233270808612626,2.4582731002010405
170.0,0.2750915776732668,3.9999999999999996,0.08692905035947959,0.024393978149535984,0.09028690916384823,0.05891758777823636,2.4584286001045257
171.0,0.27501017128649274,4.000000000000001,0.08667971833172206,0.024373603398972345,0.09004135779027918,0.058603390547469214,2.4585810001008213
172.0,0.2749292070488849,3.9999999999999996,0.08643128166563221,0.024352805966652482,0.0897965790484987,0.05829067284466333,2.458732800092548
173.0,0.27484868237030036,4.000000000000002,0.08618373742749906,0.024331595052113377,0.08955257179306539,0.05797942842456785,2.4588856000918895
174.0,0.2747685946739845,4.0,0.08593708269992027,0.024309979681922077,0.0893093348710447,0.05766965106799582,2.45904040010646
175.0,0.2746889413965252,4.000000000000001,0.08569131458130953,0.024287968712900728,0.08906686712168446,0.0573613345814975,2.4591985000297427
176.0,0.2746097199878101,3.999999999999999,0.08544643018542192,0.024265570835290642,0.08882516737611412,0.05705447279704698,2.4593609001021832
177.0,0.27453092791098177,4.000000000000001,0.0852024266408925,0.02424279457585905,0.08858423445706334,0.05674905957173482,2.4595244000665843
178.0,0.2744525626423962,4.0,0.08495930109079189,0.024219648300946778,0.08834406717860224,0.05644508878747198,2.4596973001025617
179.0,0.2743746216715788,3.9999999999999996,0.08471705069219376,0.024196140219460465,0.08810466434589896,0.056142554350702006,2.459870600141585
180.0,0.2742971025011828,3.9999999999999996,0.08447567261575885,0.024172278385808658,0.08786602475499788,0.05584145019212061,2.4600394000299275
181.0,0.27422000264694757,3.9999999999999996,0.08423516404533143,0.02414807070278291,0.08762814719261443,0.05554177026640583,2.4602070001419634
182.0,0.27414331963765665,4.0,0.08399552217754948,0.024123524924386762,0.08739103043594758,0.05524350855195398,2.4605084001086652
183.0,0.2740670510150968,4.000000000000001,0.08375674422146827,0.024098648658610458,0.08715467325250899,0.05494665905062576,2.460688600083813
184.0,0.2739911943340171,3.999999999999999,0.08351882739819626,0.02407344937015506,0.08691907439996768,0.05465121578749857,2.4608519000466913
185.0,0.27391574716208716,4.0,0.08328176894054369,0.024047934383106522,0.08668423262601051,0.05435717281062663,2.4610148000065237
186.0,0.2738407070798581,3.999999999999999,0.08304556609268368,0.02402211088355819,0.08645014666821715,0.0540645241908089,2.461169500136748
187.0,0.27376607168072054,4.0,0.08281021610982398,0.023995985922186443,0.0862168152539487,0.053773264021363704,2.461323200026527
188.0,0.27369183857086565,4.000000000000001,0.08257571625789195,0.023969566416776958,0.0859842371002509,0.053483386417910395,2.461476900149137
189.0,0.2736180053692442,3.999999999999999,0.08234206381322945,0.023942859154704902,0.08575241091376958,0.053194885518157514,2.461629700148478
190.0,0.2735445697075262,4.0,0.08210925606229869,0.02391587079536903,0.0855213353906785,0.0529077554816986,2.461796500021592
191.0,0.2734715292300618,4.0,0.08187729030139985,0.023888607872579255,0.08529100921662003,0.05262199048981264,2.4619523000437766
192.0,0.27339888159384035,4.000000000000001,0.08164616383639788,0.023861076796901894,0.0850614310666566,0.052337584745271865,2.462102700024843
193.0,0.27332662446845124,4.000000000000002,0.08141587398245974,0.023833283857958926,0.08483259960523319,0.052054532472155024,2.4622516999952495
194.0,0.2732547555360436,4.0,0.08118641806380228,0.023805235226685578,0.08460451348615104,0.05177282791566762,2.4623987001832575
195.0,0.27318327249128616,4.0,0.08095779341344794,0.023776936957546794,0.0843771713525505,0.05149246534196619,2.4625409999862313
196.0,0.2731121730413275,4.000000000000001,0.08072999737299157,0.02374839499071073,0.0841505718369046,0.051213439037988584,2.4626835000235587
197.0,0.2730414549057566,4.0,0.08050302729237549,0.023719615154182323,0.08392471356102127,0.05093574331129122,2.462824400048703
198.0,0.27297111581656175,4.0,0.08027688052967315,0.023690603165897817,0.08369959513605466,0.05065937248988961,2.4629658001940697
199.0,0.2729011535180912,4.000000000000002,0.08005155445088177,0.0236613646357794,0.08347521516252475,0.050384320922103265,2.4631061002146453
200.0,0.27283156576701295,4.0,0.0798270464297234,0.023631905067751622,0.08325157223034553,0.050110582976409496,2.4632474000100046
201.0,0.2727623503322742,3.9999999999999996,0.07960335384745322,0.02360222986172134,0.08302866491886025,0.04983815304129688,2.4633887000381947
202.0,0.27269350499506106,4.000000000000001,0.07938047409267732,0.023572344315519255,0.08280649179688515,0.0495670255251274,2.4635288000572473
203.0,0.2726250275487588,4.0,0.07915840456117662,0.023542253626805558,0.08258505142275899,0.049297194856000204,2.4636621000245214
204.0,0.2725569157989101,3.999999999999999,0.07893714265573881,0.023511962894941594,0.0823643423444003,0.049028655481622496,2.463807900203392
205.0,0.27248916756317515,4.000000000000002,0.07871668578599751,0.023481477122824466,0.08214436309937032,0.04876140186918149,2.463943400187418
206.0,0.27242178067129125,4.000000000000001,0.07849703136827915,0.023450801218688533,0.08192511221494325,0.04849542850522323,2.4640781001653522
207.0,0.27235475296503087,4.0,0.07827817682545525,0.02341993999787339,0.0817065882081808,0.04823072989553401,2.4642113000154495
208.0,0.2722880822981612,4.0,0.0780601195868021,0.023388898184559043,0.08148878958601309,0.0479673005650256,2.4643444002140313
209.0,0.27222176653640295,4.000000000000001,0.0778428570878675,0.023357680413467283,0.08127171484532511,0.04770513505762458,2.4644780000671744
210.0,0.2721558035573892,3.9999999999999987,0.07762638677034285,0.02332629123153367,0.08105536247304791,0.047444227936165595,2.46461070002988
211.0,0.2720901912506231,3.999999999999999,0.07741070608194107,0.023294735099546122,0.08083973094625374,0.04718457378228741,2.4647444000001997
212.0,0.2720249275174371,4.000000000000001,0.07719581247628157,0.023263016393754537,0.08062481873225714,0.0469261671963323,2.4648774000816047
213.0,0.27196001027095107,3.9999999999999987,0.07698170341278042,0.02323113940744877,0.0804106242887195,0.04666900279724995,2.46501010004431
214.0,0.2718954374360296,3.999999999999999,0.0767683763565449,0.02319910835250927,0.08019714606375708,0.046413075222502403,2.4651429001241922
215.0,0.2718312069492408,4.0,0.07655582877827552,0.023166927360927014,0.07998438249605423,0.04615837912797499,2.465276300208643
216.0,0.27176731675881327,4.000000000000001,0.07634405815417146,0.023134600486295617,0.07977233201497887,0.04590490918788723,2.4654094001743942
217.0,0.27170376482459446,4.0,0.07613306196584227,0.02310213170527563,0.0795609930407023,0.04565266009470825,2.4655424000229686
218.0,0.27164054911800717,3.9999999999999996,0.07592283770022332,0.023069524919032268,0.07935036398432146,0.045401626559074704,2.4656742000952363
219.0,0.2715776676220074,4.0,0.07571338284949698,0.0230367839546447,0.07914044324798465,0.04515180330971216,2.4658212000504136
220.0,0.27151511833104125,4.0,0.07550469491101808,0.02300391256649036,0.07893122922502001,0.04490318509335714,2.465957700042054
221.0,0.27145289925100186,3.999999999999999,0.07529677138724324,0.022970914437602893,0.07872272030006613,0.04465576667468324,2.466091300128028
222.0,0.27139100839918584,3.9999999999999996,0.07508960978566549,0.022937793181005063,0.07851491484920603,0.04440954283622919,2.466226499993354
223.0,0.2713294438042505,3.9999999999999996,0.07488320761875208,0.02290455234101629,0.07830781124010226,0.04416450837832994,2.4663603000808507
224.0,0.2712682035061693,4.0,0.07467756240388687,0.022871195394536387,0.07810140783213501,0.04392065811904797,2.4664944000542164
225.0,0.27120728555618945,3.999999999999999,0.0744726716633169,0.02283772575230406,0.07789570297654203,0.04367798689410998,2.4666274001356214
226.0,0.27114668801678626,3.9999999999999996,0.07426853292410131,0.02280414676013442,0.07769069501655954,0.04343428526357007,2.466760399984196
227.0,0.27108640896162095,3.9999999999999996,0.0740651437180657,0.022770461700130584,0.07748638228756612,0.043181873784614355,2.466894500190392
228.0,0.2710264464754948,4.0,0.07386250158175908,0.022736673791874454,0.07728276311722733,0.04293055018722569,2.4670274001546204
229.0,0.27096679865430584,3.999999999999999,0.07366060405641364,0.022702786193594154,0.07707983582564114,0.042680309955070966,2.467160000000149
230.0,0.2709074636050039,3.999999999999999,0.07345944868790878,0.02266880200331133,0.07687759872548593,0.04243114858982108,2.4672923001926392
231.0,0.27084843944554604,4.0,0.0732590330267382,0.02263472425996454,0.07667605012216883,0.04218306161103122,2.467424600152299
232.0,0.2707897243048517,4.000000000000001,0.07305935462797912,0.02260055594451442,0.07647518831397501,0.04193604455602257,2.467570200096816
233.0,0.27073131632275793,3.9999999999999996,0.07286041105126571,0.022566299981025398,0.07627501159221826,0.04169009297976872,2.467707000207156
234.0,0.27067321364997377,3.9999999999999996,0.07266219986076373,0.022531959237730364,0.07607551824139167,0.041445202454783975,2.467840700177476
235.0,0.2706154144480356,4.0,0.07246471862514971,0.022497536528072126,0.07587670653931981,0.041201368571013225,2.4679746001493186
236.0,0.2705579168892618,4.0,0.07226796491759138,0.022463034611728265,0.07567857475731107,0.040958586935727265,2.4681082000024617
237.0,0.27050071915670637,4.000000000000001,0.07207193631573104,0.022428456195615006,0.0754811211603101,0.04071685317341686,2.4682413002010435
238.0,0.270443819444115,3.999999999999999,0.07187663040167186,0.022393803934872867,0.07528434400705147,0.04047616292569292,2.468374500051141
239.0,0.2703872159558771,3.9999999999999996,0.07168204476196491,0.022359080433835197,0.07508824155021246,0.04023651185118546,2.4685066000092775
240.0,0.27033090690698225,4.0,0.07148817698760081,0.02232428824697574,0.07489281203656728,0.03999789562544778,2.468713300069794
241.0,0.27027489052297254,4.0,0.0712950246740015,0.022289429879841473,0.07469805370714054,0.03976030994086177,2.4688942001666874
242.0,0.27021916503989746,4.0,0.07110258542101487,0.022254507789966287,0.07450396479736086,0.03952375050654447,2.4690353001933545
243.0,0.27016372870426725,3.999999999999999,0.07091085683291139,0.02221952438776834,0.07431054353721474,0.039288213048257775,2.4692373001016676
244.0,0.2701085797730067,4.0,0.07071983651838226,0.022184482037430238,0.07411778815139979,0.03905369330832034,2.469414400169626
245.0,0.27005371651340904,4.000000000000001,0.07052952209054013,0.022149383057762748,0.0739256968594784,0.03882018704552051,2.4695684001781046
246.0,0.26999913720308955,3.9999999999999996,0.07033991116692057,0.022114229723053255,0.07373426787603067,0.03858769003503154,2.469707200070843
247.0,0.269944840129938,4.0,0.07015100136948543,0.022079024263897226,0.0735434994108066,0.03835619806832896,2.4698432001750916
248.0,0.26989082359207384,4.0,0.06996279032462889,0.022043768868014565,0.07335338966887921,0.03812570695310927,2.4699774000328034
249.0,0.2698370858977977,3.999999999999999,0.0697752756631832,0.02200846568105109,0.07316393685079561,0.037896212513210625,2.4701111000031233
250.0,0.2697836253655455,3.999999999999999,0.0695884550204271,0.021973116807365037,0.07297513915272867,0.03766771058853524,2.47024490009062
251.0,0.26973044032384175,4.0,0.06940232603609543,0.021937724310797716,0.07278699476662748,0.03744019703497306,2.4703793001826853
252.0,0.26967752911125226,3.999999999999999,0.06921688635438969,0.021902290215431445,0.07259950188036748,0.03721366772432719,2.4705146001651883
253.0,0.26962489007633705,4.000000000000001,0.06903213362398995,0.021866816506332383,0.07241265867789978,0.036988118544240944,2.470648600021377
254.0,0.2695725215776042,4.0,0.06884806549806846,0.021831305130279244,0.07222646333939993,0.036763545398126124,2.4707816999871284
255.0,0.2695204219834614,3.9999999999999996,0.06866467963430305,0.02179575799647971,0.07204091404141524,0.03653994420509363,2.470915900077671
256.0,0.2694685896721698,4.0,0.06848197369489313,0.02176017697727185,0.07185600895701226,0.03631731089988319,2.4710497001651675
257.0,0.2694170230317969,4.0,0.06829994534657591,0.02172456390881334,0.07167174625592271,0.036095641432797115,2.4711837000213563
258.0,0.26936572046016866,4.0,0.06811859226064339,0.0216889205917577,0.07148812410468858,0.035874931769634105,2.471318199997768
259.0,0.2693146803648229,4.0,0.06793791211296053,0.021653248791918402,0.07130514066680652,0.03565517789162298,2.4714598001446575
260.0,0.2692639011629619,4.0,0.06775790258398447,0.02161755024091885,0.07112279410287098,0.0354363757953611,2.4715980000328273
261.0,0.2692133812814046,3.9999999999999996,0.06757856135878373,0.021581826636832786,0.07094108257071641,0.035218521492749816,2.471733800135553
262.0,0.2691631191565401,4.0,0.06739988612705913,0.021546079644810628,0.07076000422555853,0.03500161101093449,2.4718677001073956
263.0,0.26911311323427994,3.9999999999999996,0.06722187458316478,0.021510310897694514,0.07057955722013429,0.03478564039224291,2.47200240008533
264.0,0.26906336197001046,4.000000000000001,0.06704452442612936,0.02147452199662363,0.07039973970484073,0.03457060569412643,2.47213610005565
265.0,0.26901386382854614,4.0,0.06686783335967951,0.02143871451162517,0.07022054982787329,0.03435650298910253,2.4722703001461923
266.0,0.26896461728408183,3.9999999999999996,0.06669179909226168,0.02140288998219694,0.07004198573536177,0.03414332836469619,2.472461400087923
267.0,0.2689156208201453,3.9999999999999996,0.06651641933706587,0.02136704991787804,0.0698640455715061,0.03393107792338382,2.4725977000780404
268.0,0.2688668729295504,3.999999999999999,0.06634169181204963,0.021331195798808444,0.06968672747871058,0.033719747782538556,2.4727326000574976
269.0,0.2688183721143491,4.0,0.0661676142399621,0.02129532907627915,0.06951002959771672,0.03350933407437484,2.4728687000460923
270.0,0.2687701168857851,3.9999999999999996,0.06599418434836891,0.02125945117327114,0.06933395006773521,0.03329983294589464,2.4730022000148892
271.0,0.2687221057642455,4.0,0.06582139986967675,0.021223563484985004,0.06915848702657593,0.03309124055883558,2.473136099986732
272.0,0.26867433727921414,4.0,0.065649258541159,0.02118766737936008,0.06898363861077739,0.03288355308961763,2.473271200200543
273.0,0.2686268099692245,4.0,0.06547775810498102,0.02115176419758437,0.06880940295573433,0.03267676672929154,2.47340610018
274.0,0.26857952238181193,4.0,0.06530689630822618,0.021115855254594838,0.06863577819582442,0.032470877683489774,2.473551500122994
275.0,0.2685324730734674,3.9999999999999996,0.06513667090292179,0.021079941839567982,0.06846276246453328,0.03226588217237489,2.4736880999989808
276.0,0.26848566060958906,3.999999999999999,0.0649670796460649,0.02104402521640169,0.0682903538945779,0.0320617764305913,2.4738221000880003
277.0,0.2684390835644365,4.0,0.06479812029964918,0.02100810662418812,0.06811855061802963,0.03185855670721546,2.47395610017702
278.0,0.26839274052108303,4.000000000000001,0.06462979063069088,0.020972187277677398,0.06794735076643468,0.03165621926570994,2.474089600145817
279.0,0.26834663007136883,4.000000000000001,0.06446208841125561,0.02093626836773297,0.06777675247093409,0.031454760383874125,2.4742231001146138
280.0,0.26830075081585397,3.999999999999999,0.06429501141848472,0.02090035106177828,0.06760675386238166,0.03125417635379821,2.4743571002036333
281.0,0.26825510136377145,4.0,0.06412855743462166,0.020864436504235483,0.06743735307146065,0.03105446348181648,2.474490800173953
282.0,0.268209680332981,4.0,0.06396272424703917,0.02082852581695509,0.0672685482287996,0.030855618088462433,2.4746235001366585
283.0,0.2681644863499215,4.0,0.0637975096482651,0.020792620099638774,0.06710033746508567,0.03065763650842296,2.4747572001069784
284.0,0.2681195180495649,4.0,0.0636329114360094,0.020756720430253506,0.06693271891117765,0.030460515090493828,2.4748903000727296
285.0,0.2680747740753695,4.000000000000001,0.06346892741319043,0.020720827865437736,0.06676569069821668,0.030264250197535536,2.475023000035435
286.0,0.26803025307923345,4.000000000000002,0.06330555538796133,0.020684943440900976,0.0665992509577361,0.0300688382064295,2.4751558999996632
287.0,0.2679859537214482,3.9999999999999996,0.06314279317373618,0.02064906817181512,0.06643339782176953,0.029874275508034676,2.4752896002028137
288.0,0.267941874670652,4.000000000000001,0.06298063858921571,0.020613203053198918,0.06626812942295728,0.029680558507144322,2.4754220000468194
289.0,0.2678980146037845,4.0,0.06281908945841418,0.020577349060294358,0.06610344389465227,0.029487683622444583,2.4755664002150297
290.0,0.26785437220603936,3.9999999999999982,0.06265814361068424,0.02054150714893787,0.06593933937102339,0.029295647286470883,2.4757010000757873
291.0,0.2678109461708189,4.0,0.062497798880742715,0.020505678255922276,0.06577581398715769,0.02910444594556788,2.47583660017699
292.0,0.26776773519968833,3.999999999999999,0.062338053108696716,0.02046986329935384,0.0656128658791622,0.028914076059846944,2.4759694000240415
293.0,0.2677247380023292,4.000000000000001,0.06217890414006731,0.020434063179002024,0.06545049318426199,0.028724534103144794,2.476646500173956
294.0,0.26768195329649425,4.000000000000001,0.06202034982581591,0.020398278776642194,0.06528869404089957,0.02853581656298379,2.477048700209707
295.0,0.26763937980796126,4.0,0.0618623880223681,0.020362510956392778,0.06512746658883062,0.028347919940531624,2.477360700024292
296.0,0.26759701627048776,3.9999999999999996,0.06170501659163804,0.02032676056504568,0.0649668089692192,0.02816084075055983,2.4775274000130594
297.0,0.26755486142576546,4.0,0.06154823340105264,0.02029102843239083,0.06480671932473164,0.02797457552140481,2.4777042001951486
298.0,0.2675129140233751,4.0,0.06139203632357569,0.02025531537153358,0.06464719579962863,0.0277891207949289,2.4778458001092076
299.0,0.267471172820741,4.0,0.06123642323773072,0.020219622179208526,0.06448823653985608,0.027604473126480455,2.477985000004992
300.0,0.2674296365830862,3.9999999999999996,0.06108139202762474,0.0201839496360845,0.06432983969313444,0.027420629084854126,2.4781251000240445
301.0,0.2673883040833872,4.0,0.06092694058297053,0.0201482985070663,0.06417200340904647,0.02723758525225292,2.4782604000065476
302.0,0.26734717410232933,4.0,0.060773066799109626,0.020112669541589405,0.06401472583912407,0.027055338224249714,2.478395299986005
303.0,0.267306245428262,4.000000000000001,0.0606197685770341,0.020077063473910067,0.06385800513693318,0.02687388460974824,2.4785295000765473
304.0,0.2672655168571541,3.9999999999999996,0.06046704382340839,0.02004148102338901,0.06370183945815734,0.02669322103094529,2.4786646000575274
305.0,0.26722498719254917,4.0,0.06031489045059056,0.02000592289477094,0.06354622696068005,0.026513344123292204,2.47879880014807
306.0,0.2671846552455221,3.999999999999999,0.06016330637665387,0.019970389778457543,0.06339116580466589,0.026334250535458403,2.4789327001199126
307.0,0.2671445198346334,4.000000000000001,0.06001228952540632,0.019934882350777127,0.06323665415263933,0.026155936929291856,2.4790660000871867
308.0,0.2671045797858867,4.000000000000001,0.05986183782641217,0.019899401274247178,0.0630826901695638,0.02597839997978299,2.479198800167069
309.0,0.26706483393268377,4.0,0.05971194921501069,0.019863947197833708,0.06292927202291745,0.025801636375026832,2.4793349001556635
310.0,0.26702528111578117,3.999999999999999,0.05956262163233592,0.01982852075720497,0.06277639788276897,0.025625642816185817,2.4794825999997556
311.0,0.2669859201832466,4.0,0.05941385302533563,0.019793122574980535,0.0626240659218514,0.025450416017453015,2.4796341001056135
312.0,0.26694674999041534,4.0,0.05926564134679018,0.019757753260975595,0.062472274315635075,0.02527595270601518,2.4797716001048684
313.0,0.2669077693998471,4.0,0.059117984555329954,0.019722413412441096,0.062321021242398356,0.02510224962201535,2.479905700078234
314.0,0.26686897728128267,4.0,0.0589708806154536,0.01968710361429914,0.062170304883298035,0.02492930351851716,2.4800400000531226
315.0,0.2668303725116008,3.9999999999999996,0.05882432749754526,0.019651824439373848,0.0620201234224379,0.024757111161467255,2.4801733000203967
316.0,0.26679195397477573,3.999999999999999,0.058678323177890866,0.019616576448617962,0.061870475046935575,0.024585669329659998,2.480307500110939
317.0,0.26675372056183394,3.999999999999999,0.05853286563869497,0.019581360191335963,0.0617213579469891,0.024414974814699314,2.4804418000858277
318.0,0.2667156711708121,4.0,0.058387952868096504,0.019546176205401253,0.06157277031594122,0.024245024420965128,2.4805752001702785
319.0,0.2666778047067143,4.000000000000001,0.05824358286018426,0.019511025017471567,0.06142471035034314,0.024075814965574344,2.4807085001375526
320.0,0.2666401200814703,4.000000000000001,0.058099753615011726,0.019475907143198273,0.061277176250016205,0.02390734327834626,2.480841600103304
321.0,0.2666026162138926,3.9999999999999996,0.05795646313861161,0.019440823087433324,0.06113016621811302,0.023739606201766045,2.480974600184709
322.0,0.26656529202963547,3.999999999999999,0.05781370944301006,0.019405773344431214,0.06098367846117703,0.02357260059094954,2.481107300147414
323.0,0.2665281464611525,3.999999999999999,0.05767149054624012,0.019370758398048086,0.06083771118920085,0.023406323313606175,2.4812409000005573
324.0,0.2664911784476556,4.000000000000001,0.05752980447235486,0.019335778721936293,0.06069226261568327,0.023240771250003595,2.481374500086531
325.0,0.2664543869350731,4.0,0.057388649251440334,0.01930083477973556,0.060547330957685434,0.023075941292932445,2.481518100015819
326.0,0.26641777087600876,4.0,0.05724802291962713,0.019265927025261396,0.060402914435885045,0.022911830347669443,2.481655100127682
327.0,0.2663813292297007,4.0,0.05710792351910261,0.019231055902688792,0.06025901127463024,0.022748435331942846,2.481791300000623
328.0,0.2663450609619804,4.0,0.05696834909812217,0.019196221846732673,0.06011561970199171,0.022585753175895923,2.481925900094211
329.0,0.26630896504523227,4.0,0.056829297711019654,0.01916142528282619,0.05997273794981378,0.02242378082205196,2.482058900175616
330.0,0.26627304045835254,3.999999999999999,0.05669076741821791,0.01912666662729395,0.059830364253764305,0.022262515225277946,2.4821918001398444
331.0,0.2662372861867094,4.0,0.05655275628623841,0.01909194628752332,0.059688496853383344,0.022101953352749698,2.482324599986896
332.0,0.2662017012221025,4.000000000000001,0.05641526238771115,0.019057264662131628,0.0595471339921312,0.021942092183916018,2.482457300182432
333.0,0.26616628456272334,4.000000000000001,0.05627828380138292,0.01902262214113099,0.059406273917434395,0.02178292871046314,2.4825897000264376
334.0,0.26613103521311493,4.0,0.05614181861212606,0.0189880191060896,0.0592659148807313,0.02162445993627904,2.4827212002128363
335.0,0.2660959521841324,3.999999999999999,0.05600586491094634,0.018953455930289874,0.059126055137516245,0.021466682877418736,2.4828546000644565
336.0,0.26606103449290314,3.9999999999999996,0.055870420794990314,0.018918932978884324,0.05898669294738265,0.02130959456206799,2.482986600138247
337.0,0.2660262811627883,4.0,0.055735484367552816,0.01888445060904771,0.058847826574065475,0.021153192030508,2.4831186002120376
338.0,0.2659916912233431,3.999999999999999,0.055601053738083064,0.018850009170126462,0.05870945428548159,0.02099747233508059,2.48325110017322
339.0,0.2659572637102776,3.9999999999999982,0.055467127022190824,0.018815609003786253,0.058571574353770056,0.02084243254015203,2.4833861000370234
340.0,0.2659229976654187,3.999999999999999,0.05533370234165224,0.018781250444155323,0.05843418505533088,0.020688069722078317,2.483544500079006
341.0,0.26588889213667094,4.0,0.05520077782441492,0.018746933817966202,0.05829728467086287,0.020534380969168375,2.483683100203052
342.0,0.2658549461779787,3.9999999999999987,0.055068351604602994,0.01871265944469453,0.0581608714854007,0.02038136338165117,2.483817500062287
343.0,0.2658211588492872,3.9999999999999996,0.05493642182252048,0.018678427636695114,0.05802494378834985,0.020229014071637713,2.4839509001467377
344.0,0.2657875292165054,4.0,0.05480498662465634,0.018644238699335184,0.05788949987352238,0.02007733016308716,2.4840846001170576
345.0,0.2657540563514673,3.999999999999999,0.054674044163687,0.018610092931126147,0.05775453803917011,0.019926308791770875,2.4842177000828087
346.0,0.265720739331895,3.999999999999999,0.05454359259847965,0.01857599062385157,0.057620056588017554,0.01977594710523753,2.484350500162691
347.0,0.2656875772413607,4.000000000000001,0.05441363009409457,0.018541932062693854,0.057486053827293694,0.01962624226277679,2.484483400126919
348.0,0.2656545691692501,4.0,0.054284154821787604,0.018507917526357432,0.057352528068763065,0.019477191435384678,2.4846179001033306
349.0,0.26562171421072434,4.0,0.054155164959011126,0.018473947287191258,0.057219477628755296,0.019328791805728607,2.4847513001877815
350.0,0.265589011466684,4.0,0.05402665868941598,0.01844002161130711,0.05708690082819456,0.01918104056810993,2.4848849000409245
351.0,0.2655564600437321,3.9999999999999996,0.05389863420285173,0.018406140758697058,0.05695479599262724,0.019033934928431362,2.4850179001223296
352.0,0.26552405905413723,3.9999999999999996,0.05377108969536702,0.018372304983348253,0.0568231614522491,0.018887472104159198,2.4851511002052575
353.0,0.2654918076157976,4.000000000000001,0.05364402336921001,0.018338514533355568,0.05669199554193204,0.018741649324288873,2.4855621000751853
354.0,0.26545970485220527,3.999999999999999,0.05351743343282763,0.018304769651031578,0.05656129660124901,0.018596463829309906,2.4858801001682878
355.0,0.2654277498924091,3.9999999999999996,0.0533913181008642,0.018271070573015982,0.05643106297449836,0.0184519128711694,2.486204800195992
356.0,0.26539594187098,4.0,0.05326567559416092,0.018237417530381456,0.056301293010728046,0.01830799371323763,2.486375000094995
357.0,0.2653642799279749,4.000000000000001,0.05314050413975366,0.018203810748737965,0.05617198506375792,0.018164703630271645,2.4865290001034737
358.0,0.2653327632089016,4.0,0.05301580197087124,0.01817025044833505,0.05604313749220197,0.018022039908380832,2.4866747001651675
359.0,0.2653013908646832,3.999999999999999,0.05289156732693239,0.01813673684416344,0.055914748659489276,0.01787999984499042,2.486819599987939
360.0,0.26527016205162346,3.9999999999999996,0.052767798453543346,0.01810327014605231,0.055786816933884306,0.017738580748806493,2.487011400051415
361.0,0.26523907593137197,4.0,0.05264449360249436,0.018069850558766733,0.05565934068850647,0.017597779939780317,2.4872622000984848
362.0,0.2652081316708892,3.9999999999999996,0.05252165103175622,0.01803647828210286,0.055532318301349054,0.01745759474907374,2.4874691001605242
363.0,0.2651773284424124,4.0,0.052399269005475826,0.018003153510980315,0.05540574815529651,0.017318022519021536,2.4876360001508147
364.0,0.2651466654234213,4.0,0.0522773457939723,0.01796987643553456,0.0552796286381424,0.017179060603098095,2.487796900095418
365.0,0.26511614179660387,4.0,0.052155879673731774,0.017936647241205642,0.05515395814260512,0.017040706365881036,2.487956800032407
366.0,0.2650857567498226,4.0,0.0520348689274024,0.017903466108827083,0.05502873506634391,0.01690295718301532,2.4881145001854748
367.0,0.26505550947608103,3.9999999999999996,0.05191431184378896,0.01787033321471142,0.05490395781197367,0.016765810441177864,2.488267700187862
368.0,0.2650253991734895,4.0,0.051794206717846784,0.017837248730735552,0.05477962478707911,0.01662926353804292,2.4884200000669807
369.0,0.264995425045233,4.000000000000001,0.051674551850675765,0.01780421282442349,0.054655734404228294,0.016493313882244565,2.488572700181976
370.0,0.2649655862995372,4.0,0.051555345549513645,0.01777122565902814,0.054532285080985336,0.016357958893343322,2.4887254000641406
371.0,0.2649358821496358,3.999999999999999,0.05143658612772923,0.017738287393610927,0.0544092752399225,0.016223196001788953,2.488877300173044
372.0,0.2649063118137376,4.0,0.051318271904814784,0.01770539818312096,0.05428670330863134,0.01608902264888562,2.4890489000827074
373.0,0.26487687451499436,3.999999999999999,0.05120040120637922,0.017672558178471316,0.05416456771973401,0.01595543628675622,2.489199500065297
374.0,0.2648475694814682,3.9999999999999987,0.05108297236413937,0.017639767526615092,0.054042866910892606,0.01582243437830652,2.489348800154403
375.0,0.26481839594609935,4.0,0.05096598371591226,0.017607026370619686,0.053921599324819096,0.015690014397189866,2.4894990001339465
376.0,0.2647893531466745,3.9999999999999982,0.050849433605606724,0.017574334849738648,0.05380076340928393,0.015558173827771415,2.489647300215438
377.0,0.2647604403257946,3.9999999999999987,0.05073332038321391,0.0175416930994842,0.053680357617123975,0.015426910165092733,2.4897937001660466
378.0,0.26473165673084337,4.000000000000001,0.05061764240479858,0.01750910125169657,0.053560380406250156,0.015296220914835734,2.48993630008772
379.0,0.26470300161395627,3.999999999999999,0.05050239803248999,0.017476559434612675,0.05344083023965475,0.015166103593287655,2.490078700007871
380.0,0.2646744742319886,4.0,0.05038758563447106,0.017444067772934082,0.05332170558541682,0.01503655572730514,2.4902223001699895
381.0,0.2646460738464851,4.0,0.050273203584969554,0.017411626387892214,0.0532030049167088,0.014907574854278599,2.490365300094709
382.0,0.26461779972364863,3.9999999999999996,0.05015925026424711,0.017379235397313997,0.053084726711801256,0.014779158522096547,2.490509800147265
383.0,0.26458965113430954,3.999999999999999,0.050045724058588294,0.017346894915685307,0.05296686945406715,0.01465130428911035,2.4906523001845926
384.0,0.26456162735389555,4.0,0.049932623360290425,0.01731460505421333,0.05284943163198645,0.014524009724098536,2.4907947001047432
385.0,0.26453372766240113,4.0,0.04981994656765209,0.017282365920887575,0.05273241173914925,0.014397272406230371,2.490948500111699
386.0,0.2645059513443574,3.999999999999999,0.049707692084961654,0.01725017762054051,0.052615808274258755,0.014271089925031677,2.4910948001779616
387.0,0.264478297688802,3.999999999999999,0.04959585832248549,0.017218040254906104,0.052499619741133555,0.014145459880348266,2.4912363002076745
388.0,0.2644507659892498,4.0,0.04948444369645607,0.017185953922677896,0.05238384464870958,0.014020379882310724,2.491375000216067
389.0,0.26442335554366303,4.000000000000001,0.04937344662906004,0.017153918719565498,0.052268481511041624,0.013895847551298551,2.4915138999931514
390.0,0.264396065654422,4.000000000000002,0.049262865548425294,0.017121934738350372,0.05215352884730387,0.01377186051790516,2.4921017000451684
391.0,0.2643688956282956,4.000000000000002,0.04915269888860856,0.01709000206894064,0.05203898518179056,0.013648416422901738,2.4922466001007706
392.0,0.26434184477641265,4.0,0.04904294508958244,0.017058120798424288,0.051924849043915706,0.013525512917201832,2.492385799996555
393.0,0.2643149124142327,4.0,0.04893360259722181,0.017026291011122095,0.05181111896821232,0.013403147661826348,2.4925239000003785
394.0,0.2642880978615175,4.000000000000001,0.04882466986329084,0.016994512788638994,0.0516977934943316,0.013281318327866831,2.49266150011681
395.0,0.26426140044230295,3.9999999999999987,0.04871614534542974,0.016962786209914343,0.05158487116704176,0.013160022596451965,2.4927991000004113
396.0,0.26423481948486977,3.9999999999999996,0.04860802750713947,0.016931111351272597,0.05147235053622497,0.013039258158709793,2.4929500999860466
397.0,0.26420835432171624,4.0,0.04850031481776925,0.01689948828647051,0.05136023015687606,0.012919022715733752,2.4930893999990076
398.0,0.26418200428953,4.0,0.048393005752501446,0.01686791708674603,0.051248508589099226,0.012799313978546917,2.493227700004354
399.0,0.26415576872916,4.0,0.04828609879233718,0.016836397820864674,0.051137184398104704,0.012680129668066337,2.493365600006655
400.0,0.2641296469855893,3.999999999999999,0.048179592424081555,0.01680493055516542,0.05102625615420505,0.012561467515067287,2.4938556000124663
401.0,0.26410363840790707,3.9999999999999996,0.048073485140328914,0.01677351535360615,0.050915722432811325,0.012443325260149407,2.494129200000316
402.0,0.264077742349282,4.0,0.047967775439447656,0.016742152277807516,0.050805581814428354,0.012325700653699312,2.4942791000939906
403.0,0.2640519581669347,4.0,0.04786246182556511,0.016710841387096435,0.05069583288465013,0.012208591455856288,2.494417100213468
404.0,0.26402628522211113,4.0,0.04775754280855179,0.016679582738548544,0.05058647423415416,0.012091995436477265,2.494559600017965
405.0,0.26400072288005555,4.0,0.047653016904005904,0.01664837638703015,0.05047750445869621,0.011975910375100901,2.4946940999943763
406.0,0.26397527050998404,3.9999999999999996,0.04754888263323756,0.016617222385239126,0.05036892215910414,0.011860334060911998,2.49482940020971
407.0,0.263949927485058,4.0,0.047445138523252564,0.016586120783744766,0.05026072594127142,0.011745264292707558,2.4949642000719905
408.0,0.26392469318235845,4.000000000000001,0.0473417831067366,0.01655507163102769,0.050152914416150815,0.01163069887886048,2.4950988001655787
409.0,0.2638995669828594,4.000000000000001,0.047238814922038685,0.01652407497351793,0.05004548619974699,0.011516635637284334,2.495233900146559
410.0,0.263874548271402,4.0,0.047136232513154644,0.016493130855633354,0.04993843991310924,0.011403072395399005,2.4953681000042707
411.0,0.2638496364366689,4.0,0.04703403442971038,0.01646223931981675,0.04983177418232369,0.011290006990094692,2.4955017000902444
412.0,0.2638248308711588,4.000000000000001,0.04693221922694554,0.016431400406571702,0.04972548763850548,0.011177437267696905,2.495635900180787
413.0,0.2638001309711612,4.000000000000001,0.04683078546569612,0.016400614154499307,0.049619578917790286,0.011065361083932801,2.4959735001903027
414.0,0.26377553613673055,4.0,0.046729731712377647,0.016369880600332384,0.049514046661325625,0.010953776303893548,2.4961293002124876
415.0,0.26375104577166186,4.000000000000001,0.04662905653896761,0.016339199778970748,0.049408889515261886,0.010842680802002014,2.496270200004801
416.0,0.2637266592834654,4.0,0.04652875852298878,0.016308571723514194,0.04930410613074338,0.010732072461975772,2.496409200131893
417.0,0.26370237608334224,4.0,0.04642883624749086,0.016277996465296155,0.04919969516389828,0.010621949176793294,2.4965479001402855
418.0,0.26367819558615924,4.0,0.04632928830103368,0.01624747403391598,0.049095655275829354,0.010512308848659002,2.496686300029978
419.0,0.2636541172104252,4.000000000000001,0.04623011327766892,0.016217004457270787,0.04899198513260348,0.010403149388967331,2.4968247001525015
420.0,0.2636301403782664,4.0,0.04613130977692286,0.01618658776158645,0.04888868340524174,0.010294468718270194,2.496963000157848
421.0,0.26360626451540187,4.000000000000001,0.046032876403777345,0.016156223971449245,0.048785748769708065,0.010186264766239128,2.497110200114548
422.0,0.2635824890511209,4.000000000000001,0.04593481176865316,0.016125913109834474,0.04868317990689935,0.010078535471633648,2.4972528000362217
423.0,0.26355881341825776,4.000000000000001,0.04583711448739078,0.016095655198137097,0.048580975502633614,0.00997127878226442,2.497387700015679
424.0,0.26353523705316906,4.000000000000001,0.045739783181232334,0.01606545025620021,0.048479134247638826,0.009864492654959395,2.497521399985999
425.0,0.26351175939570975,4.0,0.04564281647680361,0.01603529830234326,0.048377654837541556,0.00975817505552909,2.497655900195241
426.0,0.2634883798892101,4.0,0.04554621300609504,0.01600519935339062,0.04827653597285494,0.00965232395873264,2.497789300046861
427.0,0.26346509798045264,4.0,0.045449971406443516,0.01597515342469781,0.048175776358966624,0.00954693734824219,2.497923100134358
428.0,0.2634419131196488,4.0,0.045354090320513775,0.01594516053017891,0.04807537470612681,0.009442013216609452,2.4980648001655936
429.0,0.2634188247604166,3.999999999999999,0.04525856839627929,0.015915220682332927,0.047975329729435405,0.009337549565231112,2.4982012000400573
430.0,0.26339583235975733,4.0,0.045163404287003744,0.015885333892269215,0.047875640148829605,0.009233544404313482,2.4983356001321226
431.0,0.2633729353780335,4.0,0.04506859665122225,0.015855500169732757,0.047776304689071104,0.009129995752839737,2.4984697001054883
432.0,0.26335013327894663,3.999999999999999,0.04497414415272221,0.01582571952312916,0.04767732207973293,0.009026901638534562,2.498603800078854
433.0,0.26332742552951405,4.0,0.04488004546052393,0.01579599195954888,0.047578691055185904,0.008924260097830428,2.4987378001678735
434.0,0.26330481160004815,4.0,0.04478629924886245,0.015766317484790782,0.047480410354586,0.008822069175833502,2.498872200027108
435.0,0.2632822909641334,3.999999999999999,0.04469290419716745,0.015736696103385923,0.04738247872185993,0.008720326926289296,2.499006000114605
436.0,0.26325986309860516,3.999999999999999,0.04459985899004439,0.01570712781862034,0.04728489490569182,0.008619031411548739,2.499150900170207
437.0,0.2632375274835277,3.999999999999999,0.044507162317255246,0.015677612632557285,0.04718765765950907,0.008518180702534212,2.4992872001603246
438.0,0.26321528360217306,4.0,0.044414812873699396,0.01564815054605953,0.04709076574146864,0.008417772878705904,2.4994208000134677
439.0,0.2631931309409994,3.9999999999999987,0.044322809359393686,0.015618741558811012,0.04699421791444227,0.008317806028027647,2.499554800102487
440.0,0.26317106898962983,3.9999999999999996,0.04423115047945326,0.015589385669337963,0.046898012946002286,0.008218278246932886,2.4996890001930296
441.0,0.26314909724083163,3.999999999999999,0.04413983494407237,0.015560082875029656,0.04680214960840735,0.008119187640291597,2.4998228000476956
442.0,0.26312721519049515,3.9999999999999996,0.044048861468504306,0.015530833172158828,0.04670662667858719,0.008020532321376062,2.499955400126055
443.0,0.26310542233761286,4.0,0.04395822877304216,0.015501636555901983,0.04661144293812827,0.007922310411827532,2.5000975001603365
444.0,0.2630837181842593,4.0,0.04386793558299938,0.015472493020358458,0.046516597173258754,0.007824520041623179,2.5002329000271857
445.0,0.26306210223557003,4.0,0.04377798062868973,0.015443402558569982,0.0464220881748331,0.007727159349041057,2.50036760000512
446.0,0.26304057399972147,3.999999999999999,0.04368836264540786,0.01541436516253981,0.04632791473831722,0.007630226480628333,2.500502300215885
447.0,0.26301913298791063,3.9999999999999996,0.043599080373409385,0.015385380823250831,0.04623407566377277,0.007533719591167276,2.500635900069028
448.0,0.2629977787143355,3.999999999999999,0.04351013255789168,0.015356449530683793,0.04614056975584224,0.007437636843641543,2.500769600039348
449.0,0.2629765106961743,4.0,0.04342151794897344,0.015327571273835472,0.046047395823732844,0.007341976409204087,2.5009036001283675
450.0,0.26295532845356656,3.999999999999999,0.04333323530167568,0.015298746040735339,0.04595455268120131,0.007246736467143022,2.5010451001580805
451.0,0.2629342315095927,4.0,0.04324528337590106,0.015269973818463798,0.045862039146537685,0.007151915204848036,2.5011813000310212
452.0,0.2629132193902556,4.0,0.043157660936415224,0.015241254593167806,0.045769854042550094,0.007057510817779777,2.501314900116995
453.0,0.2628922916244594,4.0,0.04307036675282567,0.015212588350078418,0.045677996196547985,0.00696352150943394,2.501448000082746
454.0,0.26287144774399235,3.999999999999999,0.04298339959956316,0.015183975073526089,0.04558646444032689,0.006869945491310536,2.5015806001611054
455.0,0.2628506872835061,3.999999999999999,0.04289675825586094,0.01515541474695722,0.04549525761015165,0.006776780982879593,2.5017138000112027
456.0,0.26283000978049753,3.999999999999999,0.04281044150573564,0.015126907352948929,0.04540437454674068,0.006684026211550065,2.5019234002102166
457.0,0.26280941477528963,4.0,0.04272444813796691,0.015098452873225183,0.04531381409524943,0.006591679412635498,2.502329400042072
458.0,0.2627889018110129,4.0,0.04263877694607791,0.01507005128867102,0.04522357510525412,0.006499738829322282,2.502504700096324
459.0,0.2627684704335866,4.0,0.04255342672831535,0.015041702579347475,0.045133656430735275,0.006408202712637812,2.502658399986103
460.0,0.26274812019170046,4.0,0.04246839628762977,0.015013406724505999,0.04504405693006135,0.0063170693214162355,2.502836500061676
461.0,0.26272785063679627,3.999999999999999,0.042383684431655605,0.014985163702602515,0.04495477546597204,0.006226336922267706,2.5029887000564486
462.0,0.26270766132304946,4.0,0.04229928997269116,0.014956973491311303,0.044865810905561486,0.00613600378954593,2.5031299002002925
463.0,0.26268755180735137,4.0,0.042215211727679385,0.01492883606753851,0.04477716212026213,0.0060460682053148085,2.503270599991083
464.0,0.2626675216492912,4.0,0.042131448518187724,0.014900751407435207,0.04468882798582756,0.005956528459317129,2.5034860000014305
465.0,0.26264757041113784,4.000000000000001,0.04204799917038822,0.014872719486411102,0.044600807382315866,0.005867382848943309,2.5037262002006173
466.0,0.26262769765782296,4.0,0.04196486251503816,0.0148447402791464,0.04451309919407282,0.005778629679197539,2.5038716001436114
467.0,0.2626079029569224,4.0,0.041882037387459825,0.014816813759605382,0.04442570230971497,0.0056902672626676365,2.5040107001550496
468.0,0.2625881858786393,4.0,0.04179952262752129,0.014788939901047852,0.044338615622112845,0.005602293919492046,2.5041464001405984
469.0,0.26256854599578694,4.0,0.04171731707961635,0.014761118676041598,0.044251838028373854,0.005514707977328864,2.504280799999833
470.0,0.2625489828837709,4.0,0.04163541959264509,0.01473335005647424,0.04416536842982547,0.005427507771323753,2.504456200171262
471.0,0.2625294961205726,3.9999999999999996,0.04155382901999417,0.014705634013564705,0.04407920573199818,0.0053406916440783825,2.5045927001629025
472.0,0.26251008528673186,3.9999999999999996,0.04147254421951716,0.014677970517874726,0.043993348844608385,0.005254257945619206,2.504727000137791
473.0,0.26249074996533023,4.0,0.04139156405351495,0.014650359539320111,0.043907796681541406,0.005168205033365986,2.5048631001263857
474.0,0.26247148974197443,3.9999999999999996,0.04131088738871646,0.01462280104718109,0.043822548160834425,0.00508253127210026,2.5049988999962807
475.0,0.26245230420477905,4.0,0.04123051309625862,0.014595295010114145,0.04373760220465928,0.0049972350339339,2.505145600065589
476.0,0.26243319294435097,4.000000000000001,0.04115044005166736,0.014567841396161426,0.04365295773930541,0.004912314698278741,2.5052854001987725
477.0,0.26241415555377245,4.0,0.04107066713483814,0.014540440172761777,0.04356861369516292,0.004827768651814973,2.50542030017823
478.0,0.26239519162858443,3.9999999999999996,0.04099119323001595,0.014513091306760808,0.043484569006704915,0.004743595288459718,2.5055545000359416
479.0,0.2623763007667713,3.9999999999999996,0.04091201722577688,0.014485794764420438,0.043400822612471,0.0046597930093368045,2.50568880001083
480.0,0.26235748256874436,3.999999999999999,0.04083313801500797,0.014458550511429127,0.043317373455049615,0.004576360222746406,2.505821700207889
481.0,0.26233873663732543,3.999999999999999,0.04075455449488839,0.014431358512911177,0.043234220481061084,0.0044932953441325085,2.5059547000564635
482.0,0.26232006257773205,4.0,0.04067626556686999,0.014404218733436173,0.043151362641140396,0.004410596796054211,2.5060881001409143
483.0,0.26230145999756094,4.0,0.04059827013665852,0.014377131137027975,0.043068798889920275,0.004328263008154004,2.5062208001036197
484.0,0.2622829285067725,4.0,0.040520567114193766,0.01435009568717431,0.04298652818601358,0.004246292417127928,2.5063544001895934
485.0,0.2622644677176756,3.9999999999999996,0.040443155413631006,0.014323112346834975,0.04290454949199639,0.004164683466694075,2.5064886000473052
486.0,0.2622460772449121,3.9999999999999996,0.040366033953321896,0.014296181078451101,0.04282286177439102,0.004083434607564107,2.5066228001378477
487.0,0.2622277567054413,4.0,0.04028920165579512,0.014269301843953055,0.04274146400364834,0.004002544297411537,2.5067565999925137
488.0,0.2622095057185251,3.999999999999999,0.04021265744773821,0.014242474604769285,0.042660355154131496,0.003922011000841996,2.5068895001895726
489.0,0.26219132390571254,4.0,0.04013640025997759,0.014215699321834516,0.04257953420409781,0.003841833189363403,2.5070230001583695
490.0,0.2621732108908257,4.0,0.040060429027460834,0.014188975955597384,0.04249900013568257,0.003762009341356065,2.5071670000907034
491.0,0.2621551662999435,3.999999999999999,0.03998474268923716,0.014162304466028527,0.042418751934881295,0.0036825379420423743,2.507304600207135
492.0,0.2621371897613881,3.999999999999999,0.0399093401884388,0.014135684812628807,0.04233878859153296,0.0036034174834577715,2.5074387001805007
493.0,0.2621192809057096,4.000000000000001,0.03983422047226255,0.014109116954436063,0.04225910909930279,0.003524646464419967,2.5075800002086908
494.0,0.2621014393656719,3.999999999999999,0.039759382491951475,0.01408260085003301,0.04217971245566579,0.0034462233905008244,2.5077244001440704
495.0,0.2620836647762378,4.0,0.03968482520277537,0.014056136457554658,0.04210059766188875,0.003368146773995384,2.507859000004828
496.0,0.262065956774555,4.0,0.039610547564013235,0.01402972373469533,0.04202176372301415,0.003290415133893332,2.5079927002079785
497.0,0.26204831499994213,3.999999999999999,0.039536548538934686,0.014003362638715378,0.041943209647842976,0.0032130269958499658,2.508127400185913
498.0,0.26203073909387353,3.9999999999999996,0.03946282709478096,0.013977053126448823,0.0418649344489174,0.0031359808921554155,2.508261200040579
499.0,0.2620132286999664,4.000000000000001,0.03938938220274749,0.013950795154309465,0.04178693714250454,0.0030592753617078305,2.508394400123507
500.0,0.26199578346396635,3.9999999999999996,0.03931621283796533,0.013924588678297668,0.04170921674857927,0.002982908949982571,2.508532900130376
501.0,0.26197840303373315,4.000000000000001,0.03924331797948257,0.013898433654007253,0.04163177229080719,0.0029068802090032875,2.5086680001113564
502.0,0.26196108705922794,4.0,0.03917069661024713,0.013872330036631285,0.04155460279652843,0.0028311876973145245,2.508802300086245
503.0,0.2619438351924986,3.9999999999999996,0.03909834771708792,0.013846277780968905,0.04147770729674035,0.0027558299799512465,2.5089368000626564
504.0,0.26192664708766666,4.0,0.039026270290697315,0.013820276841431169,0.0414010848260811,0.0026808056284115533,2.5090699000284076
505.0,0.261909522400914,4.0,0.03895446332561331,0.013794327172047137,0.04132473442281306,0.0026061132206269266,2.5092152000870556
506.0,0.261892460790469,3.9999999999999996,0.03888292582020138,0.013768428726469826,0.041248655128805864,0.002531751340934807,2.5093506001867354
507.0,0.2618754619165936,3.999999999999999,0.03881165677663714,0.013742581457982158,0.04117284598952031,0.002457718580049617,2.509484800044447
508.0,0.26185852544157,3.9999999999999996,0.038740655200888256,0.013716785319502506,0.0410973060539913,0.0023840135350340907,2.509618500014767
509.0,0.2618416510296876,4.0,0.038669920102697285,0.013691040263590257,0.0410220343748118,0.0023106348092725992,2.5097518002148718
510.0,0.26182483834723014,3.999999999999999,0.0385994504955639,0.013665346242451411,0.04094703000811621,0.002237581012440981,2.509885400068015
511.0,0.26180808706246234,4.0,0.03852924539672727,0.013639703207944184,0.040872292013563814,0.002164850760479703,2.510018500033766
512.0,0.26179139684561764,3.999999999999999,0.038459303827149224,0.013614111111583796,0.040797819454322856,0.0020924426755669356,2.510152000002563
513.0,0.261774767368885,4.000000000000001,0.038389624811496326,0.01358856990454815,0.04072361139705375,0.002020355386087941,2.5105247001629323
514.0,0.2617581983063968,4.000000000000001,0.0383202073781233,0.013563079537682652,0.0406496669118934,0.001948587526610146,2.510679200058803
515.0,0.26174168933421554,4.000000000000001,0.03825105055905519,0.013537639961505407,0.04057598507243841,0.001877137737854112,2.510913999984041
516.0,0.26172524013032217,3.9999999999999996,0.03818215338997097,0.013512251126211816,0.04050256495572946,0.00180600466666625,2.51110150013119
517.0,0.26170885037460295,4.000000000000002,0.03811351491018578,0.013486912981680107,0.04042940564223478,0.0017351869659913421,2.511248000198975
518.0,0.2616925197488379,4.0,0.03804513416263502,0.013461625477475057,0.040356506215834684,0.0016646832948453982,2.5113896999973804
519.0,0.26167624793668803,4.0,0.037977010193856464,0.013436388562853722,0.04028386576380504,0.00159449231828801,2.5115777000319213
520.0,0.26166003462368337,4.000000000000001,0.03790914205397424,0.013411202186769026,0.040211483376801666,0.0015246127073958171,2.5117240000981838
521.0,0.2616438794972114,4.0,0.0378415287966819,0.01338606629787492,0.040139358148844485,0.0014550431392349183,2.511869200039655
522.0,0.2616277822465042,4.0,0.037774169479225767,0.013360980844530536,0.04006748917730163,0.0013857822968340316,2.512013800209388
523.0,0.2616117425626272,4.0,0.037707063162388484,0.013335945774804611,0.039995875562873776,0.0013168288691573493,2.5121570001356304
524.0,0.26159576013846747,4.000000000000002,0.03764020891047244,0.013310961036479609,0.03992451640957831,0.001248181551079225,2.512297800043598
525.0,0.2615798346687218,4.000000000000001,0.037573605791283965,0.01328602657705578,0.03985341082473419,0.0011798390433548633,2.512436700053513
526.0,0.2615639658498849,4.0,0.0375072528761162,0.013261142343755703,0.0397825579189458,0.0011118000525966176,2.5125933000817895
527.0,0.26154815338023807,3.9999999999999996,0.037441149239733476,0.013236308283527854,0.03971195680608779,0.0010440632912450953,2.5127348001115024
528.0,0.2615323969598379,4.0,0.03737529396035504,0.013211524343050875,0.03964160660328966,0.0009766274775445394,2.512875400017947
529.0,0.2615166962905046,4.000000000000001,0.03730968611963911,0.013186790468737296,0.03957150643092037,0.000909491335515239,2.5130138001404703
530.0,0.2615010510758111,4.0,0.03724432480266708,0.013162106606737002,0.03950165541257318,0.0008426535949286884,2.5131532000377774
531.0,0.2614854610210711,4.0,0.03717920909792699,0.013137472702941745,0.03943205267504998,0.0007761129912799702,2.513291300041601
532.0,0.2614699258333287,4.000000000000001,0.03711433809729852,0.013112888702988426,0.03936269734834677,0.0007098682657627753,2.513429000042379
533.0,0.2614544452213469,4.0,0.03704971089603688,0.013088354552262453,0.039293588565638075,0.0006439181652433401,2.513566000154242
534.0,0.26143901889559695,3.999999999999999,0.036985326592757425,0.013063870195901684,0.0392247254632623,0.0005782614422344401,2.5137002000119537
535.0,0.2614236465682468,4.0,0.03692118428941964,0.013039435578799762,0.039156107180706265,0.0005128968548695212,2.513832700205967
536.0,0.2614083279531509,4.000000000000001,0.036857283091312254,0.013015050645609575,0.039087732860590856,0.0004478231668774424,2.5139652001671493
537.0,0.2613930627658394,4.000000000000002,0.03679362210703783,0.012990715340746552,0.03901960164865616,0.0003830391475573014,2.5140979001298547
538.0,0.2613778507235073,4.0,0.03673020044849719,0.012966429608391873,0.0389517126937464,0.00031854357175217785,2.5142309002112597
539.0,0.26136269154500336,4.0,0.03666701723087412,0.012942193392496283,0.03888406514779536,0.0002543352198236537,2.514363900059834
540.0,0.26134758495082044,4.000000000000001,0.03660407157262069,0.012918006636782548,0.03881665816581196,0.00019041287762811,2.514497600030154
541.0,0.2613325306630846,4.0,0.036541362595442085,0.012893869284749018,0.03874949090586569,0.00012677533648994266,2.514644200215116
542.0,0.2613175284055447,4.0,0.03647888942428137,0.012869781279672695,0.03868256252907194,6.342139317688789e-05,2.5147808000911027
543.0,0.26130257790356193,4.000000000000001,0.036416651187304985,0.012845742564612113,0.03861587219957784,3.498498758469637e-07,2.5149161000736058
544.0,0.2612876302190402,4.000000000000002,0.036558350767405476,0.012709974211259838,0.03870473427480864,6.244048583226025e-05,2.5150497001595795
545.0,0.2612726627433237,3.9999999999999996,0.03649434498536292,0.012688216532043427,0.03863713310630984,0.00015386138947273698,2.515182200120762
546.0,0.2612577474795027,4.0,0.03643061440581416,0.012666443080443672,0.03856978670274485,0.00024471828466465784,2.515315000200644
547.0,0.2612428841401713,4.000000000000001,0.036367157092725845,0.012644655365744708,0.03850269372817253,0.00033501649662237565,2.5154480000492185
548.0,0.26122807243997487,4.0,0.03630397114292773,0.01262285486657117,0.0384358528685009,0.0004247612719167626,2.515580600127578
549.0,0.261213312095582,4.000000000000002,0.036241054685227744,0.012601043031154013,0.03836926283069122,0.0005139577799718464,2.5157149999868125
550.0,0.26119860282565854,3.9999999999999996,0.03617840587955508,0.012579221277613852,0.03830292234199629,0.0006026111145287227,2.515850300202146
551.0,0.26118394435084025,4.000000000000001,0.036116022916127685,0.012557390994262924,0.038236830149229885,0.0006907262950810455,2.5159851000644267
552.0,0.2611693363937092,4.000000000000001,0.03605390401464796,0.012535553539920065,0.03817098501806904,0.0007783082682761011,2.5161188000347465
553.0,0.2611547786787679,4.000000000000001,0.035992047423520274,0.012513710244241584,0.03810538573238394,0.0008653619092893472,2.5162523000035435
554.0,0.26114027093241593,3.9999999999999996,0.03593045141909414,0.01249186240806328,0.03804003109359755,0.000951892023168116,2.5163857000879943
555.0,0.2611258128829264,4.0,0.035869114304929346,0.012470011303754074,0.03797491992007147,0.0010379033461467013,2.5165268999990076
556.0,0.26111140426042423,4.0,0.035808034411084634,0.012448158175578396,0.037910051046518525,0.001123400546934189,2.516667100135237
557.0,0.2610970447968631,4.0,0.035747210093425845,0.012426304240069451,0.03784542332343892,0.001208388227975643,2.5168016999959946
558.0,0.26108273422600464,4.0,0.035686639732957166,0.012404450686407451,0.03778103561658139,0.0012625928983820145,2.5169360002037138
559.0,0.2610684722833976,4.0,0.03562632173517066,0.01238259867680636,0.03771688680642585,0.0011725950718071976,2.5170702000614256
560.0,0.26105425870635734,4.000000000000002,0.0355662545294165,0.012360749346905226,0.03765297578768852,0.001083100917831037,2.5172034001443535
561.0,0.2610400932339464,4.000000000000002,0.03550643656829173,0.012338903806164394,0.03758930146884752,0.0009941058442180795,2.5173365001101047
562.0,0.2610259756069548,4.000000000000002,0.03544686632704676,0.012317063138266303,0.037525862771688005,0.000905605325673603,2.5174703001976013
563.0,0.26101190556788156,3.9999999999999996,0.03538754230301049,0.012295228401518015,0.037462658630866716,0.0008175949025782947,2.5176037000492215
564.0,0.2609978828609159,4.0,0.03532846301503114,0.012273400629258082,0.037399687993493955,0.0007300701797476605,2.5177363001275808
565.0,0.26098390723192016,3.9999999999999996,0.035269627002935525,0.012251580830262924,0.037336949818734054,0.0006430268252209936,2.5178698000963777
566.0,0.26096997842841163,4.0,0.035211032827002595,0.01222976998915612,0.03727444307742126,0.0005564605690733249,2.5180035000666976
567.0,0.2609560961995455,4.0,0.03515267906745329,0.012207969066817223,0.03721216675169205,0.0004703672022539629,2.5181370000354946
568.0,0.26094226029609857,4.0,0.03509456432395543,0.012186179000790883,0.03715011983463259,0.0003847425754494316,2.518269899999723
569.0,0.2609284704704525,4.000000000000001,0.035036687215142644,0.0121644007056957,0.03708830132994055,0.0002995825979699718,2.5184030001983047
570.0,0.2609147264765785,3.9999999999999996,0.03497904637814848,0.012142635073630845,0.03702671025160124,0.00021488323666066234,2.5185454001184553
571.0,0.26090102807002064,4.000000000000001,0.03492164046815205,0.012120882974583818,0.03696534562357602,0.00013064051483363537,2.518850800115615
572.0,0.26088737500788184,4.000000000000001,0.034864468157939595,0.012099145256833144,0.03690420647950491,4.685051122602091e-05,2.5190133000724018
573.0,0.2608737599388531,4.000000000000002,0.03486447667978527,0.012054038473197552,0.036889450763986954,3.649064102395627e-05,2.519152100197971
574.0,0.26086016290110664,4.000000000000001,0.03480711952465595,0.01203290560174861,0.03682833673714139,0.0001282527702268499,2.5192881000693887
575.0,0.2608466108542398,4.0,0.0347500056360307,0.012011772293897037,0.03676745252726381,0.0002194877487652347,2.5194222000427544
576.0,0.26083310355497896,3.9999999999999996,0.03469313340119977,0.011990639704037341,0.03670679699599898,0.00031020058911401804,2.519556100014597
577.0,0.26081964076172065,4.000000000000001,0.03463650123299688,0.011969508960881978,0.0366463690210644,0.00040039622929438634,2.519693400012329
578.0,0.26080622223451133,4.0,0.034580107569129444,0.01194838116779243,0.03658616749570007,0.0004900795342890896,2.5198336001485586
579.0,0.2607928477350273,4.000000000000001,0.03452395087152832,0.011927257403117536,0.03652619132814046,0.00043386349392032786,2.519972200039774
580.0,0.26077951702655566,4.0,0.03446802962571837,0.011906138720538908,0.03646643944110962,0.00036618555409859144,2.5201113000512123
581.0,0.2607662298739756,4.0,0.03441234234020691,0.011885026149422315,0.036406910771336384,0.0002989086541146102,2.5202538000885397
582.0,0.2607529860437399,3.9999999999999996,0.034356887545891404,0.011863920695173608,0.03634760426909037,0.00023202922194956455,2.5203958000056446
583.0,0.26073978530385766,3.9999999999999996,0.034301663795484404,0.011842823339599531,0.03628851889773691,0.00016554373429289448,2.520553900161758
584.0,0.26072662742387637,4.0,0.034246669662955975,0.011821735041271339,0.03622965363331054,9.944871566669455e-05,2.5207009001169354
585.0,0.26071351217486527,3.9999999999999996,0.03419190374299264,0.011800656735891858,0.03617100746410617,3.3740737571064106e-05,2.5208467000629753
586.0,0.26070034086807575,4.0,0.03507544299711501,0.011820529000620032,0.03701366784443773,3.158358235583192e-05,2.5209887002129108
587.0,0.2606866536651427,4.000000000000001,0.03500989531564711,0.011796802891140556,0.036943975536817796,0.0001779875189409641,2.521130600012839
588.0,0.26067301789497976,3.9999999999999996,0.034944807881243135,0.011773158125931528,0.03687474542441181,6.177848342456271e-05,2.521277600200847
589.0,0.260659414707348,4.0,0.03495965599180907,0.011777517320498202,0.03689020820353644,9.450544120570559e-05,2.521425100043416
590.0,0.26064581868429326,3.9999999999999996,0.03489436307424483,0.011753354089858344,0.0368206179567754,0.0002581435484155792,2.5215734001249075
591.0,0.2606322738458688,4.000000000000002,0.03482953390085963,0.011729282828758094,0.036751496669226,0.0004203717787819583,2.5217214000876993
592.0,0.26061877975260916,4.0,0.034765160568576106,0.011705299917770575,0.036682835707232866,0.0005812088546424399,2.5218685001600534
593.0,0.2606053359732584,4.000000000000002,0.03470123539547345,0.011681401987237414,0.03661462672702664,0.0007406731731030569,2.522020500153303
594.0,0.26059194208450187,4.0,0.03463775091358856,0.01165758590272807,0.036546861663230255,0.0008987828126035546,2.5221757001709193
595.0,0.26057859767070585,4.000000000000001,0.034574699861963806,0.011633848751252064,0.03647953271783905,0.000973386471899429,2.5223305001854897
596.0,0.2605653023236704,4.000000000000002,0.03451207517993681,0.011610187828186397,0.03641263234965824,0.0008265831843948801,2.5224725001025945
597.0,0.2605520556423914,4.0,0.03444987000065987,0.01158660062488623,0.0363461532641761,0.0006809522897024134,2.522622600197792
598.0,0.26053885723283093,3.999999999999999,0.03438807764484296,0.011563084816945485,0.03628008840385623,0.0005364789376705037,2.522762100212276
599.0,0.26052570670769903,4.000000000000001,0.034326691614712676,0.011539638253075897,0.03621443093883208,0.00039314852568994585,2.5229005999863148
600.0,0.2605126036862432,4.0,0.03426570558817878,0.011516258944574899,0.03614917425798614,0.000250946693829579,2.523042800137773
601.0,0.2604995477940456,3.9999999999999982,0.03420511341319994,0.01149294505535567,0.03608431196039762,0.00010985932007404053,2.5231814000289887
602.0,0.2604865151823569,4.0,0.034453517964282296,0.011581706307489854,0.03634805113218689,3.0127484332814758e-05,2.5233155000023544
603.0,0.2604733147670952,3.999999999999999,0.03441179255406002,0.011564563355497109,0.03630303833547499,2.2213827712447287e-05,2.5234483000822365
604.0,0.2604601480971016,3.9999999999999987,0.03434825171789203,0.011538843411087546,0.03623461471219573,0.00019869073023004447,2.523581200046465
605.0,0.2604470309489683,3.999999999999999,0.034285175570604766,0.011513250979723782,0.03616667267014349,0.00037365076271497766,2.5237155000213534
606.0,0.2604339628828394,3.9999999999999996,0.03422255606652695,0.01148778190944694,0.03609920327272608,0.0004703806162084656,2.523849700111896
607.0,0.26042094346720485,4.0,0.03416038538434582,0.011462432299487653,0.036032197876723605,0.0003691196308095168,2.5239822000730783
608.0,0.2604079722786309,4.0,0.03409865591984683,0.011437198486191484,0.03596564812084784,0.00026887941031530915,2.5241155000403523
609.0,0.26039504890149967,4.0,0.03403736027890277,0.011412077029658182,0.03589954591477001,0.00016964665865748518,2.5242484000045806
610.0,0.26038217292776056,3.9999999999999996,0.033976491270703506,0.01138706470106262,0.03583388342859838,7.140830071569737e-05,2.5243811002001166
611.0,0.2603692633745598,3.999999999999999,0.03486963478581087,0.012222741049756498,0.0369497879407343,2.584852199194465e-05,2.524513400159776
612.0,0.26035562632284104,4.000000000000001,0.034794707707225134,0.012178222057601079,0.03686435645600603,9.419270084906617e-05,2.524659800110385
613.0,0.26034197988737046,4.000000000000001,0.03505055266209771,0.012454183745939925,0.03719741838751876,9.268638859435963e-05,2.5247955000959337
614.0,0.26032816029651185,4.000000000000001,0.03497213769055146,0.012404262970312493,0.03710682086198649,2.6306128079467417e-05,2.524930300191045
615.0,0.26031435307254447,4.000000000000001,0.035098508282746486,0.012525994011380902,0.037266684983335636,7.33795916761093e-05,2.5250651000533253
616.0,0.26030048232060543,4.0,0.035018674020825265,0.012474000373481987,0.037174026086697294,0.0003174162322891194,2.5252000000327826
617.0,0.2602866802971777,4.0,0.034939719738583584,0.01242275758102248,0.03708246110127561,0.0005590775383924051,2.5253333000000566
618.0,0.2602729460259076,4.0,0.03486162509509144,0.012372242680045251,0.03699196254870296,0.0007728913463136144,2.5254663000814617
619.0,0.2602592785565385,4.000000000000002,0.034784370367721015,0.012322433656196397,0.036902503886459374,0.000578547515270672,2.5255993001628667
620.0,0.26024567696396217,4.0,0.0347079364319272,0.012273309395136482,0.03681405947286233,0.0003862265521675512,2.525732500012964
621.0,0.2602321403473084,4.000000000000002,0.03463230474168967,0.012224849644432025,0.0367266045333656,0.00019590001721031536,2.525865900097415
622.0,0.26021866782907405,4.0,0.034557457310599955,0.012177034976884419,0.036640115128124325,7.539965925590364e-06,2.5259995001833886
623.0,0.26020509362680916,4.000000000000001,0.03493081684239763,0.012582948469326984,0.03712805620361599,2.903038694976323e-05,2.5261330001521856
624.0,0.26019131832918724,4.0,0.034879149652116886,0.012550317902875155,0.03706839030654008,0.00016359693880185766,2.526267500128597
625.0,0.26017759513694116,4.000000000000001,0.03479912285019441,0.01249507467088318,0.0369743944125373,0.00043008053547566316,2.5264013002160937
626.0,0.2601639412869562,4.0,0.03471999675423808,0.0124406280786412,0.036881531985607355,0.0006939662432719484,2.526540700113401
627.0,0.26015035577327866,3.999999999999999,0.03464175051930758,0.012386955106472204,0.0367897748817753,0.000825983737035102,2.5266788001172245
628.0,0.2601368376167326,4.000000000000002,0.034564363929519525,0.01233403364396168,0.03669909589870913,0.0005855872837012832,2.526813300093636
629.0,0.26012338586395856,4.0,0.03448781737765245,0.012281842452178046,0.03660946874094773,0.0003475850199963215,2.5269467001780868
630.0,0.26010999958648945,3.9999999999999996,0.03441209184541212,0.012230361127299907,0.036520867986416315,0.00011194206576750632,2.527128500165418
631.0,0.26009667120225205,4.0,0.034388493053690496,0.012222320474323483,0.036495939120411554,1.5706096745143894e-05,2.5272687000688165
632.0,0.2600832925610488,4.0,0.0346396399472971,0.012531446538115774,0.03683669105682587,9.640787481973723e-05,2.527404700173065
633.0,0.2600697405522488,4.0,0.03456001893509537,0.012474329457556051,0.03674239791044946,0.00031099134747189505,2.5276573000010103
634.0,0.2600562576677,4.0,0.034481299150578314,0.01241802882071078,0.036649248708584416,0.0002290946165325325,2.527988700196147
635.0,0.2600428428978666,3.9999999999999987,0.0344034598486534,0.012362522200405167,0.03655721549452881,4.40030074109754e-05,2.52822560002096
636.0,0.26002933568887154,4.0,0.03495713483696782,0.013105064562900523,0.03733288085867122,6.552731437337034e-05,2.52841110015288
637.0,0.2600154178666456,4.000000000000001,0.03487079947314349,0.013036731207335298,0.037228067589770146,0.00011405426596947099,2.5285577001050115
638.0,0.26000095181930427,4.0,0.039027233486365956,0.022365744416072274,0.04498167934708966,1.9898777164656378e-05,2.5286988001316786
639.0,0.25998076607013143,4.0,0.0388808290791066,0.022171323055624786,0.04475808793855677,6.35921303543674e-05,2.528840000042692
640.0,0.2599607168469334,4.0,0.038839822206696246,0.022138631367271202,0.04470627235482398,0.00035186337723749905,2.528979300055653
641.0,0.2599407823404472,3.999999999999999,0.038687593130232914,0.02193711517507165,0.04447433961752331,3.523411307237989e-05,2.52912040008232
642.0,0.25992092169143394,4.0,0.03876145736250861,0.022076450413051674,0.0446074011763239,0.0003027147804568475,2.52942580007948
643.0,0.25990107505511284,4.0,0.038610157287329305,0.02187612025213676,0.044376895824722304,2.512260959217083e-05,2.5296059001702815
644.0,0.25988039963370557,4.000000000000001,0.039948186665622276,0.024420935178060193,0.04682135936559744,0.0003312296937616477,2.5297637002076954
645.0,0.25985853307309204,4.0,0.0398080825113834,0.024234362193720656,0.04660458930373216,0.00013623961793396422,2.5299153001978993
646.0,0.2598368668978264,3.999999999999999,0.039744920281061094,0.02418053293082576,0.046522648903159526,3.4179882332757705e-05,2.5300645001698285
647.0,0.25981509216845305,4.0,0.04049796875437501,0.02552465973407588,0.047870593559832635,3.5585805556404004e-05,2.5302077000960708
648.0,0.25979224456442884,4.0,0.04031476570966729,0.025281228124153562,0.04758593100582208,7.57483374269341e-05,2.53035070002079
649.0,0.25976896353639706,4.0,0.04156302453721647,0.027884431344856336,0.05005023996053631,0.00022386317545258771,2.530494400067255
650.0,0.259743969086312,3.9999999999999996,0.041425560167267145,0.027702689690564487,0.04983488789255554,0.00011339836517290647,2.530637500109151
651.0,0.2597190716596837,4.000000000000001,0.041464764166664225,0.027791252155494283,0.04991673430591536,0.0003330148011263523,2.530781100038439
652.0,0.25969419989079834,4.0,0.04169673645245482,0.028236566486454274,0.05035793400974098,4.414137320549183e-05,2.5309252000879496
653.0,0.25966891725097646,3.999999999999999,0.04149922433327184,0.027973759429126967,0.050047146141032776,0.00043595796651305085,2.5310886001680046
654.0,0.2596439501152632,4.0,0.04129654413010023,0.027703592372955284,0.0497281971064323,0.00036415072751622146,2.5312326001003385
655.0,0.2596192545113735,4.0,0.04133409092232843,0.027796009822741732,0.049810894736405494,6.555722438464362e-05,2.531375400023535
656.0,0.2595945219199186,4.0,0.04113394688593398,0.02752897482694991,0.04949591944229018,0.0003031888569365593,2.531519800191745
657.0,0.2595700674760196,4.000000000000001,0.04104199828768268,0.02744316602084039,0.04937178328451947,0.00016838009715050561,2.5316626999992877
658.0,0.2595457467564425,4.0,0.04091089336570884,0.027270014765963208,0.04916660351616991,0.00020904637122279301,2.5318030000198632
659.0,0.25952164820111656,4.0,0.04071789295015742,0.02701081825725703,0.04886236905049784,0.0002680672544068119,2.5319418001454324
660.0,0.2594978355536189,4.0,0.04055701127823325,0.026799332364120215,0.04861147373805201,9.02906613349519e-05,2.532079700147733
661.0,0.2594722794909595,3.999999999999999,0.043290796803623244,0.032287845339700506,0.05400553716585935,0.00031864428871608563,2.532217600150034
662.0,0.2594432156438078,4.0,0.043054367538538585,0.03197360937691933,0.05362825990773325,0.0004568947070988094,2.532355200033635
663.0,0.2594144246308537,4.0,0.043742500083876756,0.033120480220999726,0.054866861798881776,8.125708433046053e-05,2.5324937000405043
664.0,0.259384420960326,4.0,0.04353107326594568,0.03284378923561822,0.05453135640197153,0.00014374051144133704,2.532631800044328
665.0,0.25935478608566764,3.999999999999999,0.04341375606192405,0.032707478936747386,0.05435561970764404,1.5617374411608376e-05,2.532769500045106
666.0,0.25932534239245253,4.0,0.04318437954295891,0.0324027848672296,0.053989175800916715,0.00016766162280085206,2.5329073001630604
667.0,0.2592962940070049,3.999999999999999,0.04298449897017552,0.0321362924939794,0.053669436805090634,2.8762272353544116e-05,2.533119000028819
668.0,0.2592668949523314,4.0,0.04364170900143632,0.033281658333188274,0.05488412836124054,0.00044263370818820036,2.53326000017114
669.0,0.2592368787859952,4.0,0.04339876950760029,0.03296155204668081,0.05449694586029445,6.52104459730185e-05,2.533402900211513
670.0,0.2592070799206136,4.0,0.04341472550065263,0.0330091930925838,0.05453847466624365,0.0005208610150658488,2.5335481001529843
671.0,0.2591774396419938,3.9999999999999996,0.04317579450883294,0.03269361036502485,0.05415737613814972,2.7451852828763723e-05,2.5336910001933575
672.0,0.2591481832498,3.9999999999999996,0.042974486220970276,0.03242758217919366,0.053836368301964074,0.00042830583895761554,2.533833600115031
673.0,0.2591192970730387,4.0,0.04275250994461533,0.032131244319305204,0.053480781296380814,0.00019311820222131515,2.5340278001967818
674.0,0.2590907926441489,3.999999999999999,0.04252550566269655,0.03182760552007772,0.05311699450279277,0.0008072267096957686,2.534181200200692
675.0,0.25906267376957876,4.0,0.04230257489034526,0.03152801065402492,0.052759106305486046,0.0009987969024160825,2.5343341000843793
676.0,0.25903493164468827,4.000000000000001,0.042083617827039156,0.031232379465116655,0.05240698824074255,0.00046131673799523765,2.5344917001202703
677.0,0.2590075030013869,3.9999999999999996,0.042329780121749434,0.03165801870103737,0.05285868361235347,7.021219926331423e-05,2.534650000045076
678.0,0.25897965598073336,3.999999999999999,0.0421105043155728,0.0313624691757125,0.05250618103146897,0.00023080161680749667,2.534808900207281
679.0,0.25895211290731945,4.0,0.042023950932214414,0.031249805632764933,0.05236948351892304,0.00033542107510814434,2.5349806000012904
680.0,0.25892477770708755,3.9999999999999996,0.04180999070402277,0.030959968252247966,0.052024945524725655,0.0009026615643506763,2.535150600131601
681.0,0.2588978001700584,3.9999999999999996,0.041599762000669865,0.0306738841402161,0.051685852675173866,0.0011109236839077496,2.5356186002027243
682.0,0.2588711723515169,4.000000000000001,0.041393174646139945,0.030391482171002328,0.05135208949824919,0.0005643530064419477,2.5358109001535922
683.0,0.2588448865341102,4.000000000000001,0.04119014084590635,0.030112693366850452,0.05102354363146059,2.388537839040361e-05,2.535987500101328
684.0,0.25881883571595066,4.0,0.0411141884538203,0.03001455762318219,0.05090432360351697,0.00019620681930190842,2.536150300176814
685.0,0.2587929876278163,4.0,0.04094935559167601,0.029785138731035804,0.050635997201601314,0.00036128486325148756,2.5363096001092345
686.0,0.25876742811900055,4.0,0.04075364568879831,0.02951450627829277,0.05031864185149965,0.000914275426892347,2.536468400154263
687.0,0.25874218726115933,3.9999999999999996,0.040561225098973405,0.02924727280139524,0.050006159099143216,0.0014610002365020858,2.536627000197768
688.0,0.2587172582151681,4.0,0.040372015509411274,0.028983377684743954,0.04969844885213882,0.002001550601049479,2.536781700095162
689.0,0.2586926343311154,3.999999999999999,0.040185940689331956,0.028722762089614894,0.04939541366506737,0.0025360162099178907,2.53693460021168
690.0,0.25866830914190075,4.0,0.0400029264369645,0.02846536889067203,0.04909695865940407,0.0030644851659967776,2.537114200182259
691.0,0.258644276357084,4.0,0.03982290052761053,0.028211142614642897,0.04880299144576779,0.0035870440180420515,2.5372829001862556
692.0,0.25862052985697204,4.000000000000002,0.039645792662766466,0.027960029381097706,0.04851342204844876,0.004103777792320934,2.537448100047186
693.0,0.258597063686935,4.0,0.03947153442029914,0.027711976845271675,0.04822816283216408,0.004614770023559034,2.537615800043568
694.0,0.25857387205194193,3.999999999999999,0.039300059205668814,0.02746693414287139,0.04794712843099061,0.005120102785203168,2.5377876001875848
695.0,0.25855094931130557,4.0,0.039131302204192454,0.02722485183680663,0.047670235679424855,0.005619856719017796,2.537958500208333
696.0,0.25852828997362964,3.9999999999999996,0.03896520033433941,0.026985681865791093,0.04739740354552019,0.006084688546174749,2.538128900108859
697.0,0.2585058886919477,4.000000000000001,0.03880169220204847,0.026749377494756355,0.047128553066049954,0.0060718978116461875,2.5382929001934826
698.0,0.2584837402590473,3.9999999999999996,0.03864071805606069,0.02651589326702204,0.046863607283648995,0.0060587926333345865,2.5384571000467986
699.0,0.25846183960297087,4.0,0.038482219744253164,0.026285184958170046,0.04660249118588187,0.006045380197275935,2.538620400009677
700.0,0.2584401817826868,3.9999999999999996,0.03832614067096745,0.02605720953156865,0.046345131646191896,0.006031667553890119,2.5387846000958234
701.0,0.2584187619839219,4.0,0.03817242575531699,0.025831925095495378,0.04609145736667991,0.0060176616204203615,2.5389447000343353
702.0,0.2583975755151512,3.999999999999999,0.03802102139046457,0.02560929086180659,0.04584139882266656,0.006003369183337298,2.539116100175306
703.0,0.2583766178037359,3.999999999999999,0.03787187540385538,0.02538926710610624,0.045594888208990644,0.005988796900709581,2.5392758999951184
704.0,0.25835588439220514,4.000000000000001,0.03772493701839393,0.02517181512936283,0.045351859387996525,0.005973951304535069,2.5394326001405716
705.0,0.2583353709346753,4.000000000000001,0.037580156814551416,0.02495689722092911,0.04511224783916552,0.0059588388030403505,2.539587200153619
706.0,0.2583150731934,4.0,0.03743748669338806,0.024744476622917583,0.044875990610344446,0.005943465682943461,2.5397397000342607
707.0,0.2582949870354474,4.0,0.03729687984047861,0.024534517495887403,0.04464302627052858,0.005927838111680406,2.5398917000275105
708.0,0.2582751084294984,4.0,0.037158290690726535,0.024326984885796946,0.04441329486415445,0.005911962139599131,2.5400452001485974
709.0,0.25825543344276036,4.000000000000001,0.03702167489404952,0.02412184469218207,0.0441867378668583,0.005895843702116238,2.540197600144893
710.0,0.2582359582379934,3.999999999999999,0.0368869892819258,0.023919063637516474,0.04396329814266067,0.005879488621840762,2.5403458001092076
711.0,0.2582166790706422,4.000000000000001,0.036754191834781555,0.023718609237714582,0.043742919902531915,0.005862902610663245,2.5404931001830846
712.0,0.258197592286072,4.000000000000002,0.036623241650209526,0.023520449773736747,0.04352554866430192,0.0058460912718107105,2.540642200037837
713.0,0.2581786943169016,4.000000000000001,0.03649409891199842,0.02332455426426022,0.04331113121387092,0.0058290601018663735,2.54078680020757
714.0,0.25815998168043186,3.9999999999999996,0.03636672485996128,0.023130892439377056,0.04309961556768408,0.005811814492759637,2.5409279000014067
715.0,0.2581414509761643,4.000000000000002,0.03624108176054575,0.022939434715284392,0.0428909509364313,0.005794359733717419,2.5410830001346767
716.0,0.25812309888340756,4.0,0.03611713287821313,0.022750152169929524,0.04268508768993515,0.005776701013188751,2.5412291001994163
717.0,0.25810492215896624,4.0,0.035994842447565484,0.022563016519580884,0.042481977323188966,0.005758843420730353,2.541367400204763
718.0,0.25808691763491126,4.000000000000001,0.03587417564621269,0.022378000096285756,0.04228157242351194,0.00574079194886537,2.541504800086841
719.0,0.2580690822164267,3.9999999999999996,0.03575509856835785,0.022195075826188113,0.042083826638783996,0.005722551494906691,2.541642300086096
720.0,0.25805141287973055,4.000000000000001,0.03563757819908861,0.022014217208672943,0.04188869464672763,0.005704126862750486,2.541779800085351
721.0,0.2580339066700672,4.000000000000002,0.03552158238935944,0.021835398296307505,0.04169613212520365,0.005685522764637352,2.5419179000891745
722.0,0.258016560699768,4.0,0.035407079831648196,0.021658593675551424,0.04150609572348795,0.0056667438228839295,2.5420532000716776
723.0,0.2579993721463768,4.000000000000001,0.03529404003627186,0.021483778448207348,0.041318543034497474,0.005647794571582571,2.542185500031337
724.0,0.25798233825084027,4.000000000000001,0.035182433308349775,0.021310928213583897,0.04113343256793683,0.005628679458271446,2.5423177001066506
725.0,0.25796545631575707,4.000000000000001,0.035072230725394116,0.021140019051346586,0.040950723724332096,0.005609402845576067,2.54245030018501
726.0,0.25794872370368654,3.9999999999999996,0.03496340411551777,0.020971027505030087,0.04077037676992615,0.00558996901281858,2.5425829000305384
727.0,0.25793213783551294,4.000000000000001,0.03485592603624257,0.020803930566187977,0.04059235281240523,0.005570382157601916,2.542714999988675
728.0,0.257915696188864,4.000000000000002,0.03474976975389489,0.020638705659155238,0.040416613777430124,0.0055506463973614695,2.5428493001963943
729.0,0.2578993962965812,3.999999999999999,0.03464490922357318,0.02047533062640266,0.04024312238594477,0.0055307657708922875,2.542982100043446
730.0,0.2578832357452391,4.0,0.034541319069673795,0.020313783714459455,0.04007184213223606,0.005510744239844434,2.543125200085342
731.0,0.25786721217371456,4.0,0.034438974566963695,0.02015404356038232,0.03990273726272122,0.005490585690195643,2.5432596001774073
732.0,0.25785132327180005,4.0,0.03433785162218207,0.019996089178752775,0.039735772755435696,0.005470293933692166,2.5433934000320733
733.0,0.25783556677886277,4.0,0.03423792675616162,0.019839899949180496,0.03957091430020009,0.005449872709266251,2.543527000118047
734.0,0.25781994048254636,3.999999999999999,0.034139177086454545,0.01968545560429448,0.03940812827944194,0.005429325684427139,2.543660400202498
735.0,0.2578044422175129,3.999999999999999,0.03404158031044996,0.01953273621820395,0.03924738174964988,0.005408656456624195,2.5440499000251293
736.0,0.2577890698642259,4.0,0.03394511468897155,0.019381722195410504,0.039088642423439325,0.005387868554586589,2.544258800102398
737.0,0.2577738213477705,4.000000000000001,0.03384975903034156,0.01923239426015432,0.038931878652207465,0.005366965439637578,2.5444314000196755
738.0,0.25775869463671075,3.9999999999999996,0.0337554926749001,0.019084733446178916,0.0387770594093587,0.005345950506983832,2.544577900087461
739.0,0.25774368774198225,3.9999999999999996,0.03366229547996657,0.018938721086896954,0.03862415427407897,0.0053248270869794,2.5447153002023697
740.0,0.2577287987158192,4.0,0.03357014780523284,0.0187943388059432,0.038473133415641646,0.005303598446368907,2.544951800024137
741.0,0.2577140256507139,4.0,0.03347903049857568,0.01865156850809834,0.03832396757822507,0.0052822677895036085,2.5450957000721246
742.0,0.2576993666784083,4.0,0.03338892488227736,0.018510392370571206,0.03817662806622477,0.005260838259537104,2.545234100194648
743.0,0.257684819968916,4.0,0.03329981273964367,0.018370792834623745,0.038031086730042275,0.005239312939596508,2.545371500076726
744.0,0.2576703837295738,3.9999999999999982,0.03321167630200905,0.018232752597526755,0.03788731595233487,0.005217694853933363,2.545511100208387
745.0,0.2576560562041208,4.0,0.03312449823611557,0.018096254604834088,0.0377452886347078,0.0051959869690493266,2.545650500105694
746.0,0.25764183567180715,3.9999999999999987,0.03303826163186098,0.01796128204296064,0.03760497818483714,0.005174192194804694,2.5457869002129883
747.0,0.25762772044652626,3.999999999999999,0.03295294999039861,0.01782781833205578,0.03746635850400324,0.005152313385500429,2.5459359001833946
748.0,0.25761370887597473,3.9999999999999996,0.03286854721258543,0.017695847119157754,0.03732940397502432,0.005130353340945221,2.546072600176558
749.0,0.25759979934083616,3.9999999999999996,0.03278503758776538,0.017565352271620163,0.03719408945057401,0.005108314807496989,2.5462093001697212
750.0,0.25758599025398865,3.999999999999999,0.03270240578287892,0.017436317870798954,0.037060390241868954,0.005086200479086367,2.54634360014461
751.0,0.257572280059735,3.9999999999999996,0.0326206368318905,0.017308728205990713,0.03692828210771454,0.005064012998220707,2.5464779001194984
752.0,0.25755866723305554,4.000000000000001,0.03253971612552433,0.017182567768611202,0.036797741243894636,0.005041754956968986,2.5466111002024263
753.0,0.2575451502788827,3.9999999999999996,0.032459629401300774,0.017057821246605594,0.03666874427289458,0.005019428897925393,2.546745000174269
754.0,0.25753172773139454,4.0,0.03238036273386198,0.01693447351908274,0.03654126823394328,0.004997037315156411,2.5468779001384974
755.0,0.2575183981533304,3.9999999999999987,0.03230190252558266,0.016812509651161267,0.03641529057336539,0.004974582655129539,2.547011600108817
756.0,0.2575051601353239,4.0,0.032224235497454304,0.01669191488902328,0.03629078913523087,0.004952067317621128,2.5471456001978368
757.0,0.25749201229525653,3.9999999999999996,0.03214734868023715,0.01657267465516443,0.03616774215229193,0.004929493656610523,2.547291500028223
758.0,0.25747895327762726,3.999999999999999,0.032071229405870726,0.016454774543834563,0.036046128237196474,0.004906863981153919,2.547430300153792
759.0,0.2574659817529406,3.9999999999999996,0.031995865299136554,0.0163382003166614,0.035925926373969054,0.004884180556241152,2.547564100008458
760.0,0.2574530964171119,4.0,0.031921244269565746,0.016222937898448208,0.035807115909748874,0.00486144560363827,2.5476985999848694
761.0,0.2574402959908878,3.999999999999999,0.03184735450358293,0.016108973373141773,0.03568967654677574,0.004838661302709851,2.54786860011518
762.0,0.2574275792192834,3.999999999999999,0.0317741844568816,0.015996292979961437,0.03557358833461561,0.004815829791228771,2.548015900189057
763.0,0.2574149448710338,3.9999999999999996,0.03170172284702302,0.015884883109684136,0.03545883166261672,0.0047929531661679015,2.548151400173083
764.0,0.25740239173806156,3.999999999999999,0.03162995864625224,0.01577473030107882,0.035345387252587866,0.0047700334844764936,2.548286800039932
765.0,0.2573899186349571,4.0,0.03155888107452453,0.015665821237485365,0.035233236151691064,0.004747072763841537,2.5484210001304746
766.0,0.25737752439847394,4.0,0.03148847959273787,0.015558142743530652,0.03512235972554158,0.004724072983435662,2.5485545000992715
767.0,0.25736520788703654,4.0,0.03141874389616194,0.015451681781978805,0.03501273965150612,0.004701036084646892,2.5486875001806766
768.0,0.2573529679802617,4.0,0.03134966390806219,0.015346425450707262,0.03490435791219446,0.004677963971797344,2.5488216001540422
769.0,0.2573408035784921,4.000000000000002,0.03128122977350926,0.015242360979807355,0.034797196789135704,0.004654858512846138,2.5489545001182705
770.0,0.25732871360234266,4.0,0.031213431853371058,0.015139475728800842,0.03469123885663337,0.004631721540077904,2.5490882000885904
771.0,0.2573166969922567,4.000000000000001,0.031146260718480156,0.015037757183971597,0.03458646697579314,0.004608554850779989,2.5492230001837015
772.0,0.25730475270807696,4.0,0.03107970714397352,0.014937192955803778,0.034482864288716976,0.004585360207903816,2.5493568000383675
773.0,0.2572928797286241,3.9999999999999996,0.03101376210379616,0.014837770776526605,0.034380414212856855,0.004562139340714116,2.5494896001182497
774.0,0.25728107705128783,4.000000000000001,0.030948416765367626,0.014739478497758052,0.03427910043552427,0.00453889394542617,2.549630200024694
775.0,0.2572693436916288,4.0,0.030883662484404033,0.014642304088245626,0.034178906908548724,0.004515625685829083,2.5497702001594007
776.0,0.25725767868298866,3.999999999999999,0.03081949079989068,0.014546235631699572,0.034079817843079396,0.004492336193896912,2.549905400024727
777.0,0.2572460810761119,3.999999999999999,0.030755893429203145,0.014451261324715404,0.03398181770452717,0.004469027070389708,2.5500401000026613
778.0,0.25723454993877604,3.9999999999999996,0.030692862263370348,0.014357369474780845,0.033884891207639906,0.004445699885439386,2.550173400202766
779.0,0.25722308435543134,3.999999999999999,0.03063038936247581,0.014264548498365986,0.033789023311707404,0.004422356179126868,2.5503079001791775
780.0,0.2572116834268493,4.0,0.03056846695119327,0.014172786919091785,0.03369419921589137,0.004398997462046028,2.5504413000307977
781.0,0.25720034626978017,4.0,0.030507087414452853,0.014082073365973922,0.03360040435467615,0.00437562521585752,2.5505745001137257
782.0,0.25718907201661845,3.9999999999999987,0.03044624329323312,0.01399239657173968,0.03350762439343582,0.004352240893831044,2.550707200076431
783.0,0.25717785981507624,3.9999999999999996,0.030385927280475268,0.01390374537121479,0.033415845224113484,0.0043288459213769725,2.550840600160882
784.0,0.257166708827866,3.999999999999999,0.030326132217117923,0.013816108699776149,0.0333250529610104,0.004305441696568352,2.550974000012502
785.0,0.2571556182323891,4.0,0.030266851088244683,0.013729475591870243,0.03323523393667839,0.004282029590650577,2.5511106001213193
786.0,0.25714458722043343,4.000000000000001,0.030208077019346063,0.01364383517959161,0.033146374697915384,0.004258610948543157,2.5512579001951963
787.0,0.2571336149978769,4.0,0.030149803272687774,0.013559176691321746,0.03305846200185752,0.004235187089331127,2.5513910001609474
788.0,0.257122700784399,4.0,0.03009202324378558,0.013475489450424285,0.03297148281216706,0.004211759306744306,2.551522900117561
789.0,0.2571118438131993,4.0,0.030034730457981794,0.013392762873994006,0.032885424295311314,0.004187119818969687,2.5516654001548886
790.0,0.25710104333072153,3.9999999999999996,0.029977918567120846,0.01331098647165867,0.03280027381693038,0.00416084868584915,2.5518016000278294
791.0,0.25709029859638505,4.0,0.02992158134632037,0.013230149844430916,0.032716018938290195,0.004134670812573765,2.551937800133601
792.0,0.25707960888232284,4.0,0.029865712690836765,0.01315024268360693,0.03263264741281905,0.004108585809299736,2.552259200019762
793.0,0.25706897347312474,3.999999999999999,0.029810306613019432,0.013071254769712414,0.032550147182723456,0.004082593287366099,2.552452500211075
794.0,0.2570583916655869,3.9999999999999996,0.029755357239353734,0.01299317597149167,0.0324685063756821,0.004056692859322281,2.5526208002120256
795.0,0.25704786276846775,3.999999999999999,0.029700858807588784,0.012915996244938685,0.03238771330161477,0.004030884138955859,2.5527973000425845
796.0,0.2570373861022488,4.0,0.029646805663947437,0.012839705632368763,0.03230775644952382,0.004005166741316124,2.5529428001027554
797.0,0.2570269609989012,3.999999999999999,0.02959319226041657,0.012764294261528602,0.03222862448440627,0.003979540282740224,2.5530792002100497
798.0,0.2570165868016575,3.9999999999999996,0.029540013152114377,0.012689752344743009,0.032150306244233526,0.003954004380876341,2.5533712999895215
799.0,0.2570062628647893,4.0,0.029487262994733886,0.012616070178096855,0.032072790736998036,0.0039285586547056495,2.5535329000558704
800.0,0.2569959885533887,4.0,0.02943493654205841,0.01254323814065062,0.03199606713782301,0.0039032027245659018,2.5536822001449764
801.0,0.25698576324315575,3.999999999999999,0.029383028643548248,0.01247124669368835,0.03192012478613468,0.0038779362121706684,2.553825000068173
802.0,0.2569755863201903,4.0,0.02933153424199625,0.012400086379995488,0.031844953182894584,0.003852758740630652,2.5539650002028793
803.0,0.25696545718078856,4.000000000000001,0.029280448371249896,0.012329747823166402,0.03177054198789041,0.003827669934472977,2.5541425000410527
804.0,0.25695537523124423,3.999999999999999,0.02922976615399776,0.012260221726939906,0.03169688101708309,0.003802669419659732,2.5542844000738114
805.0,0.25694533988765367,4.0,0.029179482799618395,0.012191498874561104,0.031623960240008686,0.0037777568236047887,2.5544250002130866
806.0,0.2569353505757264,4.000000000000001,0.029129593602091254,0.012123570128167555,0.03155176977723424,0.003752931775192453,2.5545632999856025
807.0,0.2569254067305986,4.0,0.029080093937965252,0.01205642642820087,0.03148029989786475,0.0037281939047925927,2.5547025999985635
808.0,0.25691550779665123,4.000000000000001,0.029030979264384804,0.011990058792840656,0.03140954101710046,0.003703542844276514,2.5548539001028985
809.0,0.2569056532273328,4.0,0.028982245117172314,0.011924458317458883,0.031339483693843345,0.003678978227031754,2.554998400155455
810.0,0.2568958424849845,3.9999999999999996,0.02893388710896304,0.011859616174096602,0.03127011862835047,0.003654499687976265,2.5551386000588536
811.0,0.25688607504067074,4.0,0.02888590092739344,0.011795523610958718,0.031201436659934006,0.0036301068635713196,2.5552784001920372
812.0,0.2568763503740124,3.999999999999999,0.02883828233333966,0.011732171951927361,0.031133428764705654,0.003605799391835196,2.5554191002156585
813.0,0.2568666679730238,3.9999999999999996,0.028791027159205028,0.011669552596093381,0.03106608605336487,0.0035815769123539176,2.555558199994266
814.0,0.25685702733395377,3.9999999999999996,0.02874413130725563,0.011607657017303166,0.03099939976902941,0.0035574390662939104,2.5556971000041813
815.0,0.25684742796112914,3.9999999999999996,0.0286975907480019,0.011546476763721536,0.030933361285107146,0.003533385496412217,2.5558359001297504
816.0,0.2568378693668028,3.999999999999999,0.028651401518625285,0.011486003457408904,0.030867962103208118,0.0035094158470665993,2.555974200135097
817.0,0.2568283510710038,4.0,0.028605559721448036,0.011426228793912412,0.03080319385109543,0.0034855297642252536,2.556122000096366
818.0,0.2568188726013917,3.999999999999999,0.028560061522446098,0.011367144541869295,0.030739048280674777,0.003461726895476025,2.556271000066772
819.0,0.256809433493113,3.9999999999999996,0.028514903149802068,0.01130874254262273,0.030675517266020424,0.003438006890034123,2.5564095000736415
820.0,0.25680003328866197,3.999999999999999,0.028470080892498622,0.011251014709848376,0.03061259280143777,0.003414369398750783,2.5565485002007335
821.0,0.25679067153774227,3.999999999999999,0.028425591098950032,0.011193953029191971,0.03055026699956096,0.0033908140741196746,2.5566876002121717
822.0,0.25678134779713435,3.999999999999999,0.02838143017567181,0.011137549557915637,0.030488532089485074,0.0033673405702849546,2.5568258001003414
823.0,0.25677206163056315,4.0,0.028337594585985892,0.011081796424554279,0.030427380414931565,0.003343948543046038,2.556975500192493
824.0,0.25676281260856965,4.0,0.028294080848761977,0.01102668582857894,0.03036680443244667,0.0033206376498643997,2.5571158002130687
825.0,0.25675360030838507,4.000000000000001,0.028250885537191857,0.010972210040069425,0.030306796709631264,0.0032974075498684585,2.557252800092101
826.0,0.25674442431380756,4.0,0.028208005277598727,0.010918361399391865,0.030247349923402677,0.003274257903858019,2.5573874001856893
827.0,0.2567352842150815,4.0,0.02816543674827702,0.0108651323168843,0.030188456858286035,0.0032511883743095715,2.557521900162101
828.0,0.2567261796087793,4.000000000000001,0.02812317667836428,0.010812515272547608,0.03013011040473579,0.003228198625378792,2.5576578001491725
829.0,0.25671711009768555,3.999999999999999,0.02808122184674401,0.010760502815740505,0.030072303557486454,0.0032052883229050366,2.557792600011453
830.0,0.25670807529068346,4.0,0.028039569080976285,0.010709087564881266,0.030015029413930878,0.0031824571344135355,2.5579264000989497
831.0,0.25669907480264437,4.0,0.027998215256259406,0.0106582622071511,0.02995828117252761,0.0031597047291187508,2.558061300078407
832.0,0.25669010825431815,3.999999999999999,0.027957157294416484,0.010608019498203562,0.0299020521312336,0.0031370307779258477,2.5581952000502497
833.0,0.2566811752722272,3.9999999999999996,0.02791639216291152,0.010558352261875263,0.029846335685965106,0.0031144349534322213,2.558329400140792
834.0,0.2566722754885621,4.0,0.027875916873890107,0.010509253389900115,0.02979112532908346,0.0030919169299301053,2.558463199995458
835.0,0.2566634085410787,4.000000000000001,0.027835728483245968,0.010460715841625683,0.02973641464790652,0.0030694763834061,2.5585978000890464
836.0,0.25665457407299874,4.000000000000001,0.0277958240897123,0.010412732643731045,0.029682197323245,0.0030471129915425055,2.5587325000669807
837.0,0.2566457717329111,3.9999999999999996,0.027756200833976744,0.010365296889946547,0.029628467127963045,0.00302482643371757,2.5588742000982165
838.0,0.2566370011746756,4.000000000000001,0.02771685589781948,0.010318401740774301,0.029575217925562353,0.0030026163910052417,2.5590121999848634
839.0,0.25662826205732914,4.0,0.02767778650327497,0.010272040423209066,0.029522443668790546,0.0029804825461745565,2.559147500200197
840.0,0.2566195540449932,3.9999999999999996,0.027638989911813693,0.010226206230459878,0.02947013839827081,0.0029584245836895007,2.5592825000640005
841.0,0.25661087680678285,4.0,0.027600463423546665,0.010180892521671925,0.02941829624115531,0.0029364421897072612,2.55941650015302
842.0,0.25660223001671884,3.999999999999999,0.027562204376450506,0.010136092721646341,0.029366911409799964,0.002914535052076922,2.55955020012334
843.0,0.2565936133536398,4.0,0.027524210145611187,0.01009180032056235,0.02931597820046038,0.002892702860338575,2.559683100087568
844.0,0.25658502650111786,4.000000000000001,0.02748647814248919,0.010048008873695285,0.0292654909920096,0.0028709453057201018,2.5598162000533193
845.0,0.2565764691473746,4.0,0.027449005814201923,0.010004712001136062,0.02921544424467591,0.002849262081135895,2.559950200142339
846.0,0.2565679409851992,4.0,0.027411790642825288,0.009961903387507517,0.02916583249880102,0.0028276528811842783,2.560085700126365
847.0,0.2565594417118684,4.0,0.027374830144712977,0.009919576781679795,0.029116650373618307,0.002806117402143704,2.5604155000764877
848.0,0.2565509710290677,4.0,0.02733812186983299,0.009877725996483759,0.029067892566050465,0.0027846553419711706,2.5606622002087533
849.0,0.25654252864281435,4.0,0.02730166340112088,0.009836344908422336,0.02901955384952617,0.002763266400297837,2.560819000005722
850.0,0.25653411426338163,4.0,0.027265452353849542,0.00979542745737932,0.028971629072815707,0.0027419502784262195,2.560968300094828
851.0,0.25652572760522474,3.9999999999999996,0.027229486375014503,0.009754967646326579,0.028924113158884903,0.002720706679325474,2.5611208002083004
852.0,0.2565173683869081,4.0,0.027193763142734858,0.00971495954102734,0.028877001103767043,0.0026995353076288975,2.5612751999869943
853.0,0.25650903633103417,4.000000000000001,0.027158280365669422,0.00967539726973778,0.02883028797545308,0.002678435869628043,2.561428500106558
854.0,0.25650073116417366,4.000000000000001,0.02712303578244679,0.009636275022905302,0.028783968912798625,0.0026574080732697514,2.5615811001043767
855.0,0.2564924526167967,4.0,0.027088027161109817,0.009597587052864119,0.02873803912444842,0.002636451628150349,2.5617345001082867
856.0,0.2564842004232059,4.0,0.02705325229857395,0.009559327673527393,0.028692493887777747,0.002615566245512041,2.5618886000011116
857.0,0.25647597432147046,3.999999999999999,0.02701870902009876,0.009521491260075968,0.028647328547850133,0.0025947516382368307,2.5620629000477493
858.0,0.2564677740533613,3.9999999999999996,0.026984395178772127,0.009484072248644632,0.028602538516391364,0.0025740075208417756,2.5622219000943005
859.0,0.25645959936428797,4.000000000000001,0.026950308655007686,0.009447065136004155,0.02855811927077985,0.0025533336094737125,2.562374700093642
860.0,0.25645145000323666,3.9999999999999996,0.026916447356054054,0.009410464479239981,0.028514066353052255,0.002532729621904095,2.562545800115913
861.0,0.25644332572270834,4.0,0.026882809215515217,0.009374264895428553,0.028470375368924345,0.00251219527752225,2.56270210002549
862.0,0.2564352262786602,3.999999999999999,0.02684939219288421,0.009338461061308253,0.028427041986827998,0.002491730297330408,2.563081900123507
863.0,0.25642715143044603,3.9999999999999996,0.026816194273086104,0.00930304771294858,0.02838406193696198,0.002471334403937653,2.5632848001550883
864.0,0.25641910094075915,3.9999999999999996,0.026783213466033462,0.009268019645414051,0.028341431010358263,0.0024510073215534,2.5634362001437694
865.0,0.25641107457557566,4.0,0.026750447806191142,0.009233371712426275,0.028299145057962268,0.0024307487759811786,2.563578500179574
866.0,0.2564030721040996,4.0,0.02671789535215222,0.009199098826020904,0.02825719998972751,0.0024105584946129688,2.5637186001986265
867.0,0.2563950932987079,4.000000000000001,0.026685554186223502,0.00916519595620195,0.028215591773724173,0.0023904362064209317,2.563875500112772
868.0,0.2563871379348978,4.0,0.026653422414020956,0.009131658130591781,0.028174316435261346,0.0023703816419529955,2.5640182001516223
869.0,0.25637920579123397,3.9999999999999996,0.026621498164074362,0.009098480434078527,0.02813337005602287,0.0023503945333242515,2.564157900167629
870.0,0.2563712966492975,4.0,0.026589779587441437,0.009065658008458924,0.028092748773216422,0.002330474614210931,2.564299200195819
871.0,0.2563634102936357,3.999999999999999,0.02655826485733092,0.009033186052077773,0.028052448778735715,0.0023106216198433283,2.5644359001889825
872.0,0.2563555465117122,3.9999999999999996,0.026526952168733697,0.009001059819465043,0.028012466318335368,0.002290835286998083,2.5645721000619233
873.0,0.2563477050938593,4.0,0.026495839738063423,0.008969274620967896,0.027972797690818837,0.002271115353991937,2.564706400036812
874.0,0.2563398858332295,4.0,0.026464925802804237,0.00893782582238096,0.027933439247238307,0.0022514615606737676,2.564841900020838
875.0,0.2563320885257494,4.0,0.026434208621167608,0.008906708844571664,0.027894387390107404,0.0022318736484173707,2.564980100141838
876.0,0.25632431297007385,4.0,0.026403686471755807,0.008875919163103829,0.027855638572625373,0.002212351360113801,2.565118300030008
877.0,0.2563165589675407,4.0,0.026373357653233606,0.008845452307857337,0.02781718929791352,0.0021928944401640726,2.565256000030786
878.0,0.25630882632212704,4.000000000000001,0.026343220484007362,0.008815303862644517,0.027779036118263364,0.0021735026344714137,2.5653905000071973
879.0,0.2563011148404058,4.0,0.026313273301911244,0.008785469464823675,0.027741175634396324,0.002154175690433885,2.565524500096217
880.0,0.25629342433150293,3.999999999999999,0.026283514463899395,0.008755944804910602,0.02770360449473407,0.0021349133569356082,2.56566150020808
881.0,0.2562857546070562,4.000000000000001,0.026253942345746507,0.008726725626185521,0.027666319394681047,0.002115715384339717,2.5659446001518518
882.0,0.25627810548117413,4.0,0.026224555341754167,0.008697807724298479,0.027629317075917627,0.0020965815244808617,2.5661397001240402
883.0,0.25627047677039533,4.0,0.026195351864462847,0.008669186946872099,0.027592594325703317,0.0020775115306562175,2.5662967001553625
884.0,0.2562628682936496,4.000000000000001,0.026166330344371554,0.008640859193101168,0.027556147976191818,0.0020585051576175184,2.5664464000146836
885.0,0.25625527987221913,4.0,0.02613748922966269,0.008612820413349785,0.02751997490375578,0.00203956216156434,2.5665977001190186
886.0,0.2562477113297002,3.9999999999999996,0.026108826985932754,0.008585066608747267,0.027484072028322107,0.0020206823001341634,2.566748000215739
887.0,0.25624016249196596,3.9999999999999996,0.02608034209592901,0.008557593830780037,0.027448436312717185,0.0020018653323949087,2.566897400189191
888.0,0.25623263318712997,4.0,0.026052033059291973,0.008530398180883024,0.027413064762022765,0.0019831110188374967,2.5670461000408977
889.0,0.2562251232455103,3.9999999999999996,0.02602389839230305,0.008503475810027588,0.027377954422941057,0.0019644191213664397,2.5671977000311017
890.0,0.2562176324995935,4.0,0.025995936627636985,0.008476822918309094,0.02734310238316948,0.0019457894032923473,2.56735060014762
891.0,0.25621016078400094,4.0,0.025968146314120675,0.0084504357545311,0.027308505770785717,0.0019272216293229893,2.567508000181988
892.0,0.25620270793545386,4.0,0.02594052601649561,0.008424310615789205,0.027274161753641196,0.0019087155655552746,2.567686000140384
893.0,0.25619527379274076,3.999999999999999,0.025913074315186524,0.008398443847052251,0.027240067538764828,0.0018902709794670347,2.5678491999860853
894.0,0.25618785819668355,3.999999999999999,0.025885789806073478,0.008372831840742972,0.027206220371774854,0.0018717613910259612,2.568008700152859
895.0,0.2561804609901063,4.000000000000001,0.025858671100269577,0.00834747103631685,0.027172617536300504,0.00185195820930667,2.568171099992469
896.0,0.2561730820178032,4.0,0.02583171682390324,0.008322357919839065,0.02713925635341237,0.0018322065020224265,2.5683346001897007
897.0,0.2561657211265072,3.999999999999999,0.02580492561790346,0.008297489023562499,0.02710613418106076,0.001812506366283828,2.568496100138873
898.0,0.2561583781648598,3.9999999999999996,0.02577829613779127,0.008272860925502204,0.027073248413523737,0.0017928578955057894,2.5689723000396043
899.0,0.256151052983381,4.0,0.025751827053473987,0.008248470249010795,0.027040596480862825,0.0017732611794673003,2.569168300135061
900.0,0.2561437454344398,4.000000000000001,0.025725517049044182,0.008224313662352106,0.02700817584838736,0.0017537163043717385,2.569334300002083
901.0,0.2561364553722253,4.000000000000001,0.025699364822582282,0.008200387878275041,0.026975984016127007,0.00173422335290499,2.5697721000760794
902.0,0.25612918265271833,4.0,0.02567336908596315,0.00817668965358605,0.026944018518312178,0.001714782404293097,2.5699651001486927
903.0,0.2561219271336632,3.9999999999999996,0.025647528564666306,0.008153215788722435,0.026912276922862678,0.0016953935343584081,2.57012590020895
904.0,0.2561146886745411,4.0,0.025621841997590183,0.008129963127323909,0.026880756830884107,0.0016760568155763933,2.570286500034854
905.0,0.25610746713654214,3.9999999999999996,0.025596308136869313,0.008106928555805198,0.026849455876171716,0.0016567723171294901,2.5704762001987547
906.0,0.25610026238253975,4.0,0.025570925747695677,0.008084109002927909,0.026818371724722324,0.0016375401049610327,2.570635400013998
907.0,0.2560930742770641,3.999999999999999,0.02554569360814285,0.008061501439373104,0.026787502074253306,0.0016183602418289034,2.5707861999981105
908.0,0.25608590268627707,4.0,0.025520610508993753,0.008039102877313537,0.02675684465372913,0.0015992327873561585,2.5709370002150536
909.0,0.25607874747794684,4.000000000000001,0.02549567525357173,0.008016910369986313,0.026726397222895267,0.0015801577980843196,2.571087900083512
910.0,0.2560716085214233,4.000000000000001,0.025470886657574385,0.007994921011266202,0.02669615757181896,0.0015611353275218343,2.571255100192502
911.0,0.256064485687614,4.0,0.0254462435489109,0.007973131935239264,0.026666123520437346,0.0015421654261952578,2.571433700155467
912.0,0.25605737884896007,4.0,0.025421744767541853,0.007951540315777304,0.026636292918112186,0.001523248141696687,2.571585400030017
913.0,0.2560502878794133,4.0,0.025397389165322554,0.007930143366112724,0.026606663643191815,0.0015043835187319998,2.571736100129783
914.0,0.25604321265441277,4.0,0.02537317560584878,0.007908938338414577,0.026577233602579547,0.0014855715991695106,2.5718849000986665
915.0,0.2560361530508626,3.999999999999999,0.025349102964305346,0.007887922523365244,0.02654800073130869,0.001466812422084296,2.5720321000553668
916.0,0.2560291089471093,4.0,0.025325170127317238,0.00786709324973893,0.02651896299212413,0.001448106023805018,2.572179100010544
917.0,0.25602208022292083,3.9999999999999996,0.025301375992804166,0.007846447883979774,0.026490118375070686,0.0014294524379592222,2.572326500201598
918.0,0.25601506675946417,4.0,0.025277719469836493,0.0078259838297829,0.026461464897087127,0.00141085169551608,2.5724732000380754
919.0,0.25600806843928536,3.9999999999999996,0.025254199478494603,0.007805698527675566,0.026433000601606953,0.0013923038248312147,2.57261999999173
920.0,0.25600108514628783,4.0,0.025230814949730247,0.007785589454600745,0.02640472355816515,0.0013738088516896674,2.5727695000823587
921.0,0.2559941167657128,3.9999999999999996,0.025207564825230712,0.007765654123500861,0.026376631862011012,0.0013553667993465301,2.5729319001547992
922.0,0.25598716318411885,4.0,0.025184448057284536,0.007745890082904702,0.02634872363372663,0.0013369776885699403,2.573080600006506
923.0,0.25598022428936273,4.0,0.025161463608650573,0.007726294916514848,0.026320997018851894,0.001318641537680798,2.5732448000926524
924.0,0.2559732999705798,3.999999999999999,0.025138610452428607,0.007706866242797075,0.026293450187514722,0.0013003583625940673,2.5734000001102686
925.0,0.25596639011816497,3.9999999999999996,0.02511588757193175,0.0076876017145726195,0.026266081334066858,0.001282128176856412,2.5735545000061393
926.0,0.2559594946237542,4.000000000000001,0.02509329396056226,0.007668499018610459,0.026238888676726004,0.001263950991687024,2.573708400130272
927.0,0.2559526133802067,4.000000000000001,0.025070828621688197,0.0076495558752230864,0.026211870457222623,0.0012458268160148445,2.573862500023097
928.0,0.2559457462815859,3.9999999999999996,0.025048490568522777,0.00763077003786428,0.026185024940452925,0.0012277556565166159,2.5740158001426607
929.0,0.25593889322314234,3.9999999999999996,0.02502627882400507,0.007612139292728348,0.026158350414136278,0.0012097375176528813,2.5741663000080734
930.0,0.2559320541012966,4.0,0.025004192420683663,0.007593661458351716,0.026131845188478952,0.001191772401706398,2.574314600089565
931.0,0.25592522881362156,3.999999999999999,0.02498223040060139,0.0075753343852170306,0.026105507595842372,0.0011738603088159993,2.574456000002101
932.0,0.2559184172588258,4.000000000000001,0.02496039181518176,0.007557155955360249,0.026079335990416428,0.0011560012370133987,2.5745976001489908
933.0,0.25591161933673745,3.999999999999999,0.024938675725118497,0.00753912408197772,0.026053328747898435,0.00113819518225719,2.5747395001817495
934.0,0.25590483494828736,3.9999999999999996,0.024917081200264677,0.007521236709039477,0.02602748426517604,0.0011204421384672647,2.5748815000988543
935.0,0.2558980639954934,4.0,0.024895607319525878,0.007503491810901408,0.026001800960016117,0.0011027420975586733,2.5750242001377046
936.0,0.25589130638144486,4.000000000000001,0.024874253170753584,0.007485887391922258,0.02597627727075774,0.001085095049474516,2.575162700144574
937.0,0.2558845620102871,4.0,0.024853017850640723,0.00746842148608213,0.025950911656010076,0.0010675009822190273,2.5753117001149803
938.0,0.2558778307872056,3.999999999999999,0.02483190046461846,0.007451092156604703,0.02592570259435479,0.001049959881889162,2.575451800134033
939.0,0.25587111261841217,3.999999999999999,0.02481090012675529,0.007433897495580741,0.025900648584053398,0.0010324717327064303,2.575588900130242
940.0,0.2558644074111292,4.000000000000001,0.02479001595965678,0.007416835623595897,0.025875748142758673,0.001015036517048401,2.5757234999909997
941.0,0.2558577150735764,3.999999999999999,0.024769247094368126,0.007399904689359578,0.025850999807231243,0.0009976542154793433,2.5758567000739276
942.0,0.255851035514955,4.0,0.024748592670275925,0.007383102869339234,0.025826402133059118,0.0009803248067794534,2.5759899001568556
943.0,0.2558443686454356,4.0,0.02472805183501448,0.007366428367393792,0.02580195369438343,0.0009630482679760799,2.5761230001226068
944.0,0.2558377143761429,4.0,0.024707623744370542,0.007349879414414226,0.025777653083626777,0.0009458245743723948,2.576255900086835
945.0,0.2558310726191431,4.0,0.024687307562191525,0.00733345426796358,0.025753498911226646,0.0009286536995752881,2.5763899001758546
946.0,0.2558244432874307,3.999999999999999,0.024667102460294153,0.007317151211921993,0.02572948980537277,0.0009115356155257603,2.57652260013856
947.0,0.25581782629491434,4.0,0.024647007618374316,0.0073009685561341384,0.02570562441174812,0.0008944702925242354,2.5766557999886572
948.0,0.25581122155640545,4.0,0.024627022223919118,0.007284904636059524,0.025681901393274753,0.0008774576992609529,2.576789100188762
949.0,0.2558046289876044,4.000000000000001,0.024607145472119056,0.007268957812425887,0.025658319429862447,0.0008604978028409205,2.576924200169742
950.0,0.2557980485050889,4.000000000000001,0.024587376565782422,0.007253126470886228,0.02563487721816231,0.0008435905688117529,2.5773358000442386
951.0,0.25579148002630125,4.000000000000001,0.024567714715250263,0.007237409021678457,0.02561157347132341,0.0008267359611894287,2.5774880000390112
952.0,0.2557849234695366,4.0,0.024548159138312892,0.007221803899287907,0.02558840691875336,0.0008099339424845475,2.5776260001584888
953.0,0.2557783787539308,4.000000000000001,0.02452870906012755,0.007206309562113912,0.02556537630588288,0.0007931844737269766,2.5777673001866788
954.0,0.2557718457994492,4.000000000000001,0.024509363713137142,0.007190924492138525,0.02554248039393358,0.0007764875144926908,2.577902700053528
955.0,0.25576532452687506,3.999999999999999,0.02449012233699012,0.007175647194599208,0.02551971795968956,0.0007598430229267816,2.578039300162345
956.0,0.25575881485779794,3.9999999999999996,0.02447098417846125,0.007160476197664441,0.025497087795272225,0.000743250955768382,2.5781736001372337
957.0,0.25575231671460297,4.0,0.02445194849137428,0.007145410052112167,0.02547458870791924,0.0007267112683755073,2.578309200005606
958.0,0.25574583002046014,4.0,0.02443301453652457,0.007130447331012023,0.025452219519766,0.0007102239147468437,2.578441800083965
959.0,0.25573935469931297,4.0,0.024414181581603488,0.007115586629410735,0.025429979067631097,0.0006937888475472831,2.5785763000603765
960.0,0.2557328906758686,4.000000000000001,0.024395448901123683,0.007100826564020423,0.025407866202804885,0.0006774060181288788,2.5787091001402587
961.0,0.2557264378755869,4.0,0.024376815776345307,0.007086165772910104,0.02538587979084121,0.0006610753765547706,2.5789380001369864
962.0,0.2557199962246705,4.0,0.02435828149520311,0.007071602915201163,0.025364018711352423,0.0006447968716207508,2.579260400030762
963.0,0.25571356565005465,4.0,0.024339845352234855,0.007057136670765049,0.02534228185780762,0.0006285704508773027,2.5794487001840025
964.0,0.2557071460793977,3.999999999999999,0.024321506648510457,0.007042765739924959,0.025320668137333958,0.0006123960606517209,2.579591500107199
965.0,0.2557007374410706,4.0,0.02430326469156171,0.007028488843160764,0.025299176470520643,0.0005962736460681795,2.5797747999895364
966.0,0.2556943396641481,3.999999999999999,0.024285118795313962,0.0070143047208162425,0.025277805791226748,0.0005802031510700467,2.5800247001461685
967.0,0.2556879526783987,4.000000000000001,0.024267068280017203,0.007000212132811271,0.025256555046390933,0.0005641845184395922,2.580205700127408
968.0,0.2556815764142761,4.0,0.024249112472179778,0.0069862098583550435,0.0252354231958452,0.0005482176898190805,2.5804145000874996
969.0,0.2556752108029092,3.999999999999999,0.024231250704501228,0.006972296695665031,0.025214409212130525,0.0005323026057298952,2.5805587000213563
970.0,0.25566885577609366,4.000000000000001,0.024213482315807007,0.006958471461687158,0.025193512080315703,0.0005164392055928835,2.5806949001271278
971.0,0.2556625112662834,4.0,0.024195806650984506,0.006944732991819431,0.02517273079781952,0.0005006274277482015,2.580860400106758
972.0,0.2556561772065807,4.0,0.024178223060918127,0.00693108013964061,0.025152064374234447,0.00048486720947293893,2.5811123000457883
973.0,0.255649853530729,3.9999999999999996,0.024160730902427208,0.006917511776639326,0.025131511831154228,0.0004691584870024357,2.5813561000395566
974.0,0.25564354017310337,3.9999999999999996,0.024143329538203185,0.006904026791948832,0.025111072202003277,0.00045350119554646295,2.5816473001614213
975.0,0.2556372370687031,3.999999999999999,0.024126018336748545,0.006890624092083353,0.025090744531869248,0.0004378952693084859,2.581801700172946
976.0,0.2556309441531429,3.9999999999999996,0.024108796672315934,0.006877302600678368,0.02507052787733775,0.000422340641504676,2.581949600018561
977.0,0.25562466136264506,4.0,0.024091663924848298,0.006864061258233737,0.025050421306329805,0.000406837244380287,2.5820954001974314
978.0,0.2556183886340317,4.0,0.02407461947991988,0.006850899021860075,0.0250304238979419,0.0003913850092278348,2.5824389001354575
979.0,0.25561212590471666,4.0,0.02405766272867732,0.006837814865028626,0.025010534742288024,0.0003759838664043891,2.582592200022191
980.0,0.25560587311269817,3.9999999999999996,0.024040793067782597,0.0068248077773230414,0.02499075294034481,0.00036063374534861525,2.582739100093022
981.0,0.25559963019655085,4.0,0.024024009899355256,0.006811876764196072,0.02497107760379823,0.00034533457459715033,2.5828841000329703
982.0,0.25559339709541873,4.0,0.024007312630916728,0.006799020846727654,0.02495150785489348,0.0003300862818014505,2.5830285002011806
983.0,0.25558717374900775,4.0,0.023990700675334393,0.006786239061386991,0.024932042826286513,0.00031488879374449996,2.583173300139606
984.0,0.25558096009757847,4.0,0.023974173450766568,0.006773530459797418,0.02491268166089801,0.0002997420363566594,2.583319100085646
985.0,0.2555747560819389,4.000000000000001,0.023957730380608225,0.006760894108504499,0.024893423511769715,0.0002846459347301544,2.583463800139725
986.0,0.2555685616434381,3.9999999999999996,0.02394137089343754,0.006748329088746538,0.024874267541922936,0.0002696004131369778,2.5836192001588643
987.0,0.2555623767239582,3.999999999999999,0.023925094422962524,0.006735834496229073,0.024855212924218974,0.00025460539504246205,2.5837641002144665
988.0,0.2555562012659087,3.999999999999999,0.023908900407968857,0.0067234094409011035,0.02483625884122187,0.00023966080312143312,2.5839039001148194
989.0,0.2555500352122193,4.0,0.023892788292268055,0.006711053046735432,0.024817404485063265,0.00022476655927231026,2.5840430001262575
990.0,0.25554387850633326,4.000000000000001,0.02387675752464655,0.006698764451510821,0.024798649057309365,0.00020992258463289892,2.5841823001392186
991.0,0.2555377310922013,4.0,0.02386080755881468,0.006686542806598156,0.024779991768829487,0.0001951287995937412,2.5843259000685066
992.0,0.25553159291427463,3.999999999999999,0.02384493785335695,0.006674387276748947,0.024761431839667176,0.00018038512381324256,2.5844699000008404
993.0,0.25552546391749925,4.0,0.023829147871682638,0.006662297039886346,0.024742968498912887,0.0001656914762311612,2.584617300191894
994.0,0.25551934404730936,4.000000000000001,0.02381343708197709,0.006650271286899513,0.024724600984578935,0.00015104777508298528,2.5847663001623005
995.0,0.25551323324962183,4.0,0.02379780495715346,0.006638309221440326,0.02470632854347601,0.0001364539379134777,2.584913400001824
996.0,0.2555071314708294,3.999999999999999,0.02378225097480481,0.006626410059723784,0.024688150431091696,0.00012190988159019311,2.5850610001944005
997.0,0.2555010386577953,4.000000000000001,0.023766774617156938,0.006614573030330265,0.02467006591147068,0.00010741552231605112,2.5853624001611024
998.0,0.2554949547578474,4.000000000000001,0.023751375371022333,0.0066027973740103284,0.024652074257097395,9.297077564399125e-05,2.5856560000684112
999.0,0.25548887971877254,4.0,0.023736052727753545,0.006591082343493189,0.02463417474877947,7.857555648829728e-05,2.585838200058788
1000.0,0.2554828134888104,3.9999999999999996,0.023720806183197756,0.006579427203297486,0.024616366675533654,6.422977913814187e-05,2.586020000046119
1001.0,0.25547675601664843,3.9999999999999996,0.02370563523765182,0.006567831229544393,0.02459864933447319,4.9933357270159906e-05,2.5861906001809984
1002.0,0.2554707072514162,4.0,0.02369053939581782,0.0065562937097735415,0.024581022030697022,3.568620396018907e-05,2.5863526000175625
1003.0,0.25546466714268024,3.999999999999999,0.023675518166759165,0.006544813942761242,0.024563484077180606,2.148823169678682e-05,2.586512900190428
1004.0,0.25545863564043814,4.0,0.023660571063856523,0.006533391238342761,0.02454603479466813,7.339352391472209e-06,2.5866732001304626
1005.0,0.2554526082645229,4.0,0.023746992819690598,0.006413266902693108,0.024597757221820362,6.760522608340036e-06,2.5868337000720203
1006.0,0.25544655998474675,4.0,0.023731143565751442,0.006402896498086589,0.024579753019579258,4.448667169937304e-05,2.5869927001185715
1007.0,0.2554405205451445,4.000000000000001,0.023715383066738666,0.006392572696787428,0.02456184805111104,8.195928402571218e-05,2.587173500098288
1008.0,0.2554344898906345,4.000000000000001,0.023699710544086705,0.006382294637594298,0.02454404132808123,6.455619836506776e-05,2.587335100164637
1009.0,0.25542846796672414,4.0,0.023684125230288754,0.006372061488030751,0.024526331880883552,2.401238221094726e-05,2.587615900207311
1010.0,0.2554224520527452,4.0,0.023703546801155894,0.006344203279926096,0.024537869634742394,1.627643863547079e-05,2.5878167001064867
1011.0,0.25541641571830487,3.9999999999999996,0.02430118813430239,0.00661811774722164,0.025186250758198393,6.659680937964874e-06,2.5879882001318038
1012.0,0.2554100756590644,4.0,0.024278450065731535,0.006598708397804901,0.02515921481512252,6.55872879093411e-05,2.5881498001981527
1013.0,0.25540372744793016,3.9999999999999996,0.02448640987141851,0.006802356732667824,0.025413703498498072,3.3144884760000215e-05,2.588311200030148
1014.0,0.2553972727679695,4.0,0.02446135395175236,0.006778668801586191,0.025383226506386233,0.00015207800989061604,2.5884709001984447
1015.0,0.2553908335173645,3.9999999999999996,0.02443657508712979,0.006755333601871049,0.025353120795308427,0.0002700757687809918,2.5886272001080215
1016.0,0.25538440949051183,4.000000000000001,0.024412067738180544,0.00673234154521699,0.025323378011927435,0.00038714913766096926,2.5887802001088858
1017.0,0.25537800048667125,4.000000000000001,0.02438782651198766,0.006709683355877601,0.025293990051293787,0.0005033089319688988,2.588930700207129
1018.0,0.2553716063098126,4.0,0.024363846157734053,0.006687350060500305,0.025264949048620814,0.0006185658090821777,2.5891341001261026
1019.0,0.25536522676846957,4.0,0.024340121562485714,0.00666533297824166,0.025236247371339064,0.0007329302709956631,2.589420200092718
1020.0,0.25535886167559796,3.999999999999999,0.02431664774710718,0.006643623711159043,0.025207877611420744,0.0008464126669495697,2.589616200188175
1021.0,0.25535251084843924,3.9999999999999996,0.024293419862303982,0.0066222141348762946,0.02517983257796487,0.0009590231960106277,2.589765200158581
1022.0,0.2553461741083887,4.0,0.024270433184790063,0.006601096389516138,0.025152105290035698,0.0010707719096031965,2.5899095002096146
1023.0,0.255339851280869,4.000000000000001,0.02424768311357412,0.006580262870897498,0.025124688969744874,0.0011816687139965532,2.59005260001868
1024.0,0.25533354219520665,4.000000000000001,0.02422516516636256,0.0065597062219911705,0.0250975770355701,0.001291723372742165,2.59019560017623
1025.0,0.2553272466845146,3.9999999999999996,0.02420287497607504,0.0065394193246295146,0.02507076309590231,0.0014009455090703837,2.590333200059831
1026.0,0.2553209645855776,3.9999999999999996,0.024180808287468374,0.006519395291465592,0.025044240942813236,0.0015093446082398987,2.5904721000697464
1027.0,0.2553146957387422,4.0,0.024158960953866722,0.006499627458175651,0.025018004546036993,0.0014956185808698008,2.590609900187701
1028.0,0.25530843998781083,4.0,0.024137328933993552,0.0064801093759008,0.024992048047157715,0.0013925331205585922,2.59074700018391
1029.0,0.2553021971799382,4.000000000000002,0.024115908288901793,0.006460834803923223,0.02496636575399607,0.0012903168278095845,2.5908844000659883
1030.0,0.2552959671655335,3.999999999999999,0.024094695179001254,0.006441797702568586,0.02494095213518931,0.0011889593823471434,2.591180100105703
1031.0,0.25528974979816355,4.0,0.024073685861176877,0.006422992226334641,0.02491580181495636,0.0010876320791256833,2.591357900062576
1032.0,0.2552835449344615,3.9999999999999996,0.024052876685998637,0.006404412717234646,0.024890909568043785,0.0009794223178714312,2.5915080001577735
1033.0,0.2552773524340368,3.9999999999999996,0.024032264095016635,0.00638605369835599,0.0248662703148444,0.0008720924608578151,2.5916533002164215
1034.0,0.2552711721593895,4.000000000000001,0.02401184461814127,0.006367909867624792,0.02484187911668425,0.0007656319482622631,2.59179660002701
1035.0,0.2552650039758271,3.999999999999999,0.023991614871104863,0.006349976091772345,0.024817731171271486,0.000660030377707288,2.5919402001891285
1036.0,0.2552588477513836,3.9999999999999996,0.023971571553001003,0.006332247400500408,0.024793821808301177,0.0005552775015518208,2.5920945000834763
1037.0,0.25525270335674255,4.000000000000001,0.023951711443901732,0.006314718980835634,0.02477014648521197,0.0004513632242340859,2.592248700093478
1038.0,0.2552465706651618,4.000000000000001,0.023932031402547377,0.006297386171672604,0.02474670078308798,0.00034827759966366,2.5924024002160877
1039.0,0.25524044955240094,3.9999999999999996,0.02391252836410825,0.006280244458497578,0.02472348040270162,0.0002460108286623519,2.5925563001073897
1040.0,0.2552343398966507,4.000000000000001,0.023893199338015297,0.006263289468289302,0.024700481160692362,0.0001445532564529617,2.592709500109777
1041.0,0.25522824157846624,4.000000000000001,0.023874041405858543,0.006246516964590074,0.0246776989858771,4.3895370195862204e-05,2.5929634000640363
1042.0,0.25522215218801525,4.000000000000001,0.023869379869217465,0.006240761096925409,0.024671732699790293,3.610425394415251e-05,2.5931150000542402
1043.0,0.2552160587731779,3.999999999999999,0.02390400626282815,0.006269323819912571,0.02471246520629317,5.654437442295657e-05,2.593263400020078
1044.0,0.255209954602454,4.0,0.023884463998203487,0.006251872726038104,0.024689137957086667,0.00015542401450774346,2.5934066001791507
1045.0,0.2552038619248706,4.0,0.023865099706667343,0.006234616461389593,0.024666037915113237,0.00015293551900549818,2.5936928000301123
1046.0,0.2551977806180652,4.000000000000001,0.023845910352052968,0.00621755058458485,0.024643160831963468,5.7364859153113956e-05,2.593959900084883
1047.0,0.25519170441988254,4.0,0.02388114843318699,0.006247232125355913,0.02468475561385991,3.7488219171710746e-05,2.5941241001710296
1048.0,0.2551856139338749,4.0,0.02386163568051841,0.006229634780900705,0.024661427510450345,1.2999007032443721e-06,2.594269199995324
1049.0,0.25517947646217853,3.999999999999999,0.0240576968149043,0.006431738972488604,0.024902611153212132,8.920810774770693e-05,2.594410000136122
1050.0,0.25517327837891324,4.0,0.024035927189069373,0.006410259931016211,0.02487603722905713,0.0001822600596518842,2.594648600090295
1051.0,0.25516709348302336,4.0,0.024014383004463197,0.006389056320945661,0.024849761201212107,5.985175572753576e-05,2.5948036999907345
1052.0,0.2551609190898405,4.0,0.024009745845573714,0.006383257000289793,0.024843789274198752,6.160382205588899e-05,2.5949483001604676
1053.0,0.25515474750201,4.000000000000001,0.024052599346975324,0.0064243740715454615,0.02489578513638932,1.6384746319320076e-05,2.5950836001429707
1054.0,0.255148552844338,4.0,0.0240306993131268,0.006402526140872976,0.024868993756532946,0.00013726986621587223,2.595221000025049
1055.0,0.255142371477729,4.0,0.024009029373660846,0.006380959521592523,0.024842506634426238,0.00017517627920143886,2.595355400117114
1056.0,0.25513620323755803,4.000000000000001,0.023987585177525573,0.006359667733465097,0.02481631754167249,6.0038968301229234e-05,2.5954903000965714
1057.0,0.25513003907402354,4.000000000000001,0.024029368448906463,0.00640134005938255,0.02486740240976442,5.425100385555992e-05,2.595626400085166
1058.0,0.25512385851698527,4.0,0.02400761586307312,0.006379512983816898,0.024840769016670327,2.135319850232742e-05,2.5957624001894146
1059.0,0.2551176314470037,4.000000000000001,0.024242074477621358,0.006637547959075784,0.025134343394796928,9.110710692625257e-05,2.5958962000440806
1060.0,0.2551113179078669,3.9999999999999987,0.024217829573443563,0.006611498074599812,0.025104086839373277,0.0002232479015190636,2.5960301000159234
1061.0,0.255105019517219,4.0,0.024193863282049966,0.006585800412448857,0.025074205622175494,0.00025688881215690795,2.5962599001359195
1062.0,0.25509873606970135,3.9999999999999996,0.02417017006636627,0.0065604470057311175,0.025044691771951885,0.0001353843762329776,2.5964072002097964
1063.0,0.2550924673645862,3.9999999999999996,0.024146744531290093,0.006535430124711605,0.02501553753918504,1.4894427539685617e-05,2.596564000006765
1064.0,0.25508620892125966,4.000000000000001,0.024138912495199276,0.006528998694064574,0.02500629761476066,0.00010459365198955961,2.5967692001722753
1065.0,0.25507995937701045,3.9999999999999996,0.024115798483937773,0.006504299917294618,0.024977542992296386,1.4907341165354415e-05,2.5969736000988632
1066.0,0.25507370810576546,3.999999999999999,0.024151059872624867,0.00655346166192856,0.025024419128632708,9.797062898544984e-05,2.5971731999889016
1067.0,0.25506744955512406,4.000000000000001,0.024127683467225883,0.0065280444123377475,0.02499520900780986,0.00020993474759481434,2.597367800073698
1068.0,0.25506120556633244,4.000000000000001,0.024104570940315505,0.006502962547348918,0.024966354601922272,9.273348864494158e-05,2.5975617000367492
1069.0,0.255054972086438,4.0,0.024141714140910833,0.006552676514898985,0.025015194006250737,2.355537585119194e-05,2.5977569001261145
1070.0,0.25504871815707303,4.0,0.024118362573603343,0.006526978118431081,0.024985933174293665,0.00012831057766274356,2.597972600022331
1071.0,0.25504247880922537,4.0,0.02409527598368317,0.006501618140940203,0.02495703033576835,1.6186222179470633e-05,2.5981717000249773
1072.0,0.2550361915378109,4.000000000000001,0.024304153950073,0.006796806592697423,0.025236649521824094,9.50735540863612e-05,2.598365700105205
1073.0,0.25502982677310637,4.0,0.0242787613347557,0.006766692363870815,0.02520409445898218,0.00022054304529334212,2.59855950018391
1074.0,0.2550234783699912,4.0,0.02425367711567253,0.0067369914990111366,0.025171966710788526,0.0003450337048326868,2.5987492999993265
1075.0,0.255017146093517,4.000000000000001,0.024228894989209143,0.006707695081494947,0.025140257073157292,0.0003587457097317115,2.598933800123632
1076.0,0.25501082971414574,4.0,0.024204408814871622,0.006678794450087633,0.02510895659687906,0.00020976547591852746,2.599119400139898
1077.0,0.25500452900758974,3.999999999999999,0.02418021261063367,0.006650281190842209,0.025078056579661778,6.199817970162225e-05,2.5993042001500726
1078.0,0.2549982428886125,4.0,0.024161076990069273,0.006627234517728987,0.02505350032775926,8.457100384712257e-05,2.5994886001572013
1079.0,0.2549919699049687,3.9999999999999996,0.024137378592905746,0.006599391361251596,0.025023289385614888,0.00010578640213032564,2.599664500216022
1080.0,0.25498571068711756,4.000000000000001,0.024131820765665356,0.006591987613822698,0.025015976378446426,3.200197815828032e-05,2.5998406000435352
1081.0,0.25497945643275427,4.000000000000001,0.024108428283056527,0.006564546638602538,0.024986187921523118,0.0001702490877999452,2.6000334001146257
1082.0,0.2549732170224618,4.0,0.024085304450094366,0.0065374625960962105,0.024956768774204174,9.01598248546076e-05,2.6002122000791132
1083.0,0.2549669902943877,4.0,0.024080558359108654,0.006530406488192493,0.024950340674777655,4.787217547988498e-05,2.6003837999887764
1084.0,0.25496076872838724,4.0,0.024057728351891457,0.006503724923942655,0.024921330850091353,0.00018275094878508757,2.600553600117564
1085.0,0.2549545615815872,4.0,0.024035156307597574,0.006477384634622527,0.0248926746340262,5.178862671254003e-05,2.6007229001261294
1086.0,0.25494835584958847,4.0,0.024081713310273683,0.006529733157514805,0.024951279146900686,7.819870600778156e-05,2.6008938001468778
1087.0,0.25494213383051145,4.0,0.024058803386225434,0.006502882885504328,0.024922148908142684,0.00021340426263910528,2.6010637001600116
1088.0,0.254935926290822,4.0,0.02403615360813057,0.006476375428155804,0.02489337500139482,0.0003476088457042281,2.6012276001274586
1089.0,0.25492973303720445,4.0,0.02401375891936999,0.006450203925548152,0.024864950193370153,0.00026785896035669277,2.6013915000949055
1090.0,0.2549235538805254,4.0,0.02399161439050942,0.006424361706826518,0.024836867443440564,0.00014342322874935642,2.6016245000064373
1091.0,0.2549173886357149,3.9999999999999996,0.023969715215729697,0.006398842284081107,0.024809119897725676,2.0009848924834595e-05,2.601788700092584
1092.0,0.25491123607308563,4.0,0.023952003780215104,0.006378346900650574,0.024786726170926192,0.00010239382215637693,2.60196670005098
1093.0,0.2549050956315942,3.999999999999999,0.02393052603215162,0.006353379681567927,0.024759553904576844,0.00019748597072949403,2.602186400210485
1094.0,0.254898968609777,3.9999999999999996,0.02390928117126252,0.006328718440412082,0.02473269906873288,8.21269982499706e-05,2.602354400092736
1095.0,0.2548928535136463,3.999999999999999,0.023903011955255404,0.006322733597535761,0.024725107495792414,3.2301850910104735e-05,2.602513400139287
1096.0,0.25488674349120055,4.000000000000001,0.023882018668147115,0.006298369612232242,0.02469858853129097,0.0001475069011463992,2.602667900035158
1097.0,0.2548806465339897,3.9999999999999996,0.023861249831281107,0.006274300577538868,0.024672375062975135,9.535064336876897e-05,2.60287810000591
1098.0,0.2548745616412319,4.000000000000001,0.0238558147356719,0.006268528541344296,0.024665651152490354,2.04300904407817e-05,2.6030367000494152
1099.0,0.2548684798663631,4.000000000000001,0.02383943543513525,0.0062492525267042924,0.0246449150740777,0.00010078521064557644,2.60319110006094
1100.0,0.25486240931842435,3.999999999999999,0.023819070405525347,0.006225707562509653,0.024619251605953893,0.00020667583973629777,2.603350100107491
1101.0,0.2548563513742283,4.0,0.02379891901868048,0.006202442604554305,0.024593878114695572,9.727564725386939e-05,2.6035103001631796
1102.0,0.25485030397922026,4.000000000000002,0.023852072289981638,0.006269175564150623,0.024662196065651842,1.135278934583095e-06,2.603659800020978
1103.0,0.2548442249655881,4.000000000000001,0.02383142112207502,0.0062450873681127814,0.024636106610685164,0.00012232418038884973,2.6038081001024693
1104.0,0.25483815877298593,4.000000000000001,0.023810991228140274,0.006221289828456658,0.024610317966174904,9.773997760123554e-05,2.603968500159681
1105.0,0.25483210427607,3.9999999999999996,0.023806941727121635,0.006215785891303625,0.02460500901534268,2.3547237309240465e-05,2.6041166000068188
1106.0,0.2548260533525043,4.0,0.0237867451081599,0.0061923058281747306,0.024579542190818274,0.0001376009139845702,2.6042607000563294
1107.0,0.2548200149157079,4.000000000000001,0.023766761914930195,0.006169105119599457,0.024554364783020647,6.930550106787337e-05,2.604402500204742
1108.0,0.2548139888113731,3.999999999999999,0.02374698822246892,0.006146178597661512,0.024529471274212778,1.6975346202596775e-06,2.604540300089866
1109.0,0.2548079313223266,4.000000000000001,0.023920391967809644,0.00651276135009855,0.02479115189532325,4.972491098320653e-06,2.6046786000952125
1110.0,0.254801788935354,4.000000000000001,0.023897996540641595,0.006483978073498113,0.02476199124291344,0.00012898990677193134,2.6048159000929445
1111.0,0.2547956609476865,3.9999999999999996,0.023875867071151823,0.0064555675532498805,0.024733204014722485,0.00024348499857559935,2.604954699985683
1112.0,0.2547895471587246,3.999999999999999,0.023853998219914924,0.0064275225250986215,0.02470478246992583,0.00019897775554841846,2.605093700112775
1113.0,0.25478344737230607,4.000000000000001,0.023832384784584597,0.00639983592130112,0.02467671907568094,0.00012151917359540243,2.6052277002017945
1114.0,0.25477736139657914,4.0,0.02381102169599781,0.00637250086428383,0.024649006500720806,4.4836892925087524e-05,2.605360700050369
1115.0,0.25477120757329724,4.0,0.02449020815178062,0.007974225668908694,0.0257557482969574,3.107807742019908e-05,2.605493700131774
1116.0,0.2547645800372307,4.0,0.0244577462168976,0.00792262882935635,0.025708936142476164,0.00017384453894378482,2.605627200100571
1117.0,0.25475797648637466,4.0,0.024425769603222344,0.007871743219330695,0.025662863480538943,6.794839038737344e-05,2.60575810004957
1118.0,0.2547512861652581,4.0,0.02512233768799367,0.009856844274569121,0.026986834382022158,4.2088489882796676e-05,2.6058911001309752
1119.0,0.2547440122911553,3.999999999999999,0.025080162438710255,0.009781865067077695,0.02692024205208058,0.00020786525680407952,2.6060358001850545
1120.0,0.254736774141047,4.0,0.025038689276362856,0.009707873641289246,0.026854771853685275,0.0002728761942033253,2.606170400045812
1121.0,0.2547295710280885,4.0,0.02499790152634197,0.009634851901090227,0.026790398501639206,0.00013935860360372865,2.606304000131786
1122.0,0.25472240211136654,3.999999999999999,0.024959232948544,0.009564873019935806,0.026729199487960358,7.1258004573637734e-06,2.60643730009906
1123.0,0.2547139669966265,4.0,0.027800512689635765,0.019028716087127025,0.03368917543857502,0.00012387155416176965,2.6065709001850337
1124.0,0.2547026449113138,4.0,0.027716524287986422,0.018862777479260275,0.033526259750211174,0.00011381072846813889,2.6067045000381768
1125.0,0.2546914295622954,4.0,0.02763953061526855,0.018708517487573375,0.033375923645873926,0.00021445316912924173,2.606837400002405
1126.0,0.2546803158404968,4.0,0.027563647846941992,0.018556003039063414,0.03322769825636378,6.116971530681359e-05,2.6069698000792414
1127.0,0.25466930095861706,4.0,0.027484061506799187,0.01839545363815602,0.033072138598268304,0.00028536622906222275,2.6071029000449926
1128.0,0.25465838382271333,4.000000000000002,0.027489568153464494,0.018392707049431693,0.033075187525850605,2.9659452994851287e-05,2.6072377001401037
1129.0,0.254647465499762,4.0,0.027427289494992926,0.01827307271618743,0.03295696277773823,9.843163287101553e-05,2.6073720001149923
1130.0,0.2546366288797337,3.999999999999999,0.02735015872955657,0.018115837731937687,0.03280571229621202,0.00011152179645954052,2.607505900086835
1131.0,0.25462584592759774,4.000000000000001,0.027641736430827415,0.01873982338101398,0.033395307653365465,1.910499374435659e-05,2.60763890016824
1132.0,0.25461471988633033,4.000000000000001,0.02756053550498373,0.018578155762471172,0.03323749372103904,0.00020850328412047592,2.6077718001324683
1133.0,0.2546036484595857,4.0,0.027742627891107527,0.019042824783506766,0.033649406800711906,7.629547283996563e-05,2.6079132000450045
1134.0,0.2545922594411271,4.000000000000001,0.027948204705495333,0.019504579935538616,0.034081238016276445,0.00014245122581718617,2.608051500050351
1135.0,0.2545806726922354,4.0,0.027861776175506482,0.019336170317299284,0.0339140981627645,0.0001265211159252877,2.6081853001378477
1136.0,0.25456909062712335,3.9999999999999987,0.02804093808103848,0.019796020669772586,0.034324577824391335,0.00011358083772500249,2.6083206001203507
1137.0,0.254556910102823,3.9999999999999996,0.028957360735785226,0.022303516429178778,0.03655099979328942,2.021937145216257e-05,2.6084538002032787
1138.0,0.25454358696145074,4.0,0.028853806432948846,0.02211027510637688,0.0363511541900632,0.00033306487023082587,2.6085871001705527
1139.0,0.2545304087510486,4.0,0.02875219652546528,0.02191918708255487,0.03615438517523176,2.4758917291090032e-05,2.608720500022173
1140.0,0.2545166366881877,4.0,0.02962171342969157,0.02426603472655863,0.03829211861285974,3.563415907159584e-05,2.608853700105101
1141.0,0.2545017979456391,4.000000000000001,0.029838305478730853,0.024733009566597512,0.03875624125303515,1.2861095190497274e-06,2.608986900188029
1142.0,0.25448679384194217,4.0,0.030025042260951214,0.025156314922384404,0.03917069495485224,4.206192522795971e-05,2.609119800152257
1143.0,0.2544714957628444,4.0,0.02990505115002729,0.024939618313689883,0.038939653900853875,0.0004033798937833344,2.6092527001164854
1144.0,0.25445637720727465,3.999999999999999,0.02978731105625934,0.0247253104938531,0.03871207665548042,4.8565105293385535e-06,2.6093859001994133
1145.0,0.2544413706089283,3.999999999999999,0.02975688405005614,0.024672256550237647,0.038654784848052515,0.00011201990690970498,2.609520000172779
1146.0,0.25442582320065016,3.9999999999999996,0.03081021632729074,0.027168835647765042,0.0410781579502991,8.617013540634932e-05,2.609653300140053
1147.0,0.2544089855337083,4.000000000000001,0.0307051117524511,0.026976362055086314,0.04087209313770964,0.000375372711165306,2.6097864999901503
1148.0,0.2543923312302979,3.999999999999999,0.03057594679103281,0.02674611819098534,0.04062318747284888,1.1047913688916333e-05,2.609928200021386
1149.0,0.2543758605263673,4.0,0.03047517365699402,0.026558221413139436,0.040423697679124806,5.124368764236609e-05,2.6100660001393408
1150.0,0.2543592964185694,3.999999999999999,0.030735749334069144,0.027129406254616767,0.04099623117866777,0.0003044851063762899,2.6102006000000983
1151.0,0.2543425367374724,3.9999999999999987,0.030696042032908776,0.02705848541570463,0.04091953848075516,2.404336999145551e-05,2.6103942000772804
1152.0,0.25432578828913677,3.9999999999999982,0.030659959600807255,0.026988556627739954,0.040846239870664464,0.0003365363240898367,2.6105895000509918
1153.0,0.25430914692073353,4.0,0.0306230481876043,0.026919486576972386,0.04077290568340858,4.6649819447547314e-05,2.6107273001689464
1154.0,0.254292572668535,3.999999999999999,0.030496484809250855,0.02669228684204699,0.04052793804993023,0.00020239516012940384,2.61086540017277
1155.0,0.2542760644377451,3.9999999999999982,0.03069086536385598,0.027103685552307803,0.04094556126493705,0.00020158282963642082,2.611001100158319
1156.0,0.2542593492018146,3.9999999999999996,0.03057068369176862,0.02688572879893647,0.04071128976625685,3.062105078466271e-05,2.611136900028214
1157.0,0.254242697931758,3.999999999999999,0.03077625567785145,0.027296085513670285,0.04113701736779277,0.0001932690129975434,2.611272200010717
1158.0,0.25422582627853985,3.999999999999999,0.030648790363985677,0.0270675724832904,0.04089011898874496,0.0006176811159641638,2.6114068999886513
1159.0,0.2542091561248211,4.0,0.03052362959774282,0.026841471803521214,0.040646728926193136,0.00017423417868919766,2.611540600191802
1160.0,0.25419267225600595,3.999999999999999,0.030425680012020506,0.026657411826091347,0.04045169476622332,0.00027264035460652924,2.6116748000495136
1161.0,0.2541763569255775,4.0,0.030304542633026503,0.026435660415724288,0.04021454271544578,2.268512575856474e-05,2.6118100001476705
1162.0,0.2541602148718718,4.000000000000001,0.030210314421081443,0.026255814529357265,0.04002537812464249,0.0004166718871013442,2.611953900195658
1163.0,0.2541442409072338,3.9999999999999996,0.030093057427561038,0.026038297206831002,0.03979428384541868,0.0008305393751115442,2.6120933000929654
1164.0,0.2541284504888932,4.0,0.029977880781061266,0.025823023614836675,0.0395664237041451,0.0004147933323755959,2.612413000082597
1165.0,0.2541128400116458,4.0,0.029864739226029866,0.02560996026379404,0.03934174263745668,2.863096702332424e-06,2.6125859001185745
1166.0,0.2540973395401227,4.0,0.029842605260322765,0.025556865204462518,0.03929038620072996,0.0004052954494732641,2.6127475001849234
1167.0,0.2540819456080165,4.0,0.029732025517635718,0.025346810512261415,0.03906986235611571,0.0008150022255018485,2.6128928000107408
1168.0,0.2540667236379894,4.0,0.02962337770468054,0.02513888825951496,0.038852390010893065,0.0012209846722026352,2.6130343000404537
1169.0,0.25405167030631226,3.999999999999999,0.029516620028767416,0.024933067628404963,0.03863791815413001,0.0016232855029737758,2.613175000064075
1170.0,0.25403678236791866,4.0,0.029411711655351478,0.02472931853012362,0.0384263968836769,0.002021946826901655,2.613313600188121
1171.0,0.2540220566541507,4.0,0.029308612687885337,0.02452761158344274,0.03821777737750729,0.0024170101588190662,2.6134545002132654
1172.0,0.25400749007057855,4.0,0.029207284147966642,0.0243279180939075,0.038012011865776525,0.002808516429179342,2.6135917000938207
1173.0,0.25399307959489237,4.0,0.029107687955784226,0.024130210033636926,0.03780905360358466,0.0031965059937506535,2.6137258000671864
1174.0,0.25397882227486457,3.9999999999999996,0.029009786910863634,0.02393446002171741,0.03760885684443099,0.0035810186431324,2.6139882002025843
1175.0,0.2539647152263769,4.0,0.028913544673111777,0.023740641305173144,0.03741137681434518,0.003962093612101258,2.614193200133741
1176.0,0.2539507556315146,3.9999999999999996,0.0288189257441638,0.023548727740499237,0.037216569686683715,0.004339769588783959,2.614344500005245
1177.0,0.25393694073672024,4.0,0.02872589544902998,0.023358693775742376,0.037024392557576245,0.004714084723665274,2.614485700149089
1178.0,0.25392326785100977,4.0,0.02863441991804594,0.023170514433114554,0.036834803422010495,0.0050850766384314405,2.6146731001790613
1179.0,0.25390973434424463,3.9999999999999987,0.028544466069123035,0.022984165292126605,0.03664776115054115,0.0054527824346537745,2.6148139000870287
1180.0,0.2538963376454605,4.0,0.02845600159030084,0.022799622473226668,0.03646322546661042,0.0058172387023137095,2.6149544999934733
1181.0,0.2538830752412501,4.0,0.02836899492260099,0.022616862621930255,0.03628115692446737,0.006178481528173352,2.6150931001175195
1182.0,0.2538699446741968,4.0,0.028283415243179868,0.02243586289342923,0.03610151688767238,0.006536546503995516,2.6152322001289576
1183.0,0.25385694354135935,4.0,0.02819923244878138,0.02225660093766583,0.03592426750817492,0.0068914687346132986,2.6153718000277877
1184.0,0.25384406949280414,4.0,0.02811641713948759,0.02207905488485906,0.03574937170595156,0.007243282845854598,2.6155099000316113
1185.0,0.2538313202301842,4.0,0.028034940602765377,0.021903203331471586,0.03557679314919166,0.007592022992323172,2.615662300027907
1186.0,0.25381869350536357,4.000000000000001,0.027954774797808724,0.021729025326603833,0.03540649623501869,0.007937722865038632,2.6158041001763195
1187.0,0.25380618711908404,4.0,0.027875892340173184,0.021556500358804374,0.03523844607073444,0.008280415698939114,2.615944500081241
1188.0,0.25379379891967446,3.999999999999999,0.02779826648670263,0.021385608343283898,0.035072608455574965,0.008620134280248437,2.616084000095725
1189.0,0.25378152680180033,4.0,0.02772187112074374,0.021216329609521984,0.034908949862965014,0.008956910953710762,2.61622150009498
1190.0,0.2537693687052519,4.0,0.027646680737648668,0.021048644889254918,0.034747437423260884,0.009290777629693686,2.6163604999892414
1191.0,0.25375732261377015,3.999999999999999,0.027572670430560418,0.02088253530483437,0.03458803890696833,0.009621765791164721,2.6164977999869734
1192.0,0.25374538655390905,4.0,0.027499815876480843,0.020717982357945204,0.03443072270842534,0.009949906500542977,2.6166352999862283
1193.0,0.25373355859393243,3.9999999999999996,0.027428093322617222,0.02055496791867293,0.03427545782993821,0.010275230406425806,2.61677290010266
1194.0,0.2537218368427454,3.9999999999999996,0.027357479573004894,0.02039347421490992,0.03412221386635949,0.010597767750196524,2.6169102999847382
1195.0,0.25371021944885735,4.0,0.02728795197540277,0.020233483822090947,0.03397096099009717,0.010917548372512603,2.617048399988562
1196.0,0.2536987045993777,4.0,0.027219488408459246,0.020074979653247834,0.033821669936544556,0.011234601719678716,2.617187900003046
1197.0,0.25368729051904065,3.9999999999999996,0.02715206726914438,0.019917944949374478,0.03367431198991976,0.011548956849904118,2.6173251001164317
1198.0,0.25367597546926035,3.999999999999999,0.027085667460445877,0.019762363270092197,0.033528858969504846,0.011860642439450009,2.6174610001035035
1199.0,0.2536647577472143,4.000000000000001,0.027020268379325123,0.019608218484606917,0.03338528321627417,0.012169686788666145,2.6175976002123207
1200.0,0.2536536356849537,4.0,0.026955849904930163,0.019455494762949287,0.03324355757990216,0.012476117827919714,2.6177525999955833
1201.0,0.2536426076485402,4.0,0.026892392387061297,0.01930417656748968,0.03310365540614042,0.01277996312341878,2.617893800139427
1202.0,0.2536316720372093,4.0,0.026829876634886958,0.019154248644718548,0.0329655505245545,0.013081249882933077,2.6180329001508653
1203.0,0.25362082728255686,3.9999999999999996,0.026768283905905292,0.019005696017285724,0.032829217236611336,0.013380004961410147,2.618171300040558
1204.0,0.2536100718477507,4.0,0.02670759589514813,0.018858503976289114,0.032694630304107214,0.013676254866495902,2.618308100150898
1205.0,0.25359940422676475,3.999999999999999,0.02664779472462373,0.018712658073806572,0.03256176493792808,0.01397002576395362,2.6184475000482053
1206.0,0.2535888229436355,4.0,0.02658886293299428,0.018568144115662488,0.0324305967871325,0.01426134348298877,2.618819700088352
1207.0,0.2535783265517402,3.999999999999999,0.0265307834654849,0.018424948154422235,0.03230110192834904,0.014550233521479466,2.619025600142777
1208.0,0.2535679136330953,4.0,0.02647353966401922,0.018283056482607953,0.03217325685547908,0.014836721051113944,2.6191816001664847
1209.0,0.2535575827976763,3.999999999999999,0.02641711525757986,0.018142455626127263,0.032047038469697246,0.015120830922437184,2.6193358001764864
1210.0,0.2535473326827553,4.0,0.026361494352787153,0.018003132337910437,0.03192242406974046,0.01540258766980962,2.619484900031239
1211.0,0.25353716195225884,3.9999999999999996,0.02630666142469504,0.017865073591747434,0.03179939134247839,0.015682015516277625,2.6196332999970764
1212.0,0.25352706929614327,4.0,0.02625260130779828,0.017728266576320026,0.03167791835375673,0.01595913837835783,2.619781200075522
1213.0,0.2535170534297876,4.000000000000001,0.02619929918724837,0.01759269868942233,0.031557983539506375,0.016233979870739018,2.619928900152445
1214.0,0.2535071130934041,3.999999999999999,0.02614674059027394,0.017458357532363314,0.03143956569711016,0.016506563310899364,2.6200737000908703
1215.0,0.2534972470514641,3.9999999999999996,0.026094911377801133,0.017325230904546983,0.03132264397702028,0.01677691172364526,2.6202173000201583
1216.0,0.25348745409214124,4.000000000000001,0.026043797736272172,0.01719330679822263,0.03120719787461963,0.017045047845568068,2.6203761000651866
1217.0,0.25347773302676946,4.0,0.025993386169655876,0.017062573393401288,0.03109320722231888,0.017310994129425106,2.620522700017318
1218.0,0.2534680826893148,4.000000000000001,0.025943663491647714,0.016933019052933294,0.030980652181883717,0.01757477274844277,2.6206665001809597
1219.0,0.25345850193586383,4.000000000000001,0.025894616818056184,0.016804632317739595,0.030869513236984742,0.017836405600545807,2.6208091999869794
1220.0,0.25344898964412454,4.0,0.02584623355937052,0.01667740190219479,0.030759771185964,0.018095914312511063,2.620952800149098
1221.0,0.2534395447129405,4.0,0.02579850141350639,0.016551316689655204,0.03065140713481112,0.018353320244052063,2.621094500180334
1222.0,0.25343016606182006,3.9999999999999996,0.025751408358727353,0.0164263657281276,0.030544402490344083,0.018608644491829224,2.621231700060889
1223.0,0.2534208526304754,4.0,0.025704942646735913,0.016302538226074654,0.030438738953586893,0.018861907893393093,2.621371100191027
1224.0,0.25341160337837687,4.0,0.02565909279593337,0.016179823548351686,0.03033439851333986,0.01911313103105819,2.621509100077674
1225.0,0.2534024172843164,3.9999999999999996,0.025613847584842402,0.016058211212272158,0.03023136343993569,0.019362334235709877,2.6216467001941055
1226.0,0.25339329334598465,4.000000000000001,0.02556919604569099,0.015937690883795395,0.030129616279176118,0.019609537590546594,2.621783200185746
1227.0,0.2533842305795585,3.999999999999999,0.02552512745815328,0.015818252373834545,0.030029139846444033,0.019854760934755217,2.621920800069347
1228.0,0.25337522801929835,4.0,0.025481631343243008,0.015699885634680475,0.029929917220984602,0.020098023867126752,2.6220584001857787
1229.0,0.253366284717158,4.0,0.0254386974573588,0.015582580756536665,0.029831931740351977,0.020339345749605803,2.622195800067857
1230.0,0.2533573997424029,4.0,0.025396315786475162,0.01546632796416298,0.029735166995014797,0.020578745710782276,2.6223322001751512
1231.0,0.2533485721812389,3.999999999999999,0.0253544765404775,0.01535111761362391,0.02963960682311657,0.020816242649322053,2.622545000165701
1232.0,0.2533398011364508,4.0,0.025313170147637738,0.015236940189138147,0.02954523530538607,0.021051855237338796,2.6226923000067472
1233.0,0.25333108572704977,3.999999999999999,0.025272387249227413,0.015123786300025834,0.029452036760193027,0.021285601923708847,2.6228329001460224
1234.0,0.25332242508792974,4.0,0.02523211869426408,0.015011646677751123,0.029359995738744024,0.021517500937328515,2.6229718001559377
1235.0,0.2533138183695327,4.0,0.02519235553439012,0.01490051217305551,0.029269097020415438,0.021747570290317042,2.623110800050199
1236.0,0.25330526473752263,4.0,0.025153089018878468,0.01479037375318071,0.02917932560821791,0.02197582778116494,2.6232492001727223
1237.0,0.2532967633724664,4.0,0.025114310589763912,0.01468122249917662,0.029090666724388727,0.022202290997827806,2.6233866000548005
1238.0,0.253288313469525,4.0,0.02507601187709716,0.014573049603291926,0.029003105806108504,0.02242697732076898,2.6235196001362056
1239.0,0.25327991423814955,4.000000000000001,0.02503818469431705,0.014465846366445937,0.02891662850133725,0.02264990392595076,2.623652300098911
1240.0,0.25327156490178726,3.9999999999999996,0.025000821033740614,0.014359604195776324,0.028831220664766937,0.022871087787773497,2.6237846000585705
1241.0,0.2532632646975931,3.9999999999999996,0.024963913062165895,0.014254314602263306,0.028746868353886373,0.02309054568196736,2.623917300021276
1242.0,0.2532550128761494,4.0,0.02492745311658628,0.014149969198425235,0.028663557825154746,0.02330829418843372,2.624050300102681
1243.0,0.2532468087011918,4.000000000000001,0.024891433700013482,0.014046559696084534,0.028581275530280892,0.023524349694039437,2.6241973000578582
1244.0,0.2532386514493419,4.0,0.024855847477405726,0.013944077904201572,0.028500008112604093,0.023738728395364422,2.6243344000540674
1245.0,0.2532305404098464,4.0,0.024820687271699497,0.013842515726773977,0.028419742403573794,0.02395144630140325,2.6245262001175433
1246.0,0.2532224748843229,3.9999999999999996,0.02478594605994251,0.013741865160798504,0.028340465419324844,0.024162519236220703,2.624660500092432
1247.0,0.253214454186511,4.0,0.024751616969523813,0.013642118294295366,0.02826216435734474,0.02437196284156462,2.6247941001784056
1248.0,0.25320647764202997,3.9999999999999996,0.024717693274501087,0.013543267304390818,0.028184826593230933,0.02457979257943327,2.6249323000665754
1249.0,0.25319854458814184,3.999999999999999,0.02468416839202052,0.013445304455457033,0.02810843967753382,0.024786023734601814,2.625064400024712
1250.0,0.25319065437352006,4.0,0.02465103587882824,0.013348222097307813,0.028032991332683957,0.02499067141710601,2.6251963002141565
1251.0,0.253182806358024,4.000000000000002,0.02461828942787099,0.013252012663447018,0.027958469450000027,0.025193750564684536,2.625328700058162
1252.0,0.2531749999124781,4.0,0.024585922864983203,0.013156668669369187,0.02788486208677505,0.02539527594518176,2.625462500145659
1253.0,0.2531672344184563,4.0,0.024553930145658605,0.0130621827109102,0.027812157463438247,0.02559526215890967,2.625595400109887
1254.0,0.25315950926807185,4.0,0.024522305351904684,0.012968547462645792,0.02774034396079021,0.02579372364097207,2.625728400191292
1255.0,0.25315182386377166,4.000000000000001,0.0244910426891774,0.012875755676337104,0.027669410117308915,0.0259906746635504,2.625862100161612
1256.0,0.25314417761813557,3.999999999999999,0.02446013648339428,0.012783800179421184,0.027599344626524105,0.026186129338150427,2.6259945000056177
1257.0,0.25313656995367906,4.0,0.024429581178023685,0.01269267387354573,0.02753013633445791,0.026380101617815094,2.6261386000551283
1258.0,0.25312900030266294,4.0,0.024399371331249333,0.01260236973314476,0.0274617742371296,0.02657260529929803,2.626274000154808
1259.0,0.25312146810690433,4.0,0.02436950161320651,0.012512880804056653,0.027394247478122195,0.026763654025204003,2.6264072000049055
1260.0,0.2531139728175944,4.0,0.024339966803289682,0.01242420020218036,0.027327545346208872,0.026953261286093155,2.6265400000847876
1261.0,0.25310651389511835,4.0,0.024310761787528685,0.012336321112170687,0.027261657273037403,0.027141440422551705,2.6266735000535846
1262.0,0.2530990908088809,4.0,0.024281881556032562,0.012249236786169593,0.027196572830870524,0.02732820462722868,2.6268072000239044
1263.0,0.2530917030371342,4.0,0.024253321200498258,0.012162940542574134,0.02713228173038036,0.02720067915556454,2.6269402001053095
1264.0,0.25308435006681096,4.000000000000001,0.024225075911783855,0.012077425764837744,0.027068773818495307,0.02700537557597163,2.627111400011927
1265.0,0.2530770313933603,4.000000000000001,0.024197140977543285,0.011992685900306055,0.027006039076297436,0.026810165678714276,2.627304900204763
1266.0,0.25306974652058734,4.0,0.024169511779922215,0.011908714459084084,0.026944067616968992,0.026615048513532663,2.627446200000122
1267.0,0.2530624949604964,4.000000000000001,0.024142183793312254,0.011825505012935101,0.026882849683785796,0.026420023140070165,2.6275834999978542
1268.0,0.25305527623313806,4.0,0.024115152582163714,0.011743051194209222,0.02682237564815719,0.02622508862775491,2.6277177000883967
1269.0,0.2530480898664585,4.000000000000001,0.02408841379885298,0.011661346694801763,0.02676263600770923,0.026030244055684937,2.627851900178939
1270.0,0.2530409353961533,4.0,0.02406196318160581,0.011580385265139213,0.026703621384411645,0.025835488512513105,2.6279862001538277
1271.0,0.253033812365523,4.0,0.024035796552472604,0.011500160713193147,0.026645322522745433,0.025640821096334504,2.6281326001044363
1272.0,0.2530267203253331,4.0,0.024009909815356355,0.011420666903519935,0.026587730287911022,0.025446240914573703,2.628270300105214
1273.0,0.25301965883367605,4.0,0.0239842989540905,0.011341897756326332,0.026530835664074867,0.025251747083874787,2.6284071002155542
1274.0,0.2530126274558372,3.999999999999999,0.02395896003056619,0.011263847246559744,0.026474629752653762,0.025057338729991024,2.628543400205672
1275.0,0.25300562576416175,4.0,0.023933889182906683,0.011186509403022732,0.026419103770634868,0.024863014987677956,2.628678300185129
1276.0,0.2529986533379268,4.000000000000001,0.023909082623689522,0.01110987830750986,0.02636424904893159,0.02466877500058509,2.62881140015088
1277.0,0.2529917097632144,4.000000000000001,0.023884536638212942,0.011033948093967991,0.02631005703077278,0.02447461792115116,2.628945400007069
1278.0,0.2529847946327878,4.0,0.023860247582807182,0.010958712947677376,0.026256519270125043,0.024280542910499414,2.629078400088474
1279.0,0.25297790754597027,4.0,0.023836211883188144,0.010884167104454678,0.026203627430146634,0.024086549138334218,2.629211600171402
1280.0,0.2529710481085267,3.9999999999999996,0.023812426032853988,0.010810304849875227,0.026151373281672573,0.023892635782839206,2.6293437001295388
1281.0,0.2529642159325469,4.0,0.02378888659152131,0.010737120518516064,0.026099748701728934,0.02369880203057645,2.62947680009529
1282.0,0.25295741063633215,4.0,0.02376559018360201,0.010664608493217221,0.02604874567207644,0.023505047076386676,2.629610200179741
1283.0,0.2529506318442834,4.0,0.02374253349671841,0.010592763204362162,0.025998356277781957,0.023311370123291042,2.6297426000237465
1284.0,0.2529438791867922,4.0,0.023719713280255992,0.010521579129175717,0.025948572705816762,0.023117770382393987,2.629874700214714
1285.0,0.25293715230013347,4.000000000000001,0.02369712634395314,0.010451050791039303,0.02589938724368129,0.022924247072786924,2.6300071000587195
1286.0,0.2529304508263612,3.999999999999999,0.02367476955652642,0.010381172758823236,0.025850792278055305,0.02273079942145345,2.6301510999910533
1287.0,0.25292377441320457,4.0,0.023652639844330314,0.01031193964623559,0.025802780293472393,0.022537426663175708,2.6302876002155244
1288.0,0.2529171227139684,3.9999999999999996,0.02363073419005179,0.010243346111185752,0.025755343871018823,0.02234412804044153,2.6304211001843214
1289.0,0.252910495387434,4.0,0.023609049631436622,0.010175386855164812,0.025708475687055008,0.02215090280335333,2.6305540001485497
1290.0,0.25290389209776243,4.0,0.023587583260048863,0.010108056622639553,0.02566216851195987,0.02195775020953744,2.6306873001158237
1291.0,0.2528973125143997,4.000000000000001,0.023566332220060927,0.010041350200461633,0.02561641520889667,0.021764669524054897,2.630820400081575
1292.0,0.2528907563119841,4.000000000000001,0.02354529370707447,0.009975262417290204,0.02557120873260009,0.021571660019313488,2.6309545000549406
1293.0,0.252884223170255,4.0,0.02352446496697078,0.00990978814302878,0.02552654212818394,0.02137872097498089,2.6310879001393914
1294.0,0.2528777127739633,4.000000000000002,0.023503843294789866,0.009844922288274662,0.02548240852996839,0.02118585167789816,2.631220600102097
1295.0,0.25287122481278457,4.000000000000001,0.023483426033638385,0.009780659803781034,0.025438801160327172,0.020993051421995118,2.631353000178933
1296.0,0.2528647589812325,4.000000000000001,0.023463210573623744,0.009716995679932465,0.025395713328552817,0.020800319508206877,2.6314860000275075
1297.0,0.25285831497857536,4.0,0.023443194350816095,0.009653924946231232,0.02535313842974083,0.020607655244390483,2.6316190001089126
1298.0,0.25285189250875295,3.999999999999999,0.0234233748462352,0.00959144267079638,0.02531106994369099,0.020415057945243564,2.631751600187272
1299.0,0.25284549128029615,4.0,0.02340374958486331,0.009529543959873593,0.025269501433826367,0.020222526932223622,2.631884900154546
1300.0,0.2528391110062478,3.999999999999999,0.023384316134682757,0.009468223957355732,0.025228426546129057,0.020030061533467647,2.6320215000305325
1301.0,0.2528327514040837,4.0,0.02336507210573626,0.009407477844316002,0.025187839008091805,0.019837661083714958,2.6321663002017885
1302.0,0.25282641219563773,4.0,0.023346015149212366,0.009347300838548685,0.025147732627686062,0.019645324924227686,2.632303000194952
1303.0,0.25282009310702613,3.9999999999999996,0.023327142956552107,0.009287688194122727,0.02510810129234517,0.01945305240271525,2.6324394000694156
1304.0,0.2528137938685745,3.999999999999999,0.023308453258578516,0.009228635200943875,0.025068938967962723,0.019260842873258577,2.632574300048873
1305.0,0.25280751421474523,4.0,0.023289943824647483,0.009170137184326532,0.025030239697905483,0.019068695696234705,2.632708900142461
1306.0,0.2528012538840675,4.0,0.02327161246181985,0.009112189504575142,0.024991997602040905,0.018876610238243274,2.6328412001021206
1307.0,0.2527950126190676,4.0,0.023253457014053246,0.009054787556575296,0.02495420687577814,0.018684585872034087,2.6329745000693947
1308.0,0.25278879016620076,4.000000000000001,0.023235475361414567,0.008997926769392466,0.0249168617891229,0.01849262197643428,2.6331080000381917
1309.0,0.2527825862757848,4.0,0.023217665419311535,0.00894160260588064,0.02487995668574578,0.018300717936278188,2.633240400115028
1310.0,0.25277640070193447,3.999999999999999,0.023200025137742865,0.00888581056229882,0.024843485982063027,0.01810887314233614,2.6333731000777334
1311.0,0.2527702332024968,4.000000000000001,0.023182552500567014,0.008830546167936113,0.024807444166330336,0.017917086991247028,2.6335064000450075
1312.0,0.25276408353898916,3.999999999999999,0.023165245524789286,0.00877580498474369,0.024771825797748986,0.017725358885447406,2.6336401000153273
1313.0,0.25275795147653585,3.9999999999999996,0.02314810225986502,0.008721582606977077,0.02473662550558368,0.017533688233106526,2.6337726002093405
1314.0,0.25275183678380864,4.0,0.023131120787021484,0.008667874660843001,0.024701837988292726,0.01734207444805802,2.6339055001735687
1315.0,0.25274573923296656,3.9999999999999996,0.02311429921859491,0.008614676804156118,0.024667458012669296,0.0171505169497351,2.6340378001332283
1316.0,0.2527396585995974,4.000000000000001,0.02309763569738397,0.008561984726002152,0.024633480412994027,0.016959015163105134,2.6341808000579476
1317.0,0.25273359466266065,4.0,0.02308112839601971,0.008509794146407701,0.02459990009019919,0.01676756851860564,2.634315700037405
1318.0,0.2527275472044307,3.9999999999999996,0.0230647755163492,0.008458100816017944,0.024566712011042602,0.016576176452081537,2.6344498000107706
1319.0,0.25272151601044146,4.000000000000001,0.02304857528883557,0.008406900515780509,0.02453391120729331,0.016384838404722046,2.6345834000967443
1320.0,0.2527155008694328,3.999999999999999,0.023032525971971807,0.008356189056635894,0.024501492774926945,0.016193553822999418,2.63471750007011
1321.0,0.2527095015732962,3.9999999999999996,0.023016625851708244,0.008305962279215229,0.024469451873331174,0.016002322158608084,2.634850500151515
1322.0,0.252703517917023,3.9999999999999996,0.02300087324089494,0.008256216053543054,0.024437783724521725,0.01581114286840432,2.634983800118789
1323.0,0.252697549698653,3.999999999999999,0.022985266478736176,0.008206946278747688,0.024406483612367504,0.015620015414347321,2.6351159000769258
1324.0,0.2526915967192237,4.0,0.022969803930258804,0.00815814888277674,0.024375546881825732,0.015428939263440689,2.635248500155285
1325.0,0.25268565878272087,4.0,0.022954483985793073,0.008109819822118848,0.024344968938186436,0.015237913887674231,2.635494700167328
1326.0,0.2526797356960299,4.000000000000002,0.022939305060465518,0.008061955081531605,0.024314745246325986,0.015046938763967344,2.6356471001636237
1327.0,0.2526738272688883,4.0,0.022924265593704644,0.008014550673773988,0.024284871329970058,0.014856013374112492,2.6358340000733733
1328.0,0.2526679333138381,3.9999999999999996,0.022909364048757055,0.007967602639346618,0.024255342770965027,0.014665137204719847,2.6359916999936104
1329.0,0.2526620536461801,3.999999999999999,0.02289459891221653,0.007921107046234818,0.024226155208558725,0.014474309747162295,2.6361669001635164
1330.0,0.252656188083929,4.0,0.022879968693563037,0.007875059989658957,0.024197304338689298,0.01428353049752154,2.6363065000623465
1331.0,0.25265033644776835,4.0,0.022865471924713353,0.007829457591829118,0.024168785913282965,0.014092798956533897,2.636460600188002
1332.0,0.2526444985610072,3.999999999999999,0.02285110715958173,0.007784296001705292,0.024140595739559793,0.013902114629538553,2.6365990000776947
1333.0,0.2526386742495369,4.000000000000001,0.022836872973650873,0.007739571394762844,0.02411272967934773,0.013711477026424779,2.6367725001182407
1334.0,0.2526328633417899,4.0,0.022822767963553914,0.007695279972761627,0.02408518364840528,0.013520885661580717,2.6370196000207216
1335.0,0.25262706566869697,4.000000000000001,0.022808790746664368,0.007651417963522028,0.024057953615751065,0.013330340053842704,2.6371628001797944
1336.0,0.25262128106364756,4.0,0.022794939960697258,0.0076079816207038084,0.024031035603002206,0.013139839726445057,2.637311600148678
1337.0,0.2526155093624497,3.9999999999999987,0.02278121426331887,0.007564967223590747,0.024004425683720187,0.01294938420697056,2.6374516000505537
1338.0,0.25260975040329053,3.999999999999999,0.022767612331765132,0.007522371076879592,0.023978119982763838,0.012758973027302,2.6375928001943976
1339.0,0.25260400402669797,4.0,0.022754132862469745,0.007480189510473106,0.023952114675650615,0.012568605723573434,2.63773290021345
1340.0,0.25259827007550273,4.000000000000002,0.022740774570700104,0.007438418879277995,0.02392640598792472,0.012378281836122662,2.6378715001046658
1341.0,0.2525925483948015,4.000000000000001,0.02272753619020191,0.007397055563006947,0.023900990194532727,0.012188000909444802,2.638052600203082
1342.0,0.25258683883191985,4.0,0.022714416472851863,0.0073560959659848485,0.023875863619206378,0.011997762492145375,2.638194400118664
1343.0,0.2525811412363763,4.000000000000001,0.022701414188318194,0.0073155365169594744,0.023851022633852456,0.011807566136894598,2.638348500011489
1344.0,0.252575455459848,4.0,0.02268852812372948,0.007275373668915384,0.023826463657949975,0.011617411400382444,2.638642700156197
1345.0,0.2525697813561349,3.9999999999999996,0.022675757083350095,0.007235603898892968,0.02380218315795375,0.01142729784327362,2.6387958000414073
1346.0,0.2525641187811263,4.0,0.022663099888263774,0.007196223707810604,0.023778177646705326,0.011237225030163972,2.638935700058937
1347.0,0.25255846759276723,3.999999999999999,0.022650555376064176,0.007157229620290499,0.023754443682850443,0.011047192529536426,2.639073600061238
1348.0,0.25255282765102566,4.0,0.02263812240055197,0.007118618184489455,0.023730977870263098,0.010857199913718751,2.639210500055924
1349.0,0.25254719881786025,4.0,0.0226257998314396,0.007080385971931566,0.023707776857476485,0.01066724675884026,2.6393446000292897
1350.0,0.25254158095718815,3.9999999999999996,0.02261358655406179,0.007042529577346087,0.023684837337120106,0.010477332644790727,2.639479500008747
1351.0,0.2525359739348542,4.000000000000001,0.022601481469093024,0.007005045618508247,0.023662156045363595,0.010287457155178814,2.6396133000962436
1352.0,0.2525303776186003,4.0,0.022589483492271505,0.006967930736082865,0.02363972976136688,0.01009761987729102,2.639748000074178
1353.0,0.25252479187803484,4.000000000000001,0.02257759155412846,0.006931181593473032,0.023617555306736388,0.009907820402051792,2.6398821000475436
1354.0,0.25251921658460347,4.0,0.02256580459972455,0.006894794876669968,0.02359562954498786,0.009718058323983342,2.640016500139609
1355.0,0.25251365161155975,4.000000000000001,0.0225541215883912,0.006858767294108133,0.02357394938101508,0.009528333241166753,2.640164399985224
1356.0,0.2525080968339366,4.000000000000002,0.022542541493478074,0.006823095576522213,0.023552511760564682,0.009338644755202713,2.6403028001077473
1357.0,0.25250255212851824,4.0,0.022531063302106136,0.0067877764768078,0.023531313669717193,0.009148992471173734,2.6404399999883026
1358.0,0.25249701737381225,3.999999999999999,0.022519686014925742,0.006752806769885108,0.023510352134373663,0.008959375997606017,2.6405750000849366
1359.0,0.25249149245002267,3.9999999999999996,0.02250840864588055,0.006718183252565497,0.02348962421974864,0.008769794946432236,2.640709500061348
1360.0,0.2524859772390232,4.000000000000001,0.02249723022197626,0.006683902743420929,0.023469127029868662,0.008580248932954532,2.6408440000377595
1361.0,0.25248047162433085,4.000000000000002,0.022486149783054528,0.00664996208265625,0.02344885770707667,0.008390737575808022,2.6409791000187397
1362.0,0.25247497549108033,4.000000000000001,0.02247516638157147,0.0066163581319848355,0.02342881343154199,0.008201260496925156,2.641113900113851
1363.0,0.25246948872599817,4.0,0.022464279082381317,0.006583087774506229,0.02340899142077608,0.008011817321500192,2.641248500207439
1364.0,0.2524640112173782,4.0,0.022453486962524544,0.006550147914586713,0.023389388929153845,0.007822407677953724,2.6413833000697196
1365.0,0.2524585428550571,4.0,0.022442789111020798,0.006517535477742432,0.023370003247440617,0.007633031197898377,2.641517900163308
1366.0,0.25245308353038953,4.000000000000001,0.022432184628665714,0.006485247410525486,0.023350831702324305,0.007443687516104663,2.6416524001397192
1367.0,0.2524476331362257,3.999999999999999,0.02242167262783282,0.00645328068041145,0.023331871655953348,0.007254376270466684,2.641786700114608
1368.0,0.2524421915668864,4.000000000000002,0.022411252232278717,0.0064216322756909675,0.023313120505479606,0.007065097101969675,2.641919800080359
1369.0,0.25243675871814186,3.999999999999999,0.0224009225769536,0.006390299205361588,0.023294575682607198,0.0068758496546560965,2.6420534001663327
1370.0,0.25243133448718735,4.0,0.02239068280781424,0.006359278499024241,0.023276234653145687,0.006686633575593903,2.642198899993673
1371.0,0.25242591877262277,3.9999999999999996,0.02238053208164273,0.006328567206779525,0.023258094916569685,0.006497448514843712,2.6423367001116276
1372.0,0.25242051147442945,4.000000000000001,0.022370469565867065,0.006298162399128503,0.02324015400558225,0.006308294125427716,2.6424723002128303
1373.0,0.25241511249394977,4.0,0.022360494438387408,0.006268061166873284,0.023222409485684707,0.006119170063297763,2.642606700072065
1374.0,0.2524097217338652,4.0,0.022350605887404288,0.006238260621021848,0.023204858954750468,0.005930075987304606,2.6427406000439078
1375.0,0.2524043390981761,4.000000000000001,0.022340803111251535,0.006208757892693287,0.023187500042604583,0.00574101155916773,2.6428744001314044
1376.0,0.2523989644921815,4.0,0.02233108531823227,0.006179550133025255,0.0231703304106079,0.005551976443444323,2.643008700106293
1377.0,0.2523935978224584,4.0,0.022321451726457914,0.0061506345130843635,0.023153347751246157,0.00536297030750002,2.6431428000796586
1378.0,0.25238823899684265,4.000000000000001,0.02231190156369127,0.006122008223776635,0.023136549787724132,0.005173992821479373,2.6432762001641095
1379.0,0.2523828879244093,4.000000000000001,0.022302434067192102,0.006093668475761113,0.02311993427356435,0.0049850436582764834,2.6434099001344293
1380.0,0.25237754451545363,4.0,0.02229304848356639,0.006065612499364324,0.023103498992210824,0.004796122493506472,2.643544499995187
1381.0,0.2523722086814722,4.000000000000001,0.02228374406861819,0.006037837544497065,0.02308724175663725,0.0046072290054769705,2.643677700078115
1382.0,0.25236688033514487,3.9999999999999996,0.022274520087205044,0.006010340880571649,0.023071160408960182,0.004418362875159759,2.6443813000805676
1383.0,0.25236155939031607,4.000000000000001,0.02226537581309552,0.0059831197964224404,0.02305525282005645,0.00422952378616398,2.6445577000267804
1384.0,0.25235624576197757,4.000000000000001,0.02225631052883076,0.005956171600225255,0.023039516889185693,0.004040711424707438,2.644704900216311
1385.0,0.2523509393662504,4.0,0.022247323525587476,0.005929493619421074,0.02302395054361682,0.00385192547959029,2.644883200060576
1386.0,0.2523456401203679,4.0,0.02223841410304473,0.005903083200638774,0.023008551738259463,0.003663165642168592,2.645041100215167
1387.0,0.2523403479426587,4.000000000000001,0.022229581569252796,0.005876937709620411,0.022993318455299616,0.003474431606326961,2.6451842000242323
1388.0,0.25233506275253004,4.0,0.022220825240505015,0.00585105453114685,0.022978248703839875,0.0032857230684533723,2.645327900070697
1389.0,0.2523297844704512,4.000000000000002,0.022212144441211622,0.005825431068965641,0.02296334051954372,0.0030970397274125705,2.64547530002892
1390.0,0.2523245130179377,4.0,0.02220353850377677,0.005800064745718725,0.02294859196428458,0.0029083812845214496,2.645782200153917
1391.0,0.25231924831753494,3.9999999999999996,0.022195006768477268,0.005774953002872287,0.022934001125798686,0.002719747443523046,2.6459344001486897
1392.0,0.25231399029280294,4.0,0.022186548583344092,0.005750093300647128,0.02291956611734251,0.0025311379105622256,2.6461150001268834
1393.0,0.2523087388683009,3.9999999999999996,0.02217816330404631,0.005725483117949549,0.022905285077354346,0.0023425523941608406,2.6462561001535505
1394.0,0.25230349396957186,4.0,0.02216985029377667,0.005701119952304234,0.02289115616911979,0.002153990605193473,2.646392600145191
1395.0,0.2522982555231283,4.0,0.022161608923140244,0.00567700131978652,0.022877177580441763,0.001965452256863398,2.646528400015086
1396.0,0.2522930234564367,4.000000000000002,0.022153438570044162,0.005653124754957273,0.022863347523314058,0.001776937064679046,2.646695800125599
1397.0,0.2522877976979043,4.0,0.022145338619590733,0.005629487810796146,0.022849664233599565,0.0015884447464301898,2.646833100123331
1398.0,0.2522825781768636,4.000000000000002,0.022137308463971158,0.005606088058638169,0.02283612597071173,0.0013999750221654617,2.6469676999840885
1399.0,0.25227736482355967,3.9999999999999996,0.0221293475023627,0.0055829230881084945,0.02282273101730074,0.0012115276141682063,2.6471025000791997
1400.0,0.2522721575691353,4.000000000000001,0.022121455140826442,0.005559990507059861,0.02280947767894286,0.0010231022469356088,2.6472407002002
1401.0,0.2522669563456188,3.999999999999999,0.0221136307922083,0.0055372879415085206,0.02279636428383436,0.0008346986471546858,2.6473902000579983
1402.0,0.25226176108590936,4.0,0.022105873876040558,0.005514813035572859,0.02278338918248856,0.000646316543681219,2.6475275000557303
1403.0,0.2522565717237651,4.000000000000001,0.022098183818446464,0.005492563451410343,0.02277055074743731,0.0004579556675174956,2.64766150014475
1404.0,0.2522513881937896,4.0,0.022090560052045724,0.005470536869156347,0.02275784737293572,0.0002696157517904918,2.6477961000055075
1405.0,0.2522462104314195,4.0,0.022083002015862076,0.005448730986862798,0.02274527747467081,8.129653173138962e-05,2.6480000000447035
1406.0,0.25224103837294676,3.999999999999999,0.02207550868005119,0.005427143193228748,0.022732838949916144,0.00010700225534643337,2.6481979000382125
1407.0,0.25223587195572045,3.9999999999999996,0.0220680796094929,0.005405771300245181,0.022720530385566942,0.00020885398015213497,2.6483375001698732
1408.0,0.25223071111771544,4.0,0.02206071462244829,0.005384613309004088,0.022708350669756,2.0225698128401026e-05,2.6484748001676053
1409.0,0.2522255557979231,4.0,0.022053410181364638,0.005363664910583247,0.022696294893672392,7.076120551691156e-05,2.6486142000649124
1410.0,0.2522204059372278,3.9999999999999996,0.022046166213299308,0.005342924232537702,0.022684362103860416,0.00012032867137107273,2.648756799986586
1411.0,0.25221526147711837,3.9999999999999996,0.02203898344801111,0.0053223899427165405,0.022672552263122866,9.944836164085813e-05,2.648892200086266
1412.0,0.252210122359013,4.0,0.022031861005143642,0.005302059607502807,0.022660863519104516,1.5819668591765534e-07,2.6490511000156403
1413.0,0.2522049885274472,4.0,0.022024784322450596,0.005281921412079727,0.022649278537159895,0.00019155318073157956,2.6491879001259804
1414.0,0.25219985993074107,4.000000000000001,0.02201776855772712,0.0052619840174490135,0.022637813676711936,3.105398044714325e-05,2.6493330001831055
1415.0,0.25219473651323876,4.0,0.022010801697502323,0.005242237299724149,0.022626454500725257,6.490786865190334e-05,2.6494724000804126
1416.0,0.25218961822475106,4.0,0.02200388310302099,0.005222679158955794,0.022615199517333553,0.0001279022329858659,2.6496080001816154
1417.0,0.2521845050154501,4.0,0.021997018423967334,0.005203311748822736,0.022604054342081976,3.9351244104424143e-05,2.649742800043896
1418.0,0.252179396832815,4.0,0.02199020465125223,0.0051841312358390035,0.022593014789406854,1.343408485579567e-05,2.649875500006601
1419.0,0.25217429363390526,4.0,0.02198339413709549,0.005165103100599905,0.02258202621171783,8.170894903261616e-05,2.6500092002097517
1420.0,0.25216919538637095,3.9999999999999996,0.021976633675179463,0.005146257886781356,0.022571140820310597,4.147144050900553e-05,2.650144000072032
1421.0,0.25216410204349077,4.000000000000001,0.021969907077386004,0.00512758267864074,0.022560339561169557,5.7978956819082494e-05,2.6502780001610518
1422.0,0.25215901356544457,3.9999999999999987,0.02196321643145758,0.005109077429561072,0.0225496241253884,0.00013729133139364635,2.650411600014195
1423.0,0.25215392990937746,4.0,0.021956574216732416,0.005090749107013919,0.02253900791528859,2.584608527711474e-05,2.6505454999860376
1424.0,0.2521488510351271,4.0,0.02194991194724776,0.005072548238654829,0.02252841272982653,2.9904099921235217e-05,2.6506793000735343
1425.0,0.2521437769337433,4.0,0.021943240846645114,0.005054481667094797,0.022517850780588985,1.4627384440663027e-05,2.6508138000499457
1426.0,0.25213870758131274,3.9999999999999996,0.021936584398889014,0.005036563472277068,0.022507347837980744,4.336467013005274e-06,2.65094710001722
1427.0,0.2521336429596829,3.999999999999999,0.021929869898070598,0.005018741721301265,0.02249682115791991,4.320777095084827e-06,2.6510813999921083
1428.0,0.2521285830758788,4.000000000000001,0.02192312077441675,0.005001032125816871,0.022486296867495006,8.991788542503376e-05,2.65121450019069
1429.0,0.25212352791690346,3.999999999999999,0.02191638622658951,0.004983467018724487,0.02247582987922264,1.4572302928700376e-05,2.6513577001169324
1430.0,0.25211847749094285,4.0,0.021909363471118357,0.0049658343377754766,0.022465077751474744,9.105956542390659e-05,2.6514954001177102
1431.0,0.2521134319095407,3.999999999999999,0.021902256042853677,0.004948275853933818,0.0224542702774627,6.8624145671825065e-06,2.6516296002082527
1432.0,0.2521083911849068,4.000000000000001,0.02189508758412207,0.0049308058932395335,0.022443433495639258,3.093902055409381e-05,2.6517655001953244
1433.0,0.2521033553224448,3.999999999999999,0.02188790767149789,0.0049134574283449155,0.022432622810009843,2.9069638435047507e-05,2.652121900115162
1434.0,0.25209832430772283,4.0,0.021880718117148524,0.004896230538525682,0.02242183977305393,9.86949007311666e-06,2.6523780000861734
1435.0,0.2520932981336587,4.0,0.02187339756274661,0.004879039793956861,0.022410947107362147,6.331502694004176e-05,2.65253600012511
1436.0,0.25208827686411917,4.0,0.02186593824538192,0.004861877954046672,0.022399935548811315,3.9839361220372904e-05,2.652718500001356
1437.0,0.25208326052796026,3.9999999999999987,0.021858363468008343,0.004844761548163741,0.02238883132184723,2.1559201596577093e-05,2.6528649001847953
1438.0,0.25207824921064925,3.999999999999999,0.021850433207479553,0.004827521649366104,0.022377363487006766,4.913942180609365e-05,2.653006700100377
1439.0,0.25207324304865153,3.9999999999999996,0.021842315277830485,0.004810274852257804,0.02236572111179094,3.1889246518340686e-05,2.653148400131613
1440.0,0.25206824210295165,4.000000000000001,0.021834102706403503,0.004793085429610411,0.022354008788790444,4.749884570851015e-05,2.6533511001616716
1441.0,0.2520632464637494,4.0,0.021825151292666867,0.004775506222604936,0.0223415014855747,7.326204669025338e-05,2.653490500058979
1442.0,0.25205825646278535,4.0,0.021815875560330877,0.004757824818900639,0.022328665958162144,1.0194796250861948e-05,2.6536305001936853
1443.0,0.25205327225187635,3.999999999999999,0.021806179020992664,0.00473997760173613,0.022315394488122784,0.00017021726418395278,2.653790600132197
1444.0,0.25204829395884204,4.000000000000001,0.021796482564645756,0.004722252732584867,0.02230215960532324,2.6968169915236873e-05,2.6539316000416875
1445.0,0.25204332161227117,4.0,0.02178634027166253,0.004704341862237127,0.02228846012602623,1.590289853470317e-06,2.6540707000531256
1446.0,0.2520383554355266,4.0,0.021775773274114164,0.004686264466097556,0.022274321007200944,0.00018008147046602585,2.6542101001832634
1447.0,0.25203339554893345,4.0,0.021765245600507074,0.004668336176995466,0.02226026232351805,1.7828362454508362e-05,2.6543508002068847
1448.0,0.2520284420673746,4.0,0.02175319859015033,0.004649495523616936,0.022244537700897543,0.00011909904748616529,2.6544910001102835
1449.0,0.2520234956775278,3.999999999999999,0.021740686167207618,0.004630467200148081,0.022228330155741792,7.335459556220836e-05,2.65462930011563
1450.0,0.2520185564966421,3.999999999999999,0.021728063799681833,0.004611490199466169,0.022212037239812486,1.380268462738976e-05,2.654767000116408
1451.0,0.2520136245909364,4.0,0.021715160388880415,0.004592448960634259,0.02219546751413071,0.000186904091540957,2.6549058000091463
1452.0,0.25200870003639686,4.0,0.02170228501116098,0.00457355338489005,0.02217896673134485,5.759717926329122e-05,2.65504390001297
1453.0,0.2520037828400029,4.000000000000001,0.021688770051804862,0.004554352096437461,0.02216178849683373,0.00010032818210650718,2.655181100126356
1454.0,0.2519988733585429,3.999999999999999,0.021674722776532623,0.004534919944869557,0.022144053521113014,0.00014553867373251483,2.6553179000038654
1455.0,0.25199397173227167,4.000000000000001,0.02166045004751284,0.004515464651455898,0.022126104882679794,5.403061532943676e-05,2.6554565001279116
1456.0,0.25198907820676186,4.000000000000001,0.021644836297620363,0.004495241981192172,0.02210669895801398,0.00012863749308703043,2.655593300005421
1457.0,0.2519841933278658,4.0,0.02162889883601754,0.004474940933982911,0.02208697265859033,0.00015589666040333183,2.6557416000869125
1458.0,0.2519793171803006,4.0,0.021612077257042648,0.00445419395949856,0.022066302979729377,4.563419417491499e-05,2.6558834000024945
1459.0,0.2519744506255486,4.0,0.021592123024330803,0.004431528973652764,0.022042191945043945,0.00024688118815199833,2.656023000134155
1460.0,0.2519695946905587,4.0,0.021572226494770717,0.004409064921416948,0.022018192692020776,0.00044777671750173553,2.6561617001425475
1461.0,0.2519647493146372,4.000000000000001,0.0215523872828512,0.004386800407523665,0.021994304158246422,0.0006483223598463816,2.6562993000261486
1462.0,0.2519599144377167,3.9999999999999996,0.021532605007677234,0.00436473404418813,0.021970525293973777,0.0008485196828902364,2.6564365001395345
1463.0,0.25195509000034744,4.000000000000001,0.021512879292885236,0.004342864451023356,0.02194685506194937,0.0010483702444998855,2.6565736001357436
1464.0,0.2519502759436898,4.000000000000001,0.021493209766561275,0.00432119025495509,0.02192329243724409,0.0012478755927853302,2.6567079999949783
1465.0,0.25194547220950525,4.0,0.02147359606116013,0.004299710090141192,0.0218998364070861,0.0014470372661781195,2.656841500196606
1466.0,0.25194067874014964,4.000000000000001,0.02145403781342723,0.004278422597890643,0.021876485970697093,0.0016458567935102586,2.6569763000588864
1467.0,0.25193589547856443,3.9999999999999996,0.02143453466432175,0.004257326426585776,0.021853240139130772,0.0018443356940913147,2.6571100000292063
1468.0,0.25193112236826926,3.999999999999999,0.02141508625894194,0.0042364202316056195,0.021830097935114295,0.002042475477784522,2.657243800116703
1469.0,0.25192635935335467,3.9999999999999996,0.021395692246451985,0.004215702675250982,0.021807058392892056,0.002240277645082861,2.6573781000915915
1470.0,0.2519216063784745,3.999999999999999,0.02137635228001086,0.004195172426671376,0.021784120558072325,0.0024377436871835523,2.6575136000756174
1471.0,0.25191686338883823,4.0,0.021357066016702404,0.004174828161793553,0.021761283487475854,0.0026348750860617776,2.6576462001539767
1472.0,0.2519121303302042,4.000000000000001,0.02133783311746738,0.00415466856325189,0.02173854624898733,0.0028316733145439255,2.657790800090879
1473.0,0.2519074071488724,4.000000000000001,0.021318653247037155,0.004134692320319709,0.0217159079214091,0.003028139836379895,2.6579258001875132
1474.0,0.2519026937916773,4.0,0.021299526073868456,0.004114898128843227,0.021693367594316924,0.003224276106314178,2.658059800043702
1475.0,0.2518979902059807,4.000000000000001,0.021280451270080002,0.004095284691176656,0.021670924367918308,0.0034200835701566346,2.658193400129676
1476.0,0.2518932963396657,4.000000000000001,0.021261428511390797,0.004075850716117834,0.021648577352913048,0.0036155636648527723,2.6583255000878125
1477.0,0.25188861214112923,4.000000000000002,0.021242457477059083,0.004056594918847323,0.021626325670355592,0.0038107178185520785,2.6584587001707405
1478.0,0.25188393755927607,4.0,0.02122353784982353,0.0040375160208673795,0.021604168451520016,0.004005547450677188,2.6585942001547664
1479.0,0.25187927254351156,3.999999999999999,0.021204669315845047,0.004018612749943473,0.021582104837766604,0.004200053971990608,2.6587296000216156
1480.0,0.251874617043736,3.9999999999999996,0.02118585156465036,0.0039998838400466,0.02156013398041079,0.004394238784662274,2.658863600110635
1481.0,0.25186997101033776,4.000000000000001,0.021167084289076717,0.00398132803129728,0.021538255040593975,0.004588103282335443,2.658997400198132
1482.0,0.2518653343941877,4.0,0.021148367185217905,0.003962944069910793,0.02151646718915637,0.004781648850192416,2.659130500163883
1483.0,0.2518607071466322,4.0,0.021129699952371146,0.003944730708144795,0.021494769606511574,0.004974876865018657,2.6592635000124574
1484.0,0.2518560892194878,4.000000000000001,0.021111082292985535,0.003926686704247067,0.021473161482523203,0.005167788695267489,2.6593964002095163
1485.0,0.2518514805650349,3.999999999999999,0.021092513912611573,0.00390881082240513,0.021451642016383367,0.005360385701123238,2.659530600067228
1486.0,0.25184688113601206,4.000000000000001,0.02107399451985142,0.0038911018326980022,0.02143021041649273,0.005552669234563684,2.659664100036025
1487.0,0.25184229088561005,4.000000000000001,0.02105552382631097,0.0038735585110475416,0.021408865900342734,0.0057446406394228156,2.6598081002011895
1488.0,0.25183770976746644,4.0,0.021037101546552188,0.003856179639173117,0.021387607694399152,0.005936301251451559,2.6599440001882613
1489.0,0.25183313773565963,3.999999999999999,0.021018727398046853,0.0038389640045467317,0.02136643503398756,0.006127652398378897,2.660077700158581
1490.0,0.25182857474470366,4.0,0.021000401101131393,0.003821910400348908,0.021345347163180452,0.006318695399971874,2.660213300026953
1491.0,0.25182402074954247,4.0,0.020982122378962614,0.0038050176254265673,0.021324343334686077,0.0065094315680954695,2.660350800026208
1492.0,0.25181947570554475,4.000000000000001,0.0209638909574741,0.003788284484252438,0.02130342280973863,0.006699862206771129,2.660530300112441
1493.0,0.25181493956849865,4.0,0.02094570656533397,0.0037717097868849346,0.0212825848579903,0.006889988612235304,2.6608072000090033
1494.0,0.2518104122946061,3.9999999999999996,0.020927568933903164,0.0037552923489302995,0.021261828757404743,0.007079812072997044,2.6609603001270443
1495.0,0.25180589384047847,3.9999999999999996,0.020909477797194966,0.003739030991504526,0.021241153794152062,0.007269333869895367,2.661098600132391
1496.0,0.25180138416313075,4.0,0.020891432891835003,0.0037229245411983802,0.02122055926250537,0.007458555276155632,2.6612343001179397
1497.0,0.25179688321997695,4.000000000000001,0.020873433957022392,0.0037069718300419504,0.02120004446473875,0.007647477557445853,2.661369899986312
1498.0,0.2517923909688251,4.000000000000002,0.0208554807344915,0.0036911716954714257,0.021179608711026643,0.007836101971931853,2.661504700081423
1499.0,0.25178790736787254,4.000000000000001,0.020837572968474605,0.003675522980296754,0.021159251319344763,0.008024429770332298,2.661639800062403
1500.0,0.2517834323757006,3.999999999999999,0.020819710405665222,0.0036600245326705483,0.02113897161537228,0.00821246219597313,2.6617780001834035
1501.0,0.2517789659512704,4.000000000000001,0.020801892795182162,0.003644675206058262,0.02111876893239536,0.00840020048484097,2.6619138000532985
1502.0,0.2517745080539182,4.0,0.02078411988853478,0.003629473859208511,0.02109864261121234,0.008587645865637539,2.662046500016004
1503.0,0.25177005864335045,4.000000000000001,0.020766391439588028,0.003614419356126688,0.021078592000039715,0.008774799559830931,2.662258500000462
1504.0,0.25176561767963956,4.0,0.020748707204529256,0.0035995105660470254,0.02105861645441999,0.00896166278170929,2.6624208001885563
1505.0,0.2517611851232193,3.9999999999999996,0.020731066941834686,0.003584746363408383,0.021038715337130275,0.009148236738431542,2.6625602000858635
1506.0,0.25175676093488036,4.000000000000002,0.020713470412237405,0.0035701256278289316,0.02101888801809257,0.009334522630079223,2.662696000188589
1507.0,0.2517523450757664,4.000000000000001,0.02069591737869554,0.0035556472440829816,0.020999133874285078,0.009520521649707292,2.662831800058484
1508.0,0.25174793750736907,4.0,0.020678407606361086,0.0035413101020792333,0.02097945228965476,0.009706234983394152,2.6629681000486016
1509.0,0.25174353819152445,4.0,0.02066094086254938,0.0035271130968391913,0.020959842655031004,0.009891663810291496,2.663103200029582
1510.0,0.25173914709040857,3.999999999999999,0.020643516916709417,0.0035130551284767698,0.02094030436804071,0.010076809302673989,2.6632366999983788
1511.0,0.2517347641665334,4.0,0.020626135540394313,0.003499135102179724,0.02092083683302424,0.010261672625987789,2.663370900088921
1512.0,0.2517303893827426,4.0,0.020608796507232744,0.003485351928190928,0.02090143946095275,0.010446254938899113,2.663504400057718
1513.0,0.2517260227022081,3.9999999999999996,0.02059149959290071,0.0034717045217912243,0.020882111669346465,0.010630557393342427,2.6636386001482606
1514.0,0.25172166408842545,4.000000000000001,0.020574244575093856,0.0034581918032836,0.020862852882194152,0.010814581134567347,2.663771799998358
1515.0,0.2517173135052103,4.0,0.020557031233500528,0.0034448126979772587,0.020843662529873717,0.010998327301186772,2.6639051001984626
1516.0,0.25171297091669476,4.000000000000001,0.020539859349774887,0.0034315661361739814,0.020824540049073612,0.011181797025222429,2.664052400039509
1517.0,0.2517086362873232,3.9999999999999996,0.020522728707511248,0.003418451053153763,0.020805484882715768,0.011364991432151889,2.6641889000311494
1518.0,0.25170430958184864,4.000000000000001,0.02050563909221798,0.00340546638916343,0.02078649647987895,0.011547911640953756,2.664322900120169
1519.0,0.25169999076532973,4.0,0.020488590291292977,0.0033926110894032515,0.020767574295723772,0.011730558764153992,2.6644572000950575
1520.0,0.2516956798031259,4.0,0.02047158209399844,0.003379884104018036,0.020748717791418132,0.011912933907869516,2.664591200184077
1521.0,0.2516913766608949,4.0,0.020454614291437186,0.0033672843880855068,0.02072992643406413,0.012095038171854172,2.6647256000433117
1522.0,0.2516870813045887,4.000000000000001,0.020437686676528594,0.0033548109016078554,0.020711199696625524,0.012276872649541998,2.6648588001262397
1523.0,0.25168279370045044,4.0,0.020420799043985496,0.003342462609503092,0.020692537057856515,0.012458438428091384,2.6649926002137363
1524.0,0.25167851381501016,4.0,0.020403951190291123,0.003330238481597825,0.020673938002231156,0.012639736588428124,2.6651257001794875
1525.0,0.25167424161508256,4.000000000000001,0.020387142913676826,0.0033181374926196613,0.02065540201987392,0.01282076820528888,2.665258500026539
1526.0,0.25166997706776295,3.999999999999999,0.020370374014100055,0.0033061586221912764,0.020636928606491144,0.013001534347263533,2.6653913999907672
1527.0,0.25166572014042377,4.0,0.02035364429322237,0.0032943008548258113,0.020618517263303143,0.013182036076837156,2.6655241001863033
1528.0,0.2516614708007122,4.0,0.0203369535543887,0.0032825631799206696,0.020600167496977642,0.013362274450432504,2.6656553000211716
1529.0,0.2516572290165461,4.000000000000001,0.020320301602605964,0.0032709445917547867,0.020581878819563592,0.013542250518450843,2.6657883001025766
1530.0,0.25165299475611147,4.0,0.02030368824452297,0.0032594440894840966,0.02056365074842629,0.013721965325313695,2.6659215001855046
1531.0,0.25164876798785873,4.0,0.02028711328840993,0.0032480606771397263,0.02054548280618297,0.013901419909503165,2.666066600009799
1532.0,0.25164454868050035,3.999999999999999,0.020270576544138916,0.0032367933636250515,0.020527374520639557,0.014080615303602606,2.666202099993825
1533.0,0.251640336803007,3.999999999999999,0.020254077823164164,0.003225641162714735,0.020509325424727897,0.014259552534336334,2.666336900088936
1534.0,0.25163613232460547,4.0,0.020237616938503213,0.0032146030930532586,0.020491335056444217,0.014438232622609959,2.666470600059256
1535.0,0.25163193521477495,4.000000000000002,0.02022119370471799,0.0032036781781543803,0.020473402958787995,0.014616656583549381,2.666604100028053
1536.0,0.25162774544324473,3.999999999999999,0.0202048079378964,0.0031928654464013864,0.02045552867970186,0.014794825426539898,2.6667382000014186
1537.0,0.2516235629799905,4.000000000000002,0.020188459455633957,0.0031821639310481704,0.020437711772012052,0.014972740155264647,2.6668734000995755
1538.0,0.2516193877952327,4.0,0.020172148077016387,0.0031715726702188384,0.020419951793370007,0.015150401767743876,2.6670088001992553
1539.0,0.25161521985943247,4.000000000000001,0.020155873622601603,0.0031610907069108845,0.020402248306194234,0.01532781125637181,2.667143400060013
1540.0,0.2516110591432899,4.000000000000001,0.020139635914402865,0.0031507170889957655,0.020384600877613367,0.015504969607955416,2.667277100030333
1541.0,0.2516069056177407,4.000000000000001,0.020123434775871543,0.0031404508692219097,0.020367009079409592,0.015681877803751187,2.667410100111738
1542.0,0.25160275925395376,3.999999999999999,0.020107270031880637,0.0031302911052172393,0.020349472487963104,0.01585853681950264,2.6675441002007574
1543.0,0.2515986200233282,4.0,0.02009114150870817,0.003120236859492656,0.020331990684196985,0.016034947625476637,2.6676770001649857
1544.0,0.2515944878974914,4.0,0.020075049034021283,0.0031102871994447044,0.020314563253523037,0.01621111118650065,2.6678112000226974
1545.0,0.25159036284829583,4.0,0.020058992436860306,0.0031004411973597806,0.020297189785788195,0.016387028461998354,2.6679458001162857
1546.0,0.25158624484781644,3.9999999999999996,0.02004297154762297,0.0030906979304185316,0.020279869875221523,0.016562700406025505,2.6680902000516653
1547.0,0.25158213386834877,4.0,0.020026986198049292,0.00308105648069963,0.02026260312038209,0.01673812796730592,2.6682254001498222
1548.0,0.25157802988240585,4.000000000000002,0.020011036221206348,0.003071515935184635,0.020245389124107383,0.016913312089266525,2.6683599001262337
1549.0,0.25157393286271623,4.0,0.01999512145147351,0.003062075385762674,0.02022822749346244,0.017088253710072637,2.6684940000995994
1550.0,0.25156984278222083,4.0,0.019979241724527506,0.003052733929236102,0.020211117839689374,0.017262953762662125,2.668626300059259
1551.0,0.2515657596140717,4.0,0.019963396877328458,0.0030434906673248068,0.020194059778158052,0.01743741317478048,2.6688417000696063
1552.0,0.25156168333162826,4.000000000000001,0.019947586748105327,0.003034344706672607,0.020177052928316844,0.01761163286901471,2.6690275000873953
1553.0,0.25155761390845655,4.0,0.01993181117634232,0.0030252951588516964,0.020160096913644444,0.017785613762827307,2.6691666000988334
1554.0,0.2515535513183254,4.0,0.019916070002764706,0.003016341140369748,0.020143191361601847,0.017959356768589785,2.669304200215265
1555.0,0.2515494955352052,4.0,0.019900363069325754,0.003007481772674454,0.02012633590358547,0.018132862793616145,2.669438400072977
1556.0,0.2515454465332655,3.9999999999999996,0.019884690219193105,0.0029987161821602034,0.02010953017488035,0.01830613274019599,2.6695725000463426
1557.0,0.2515414042868723,3.999999999999999,0.019869051296735715,0.0029900435001739526,0.02009277381461424,0.018479167505627003,2.6697060000151396
1558.0,0.2515373687705864,3.9999999999999996,0.01985344614751106,0.0029814628630208903,0.020076066465712212,0.01865196798224797,2.669840200105682
1559.0,0.25153333995916105,4.000000000000001,0.0198378746182523,0.002972973411970863,0.020059407774851788,0.018824535057470893,2.6699834000319242
1560.0,0.2515293178275399,4.0,0.019822336556855818,0.002964574293264159,0.020042797392418685,0.018996869613813055,2.670122800162062
1561.0,0.25152530235085474,4.000000000000001,0.019806831812368735,0.0029562646581180376,0.020026234972462992,0.019168972528928657,2.67025880003348
1562.0,0.2515212935044238,4.0,0.019791360234977032,0.0029480436627319397,0.02000972017265619,0.019340844675640817,2.6703942001331598
1563.0,0.2515172912637492,3.9999999999999996,0.019775921675993288,0.002939910468294277,0.01999325265424832,0.019512486921972216,2.6705283999908715
1564.0,0.2515132956045152,3.9999999999999996,0.019760515987844954,0.002931864240988,0.019976832082025924,0.019683900131176574,2.6706614000722766
1565.0,0.25150930650258635,4.000000000000001,0.01974514302406282,0.0029239041519963076,0.019960458124270542,0.01985508516176951,2.670794300036505
1566.0,0.25150532393400554,4.0,0.01972980263926956,0.002916029377508124,0.01994413045271762,0.020026042867559102,2.6709290000144392
1567.0,0.25150134787499157,3.9999999999999996,0.019714494689168256,0.002908239098724564,0.019927848742515925,0.020196774097675813,2.6710630001034588
1568.0,0.25149737830193764,3.9999999999999996,0.019699219030531363,0.0029005325018637003,0.01991161267218747,0.020367279696603124,2.671195800183341
1569.0,0.25149341519140955,4.000000000000001,0.019683975521189775,0.002892908778165936,0.019895421923588043,0.020537560504206992,2.671330700162798
1570.0,0.25148945852014387,4.0,0.019668764020022024,0.0028853671238990015,0.019879276181868143,0.02070761735576604,2.671464700018987
1571.0,0.25148550826504545,4.000000000000001,0.019653584386943465,0.002877906740363534,0.019863175135434362,0.02087745108200012,2.671597500098869
1572.0,0.25148156440318625,4.000000000000001,0.019638436482895944,0.0028705268338970386,0.019847118475911342,0.021047062509100434,2.6717315001878887
1573.0,0.2514776269118037,4.000000000000001,0.01962332016983729,0.0028632266158788657,0.019831105898104124,0.021216452458757834,2.671864400152117
1574.0,0.25147369576829814,4.000000000000001,0.019608235310731116,0.00285600530273456,0.01981513709996099,0.021385621748191863,2.6720074000768363
1575.0,0.2514697709502318,4.0,0.01959318176953681,0.0028488621159393863,0.019799211782536807,0.021554571190179228,2.672144800191745
1576.0,0.25146585243532676,3.9999999999999996,0.019578159411199492,0.002841796282022774,0.019783329649956747,0.021723301593082,2.6722799001727253
1577.0,0.2514619402014631,4.0,0.019563168101640206,0.00283480703257147,0.019767490409380487,0.021891813760875928,2.672414000146091
1578.0,0.2514580342266777,4.000000000000001,0.01954820770774636,0.0028278936042327113,0.019751693770966947,0.022060108493178215,2.67254800000228
1579.0,0.25145413448916215,4.0,0.01953327809736209,0.0028210552387170694,0.019735939447839277,0.0222281865852752,2.6726816000882536
1580.0,0.2514502409672613,3.999999999999999,0.019518379139278834,0.0028142911828014125,0.019720227156050433,0.022396048828149856,2.6728153000585735
1581.0,0.2514463536394713,4.0,0.01950351070322598,0.0028076006883312227,0.019704556614549038,0.022563696008508938,2.672949600033462
1582.0,0.25144247248443874,4.000000000000001,0.019488672659861882,0.0028009830122219287,0.01968892754514587,0.022731128908810128,2.6730837000068277
1583.0,0.2514385974809584,4.000000000000001,0.01947386488076468,0.002794437416461029,0.019673339672480555,0.02289834830728915,2.673218399984762
1584.0,0.2514347286079719,4.0,0.01945908723842339,0.0027879631681093204,0.01965779272398878,0.023065354977985925,2.6733522000722587
1585.0,0.2514308658445662,4.0,0.019444339606229055,0.00278155953930169,0.019642286429869822,0.023232149690771364,2.6734943001065403
1586.0,0.25142700916997185,3.999999999999999,0.019429621858466133,0.002775225807247613,0.01962682052305462,0.02339873321137373,2.6736275001894683
1587.0,0.25142315856356207,4.0,0.019414933870303845,0.0027689612542313247,0.019611394739174105,0.023565106301404265,2.6737608001567423
1588.0,0.2514193140048505,4.0,0.01940027551778776,0.002762765167611416,0.019596008816527972,0.02373126971838374,2.673894900130108
1589.0,0.2514154754734904,4.0,0.0193856466778314,0.0027566368398203862,0.01958066249605387,0.023897224215767565,2.6740388001780957
1590.0,0.2514116429492729,4.0,0.019371047228207938,0.002750575568363437,0.019565355521296828,0.024062970542971573,2.6741745001636446
1591.0,0.2514078164121253,3.999999999999999,0.019356477047542137,0.002744580655817075,0.01955008763837929,0.02422850944539734,2.6743098001461476
1592.0,0.25140399584211026,4.0,0.01934193601530219,0.0027386514098272346,0.01953485859597127,0.024393841664457183,2.6744437001179904
1593.0,0.251400181219424,4.0,0.019327424011791886,0.002732787143106791,0.01951966814526106,0.024558967937599263,2.67457770020701
1594.0,0.25139637252439495,4.0,0.019312940918142677,0.0027269871734329413,0.019504516039926176,0.024723888998332277,2.6747116001788527
1595.0,0.2513925697374827,4.0,0.019298486616305992,0.0027212508236438408,0.019489402036104744,0.024888605576250195,2.674846700159833
1596.0,0.25138877283927596,4.0,0.019284060989045428,0.0027155774216354126,0.0194743258923671,0.025053118397056345,2.674981900025159
1597.0,0.25138498181049235,4.0,0.019269663919929462,0.002709966300356637,0.019459287369688025,0.025217428182588097,2.6751165001187474
1598.0,0.2513811966319759,3.9999999999999996,0.019255295293323732,0.0027044167978054505,0.01944428623141892,0.02538153565084053,2.675250200089067
1599.0,0.2513774172846963,4.000000000000001,0.019240954994383698,0.002698928257023833,0.019429322243260588,0.025545441515990586,2.6753842001780868
1600.0,0.251373643749748,4.000000000000001,0.019226642909047513,0.002693500026091911,0.019414395173236385,0.025709146488420764,2.6755225001834333
1601.0,0.2513698760083485,3.9999999999999996,0.01921235892402869,0.0026881314581223116,0.01939950479166547,0.02587265127474256,2.6756572001613677
1602.0,0.2513661140418366,4.0,0.019198102926808912,0.002682821911254258,0.019384650871136548,0.026035956577819902,2.675790200009942
1603.0,0.25136235783167243,4.000000000000001,0.01918387480563122,0.0026775707486459124,0.019369833186481927,0.026199063096792402,2.675923600094393
1604.0,0.2513586073594353,4.0,0.019169674449492972,0.002672377338467493,0.019355051514751857,0.026361971527098543,2.676068600034341
1605.0,0.2513548626068226,4.0,0.019155501748138792,0.0026672410538939955,0.019340305635189063,0.026524682560498114,2.6762035000137985
1606.0,0.2513511235556489,4.000000000000001,0.0191413565920541,0.0026621612730961773,0.019325595329203856,0.026687196885095466,2.676337799988687
1607.0,0.25134739018784463,4.0,0.019127238872458263,0.0026571373792321764,0.019310920380349334,0.02684951518536205,2.6764715001918375
1608.0,0.2513436624854549,4.000000000000001,0.01911314848129788,0.0026521687604389214,0.01929628057429689,0.02701163814215815,2.6766048001591116
1609.0,0.25133994043063834,4.000000000000001,0.019099085311240414,0.0026472548098216333,0.019281675698812152,0.027173566432756036,2.676738200010732
1610.0,0.25133622400566613,4.0,0.019085049255667657,0.002642394925444278,0.019267105543731115,0.027335300730861684,2.6768713002093136
1611.0,0.25133251319292055,4.000000000000001,0.019071040208669152,0.0026375885103194744,0.01925256990093647,0.02749684170663627,2.677040900103748
1612.0,0.25132880797489443,3.999999999999999,0.019057058065036277,0.0026328349723961477,0.019238068564334528,0.027658190026718932,2.677184200147167
1613.0,0.2513251083341894,3.9999999999999996,0.01904310272025551,0.0026281337245498463,0.019223601329832012,0.027819346354247432,2.67731950012967
1614.0,0.25132141425351523,4.0,0.01902917407050263,0.0026234841845695924,0.019209167995313498,0.027980311348880238,2.6775426000822335
1615.0,0.2513177257156889,3.9999999999999996,0.019015272012636475,0.002618885775145777,0.019194768360618914,0.028141085666817778,2.6777646001428366
1616.0,0.2513140427036329,4.000000000000001,0.019001396444192784,0.00261433792385804,0.019180402227521313,0.02830166996082331,2.677915400126949
1617.0,0.2513103652003751,4.0,0.018987547263378507,0.0026098400631609443,0.01916606939970511,0.028462064880244498,2.6780559001490474
1618.0,0.25130669318904686,4.0,0.018973724369065536,0.0026053916303715023,0.019151769682744235,0.02862227107103374,2.678191800136119
1619.0,0.2513030266528826,4.0,0.018959927660785192,0.002600992067654114,0.019137502884080962,0.028782289175769277,2.6783267999999225
1620.0,0.2512993655752186,4.000000000000001,0.018946157038722263,0.002596640822006574,0.019123268813004645,0.028942119833675672,2.678460800088942
1621.0,0.25129570993949185,4.000000000000002,0.018932412403709378,0.002592337345244744,0.01910906728063092,0.02910176368064446,2.6785955000668764
1622.0,0.25129205972923957,4.0,0.018918693657221312,0.0025880810939874327,0.019094898099881054,0.029261221349254296,2.67872910015285
1623.0,0.25128841492809745,4.0,0.018905000701369395,0.002583871529640697,0.019080761085461584,0.029420493468790915,2.6788643000181764
1624.0,0.2512847755197995,4.0,0.018891333438896037,0.002579708118381155,0.019066656053844187,0.02957958066526778,2.6789998000022024
1625.0,0.2512811414881767,4.000000000000001,0.018877691773169208,0.002575590331139828,0.019052582823245814,0.0297384835614454,2.679151700111106
1626.0,0.25127751281715605,4.000000000000001,0.018864075608177076,0.0025715176435848505,0.01903854121360903,0.02989720277685151,2.6792938001453876
1627.0,0.2512738894907599,4.000000000000001,0.01885048484852273,0.0025674895361038155,0.01902453104658266,0.030055738927800557,2.679431000025943
1628.0,0.2512702714931046,3.9999999999999996,0.01883691939941866,0.002563505493786672,0.019010552145502492,0.030214092627413147,2.679566100006923
1629.0,0.2512666588084,4.000000000000001,0.018823379166681663,0.0025595650064072486,0.018996604335372407,0.030372264485635347,2.679699500091374
1630.0,0.25126305142094874,3.999999999999999,0.018809864056727892,0.0025556675684036607,0.01898268744284576,0.030530255109258386,2.679834300186485
1631.0,0.25125944931514466,3.999999999999999,0.018796373976567256,0.0025518126788611263,0.018968801296206653,0.030688065101937168,2.6799686001613736
1632.0,0.2512558524754724,4.0,0.01878290883379874,0.002547999841491393,0.018954945725351863,0.030845695064209533,2.6801019001286477
1633.0,0.2512522608865067,4.0,0.018769468536605265,0.002544228564613247,0.01894112056177271,0.031003145593515274,2.6802352000959218
1634.0,0.25124867453291133,4.0,0.018756052993748693,0.002540498361132935,0.01892732563853722,0.03116041728421462,2.6803689000662416
1635.0,0.25124509339943785,4.000000000000001,0.018742662114564965,0.002536808748523488,0.018913560790272524,0.0313175107276068,2.680501600028947
1636.0,0.25124151747092593,4.0,0.01872929580895926,0.0025331592488037945,0.018899825853147405,0.031474426511948844,2.6806357000023127
1637.0,0.25123794673230115,3.999999999999999,0.018715953987401102,0.0025295493885181177,0.01888612066485512,0.031631165222473445,2.6807684001978487
1638.0,0.251234381168575,3.999999999999999,0.01870263656091964,0.0025259786987144694,0.01887244506459635,0.03178772744140765,2.6809015001636
1639.0,0.25123082076484415,4.0,0.018689343441099047,0.0025224467149226747,0.01885879889306252,0.031944113747990666,2.681035100016743
1640.0,0.2512272655062894,4.0,0.01867607454007377,0.0025189529771326154,0.018845181992419097,0.03210032471849217,2.6813504002057016
1641.0,0.25122371537817456,4.000000000000001,0.018662829770523796,0.0025154970297724347,0.018831594206289153,0.032256360926229494,2.6815206999890506
1642.0,0.2512201703658467,3.999999999999999,0.01864960904567041,0.0025120784216848165,0.018818035379737332,0.03241222294158652,2.681671100202948
1643.0,0.2512166304547341,4.0,0.018636412279271257,0.0025086967061056097,0.018804505359253605,0.03256791133202985,2.681812100112438
1644.0,0.2512130956303466,3.9999999999999996,0.018623239385616296,0.0025053514406393725,0.01879100399273769,0.03272342666212763,2.681952300015837
1645.0,0.25120956587827414,3.999999999999999,0.018610090279523022,0.002502042187236866,0.01877753112948319,0.03287876949356616,2.6820910000242293
1646.0,0.25120604118418643,4.0,0.018596964876332393,0.0024987685121707383,0.018764086620162372,0.033033940385167465,2.6822296001482755
1647.0,0.25120252153383205,4.0,0.018583863091904206,0.002495529986012336,0.018750670316810703,0.03318893989290633,2.682368000037968
1648.0,0.2511990069130378,3.9999999999999996,0.018570784842613014,0.002492326183606993,0.0187372820728119,0.03334376856992763,2.682505500037223
1649.0,0.25119549730770774,4.000000000000002,0.01855773004534369,0.0024891566840499557,0.018723921742882885,0.033498426966562606,2.682642900152132
1650.0,0.2511919927038231,4.0,0.01854469861748753,0.0024860210706613515,0.018710589183059314,0.0336529156303467,2.682780700037256
1651.0,0.25118849308744073,4.000000000000001,0.018531690476937705,0.0024829189309620624,0.018697284250680724,0.0338072351060352,2.68300210009329
1652.0,0.2511849984446932,4.000000000000001,0.01851870554208537,0.002479849856648154,0.018684006804376336,0.03396138593562062,2.683151700068265
1653.0,0.2511815087617878,4.0,0.018505743731815585,0.0024768134435655936,0.01867075670405083,0.034115368658348855,2.68329369998537
1654.0,0.25117802402500555,3.9999999999999996,0.018492804965503155,0.0024738092916852224,0.018657533810870243,0.034269183810735626,2.683432900113985
1655.0,0.25117454422070107,4.0,0.018479889163008658,0.002470837005076901,0.018644337987248093,0.0344228319265826,2.6835716001223773
1656.0,0.2511710693353018,3.9999999999999996,0.018466996244674638,0.002467896191883418,0.01863116909683179,0.034576313536994,2.6837109001353383
1657.0,0.2511675993553071,4.0,0.018454126131321417,0.0024649864642950986,0.0186180270044889,0.03472962917039213,2.6838507000356913
1658.0,0.2511641342672878,4.000000000000001,0.018441278744243464,0.0024621074385231543,0.018604911576293955,0.0348827793525337,2.683988400036469
1659.0,0.25116067405788556,4.000000000000001,0.018428454005205364,0.00245925873477362,0.018591822679515042,0.03503576460652563,2.6841264001559466
1660.0,0.2511572187138123,4.000000000000001,0.018415651836438087,0.0024564399772209256,0.018578760182600847,0.03518858545284054,2.6842601001262665
1661.0,0.2511537682218493,4.0,0.018402872160635242,0.002453650793981202,0.01856572395516771,0.035341242409332785,2.684394699987024
1662.0,0.25115032256884706,4.000000000000002,0.0183901149009492,0.0024508908170856507,0.018552713867986768,0.035493735991253605,2.684527800185606
1663.0,0.2511468817417241,4.0,0.01837737998098764,0.0024481596824535213,0.01853972979297153,0.035646066711266994,2.68466110015288
1664.0,0.251143445727467,4.000000000000001,0.018364667324809594,0.0024454570298655873,0.018526771603165192,0.03579823507946461,2.6847945000045
1665.0,0.25114001451312934,4.0,0.01835197685692206,0.002442782502936402,0.018513839172728468,0.03595024160338145,2.684940000064671
1666.0,0.2511365880858313,4.0,0.018339308502276278,0.0024401357490877575,0.018500932376927362,0.03610208678801055,2.685077200178057
1667.0,0.251133166432759,4.0,0.018326662186264213,0.002437516419520958,0.018488051092121118,0.03625377113581835,2.6852967001032084
1668.0,0.25112974954116424,4.0,0.018314037834714997,0.002434924169189765,0.01847519519575035,0.036405295146759664,2.6856598001904786
1669.0,0.2511263373983633,4.000000000000001,0.018301435373891402,0.0024323586567729406,0.018462364566325242,0.03655665931829205,2.685849200002849
1670.0,0.2511229299917371,4.0,0.018288854730486602,0.0024298195446462553,0.018449559083414082,0.03670786414539143,2.685994600178674
1671.0,0.25111952730873,4.0,0.018276295831620385,0.0024273064988556974,0.01843677862763156,0.03685891012056583,2.6861309001687914
1672.0,0.25111612933685,3.9999999999999996,0.018263758604836096,0.0024248191890891436,0.018424023080627624,0.037009797733870614,2.6862663000356406
1673.0,0.25111273606366724,4.0,0.018251242978097028,0.0024223572886491553,0.018411292325076146,0.037160527472922505,2.686400800012052
1674.0,0.25110934747681446,4.0,0.018238748879783266,0.0024199204744247615,0.018398586244663895,0.03731109982291436,2.6865341002121568
1675.0,0.2511059635639856,4.000000000000001,0.018226276238688263,0.002417508426864139,0.018385904724079572,0.03746151526662905,2.6866678001824766
1676.0,0.2511025843129362,4.0,0.018213824984015692,0.002415120829946363,0.01837324764900302,0.03761177428445414,2.686802700161934
1677.0,0.2510992097114817,4.000000000000001,0.01820139504537608,0.002412757371154075,0.018360614906094492,0.03776187735439537,2.6869355000089854
1678.0,0.2510958397474982,4.000000000000001,0.018188986352783692,0.002410417741445092,0.018348006382984082,0.037911824952091305,2.687069000210613
1679.0,0.2510924744089211,4.0,0.018176598836653325,0.002408101635224845,0.018335421968261312,0.03806161755082685,2.68729510018602
1680.0,0.2510891136837447,3.999999999999999,0.018164232427797154,0.002405808750318537,0.018322861551464797,0.03821125562154709,2.687544899992645
1681.0,0.2510857575600221,4.0,0.018151887057421576,0.0024035387879430556,0.018310325023071974,0.03836073963287115,2.687764400150627
1682.0,0.2510824060258645,4.0,0.018139562657124294,0.0024012914526788786,0.018297812274489178,0.03850942969125873,2.6879106999840587
1683.0,0.2510790590694404,4.0,0.018127259158890952,0.002399066452443107,0.018285323198041478,0.03865605324842533,2.6880503001157194
1684.0,0.2510757166789757,4.0,0.018114976495092434,0.0023968634984603823,0.01827285768696301,0.03880252623615857,2.688188500003889
1685.0,0.25107237884275285,4.000000000000001,0.018102714598481614,0.0023946823052360296,0.018260415635387106,0.038948849119363305,2.6883307001553476
1686.0,0.2510690455491104,4.0,0.01809047340219049,0.002392522590527658,0.01824799693833673,0.03909502236063797,2.6884729000739753
1687.0,0.2510657167864426,4.000000000000002,0.0180782528397272,0.002390384075317743,0.01823560149171497,0.03924104642028764,2.6886282002087682
1688.0,0.2510623925431993,4.000000000000001,0.01806605284497318,0.002388266483785479,0.018223229192295656,0.03938692175633829,2.6887798001989722
1689.0,0.25105907280788453,4.000000000000001,0.0180538733521801,0.002386169543279638,0.018210879937713993,0.03953264882454946,2.6889275000430644
1690.0,0.2510557575690573,4.0,0.01804171429596717,0.002384092984290347,0.01819855362645748,0.03967822807842811,2.6890785000286996
1691.0,0.25105244681533,4.000000000000002,0.018029575611318183,0.0023820365404219265,0.01818625015785675,0.03982365996924142,2.6892314001452178
1692.0,0.251049140535369,4.0,0.018017457233578817,0.0023799999483647568,0.01817396943207669,0.03996894494603054,2.689384600147605
1693.0,0.2510458387178932,3.9999999999999996,0.018005359098453626,0.0023779829478687274,0.018161711350107433,0.04011408345562292,2.689539600163698
1694.0,0.2510425413516746,4.0,0.01799328114200354,0.002375985281714798,0.01814947581375577,0.04025907594264588,2.6897090000566095
1695.0,0.25103924842553693,4.0,0.01798122330064292,0.0023740066956885217,0.018137262725636354,0.04040392284953934,2.6898686001077294
1696.0,0.2510359599283561,4.0,0.017969185511137013,0.002372046938551897,0.018125071989163237,0.04054862461656847,2.6900314001832157
1697.0,0.25103267584905925,4.0,0.017957167710599086,0.002370105762016886,0.01811290350854131,0.040693181681836665,2.690195200033486
1698.0,0.25102939617662434,4.0,0.017945169836487862,0.002368182920718038,0.018100757188758,0.04083759448129806,2.6903636001516134
1699.0,0.2510261209000799,3.9999999999999996,0.017933191826604886,0.0023662781721854346,0.018088632935575024,0.04098186344877011,2.690534000052139
1700.0,0.25102285000850477,4.0,0.017921233619091828,0.002364391276817827,0.018076530655520142,0.04112598901594616,2.6907207001931965
1701.0,0.25101958349102743,4.0,0.01790929515242797,0.0023625219978555996,0.018064450255879133,0.041269971612407697,2.6908948000054806
1702.0,0.2510163213368256,4.0,0.017897376365427632,0.002360670101354235,0.018052391644687842,0.041413811665636874,2.6910722001921386
1703.0,0.2510130635351263,3.999999999999999,0.017885477197237563,0.002358835356157486,0.018040354730724212,0.0415575096010288,2.6912509000394493
1704.0,0.2510098100752048,4.0,0.017873597587334398,0.002357017533871349,0.018028339423500517,0.04170106584190322,2.6914362001698464
1705.0,0.2510065609463846,4.0,0.01786173747552226,0.002355216408836754,0.018016345633255656,0.04184448080951725,2.6916321001481265
1706.0,0.2510033161380372,4.000000000000001,0.017849896801930252,0.0023534317581038683,0.01800437327094758,0.041987754923077214,2.691821000073105
1707.0,0.2510000756395815,4.0,0.01783807550700989,0.0023516633614057924,0.017992422248245637,0.04213088859975031,2.6920123000163585
1708.0,0.25099683944048345,4.0,0.01782627353153273,0.0023499110011325547,0.017980492477523195,0.04227388225467671,2.6922085999976844
1709.0,0.2509936075302557,4.0,0.01781449081658807,0.0023481744623047324,0.01796858387185036,0.04241673630098128,2.6924056001007557
1710.0,0.25099037989845724,4.000000000000001,0.01780272730358036,0.00234645353254809,0.01795669634498654,0.04255945114978543,2.692621099995449
1711.0,0.2509871565346933,3.999999999999999,0.017790982934226967,0.0023447480020674827,0.017944829811373374,0.042702027210218735,2.6928284000605345
1712.0,0.25098393742861425,4.000000000000001,0.017779257650555706,0.0023430576636218163,0.017932984186127543,0.042844464889429945,2.6930345001164824
1713.0,0.25098072256991644,4.0,0.017767551394902707,0.0023413823124976496,0.017921159385033827,0.04298676459259965,2.6932416001800448
1714.0,0.2509775119483407,4.0,0.017755864109909848,0.002339721746484965,0.017909355324538048,0.04312892672295038,2.6934563000686467
1715.0,0.2509743055536726,4.000000000000001,0.017744195738522674,0.0023380757658512477,0.01789757192174031,0.04327095168175893,2.6939175000879914
1716.0,0.250971103375742,4.000000000000001,0.017732546223988056,0.002336444173316576,0.017885809094388156,0.04341283986836714,2.694184700027108
1717.0,0.2509679054044228,4.0,0.01772091550985189,0.0023348267740288444,0.017874066760869816,0.043554591680193405,2.694414700148627
1718.0,0.2509647116296323,3.9999999999999996,0.017709303539956887,0.002333223375539177,0.017862344840207624,0.043696207512743446,2.6948499002028257
1719.0,0.2509615220413312,4.000000000000001,0.017697710258440448,0.002331633787776892,0.01785064325205148,0.04383768775962163,2.69510590005666
1720.0,0.2509583366295232,4.000000000000001,0.017686135609732406,0.0023300578230250986,0.01783896191667231,0.04397903281254195,2.6953277001157403
1721.0,0.2509551553842548,4.0,0.017674579538552882,0.002328495295896563,0.017827300754955713,0.044120243061339104,2.6955429001245648
1722.0,0.25095197829561433,4.0,0.01766304198991001,0.0023269460233097325,0.01781565968839552,0.04426131889397866,2.695760500151664
1723.0,0.25094880535373265,3.999999999999999,0.01765152290909805,0.002325409824464004,0.017804038639087676,0.04440226069656897,2.695976600050926
1724.0,0.2509456365487819,3.999999999999999,0.017640022241694978,0.0023238865208167984,0.0177924375297239,0.044543068853370615,2.696314000058919
1725.0,0.250942471870976,4.0,0.017628539933560672,0.002322375936058946,0.017780856283585698,0.04468374374680814,2.6966407001018524
1726.0,0.25093931131056973,4.0,0.017617075930834617,0.002320877896091655,0.017769294824538175,0.044824285757480126,2.6968746001366526
1727.0,0.2509361548578586,4.000000000000002,0.017605630179933985,0.0023193922290031567,0.017757753077024204,0.044964695264169685,2.697160500101745
1728.0,0.2509330025031789,4.0,0.01759420262755153,0.002317918765044888,0.017746230966058353,0.04510497264385516,2.6973781001288444
1729.0,0.2509298542369066,4.000000000000002,0.01758279322065349,0.002316457336609494,0.01773472841722112,0.045245118271720064,2.6975939001422375
1730.0,0.2509267100494582,4.0,0.01757140190647782,0.002315007778206496,0.01772324535665319,0.045385132521164134,2.6978088000323623
1731.0,0.25092356993128945,3.999999999999999,0.017560028632531935,0.002313569926440675,0.017711781711049628,0.04552501576381285,2.698047999991104
1732.0,0.25092043387289514,4.000000000000001,0.017548673346590764,0.002312143619989429,0.01770033740765421,0.04566476836952779,2.698280300013721
1733.0,0.25091730186480976,4.0,0.017537335996695106,0.002310728699579178,0.017688912374254014,0.045804390706417425,2.6985073999967426
1734.0,0.2509141738976061,4.0,0.017526016531149317,0.002309325007964481,0.01767750653917371,0.045831261041308705,2.698723000008613
1735.0,0.25091104996189556,4.000000000000002,0.01751471489851952,0.002307932389905401,0.01766611983127014,0.04584104833398224,2.6989402000326663
1736.0,0.2509079300483278,4.0,0.017503431047631822,0.0023065506921451898,0.017654752179926996,0.04585082719551385,2.699154600035399
1737.0,0.25090481414759025,4.000000000000002,0.017492164927570202,0.0023051797633892807,0.01764340351504937,0.045860597635789146,2.6993733001872897
1738.0,0.25090170225040825,3.999999999999999,0.01748091648767488,0.0023038194542829384,0.0176320737670586,0.04587035966473878,2.6995855001732707
1739.0,0.2508985943475441,4.000000000000001,0.017469685677540182,0.0023024696173906847,0.017620762866886887,0.045880113292336266,2.6997907999902964
1740.0,0.250895490429798,3.9999999999999987,0.01745847244701308,0.0023011301071737727,0.01760947074597236,0.04588985852859648,2.7000081001315266
1741.0,0.25089239048800605,4.0,0.017447276746190874,0.0022998007799708057,0.01759819733625371,0.045899595383573306,2.7002187001053244
1742.0,0.2508892945130418,4.0,0.017436098525419903,0.0022984814939750503,0.017586942570165395,0.04590932386735801,2.700423900038004
1743.0,0.2508862024958147,4.000000000000001,0.017424937735293338,0.0022971721092149753,0.01757570638063247,0.04591904399007684,2.7006212000269443
1744.0,0.2508831144272705,4.0,0.017413794326649693,0.002295872487532878,0.01756448870106578,0.04592875576189001,2.7008247000630945
1745.0,0.2508800302983907,4.0,0.017402668250570824,0.002294582492565225,0.01755328946535699,0.04593845919298943,2.7010306001175195
1746.0,0.2508769501001925,3.999999999999999,0.017391559458380414,0.0022933019897214413,0.017542108607873842,0.04594815429359686,2.7012258002068847
1747.0,0.2508738738237282,3.9999999999999996,0.01738046790164201,0.0022920308461648682,0.01753094606345532,0.045957841073962336,2.7014202000573277
1748.0,0.25087080146008567,4.000000000000001,0.01736939353215746,0.002290768930792157,0.017519801767406962,0.04596751954436269,2.701605500187725
1749.0,0.2508677330003873,3.999999999999999,0.017358336301965295,0.00228951611421341,0.017508675655496308,0.04597718971509965,2.7017923002131283
1750.0,0.25086466843579003,4.0,0.01734729616333868,0.0022882722687337,0.017497567663948055,0.04598685159649811,2.7023481000214815
1751.0,0.25086160775748567,4.0,0.017336273068784224,0.0022870372683321412,0.01748647772943978,0.04599650519890492,2.702615100191906
1752.0,0.25085855095669973,4.0,0.017325266971039886,0.002285810988643996,0.01747540578909718,0.04600615053268679,2.7028123000636697
1753.0,0.25085549802469187,4.000000000000001,0.01731427782307361,0.0022845933069408205,0.017464351780489804,0.046015787608229455,2.702995700063184
1754.0,0.2508524489527555,4.000000000000001,0.017303305578081574,0.0022833841021119273,0.01745331564162656,0.04602541643593581,2.703177300048992
1755.0,0.25084940373221726,4.0,0.017292350189486643,0.0022821832546454555,0.017442297310951413,0.0460350370262242,2.703356600133702
1756.0,0.2508463623544373,4.0,0.01728141161093663,0.0022809906466102195,0.017431296727338983,0.04604464938952735,2.7035362001042813
1757.0,0.2508433248108086,4.0,0.01727048979630287,0.0022798061616368646,0.017420313830090402,0.04605425353629103,2.7037169001996517
1758.0,0.2508402910927572,4.0,0.01725958469967855,0.002278629684899825,0.017409348558929037,0.046063849476972306,2.7038960000500083
1759.0,0.2508372611917414,4.0,0.017248696275377177,0.002277461103099455,0.017398400853996368,0.046073437222038646,2.704205500194803
1760.0,0.250834235099252,4.000000000000001,0.017237824477930968,0.002276300304444013,0.017387470655847788,0.04608301678196611,2.7044187001883984
1761.0,0.25083121280681225,4.0,0.017226969262089463,0.0022751471786317105,0.01737655790544868,0.04609258816723849,2.704611800145358
1762.0,0.25082819430597697,4.0,0.017216130582817797,0.002274001616833662,0.017365662544170216,0.04610215138834585,2.704815100179985
1763.0,0.2508251795883328,3.9999999999999996,0.01720530839529532,0.002272863511676355,0.017354784513785512,0.04611170645578361,2.7050091000273824
1764.0,0.25082216864549783,4.000000000000001,0.017194502654914064,0.0022717327572241786,0.01734392375646561,0.04612125338005038,2.70519550004974
1765.0,0.25081916146912187,3.999999999999999,0.017183713317277353,0.00227060924896229,0.01733308021477568,0.046130792171647964,2.7053984000813216
1766.0,0.2508161580508853,4.0,0.017172940338198054,0.002269492883780635,0.017322253831671006,0.04614032284107969,2.7055889000184834
1767.0,0.2508131583824998,4.0,0.017162183673697474,0.002268383559956043,0.01731144455049338,0.046149845398849046,2.705779200186953
1768.0,0.25081016245570753,4.0,0.017151443280003686,0.002267281177136392,0.01730065231496722,0.04615935985545917,2.7059697001241148
1769.0,0.2508071702622815,3.9999999999999996,0.01714071911355009,0.0022661856363241075,0.01728987706919581,0.04616886622141098,2.7061505999881774
1770.0,0.2508041817940244,4.000000000000001,0.017130011130974065,0.002265096839859916,0.017279118757657717,0.04617836450720279,2.7063285000622272
1771.0,0.2508011970427699,4.0,0.017119319289115642,0.002264014691406361,0.017268377325203164,0.04618785472332915,2.706527200061828
1772.0,0.2507982160003809,4.0,0.01710864354501582,0.0022629390959326458,0.01725765271705025,0.04619733688027944,2.70670700003393
1773.0,0.2507952386587502,4.0,0.017097983855915457,0.002261869959698438,0.017246944878781627,0.04620681098853746,2.706884700106457
1774.0,0.25079226500980045,4.0,0.01708734017925378,0.002260807190238097,0.017236253756340816,0.046216277058579724,2.7070637000724673
1775.0,0.2507892950454834,3.9999999999999996,0.017076712472667035,0.002259750696345545,0.0172255792960288,0.046225735100875506,2.707233700202778
1776.0,0.25078632875777995,3.999999999999999,0.017066100693987077,0.002258700388059045,0.01721492144450053,0.04623518512588502,2.707414200063795
1777.0,0.25078336613870006,4.0,0.017055504801240094,0.0022576561766458566,0.01720428014876156,0.04624462714405908,2.7075822001788765
1778.0,0.2507804071802826,3.999999999999999,0.017044924752645293,0.002256617974587204,0.017193655356164676,0.04625406116583755,2.7077481001615524
1779.0,0.2507774518745949,4.000000000000001,0.01703436050661346,0.0022555856955639004,0.01718304701440652,0.04626348720164945,2.707912900019437
1780.0,0.25077450021373293,3.999999999999999,0.01702381202174588,0.0022545592544407763,0.017172455071524397,0.04627290526191128,2.70807719998993
1781.0,0.2507715521898206,4.0,0.01701327925683268,0.002253538567253657,0.017161879475892865,0.046282315357026746,2.7082349001429975
1782.0,0.2507686077950103,4.000000000000001,0.017002762170851917,0.0022525235511934366,0.017151320176220664,0.046291717497385663,2.7084025000222027
1783.0,0.2507656670214823,4.000000000000001,0.016992260722968076,0.002251514124592632,0.017140777121547428,0.04630111169336301,2.708565100096166
1784.0,0.2507627298614443,4.0,0.016981774872530886,0.002250510206911401,0.017130250261240605,0.046310497955318816,2.708741500042379
1785.0,0.25075979630713185,4.0,0.01697130457907396,0.002249511718723475,0.017119739544992234,0.04631987629359655,2.708904300117865
1786.0,0.25075686635080785,4.0,0.016960849802313712,0.0022485185817022694,0.017109244922816014,0.04632924671852323,2.7090612000320107
1787.0,0.25075393998476236,4.000000000000001,0.016950410502147985,0.002247530718607471,0.017098766345044106,0.046338609240408106,2.70921350014396
1788.0,0.2507510172013127,4.000000000000002,0.016939986638654907,0.002246548053271302,0.017088303762324213,0.04634796386954208,2.709371100179851
1789.0,0.2507480979928031,4.0,0.016929578172091696,0.002245570510585384,0.01707785712561662,0.04635731061619744,2.7095282000955194
1790.0,0.25074518235160426,4.0,0.016919185062893232,0.00224459801648783,0.01706742638619105,0.046366649490626605,2.709737200057134
1791.0,0.25074227027011364,4.000000000000001,0.016908807271671204,0.00224363049794951,0.017057011495624025,0.04637598050306202,2.709892800077796
1792.0,0.2507393617407553,4.000000000000001,0.016898444759212688,0.002242667882961688,0.01704661240579578,0.04638530366371514,2.7100405001547188
1793.0,0.25073645675597933,4.0,0.01688809748647907,0.0022417101005229438,0.017036229068887493,0.04639461898277607,2.710218399995938
1794.0,0.2507335553082619,4.000000000000002,0.016877765414604718,0.002240757080627162,0.017025861437378373,0.04640392647041269,2.710496800020337
1795.0,0.25073065739010547,4.0,0.01686744850489622,0.002239808754249783,0.01701550946404308,0.046413226136770444,2.710668000159785
1796.0,0.25072776299403793,3.9999999999999996,0.016857146718830658,0.0022388650533371568,0.017005173101948642,0.04642251799197141,2.710870600072667
1797.0,0.2507248721126131,4.0,0.016846860018055007,0.0022379259107927056,0.016994852304452007,0.04643180204611415,2.71107430011034
1798.0,0.2507219847384099,4.000000000000001,0.01683658836438468,0.0022369912604660092,0.016984547025197198,0.04644107830927273,2.711224000202492
1799.0,0.2507191008640331,4.000000000000001,0.01682633171980255,0.002236061037140172,0.016974257218112663,0.04645034679149672,2.7113601001910865
1800.0,0.25071622048211245,3.999999999999999,0.016816090046457843,0.0022351351765201835,0.016963982837408687,0.04645960750280995,2.711498500080779
1801.0,0.2507133435853026,4.000000000000001,0.016805863306664857,0.0022342136152217504,0.01695372383757464,0.046468860453210914,2.711633900180459
1802.0,0.2507104701662834,4.0,0.01679565146290217,0.0022332962907587865,0.016943480173376563,0.046478105652671686,2.7117689000442624
1803.0,0.2507076002177591,4.000000000000001,0.016785454477811323,0.002232383141532831,0.016933251799854516,0.046487343111137516,2.711903100134805
1804.0,0.250704733732459,3.9999999999999996,0.016775272314195833,0.002231474106821192,0.01692303867232001,0.04649657283852657,2.71203580009751
1805.0,0.2507018707031365,4.0,0.016765104935020078,0.0022305691267662476,0.016912840746353564,0.04650579484472946,2.712169000180438
1806.0,0.2506990111225694,4.000000000000001,0.01675495230340829,0.0022296681423641814,0.016902657977802205,0.046515009139608696,2.7123035001568496
1807.0,0.25069615498355996,4.0,0.01674481438264362,0.0022287710954537,0.016892490322777114,0.046524215732998316,2.71243860013783
1808.0,0.2506933022789341,4.000000000000001,0.01673469113616673,0.002227877928706139,0.016882337737650945,0.04653341463470361,2.7125902001280338
1809.0,0.250690453001542,4.000000000000001,0.016724582527575256,0.002226988585613813,0.016872200179055778,0.046542605854500374,2.7127247999887913
1810.0,0.25068760714425753,4.0,0.016714488520622375,0.00222610301048012,0.016862077603880424,0.04655178940213534,2.7128591001965106
1811.0,0.250684764699978,4.000000000000001,0.01670440907921598,0.002225221148409009,0.01685196996926828,0.046560965287324785,2.7129929000511765
1812.0,0.2506819256616245,4.0,0.016694344167417732,0.002224342945294349,0.01684187723261499,0.04657013351975464,2.7131257001310587
1813.0,0.2506790900221413,4.000000000000001,0.016684293749441814,0.002223468347810315,0.016831799351565997,0.0465792941090804,2.713258600095287
1814.0,0.25067625777449604,4.0,0.01667425778965427,0.0022225973034005475,0.016821736284014486,0.04658844706492662,2.7133924001827836
1815.0,0.2506734289116793,4.000000000000001,0.01666423625257171,0.0022217297602691016,0.016811687988098952,0.04659759239688625,2.7135259001515806
1816.0,0.2506706034267051,4.0,0.016654229102860626,0.0022208656673696867,0.016801654422201145,0.04660673011452096,2.713660800131038
1817.0,0.2506677813126097,4.000000000000001,0.016644236305336152,0.0022200049743968534,0.016791635544943704,0.046615860227360174,2.7137969001196325
1818.0,0.25066496256245246,4.000000000000001,0.016634257824961297,0.002219147631775618,0.01678163131518809,0.04662498274490127,2.7139338001143187
1819.0,0.25066214716931545,4.0,0.01662429362684595,0.0022182935906522564,0.016771641692032407,0.04663409767660922,2.7140694002155215
1820.0,0.2506593351263029,3.9999999999999996,0.01661434367624588,0.0022174428028851854,0.016761666634809283,0.04664320503191596,2.7142110001295805
1821.0,0.25065652642654157,4.000000000000001,0.01660440793856182,0.002216595221035412,0.016751706103083703,0.04665230482022084,2.7143521001562476
1822.0,0.2506537210631804,4.0,0.016594486379338674,0.0022157507983570804,0.016741760056651057,0.046661397050889605,2.7144998000003397
1823.0,0.2506509190293905,4.000000000000001,0.01658457896426433,0.0022149094887892085,0.016731828455534902,0.04667048173325446,2.7148876001592726
1824.0,0.25064812031836503,4.0,0.01657468565916906,0.0022140712469456915,0.016721911259985088,0.04667955887661398,2.7150562000460923
1825.0,0.2506453249233188,4.000000000000001,0.01656480643002426,0.002213236028107681,0.016712008430475583,0.04668862849023285,2.715226300060749
1826.0,0.2506425328374886,4.000000000000001,0.016554941242941944,0.002212403788213699,0.016702119927702666,0.046697690583341916,2.715387500124052
1827.0,0.2506397440541328,4.0,0.016545090064173557,0.0022115744838515305,0.016692245712582765,0.046706745165136884,2.7155462000519037
1828.0,0.2506369585665312,4.000000000000002,0.016535252860109168,0.0022107480722499493,0.016682385746250604,0.046715792244779314,2.7157039002049714
1829.0,0.25063417636798513,4.0,0.016525429597276698,0.002209924511269598,0.01667253999005727,0.04672483183139611,2.715863100020215
1830.0,0.25063139745181695,4.000000000000002,0.01651562024234086,0.002209103759395401,0.01666270840556823,0.04673386393407908,2.716022100066766
1831.0,0.2506286218113706,4.0,0.01650582476210252,0.002208285775727585,0.016652890954561538,0.04674288856188506,2.7161803001072258
1832.0,0.25062584944001065,4.000000000000001,0.016496043123497617,0.0022074705199743804,0.01664308759902588,0.04675190572383551,2.7164148001465946
1833.0,0.2506230803311231,3.9999999999999996,0.01648627529359652,0.002206657952443081,0.016633298301158773,0.04676091542891653,2.716573200188577
1834.0,0.2506203144781144,4.0,0.016476521239602974,0.002205848034032988,0.016623523023364666,0.04676991768607862,2.716727200197056
1835.0,0.2506175518744117,4.0,0.016466780928853477,0.002205040726226789,0.016613761728253216,0.046778912504236755,2.71688020019792
1836.0,0.25061479251346314,4.000000000000001,0.016457054328816306,0.0022042359910834242,0.016604014378637445,0.04678789989226978,2.717032400192693
1837.0,0.25061203638873714,4.0,0.01644734140709077,0.0022034337912297617,0.016594280937531937,0.046796879859020674,2.7171846001874655
1838.0,0.25060928349372247,4.0,0.016437642131406322,0.002202634089853965,0.016584561368151132,0.04680585241329649,2.717331700026989
1839.0,0.25060653382192816,4.0,0.01642795646962181,0.002201836850697182,0.01657485563390756,0.04681481756386805,2.7174781002104282
1840.0,0.2506037873668837,4.0,0.016418284389724636,0.0022010420380465306,0.016565163698410098,0.04682377531946983,2.7176195001229644
1841.0,0.25060104412213846,4.000000000000001,0.016408625859830026,0.002200249616727821,0.016555485525462356,0.0468327256887999,2.7177615000400692
1842.0,0.2505983040812618,3.9999999999999996,0.016398980848180165,0.0021994595520980743,0.016545821079060878,0.046841668680519796,2.717903600074351
1843.0,0.2505955672378431,4.0,0.016389349323143423,0.0021986718100389636,0.016536170323393558,0.046850604303254564,2.718046500114724
1844.0,0.2505928335854913,4.0,0.016379731253213615,0.0021978863569491604,0.01652653322283794,0.046859532565592735,2.7181884001474828
1845.0,0.25059010311783514,4.0,0.016370126607009202,0.0021971031597378256,0.01651690974195962,0.04686845347608591,2.7183403000235558
1846.0,0.25058737582852303,4.0,0.01636053535327255,0.0021963221858175134,0.016507299845510626,0.046877367043249,2.7184813001658767
1847.0,0.25058465171122274,4.0,0.01635095746086912,0.002195543403097621,0.016497703498427805,0.04688627327556011,2.7188191001769155
1848.0,0.2505819307596214,3.9999999999999996,0.016341392898786767,0.0021947667799775195,0.016488120665831246,0.04689517218146045,2.7190230002161115
1849.0,0.25057921296742536,4.000000000000001,0.016331841636134943,0.0021939922853400555,0.016478551313022713,0.04690406376935416,2.7192456000484526
1850.0,0.25057649832836026,4.0,0.016322303642144022,0.0021932198885448594,0.016468995405484108,0.04691294804760862,2.7194096001330763
1851.0,0.25057378683617104,4.0,0.0163127788861645,0.002192449559422133,0.01645945290887594,0.04692182502455396,2.719561600126326
1852.0,0.25057107848462123,4.0,0.01630326733766634,0.002191681268266016,0.016449923789035807,0.04693069470848338,2.71971320011653
1853.0,0.25056837326749326,4.0,0.016293768966238076,0.0021909149858287944,0.016440408011976836,0.04693955710765309,2.719863200094551
1854.0,0.2505656711785888,4.000000000000001,0.016284283741586345,0.002190150683314016,0.01643090554388632,0.04694841223028207,2.720012300182134
1855.0,0.2505629722117278,4.000000000000002,0.016274811633534964,0.002189388332370959,0.016421416351124134,0.04695726008455213,2.720165700186044
1856.0,0.2505602763607491,3.9999999999999996,0.016265352612024414,0.002188627905087927,0.01641194040022139,0.046966100678608076,2.7203242999967188
1857.0,0.25055758361950975,4.0,0.016255906647110813,0.002187869373987334,0.016402477657878802,0.04697493402055749,2.720473100198433
1858.0,0.2505548939818855,4.0,0.01624647370896566,0.0021871127120185606,0.016393028090965548,0.046983760118471066,2.720618500141427
1859.0,0.2505522074417704,4.0,0.016237053767874744,0.002186357892552929,0.016383591666517566,0.046992578980381894,2.720762300072238
1860.0,0.2505495239930766,4.000000000000001,0.016227646794237754,0.002185604889377736,0.016374168351736426,0.04700139061428625,2.720925100147724
1861.0,0.25054684362973456,4.000000000000001,0.0162182527585674,0.00218485367669046,0.01636475811398772,0.04701019502814335,2.7210719001013786
1862.0,0.2505441663456929,4.000000000000001,0.016208871631488857,0.0021841042290932358,0.01635536092079986,0.047018992229875094,2.721218400169164
1863.0,0.25054149213491783,3.9999999999999996,0.01619950338373901,0.002183356521587432,0.016345976739862624,0.04702778222736635,2.7213628999888897
1864.0,0.25053882099139385,4.000000000000001,0.016190147986165797,0.002182610529568199,0.01633660553902586,0.047036565028465344,2.721508900169283
1865.0,0.25053615290912323,3.9999999999999996,0.01618080540972771,0.0021818662288184136,0.016327247286298197,0.0470453406409827,2.721655400004238
1866.0,0.2505334878821256,4.0,0.01617147562549285,0.0021811235955044284,0.01631790194984562,0.04705410907269221,2.7218012001831084
1867.0,0.25053082590443865,4.0,0.016162158604638557,0.0021803826061699617,0.016308569497990335,0.04706287033133093,2.7219450999982655
1868.0,0.2505281669701175,4.0,0.016152854318450583,0.0021796432377310954,0.016299249899209306,0.04707162442459882,2.722091100178659
1869.0,0.2505255110732347,4.0,0.016143562738322563,0.0021789054674713902,0.01628994312213316,0.04708037136015905,2.7222335000988096
1870.0,0.25052285820788,4.000000000000002,0.016134283835755277,0.002178169273036604,0.016280649135544775,0.04708911114563778,2.722373800119385
1871.0,0.25052020836816097,4.0,0.01612501758235615,0.0021774346324294853,0.01627136790837815,0.047097843788624846,2.722515500150621
1872.0,0.2505175615482018,4.0,0.016115763949838446,0.002176701524005484,0.016262099409717068,0.04710656929667279,2.7226559000555426
1873.0,0.25051491774214435,4.0,0.016106522910020852,0.002175969926467125,0.016252843608793997,0.047115287677298,2.7227990000974387
1874.0,0.250512276944147,4.000000000000001,0.016097294434826714,0.0021752398188595937,0.01624360047498877,0.04712399893797997,2.722953899996355
1875.0,0.25050963914838564,4.0,0.016088078496283513,0.002174511180565869,0.016234369977827474,0.047132703086161784,2.7231025001965463
1876.0,0.2505070043490527,3.9999999999999996,0.0160788750665222,0.0021737839913021028,0.016225152086981207,0.04714140012925006,2.7232513001654297
1877.0,0.2505043725403575,4.0,0.01606968411777656,0.002173058231113105,0.016215946772264907,0.04715009007461479,2.7234002000186592
1878.0,0.2505017437165262,4.0,0.0160605056223828,0.002172333880367185,0.016206754003636283,0.04715877292959024,2.7235505001153797
1879.0,0.2504991178718018,3.999999999999999,0.016051339552778782,0.0021716109197522024,0.01619757375119458,0.047167448701473914,2.7237047001253814
1880.0,0.25049649500044324,4.000000000000001,0.01604218588150335,0.0021708893302714405,0.016188405985179385,0.0471761173975273,2.7238578000105917
1881.0,0.2504938750967267,4.0,0.01603304458119611,0.002170169093237795,0.016179250675969713,0.047184779024975976,2.724010300124064
1882.0,0.25049125815494433,4.0,0.016023915624596423,0.002169450190271127,0.01617010779408266,0.047193433591009235,2.7241634000092745
1883.0,0.250488644169405,3.9999999999999996,0.016014798984543152,0.002168732603292792,0.016160977310172474,0.0472020811027809,2.724325400078669
1884.0,0.2504860331344333,4.0,0.016005694633973867,0.002168016314521949,0.01615185919502932,0.04721072156740849,2.7244918001815677
1885.0,0.2504834250443707,4.0,0.015996602545924485,0.002167301306471041,0.016142753419578357,0.0472193549919742,2.7246526000089943
1886.0,0.25048081989357446,4.000000000000001,0.015987522693528523,0.002166587561942084,0.01613365995487855,0.04722798138352451,2.724816400092095
1887.0,0.25047821767641787,3.9999999999999996,0.015978455050016667,0.002165875064022094,0.01612457877212164,0.0472366007490705,2.7249973001889884
1888.0,0.2504756183872902,4.0,0.015969399588716123,0.0021651637960796387,0.016115509842631128,0.04724521309558745,2.7251651000697166
1889.0,0.25047302202059674,4.000000000000001,0.015960356283050144,0.0021644537417603474,0.01610645313786119,0.047253818430015714,2.72533220006153
1890.0,0.25047042857075885,4.0,0.015951325106537517,0.0021637448849830773,0.016097408629395744,0.04726241675926056,2.7255026001948863
1891.0,0.25046783803221295,4.000000000000001,0.015942306032791842,0.0021630372099364914,0.016088376288947277,0.04727100809019166,2.7256738001015037
1892.0,0.2504652503994121,4.000000000000001,0.015933299035521223,0.002162330701074657,0.016079356088356013,0.04727959242964419,2.72584560001269
1893.0,0.2504626656668243,3.9999999999999996,0.015924304088527602,0.0021616253431135483,0.016070347999588796,0.04728816978441808,2.7260964000597596
1894.0,0.2504600838289331,4.000000000000001,0.015915321165706167,0.002160921121027594,0.01606135199473811,0.0472967401612789,2.7263472001068294
1895.0,0.2504575048802382,4.0,0.01590635024104508,0.0021602180200452764,0.016052368046021222,0.047305303566957516,2.726598700042814
1896.0,0.250454928815254,4.000000000000001,0.015897391288624666,0.0021595160256462765,0.01604339612577906,0.04731386000814991,2.7268477000761777
1897.0,0.25045235562851065,4.0,0.015888444282617084,0.0021588151235574734,0.016034436206475364,0.04732240949151829,2.7271273999940604
1898.0,0.2504497853145534,4.000000000000001,0.01587950919728572,0.002158115299749464,0.01602548826069566,0.04733095202368989,2.7273948001675308
1899.0,0.250447217867943,4.000000000000002,0.01587058600698476,0.0021574165404331497,0.016016552261146434,0.047339487611258405,2.72764870012179
1900.0,0.2504446532832551,4.0,0.015861674686158612,0.0021567188320561212,0.016007628180654074,0.04734801626078325,2.7278341001365334
1901.0,0.25044209155508046,4.0,0.015852775209341387,0.002156022161299833,0.015998715992164025,0.04735653797879004,2.7280076001770794
1902.0,0.250439532678025,3.9999999999999996,0.015843887551156507,0.0021553265150753478,0.015989815668739867,0.047365052771770444,2.728182800114155
1903.0,0.2504369766467092,4.0,0.015835011686316083,0.0021546318805209645,0.015980927183562418,0.04737356064618293,2.7283538000192493
1904.0,0.25043442345576916,4.0,0.01582614758962057,0.0021539382449979804,0.015972050509928833,0.04738206160845182,2.728527600178495
1905.0,0.2504318730998551,4.000000000000001,0.015817295235958134,0.002153245596088494,0.015963185621251742,0.04739055566496882,2.7286982000805438
1906.0,0.2504293255736325,4.0,0.015808454600304275,0.002152553921591304,0.01595433249105833,0.04739904282209214,2.728867400204763
1907.0,0.25042678087178105,4.000000000000001,0.015799625657721236,0.002151863209519585,0.01594549109298949,0.047407523086146625,2.7290529999881983
1908.0,0.25042423898899563,4.0,0.015790808383357693,0.0021511734480970076,0.015936661400799013,0.047415996463424495,2.7292576001491398
1909.0,0.2504216999199852,4.000000000000001,0.01578200275244811,0.0021504846257554126,0.015927843388352677,0.047424462960185196,2.72950810007751
1910.0,0.2504191636594737,4.000000000000001,0.015773208740312374,0.0021497967311312456,0.01591903702962743,0.04743292258265536,2.729758100118488
1911.0,0.25041663020219906,4.0,0.015764426322355335,0.002149109753062768,0.01591024229871058,0.04744137533702916,2.7300080000422895
1912.0,0.2504140995429138,4.0,0.015755655474066196,0.0021484236805874024,0.015901459169798876,0.04744982122946834,2.7302600000984967
1913.0,0.25041157167638495,3.9999999999999996,0.015746896171018307,0.002147738502938301,0.015892687617197875,0.047458260266102774,2.730497700162232
1914.0,0.2504090465973935,3.9999999999999996,0.015738148388868483,0.0021470542095418923,0.01588392761532094,0.04746669245302984,2.7307355001103133
1915.0,0.2504065243007347,4.000000000000002,0.015729412103356617,0.002146370790015037,0.015875179138688526,0.047475117796315115,2.730992500204593
1916.0,0.25040400478121816,4.0,0.01572068729030537,0.0021456882341617557,0.015866442161927452,0.04748353630199259,2.731235300190747
1917.0,0.25040148803366746,4.0,0.015711973925619516,0.0021450065319711716,0.015857716659769986,0.047491947976064396,2.7314609000459313
1918.0,0.25039897405292005,4.0,0.015703271985285556,0.002144325673614545,0.01584900260705312,0.0475003528245013,2.731685600010678
1919.0,0.2503964628338276,4.0,0.015694581445371416,0.0021436456494422777,0.015840299978717876,0.04750875085324281,2.73190990020521
1920.0,0.2503939543712555,4.0,0.01568590228202584,0.002142966449981759,0.015831608749808428,0.04751714206819721,2.7321331000421196
1921.0,0.250391448660083,4.0,0.015677234471478018,0.0021422880659344797,0.015822928895471405,0.0475255264752419,2.7323555001057684
1922.0,0.2503889456952034,4.0,0.015668577990037236,0.002141610488173319,0.01581426039095516,0.04753390408022296,2.7325769001618028
1923.0,0.25038644547152344,4.000000000000001,0.015659932814092302,0.0021409337077405253,0.01580560321160899,0.04754227488895639,2.732788300141692
1924.0,0.2503839479839638,4.0,0.015651298920111252,0.0021402577158445655,0.015796957332882427,0.04755063890722729,2.7330163000151515
1925.0,0.2503814532274583,4.000000000000002,0.0156426762846408,0.002139582503858455,0.015788322730324492,0.04755899614079065,2.7332307000178844
1926.0,0.2503789611969551,4.0,0.01563406488430614,0.0021389080633161463,0.015779699379583033,0.04756734659537075,2.7334431000053883
1927.0,0.2503764718874151,4.0,0.015625464695810196,0.002138234385911522,0.01577108725640389,0.04757569027666229,2.7336530000902712
1928.0,0.25037398529381305,4.0,0.01561687569593355,0.002137561463494933,0.015762486336630355,0.04758402719032995,2.73385540000163
1929.0,0.2503715014111372,4.000000000000001,0.015608297861533805,0.002136889288071454,0.015753896596202327,0.047592357342008534,2.734057600144297
1930.0,0.2503690202343889,4.0,0.015599731169545352,0.0021362178517980233,0.01574531801115574,0.04760068073730317,2.7342608000617474
1931.0,0.2503665417585829,3.9999999999999996,0.01559117559697877,0.002135547146981987,0.015736750557621776,0.04760899738178998,2.7344611000735313
1932.0,0.25036406597874716,4.0,0.015582631120920539,0.0021348771660780965,0.015728194211826193,0.04761730728101548,2.7346539001446217
1933.0,0.2503615928899229,4.0,0.01557409771853274,0.002134207901686613,0.015719648950088812,0.04762561044049729,2.734847200103104
1934.0,0.2503591224871644,4.000000000000001,0.015565575367052468,0.002133539346551012,0.015711114748822627,0.04763390686572383,2.7350563001818955
1935.0,0.25035665476553914,4.000000000000001,0.015557064043791537,0.0021328714935560443,0.01570259158453328,0.04764219656215527,2.7352563000749797
1936.0,0.2503541897201274,4.000000000000001,0.01554856372613611,0.0021322043357253698,0.0156940794338184,0.04765047953522255,2.7355212999973446
1937.0,0.2503517273460226,4.000000000000001,0.015540074391546267,0.0021315378662194987,0.015685578273366897,0.04765875579032868,2.735738400137052
1938.0,0.2503492676383312,4.0,0.015531596017555669,0.0021308720783336987,0.015677088079958386,0.047667025332848105,2.7359396000392735
1939.0,0.2503468105921722,4.000000000000002,0.015523128581771097,0.0021302069654962194,0.015668608830462498,0.04767528816812712,2.7361392001621425
1940.0,0.2503443562026777,4.0,0.01551467206187219,0.0021295425212658546,0.015660140501838317,0.047683544301484596,2.7363338000141084
1941.0,0.2503419044649925,4.000000000000002,0.015506226435610957,0.002128878739330278,0.01565168307113368,0.04769179373821091,2.736522300168872
1942.0,0.25033945537427416,3.999999999999999,0.015497791680811546,0.002128215613503729,0.01564323651548466,0.04770003648356934,2.7367065001744777
1943.0,0.25033700892569266,4.000000000000001,0.01548936777536958,0.002127553137725867,0.015634800812114772,0.04770827254279561,2.736908500082791
1944.0,0.2503345651144311,4.0,0.01548095469725231,0.0021268913060584547,0.01562637593833469,0.047716501921098026,2.7370987001340836
1945.0,0.25033212393568455,4.0,0.015472552424497622,0.0021262301126850525,0.01561796187154124,0.04772472462365811,2.737273500068113
1946.0,0.25032968538466105,4.0,0.015464160935214164,0.002125569551908065,0.015609558589217136,0.047732940655630204,2.7374466999899596
1947.0,0.250327249456581,4.0,0.01545578020758082,0.002124909618147238,0.015601166068930285,0.04774115002214191,2.737617500126362
1948.0,0.2503248161466771,4.0,0.0154474102198462,0.002124250305938139,0.015592784288333085,0.0477493527282942,2.7377882001455873
1949.0,0.25032238545019464,4.0,0.015439050950328619,0.0021235916099296183,0.015584413225162073,0.04775754877916163,2.737955000018701
1950.0,0.2503199573623909,4.000000000000002,0.015430702377415383,0.0021229335248832038,0.015576052857237156,0.04776573817979284,2.7381221000105143
1951.0,0.25031753187853595,4.0,0.01542236447956277,0.002122276045669933,0.01556770316246118,0.04777392093520995,2.7382948000449687
1952.0,0.2503151089939116,4.0,0.015414037235295398,0.002121619167269949,0.015559364118819259,0.047782097050409235,2.7384566001128405
1953.0,0.250312688703812,4.0,0.01540572062320604,0.002120962884770175,0.015551035704378295,0.04779026653036147,2.738615100039169
1954.0,0.2503102710035437,4.0,0.015397414621955312,0.0021203071933623982,0.01554271789728642,0.04779842938001147,2.73877300019376
1955.0,0.25030785588842497,3.999999999999999,0.0153891192102712,0.0021196520883423426,0.01553441067577242,0.04780658560427903,2.738942200085148
1956.0,0.25030544335378624,4.0,0.015380834366948797,0.002118997565107528,0.0155261140181452,0.04781473520805855,2.7391055000480264
1957.0,0.2503030333949701,3.9999999999999996,0.015372560070850031,0.002118343619155581,0.015517827902793286,0.047822878196219235,2.7392590001691133
1958.0,0.25030062600733094,4.000000000000002,0.01536429630090317,0.0021176902460833236,0.015509552308184247,0.047831014573605585,2.739411200163886
1959.0,0.2502982211862351,4.000000000000001,0.015356043036102694,0.00211703744158416,0.015501287212864203,0.0478391443450372,2.739565100055188
1960.0,0.2502958189270609,4.0,0.015347800255508777,0.0021163852014476547,0.015493032595457286,0.04784726751530932,2.739714600145817
1961.0,0.25029341922519815,4.0,0.015339567938247057,0.002115733521557336,0.015484788434665114,0.04785538408919256,2.7398607002105564
1962.0,0.2502910220760488,3.999999999999999,0.015331346063508338,0.002115082397889311,0.01547655470926633,0.04786349407143342,2.740007600048557
1963.0,0.2502886274750262,3.9999999999999996,0.01532313461054817,0.0021144318265110106,0.01546833139811602,0.047871597466754345,2.740154300117865
1964.0,0.2502862354175558,3.999999999999999,0.015314933558686662,0.0021137818035793306,0.015460118480145293,0.04787969427985384,2.7402954001445323
1965.0,0.25028384589907415,4.000000000000001,0.015306742887308005,0.0021131323253397376,0.015451915934360695,0.04788778451540682,2.7404366000555456
1966.0,0.25028145891503006,4.0,0.015298562575860371,0.0021124833881241947,0.015443723739843838,0.04789586817806468,2.7405782002024353
1967.0,0.25027907446088327,4.0,0.015290392603855316,0.0021118349883506022,0.015435541875750755,0.04790394527245528,2.7407201000023633
1968.0,0.25027669253210544,4.000000000000001,0.015282232950867784,0.0021111871225204287,0.015427370321311572,0.047912015803183314,2.7408590000122786
1969.0,0.25027431312417947,4.0,0.015274083596535516,0.0021105397872183363,0.015419209055829906,0.04792007977483033,2.7410081999842077
1970.0,0.2502719362325998,4.000000000000001,0.015265944520558924,0.0021098929791101,0.015411058058682446,0.04792813719195542,2.7411478001158684
1971.0,0.2502695618528723,4.0,0.01525781570270075,0.00210924669494169,0.015402917309318517,0.0479361880590945,2.7412853999994695
1972.0,0.25026718998051406,4.0,0.015249697122785712,0.0021086009315377952,0.01539478678725954,0.04794423238076117,2.7414203002117574
1973.0,0.2502648206110535,3.9999999999999996,0.01524158876070024,0.0021079556858007243,0.015386666472098609,0.0479522701614466,2.741554900072515
1974.0,0.2502624537400302,4.000000000000001,0.015233490596392162,0.002107310954708919,0.015378556343500018,0.04796030140561973,2.7416885001584888
1975.0,0.2502600893629954,4.0,0.015225402609870507,0.002106666735315601,0.015370456381198867,0.047968326117727667,2.7418208001181483
1976.0,0.25025772747551084,4.000000000000001,0.01521732478120499,0.0021060230247481517,0.015362366565000488,0.04797634430219554,2.7419536001980305
1977.0,0.25025536807314996,4.0,0.015209257090525966,0.0021053798202061483,0.015354286874780139,0.04798435596342653,2.742086300160736
1978.0,0.250253011151497,4.000000000000002,0.015201199518023952,0.0021047371189607342,0.015346217290482458,0.047992361105802725,2.742219900013879
1979.0,0.2502506567061475,4.000000000000001,0.015193152043949514,0.002104094918352935,0.015338157792121124,0.04800035973368443,2.742352400207892
1980.0,0.25024830473270765,4.000000000000001,0.015185114648612764,0.0021034532157930253,0.015330108359778282,0.04800835185141106,2.7425563000142574
1981.0,0.25024595522679494,4.000000000000001,0.015177087312383243,0.0021028120087590745,0.015322068973604244,0.04801633746330094,2.742701900191605
1982.0,0.2502436081840375,4.000000000000001,0.015169070015689609,0.002102171294795757,0.015314039613817016,0.04802431657365137,2.742840100079775
1983.0,0.2502412636000747,4.0,0.015161062739019314,0.002101531071513398,0.015306020260701868,0.04803228918673902,2.742985300021246
1984.0,0.2502389214705566,4.000000000000002,0.015153065462918362,0.0021008913365868098,0.015298010894610933,0.04804025530681999,2.743120900122449
1985.0,0.250236581791144,4.0,0.015145078167990985,0.0021002520877542313,0.015290011495962754,0.0480482149381303,2.743256200104952
1986.0,0.25023424455750853,4.0,0.015137100834899431,0.0020996133228162826,0.015282022045241941,0.04805616808488539,2.74338940018788
1987.0,0.2502319097653326,3.9999999999999996,0.015129133444363651,0.002098975039634775,0.015274042522998701,0.048064114751280806,2.7435236000455916
1988.0,0.25022957741030916,4.000000000000002,0.015121175977161,0.00209833723613193,0.01526607290984845,0.048072054941492165,2.743912400212139
1989.0,0.2502272474881423,4.0,0.015113228414126104,0.0020976999102888015,0.015258113186471462,0.04807998865967531,2.7442947002127767
1990.0,0.2502249199945461,3.999999999999999,0.015105290736150375,0.002097063060145061,0.015250163333612374,0.048087915909966736,2.7444899000693113
1991.0,0.2502225949252455,3.9999999999999996,0.01509736292418191,0.0020964266837975136,0.015242223332079896,0.04809583669648333,2.744634300004691
1992.0,0.2502202722759762,4.0,0.01508944495922519,0.0020957907793990034,0.015234293162746356,0.04810375102332276,2.744904100196436
1993.0,0.2502179520424841,4.0,0.01508153682234078,0.0020951553451578216,0.015226372806547338,0.0481116588945638,2.7451518001034856
1994.0,0.25021563422052573,4.0,0.015073638494645146,0.002094520379336322,0.015218462244481312,0.0481195603142662,2.7453056001104414
1995.0,0.25021331880586806,3.999999999999999,0.015065749957310267,0.0020938858802504435,0.0152105614576092,0.048127455286470715,2.7454633000306785
1996.0,0.25021100579428823,4.000000000000001,0.015057871191563455,0.0020932518462686836,0.015202670427054053,0.048135343815199974,2.745609600096941
1997.0,0.25020869518157424,4.0,0.015050002178687226,0.002092618275810486,0.015194789134000717,0.048143225904457965,2.745756900170818
1998.0,0.2502063869635238,4.0,0.015042142900018745,0.0020919851673464746,0.015186917559695317,0.0481511015582303,2.7459040000103414
1999.0,0.25020408113594556,4.0,0.015034293336949847,0.0020913525193967694,0.015179055685445052,0.04815897078048443,2.746090700151399
2000.0,0.2502017776946578,4.0,0.015026453470926652,0.0020907203305303517,0.015171203492617736,0.04816683357517011,2.7462416000198573
