epsilon,p,sigma,sharing,mono,delta
.02,0.3619660112501051517954131656343618822796908201942371378645513772947395,0.0,0.1154710008190702502468303956458671949597265693956118430909140498290817,0.1154733089748969512404950976783253553659029962096476048927396502511553,-0.000002308155826700993664702032458160406176426814035761801825600422073562036
.02,0.3619660112501051517954131656343618822796908201942371378645513772947395,0.0000001,0.1154710008190779380625602053714575420439089614663653479727870695610315,0.1154733089749037610705513482040843324317311680190590033468406214368446,-0.000002308155825823007991142832626790387822206552693655374053551875813051379
.02,0.3619660112501051517954131656343618822796908201942371378645513772947395,0.0000001150381573360196065478824960634685054099208668330996685309621528092229,0.1154710008190804241312234667255518091658376151843750125083783800759658,0.1154733089749059632181703831297135022660429903805130269491573005626446,-0.00000230815582553908694691640416169310020537519613801444077892048667876821
.02,0.3619660112501051517954131656343618822796908201942371378645513772947395,0.0000001323377764326680161917624518399610100306535792788196358588095029383343,0.1154710008190837141392130161545941451863746990643202621183793451162382,0.1154733089749088774913631788913712921753683423354351471075885017150289,-0.000002308155825163352150162736777146988993643271114884989209156598790657295
.02,0.3619660112501051517954131656343618822796908201942371378645513772947395,0.0000001522389394676025074387325464644742258860748984375987209606922535077296,0.1154710008190880680626308429937104047763636727797326668019965996149889,0.1154733089749127341757056981225811498307465978934021587641372738209959,-0.000002308155824666113074855128870745054382925113669491962140674206006984851
.02,0.3619660112501051517954131656343618822796908201942371378645513772947395,0.0000001751328707114282220550127702893031118689657040670868145046253395137064,0.115471000819093829948069576254206380737558890518090545182195886529738,0.1154733089749178380260086149351721296191890123580328070214117761672671,-0.000002308155824008077939038680965748881630121839942261839215889637529170812
.02,0.3619660112501051517954131656343618822796908201942371378645513772947395,0.0000002014696273561005981305070692588969977789667749648439974545255299415009,0.1154710008191014550991397935291420511206088402373384301365171565553558,0.1154733089749245923480119470359401476794701537037124775846157249122108,-0.000002308155823137248872153506798096558861313466374047448098568356854980288
.02,0.3619660112501051517954131656343618822796908201942371378645513772947395,0.0000002317669469022034043107660572002944113453527107497344733649858751040462,0.1154710008191115460545157508590268567632300046609389531646621799079638,0.115473308974933530867564259175009642407487415621363976219827511922125,-0.000002308155821984813048508315982785644257410960425023055165332014161242048
.02,0.3619660112501051517954131656343618822796908201942371378645513772947395,0.000000266620425030245771799187443006293318139686636897740443742971557295308,0.1154710008191249002004811055645453424962595375550190394733196268668745,0.1154733089749453599055857883316561405634735607043793844025831751514122,-0.000002308155820459705104682767110798067214023149360344929263548284537622796
.02,0.3619660112501051517954131656343618822796908201942371378645513772947395,0.0000003067152240362583316111348383118932727453913725659353956431646166138717,0.1154710008191425727803132288307675082736830449580526396779799251432714,0.115473308974961014191476854882895991913249737206064669109277449171768,-0.000002308155818441411163626052128483639566692248012029431297524028496514801
.02,0.3619660112501051517954131656343618822796908201942371378645513772947395,0.0000003528395420003558854734894930573523293971884558152338069144487509204596,0.1154710008191659602795013488954340349215857216185371844896220816057652,0.1154733089749817307253415052277005762261813447092377792594746555899991,-0.000002308155815770445840156332266541304595623090700594769852573984233962576
.02,0.3619660112501051517954131656343618822796908201942371378645513772947395,0.0000004059001074700603848646794911781118397756989978065613510802175165616815,0.1154710008191969107758901152739975817372252424303140793122631234749355,0.1154733089750091465256119041602871719574381778346647017503223844441574,-0.000002308155812235749721788886289590220212935404350622438059260969221894011
.02,0.3619660112501051517954131656343618822796908201942371378645513772947395,0.0000004669400042584807376337633441239251282685753297531456293196321722018157,0.1154710008192378699746058819119510989074990887544094394117009143914451,0.115473308975045427986080971493153042929992072526720736429143403947347,-0.000002308155807558011475089581201944022492983772311297017442489555901878547
.02,0.3619660112501051517954131656343618822796908201942371378645513772947395,0.0000005371591767636877218978995074548269744086449587029818678949841274817396,0.1154710008192920744674309653945003047997523717598315604521112839617221,0.1154733089750934420641230326446671657790731767777923550841675557167347,-0.000002308155801367596692067250166860979320805017960794632056271755012569361
.02,0.3619660112501051517954131656343618822796908201942371378645513772947395,0.0000006179380189102787528038171547666794196681149631905884129399630703771566,0.1154710008193638074879622859492423669019594739683086109940091091004369,0.115473308975156982827378542276098296886499664680765188066533092216354,-0.000002308155793175339416256326855929984540190712456577072523983115917109555
.02,0.3619660112501051517954131656343618822796908201942371378645513772947395,0.0000007108645104330890606401954812973092672731528857049602402774071667610694,0.1154710008194587373723014247917061687263115968823819357394636298085312,0.1154733089752410712605992294796507706242506272739250554755422541659902,-0.000002308155782333888297804687944601897939030391543119736078624357458960704
.02,0.3619660112501051517954131656343618822796908201942371378645513772947395,0.0000008177654339579425045748902614641540411461507214940135918036228746425935,0.1154710008195843654704059446807181942806176914391666768030350367360939,0.1154733089753523520233605558526113896282084913019279035909850458450909,-0.000002308155767986552954611171893195347590799862761226787950009108996996017
.02,0.3619660112501051517954131656343618822796908201942371378645513772947395,0.0000009407422865561214060526567226529527390816562524671195103289028573007944,0.1154710008197506189020121170571626446029769210979748076315776495307279,0.1154733089754996185103962076313314305261504809911928784648704440040429,-0.000002308155748999608384090574168785923173559893218070833292794473314972486
.02,0.3619660112501051517954131656343618822796908201942371378645513772947395,0.000001082212591734899366120895181884581078419396523647601607447014357616984,0.1154710008199706349966427320832567326464302797307158113695084484839607,0.1154733089756945077047696925103664275067121952302696176234669112302015,-0.000002308155723872708126960427109694860281915499553806253958462746240833334
.02,0.3619660112501051517954131656343618822796908201942371378645513772947395,0.000001244957423990209049349410983988069921149399533782722026769934747073411,0.115471000820261799404070882695852341250123737354593753586617692974225,0.1154733089759524197311111027440454977261371834868473944466213175752568,-0.000002308155690620327040220048193156476013446132253640860003624601031750228
.02,0.3619660112501051517954131656343618822796908201942371378645513772947395,0.000001432176080176313388599336622020693094068920030773432855790807979648332,0.1154710008206471199066246512799676254374950940564301680934899991416741,0.1154733089762937347719237620622241377017851442130121885438940567852989,-0.000002308155646614865299110782256512264290050156582020450404057643624798768
.02,0.3619660112501051517954131656343618822796908201942371378645513772947395,0.000001647548972442065702470259373989329077137325084828135159141582385814328,0.1154710008211570444918434904027520017164040778378020923453888788965354,0.115473308976745423507565488746406750992168165036806841234787278705055,-0.000002308155588379015721998343654749275764087199004748889398399808519650099
.02,0.3619660112501051517954131656343618822796908201942371378645513772947395,0.000001895309979105877851734400042742375796020376021421923853446479953941769,0.1154710008218318673494056074178031789373171461541975271018856758926697,0.1154733089773431783367105818601152783060884703514866431760821544320591,-0.000002308155511310987304974442312099368771324197289116074196478539389408506
.02,0.3619660112501051517954131656343618822796908201942371378645513772947395,0.000002180329675769100093960771046082523537259877044289727920930052478195191,0.1154710008227249129139627035646620666471500608496910517532539870560214,0.1154733089781342337861200918608788279284788503707745921195338745036993,-0.000002308155409320872157388296216761281328789521083540366279887447677972822
.02,0.3619660112501051517954131656343618822796908201942371378645513772947395,0.000002508211082855183521543791569891843889713783933419622193292863087142852,0.1154710008239067495566281313834545256571497786572171632645186917016375,0.1154733089791810989782180864483238504782332110759375313099126882393432,-0.000002308155274349421589955064869324821083432418720368045393996537705667734
.02,0.3619660112501051517954131656343618822796908201942371378645513772947395,0.000002885399811814427114152046476880849284684637971454432016133751606610351,0.1154710008254707658905980548361776109508947334817493521617298063710236,0.1154733089805664970956881510848014448603886218368804582441668422906395,-0.00000230815509573120509009624862383390949388835513110608243703591961586419
.02,0.3619660112501051517954131656343618822796908201942371378645513772947395,0.000003319310775288294307220980395297543212377089296806637080385446849032067,0.115471000827540550330017582487516551376033743134797805210510358298069,0.1154733089823999021590880766416941294584045123580171686858215503598823,-0.000002308154859351829070494154177578082370769223219363475311192061813237628
.02,0.3619660112501051517954131656343618822796908201942371378645513772947395,0.000003818473952147600214988128387079151236627399612366220609468711038133944,0.1154710008302796570340947479644858009510801230705742145736943262368865,0.1154733089848261896529954854259133055163315005682172008327913111201121,-0.000002308154546532618900737461427504565251377497642986259096984883225573486
.02,0.3619660112501051517954131656343618822796908201942371378645513772947395,0.000004392702072906482357190125846707589675769931049633868688594273554977602,0.1154710008339045299403886087184529391950768600998785242717376229335299,0.1154733089880370845722964556771756169276105703060379356149216105305035,-0.000002308154132554631907846958722677732533710206159411343183987596973588309
.02,0.3619660112501051517954131656343618822796908201942371378645513772947395,0.000005053283521932753859442718286794587520296264809622156843848400954457737,0.1154710008387016061430881337579242133332114134496741208860584674377992,0.1154733089922863115120888698034593716536346401052665138338080669551322,-0.00000230815358470536900073604553515832042322665559239294774959951733306115
.02,0.3619660112501051517954131656343618822796908201942371378645513772947395,0.000005813204248596154227396692584408806454225573228351218899342925338207234,0.1154710008450499501235213515991507840591133350488988714522257660185624,0.1154733089979096439597880555787788985900355205682548149125743099774963,-0.000002308152859693836266703979628114530922185519355943460348543958933916292
.02,0.3619660112501051517954131656343618822796908201942371378645513772947395,0.000006687403049764220240032330732586479363880351916524775647699834531487693,0.1154710008534512073875238012166348107855453408279455959791193641701417,0.1154733090053514370824898821492728623504386468485749402111054882130735,-0.000002308151900229694966080932638051564893306020629344231986124042931758335
.02,0.3619660112501051517954131656343618822796908201942371378645513772947395,0.00000769306524208153722564299700931370302409642408380880071180246500064463,0.1154710008645692444430926447652594167767527124388067346837633115506688,0.1154733090151997406277926892171306497764698079355037652092341089894969,-0.000002308150630496184700044451871232999717095496697030525470797438828115297
.02,0.3619660112501051517954131656343618822796908201942371378645513772947395,0.000008849960497148396419562920615535973861042746722840559299737062100521274,0.1154710008792826074653925268342234522844916043353861263454809712565397,0.115473309028232766555986036134309121374809622277764740834203573784449,-0.00000230814895015909059350930008566909031801794237861448872260252790922775
.02,0.3619660112501051517954131656343618822796908201942371378645513772947395,0.00001018083148088515523828023868822665356054652235043727658843213259163477,0.1154710008987539449275705907185904861130864490203746352262932214151219,0.1154733090454803832712502031577398614582388400358264853799136000879121,-0.000002308146726438343679612439149375345152391015451850153620378672790219465
.02,0.3619660112501051517954131656343618822796908201942371378645513772947395,0.00001171184093709567975807980266378351044705140877441054928676309421380456,0.1154710009245218799667181311466303238782253940541687140844463178367741,0.1154733090683054957198599754037657951013431629807456648896725249831175,-0.000002308143783615753141844257135471223117768926576950805226207146343354608
.02,0.3619660112501051517954131656343618822796908201942371378645513772947395,0.000013473086004160481156659801000917893530109540753478052164397324119791,0.1154710009586225922301403288552608360730139914196911141061753347602913,0.1154733090985117420026062521377606804935445070134775752523336615467094,-0.000002308139889149772465923282499844420530515593786461146158326786418098953
.02,0.3619660112501051517954131656343618822796908201942371378645513772947395,0.00001549918987548337142599159011800827821007989206816293166101105585705467,0.1154710010037507165872554020505952944297637769182716787168895779255882,0.1154733091384860166769681130478912521147892530616687913067703433174821,-0.000002308134735300089712710997295957685025476143397112589880765391893910996
.02,0.3619660112501051517954131656343618822796908201942371378645513772947395,0.00001782998243476698216763380786729906266626343509769472708335805511781879,0.1154710010634722729072307480785543921485245008760897445350169870945137,0.1154733091913870829261057431891789827757700751394665474666900719936557,-0.000002308127914810018874995110624590627245574263376802931673084899141949382
.02,0.3619660112501051517954131656343618822796908201942371378645513772947395,0.00002051128324629190035502515638851456513814486276555312005549243496046837,0.1154710011425064525920696377287432622836725249248646890239804395079745,0.1154733092613951777093870959816986064239382322715202367557488474563294,-0.000002308118888725117317458252955344140265707346655547731768407948354896549
.02,0.3619660112501051517954131656343618822796908201942371378645513772947395,0.00002359580229250590627080918060301514313681848056799258323748507144780551,0.1154710012470985286087848508307227502212045630701219429268822784619527,0.1154733093540423336684562929625051385917134485952213819512568929165091,-0.000002308106943805059671442131782388370508885525099439024374614454556418039
.02,0.3619660112501051517954131656343618822796908201942371378645513772947395,0.00002714417616594906571518089469679489204805107769489096957284365442803309,0.1154710013855133563340716124988448868323983592815653143505506488252478,0.1154733094766495197927945502941565745963629179607963468103751624413621,-0.000002308091136163458722937795311687763964558679231032459824513616114312526
.02,0.3619660112501051517954131656343618822796908201942371378645513772947395,0.00003122616008535082071094911716600235267703977517181362393076511002561179,0.1154710015686884615988241917471020527635145751170508640686456176724673,0.1154733096389051436564064746767372064468255992418430573349795247739544,-0.000002308070216682057582282929635153683311024124792193266333907101487122265
.02,0.3619660112501051517954131656343618822796908201942371378645513772947395,0.0000359219991689832313890579183666319434287005953608068702445607751052869,0.1154710018110983228843967611330607098757645108997846980153688989592786,0.115473309853630628414463957605703767779094527147445688990977162075336,-0.000002308042532305530067196472643057903330016247660990975608263116057431413
.02,0.3619660112501051517954131656343618822796908201942371378645513772947395,0.00004132400592225858530076880295404237704276191080370859398296047582676066,0.1154710021318981431632384462019852766830949914902891438036591924332122,0.1154733101377935603775447064763103406554863067170043329496808504078476,-0.000002308005895417214306260274325063972391315226715189146021657974635438571
.02,0.3619660112501051517954131656343618822796908201942371378645513772947395,0.00004753837495039389141407429749839503986057989492385393533655677978445673,0.1154710025564374921202527491303277029471297705042965775675219169226044,0.1154733105138484659833610310928253310790421754693010381053922946077427,-0.000002307957410973863108281962497628131912404965004460537870377685138367051
.02,0.3619660112501051517954131656343618822796908201942371378645513772947395,0.00005468727057042105739090299509671975162454051949153400759372889873153535,0.115471003118263426611690652713336485431060929513663464695649829827825,0.1154733110115111662280669816117521776887483757409398246460174752073485,-0.000002307893247739616376328898415692257687446227276359950367645379523508657
.02,0.3619660112501051517954131656343618822796908201942371378645513772947395,0.0000629112283615757229649118638332184139134435590497426807374708326464304,0.1154710038617713757397176099510498764131244980188980968264915650299841,0.1154733116701069178666847267432870025853512250113089774768409800919783,-0.000002307808335542126967116792237126172226726992410880650349415061994237254
.02,0.3619660112501051517954131656343618822796908201942371378645513772947395,0.00007237191786461206987326697277802217253661273933088452890984001410393302,0.1154710048457132632158809715602034199914694163071137268994977464218602,0.1154733125416778912652481811297427132595916305854260277026018830829101,-0.000002307695964628049367209569539293268122214278312300803104136661049935261
.02,0.3619660112501051517954131656343618822796908201942371378645513772947395,0.00008325532074018731404158472183576467333840072935597309911404981983807242,0.115471006147840078491459939463494609686153329318040488893350739235309,0.1154733136950955374934675129203507847003185145228358485517258574878821,-0.000002307547255459002007573456856175014165185204795359658375118252573090345
.02,0.3619660112501051517954131656343618822796908201942371378645513772947395,0.00009577538686370444560259630327494074452872460159769726321219181293802465,0.1154710078710457521606756766642867609105361819418512994052864308637592,0.1154733152215028034939101093554598566703498034259948847043287355331228,-0.000002307350457051333234432691173095759813621484143585299042304669363571145
.02,0.3619660112501051517954131656343618822796908201942371378645513772947395,0.0001101782402294497742574263467192581406063738662559035912616573138529321,0.1154710101514978240560931830863113312032880674072477723655360954969006,0.1154733172415162386255760284453720172501660292439233189890068465177977,-0.000002307090018414569482845359060686046877961836675546623470751020897108504
.02,0.3619660112501051517954131656343618822796908201942371378645513772947395,0.0001267470173452120808667816250138719976408231230830642943563785966763176,0.1154710131693973886151964966737231477569619205040676231580932513116481,0.1154733199147571023199774341101744214946346247672673353546955649737518,-0.000002306745359713704780937436451273737672704263199712196602313662103658024
.02,0.3619660112501051517954131656343618822796908201942371378645513772947395,0.0001458074332322971345650532229405156643842174032291140354254285804911963,0.1154710171632185673238842040553194151002503983570237779447643232026687,0.1154733234524646200225979038538150268404403843870777320648000096665604,-0.000002306289246052698713699798495611740189986030053954120035686463891721533
.02,0.3619660112501051517954131656343618822796908201942371378645513772947395,0.0001677341844493817158321784946938368976595310536343057173035589659488135,0.1154710224485527099239338989548546861606211833664449608476067204474753,0.1154733281341880856415810627440733467108746309013409000080093446075855,-0.000002305685635375717647163789218660550253447534895939160402624160110188822
.02,0.3619660112501051517954131656343618822796908201942371378645513772947395,0.0001929583150131690704214273007344333399409714962979552332268109380990352,0.1154710294430463912774586239732172679377964179545153752453525876068097,0.1154733343298768187681880513118717468647378195595291859371095982658302,-0.000002304886830427490729427338654478926941401605013810691757010659020545251
.02,0.3619660112501051517954131656343618822796908201942371378645513772947395,0.0002219756900177817768155164910598433244938554861754265554779330615654744,0.1154710386994038019041769964431038512389651773063650548213476961491869,0.1154733425291135228772785352785002503613812498784736176062822954043263,-0.000002303829709720973101538835396399122416072572108562784934599255139346708
.02,0.3619660112501051517954131656343618822796908201942371378645513772947395,0.0002553567435303709685601210688651416831872177598183319312667139825157626,0.1154710509490613777880617325309614950627905831217486890442650736290727,0.115473353379801061546424286123222602655732108883048436370347669953502,-0.000002302430739683758362553592261107592941525761299747326082596324429345105
.02,0.3619660112501051517954131656343618822796908201942371378645513772947395,0.0002937576923906042223988506338058485856897297496749707884138023962363461,0.1154710671599858343286575585338439678178819513654044591625412817377064,0.1154733677393596778777662877161995670301957693649109325476586600490051,-0.000002300579373843549108729182355599212313817999506473385117378311298638872
.02,0.3619660112501051517954131656343618822796908201942371378645513772947395,0.0003379334363589637807868662248851369194781493321652061249996795018720562,0.1154710886131627992940538642743327268873806589596742290312774814938595,0.115473386742480256276254482752340954416056409798452952244805142680681,-0.000002298129317456982200618478008227528675750838778723213527661186821497875
.02,0.3619660112501051517954131656343618822796908201942371378645513772947395,0.0003887523982096424409618599912026120509488195687017840172125143888821122,0.1154711170038201688945936893013893103379975418459645779624420877725079,0.1154734118907874825475749987710262573962534009707216766081341546338217,-0.000002294886967313652981309469636947058255859124757098645692066861313795802
.02,0.3619660112501051517954131656343618822796908201942371378645513772947395,0.0004472135954999579392818347337462552470881236719223051448541794490821042,0.1154711545753848464413422025875508428011416394926686218587671036511648,0.115473445171498076251010277219641918802091224178729624316453436706293,-0.000002290596113229809668074632091076000949584686061002457686333055128189396
.02,0.3619660112501051517954131656343618822796908201942371378645513772947395,0.0005144662796193119131525991209884424164125625998838113381747473295393711,0.1154712042967581116684240879299894158736411668322877669483922498492201,0.115473489214450456949522860616328155249320304650775957898969436864722,-0.000002284917692345281098772686338739375679137818488190950577187015501867738
.02,0.3619660112501051517954131656343618822796908201942371378645513772947395,0.0005918325281892306095705315110528795502703189930338658685729360022829469,0.1154712700969179026570049346503667045040958644667906939051873687034818,0.1154735474999143128647560164145146622884187470539445819220171228307567,-0.000002277402996410207751081764147957784322882587153888016829754127274950764
.02,0.3619660112501051517954131656343618822796908201942371378645513772947395,0.0006808332349440696983736435220884697326890919959533941909991771758624565,0.1154713571753862591937872478867160292988671253490287276726450703977007,0.1154736246336011632493802135676222273995780872870755573641364623448345,-0.000002267458214904055592965680906198100710961938046829691491391947133816228
.02,0.3619660112501051517954131656343618822796908201942371378645513772947395,0.0007832180080108709191107819240421968067367625964373840899955649620171685,0.115471472413095033858776386230255373689981788236415488823700337256624,0.1154737267106072215856320331633910756888707002522210474110618881353834,-0.000002254297512187726855646933135701998888912015805558587361550878759417878
.02,0.3619660112501051517954131656343618822796908201942371378645513772947395,0.0009009995643395843339242955851804475402167795841780480632023233052509335,0.1154716249161164377709570350071951189082930654546372600567582602349027,0.1154738617970472882276473935245966985157842936634851263859607614314319,-0.000002236880930850456690358517401579607491228208847866329202501196529161614
.02,0.3619660112501051517954131656343618822796908201942371378645513772947395,0.001036493296421822230299242099938785860181589178827480388532285163997163,0.1154718267352238013059224619203358140745758148254548069772862392588392,0.1154740405674383344704287834191570437541373236361893621261590457938622,-0.000002213832214533164506321498821229679561508810734555148872806535023016149
.02,0.3619660112501051517954131656343618822796908201942371378645513772947395,0.001192362789115031936084328196976008434889238788115777838017441058038191,0.1154720938181277341749203611559239379142874702796495409020052143391667,0.1154742771481987650535617133822767666557976317998444753907447885188545,-0.00000218333007103087864135222635282874151016152019493448873957417968778861
.02,0.3619660112501051517954131656343618822796908201942371378645513772947395,0.00137167218135830210184051733317268939481811212208400583582865608421695,0.1154724472691571413098728124851598209419139844353683460024433865911407,0.1154745902339165863845865104092722901858313374939783608711519042370243,-0.000002142964759445074713697924112469243917353058610014868708517645883573059
.02,0.3619660112501051517954131656343618822796908201942371378645513772947395,0.001577946402125375771376518175275728689837849729163994491850272852974261,0.115472915009306251203506796360692029073270472867549110472855245204296,0.1154750045645938793914826020955309223358947996969823049995165279201149,-0.00000208955528762818797580573483889326262432682943319452666128271581884991
.02,0.3619660112501051517954131656343618822796908201942371378645513772947395,0.001815240464755050408674235467114269925385118708155115718271036657807451,0.1154735339238351118069436946134509472415318414914636738561237493915127,0.1154755528805992873701343340101560589984033381467992595765996931447248,-0.000002018956764175563190639396705111756871496655335585720475943753212059057
.02,0.3619660112501051517954131656343618822796908201942371378645513772947395,0.002088219181872008422127682631391229503956678727933362208714129259323468,0.1154743525160211080374960339226912118938139854269278185892897650163196,0.1154762785098086687167916514296071368922444588403756799666634855872153,-0.000001925993787560679295617506915924998430473413447861377373720570895670002
.02,0.3619660112501051517954131656343618822796908201942371378645513772947395,0.002402248867962862466484199787198330648824051823304646451936071716831193,0.1154754340036821103382874901623296121306086335637774498152201703108553,0.1154772387913695099398219338865887589772658912134761630020512393368032,-0.000001804787687399601534443724259146846657257649698713186831069025947892261
.02,0.3619660112501051517954131656343618822796908201942371378645513772947395,0.002763502832329867620317937877044318377513569860464624176123797931950699,0.1154768598833367985422798490050449846519402657271338756123998581768352,0.1154785096066346201324505565087372887353253478731234737320436248518433,-0.000001649723297821590170707503692304083385082145989598119643766675008105747
.02,0.3619660112501051517954131656343618822796908201942371378645513772947395,0.00317908273624099121508792336882414835280731583871121356299880829729039,0.1154787343116971140994702349179662641304890082299029835803690338774102,0.1154801913752990338765216059834923079871885452213036569710363485441646,-0.000001457063601919777051371065526043856699536991400673390667314666754396118
.02,0.3619660112501051517954131656343618822796908201942371378645513772947395,0.003657158199959148674517688711740621036321641008800269273283887179254859,0.1154811900027054236022787640645933274284425195645059577009307882287993,0.1154824169905542604039808183635714652677486021836125128046183628732931,-0.000001226987848836801702054298978137839306082619106555103687574644493801787
.02,0.3619660112501051517954131656343618822796908201942371378645513772947395,0.004207127404096147982391430900978011458324892701449911893446772868171787,0.1154843964973282131238966100528621695995231215550705731644661098400319,0.1154853623202949734395552191815303050615339016810902207677974032284241,-0.0000009658229667603156586091286681354620107801260196476033312933883921447464
.02,0.3619660112501051517954131656343618822796908201942371378645513772947395,0.004839801842450924097147805580154417537985183005922585345935680225969022,0.1154885716712206674689701218875381057874803731154951629567226670135706,0.1154892601041824431371359191211415393463154364642621501123205756917243,-0.0000006884329617756681657972336034335588350633487669871555979086781537015616
.02,0.3619660112501051517954131656343618822796908201942371378645513772947395,0.005567618858270269819528488138893773650588094036324175398047076852442038,0.1154939973836993454322403919528416938535409744178342096542841803924207,0.1154944183447092713418095005255300391114469920007252382392216804704171,-0.0000004209610099259095691085726883452579060175828910285849375000779963548428
.02,0.3619660112501051517954131656343618822796908201942371378645513772947395,0.006404886142046851460958267079655075486888170866192872441482105272782652,0.1155010403825253736081379413968846902300304498400802396820875343255634,0.1155012446455255245281730733250429983259702878826706930234225233522582,-0.0000002042630001509200351319281583080959398380425904533413349890266947667288
.02,0.3619660112501051517954131656343618822796908201942371378645513772947395,0.007368062997280773211559645667159614443834516234876365338512922989154472,0.1155101801200937307391736260072559649860299533633691542092590097427115,0.1155102784202383590618567255908506587424461809364885574618176461510436,-0.00000009830014462832268309958359469375641622757311940325255863640833212068851
.02,0.3619660112501051517954131656343618822796908201942371378645513772947395,0.008476083903428897911590899651497754391906707778828947273370132308966254,0.1155220464134959262829364846637262423243903149179081447902937390471442,0.1155222335168212609241308961371290648487397769753144549763577279284031,-0.0000001871033253346411944114734028225243494620574063101860639888812588480961
.02,0.3619660112501051517954131656343618822796908201942371378645513772947395,0.009750730736759567745875843650012528123767457367053805280284776343506997,0.115537472127221209742943779092385697279109659646197194728407217424062,0.1155380546258094511241461671295768724491255359541834893777905316292513,-0.0000005824985882413812023880371911751700158763079862946493833142051892562543
.02,0.3619660112501051517954131656343618822796908201942371378645513772947395,0.01121706096636509531322495769515718605471945017514407180084150019776587,0.1155575680506402997812068311610017404333314398370914451155831216377225,0.1155589919296514110158950675805719596632287947379910656525034082823083,-0.000001423879011111234688236419570219229897354900899620536920286644585817885
.02,0.3619660112501051517954131656343618822796908201942371378645513772947395,0.01290390024296431966504346799704357945249159336259552835369047334567835,0.1155838270905634527209286618198981620504676106268727456221354801406668,0.1155866998920008123086246194682150678784476532766761487335293342681906,-0.000002872801437359587695957648316905827980042649803403111393854127523740746
.02,0.3619660112501051517954131656343618822796908201942371378645513772947395,0.01484440906398431033599453923243622077543453996204889182620093805552357,0.115618263653188087769682261694916814297124719889053187047130876400246,0.1156233679932688108197624731601753856888703874855092428949141904309161,-0.000005104340080723050080211465258571391745667596456055847783314030670061339
.02,0.3619660112501051517954131656343618822796908201942371378645513772947395,0.01707673465462862631084691195209170257793715025119755123003121074592219,0.1156635947419384907748528673160177058035975029554252789557354681102309,0.1156718937431469589954468566813339254530743881284486381101187867358182,-0.000008299001208468220593989365316219649476885173023359154383318625587323459
.02,0.3619660112501051517954131656343618822796908201942371378645513772947395,0.01964476087984626350012438956593379202065741511499031457436862504312131,0.1157234733873720134506425708220496216934305379119408528561759690799378,0.1157361116415329784004721029095595068478308028240912440983266160059938,-0.00001263825416096494982953208750988515440026491215039124215064692605591094
.02,0.3619660112501051517954131656343618822796908201942371378645513772947395,0.02259897092924237417963854473719182305914290028724348270418296543089867,0.1158027915452348331215336898884590110394296720777836344242486492158308,0.1158210961803288266829977780040799882438153743884689732268191895943142,-0.00001830463509399356146408811562097720438570231068533880257054037848346618
.02,0.3619660112501051517954131656343618822796908201942371378645513772947395,0.02599743973390317451961062164254387968386053472537806773952320658236706,0.1159080771543878501575765320464183782220792765213114017350234253132724,0.1159335628292828103985041685428080058530751404100442980872664712587188,-0.00002548567489496024092763649638962763099586388873289635224304594544646306
.02,0.3619660112501051517954131656343618822796908201942371378645513772947395,0.02990697562442441083823797988281826790726919515229412691033187000095843,0.1160480184325633944341893380623486314993443384674855477581509461087773,0.1160823986917368469299140478180160683786815429160149216519780152848789,-0.0000343802591734524957247097556674368793372044485293738938270691761016114
.02,0.3619660112501051517954131656343618822796908201942371378645513772947395,0.03440443367327038590997925294588301058041444538921748447335399088155864,0.1162341585749867157064112220460482314431019532488758371901141344918011,0.1162793647626429030712712035665366916004201194159774940675064840221253,-0.00004520618765618736485998152048846015731816616710165687739234953032414678
.02,0.3619660112501051517954131656343618822796908201942371378645513772947395,0.03957822653962329624157815968631807817792216172011484802237974696181863,0.1164818171078565913526306036751440140852036643166535693308736728125943,0.1165400252812067700096147729985034878872653389284768833634055246593893,-0.00005820817335017865698416932335947380206167461182331403253185184679500765
.02,0.3619660112501051517954131656343618822796908201942371378645513772947395,0.04553006251745811583603359199576329195200183708251347303001699522277621,0.1168113116358346826504853682083177776277577162413596471704711597397658,0.116884977615512053350083387800172072242426573819391083889474788082348,-0.00007366597967737069959801959185429461466885757803143671900362834258220409
.02,0.3619660112501051517954131656343618822796908201942371378645513772947395,0.05237694495402155663686587115999650198498895658397177060098813232475998,0.1172495771497547543476911856911356825090657000247350545753782993358677,0.1173414798644842487950039064730341587013249574095862623873788942569439,-0.00009190271472949444731272078189847619225925738485120781200059492107618798
.02,0.3619660112501051517954131656343618822796908201942371378645513772947395,0.06025347234400770049406590988660026919009642512637401081625970226981593,0.1178323113035647281228197667451372670273542819220037762166504451094091,0.1179456047901391743296838041808781855819795956168394851186507334830625,-0.0001132934865744462068640374357409185546253136948357089020002883736533508
.02,0.3619660112501051517954131656343618822796908201942371378645513772947395,0.06931448431551463928822518515190713766800936500564289614910879705463749,0.1186068155682553373640184897138130928375425895399818285106696579037292,0.1187450902836264115478864156133030805029434199378676404882816765982554,-0.0001382747153710741838679258994899876654008303978858119776120186945261624
.02,0.3619660112501051517954131656343618822796908201942371378645513772947395,0.07973810552353236358005818561857008127031555563813709437703233677326446,0.11963575716768150690979767030826898195736397384316130815563299975537,0.1198031116086091641507121702265226969343204485971719545850747183366887,-0.0001673544409276572409144999182537149769564747540106464294417185813187202
.02,0.3619660112501051517954131656343618822796908201942371378645513772947395,0.09172924728892250080994696450349264590123034654193442821899255039618238,0.1210021495143867743426065417171006918499150040676698929360473637986045,0.1212032735042747912065625626960665815357072362625964727045632205655227,-0.0002011239898880168639560209789658896857922321949265797685158567669181552
.02,0.3619660112501051517954131656343618822796908201942371378645513772947395,0.1055236358193771659196446191759728506301143888797283956765611691240845,0.1228159452292000368444797684321155946225188983602913824269079216097914,0.1230562166234561751461682116808473547490572926398881780252092905247133,-0.0002402713942561383016884432487317601265383942795967955983013689149219159
.02,0.3619660112501051517954131656343618822796908201942371378645513772947395,0.1213924462005834464480828252909918229439277833695081418506254523727685,0.1252227633525042083274552819226310959747764507781073034424099037888474,0.1255083603459429393696434167084617513476681499704907125269865949393382,-0.0002855969934387310421881347858306553728916991923834090845766911504907432
.02,0.3619660112501051517954131656343618822796908201942371378645513772947395,0.1396476332542701401430068747806155084784888521726532656790212353704625,0.1284154411112936665125930731174225719193225402959589377959435714222553,0.1287534728232096212571608424227898229388958135549271974455980500400985,-0.0003380317119159547445677693053672510195732732589682596496544786178432021
.02,0.3619660112501051517954131656343618822796908201942371378645513772947395,0.1606480640590749208362607149821509474655868433118038183537321800530814,0.1326493239226687501997088770464883214350720637013427666874212876927261,0.13304798251397530769354276766036695216283654601716231347527469120367,-0.000398658591306557493833890613878630727764482315819546787853403510943901
.02,0.3619660112501051517954131656343618822796908201942371378645513772947395,0.1848065726895481729573370937138040045542522819174246679958852175633956,0.1382625018899159253909353646809713271581590339168598685204216155778521,0.1387312404059193866675794350940458592903560754246074876924489070726121,-0.000468738516003461276644070413074532132197041507747619172027291494760058
.02,0.3619660112501051517954131656343618822796908201942371378645513772947395,0.2125980758579078682233392261780104625267935795010930983351177430776754,0.1457025503741024628667620474701312239569115337915181911008075211280916,0.1462522990376119078116770852257585838419057589677960702376098437261999,-0.0005497486635094449449150377556273598849942251762778791368023225981082126
.02,0.3619660112501051517954131656343618822796908201942371378645513772947395,0.2445689089987703683882288728935203062844843104708160467971650339703306,0.1555611788898698047354417972050651008544959037472146880451572337838384,0.1562046988027663093295428994507412271158771435100132578297035105916518,-0.0006435199128965045941011022456761262613812397627985697845462768078134197
.02,0.3619660112501051517954131656343618822796908201942371378645513772947395,0.2813475663289920702120460802391094767181659923996043538606785352403512,0.1686144549170540463890046817420235482961694754576770886755649031845912,0.1693672875866636497723469710261074848556811349114502442668864040791449,-0.0007528326696096033833422892840839365595116594537731555913215008945536662
.02,0.3619660112501051517954131656343618822796908201942371378645513772947395,0.3236570560146080196588056898126777598628493517602741141064225129799269,0.1858555567050411680720944274914369566284795579754906840939489245925872,0.1867384428873564549629238967942824225587989189378546445558880057061178,-0.0008828861823152868908294693028454659303193609623639604619390811135305834
.02,0.3619660112501051517954131656343618822796908201942371378645513772947395,0.3723291133272138827744332810519355093383069670970777800526381446524379,0.208503192707747310707542336408786376794732096856758306120385463619936,0.2095460887470119238294900419588905623203281075027315428649894928584289,-0.001042896039264613121947705550104185525596010645973236744604029238492938
.02,0.3619660112501051517954131656343618822796908201942371378645513772947395,0.4283205511971670518571721330608491941328098322580807784328310013297942,0.2379975652311431842357475544489033309267326676798529675782652039103131,0.2392434437804891583412838784775041135951144125302692109866804464512403,-0.001245878549345974105536324028600782668381744850416243408415242540927182
.02,0.3619660112501051517954131656343618822796908201942371378645513772947395,0.4927320695887034435641674320549194629456636498120116166174798343778029,0.276037547962923339404276151546688598879123103091701783243490333382859,0.2775435738862147029286542264153920745264190216670440041788940024486275,-0.001506025923291363524378074868703475647295918575342220935403669065768455
.02,0.3619660112501051517954131656343618822796908201942371378645513772947395,0.5668298934584782832389532195707293812588806408679847802841355678643052,0.3247133544850780284430712089843784826819818961709272365409347743192994,0.326548893659555610546871713572362896406360290864937865151261086965102,-0.001835539174477582103800504587984413724378394694010628610326312645802619
.02,0.3619660112501051517954131656343618822796908201942371378645513772947395,0.652070664664356555078291959535635042005868964828678361903705579820767,0.3867474109418134743413734525241919022891898845085710235318977058589182,0.3889904817920082831311230803674069010103866720989658746336306846967986,-0.002243070850194808789749627843214998721196787590394851101732978837880413
.02,0.3619660112501051517954131656343618822796908201942371378645513772947395,0.7501300771586112986900901297989561659126126231252708811413900669876405,0.4658226497405880023581937721121844046581419428050077568491952031081461,0.4685569074320219208727910428245526626531626589610667303056061081937961,-0.002734257691433918514597270712368257995020716156058973456410905085649953
.02,0.3619660112501051517954131656343618822796908201942371378645513772947395,0.8629358183865285386725378983489728045032107855011590912621014865884184,0.566979744115376940310568825438967644536052560282582823741422335016142,0.5702931939674049063057813756842862279357488745464542434641932397570836,-0.003313449852027965995212550245318583399696314263871419722770904740941581
.02,0.3619660112501051517954131656343618822796908201942371378645513772947395,0.9927054644643631088710829173140431709728302920620578680070009353162013,0.6970901124544710894916838364838283929074059087419257988447815765410912,0.7010756792353780603530163255961717769812706646374083619432971343527655,-0.003985566780906970861332489112343384073864755895482563098515557811674298
.02,0.3619660112501051517954131656343618822796908201942371378645513772947395,1.141990074093778238105679700123673985567687462112379421847645333920424,0.8654385673371202776547372601913139368427770347845675836199870884030895,0.8701960626071162988615068587729203038122337318516662725345992130337618,-0.004757495269996021206769598581606366969456697067098688914612124630672355
.02,0.3619660112501051517954131656343618822796908201942371378645513772947395,1.313724338197727490569631068283893689258254498380283101724207831693973,1.084469591235929065807867551620263196260795257553932648631847259529592,1.090108522629787394363916798008092841839112123479950559439471469693814,-0.005638931393858328556049246387829645578316865926017910807624210164221735
.02,0.3619660112501051517954131656343618822796908201942371378645513772947395,1.511284271137484073369429492929956292534664573492071981889536628316491,1.370766716362683724096658932556297429284111535603422512901282435840268,1.377409530043870537434561026844070262664793039412111942839026367549905,-0.006642813681186813337902094287772833380681503808689429937743931709636899
.02,0.3619660112501051517954131656343618822796908201942371378645513772947395,1.738553577625656075868927179052419798593522528988912573363431210908378,1.746350968185492298725117435713134620706337933731321489272758543247993,1.754136511754218108191469047362101662854314128634446042986083015011315,-0.007785543568725809466351611648967042147976194903124553713324471763321801
.02,0.3619660112501051517954131656343618822796908201942371378645513772947395,2.0,2.240406512737951619277846531644028523143161542909445328387209626793021,2.249493660777719531871249458812008927028901373290271605748959886952654,-0.009087148039767912593402927167980403885739830380826277361750260159633324
.01,0.3719660112501051517954131656343618822796908201942371378645513772947395,0.0,0.1168033608142678007892375663849764392355305525406133780359541230152852,0.1168036488623958997225409660219817365431060880077052335140941364782079,-0.000000288048128098933303399637005297307575535467091855478140013462922690056
.01,0.3719660112501051517954131656343618822796908201942371378645513772947395,0.0000001,0.1168033608142754640474957259074174128230494173391668128622921155537393,0.1168036488624027595525972165477407136089342598171166319681951076638972,-0.0000002880481272955051014906403233007858848424779498191059029921101578797375
.01,0.3719660112501051517954131656343618822796908201942371378645513772947395,0.0000001150381573360196065478824960634685054099208668330996685309621528092229,0.1168033608142779421748187075029882748097875419768569699811035169932577,0.1168036488624049778691044678073779793244720021590756708973014261995151,-0.0000002880481270356942857603043897045146844601822187009161979092062574142584
.01,0.3719660112501051517954131656343618822796908201942371378645513772947395,0.0000001323377764326680161917624518399610100306535792788196358588095029383343,0.1168033608142812216734151117477831185663820489958397628631364249463054,0.1168036488624079135398444029491387008589565787850487102117950214854887,-0.0000002880481266918664292912013555822925745297892089473486585965391833669235
.01,0.3719660112501051517954131656343618822796908201942371378645513772947395,0.0000001522389394676025074387325464644742258860748984375987209606922535077296,0.1168033608142855616889357336828323094967442285621037419811486116527404,0.1168036488624117985412250175679396863909782898386654600618471349152851,-0.0000002880481262368522892838851073768942340612765617180806985232625447473927
.01,0.3719660112501051517954131656343618822796908201942371378645513772947395,0.0000001751328707114282220550127702893031118689657040670868145046253395137064,0.1168033608142913051689725574321000627973899682389703818964933924919718,0.1168036488624169398656665014079943163638112601027268083384525453620176,-0.0000002880481256346966939439758942535664212918637564264419591528700457975748
.01,0.3719660112501051517954131656343618822796908201942371378645513772947395,0.0000002014696273561005981305070692588969977789667749648439974545255299415009,0.1168033608142989059627431441640565190241442884168378686952400684813192,0.116803648862423743780111550409788961196418834557689994055469114419939,-0.0000002880481248378173684062457324421722745461408521253602290459386198093807
.01,0.3719660112501051517954131656343618822796908201942371378645513772947395,0.0000002317669469022034043107660572002944113453527107497344733649858751040462,0.1168033608143089646842103713909007991562534860027595912848398725928237,0.1168036488624327479291985093625269725344442348329088091636613496401116,-0.0000002880481237832449881379716261733781907488301492178788214770472879146217
.01,0.3719660112501051517954131656343618822796908201942371378645513772947395,0.000000266620425030245771799187443006293318139686636897740443742971557295308,0.1168033608143222761725376553423995014498049336668613457357275070555379,0.1168036488624446638198868732198428418384173011570706496003805138585849,-0.0000002880481223876473492178774433403886123674902093038646530068030470449461
.01,0.3719660112501051517954131656343618822796908201942371378645513772947395,0.0000003067152240362583316111348383118932727453913725659353956431646166138717,0.1168033608143398923002000770774890602299805383195206320840720956827308,0.1168036488624604330446660012872553994188141554804918385587581689585757,-0.0000002880481205407444659242097663391888336171609712064746860732758449345632
.01,0.3719660112501051517954131656343618822796908201942371378645513772947395,0.0000003528395420003558854734894930573523293971884558152338069144487509204596,0.116803360814363205091842066139534002344967149737748078393734645014844,0.1168036488624813016860993686758816321088764305422559825805960331780651,-0.0000002880481180965942573025363476297639092808045079041868613881632211046271
.01,0.3719660112501051517954131656343618822796908201942371378645513772947395,0.0000004059001074700603848646794911781118397756989978065613510802175165616815,0.1168033608143940567219254553395238519389596737943250345863501601968134,0.1168036488625089187821439935367947882643282642972608990342192847387896,-0.0000002880481148620602185381972709363253685905029358644478691245419761373499
.01,0.3719660112501051517954131656343618822796908201942371378645513772947395,0.0000004669400042584807376337633441239251282685753297531456293196321722018157,0.1168033608144348850831710446880592321568292663142046533920717364031413,0.1168036488625454666329647243868564044927182055865469949890200350383601,-0.0000002880481105815497936796987971723358889392723423415969482986352188296714
.01,0.3719660112501051517954131656343618822796908201942371378645513772947395,0.0000005371591767636877218978995074548269744086449587029818678949841274817396,0.1168033608144889164285973547906487406986878128616323361543377134701315,0.1168036488625938332460748082018806229795147090004923260245077691597954,-0.0000002880481049168174774534112318822808268961388599898701700556896638564794
.01,0.3719660112501051517954131656343618822796908201942371378645513772947395,0.0000006179380189102787528038171547666794196681149631905884129399630703771566,0.1168033608145604203097111876496567492079466445469950613369185775367307,0.1168036488626578405464004844198621721278962960544411303876937615537113,-0.0000002880480974202366892967702054229199496515074460690507751840169806279832
.01,0.3719660112501051517954131656343618822796908201942371378645513772947395,0.0000007108645104330890606401954812973092672731528857049602402774071667610694,0.1168033608146550469560402925075405002592011808936007723691398014204393,0.1168036488627425463844060642002368731605971163657428322293015514714647,-0.0000002880480874994283657716926963729013959354721420598601617500510254185363
.01,0.3719660112501051517954131656343618822796908201942371378645513772947395,0.0000008177654339579425045748902614641540411461507214940135918036228746425935,0.1168033608147802737557050347506327502620679195897545986479405913051894,0.1168036488628546442069313063063877869707778763396674723882977944599673,-0.0000002880480743704512262715557550367087099567499128737403572031547779624537
.01,0.3719660112501051517954131656343618822796908201942371378645513772947395,0.0000009407422865561214060526567226529527390816562524671195103289028573007944,0.1168033608149459961178791464011234204403206587606185401765948517264447,0.1168036488630029919726906501731975931636613407761810284595863505107454,-0.000000288048056995854811503772074172723340682015562488282991498784300726904
.01,0.3719660112501051517954131656343618822796908201942371378645513772947395,0.000001082212591734899366120895181884581078419396523647601607447014357616984,0.1168033608151653094070320586639445230504705829793922990915925672813987,0.1168036488631993121072841086939018485852471787835507719492086027318975,-0.0000002880480340027002520500299573255347765958041584728576160354504988111214
.01,0.3719660112501051517954131656343618822796908201942371378645513772947395,0.000001244957423990209049349410983988069921149399533782722026769934747073411,0.1168033608154555437373183704492160543376802010606283156247881290631802,0.1168036488634591178080947127734148746983992794240100630140098852681399,-0.0000002880480035740707763423241988203607190783633817473892217562049596806547
.01,0.3719660112501051517954131656343618822796908201942371378645513772947395,0.000001432176080176313388599336622020693094068920030773432855790807979648332,0.1168033608158396333964635210174275271930644187296862025045020426624603,0.1168036488638029388955927763560580314571824932936388895966313195723793,-0.0000002880479633054991292553386305042641180745639526870921292769099189154692
.01,0.3719660112501051517954131656343618822796908201942371378645513772947395,0.000001647548972442065702470259373989329077137325084828135159141582385814328,0.1168033608163479291108840269998709786180573846933075424371675305807088,0.1168036488642579440776943316229207226167196542808884953949892104168941,-0.0000002880479100149668103046230497439986622695875809529578216798361852318988
.01,0.3719660112501051517954131656343618822796908201942371378645513772947395,0.000001895309979105877851734400042742375796020376021421923853446479953941769,0.1168033608170205963570506688889545421475029821437659874084067758817747,0.116803648864860087818340941819466188442474878121258622095117044094234,-0.0000002880478394914612902729305116462949718959774926346867102682124593416882
.01,0.3719660112501051517954131656343618822796908201942371378645513772947395,0.000002180329675769100093960771046082523537259877044289727920930052478195191,0.1168033608179107892334184640484130856232146644705132885201964782718385,0.1168036488656569514556411571502422462544311396887625106883502876984202,-0.0000002880477461622222226931018291606312164752182492221681538094265817352986
.01,0.3719660112501051517954131656343618822796908201942371378645513772947395,0.000002508211082855183521543791569891843889713783933419622193292863087142852,0.1168033608190888506919656136011371035661654782807718185680586402548681,0.1168036488667115030744447426534626875873529120809518817107920458067645,-0.0000002880476226523824791290523255840211874338001800631427334055518963507568
.01,0.3719660112501051517954131656343618822796908201942371378645513772947395,0.000002885399811814427114152046476880849284684637971454432016133751606610351,0.1168033608206478710312171683728217102611230363393517158378931227200719,0.1168036488681070732381041130854786183985095959716072872301993150672491,-0.0000002880474592022068869447126569081373865596322555713923061923471772383741
.01,0.3719660112501051517954131656343618822796908201942371378645513772947395,0.000003319310775288294307220980395297543212377089296806637080385446849032067,0.1168033608227110438823157133769567834026105498564117047865538763237699,0.1168036488699539397612486698724792238089672332263779842403039883825657,-0.0000002880472428958789329564955224404063566833699662794537501120587957444123
.01,0.3719660112501051517954131656343618822796908201942371378645513772947395,0.000003818473952147600214988128387079151236627399612366220609468711038133944,0.1168033608254414009574220084492433469532497953280442110134198069357453,0.1168036488723980418516575023368522133050048501984669381557603543648774,-0.0000002880469566408942354938876088663517550548704227271423405474291321280935
.01,0.3719660112501051517954131656343618822796908201942371378645513772947395,0.000004392702072906482357190125846707589675769931049633868688594273554977602,0.1168033608290546947992897107757188139545701240689285421883473632391572,0.1168036488756325122118489085560427117551808787740660499844250743741696,-0.000000288046577817412559197780323897800610754705137507796077711135012309629
.01,0.3719660112501051517954131656343618822796908201942371378645513772947395,0.000005053283521932753859442718286794587520296264809622156843848400954457737,0.1168033608338364475255959516816648120338264131700117656186616961334885,0.1168036488799129383658999236313958133652703027449177513350717191478182,-0.0000002880460764908403039719497310013314438895749059857164100230143296894568
.01,0.3719660112501051517954131656343618822796908201942371378645513772947395,0.000005813204248596154227396692584408806454225573228351218899342925338207234,0.1168033608401645127580981125059007265337429072516888548470189523700461,0.1168036488855775591600134058128287128796811808260515182000113992670487,-0.0000002880454130464019152933069279863459382735743626633529924468970026697048
.01,0.3719660112501051517954131656343618822796908201942371378645513772947395,0.000006687403049764220240032330732586479363880351916524775647699834531487693,0.1168033608485389335780002155974255442154229686696373233245532343026744,0.1168036488930739923622857294625701608945148662701766306684211270125532,-0.0000002880445350587842855138651446166790918976005393073438678927098788451185
.01,0.3719660112501051517954131656343618822796908201942371378645513772947395,0.00000769306524208153722564299700931370302409642408380880071180246500064463,0.1168033608596214558801730646349970897034286525884485180620570843962366,0.116803648902994605373933172865572296709199339508696553327105528150836,-0.000000288043373149493760108230575207005770686920248035265048443754599458723
.01,0.3719660112501051517954131656343618822796908201942371378645513772947395,0.000008849960497148396419562920615535973861042746722840559299737062100521274,0.1168033608742878194675231421159775847249767697208652203835804293599446,0.1168036489161233240420373399375208935140338124791907507537767520564994,-0.000000288041835504574514197821543308789057042758325530370196322696554755712
.01,0.3719660112501051517954131656343618822796908201942371378645513772947395,0.00001018083148088515523828023868822665356054652235043727658843213259163477,0.1168033608936969589225527163694425804525711241114924346904564951915254,0.1168036489334975784015069826165458636854113247639749085906818265092309,-0.0000002880398006194789542662471032832328402006524824739002253313177055035304
.01,0.3719660112501051517954131656343618822796908201942371378645513772947395,0.00001171184093709567975807980266378351044705140877441054928676309421380456,0.1168033609193825825020545137187158715726802774507080321074346612830069,0.1168036489564902802925849947983424349451325994762123495720690141280844,-0.0000002880371076977905304810796265633724523220255043174646343528450774712838
.01,0.3719660112501051517954131656343618822796908201942371378645513772947395,0.000013473086004160481156659801000917893530109540753478052164397324119791,0.1168033609533743656100322621986850880249153622966106470719564914612945,0.1168036489869183107170296456857541794043047337742277632277657056328975,-0.0000002880335439451069973834870690913793893714776171161558092141716030274878
.01,0.3719660112501051517954131656343618822796908201942371378645513772947395,0.00001549918987548337142599159011800827821007989206816293166101105585705467,0.1168033609983583355449452667534440933441621738490255225057300735128738,0.1168036490271860895929954126247897331855915101841384458397771527705028,-0.0000002880288277540480501458713456398414293363351129233340470792576289361949
.01,0.3719660112501051517954131656343618822796908201942371378645513772947395,0.00001782998243476698216763380786729906266626343509769472708335805511781879,0.1168033610578891211079490348376778149585806165736504069447153788212372,0.1168036490804755727762721071403793256373852411139278340074001650022077,-0.0000002880225864516683230723027015106788046245402774270626847861809705105287
.01,0.3719660112501051517954131656343618822796908201942371378645513772947395,0.00002051128324629190035502515638851456513814486276555312005549243496046837,0.1168033611366708390149279692353710561556340937161915118511417081287482,0.1168036491509976898934810383165507030516303297987403117278282896301054,-0.0000002880143268508785530690811796468959962360825487998766865815013571696381
.01,0.3719660112501051517954131656343618822796908201942371378645513772947395,0.00002359580229250590627080918060301514313681848056799258323748507144780551,0.1168033612409288127284809357956935217146357574563438709725241701661342,0.1168036492443250915796372962159257638383634272185730575907734668425852,-0.0000002880033962788511563604202322421237276697622291866182492966764509965524
.01,0.3719660112501051517954131656343618822796908201942371378645513772947395,0.00002714417616594906571518089469679489204805107769489096957284365442803309,0.1168033613789014968947524489118067612212463988906132888481976459266365,0.1168036493678324997734808052435927786071458169807712335491678313376712,-0.000000287988931002878728356331786017385899418090157944700970185411034717366
.01,0.3719660112501051517954131656343618822796908201942371378645513772947395,0.00003122616008535082071094911716600235267703977517181362393076511002561179,0.116803361561491479204863986959952219025163144786303460501325380736599,0.1168036495312794575068321268933315094490349551017844146398609136411494,-0.0000002879697879783019681399333792904238718103154809541385355329045504176445
.01,0.3719660112501051517954131656343618822796908201942371378645513772947395,0.0000359219991689832313890579183666319434287005953608068702445607751052869,0.1168033618031270017828674737583113130799020500922807303046123432852047,0.1168036497475815270179919857818818829548194086717491142936294124792339,-0.0000002879444545252351245120235705698749173585794683839890170691940292215545
.01,0.3719660112501051517954131656343618822796908201942371378645513772947395,0.00004132400592225858530076880295404237704276191080370859398296047582676066,0.1168033621229020794340547753425592839988560019722107083620072030091874,0.1168036500338308761869048879753901778087352498040305366966341122499158,-0.0000002879109287967528501126328308938098792478318198283346269092407284290357
.01,0.3719660112501051517954131656343618822796908201942371378645513772947395,0.00004753837495039389141407429749839503986057989492385393533655677978445673,0.1168033625460853067834735726026258425236846608334506445054016322814193,0.1168036504126468999300280865263009846248411787969301168703685221868868,-0.000000287866561593146554513923675142101156517963479472364966889905467562385
.01,0.3719660112501051517954131656343618822796908201942371378645513772947395,0.00005468727057042105739090299509671975162454051949153400759372889873153535,0.1168033631061165800936966324515530923720955854350171692600149176097815,0.116803650913963602522325055374527548807360601492632050843519024889567,-0.0000002878078470224286284229229744564352650160576148815835041072797855239051
.01,0.3719660112501051517954131656343618822796908201942371378645513772947395,0.0000629112283615757229649118638332184139134435590497426807374708326464304,0.1168033638472495145200036107795817136725290165138291929081060576154928,0.1168036515773949796185422432077324636057133558983276869582528903302208,-0.0000002877301454650985386324281507499331843393844984940501468327147280505274
.01,0.3719660112501051517954131656343618822796908201942371378645513772947395,0.00007237191786461206987326697277802217253661273933088452890984001410393302,0.1168033648280483603499617895577948473957530373596566345416272148454992,0.1168036524553653122243048277918320300167929733759781346159422546104568,-0.0000002876273169518743430382340371826210399360163215000743150397649575753912
.01,0.3719660112501051517954131656343618822796908201942371378645513772947395,0.00008325532074018731404158472183576467333840072935597309911404981983807242,0.1168033661260157441986000941671687812359684956788742738730760383306562,0.1168036536172517281332707009081197584534751751548981596759017917894891,-0.0000002874912359839346706067409509772175066794760238858028257534588328917725
.01,0.3719660112501051517954131656343618822796908201942371378645513772947395,0.00009577538686370444560259630327494074452872460159769726321219181293802465,0.1168033678437169188051609632853416077243826666816007789512355389818993,0.1168036551548663756204172281040897200992992181746676865966504358696716,-0.000000287311149456815256264818748112374916551493066907645414896887772330633
.01,0.3719660112501051517954131656343618822796908201942371378645513772947395,0.0001101782402294497742574263467192581406063738662559035912616573138529321,0.116803370116884459037303963835410944090794807035569391005724006946795,0.1168036571897114102079136200130698110728650325139448392951154036701631,-0.0000002870728269511706096561776588669820702254783754482893913967233680337455
.01,0.3719660112501051517954131656343618822796908201942371378645513772947395,0.0001267470173452120808667816250138719976408231230830642943563785966763176,0.1168033731251438363696961489405371946382074671575602257551417354173497,0.1168036598825800828315607628719611601629131902981183856319519603776705,-0.0000002867574362464618646139314239655247057231405581598768102249603208437767
.01,0.3719660112501051517954131656343618822796908201942371378645513772947395,0.0001458074332322971345650532229405156643842174032291140354254285804911963,0.116803377106207405658608264113191468916377990917179932276315477262244,0.1168036634462626064335977063091410211066487074485321504367010450611719,-0.0000002863400552007749894421959495521902707165313522181603855677989279479562
.01,0.3719660112501051517954131656343618822796908201942371378645513772947395,0.0001677341844493817158321784946938368976595310536343057173035589659488135,0.1168033823746584116265623405025471621420900484593301802725747706861086,0.1168036681623608172881229661937527680076324610584815248291660077649773,-0.0000002857877024056615606256912056058655424125991513445565912370788686836007
.01,0.3719660112501051517954131656343618822796908201942371378645513772947395,0.0001929583150131690704214273007344333399409714962979552332268109380990352,0.116803389346809325369082489454060908422569052774383764983736168910432,0.1168036744035403239138408610427447685679086660267402981070029745192019,-0.0000002850567309985447583715886838601453396132523565331232668056087699072509
.01,0.3719660112501051517954131656343618822796908201942371378645513772947395,0.0002219756900177817768155164910598433244938554861754265554779330615654744,0.1168033985735988141458790653139823336280987199622764863589208576094736,0.1168036826629785061536761254042403475660440731493630711336425899401188,-0.000000284089379692007797060090258013937945353187086584774721732330645145483
.01,0.3719660112501051517954131656343618822796908201942371378645513772947395,0.0002553567435303709685601210688651416831872177598183319312667139825157626,0.1168034107841268597162282971317813860118165635575902217849856339298903,0.1168036935933353423606484320060249636007527216840405474060413371324074,-0.0000002828092084826444201348742435775889361581264503256210557032025171532113
.01,0.3719660112501051517954131656343618822796908201942371378645513772947395,0.0002937576923906042223988506338058485856897297496749707884138023962363461,0.1168034269432681659113444472605538712204289488280759914049994328421935,0.1168037080583265355530764253961248973818852634145739539195926919071084,-0.0000002811150583696417319781355710261614563145864979625145932590649149569895
.01,0.3719660112501051517954131656343618822796908201942371378645513772947395,0.0003379334363589637807868662248851369194781493321652061249996795018720562,0.1168034483279164611427475035004771503642508095665772760085274111742667,0.1168037272009742418051894701488371856550964943803543119223493398315563,-0.0000002788730577806624419666483600352908456848137770359138219286572896295827
.01,0.3719660112501051517954131656343618822796908201942371378645513772947395,0.0003887523982096424409618599912026120509488195687017840172125143888821122,0.1168034766278845129984179914882871049556443234873468102544956882537217,0.1168037525339285665983629037993973850384346390361115919755246318056426,-0.0000002759060440535999449123111102800827903155487647817210289435519208743342
.01,0.3719660112501051517954131656343618822796908201942371378645513772947395,0.0004472135954999579392818347337462552470881236719223051448541794490821042,0.1168035140794329639383230239369720733683709114728212173433451575562175,0.1168037860589970247330561455632982999792943159767872529378079229333456,-0.0000002719795640607947331216263262266109234045039660355944627653771281295747
.01,0.3719660112501051517954131656343618822796908201942371378645513772947395,0.0005144662796193119131525991209884424164125625998838113381747473295393711,0.1168035636419794052064195808839839030683345562392686818289707067334073,0.1168038304253271697582488908776090548261334967553693793085202816798696,-0.0000002667833477645518293099936251517577989405161006974795495749464623265279
.01,0.3719660112501051517954131656343618822796908201942371378645513772947395,0.0005918325281892306095705315110528795502703189930338658685729360022829469,0.1168036292319492004339843465004270565191274279034542692077388158549337,0.1168038891387419684610841053082987463586529575416592512142397541040627,-0.0000002599067927680270997588078716898395255296382049820065009382491290177982
.01,0.3719660112501051517954131656343618822796908201942371378645513772947395,0.0006808332349440696983736435220884697326890919959533941909991771758624565,0.1168037160321705567252712947750280252584663225520215575307715620999433,0.1168039668387695807534601250189391805797252925386602934828356822217459,-0.0000002508065990240281888302439111553212589699866387359520641201218025704659
.01,0.3719660112501051517954131656343618822796908201942371378645513772947395,0.0007832180080108709191107819240421968067367625964373840899955649620171685,0.1168038309000733437272858633108103295660872431217077015688681978260297,0.1168040696652584104302612176183958399850065195041924016917703307940822,-0.0000002387651850667029753543075855104189192763824847001229021329680524725755
.01,0.3719660112501051517954131656343618822796908201942371378645513772947395,0.0009009995643395843339242955851804475402167795841780480632023233052509335,0.116803982898228637900333397801573044296241873017257230888658850769398,0.1168042057435473114102971105150479914741057832185327330729287584606596,-0.0000002228453186735099637127134749471778639102012755021842699076912616641792
.01,0.3719660112501051517954131656343618822796908201942371378645513772947395,0.001036493296421822230299242099938785860181589178827480388532285163997163,0.1168041839563688882721845382946790991400113379891858684450423686143931,0.1168043858265290505893518707418084994796101595206965777773322109707561,-0.0000002018701601623171673324471294003395988215315107093322898423563629669245
.01,0.3719660112501051517954131656343618822796908201942371378645513772947395,0.001192362789115031936084328196976008434889238788115777838017441058038191,0.116804449652152369676434029937244662042889739153175256091140748113414,0.1168046241443428178664981881278879608060933963294309610617016775199788,-0.0000001744921904481900641581906432987632036571762557049705609294065647524095
.01,0.3719660112501051517954131656343618822796908201942371378645513772947395,0.00137167218135830210184051733317268939481811212208400583582865608421695,0.1168048001117897090831731511574282162849041710980647005104990563614173,0.1168049395288384004278464392794958978925618201085985141637014937531055,-0.0000001394170486913446732881220676816076576490105338136532024373916882150351
.01,0.3719660112501051517954131656343618822796908201942371378645513772947395,0.001577946402125375771376518175275728689837849729163994491850272852974261,0.1168052611066840064080894086995815836553251165844559570211277515295126,0.116805356901667067775618963933297143393797102989035271448091281846515,-0.0000000957949830613675295552337155597384719864045793144269635303170024062032
.01,0.3719660112501051517954131656343618822796908201942371378645513772947395,0.001815240464755050408674235467114269925385118708155115718271036657807451,0.1168058655131831423335977108954195275759865481760419301403316868620529,0.1168059092435879602728372270564061800688972013181077364793057707876013,-0.00000004373040481793923951616098665249291065314206580633897408392554830497883
.01,0.3719660112501051517954131656343618822796908201942371378645513772947395,0.002088219181872008422127682631391229503956678727933362208714129259323468,0.1168066553507948938507808600263720754477323910514331364651606380100472,0.1168066402006043748898384593809739788946829232372037514852971811147927,0.00000001515019051896094240064539809655304946781422938497986345689525450954902
.01,0.3719660112501051517954131656343618822796908201942371378645513772947395,0.002402248867962862466484199787198330648824051823304646451936071716831193,0.116807684620469495080969304815181176747559767720403911346760063077989,0.1168076075328665765661389437507099089629618298579135061677258869013719,0.00000007708760291851483036106447126778459793786249040517903417617661709463155
.01,0.3719660112501051517954131656343618822796908201942371378645513772947395,0.002763502832329867620317937877044318377513569860464624176123797931950699,0.1168090231725290333774386366335267166675759726771863698405956681663406,0.1168088876788730900904985747336775407040408059451772260156042057660063,0.0000001354936559432869400618998491759635351667320091438249914624003342854464
.01,0.3719660112501051517954131656343618822796908201942371378645513772947395,0.00317908273624099121508792336882414835280731583871121356299880829729039,0.1168107618825511208778279304144598582192463580810245879949732116927424,0.1168105817956332016861060687543315571102668399820093818139592732552267,0.0000001800869179191917218616601283011089795180990152061810139384375157080193
.01,0.3719660112501051517954131656343618822796908201942371378645513772947395,0.003657158199959148674517688711740621036321641008800269273283887179254859,0.1168130195449753596089706419917819888612108254740805694779517021175601,0.116812823752083706528229087030535172309745332785189306673729326098691,0.0000001957928916530807415549612468165514654926888912628042223760188690707072
.01,0.3719660112501051517954131656343618822796908201942371378645513772947395,0.004207127404096147982391430900978011458324892701449911893446772868171787,0.116815952210077507232407920504516499148496229775585023602123149381149,0.1168157907073988934055652831543928415984756039066150777947448868260977,0.0000001615026786138268426373501236575500206258689699458073782625550513475055
.01,0.3719660112501051517954131656343618822796908201942371378645513772947395,0.004839801842450924097147805580154417537985183005922585345935680225969022,0.116819766249168614738078979923829936787161763070936850544666960658718,0.116819717110090762575979368262824558358622998776407522839167929549719,0.00000004913907785216209961166100537842853876429452932770549903110899897935116
.01,0.3719660112501051517954131656343618822796908201942371378645513772947395,0.005567618858270269819528488138893773650588094036324175398047076852442038,0.1168247369316721125912648511044269132675871323528485435769160932592368,0.1168249132241069746575696287850876003714321845977035484898927768080283,-0.0000001762924348620663047776806606871038450522448550049129766835487914927915
.01,0.3719660112501051517954131656343618822796908201942371378645513772947395,0.006404886142046851460958267079655075486888170866192872441482105272782652,0.1168312342865044531806798319106588882041897724672333805099743211830411,0.1168317896458569359292224919202632646488247611293559771759775645036604,-0.0000005553593524827485426600096043764446349886621225966660032433206192989107
.01,0.3719660112501051517954131656343618822796908201942371378645513772947395,0.007368062997280773211559645667159614443834516234876365338512922989154472,0.1168397577066376528148352230470183484247015495734231349789857122121579,0.1168408897494989670345597457434540078685697532453231349928678608146405,-0.000001132042861314219724522696435659443868203671900000013882148602482534866
.01,0.3719660112501051517954131656343618822796908201942371378645513772947395,0.008476083903428897911590899651497754391906707778828947273370132308966254,0.116850980911552754062469885551786859990109036700018140733689804209535,0.1168529326243118992384906550599691123453771557793256916664146597632067,-0.000001951712759145176020769508182252355268119079307550932724855553671787805
.01,0.3719660112501051517954131656343618822796908201942371378645513772947395,0.009750730736759567745875843650012528123767457367053805280284776343506997,0.1168658098955908290179848648291904508617892599493474144262618167962056,0.1168688698970579035451061762162082375767272335511903565384983834241017,-0.000003060001467074527121311387017786714937973601842942112236566627896091656
.01,0.3719660112501051517954131656343618822796908201942371378645513772947395,0.01121706096636509531322495769515718605471945017514407180084150019776587,0.1168854581113663659102448727951420061854288117123761690466217125287287,0.1168899609294339752551705850428666730245710209716391917006652692176874,-0.000004502818067609344925712247724666839142209259263022654043556688958720828
.01,0.3719660112501051517954131656343618822796908201942371378645513772947395,0.01290390024296431966504346799704357945249159336259552835369047334567835,0.1169115450167749033106566981437952262582713437167357921869433382546247,0.1169178723327071626638109036590898067023841290820273370858749609934415,-0.000006327315932259353154205515294580444112785365291544898931622738816882297
.01,0.3719660112501051517954131656343618822796908201942371378645513772947395,0.01484440906398431033599453923243622077543453996204889182620093805552357,0.1169462261981392875609724999352200550145555802580351530780042450655838,0.1169548096631700537995509157672989594474795430222294305521812932311072,-0.00000858346503076623857841583207890443292396276419427747417704816552345893
.01,0.3719660112501051517954131656343618822796908201942371378645513772947395,0.01707673465462862631084691195209170257793715025119755123003121074592219,0.1169923657863527215993639618577408635942651920993829735204600258553196,0.1170036917049782304488383755572197117869213221005385578718275272486757,-0.00001132591862550884947441369947884819265613000115558435136750139335611043
.01,0.3719660112501051517954131656343618822796908201942371378645513772947395,0.01964476087984626350012438956593379202065741511499031457436862504312131,0.1170537651307572218967997472881552522334154329560268196848071568656606,0.1170683811121820585732221855262232323584333043371118522720133703424274,-0.00001461598142483667642243823806798012501787138108503258720621347676672442
.01,0.3719660112501051517954131656343618822796908201942371378645513772947395,0.02259897092924237417963854473719182305914290028724348270418296543089867,0.117135466035344034413845238018039377621070680502740422735537222066396,0.117153989635263078874729247558425020837850338364124785167486342961192,-0.00001852359991904446088400954038564321677965786138436243194912089479603927
.01,0.3719660112501051517954131656343618822796908201942371378645513772947395,0.02599743973390317451961062164254387968386053472537806773952320658236706,0.1172441526762907942831501556893049065962663903862277541783532055610449,0.1172672820511453485183579055487132383994730137014235787698709542807902,-0.00002312937485455423520774985940833180320662331519582459151774871974526702
.01,0.3719660112501051517954131656343618822796908201942371378645513772947395,0.02990697562442441083823797988281826790726919515229412691033187000095843,0.1173886840745884978006361812466593788574199415554057410722814159555462,0.1174172107151907949913527345090099121083555159507917733247810433064223,-0.00002852664060229719071655326235053325093557439538603225249962735087605713
.01,0.3719660112501051517954131656343618822796908201942371378645513772947395,0.03440443367327038590997925294588301058041444538921748447335399088155864,0.1175807992982306577421907014248919076523544708958381704697329845367112,0.1176156229754237438594127772253036015731259144039654613475466996092007,-0.00003482367719308611722207580041169392077144350812729087781371507248956274
.01,0.3719660112501051517954131656343618822796908201942371378645513772947395,0.03957822653962329624157815968631807817792216172011484802237974696181863,0.117836051219918112254484492885819153138844677413383146915846228139338,0.1178781973487858272008517491614002910325357983524988858256599665360621,-0.00004214612886771494636725627558113789369112093911573890981373839672411118
.01,0.3719660112501051517954131656343618822796908201942371378645513772947395,0.04553006251745811583603359199576329195200183708251347303001699522277621,0.1181750427301531589386736104876803685416557746945308773970381015731414,0.1182256824359752200544322485648278412782314815092369873147145971610406,-0.00005063970582206111575863807714747273657570681470610991767649558789913484
.01,0.3719660112501051517954131656343618822796908201942371378645513772947395,0.05237694495402155663686587115999650198498895658397177060098813232475998,0.1186250632258286364602043138002470034827274677219313569468615721253376,0.1186855364737967802980681799900222667724762303288647310670916670448387,-0.00006047324796814383786386618977526328974876260693337412023009491950110556
.01,0.3719660112501051517954131656343618822796908201942371378645513772947395,0.06025347234400770049406590988660026919009642512637401081625970226981593,0.119222254848937222908168484745890663212712089910352876072127043325434,0.1192940970822856733158164148792057094584365386019786648971879300740231,-0.00007184223334845040764793013331504624572444869162578882506088674858909492
.01,0.3719660112501051517954131656343618822796908201942371378645513772947395,0.06931448431551463928822518515190713766800936500564289614910879705463749,0.120014479839343142492678467299208138184497310156807436159040679376629,0.1200994526598049886545971259548314449866347522541566419842630556132756,-0.00008497282046184616191865865562330680213744209734920582522237623664651566
.01,0.3719660112501051517954131656343618822796908201942371378645513772947395,0.07973810552353236358005818561857008127031555563813709437703233677326446,0.1210651157997342512820516845633794482019052356196447995551892952326484,0.1211652423234705225449089178038673195947704013362374951632037259616202,-0.0001001265237362712628572332404878713928651657165926956080144307289717211
.01,0.3719660112501051517954131656343618822796908201942371378645513772947395,0.09172924728892250080994696450349264590123034654193442821899255039618238,0.1224580790307276549848511724545097559219547808338191610937405980718875,0.1225756846658147011684323453486382732241287881557318079702694580599742,-0.0001176056350870461835811728941285173021740073219126468765288599880866777
.01,0.3719660112501051517954131656343618822796908201942371378645513772947395,0.1055236358193771659196446191759728506301143888797283956765611691240845,0.1243044731771964269411846712917990781913968317173110992465093257234393,0.1244422326995378263264090753300300668495798796919742048020193383009739,-0.0001377595223413993852244040382309886581830479746631055555100125775345416
.01,0.3719660112501051517954131656343618822796908201942371378645513772947395,0.1213924462005834464480828252909918229439277833695081418506254523727685,0.126751388905550011903927785766346482039725116213068133873979697285669,0.126912380863414695558300599983400937890850934761807622765150180540785,-0.0001609919578646836543728142170544558511258185487394888911704832551160132
.01,0.3719660112501051517954131656343618822796908201942371378645513772947395,0.1396476332542701401430068747806155084784888521726532656790212353704625,0.1299935503592662183549201746892293637510238375388460040064247300891944,0.130181320018076011879506460860759527148199625080177476085497259040238,-0.0001877696588097935245862861715301633971757875413314720790725289510435158
.01,0.3719660112501051517954131656343618822796908201942371378645513772947395,0.1606480640590749208362607149821509474655868433118038183537321800530814,0.1342887291477968729077811718848868823218148177454158046757681953917721,0.1345073614037823127975686949233591506783008226494091355310824491413678,-0.0002186322559854398897875230384722683564860049039933308553142537495956435
.01,0.3719660112501051517954131656343618822796908201942371378645513772947395,0.1848065726895481729573370937138040045542522819174246679958852175633956,0.1399781435739444101251212143079217934101875559172896382346912456808318,0.1402323476191969655172893356685461330527652351342907165974414749944563,-0.0002542040452525553921681213606243396425776792170010783627502293136245864
.01,0.3719660112501051517954131656343618822796908201942371378645513772947395,0.2125980758579078682233392261780104625267935795010930983351177430776754,0.14751341652818241883275319500676928163460370228268352357198459184122,0.1478086275229137724116064736279409418177651773651561770082362077280056,-0.0002952109947313535788532786211716601831614750824726534362516158867856117
.01,0.3719660112501051517954131656343618822796908201942371378645513772947395,0.2445689089987703683882288728935203062844843104708160467971650339703306,0.1574915428048492420464299966601993858219153175322017424961144105030641,0.1578340837350212881400709774947821282821872803441257701226079914734052,-0.0003425409301720460936409808345827424602719628119240276264935809703410495
.01,0.3719660112501051517954131656343618822796908201942371378645513772947395,0.2813475663289920702120460802391094767181659923996043538606785352403512,0.1706956099460154709833892404921982246162537473543914946651070894457604,0.1710931273726945558882418677194888163991422180030801600465867430340985,-0.0003975174266790849048526272272905917828884706486886653814796535883380708
.01,0.3719660112501051517954131656343618822796908201942371378645513772947395,0.3236570560146080196588056898126777598628493517602741141064225129799269,0.1881279889894856987194695166526625768535935886831674465647758802427318,0.1885906049452079370637392824537134527097302775138145026155411236790667,-0.0004626159557222383442697658010508758561366888306470560507652434363349396
.01,0.3719660112501051517954131656343618822796908201942371378645513772947395,0.3723291133272138827744332810519355093383069670970777800526381446524379,0.2110181117916677625377303352978330244181963489192979503264478756095319,0.2115604236695997681331092799283222734505662115746209450124136601063095,-0.0005423118779320055953789446304892490323698626553229946859657844967776226
.01,0.3719660112501051517954131656343618822796908201942371378645513772947395,0.4283205511971670518571721330608491941328098322580807784328310013297942,0.2408158898997217313303135459149573831420481694262375271500065798156895,0.2414589741698811322379856137126994270614095349140646401655101233045479,-0.0006430842701594009076720677977420439193613654878271130155035434888583999
.01,0.3719660112501051517954131656343618822796908201942371378645513772947395,0.4927320695887034435641674320549194629456636498120116166174798343778029,0.2792255487569348441863171630295098605551201507251313389182677565389251,0.2799977159387359201488824059034723730051531934200996870073865013217761,-0.0007721671818010759625652428739625124500330426949683480891187447828509121
.01,0.3719660112501051517954131656343618822796908201942371378645513772947395,0.5668298934584782832389532195707293812588806408679847802841355678643052,0.3283364731349444525424393351584060059243581219774584857884858994154169,0.3292723897843328758388954639039960638398807331067582536040306945966996,-0.0009359166493884232964561287455900579155226111292997678155447951812827409
.01,0.3719660112501051517954131656343618822796908201942371378645513772947395,0.652070664664356555078291959535635042005868964828678361903705579820767,0.3908649029169848641099040213964883314886726350056179136471035704127814,0.3920038276818887816448780267843636948268775067272884384193211192677272,-0.001138924764903917534974005387875363338204871721670524772217548854945754
.01,0.3719660112501051517954131656343618822796908201942371378645513772947395,0.7501300771586112986900901297989561659126126231252708811413900669876405,0.4704848863426811665513579370378388022930580529861714915361286150347648,0.4718690917440949200204932300680250217917604539863379244399826365091462,-0.001384205401413753469135293030186219498702401000166432903854021474381421
.01,0.3719660112501051517954131656343618822796908201942371378645513772947395,0.8629358183865285386725378983489728045032107855011590912621014865884184,0.5722284619631656197383087527860218538607945742983726012508205180141929,0.5739024984289642627474485757873370134030488782801104253184063504199482,-0.001674036465798643009139823001315159542254303981737824067585832405755366
.01,0.3719660112501051517954131656343618822796908201942371378645513772947395,0.9927054644643631088710829173140431709728302920620578680070009353162013,0.7029608309071558101605626320589011526440691070029500542302117308212454,0.7049717379413659557459394469206650320617107989126784330679131720674266,-0.002010907034210145585376814861763879417641691909728378837701441246181127
.01,0.3719660112501051517954131656343618822796908201942371378645513772947395,1.141990074093778238105679700123673985567687462112379421847645333920424,0.871964112633736690841535105007661114874213171003205138234982296708032,0.8743623618327127127563666169297670988029337090389786421935564198628281,-0.002398249198976021914831511922105983928720538035773503958574123154796177
.01,0.3719660112501051517954131656343618822796908201942371378645513772947395,1.313724338197727490569631068283893689258254498380283101724207831693973,1.091683883296180052045042419491370000644824958383379298512799339413255,1.094524770911905796375387559901413861874184144424463082905219652489171,-0.002840887615725744330345140410043861229359186041083784392420313075915853
.01,0.3719660112501051517954131656343618822796908201942371378645513772947395,1.511284271137484073369429492929956292534664573492071981889536628316491,1.378708335921802123606220962645814812186467934078491384769664100143527,1.382053610538144772017753294900099157608071141201044565468306150767098,-0.00334527461634264841153233225428434542160320712255318069864205062357036
.01,0.3719660112501051517954131656343618822796908201942371378645513772947395,1.738553577625656075868927179052419798593522528988912573363431210908378,1.755066327134240686301454810848393340780781000558382084202643867363073,1.758985937071918483624936301613904009443720932111075272322154607018598,-0.003919609937677797323481490765510668662939931552693188119510739655524487
.01,0.3719660112501051517954131656343618822796908201942371378645513772947395,2.0,2.249952642351769819322577343737300417465380076312053820203018914647081,2.254526567968152883906932856641985087340406226747452333481828277100317,-0.004573925616383064584355512904684669875026150435398513278809362453235966
.005,0.3769660112501051517954131656343618822796908201942371378645513772947395,0.0,0.1174312828559163837760348048151863250255407512228978760755627692976831,0.1174313188061453739635639001938099271317076339067340478247713795917342,-0.00000003595022899018752909537862360210616688268383617174920861029405107685297
.005,0.3769660112501051517954131656343618822796908201942371378645513772947395,0.0000001,0.117431282855924034983833330998259915473619587887801641850835143232822,0.1174313188061522587936201507195689041975358057161454462788723507774235,-0.00000003595022822380978681972130898872391621782834380442803720754460143938396
.005,0.3769660112501051517954131656343618822796908201942371378645513772947395,0.0000001150381573360196065478824960634685054099208668330996685309621528092229,0.1174312828559265092143056172556401957250915741164150137951726260209471,0.1174313188061544851945715101462102178536865080483569928713734890179504,-0.00000003595022797598026589289057002212859493393194197907620086299700328701637
.005,0.3769660112501051517954131656343618822796908201942371378645513772947395,0.0000001323377764326680161917624518399610100306535792788196358588095029383343,0.1174312828559297835558964603889113474971225476678259751347251182722717,0.1174313188061574315640850149780224052007506970098554917638982813707187,-0.00000003595022764800818855458911105770362814934202951662917316309844701199227
.005,0.3769660112501051517954131656343618822796908201942371378645513772947395,0.0000001522389394676025074387325464644742258860748984375987209606922535077296,0.1174312828559341167467505922399355485819256727459309710286951895928711,0.1174313188061613307239846772906189546710941358112971107107020654624298,-0.00000003595022721397723408505068340608916846306536613968200687586955872136574
.005,0.3769660112501051517954131656343618822796908201942371378645513772947395,0.0000001751328707114282220550127702893031118689657040670868145046253395137064,0.1174312828559398511951755340665949846861972771522221427251772460348794,0.1174313188061664907854954446444054097361223839750738089969729299593928,-0.00000003595022663959031991057781042504992510682285166627179568392451334430169
.005,0.3769660112501051517954131656343618822796908201942371378645513772947395,0.0000002014696273561005981305070692588969977789667749648439974545255299415009,0.1174312828559474400367117802335295930901920671652016598378569971666489,0.117431318806173319496161352096713367954893174984678752290895809173803,-0.00000003595022587945944957186318377486470110781947709245303881200715411713728
.005,0.3769660112501051517954131656343618822796908201942371378645513772947395,0.0000002317669469022034043107660572002944113453527107497344733649858751040462,0.1174312828559574829408578471348629139862960406363072225270206842382647,0.1174313188061823564600156344562856375979226444386812256355782684991049,-0.00000003595022487351915778732142272361162660380237400310855758426084013486214
.005,0.3769660112501051517954131656343618822796908201942371378645513772947395,0.000000266620425030245771799187443006293318139686636897740443742971557295308,0.1174312828559707734968940162976963731304013018328830518761079912450819,0.1174313188061943157770374156639361924758891713834162821992791832121713,-0.00000003595022354228014339936623981934548786955053323032317119196708935021552
.005,0.3769660112501051517954131656343618822796908201942371378645513772947395,0.0000003067152240362583316111348383118932727453913725659353956431646166138717,0.1174312828559883619232278203085305392009322985842690259604833924145539,0.1174313188062101424712605744894351031715963646177054232834985288519796,-0.00000003595022178054803275418090456397066406603343639732301513643742573373874
.005,0.3769660112501051517954131656343618822796908201942371378645513772947395,0.0000003528395420003558854734894930573523293971884558152338069144487509204596,0.1174312828560116380555474743679650929754019903993909175742222366251733,0.1174313188062310871664783003999721600502239734587650842411567219720981,-0.00000003595021944911093082603200706707482198305937416666693448534692486655753
.005,0.3769660112501051517954131656343618822796908201942371378645513772947395,0.0000004059001074700603848646794911781118397756989978065613510802175165616815,0.11743128285604244117149883014106811649510786319124932541541922949531,0.1174313188062588049104100382250485964177733075285589976761677348861057,-0.00000003595021636373891120808398047992266544433730967226074850539079568906921
.005,0.3769660112501051517954131656343618822796908201942371378645513772947395,0.0000004669400042584807376337633441239251282685753297531456293196321722018157,0.1174312828560832053302208308437522433688212764462068982399989343066997,0.1174313188062954859564066008337080852740812721164601242689583505838666,-0.00000003595021228062618576998995584190525999567025322602895941627716695175151
.005,0.3769660112501051517954131656343618822796908201942371378645513772947395,0.0000005371591767636877218978995074548269744086449587029818678949841274817396,0.1174312828561371517114550100732485309245586485159617308649004465095995,0.1174313188063440288370506959804873515797354751118423114946778758813257,-0.00000003595020687712559568590723882065517682659588058062977742937172619407289
.005,0.3769660112501051517954131656343618822796908201942371378645513772947395,0.0000006179380189102787528038171547666794196681149631905884129399630703771566,0.1174312828562085431528462129549110223678655159838888217068807844100265,0.11743131880640826940591145549174410974859461174127910154827409622239,-0.00000003595019972625306524253683308738072909575739027984139331181236349006517
.005,0.3769660112501051517954131656343618822796908201942371378645513772947395,0.0000007108645104330890606401954812973092672731528857049602402774071667610694,0.1174312828563030209989465622413490976551677142065802482412838550747353,0.117431318806493283946309481560529924428770360911651720606181200124202,-0.00000003595019026294736291931918082677360264670507147236489734504946670603554
.005,0.3769660112501051517954131656343618822796908201942371378645513772947395,0.0000008177654339579425045748902614641540411461507214940135918036228746425935,0.1174312828564280508796972426377162037684184459293526945235973397273725,0.1174313188066057902987166815332759856420625688585372567869541687674056,-0.00000003595017773941901943889555978187364412292918456226335682904003307166252
.005,0.3769660112501051517954131656343618822796908201942371378645513772947395,0.0000009407422865561214060526567226529527390816562524671195103289028573007944,0.1174312828565935126437591094838273119365770838682565039381635603993427,0.1174313188067546787038378714441306744824167706686751034569443037640966,-0.00000003595016116606007876196030336254583968680041859951878074336475394940595
.005,0.3769660112501051517954131656343618822796908201942371378645513772947395,0.000001082212591734899366120895181884581078419396523647601607447014357616984,0.1174312828568124810631648514641744688065259576603676195445525746482111,0.1174313188069517143085413167856695591245146705601913491120794484827455,-0.00000003595013923324537646532149509031798871289982372956752687383453441615457
.005,0.3769660112501051517954131656343618822796908201942371378645513772947395,0.000001244957423990209049349410983988069921149399533782722026769934747073411,0.117431282857102259000496169133593535313702322919048100154292779002987,0.1174313188072124668465865177880995631845303273925913972977041691145814,-0.00000003595011020784609034865450602787082800447354329714341139011159443072186
.005,0.3769660112501051517954131656343618822796908201942371378645513772947395,0.000001432176080176313388599336622020693094068920030773432855790807979648332,0.1174312828574857446793528851416105808337111193250711819725750328795914,0.1174313188075575409574272835029749783348811678339522401229999509659194,-0.00000003595007179627807439836136439750117004850888105815042491808632801002371
.005,0.3769660112501051517954131656343618822796908201942371378645513772947395,0.000001647548972442065702470259373989329077137325084828135159141582385814328,0.1174312828579932410996895852123451867506709048629396242402869847052796,0.1174313188080142043627587530611777084289953989029293224750901762728136,-0.00000003595002096326306916784883252167832449403998969823480319156753398834192
.005,0.3769660112501051517954131656343618822796908201942371378645513772947395,0.000001895309979105877851734400042742375796020376021421923853446479953941769,0.1174312828586648505778385604918607993780955984707418412916825674921316,0.1174313188086185425591561217991416435106680820061446115546344889253215,-0.0000000359499536919813175613072808441325724835354027702629519214331898187398
.005,0.3769660112501051517954131656343618822796908201942371378645513772947395,0.000002180329675769100093960771046082523537259877044289727920930052478195191,0.1174312828595536436275319597492245643703033018149503256514621489857083,0.1174313188094183102904016897949239554174072843477564699727584942957806,-0.00000003594986466666286973004569939104710398253280614432129634531007237000286
.005,0.3769660112501051517954131656343618822796908201942371378645513772947395,0.000002508211082855183521543791569891843889713783933419622193292863087142852,0.1174312828607298525865843024013789831845273110944645622375898215096162,0.1174313188104767051225580707560321061419127625834590569112317245904752,-0.00000003594974685253597376835465312295738545148899449467364190308085899079312
.005,0.3769660112501051517954131656343618822796908201942371378645513772947395,0.000002885399811814427114152046476880849284684637971454432016133751606610351,0.1174312828622864213691960033125411076222352970680578850227854786223109,0.1174313188118773613093120940858172051675700830389707017232155514555539,-0.00000003594959093994011609077327609754533478597091281670043007283324298336864
.005,0.3769660112501051517954131656343618822796908201942371378645513772947395,0.000003319310775288294307220980395297543212377089296806637080385446849032067,0.1174312828643463498847493782865311126357412677762664482695218028007632,0.1174313188137309585623289664878717709842485936605583920175452073939074,-0.0000000359493846086775795882013406583485073258842919437480234045931442279169
.005,0.3769660112501051517954131656343618822796908201942371378645513772947395,0.000003818473952147600214988128387079151236627399612366220609468711038133944,0.1174312828670724134783351806632632720814823041974533492666909666871706,0.1174313188161839679509885107923216671993415250135918068172448759872601,-0.00000003594911155447265333012905839511785922081613845755055390930008949516512
.005,0.3769660112501051517954131656343618822796908201942371378645513772947395,0.000004392702072906482357190125846707589675769931049633868688594273554977602,0.1174312828706800254222271154508793141556144831448455052144885708071518,0.1174313188194302260316251349954762591689660330080801071691768062960026,-0.00000003594875020060939801954459694501335154986323460195468823548885078588791
.005,0.3769660112501051517954131656343618822796908201942371378645513772947395,0.000005053283521932753859442718286794587520296264809622156843848400954457737,0.1174312828754542588510930528217150202018158756659927999519482116068207,0.1174313188237262517928054505453640342210881340647433700857035452441612,-0.00000003594827199294171239772364901401927225839875057013375533363734042807931
.005,0.3769660112501051517954131656343618822796908201942371378645513772947395,0.000005813204248596154227396692584408806454225573228351218899342925338207234,0.1174312828817723732125593574248700757992101053159640094897510735353905,0.117431318829411516760126080929853620024504010954949869843729943911825,-0.00000003594763914354756672350498354422529390563898586035397887037643443465525
.005,0.3769660112501051517954131656343618822796908201942371378645513772947395,0.000006687403049764220240032330732586479363880351916524775647699834531487693,0.1174312828901336252709969259945542018529532776956111630504255636214048,0.117431318836935270002183653119218810166552975980977475897078946412293,-0.00000003594680164473118672712466460831359969828536631284665338279088823569758
.005,0.3769660112501051517954131656343618822796908201942371378645513772947395,0.00000769306524208153722564299700931370302409642408380880071180246500064463,0.1174312829011987203270638879981839149783845334736450976747902439128411,0.1174313188468920377470034146897931201755641052952929473860412377315056,-0.00000003594569331741993952669160920519717957182164784971125099381866444528396
.005,0.3769660112501051517954131656343618822796908201942371378645513772947395,0.000008849960497148396419562920615535973861042746722840559299737062100521274,0.1174312829158420210844239858533702263142751902786527239615614983479655,0.1174313188600686027850629918391267795836459075799037557135633411925246,-0.00000003594422658170063900598575655326937071730125103175200184284455903910158
.005,0.3769660112501051517954131656343618822796908201942371378645513772947395,0.00001018083148088515523828023868822665356054652235043727658843213259163477,0.1174312829352206397030623745582107533209352451332255982697608619862493,0.1174313188775061759666353723459488647989975671280491201960659397198903,-0.00000003594228553626357299778773811147806232199482352192630507773364095477326
.005,0.3769660112501051517954131656343618822796908201942371378645513772947395,0.00001171184093709567975807980266378351044705140877441054928676309421380456,0.1174312829608658726863354243950621479276462954582202700958965110492251,0.1174313189005826725789475044956307548670273177239456919132672587005679,-0.00000003593971679989261208010056860693938102226572542181737074765134278990599
.005,0.3769660112501051517954131656343618822796908201942371378645513772947395,0.000013473086004160481156659801000917893530109540753478052164397324119791,0.1174312829948042037773761513530059561157425904983590530197158677234068,0.1174313189311215950742413424597509288596848471546028572154817276759916,-0.00000003593631739129686519110674497274394225665624380419576585995258476423037
.005,0.3769660112501051517954131656343618822796908201942371378645513772947395,0.00001549918987548337142599159011800827821007989206816293166101105585705467,0.117431283039717436501616288523579290096231241417782622252660748749745,0.1174313189715361260510090624132389737209926387453732731062805574970131,-0.00000003593181868954939277388965968362476139732759065085361980874726810766669
.005,0.3769660112501051517954131656343618822796908201942371378645513772947395,0.00001782998243476698216763380786729906266626343509769472708335805511781879,0.1174312830991546100129050919900246355792509773273843592301357914469583,0.1174313190250198177013552891159794970681928241011584772777552115064837,-0.0000000359258652076884501971259548614889418467737741180476194200595254222389
.005,0.3769660112501051517954131656343618822796908201942371378645513772947395,0.00002051128324629190035502515638851456513814486276555312005549243496046837,0.1174312831778124438121714429462782952650233096718738524427075402383076,0.1174313190957989459855280094839767513654763785623503492138680107169934,-0.00000003591798650217335656653769845610045306889047649677116047047868575986844
.005,0.3769660112501051517954131656343618822796908201942371378645513772947395,0.00002359580229250590627080918060301514313681848056799258323748507144780551,0.1174312832819064720522241251968384553074774498702473020613140395309444,0.1174313191894664705352277978426360764616884165302488954105317538056233,-0.00000003590755999848300367264579762115421096666000159334921771427467887329277
.005,0.3769660112501051517954131656343618822796908201942371378645513772947395,0.00002714417616594906571518089469679489204805107769489096957284365442803309,0.1174312834196621944243033530759054370700911463324642035291292314524271,0.1174313193134239897638239327183108806125372664907586769185641657858257,-0.00000003589376179533952057964240544354244612015829447338943493433339856622067
.005,0.3769660112501051517954131656343618822796908201942371378645513772947395,0.00003122616008535082071094911716600235267703977517181362393076511002561179,0.1174312836019650543202723993869417342680865250596491016764428775693368,0.1174313194774666144320449530016286609501396330317550932923016080747469,-0.00000003587550156011177255361468692668205310797210599161585873050541008199766
.005,0.3769660112501051517954131656343618822796908201942371378645513772947395,0.0000359219991689832313890579183666319434287005953608068702445607751052869,0.1174312838432206054797599162961145830916250986807300895768947561240708,0.1174313196945569763197559998699709405426818494339008269449555376811828,-0.00000003585133637083999608357385635745105675075317073736806078155711197918002
.005,0.3769660112501051517954131656343618822796908201942371378645513772947395,0.00004132400592225858530076880295404237704276191080370859398296047582676066,0.1174312841624928374046035163255950665025656442667958418281903828088427,0.1174313199818495340915849787249300963853597213475436385701107431709499,-0.00000003581935669668698146239933502988279407708074779674192036036210726789018
.005,0.3769660112501051517954131656343618822796908201942371378645513772947395,0.00004753837495039389141407429749839503986057989492385393533655677978445673,0.1174312845850106099008923602033285579364287550154826177938225956625425,0.1174313203620461169033616142430388113977406804607446562528566359764589,-0.00000003577703550700246925403971025346131192544526203845903404031391632017795
.005,0.3769660112501051517954131656343618822796908201942371378645513772947395,0.00005468727057042105739090299509671975162454051949153400759372889873153535,0.1174312851441612350553199630445502741407525902974891120785056425694005,0.1174313208651898206694540922559152343666667143684781639422697997306763,-0.00000003572102858561413412921136496022591412407098905186376415716127580097243
.005,0.3769660112501051517954131656343618822796908201942371378645513772947395,0.0000629112283615757229649118638332184139134435590497426807374708326464304,0.1174312858841287392940519355542356982386601442787145131715060517833873,0.1174313215310390104944710014399551941158944213418370416989588454493421,-0.0000000356469102712004190658857194958772342770631225285274527936659547494775
.005,0.3769660112501051517954131656343618822796908201942371378645513772947395,0.00007237191786461206987326697277802217253661273933088452890984001410393302,0.1174312868633852807278982796279021310484802403465615725242503962927853,0.1174313224122090227038331511228766883953936447712541880726124403742301,-0.00000003554882374197593487149497455734691340442469261554836204408144484543276
.005,0.3769660112501051517954131656343618822796908201942371378645513772947395,0.00008325532074018731404158472183576467333840072935597309911404981983807242,0.117431288159311613232898893882187372936344027568572895700194385137412,0.1174313235783298234531722949020042453300535054709293152379897589402926,-0.00000003541901821022027340101981687239370947790235641953779537380288065092156
.005,0.3769660112501051517954131656343618822796908201942371378645513772947395,0.00009577538686370444560259630327494074452872460159769726321219181293802465,0.1174312898743117058754405497286968144800673157658580743168138137469582,0.1174313251215481616836707874784046518137739255490040875428112860379461,-0.00000003524723645580823023774970783733370660978314601322599747229098793147436
.005,0.3769660112501051517954131656343618822796908201942371378645513772947395,0.0001101782402294497742574263467192581406063738662559035912616573138529321,0.1174312921439046942967766854729145640826318370743118079956634749627896,0.1174313271638089959990824157969187079842145341489555994481696822463457,-0.00000003501990430170230573032400414390158269707464379145250620728355614213446
.005,0.3769660112501051517954131656343618822796908201942371378645513772947395,0.0001267470173452120808667816250138719976408231230830642943563785966763176,0.1174312951474335892453133956310853231040837488134071613226909236264377,0.1174313298664915730873524272528545294970524730635439107705801580796298,-0.00000003471905798384203903162176920639296872425013674944788923445319215101307
.005,0.3769660112501051517954131656343618822796908201942371378645513772947395,0.0001458074332322971345650532229405156643842174032291140354254285804911963,0.1174312991222369433328921079181731818478669210600677011138221888361846,0.1174313334431615996390976075368040182397528689792593596226515627584777,-0.00000003432092465630620549961863083639188594791919165850882937392229303712991
.005,0.3769660112501051517954131656343618822796908201942371378645513772947395,0.0001677341844493817158321784946938368976595310536343057173035589659488135,0.1174313043824033197035016876127067222543884785344147145292805444174832,0.1174313381764471831113939179185924786560113761370518372397443393436733,-0.00000003379404386340789223030588575640162289760263712271046379492619011210943
.005,0.3769660112501051517954131656343618822796908201942371378645513772947395,0.0001929583150131690704214273007344333399409714962979552332268109380990352,0.117431311343590538851211714504666085524219768569431152952666535454617,0.1174313444403720764866672659081812794194940892603458541919496626458878,-0.0000000330967815376354555514035151938952743206909147012392831271912707870285
.005,0.3769660112501051517954131656343618822796908201942371378645513772947395,0.0002219756900177817768155164910598433244938554861754265554779330615654744,0.1174313205558709179809776102427880174175836552633422362801223873206298,0.117431352729910997791874920467110396168375484784807797897322737208015,-0.00000003217404007981089731022432237875079182952146556161720034988738521695282
.005,0.3769660112501051517954131656343618822796908201942371378645513772947395,0.0002553567435303709685601210688651416831872177598183319312667139825157626,0.1174313327471979277060112990837227169554439687672192384393650480647065,0.1174313637001024827677605049474261440732630280845366029238881707218601,-0.00000003095290455506174920586370342711781905931731736448452312265715363308808
.005,0.3769660112501051517954131656343618822796908201942371378645513772947395,0.0002937576923906042223988506338058485856897297496749707884138023962363461,0.1174313488809286553553813682402620440058435296970342969304808168761282,0.1174313782178099643907314942360875625577300104394054646055597078361601,-0.00000002933688130903535012599582551855188648074237116767507889096003184487163
.005,0.3769660112501051517954131656343618822796908201942371378645513772947395,0.0003379334363589637807868662248851369194781493321652061249996795018720562,0.117431370231933363882556293985660673057566118588421343626571241229996,0.1174313974302212345696569638470853012746165366713049917611214384069939,-0.00000002719828787068710066986142462821705041808288364813455019717699798286196
.005,0.3769660112501051517954131656343618822796908201942371378645513772947395,0.0003887523982096424409618599912026120509488195687017840172125143888821122,0.1174313984870690699575559137576941923641962912719759473526418790181519,0.1174314228554991086237568563135829488595252580688065496592198703915531,-0.00000002436843003866620094255588875649532896679683060230657799137340117946203
.005,0.3769660112501051517954131656343618822796908201942371378645513772947395,0.0004472135954999579392818347337462552470881236719223051448541794490821042,0.1174314358760990272673400353466235980767042936393863828590866802363043,0.1174314565027464989740790797351264905678958618758160672484851660468719,-0.00000002062664747170673904438850289249119156823642968438939848581056763126632
.005,0.3769660112501051517954131656343618822796908201942371378645513772947395,0.0005144662796193119131525991209884424164125625998838113381747473295393711,0.1174314853359901719672922843847284013150776338799010698991156802360433,0.1174315010307655261626119060082495046145400928076660900132957040874434,-0.00000001569477535419531962162352110329946245892776502011418002385140013755044
.005,0.3769660112501051517954131656343618822796908201942371378645513772947395,0.0005918325281892306095705315110528795502703189930338658685729360022829469,0.117431550705947589866119950965502247639724737917858472932486744030097,0.1174315599581557962592481497551907883937700627855165858603510697407157,-0.000000009252208206393128198789688540754045324867658112927864325710618760519706
.005,0.3769660112501051517954131656343618822796908201942371378645513772947395,0.0006808332349440696983736435220884697326890919959533941909991771758624565,0.1174316369527373667377050314770001678881419080048671740941256438248019,0.1174316379413537895055000807445976571697988951644526615421852921602015,-0.0000000009886164227677950492675974892816569871595854874480596483353996489860425
.005,0.3769660112501051517954131656343618822796908201942371378645513772947395,0.0007832180080108709191107819240421968067367625964373840899955649620171685,0.1174317504434241601618090303519268197452359199275503774889793251812235,0.1174317411425840048525758098458982221330744291301780788321245521234316,0.000000009300840155309233220506028597612161490797372298656854773057791973832536
.005,0.3769660112501051517954131656343618822796908201942371378645513772947395,0.0009009995643395843339242955851804475402167795841780480632023233052509335,0.1174318993057773874872446994386029140323293377854224353699131007346723,0.1174318777167973230016219690102736379532665279960565364164127569752735,0.00000002158898006448562273042832927607906280978936589895350034375939881306703
.005,0.3769660112501051517954131656343618822796908201942371378645513772947395,0.001036493296421822230299242099938785860181589178827480388532285163997163,0.1174320939299961065792956076407263995534368529639519443334995983148785,0.117432058456074408648813414403134227342346577462950185602918793559203,0.00000003547392169793048219323759217221109027550100175873058080475567551312575
.005,0.3769660112501051517954131656343618822796908201942371378645513772947395,0.001192362789115031936084328196976008434889238788115777838017441058038191,0.1174323476677255761863541552530345775165565099062342648079344121502994,0.1174322976424148442729664255006935578812412785942242038971801220205409,0.00000005002531073191338772975234101963531523131201006091075429012975852021514
.005,0.3769660112501051517954131656343618822796908201942371378645513772947395,0.00137167218135830210184051733317268939481811212208400583582865608421695,0.1174326777860776916837491334580905252523360826575271974746151461903387,0.1174326141762993074494764037146077017459270614159085908099762885111461,0.00000006360977838423427272974348282350640902124161860666463885767919262376609
.005,0.3769660112501051517954131656343618822796908201942371378645513772947395,0.001577946402125375771376518175275728689837849729163994491850272852974261,0.1174331067457311117251751483183473462325106965629827413964691280524761,0.117433033070203661967687144852180253922748254635061754672378658809715,0.00000007367552744975748800346616709230976244192792098672409046924276114111394
.005,0.3769660112501051517954131656343618822796908201942371378645513772947395,0.001815240464755050408674235467114269925385118708155115718271036657807451,0.1174336639038124593512756080473736357426392552831045081835651824275401,0.1174335874250822967241886735795312406041441329037619749306588096090395,0.00000007647873016262708693446784239513849512237934253325290637281850059095622
.005,0.3769660112501051517954131656343618822796908201942371378645513772947395,0.002088219181872008422127682631391229503956678727933362208714129259323468,0.1174343878192159106988161550242805239813908748723851835561148846621043,0.1174343210460022279763618633566573998959021554356177872446140288785814,0.00000006677321368272245429166762312408548871943676739631150085578352292444817
.005,0.3769660112501051517954131656343618822796908201942371378645513772947395,0.002402248867962862466484199787198330648824051823304646451936071716831193,0.1174353294763371575131910671058695717214307985132530502871606953997435,0.1174352919036151098792974486827704839558097991801321777505632106836562,0.00000003757272204763389361842309908776562099933312087253659748471608725285198
.005,0.3769660112501051517954131656343618822796908201942371378645513772947395,0.002763502832329867620317937877044318377513569860464624176123797931950699,0.1174365568698642880769999183778293797491467316457912187541251437884088,0.1174365767149923250695225838461476666883985349812041021573844962230878,-0.00000001984512803699252266546831828693925180333541288340325935243467904119777
.005,0.3769660112501051517954131656343618822796908201942371378645513772947395,0.00317908273624099121508792336882414835280731583871121356299880829729039,0.1174381613942151999810244486964620720555405186185945391528362528075201,0.1174382770058002855908983001397511816718059873623622442354207356107578,-0.000000115611585085609873851443289109616265468743767705082584482803237738213
.005,0.3769660112501051517954131656343618822796908201942371378645513772947395,0.003657158199959148674517688711740621036321641008800269273283887179254859,0.1174402664023616146213427612385267229573173404177859038378376644731363,0.11744052713284842959035322136401702583074369808597770360828480771139,-0.0000002607304868149690104601254903028734263576681917997704471432382536503404
.005,0.3769660112501051517954131656343618822796908201942371378645513772947395,0.004207127404096147982391430900978011458324892701449911893446772868171787,0.1174430383320265126503601362656420331955085247273419470390662421610021,0.1174435049009508533885703151408241098669464550193775063082186286249345,-0.0000004665689243407382101788751820766714379302920355592691523864639323639601
.005,0.3769660112501051517954131656343618822796908201942371378645513772947395,0.004839801842450924097147805580154417537985183005922585345935680225969022,0.1174467010442855771018876366190961657806884276687650806733473433410115,0.1174474456130449222954010928336660678647767799324802092025916064787164,-0.0000007445687593451935134562145699020840883522637151285292442631377049008846
.005,0.3769660112501051517954131656343618822796908201942371378645513772947395,0.005567618858270269819528488138893773650588094036324175398047076852442038,0.1174515544210418320405740774719677871692910083675884619001996597895201,0.1174526606638058263154496929148663810014247808961927036152283249768339,-0.000001106242763994274875615442898593832133772528604241715028665187313740393
.005,0.3769660112501051517954131656343618822796908201942371378645513772947395,0.006404886142046851460958267079655075486888170866192872441482105272782652,0.1174579987351674103840358359635694731672399978084014113829438492689341,0.1174595621460226416297472012178733978102519977526986192522550850793615,-0.000001563410855231245711365254303924643011999944297207869311235810427386842
.005,0.3769660112501051517954131656343618822796908201942371378645513772947395,0.007368062997280773211559645667159614443834516234876365338512922989154472,0.1174665668245877485164529488240867453854543234568624521577528465356015,0.1174686954141292710209112558197556824316315393997404237583929681464389,-0.000002128589541522504458306995668937046177215942877971600640121610837425375
.005,0.3769660112501051517954131656343618822796908201942371378645513772947395,0.008476083903428897911590899651497754391906707778828947273370132308966254,0.1174779667217045640619628608543239155073263825284578607819488274592748,0.1174807821780572183956705345213891360936958451813313100114431256806086,-0.000002815456352654333707673667065220586369462652873449229494298221333815401
.005,0.3769660112501051517954131656343618822796908201942371378645513772947395,0.009750730736759567745875843650012528123767457367053805280284776343506997,0.1174931381925929800408037516571880591455543023532955995512538189312565,0.117496777532682129755586180759523920140528082349693790118852309321527,-0.000003639340089149714782429102335860994973779996398190567598490390270433214
.005,0.3769660112501051517954131656343618822796908201942371378645513772947395,0.01121706096636509531322495769515718605471945017514407180084150019776587,0.1175133277130957746391409787069211798682489015873649961734560746674708,0.1175179454293252573748083437740140297052421340884632547247461996853769,-0.000004617716229482735667365067092849836993232501098258551290125017906120846
.005,0.3769660112501051517954131656343618822796908201942371378645513772947395,0.01290390024296431966504346799704357945249159336259552835369047334567835,0.117540187846255014152435207446987417750720903944782744645688327123726,0.117545958553060337841404045754527176114352366984702931262047774356067,-0.000005770706805323688968838307539758363631463039920186616359447232341060765
.005,0.3769660112501051517954131656343618822796908201942371378645513772947395,0.01484440906398431033599453923243622077543453996204889182620093805552357,0.1175759089027661016500127817059560532255931147635558616798621668797941,0.1175830304981206752894451370708607463267841207905895243808148446312028,-0.000007121595354573639432355364904693101191006027033662700952677751408700742
.005,0.3769660112501051517954131656343618822796908201942371378645513772947395,0.01707673465462862631084691195209170257793715025119755123003121074592219,0.1176233933130819792602292143364221847395097173847890886803903495865865,0.1176320906858938661755341349951626049538447890865835177526818975051045,-0.000008697372811886915304920658740420214335071701794429072291547918518044569
.005,0.3769660112501051517954131656343618822796908201942371378645513772947395,0.01964476087984626350012438956593379202065741511499031457436862504312131,0.1176864865153976164210409272098185549845878297029015145545626851206062,0.1176970158475065986595972268345550951137345550936221563588567475106442,-0.00001052933210898223855629962473654012914672539072064180429406239003796057
.005,0.3769660112501051517954131656343618822796908201942371378645513772947395,0.02259897092924237417963854473719182305914290028724348270418296543089867,0.117770282632965339110208055098610695310572992626515068175199295011504,0.1177829363627302049705949823355975371348678203519526911378199196446309,-0.0000126537297648658603869272369868418242948277254376229626206246331268433
.005,0.3769660112501051517954131656343618822796908201942371378645513772947395,0.02599743973390317451961062164254387968386053472537806773952320658236706,0.1178815291290904537557338771772174191689206071318924626320049225317836,0.1178966416620766175782847740516658546726719503471132191111731957918258,-0.00001511253298616382255089687444843550375134321522075647916827326004223466
.005,0.3769660112501051517954131656343618822796908201942371378645513772947395,0.02990697562442441083823797988281826790726919515229412691033187000095843,0.1180291624555686272210794710313758974943485790794684534654958096442832,0.118047116726917769022072077854506833973192502468180199161182557317194,-0.00001795427134914180099260682313093647884392338871174569568674767291083135
.005,0.3769660112501051517954131656343618822796908201942371378645513772947395,0.03440443367327038590997925294588301058041444538921748447335399088155864,0.1182250170685599541981376626707632968454860192884961911334159365113505,0.1182462520818141642534835640546870565594788118979594449875668074027384,-0.00002123501325421005534590138392375971399279260946325385415087089138793515
.005,0.3769660112501051517954131656343618822796908201942371378645513772947395,0.03957822653962329624157815968631807817792216172011484802237974696181863,0.1184847638934460433151766170263495488171876606586225884645673571267602,0.1185097833825753557964702372428486926051710280645098870567871874743985,-0.00002501948912931248129362021649914378798336740588729859221983034763828157
.005,0.3769660112501051517954131656343618822796908201942371378645513772947395,0.04553006251745811583603359199576329195200183708251347303001699522277621,0.1188291524603582264040425393786713421845998803063913449853701652324164,0.1188585348462068034066066789471557257961339353541599390273345017003868,-0.0000293823858485770025641395684843836115340550477685940419643364679704504
.005,0.3769660112501051517954131656343618822796908201942371378645513772947395,0.05237694495402155663686587115999650198498895658397177060098813232475998,0.1192856549383969099929404505795020757939304460871428590189640364113347,0.1193200647784530460496003167485163208080518667885039654069480534387861,-0.00003440984005613605665986616901424501412142070136110638798401702745137037
.005,0.3769660112501051517954131656343618822796908201942371378645513772947395,0.06025347234400770049406590988660026919009642512637401081625970226981593,0.1198906420662710906196931134463073371984682520048124389820286561354567,0.1199308432283589228088827202283694713966650100945482547864565283695034,-0.00004020116208783218918960678206213419819675808973581580442787223404669449
.005,0.3769660112501051517954131656343618822796908201942371378645513772947395,0.06931448431551463928822518515190713766800936500564289614910879705463749,0.1206922630208543481404416088622048724840939116633331659329567715688659,0.1207391338478942772079524811255956272284804184123011427322537451207856,-0.00004687082703992906751087226339075474438650674896797679929697355191977625
.005,0.3769660112501051517954131656343618822796908201942371378645513772947395,0.07973810552353236358005818561857008127031555563813709437703233677326446,0.1217542569055478502754329105541026408397344715931354655669300274567071,0.1218088076809012017420072915925396309249953777057702654522682297740859,-0.00005455077535335146657438103843699008526090611263479988533820231737881967
.005,0.3769660112501051517954131656343618822796908201942371378645513772947395,0.09172924728892250080994696450349264590123034654193442821899255039618238,0.1231609971743706819350081933438841999655405688326998534280422509700347,0.1232243902465846561493672366749241190683395641022994756031225768072,-0.0000633930722139742143590433310399191027989952695996221750803258371653135
.005,0.3769660112501051517954131656343618822796908201942371378645513772947395,0.1055236358193771659196446191759728506301143888797283956765611691240845,0.1250241677542687418539012056407033749682184586799565244428227128601193,0.1250977407375786519165295071546214228998411732180172181904243621891041,-0.00007357298330991006262830151391804793162271453806069374760164932898481166
.005,0.3769660112501051517954131656343618822796908201942371378645513772947395,0.1213924462005834464480828252909918229439277833695081418506254523727685,0.1274915985878645866713963614478372476874185245558132930881994886552931,0.1275768911221505736526291916208705311624423271574660778842319733415084,-0.00008529253428598698123283017303328347502380260165278479603248468621536166
.005,0.3769660112501051517954131656343618822796908201942371378645513772947395,0.1396476332542701401430068747806155084784888521726532656790212353704625,0.1307589589825985413347657951899014056277822113234062326843249143683965,0.1308577436155092071906792700797443792528515308428026154054468635403077,-0.0000987846329106658559134748898429736250693195193963827211219491719112315
.005,0.3769660112501051517954131656343618822796908201942371378645513772947395,0.1606480640590749208362607149821509474655868433118038183537321800530814,0.1350852330014229899359940558999965318144279147495282985527783524118386,0.1351995508486858153495816585548552499360329609655325465589863281102167,-0.0001143178472628254135876026548587181216050462160042480062079756983780978
.005,0.3769660112501051517954131656343618822796908201942371378645513772947395,0.1848065726895481729573370937138040045542522819174246679958852175633956,0.1408131992351622187212411091986184262158452907177238329482627942452937,0.1409454012258357549421442859557962699339698149891323310499377589553785,-0.0001322019906735362209031767571778437181245242714084981016749647100847533
.005,0.3769660112501051517954131656343618822796908201942371378645513772947395,0.2125980758579078682233392261780104625267935795010930983351177430776754,0.148396495697545647833627638604916216516577868430417727919025294794578,0.1485492917655647047115711678290321208056948865638362303935493897289084,-0.0001527960680190568779435292241159042891170181334185024745240949343304294
.005,0.3769660112501051517954131656343618822796908201942371378645513772947395,0.2445689089987703683882288728935203062844843104708160467971650339703306,0.1584347399111545469243342553598188316186718620676634592577286418855778,0.1586112762011487775453350165168025788653423487611820262690602319142819,-0.0001765362899942306210007611569837472466704866935185670113315900287040424
.005,0.3769660112501051517954131656343618822796908201942371378645513772947395,0.2813475663289920702120460802391094767181659923996043538606785352403512,0.1717144803060575770932084361686368172875268795491725849238821383175932,0.1719185472657100089461893160661794821708727595488951179364369125115753,-0.0002040669596524318529808798975426648833458799997225330125547741939821391
.005,0.3769660112501051517954131656343618822796908201942371378645513772947395,0.3236570560146080196588056898126777598628493517602741141064225129799269,0.1892425927226814768086709204886875954379703193004444355307328471642991,0.1894791859741336781141469752834289677851959568017944316453676826655411,-0.0002365932514522013054760547947413723472256375013499961146348355012420659
.005,0.3769660112501051517954131656343618822796908201942371378645513772947395,0.3723291133272138827744332810519355093383069670970777800526381446524379,0.2122537744215102385946761667165806303071956335232887522072775349326323,0.2125300911308936902849188989130381290156852636105656460861257437302498,-0.0002763167093834516902427321964574987084896300872768938788482087976175074
.005,0.3769660112501051517954131656343618822796908201942371378645513772947395,0.4283205511971670518571721330608491941328098322580807784328310013297942,0.2422027736632350264700304510653111723312866956074252930213709775273191,0.2425292393645771191863364813302970837945570961059623547549249617312016,-0.0003264657013420927163060302649859114632704004985370617335539842038825854
.005,0.3769660112501051517954131656343618822796908201942371378645513772947395,0.4927320695887034435641674320549194629456636498120116166174798343778029,0.2807965981233357307075674179984161138900819159653831613787915710721641,0.2811872869649965287589964956475125222445202792966275284216327507583503,-0.0003906888416607980514290776490964083544383633312443670428411796861862384
.005,0.3769660112501051517954131656343618822796908201942371378645513772947395,0.5668298934584782832389532195707293812588806408679847802841355678643052,0.3301244106018217325796570933497066782091440075730144965375735854758105,0.3305966378467215084849073390698126475566409542276684478304154984124984,-0.0004722272448997759052502457201059693474969466546539512928419129366879532
.005,0.3769660112501051517954131656343618822796908201942371378645513772947395,0.652070664664356555078291959535635042005868964828678361903705579820767,0.3928995564238445946737922976731121706332956030224404443073248366355087,0.3934730006268290309017554999928420917351229240414497203121663365531915,-0.0005734442029844362279632023197299211018273210190092760048414999176827578
.005,0.3769660112501051517954131656343618822796908201942371378645513772947395,0.7501300771586112986900901297989561659126126231252708811413900669876405,0.4727917872944001201517497445278444405170169005698141739771408464198051,0.4734876839001314195943443236897612013610593514989735215071709006668212,-0.0006958966057312994425945791619167608440424509291593475300300542470161156
.005,0.3769660112501051517954131656343618822796908201942371378645513772947395,0.8629358183865285386725378983489728045032107855011590912621014865884184,0.5748289011803243168824321020889915001209272709313492597401454214412255,0.5756696506597439409682821758388624061366988801469385162455129057513806,-0.0008407494794196240858500737498709060157716092155892565053674843101551216
.005,0.3769660112501051517954131656343618822796908201942371378645513772947395,0.9927054644643631088710829173140431709728302920620578680070009353162013,0.7058730133185432966443680439731693974434136710662608533613405764617695,0.7068822672943599034424010075829116596019308660503134686302211909247571,-0.001009253975816606798032963609742262158517194984052615268880614462987642
.005,0.3769660112501051517954131656343618822796908201942371378645513772947395,1.141990074093778238105679700123673985567687462112379421847645333920424,0.8752048898887661613256154066589225617454123415450550076851361545731894,0.8764080114455109197037964960081904962982836976326348270230350232773613,-0.001203121556744758378181089349267934552871356087579819337898868704171912
.005,0.3769660112501051517954131656343618822796908201942371378645513772947395,1.313724338197727490569631068283893689258254498380283101724207831693973,1.095270638932699038774381301926806359786777451600088495333534446801696,1.09669539505296499738112294084807437189172015489671934463809374388685,-0.00142475612026595860674163892126801210494270329663084930455929708515337
.005,0.3769660112501051517954131656343618822796908201942371378645513772947395,1.511284271137484073369429492929956292534664573492071981889536628316491,1.382660774408696044584786217341013325640537277873990169194346650755271,1.384338150785281889309349428928113605079710192095510876782946042375694,-0.001677376376585844724563211587100279439172914221520707588599391620423359
.005,0.3769660112501051517954131656343618822796908201942371378645513772947395,1.738553577625656075868927179052419798593522528988912573363431210908378,1.759408071536746771076740875223675511726523028833822132912505042919371,1.761373149730768671341669928739805182738424333849389886990190403022239,-0.001965078194021900264929053516129671011901305015567754077685360102868247
.005,0.3769660112501051517954131656343618822796908201942371378645513772947395,2.0,2.254712643590603576979688202712515741019478426620778210440453319090706,2.257005521563369559924774555556973167496158653476042697348262472174148,-0.002292877972765982945086352844457426476680226855264486907809153083442807
.0025,0.3794660112501051517954131656343618822796908201942371378645513772947395,0.0,0.1177357742885352159574153527538268536514479213923801546096989503240469,0.1177357787780201110840753672797240224260084068562484549801100011484973,-0.000000004489484895126660014525897168774560485463868300370411050824450375443869
.0025,0.3794660112501051517954131656343618822796908201942371378645513772947395,0.0000001,0.1177357742885428612005553899651420368811117861864702254660371290098211,0.1177357787780270084141316178054829994918365786656598534342109723341866,-0.000000004489484147213576227840340962610724792479189627968173843324365504334223
.0025,0.3794660112501051517954131656343618822796908201942371378645513772947395,0.0000001150381573360196065478824960634685054099208668330996685309621528092229,0.1177357742885453335021897490866808232974636449033057016028632692188111,0.117735778778029238857305031315626337118293760992997653858409520427168,-0.000000004489483905355115282228945513820830116089691952255546251208356965440982
.0025,0.3794660112501051517954131656343618822796908201942371378645513772947395,0.0000001323377764326680161917624518399610100306535792788196358588095029383343,0.1177357742885486052911993684584140483499616174013188079715020195542608,0.1177357787780321905762053209924642573716477561222588825399499113133336,-0.000000004489483585285005952534050209021686138720940074568447891759072869991646
.0025,0.3794660112501051517954131656343618822796908201942371378645513772947395,0.0000001522389394676025074387325464644742258860748984375987209606922535077296,0.1177357742885529351040242671456328712851659527827566375100719497934935,0.1177357787780360968153645071519585888111520587976129360351295307360021,-0.000000004489483161711340240006325717525986106014856298525057580942508641148292
.0025,0.3794660112501051517954131656343618822796908201942371378645513772947395,0.0000001751328707114282220550127702893031118689657040670868145046253395137064,0.1177357742885586650820404345578057634702261248548482357660843932563057,0.1177357787780412662454099162626109564222779459112473093262331222580804,-0.000000004489482601163369481704805192952051821056399073560148729001774715857575
.0025,0.3794660112501051517954131656343618822796908201942371378645513772947395,0.0000002014696273561005981305070692588969977789667749648439974545255299415009,0.1177357742885662480075371112137228979106332493308114131050418298436333,0.1177357787780481073541862529401755713341303451981731314086091565507351,-0.00000000448948185934664914172645267342349709586736171830356732670710171790088
.0025,0.3794660112501051517954131656343618822796908201942371378645513772947395,0.0000002317669469022034043107660572002944113453527107497344733649858751040462,0.1177357742885762830825279589473905762689435200917382350925987603817246,0.1177357787780571607254241970031649701296618492415674338715367279286015,-0.000000004489480877642896238055774393860718329149829198778937967546876847115127
.0025,0.3794660112501051517954131656343618822796908201942371378645513772947395,0.000000266620425030245771799187443006293318139686636897740443742971557295308,0.117735774288589563277634197601559041615851979939499038279578269985375,0.1177357787780691417556126868859828677946251064965890984987285178889645,-0.000000004489479578477978489284423826178773126557090060219150247903589461083216
.0025,0.3794660112501051517954131656343618822796908201942371378645513772947395,0.0000003067152240362583316111348383118932727453913725659353956431646166138717,0.1177357742886071379925437138304504782542419745300862880224437988965512,0.1177357787780849971845578610905249550479874691863122156458687087986815,-0.000000004489477859192014147260074476793745494656225927623424909902130317336757
.0025,0.3794660112501051517954131656343618822796908201942371378645513772947395,0.0000003528395420003558854734894930573523293971884558152338069144487509204596,0.1177357742886303959794693481904748367228934247806378130176858333885234,0.1177357787781059799066677662620174240208977449170196350714370663691146,-0.000000004489475583927198418071542587298004320136381822053751232980591207320872
.0025,0.3794660112501051517954131656343618822796908201942371378645513772947395,0.0000004059001074700603848646794911781118397756989978065613510802175165616815,0.117735774288661175082209733347060187445483314154980570406102192028074,0.1177357787781337479745430605691755004944958291442080469971419599597637,-0.00000000448947257289233332722211531304901251498922747659103976793168974967734
.0025,0.3794660112501051517954131656343618822796908201942371378645513772947395,0.0000004669400042584807376337633441239251282685753297531456293196321722018157,0.1177357742887019074623822854503478069833843368772821965119605133989896,0.1177357787781704956181275390571339256647628053814166889089275083566199,-0.000000004489468588155745253606786118681378468504134492396966994957630335067759
.0025,0.3794660112501051517954131656343618822796908201942371378645513772947395,0.0000005371591767636877218978995074548269744086449587029818678949841274817396,0.1177357742887558117885907418475201335359565017119188326960136076913817,0.1177357787782191266325386398697907158798458581675173042297629292420909,-0.000000004489463314843947898022270582343889356455598471533749321550709193210275
.0025,0.3794660112501051517954131656343618822796908201942371378645513772947395,0.0000006179380189102787528038171547666794196681149631905884129399630703771566,0.117735774288827147575296024946315381958543707524540934016876249038374,0.1177357787782834838356669410276850785589437695846980871285642635567293,-0.000000004489456336260370916081369696600400062060157153111688014518355339961312
.0025,0.3794660112501051517954131656343618822796908201942371378645513772947395,0.0000007108645104330890606401954812973092672731528857049602402774071667610694,0.1177357742889215517692225474069374319190367944210486379073050195679889,0.1177357787783686527272611902406764500628569831846061647946210244505706,-0.000000004489447100958038642833739018143820188763557526887316004882581666576756
.0025,0.3794660112501051517954131656343618822796908201942371378645513772947395,0.0000008177654339579425045748902614641540411461507214940135918036228746425935,0.117735774289046484180324091058528837627443280106599445630071482504224,0.1177357787784813633446093691467200849777049151179721489862823559211247,-0.000000004489434879164285278088191247350261635011372703356210873416900699313874
.0025,0.3794660112501051517954131656343618822796908201942371378645513772947395,0.0000009407422865561214060526567226529527390816562524671195103289028573007944,0.1177357742892118169552195936134076786664710555549595792803877386762383,0.1177357787786305220694114820795972151417944856149221409556232803907722,-0.000000004489418705114191888466189536475323430059962561675235541714533888357609
.0025,0.3794660112501051517954131656343618822796908201942371378645513772947395,0.000001082212591734899366120895181884581078419396523647601607447014357616984,0.1177357742894306146732307300558126795523539575668759261197948953828062,0.1177357787788279154091699208315534143941484164485116376935148713581695,-0.000000004489397300735939190775740734841794458881635711573719975975363346954759
.0025,0.3794660112501051517954131656343618822796908201942371378645513772947395,0.000001244957423990209049349410983988069921149399533782722026769934747073411,0.117735774289720166708132087202008609210546427288477646677089831161201,0.1177357787790891413658324202954419074275958513768820644395513110378022,-0.000000004489368974657700333093433298217049424088404417762461479876601217098537
.0025,0.3794660112501051517954131656343618822796908201942371378645513772947395,0.000001432176080176313388599336622020693094068920030773432855790807979648332,0.1177357742901033534327360860883519527257222339351064134724558752737036,0.1177357787794348419883445370764334517737305051041089153861842666626895,-0.000000004489331488555608450988081499048008271169002501913728391388985963089155
.0025,0.3794660112501051517954131656343618822796908201942371378645513772947395,0.000001647548972442065702470259373989329077137325084828135159141582385814328,0.1177357742906104542236621894212578153541758256672427517482159683985664,0.1177357787798923345052909637803062013351332712139497360151406592007733,-0.000000004489281880281628774359048385980957445546706984266924690802206915602766
.0025,0.3794660112501051517954131656343618822796908201942371378645513772947395,0.000001895309979105877851734400042742375796020376021421923853446479953941769,0.1177357742912815401346462673076800183568598534151967680890733834500392,0.1177357787804977699295637117889793710447646839485876062843932113408652,-0.000000004489216229794917444481299352687904830533390838195319827890825959342702
.0025,0.3794660112501051517954131656343618822796908201942371378645513772947395,0.000002180329675769100093960771046082523537259877044289727920930052478195191,0.1177357742921696403071955097946761944447504011300948945150763588407845,0.1177357787812989897077819561172648099988953566772534496149625975944609,-0.000000004489129349400586446322588615554144955547158555099886238753676370200234
.0025,0.3794660112501051517954131656343618822796908201942371378645513772947395,0.000002508211082855183521543791569891843889713783933419622193292863087142852,0.1177357742933449323280418652051784498416993221199781627165047860467362,0.1177357787823593061466147348073168154191926878347126445114515639823305,-0.000000004489014373818572869602138365577493365714734481794946777935594344252019
.0025,0.3794660112501051517954131656343618822796908201942371378645513772947395,0.000002885399811814427114152046476880849284684637971454432016133751606610351,0.1177357742949002876550205010035488062222446568836796487158070636563766,0.1177357787837625053449160845859864985521003265726524089697236696497063,-0.000000004488862217689895583582437692329855669688972760253916605993329709513107
.0025,0.3794660112501051517954131656343618822796908201942371378645513772947395,0.000003319310775288294307220980395297543212377089296806637080385446849032067,0.1177357742969586103103710806522233438620449054329256977361051515982449,0.1177357787856194679628691147955680445718892738776485959061658168995783,-0.000000004488660857652498034143344700709844368444722898170060665301333380380645
.0025,0.3794660112501051517954131656343618822796908201942371378645513772947395,0.000003818473952147600214988128387079151236627399612366220609468711038133944,0.1177357742996825487442718865621188012539369994513451253543604944917835,0.1177357787880769310006540150200563941465098624211542411479871367984514,-0.000000004488394382256382128457937592892572862969809115793626642306667924798972
.0025,0.3794660112501051517954131656343618822796908201942371378645513772947395,0.000004392702072906482357190125846707589675769931049633868688594273554977602,0.1177357743032873482990910535335945929572092452703500512452319474743767,0.1177357787913290829415132482151930328758586101250871357615526722569191,-0.000000004488041734642422194681598439918649364854737084516320724782542316138421
.0025,0.3794660112501051517954131656343618822796908201942371378645513772947395,0.000005053283521932753859442718286794587520296264809622156843848400954457737,0.1177357743080578598747934546468977842091610824478388162618139874932309,0.1177357787956329085062582140023481446489970497246561794610194582923327,-0.000000004487575048631464759355450360439835967276817363199205470799101799534035
.0025,0.3794660112501051517954131656343618822796908201942371378645513772947395,0.000005813204248596154227396692584408806454225573228351218899342925338207234,0.117735774314371048818541046455632434573187612069794817865392089937107,0.1177357788013284955601824184883660735969154260193990456655892162342131,-0.000000004486957446741641372032733639023727813949604227800197126297106095998861
.0025,0.3794660112501051517954131656343618822796908201942371378645513772947395,0.000006687403049764220240032330732586479363880351916524775647699834531487693,0.1177357743227257826886896498702204320407666707789935815246168966161373,0.117735778808865908822132614947543134802572030836377898511407856112163,-0.000000004486140126133442965077322702761805360057384316986790959496025665699291
.0025,0.3794660112501051517954131656343618822796908201942371378645513772947395,0.00000769306524208153722564299700931370302409642408380880071180246500064463,0.1177357743337822517193113008182194686120038875847430475274324871661108,0.1177357788188407539335385356019035319087464881885911444155090925218403,-0.000000004485058502214227234783684063296742600603848096888076605355729482600715
.0025,0.3794660112501051517954131656343618822796908201942371378645513772947395,0.000008849960497148396419562920615535973861042746722840559299737062100521274,0.1177357743484141369864025578729315958350045465595403436411074045655818,0.1177357788320412421565758177899297226184519551302602581934566357605372,-0.000000004483627105170173259916998126783447408570719914552349231194955398931046
.0025,0.3794660112501051517954131656343618822796908201942371378645513772947395,0.00001018083148088515523828023868822665356054652235043727658843213259163477,0.1177357743677776485990502750661592329508813966900968357651149077539269,0.11773577884951047474919956721065036535579068831008622599875799632522,-0.000000004481732826150149292144491132404909291619989390233643088571293037606504
.0025,0.3794660112501051517954131656343618822796908201942371378645513772947395,0.00001171184093709567975807980266378351044705140877441054928676309421380456,0.1177357743934028893065097202739507382073411031289527677331298685976427,0.1177357788726288687221287593442749148279746768478123630838663809868096,-0.00000000447922597941561903907032417662063357371885959535073651238916690908682
.0025,0.3794660112501051517954131656343618822796908201942371378645513772947395,0.000013473086004160481156659801000917893530109540753478052164397324119791,0.117735774427314763064280436777209330436337560806549019865088650968938,0.1177357789032232372528471908467493035873749038447904042093397386975386,-0.000000004475908474188566754069539973151037343038241384344251087728600671396147
.0025,0.3794660112501051517954131656343618822796908201942371378645513772947395,0.00001549918987548337142599159011800827821007989206816293166101105585705467,0.1177357744721929827419676616180881644275072726255915385985090416761983,0.1177357789437111442800158873074635939886932030259906867395322598602682,-0.000000004471518161538048225689375429561185930400399148141023218184069957029502
.0025,0.3794660112501051517954131656343618822796908201942371378645513772947395,0.00001782998243476698216763380786729906266626343509769472708335805511781879,0.1177357745315838207659870059902572369866997833832764007689973288160512,0.1177357789972919401638968801037795827835966155947737989129327347586217,-0.000000004465708119397909874113522345796896832211497398143935405942570551213005
.0025,0.3794660112501051517954131656343618822796908201942371378645513772947395,0.00002051128324629190035502515638851456513814486276555312005549243496046837,0.1177357746101803352117017128203543784857923645004402789753221292704851,0.1177357790681995740315514950676897755223994029441553679568878712604374,-0.000000004458019238819849782247335397036607038443715088981565741989952251955968
.0025,0.3794660112501051517954131656343618822796908201942371378645513772947395,0.00002359580229250590627080918060301514313681848056799258323748507144780551,0.1177357747141932147827412629923708564091140024006999206859717440066672,0.1177357791620371600130230486559912327733509111860868143204108972871423,-0.000000004447843945230281785663620376364236908785386893634439153280475158080704
.0025,0.3794660112501051517954131656343618822796908201942371378645513772947395,0.00002714417616594906571518089469679489204805107769489096957284365442803309,0.1177357748518415468106438063943654180457284869446950185666248704207755,0.117735779286219734758995496455669931615232991245752398603262333009903,-0.000000004434378187948351690061304513569504504301057380036637462589127479559872
.0025,0.3794660112501051517954131656343618822796908201942371378645513772947395,0.00003122616008535082071094911716600235267703977517181362393076511002561179,0.1177357750340022887130260392861760779210383128560402727363401046903782,0.1177357794505601928946513660557772367006919719967404326185219552915456,-0.000000004416557904181625326769601158779653659140700159882181850601167387099837
.0025,0.3794660112501051517954131656343618822796908201942371378645513772947395,0.0000359219991689832313890579183666319434287005953608068702445607751052869,0.1177357752750697640798900455835725600823157228800435159584653912613536,0.1177357796680447009706380069140154693366130698149766832706186002821573,-0.000000004392974936890747961330442909254297346934933167312153209020803690337098
.0025,0.3794660112501051517954131656343618822796908201942371378645513772947395,0.00004132400592225858530076880295404237704276191080370859398296047582676066,0.1177357755940931006827675758154231292940398607767931300928857762903697,0.117735779955858863043925024099700055673671957119300189506849058631467,-0.000000004361765762361157448284276926379632096342507059413963282341097258705109
.0025,0.3794660112501051517954131656343618822796908201942371378645513772947395,0.00004753837495039389141407429749839503986057989492385393533655677978445673,0.1177357760162814906443215929964207974074541028814829101377897027459854,0.1177357803367457253900283781014077247841904312926519259441006928712449,-0.000000004320464234745706785104986927376736328411169015806310990125259447520006
.0025,0.3794660112501051517954131656343618822796908201942371378645513772947395,0.00005468727057042105739090299509671975162454051949153400759372889873153535,0.1177357765749962182763235658110087428798612137711248066486070811462586,0.1177357808408029297430186106966090771463197708064012204916451871512309,-0.000000004265806711466695044885600334266458557035276413843038106004972302229978
.0025,0.3794660112501051517954131656343618822796908201942371378645513772947395,0.0000629112283615757229649118638332184139134435590497426807374708326464304,0.1177357773143868654263523691265508108379615463482935407821531040533544,0.1177357815078610259324353805560665593709849540635917190693118230089027,-0.00000000419347416050608301142951574853302340771529817828715871895554825709746
.0025,0.3794660112501051517954131656343618822796908201942371378645513772947395,0.00007237191786461206987326697277802217253661273933088452890984001410393302,0.1177357782928800070158147157252172412814283056855109323426293088748601,0.1177357823906308779435973127883990175846939804688922148009475332561168,-0.000000004097750870927782597063181776303265674783381282458318224381256718392223
.0025,0.3794660112501051517954131656343618822796908201942371378645513772947395,0.00008325532074018731404158472183576467333840072935597309911404981983807242,0.1177357795877960731414670998535888413865886938163696812448859684338283,0.1177357835588688711131230918989464887683426706289448930190337425156944,-0.000000003971072797971655992045357647381753976812575211774147774081866046052881
.0025,0.3794660112501051517954131656343618822796908201942371378645513772947395,0.00009577538686370444560259630327494074452872460159769726321219181293802465,0.1177357813014592017215322634845258746086996531437620100586301096406323,0.1177357851048890547152975671655621176710112792361722880158917111220833,-0.000000003803429852993765303681036243062311626092410277957261601481450972988766
.0025,0.3794660112501051517954131656343618822796908201942371378645513772947395,0.0001101782402294497742574263467192581406063738662559035912616573138529321,0.1177357835692828816300751210881712613798711708535859172409752249369838,0.1177357871508577888946668136888431564398892849664609795246968215344371,-0.000000003581574907264591692600671895060018114112875062283721596597453227750089
.0025,0.3794660112501051517954131656343618822796908201942371378645513772947395,0.0001267470173452120808667816250138719976408231230830642943563785966763176,0.117735786570470312571317412639096267476189217934271376906952532056237,0.1177357898584473182152482594433012141641221144462566733398942569306095,-0.00000000328797700564393084680420494668793289651198529643294172487437250170552
.0025,0.3794660112501051517954131656343618822796908201942371378645513772947395,0.0001458074332322971345650532229405156643842174032291140354254285804911963,0.1177357905421749602896520440530524504297413000282755451144264262180907,0.1177357934416110962418475581506355168063049497446229642156268216071305,-0.000000002899436135952195514097583066376563649716347419101200395389039809275837
.0025,0.3794660112501051517954131656343618822796908201942371378645513772947395,0.0001677341844493817158321784946938368976595310536343057173035589659488135,0.1177357957982374843346620666397973629823503420799925265187871191270837,0.1177357981834903660230293937810123339802008336763369934450335051330212,-0.000000002385252881688367327141214970997850491596344466926246386005937573373665
.0025,0.3794660112501051517954131656343618822796908201942371378645513772947395,0.0001929583150131690704214273007344333399409714962979552332268109380990352,0.1177358027539299592662010097201887862911886278079069416868313250014595,0.1177358044587879527730804683408995348452868008771486322344230067092307,-0.000000001704857993506879458620710748554098173069241690547591681707771144786245
.0025,0.3794660112501051517954131656343618822796908201942371378645513772947395,0.0002219756900177817768155164910598433244938554861754265554779330615654744,0.1177358119582534511663997541357766908040781074440796905496282349900122,0.1177358127633772436109743179985454204695411906025301612791628108419632,-0.0000000008051237924445745638627687296654630831584504707295345758519509488301466
.0025,0.3794660112501051517954131656343618822796908201942371378645513772947395,0.0002553567435303709685601210688651416831872177598183319312667139825157626,0.1177358241346307383708747206234513987967695182313080795223513731664495,0.1177358237534860529713165414181267343095181812847846306828115875165865,0.0000000003811446853995581792053246644872513369465234488395397856498629963013664
.0025,0.3794660112501051517954131656343618822796908201942371378645513772947395,0.0002937576923906042223988506338058485856897297496749707884138023962363461,0.1177358402294348396447508347158538287080712213787629639151094305132764,0.1177358382975516788095590286560688951456523839518212199485432158006859,0.000000001931883160835191806059784933562418837426941743966566214712590428759032
.0025,0.3794660112501051517954131656343618822796908201942371378645513772947395,0.0003379334363589637807868662248851369194781493321652061249996795018720562,0.1177358614681081476409520113091463296700888765990529310778790131831352,0.1177358575448447309518907106962093590843765578167803316805074876947128,0.000000003923263416689061300612936970585712318782272599397371525488422443278135
.0025,0.3794660112501051517954131656343618822796908201942371378645513772947395,0.0003887523982096424409618599912026120509488195687017840172125143888821122,0.1177358894227751795643685025425327459779280654272402408666770781208321,0.1177358830162843796364538325706757307700705675851540285010674896845083,0.00000000640649079992791466997185701520785749784208621236560958843632383522193
.0025,0.3794660112501051517954131656343618822796908201942371378645513772947395,0.0004472135954999579392818347337462552470881236719223051448541794490821042,0.1177359261010801933724687524851210192262455272845330708425347682958452,0.117735916724621236094590546821040585862196634825330474403823787603635,0.00000000937645895727787820566408043336404889245920259643871098069221013974354
.0025,0.3794660112501051517954131656343618822796908201942371378645513772947395,0.0005144662796193119131525991209884424164125625998838113381747473295393711,0.1177359740695761719838428182399508926703076268851730342904895997042299,0.1177359613334847043647934135735697295087433908338144453656834152912303,0.00000001273609146761904940466638116316156423605135858892480618441299956359547
.0025,0.3794660112501051517954131656343618822796908201942371378645513772947395,0.0005918325281892306095705315110528795502703189930338658685729360022829469,0.1177360366257214194022757435128741427092979171074510880371480656259223,0.1177360203678627101583301719786368094113286154074452531834067275590422,0.00000001625785870924394557153423733329796930170000583485374133806688006356742
.0025,0.3794660112501051517954131656343618822796908201942371378645513772947395,0.0006808332349440696983736435220884697326890919959533941909991771758624565,0.117736118032921331953089392604100681580974408656988059654434296638848,0.1177360984926458938815200586074268954648356964773488455718600971294294,0.00000001954027543807156933399667378611613871217963921408257419950941857047372
.0025,0.3794660112501051517954131656343618822796908201942371378645513772947395,0.0007832180080108709191107819240421968067367625964373840899955649620171685,0.1177362238357081348022906731705027583265023987970148081397416320853042,0.1177362018812468020637331059596494132071083839431709174023016627881062,0.0000000219544613327385575672108533451193940148538438907374399692971979250039
.0025,0.3794660112501051517954131656343618822796908201942371378645513772947395,0.0009009995643395843339242955851804475402167795841780480632023233052509335,0.1177363612797160505547959289276740801704966682732703689941890639053897,0.1177363387034223287972843982578864611928469003848184380881547562325805,0.00000002257629372175751153066978761897764976788845193090603430767280923590004
.0025,0.3794660112501051517954131656343618822796908201942371378645513772947395,0.001036493296421822230299242099938785860181589178827480388532285163997163,0.11773653987970365682527234762516009493432386724924486394898087006711,0.1177365197708470876785441862337970912737147864340769895157120848534265,0.00000002010885656914672816139136300366060908081516787443326878521368353886834
.0025,0.3794660112501051517954131656343618822796908201942371378645513772947395,0.001192362789115031936084328196976008434889238788115777838017441058038191,0.1177367722129590739746393572522320881909322071485381671858815982190232,0.117736759391450857476200544187096356418815219726620825314919344270822,0.00000001282150821649843881306513573177211698742191734187096225394820123021441
.0025,0.3794660112501051517954131656343618822796908201942371378645513772947395,0.00137167218135830210184051733317268939481811212208400583582865608421695,0.1177370750478039487787927067032876943512768861246501554978239279302534,0.1177370765000297609602913859321636036726096820695636291331136858901664,-0.000000001452225812181498679228875909321332795944913473635289757959912972744325
.0025,0.3794660112501051517954131656343618822796908201942371378645513772947395,0.001577946402125375771376518175275728689837849729163994491850272852974261,0.1177374709185401912873005820622498141535263927183226335970722697201326,0.117737496154471959063721235311621809187223830458074996284522347291315,-0.00000002523593176777642065324937199503369743773975236268745007757118239846618
.0025,0.3794660112501051517954131656343618822796908201942371378645513772947395,0.001815240464755050408674235467114269925385118708155115718271036657807451,0.1177379902384043340082138858470007564814750231608145225609923623128847,0.1177380515158294649498643968410937708717675986965890941563353290197586,-0.00000006127742513094165051099409301439029257553577457159534296670687386080955
.0025,0.3794660112501051517954131656343618822796908201942371378645513772947395,0.002088219181872008422127682631391229503956678727933362208714129259323468,0.1177386740484735023385607402332285127313051759964259527978519460019697,0.1177387864687011545196235653444991103965117715348248051242724527604757,-0.0000001124202276521810628251112705976652065955383988523264205067585060423931
.0025,0.3794660112501051517954131656343618822796908201942371378645513772947395,0.002402248867962862466484199787198330648824051823304646451936071716831193,0.1177395775601135646340370410985499891518680879416169516708888449249877,0.1177397590889893765358767011488007714522337838412415135419818725747984,-0.0000001815288758119018396600502507823003656958996245618710930276498107374432
.0025,0.3794660112501051517954131656343618822796908201942371378645513772947395,0.002763502832329867620317937877044318377513569860464624176123797931950699,0.1177407747477415122268640017086387792019619326208180736470669185872912,0.1177410462330519425590345884023827296805773994992175402282746414516286,-0.0000002714853104303321705866937439504786154668783994665812077228643373684285
.0025,0.3794660112501051517954131656343618822796908201942371378645513772947395,0.00317908273624099121508792336882414835280731583871121356299880829729039,0.1177423643648924554417844153701321597762788079636867137411210580637151,0.1177427496108838275432944158324609939525755610525386754461514667885233,-0.0000003852459913721015100004623288341762967530888519617050304087248082058697
.0025,0.3794660112501051517954131656343618822796908201942371378645513772947395,0.003657158199959148674517688711740621036321641008800269273283887179254859,0.1177444778850711723193972455338580345652268818861300918042465605799541,0.1177450038232307911214152885307579525912428807363719020755625485177395,-0.0000005259381596188020180429968999180260159988502418102713159879377853362145
.0025,0.3794660112501051517954131656343618822796908201942371378645513772947395,0.004207127404096147982391430900978011458324892701449911893446772868171787,0.1177472900222533995331924274085919790741893706926344639753034163962369,0.1177479869977268333800728311340397440011818805757587205649554995243529,-0.0000006969754734338468804037254477649269925098831242565896520831281160546853
.0025,0.3794660112501051517954131656343618822796908201942371378645513772947395,0.004839801842450924097147805580154417537985183005922585345935680225969022,0.1177510326840973161185172491539351045781693831082613246037973545648129,0.1177519348645220021551119551190868226178536705105165523843034449432151,-0.0000009021804246860365947059651517180396842874022552277805060903784021774037
.0025,0.3794660112501051517954131656343618822796908201942371378645513772947395,0.005567618858270269819528488138893773650588094036324175398047076852442038,0.1177560134755361774460409351039390287100939408310347960149940824920831,0.1177571593836552521443897249797557713164210790454372811778960990612366,-0.000001145908119074698348789875816742606327138214402485162902016569153590485
.0025,0.3794660112501051517954131656343618822796908201942371378645513772947395,0.006404886142046851460958267079655075486888170866192872441482105272782652,0.117762640225023704044939318637379375517079146033125888320299820235929,0.117764073396105494480009555866678464390965616064369940290393845367212,-0.000001433171081790435070237229299088873886470031244051970094025131282989201
.0025,0.3794660112501051517954131656343618822796908201942371378645513772947395,0.007368062997280773211559645667159614443834516234876365338512922989154472,0.1177714534788021943300850051843566793251514244306706673992994171658182,0.1177732232464444230140870108579065197131624324769490681411555218123381,-0.000001769767642228684002005673549840388011008046278400741856104646519906622
.0025,0.3794660112501051517954131656343618822796908201942371378645513772947395,0.008476083903428897911590899651497754391906707778828947273370132308966254,0.1177831695371282590838225694011494377267281050937015124076670474793639,0.1177853319549298779742604742520991479678551898823341191839573586393095,-0.000002162417801618890437904850949710241127084788632606776290311159945588239
.0025,0.3794660112501051517954131656343618822796908201942371378645513772947395,0.009750730736759567745875843650012528123767457367053805280284776343506997,0.1177987374395162043741016504234603150377307658273827713362876544546966,0.1178013563504942428608261830311817614224285067489455069090292722702396,-0.000002618910978038486724532607721446384697740921562735572741617815543015189
.0025,0.3794660112501051517954131656343618822796908201942371378645513772947395,0.01121706096636509531322495769515718605471945017514407180084150019776587,0.1178194144091262035229966701641293614480922981213209565899568817487286,0.1178225626792708984346272231395877080455776906468752862367866649192217,-0.000003148270144694911630552975458346597485392525554329646829783170493103801
.0025,0.3794660112501051517954131656343618822796908201942371378645513772947395,0.01290390024296431966504346799704357945249159336259552835369047334567835,0.1178468657263175737709112177113113012928144731852302429654127007562415,0.1178506266632369254302006168022458608203364859360407283501341810373798,-0.000003760936919351659289399090934559527522012750810485384721480281138249951
.0025,0.3794660112501051517954131656343618822796908201942371378645513772947395,0.01484440906398431033599453923243622077543453996204889182620093805552357,0.1178832969333231541317548559093015638977957974629893291118608412448535,0.1178877659155959860343922477226416397664364096747695712951316203312506,-0.000004468982272831902637391813340075868640612211780242183270779086397104666
.0025,0.3794660112501051517954131656343618822796908201942371378645513772947395,0.01707673465462862631084691195209170257793715025119755123003121074592219,0.1179316288285845951411674695629946614681453045160126804506534596201053,0.1179369151763516840388820147141340515373065225796059976931090826333189,-0.000005286347767088897714545151139390069161218063593317242455623013213560085
.0025,0.3794660112501051517954131656343618822796908201942371378645513772947395,0.01964476087984626350012438956593379202065741511499031457436862504312131,0.1179957290925374161471989662889116979343370938422379822807759024023872,0.1180019582151688687027847474887210264913851804718773084022784360947525,-0.000006229122631452555585781199809328557048086629639326121502533692365302768
.0025,0.3794660112501051517954131656343618822796908201942371378645513772947395,0.02259897092924237417963854473719182305914290028724348270418296543089867,0.1180807188639180224022737529272754093403154678787550828056564742866791,0.1180880347264637680185278497241837952833765613458666441229867079863503,-0.000007315862545745616254096796908385943061093467111561317330233699671242618
.0025,0.3794660112501051517954131656343618822796908201942371378645513772947395,0.02599743973390317451961062164254387968386053472537806773952320658236706,0.1181933785108185075544334778490538075950514361132722312703914880153906,0.1182019464675422521082482083031421628092714186699580392818243165473436,-0.00000856795672374455381473045408835521421998255668580801143282853195300234
.0025,0.3794660112501051517954131656343618822796908201942371378645513772947395,0.02990697562442441083823797988281826790726919515229412691033187000095843,0.1183426846819960827449916899428442395216870993572248755230199867583687,0.1183526947327812560374317495272552949056109957268744120793833143225799,-0.0000100100507851732924400595844110553839238963696495365563633275642111986
.0025,0.3794660112501051517954131656343618822796908201942371378645513772947395,0.03440443367327038590997925294588301058041444538921748447335399088155864,0.1185405211010299535825605327562277609043643086476539345646100993237168,0.1185521916350093744505189574693787840526552606449564368075768612995073,-0.00001167053397942086795842471315102314829095199730250224296676197579046974
.0025,0.3794660112501051517954131656343618822796908201942371378645513772947395,0.03957822653962329624157815968631807817792216172011484802237974696181863,0.1188026192988741488491781079332614514689897569768950871727721286199043,0.1188162013994701200942794812835728933914886429205153876723507979435667,-0.00001358210059597124510137335031144192249888594362030049957866932366230812
.0025,0.3794660112501051517954131656343618822796908201942371378645513772947395,0.04553006251745811583603359199576329195200183708251347303001699522277621,0.1191498036544343725867958183956141041646996267492390259190248041935709,0.11916558605132259508269389413831966805508516227662141488364445397006,-0.00001578239688822249589807574270556389038553552738238896461964977648913487
.0025,0.3794660112501051517954131656343618822796908201942371378645513772947395,0.05237694495402155663686587115999650198498895658397177060098813232475998,0.1196096391642021387034319249247793012830066749177441766645204920472939,0.1196279539307811789253663851277633478258396850183235825768762466357598,-0.00001831476657904022193446020298404654283301010057940591235575458846584858
.0025,0.3794660112501051517954131656343618822796908201942371378645513772947395,0.06025347234400770049406590988660026919009642512637401081625970226981593,0.1202186121913498468707595894969844920961520994603159382792305795345844,0.1202398413013955475554158729029513523657792458408330497310908275172436,-0.00002122911004570068465628340596686026962714638051711145186024798265918547
.0025,0.3794660112501051517954131656343618822796908201942371378645513772947395,0.06931448431551463928822518515190713766800936500564289614910879705463749,0.121025016567293941884815789764120401239075119317375767978725623123656,0.1210495994419389214846301587109777183494032514913733931062490898745407,-0.00002458287464497959981436894685731711032813217399762512752346675088466229
.0025,0.3794660112501051517954131656343618822796908201942371378645513772947395,0.07973810552353236358005818561857008127031555563813709437703233677326446,0.1220927731632245799187539975402538443687636666381496355604887286139782,0.1221212153596165413405564784868757865901078658905366505968004816803187,-0.00002844219639196142180248094662194222134419925238701503631175306634052738
.0025,0.3794660112501051517954131656343618822796908201942371378645513772947395,0.09172924728892250080994696450349264590123034654193442821899255039618238,0.1235064848205534788513626648632691776197769775089895161495908581393988,0.1235393680369696336398346823380670419904449520755833094195491361808128,-0.00003288321641615478847201747479786437066797456659379326995827804141403088
.0025,0.3794660112501051517954131656343618822796908201942371378645513772947395,0.1055236358193771659196446191759728506301143888797283956765611691240845,0.1253781261572320254661464399108422337416620963663812432402965141280542,0.1254161197565990647115897230669171009249718199810387248846268741331693,-0.0000379935993670392454432831560748671833097236146574816443303600051150611
.0025,0.3794660112501051517954131656343618822796908201942371378645513772947395,0.1213924462005834464480828252909918229439277833695081418506254523727685,0.1278558969661920832404485569307186370069555645358941779591603930591426,0.1278997712515185126997934874396053277982380233552953054437728697418701,-0.00004387428532642945934493050888669079128245881940112748461247668272751113
.0025,0.3794660112501051517954131656343618822796908201942371378645513772947395,0.1396476332542701401430068747806155084784888521726532656790212353704625,0.1311359389022996263071055532845047438977410763591735891619447159778926,0.1311865804142258048462656746892368053051774837241151850654216657903426,-0.00005064151192617853916012140473206140743640736494159590347694981244999212
.0025,0.3794660112501051517954131656343618822796908201942371378645513772947395,0.1606480640590749208362607149821509474655868433118038183537321800530814,0.1354778414215710938752409189690296706309223375024368203327952690234242,0.1355362705711375666255881403706032995648990301235942520729382675946411,-0.00005842914956647275034722140157362893397669262115743174014299857121685712
.0025,0.3794660112501051517954131656343618822796908201942371378645513772947395,0.1848065726895481729573370937138040045542522819174246679958852175633956,0.1412251616105207078158959228241136262047103165896871478030114911337599,0.1412925530291551496545717610994213383745721049165531382761859009358395,-0.00006739141863444183867583827530771216986178832686599047317440980207957993
.0025,0.3794660112501051517954131656343618822796908201942371378645513772947395,0.2125980758579078682233392261780104625267935795010930983351177430776754,0.1488325421647573076993974991693746834097035634000234846438099462769157,0.1489102488868901708615535149295777102996597411631762570862059807293598,-0.00007770672213286316215601576020302688995617776315277244239603445244416167
.0025,0.3794660112501051517954131656343618822796908201942371378645513772947395,0.2445689089987703683882288728935203062844843104708160467971650339703306,0.1589009062954940454092416111514464999282840302351394983153004302767194,0.1589904974342125222479670360278128041569198829697101543422863521347202,-0.00008959113871847683872542487636630422863585273457065602698592185800079721
.0025,0.3794660112501051517954131656343618822796908201942371378645513772947395,0.2813475663289920702120460802391094767181659923996043538606785352403512,0.1722185198655969352225936995617043159442412077815243423756128991832916,0.1723218822122177354751630402395248150567380303218025968813619972503137,-0.0001033623466208002525693406778204991124968225402782545057490980670221134
.0025,0.3794660112501051517954131656343618822796908201942371378645513772947395,0.3236570560146080196588056898126777598628493517602741141064225129799269,0.1897944868745026889473757851531893627599752844347485493621771705361689,0.1899141014885965486393508216982867253229287964457843961602809621587784,-0.0001196146140938596919750365450973625629535120110358467981037916226094201
.0025,0.3794660112501051517954131656343618822796908201942371378645513772947395,0.3723291133272138827744332810519355093383069670970777800526381446524379,0.2128661105377235285772378456078216465485067758037419270105620392865405,0.21300554986154065136082370840539605679824478962853799662298178554222,-0.0001394393238171227835858627975744102497380138247960696124197462556794916
.0025,0.3794660112501051517954131656343618822796908201942371378645513772947395,0.4283205511971670518571721330608491941328098322580807784328310013297942,0.2428905495624973307172796037400092907854973816362848816509479908746327,0.2430549969619251126605119151390959121611308767019112120496323809445285,-0.0001644473994277819432323113990866213756334950656263303986843900698958368
.0025,0.3794660112501051517954131656343618822796908201942371378645513772947395,0.4927320695887034435641674320549194629456636498120116166174798343778029,0.2815762267927079126939373600274408430860915555692491320656940105645699,0.2817726974781268330640535405195325968642038222348914491287558754766375,-0.0001964706854189203701161804920917537781122666656423170630618649120675775
.0025,0.3794660112501051517954131656343618822796908201942371378645513772947395,0.5668298934584782832389532195707293812588806408679847802841355678643052,0.3310122414783498667472097655234682865865804178483363078014085779513153,0.3312493868779158248079132766527209394150210647881235449436079003203978,-0.0002371453995659580607035111292526528284406469397872371421993223690825293
.0025,0.3794660112501051517954131656343618822796908201942371378645513772947395,0.652070664664356555078291959535635042005868964828678361903705579820767,0.3939105420226931052299511635310062517570404257953798808833125256696392,0.3941982120992991555301942365970812901892456326985303612585889451959236,-0.0002876700766060503002430730660750384322052069031504803752764195262844201
.0025,0.3794660112501051517954131656343618822796908201942371378645513772947395,0.7501300771586112986900901297989561659126126231252708811413900669876405,0.473938769212021187175693612892569350545255428166614987419874775725543,0.4742876049781496693812698705006292911457088002552913200407650327456587,-0.0003488357661284822055762576080599406004533720886763326208902570201157833
.0025,0.3794660112501051517954131656343618822796908201942371378645513772947395,0.8629358183865285386725378983489728045032107855011590912621014865884184,0.5761226202413225097919570211194911620557310218864855111604849902284634,0.5765438517751337800786989758646251025035238810803525617090661834170967,-0.0004212315338112702867419547451339404477928591938670505485811931886333373
.0025,0.3794660112501051517954131656343618822796908201942371378645513772947395,0.9927054644643631088710829173140431709728302920620578680070009353162013,0.7073226724573361467030454874239354867767882024280038161634350644115738,0.7078281569708568772906317879140349733720408996191309864113752003534224,-0.0005054845135207305875863004900994865952526971911271702479401359418485699
.0025,0.3794660112501051517954131656343618822796908201942371378645513772947395,1.141990074093778238105679700123673985567687462112379421847645333920424,0.8768190121822262783317532436022379305637237167638545236341034579626479,0.8774214612519100231775114355474021950459586919294629194377743249846278,-0.0006024490696837448457581919451642644822349751656083958036708670219799295
.0025,0.3794660112501051517954131656343618822796908201942371378645513772947395,1.313724338197727490569631068283893689258254498380283101724207831693973,1.097058007400915752757729946477667256445933889256928461462021783029875,1.097771332123494597883990631321404626900488160132847475504530789585689,-0.0007133247225788451262606848437373704545542708759190140425090065558136963
.0025,0.3794660112501051517954131656343618822796908201942371378645513772947395,1.511284271137484073369429492929956292534664573492071981889536628316491,1.384631327345602312516195374816461364308718160423533325744782754354144,1.385471045908850447955147495942120828815529717542744032440265988179992,-0.0008397185632481354389521211256594645068115571192107066954832338258483863
.0025,0.3794660112501051517954131656343618822796908201942371378645513772947395,1.738553577625656075868927179052419798593522528988912573363431210908378,1.761573704000791231591994447840816884627239187508204311577090696249143,1.76255738106019376520003674230275576938577603471854719432420830102406,-0.000983677059402533608042294461938884758536847210342882747117604774917149
.0025,0.3794660112501051517954131656343618822796908201942371378645513772947395,2.0,2.257087915384268560087464548731903792207517368545687083091525791868597,2.258235623360977897933695405014467207574034866840337879281479569711064,-0.00114770797670933784623085628256341536651749829465079618995377784246691
.001,0.3809660112501051517954131656343618822796908201942371378645513772947395,0.0,0.1179154544739991487343891688060173873281040515403777269254732153883401,0.1179154547611449533563822475312724796025888706259570992733131740825552,-0.0000000002871458046219930787252550922744848190855793723478399586942151432764334
.001,0.3809660112501051517954131656343618822796908201942371378645513772947395,0.0000001,0.1179154544740067904187050064575300710406216445152693607759681797900468,0.1179154547611518581864384980570314566684170424353684977274141452682445,-0.0000000002871450677677334915995013856277953979200991369514459654781977346144748
.001,0.3809660112501051517954131656343618822796908201942371378645513772947395,0.0000001150381573360196065478824960634685054099208668330996685309621528092229,0.1179154544740092615694947522937328751329509103298707915890681675054968,0.1179154547611540910549451440172760086770581127597820504506311392726986,-0.00000000028714482948545039172354313354410720242991125886156297176720181754145
.001,0.3809660112501051517954131656343618822796908201942371378645513772947395,0.0000001323377764326680161917624518399610100306535792788196358588095029383343,0.1179154544740125318355022002485153692986608086839963230352530128471171,0.1179154547611570459834775046011293686741859915897009170055808892789026,-0.0000000002871445141479753043526139993755251829057045939703278764317855203912051
.001,0.3809660112501051517954131656343618822796908201942371378645513772947395,0.0000001522389394676025074387325464644742258860748984375987209606922535077296,0.1179154544740168596328198902612906263353586083998265566246221703583655,0.1179154547611609564701924050687623692951868125894024312297860099001455,-0.000000000287144096837372514807471742959828204189575874605163839541779992739771
.001,0.3809660112501051517954131656343618822796908201942371378645513772947395,0.0000001751328707114282220550127702893031118689657040670868145046253395137064,0.1179154544740225869435586338735707670615598979794131642184142484094308,0.117915454761166131521358599233534284433971283072951409523789237637293,-0.0000000002871435445777999653599635173724113850935382453053749892278621592325738
.001,0.3809660112501051517954131656343618822796908201942371378645513772947395,0.0000002014696273561005981305070692588969977789667749648439974545255299415009,0.1179154544740301663392396765821588279503612592690640222678673059325489,0.1179154547611729800690011934462528933616726473262697588792371649768943,-0.0000000002871428137297615168640940654113113880572057366113698590443454370081265
.001,0.3809660112501051517954131656343618822796908201942371378645513772947395,0.0000002317669469022034043107660572002944113453527107497344733649858751040462,0.1179154544740401967429510021772469203424800581268236611717442950417184,0.1179154547611820432846693345312925696487053721232991588131118035862995,-0.0000000002871418465417183323540456493062253139964754976413675085445811228168584
.001,0.3809660112501051517954131656343618822796908201942371378645513772947395,0.000000266620425030245771799187443006293318139686636897740443742971557295308,0.117915454474053470756189790278659084422689403024378582314580799525039,0.1179154547611940373427578496192108729858666675644927882783981186950404,-0.0000000002871405665865680593405517885631772645401142059638173191700014276882035
.001,0.3809660112501051517954131656343618822796908201942371378645513772947395,0.0000003067152240362583316111348383118932727453913725659353956431646166138717,0.1179154544740710372901533804311698633539776455961151232093166389957445,0.1179154547612099100125362330511788661738221319274762910632908167667027,-0.0000000002871388727223828526200090028198444863313611678539741777709581711018063
.001,0.3809660112501051517954131656343618822796908201942371378645513772947395,0.0000003528395420003558854734894930573523293971884558152338069144487509204596,0.1179154544740942844505970850627715540433927153133445657516755070476585,0.1179154547612309155507814457792445824033020077919723655696052730073245,-0.000000000287136631100184360716473028359909292478627799817929765959666051437292
.001,0.3809660112501051517954131656343618822796908201942371378645513772947395,0.0000004059001074700603848646794911781118397756989978065613510802175165616815,0.117915454474125049225812018532154917631464847674750713595220691125096,0.1179154547612587138130228739756516429405293421135974765897264950039585,-0.0000000002871336645872108554434967253090644944388467629945058038788625145374975
.001,0.3809660112501051517954131656343618822796908201942371378645513772947395,0.0000004669400042584807376337633441239251282685753297531456293196321722018157,0.1179154544741657626452559700480248095828694846437278876633799433805782,0.1179154547612955014151601019911894298991717253403906276929090030202719,-0.0000000002871297387699041319431646203163022406966627400295290596396936877179719
.001,0.3809660112501051517954131656343618822796908201942371378645513772947395,0.0000005371591767636877218978995074548269744086449587029818678949841274817396,0.1179154544742196418792578009948772879520311774640954071124893820340522,0.11791545476134418530983140620337273445991208800092229987081396125855,-0.0000000002871245434305736052084954465078809105368268927583245792244977610413761
.001,0.3809660112501051517954131656343618822796908201942371378645513772947395,0.0000006179380189102787528038171547666794196681149631905884129399630703771566,0.1179154544742909444594947780821166393282359651598818879640403580828772,0.1179154547614086124935202323492496598451532642907494784767383639573329,-0.0000000002871176680340254542671330205169172991308675905126980058744556930030446
.001,0.3809660112501051517954131656343618822796908201942371378645513772947395,0.0000007108645104330890606401954812973092672731528857049602402774071667610694,0.1179154544743853047087195125484036451741514479166363318159378179438391,0.1179154547614938739958322154487643654433089565483788313076849190463918,-0.0000000002871085692871127029003607202691575086317424994917471011025526313657686
.001,0.3809660112501051517954131656343618822796908201942371378645513772947395,0.0000008177654339579425045748902614641540411461507214940135918036228746425935,0.1179154544745101789643798500013876000116538103091644415624662610255604,0.1179154547616067071721449817147865445790903228736330843058792682133561,-0.0000000002870965282077651317133989445674365125644686427434130071877957974897143
.001,0.3809660112501051517954131656343618822796908201942371378645513772947395,0.0000009407422865561214060526567226529527390816562524671195103289028573007944,0.1179154544746754347776575856654614231715506252344798629943203214455167,0.1179154547617560280887556484608771395374211145826703634548306663667776,-0.000000000287080593311098062795415716365870489348190500460510344921260883496289
.001,0.3809660112501051517954131656343618822796908201942371378645513772947395,0.000001082212591734899366120895181884581078419396523647601607447014357616984,0.1179154544748941306463750627954058938063530831878235386384618786014414,0.1179154547619536360695470832590837275559286639815038108423761250834239,-0.0000000002870595054231720204636778337495755807936802722039142464819824831011326
.001,0.3809660112501051517954131656343618822796908201942371378645513772947395,0.000001244957423990209049349410983988069921149399533782722026769934747073411,0.1179154544751835478961858788291562857827335574714366818555086322307907,0.1179154547622151460773799617998473139734351657674564647246595961917347,-0.0000000002870315981811940829706910281907016082960197828691509639609439727513586
.001,0.3809660112501051517954131656343618822796908201942371378645513772947395,0.000001432176080176313388599336622020693094068920030773432855790807979648332,0.1179154544755665562491980928489461790164806395371854437954059685974367,0.1179154547625612226068948892205085358370401074662029205440948560807516,-0.0000000002869946663576967963715623568205594679290174767486888874833148930342749
.001,0.3809660112501051517954131656343618822796908201942371378645513772947395,0.000001647548972442065702470259373989329077137325084828135159141582385814328,0.1179154544760734209871258405339230124403828625950418439144079952519599,0.1179154547630192125908102902117832970788159946005619841391709489575492,-0.0000000002869457916036844496778602846384331320055201402247629537055893463504005
.001,0.3809660112501051517954131656343618822796908201942371378645513772947395,0.000001895309979105877851734400042742375796020376021421923853446479953941769,0.1179154544767441945108206919134804015798373539811852846550006638341719,0.1179154547636253063518082657828820075652226451140534031222484447901914,-0.0000000002868811118409875738694016059853852911328681184672477809560195157645996
.001,0.3809660112501051517954131656343618822796908201942371378645513772947395,0.000002180329675769100093960771046082523537259877044289727920930052478195191,0.1179154544776318812769775137538020641240671004156883488293187079611934,0.117915454764427397358210115910669322747788200074951637400285059573669,-0.0000000002867955160812326021568672586237210996592632885709663516124756467800763
.001,0.3809660112501051517954131656343618822796908201942371378645513772947395,0.000002508211082855183521543791569891843889713783933419622193292863087142852,0.1179154544788066262049965091706935539939413713175063800487009343926904,0.1179154547654888667610487332380876409855606429854647970715834676174437,-0.0000000002866822405560522240673940869916192716679584170228825332247532632337348
.001,0.3809660112501051517954131656343618822796908201942371378645513772947395,0.000002885399811814427114152046476880849284684637971454432016133751606610351,0.1179154544803612575214923941383228152712284242376945129850757342390248,0.1179154547668935917662784788860880745828184726928614333176285405661978,-0.0000000002865323342447860847477652593115900484551669203325528063271729419739015
.001,0.3809660112501051517954131656343618822796908201942371378645513772947395,0.000003319310775288294307220980395297543212377089296806637080385446849032067,0.1179154544824186220374689619121803249114874434484668037677975961949318,0.1179154547687525736031932037801858087244736820079027182393381826029808,-0.0000000002863339515657242418680054838129862385594359144715405864080489899375233
.001,0.3809660112501051517954131656343618822796908201942371378645513772947395,0.000003818473952147600214988128387079151236627399612366220609468711038133944,0.1179154544851412924910270746223451340295584964561673851275212423786098,0.1179154547712127088304533175566972303148108648656917017464324932851662,-0.0000000002860714163394262429343520962852523684095243166189112509065564335539662
.001,0.3809660112501051517954131656343618822796908201942371378645513772947395,0.000004392702072906482357190125846707589675769931049633868688594273554977602,0.1179154544887444140288551180893997156384380759315520302642821808103433,0.117915454774468397087446116147023097099994156395291352916978191833469,-0.0000000002857239830585909980576233814615560804637393226526960110231256981722466
.001,0.3809660112501051517954131656343618822796908201942371378645513772947395,0.000005053283521932753859442718286794587520296264809622156843848400954457737,0.1179154544935127049541833039967117610099697661912103883162574583628528,0.1179154547787769025343298720765386109057423991206038650862090061212355,-0.000000000285264197580146568079826849895772632929393476769951547758382742948492
.001,0.3809660112501051517954131656343618822796908201942371378645513772947395,0.000005813204248596154227396692584408806454225573228351218899342925338207234,0.1179154544998229551386033156804632382779960615613616720415449144164073,0.1179154547844786828402162210234735457403622750580685511587047796276459,-0.0000000002846557277016129053430103074623662134967068791171598652112386513765269
.001,0.3809660112501051517954131656343618822796908201942371378645513772947395,0.000006687403049764220240032330732586479363880351916524775647699834531487693,0.1179154545081737999200030919313471927915828067394349351771787270933942,0.1179154547920242921141019920445377295841834637496181520800052019320849,-0.0000000002838504921940989001131905367926006570101832169028264748386907011842814
.001,0.3809660112501051517954131656343618822796908201942371378645513772947395,0.00000769306524208153722564299700931370302409642408380880071180246500064463,0.1179154545192251222170510519416789321710155548143112179636112544839136,0.1179154548020099836454596081491697789486559179245700626331898053960412,-0.0000000002827848614284085562074908467776403631102588446695785509121275683195896
.001,0.3809660112501051517954131656343618822796908201942371378645513772947395,0.000008849960497148396419562920615535973861042746722840559299737062100521274,0.117915454533850196411371972818316648030604253972906556098286775882682,0.1179154548152248257794835133604114884393355836604741596813926125013447,-0.000000000281374629368111540542094840408731329687567603583105836618662663704879
.001,0.3809660112501051517954131656343618822796908201942371378645513772947395,0.00001018083148088515523828023868822665356054652235043727658843213259163477,0.1179154545532046944017642161923204186647046555032837585073117645018124,0.1179154548327130540187380841294712656898665610193084894803732302884178,-0.0000000002795083596169738679371508470251619055160247309730614657866053225349513
.001,0.3809660112501051517954131656343618822796908201942371378645513772947395,0.00001171184093709567975807980266378351044705140877441054928676309421380456,0.1179154545788180066819547272488890207898999458777437035277622972874561,0.1179154548558565864080375122534614108045430923221323657862258543585546,-0.0000000002770385797260827850045723900146431464443886622584635570710985527609758
.001,0.3809660112501051517954131656343618822796908201942371378645513772947395,0.000013473086004160481156659801000917893530109540753478052164397324119791,0.117915454612714094624314348267887371591307285312557957279631815191341,0.1179154548864842225600106998789483284239889378589029324056545453104669,-0.0000000002737701279356963516110609568326816525463449751260227301191258344985425
.001,0.3809660112501051517954131656343618822796908201942371378645513772947395,0.00001549918987548337142599159011800827821007989206816293166101105585705467,0.1179154546575714237048947639132808916826852816483962139163862643340453,0.1179154549270161552174199822439983661493135415943611349194832812782213,-0.0000000002694447315125252183307174744666282599459649210030970169441760149825691
.001,0.3809660112501051517954131656343618822796908201942371378645513772947395,0.00001782998243476698216763380786729906266626343509769472708335805511781879,0.1179154547169346155772194497195085623520466730101440502851896311190215,0.1179154549806552136414218346964596342128388904909429918940392487099045,-0.000000000263720598064202384976951071860792217480798941608849617590883042981671
.001,0.3809660112501051517954131656343618822796908201942371378645513772947395,0.00002051128324629190035502515638851456513814486276555312005549243496046837,0.1179154547954945437205122430365547145933529930863616799147652748704597,0.1179154550516399508591655864179175900165532175732383792026997875865038,-0.000000000256145407138653343381362875423200224486876699287934512716044053576772
.001,0.3809660112501051517954131656343618822796908201942371378645513772947395,0.00002359580229250590627080918060301514313681848056799258323748507144780551,0.1179154548994590057924477014998692316502059256120309532365807694702314,0.1179154551455795736997001991440043265603484079795895656663383833760538,-0.0000000002461205679072524976441350949101424823675586124297576139058223474257621
.001,0.3809660112501051517954131656343618822796908201942371378645513772947395,0.00002714417616594906571518089469679489204805107769489096957284365442803309,0.1179154550370432631786315829767038818531934999790084556392593332043003,0.1179154552698971817560984346980853622168504260987486316140812333443493,-0.0000000002328539185774668517213814803636569261197401759748219001400490292776566
.001,0.3809660112501051517954131656343618822796908201942371378645513772947395,0.00003122616008535082071094911716600235267703977517181362393076511002561179,0.1179154552191192101249061400185910579860744826619724667098852055271178,0.1179154554344163399722152138882663821510233753757316362142541636216249,-0.0000000002152971298473090738696753241649488927137591695043689580945070605243301
.001,0.3809660112501051517954131656343618822796908201942371378645513772947395,0.0000359219991689832313890579183666319434287005953608068702445607751052869,0.11791545546007446973233019094178375719516440427001175680832769574503,0.1179154556521373357611672111404421866129718020436221970660164378427419,-0.0000000001920628660288370201986584294178073977736104402576887420977119267137778
.001,0.3809660112501051517954131656343618822796908201942371378645513772947395,0.00004132400592225858530076880295404237704276191080370859398296047582676066,0.117915455778949302494354315286825091922030269821973231437447796377359,0.1179154559402644604153290513245620312466592985823541200688920479077772,-0.0000000001613151579209747360377369393246290287603808886314442515304181877723047
.001,0.3809660112501051517954131656343618822796908201942371378645513772947395,0.00004753837495039389141407429749839503986057989492385393533655677978445673,0.1179154562009411657704598809721842271199993936254353644024573558051571,0.1179154563215654904820284364164290728160602817917962877588471270081165,-0.0000000001206243247115685554442448456960608881663609233563897712029594058471954
.001,0.3809660112501051517954131656343618822796908201942371378645513772947395,0.00005468727057042105739090299509671975162454051949153400759372889873153535,0.1179154567593958131769045395971963828429258739021696243451056723726491,0.1179154568261707951871573217610253828141116046691550544212704196035637,-0.00000000006677498201025278216382899997118573076698543007616474723091460565161634
.001,0.3809660112501051517954131656343618822796908201942371378645513772947395,0.0000629112283615757229649118638332184139134435590497426807374708326464304,0.1179154574984421857310559298430992637969828692224889881406885023713511,0.1179154574939542351952140080257333785240392736966445254915236095446391,0.000000000004487950535841921817365885272943595525844462649164892826712027925674436
.001,0.3809660112501051517954131656343618822796908201942371378645513772947395,0.00007237191786461206987326697277802217253661273933088452890984001410393302,0.1179154584764770347817861366860761086838103438390095956207671710815281,0.1179154583776839910874558097877124150982741818874750308379485889852488,0.00000000009879304369433032689836369358553616195153456478281858209627935982554227
.001,0.3809660112501051517954131656343618822796908201942371378645513772947395,0.00008325532074018731404158472183576467333840072935597309911404981983807242,0.1179154597707481450587369684009628568368337982562661993600455015985843,0.1179154595471922997090935700971118348313161697237542396876601326609354,0.0000000002235558453496433983038510220055176285325119596723853689376489016032443
.001,0.3809660112501051517954131656343618822796908201942371378645513772947395,0.00009577538686370444560259630327494074452872460159769726321219181293802465,0.1179154614832472651465169423899522500372773141856063069850478759849261,0.1179154610948935905342736349778565971853536914484732082997399661725656,0.0000000003883536746122433074120956528519236227371330986853079098123604408252154
.001,0.3809660112501051517954131656343618822796908201942371378645513772947395,0.0001101782402294497742574263467192581406063738662559035912616573138529321,0.1179154637479284375136122540859366818065313998639983954939389550632418,0.1179154631430870646320174524239978255132941354569642075706131051072919,0.0000000006048413728815948016619388562932372644070341879233258499559498832311168
.001,0.3809660112501051517954131656343618822796908201942371378645513772947395,0.0001267470173452120808667816250138719976408231230830642943563785966763176,0.1179154667391245191101423496343704165863637738175519593456336555578759,0.1179154658536207652919857587575692249643638992758843308814827162411973,0.0000000008855037538181565908768011916219998745416676284641509393166785767311574
.001,0.3809660112501051517954131656343618822796908201942371378645513772947395,0.0001458074332322971345650532229405156643842174032291140354254285804911963,0.1179154706814054410086008640436458746948992871780828091908289828907135,0.1179154694406807942034975285189344159462361982038411269714119769163223,0.000000001240724646805103335524711458748663088974241682219417005974391224423056
.001,0.3809660112501051517954131656343618822796908201942371378645513772947395,0.0001677341844493817158321784946938368976595310536343057173035589659488135,0.1179154758620109801374007597754624807525282429383267099857130425072317,0.11791547418771627577001067929846424717471450819990808716820700460663,0.000000001674294704367390080476998233577813734738418622817506037900601691714143
.001,0.3809660112501051517954131656343618822796908201942371378645513772947395,0.0001929583150131690704214273007344333399409714962979552332268109380990352,0.1179154826477905037032280525687653730549734117868668771794225424679635,0.1179154804698374785449283898005304881007624278472302990599070131472364,0.000000002177953025158299662768234884954210983939636578119515529320727117217344
.001,0.3809660112501051517954131656343618822796908201942371378645513772947395,0.0002219756900177817768155164910598433244938554861754265554779330615654744,0.117915491508885587122543089132609289636535041325563800914367333208798,0.117915488783456991102433956517406435050240614093163579308266855022332,0.000000002725428596020109132615202854586294427232400221606100478186465995304285
.001,0.3809660112501051517954131656343618822796908201942371378645513772947395,0.0002553567435303709685601210688651416831872177598183319312667139825157626,0.1179155030514208527816055240809688728989486690066866608422338177130581,0.1179154997855161950934501633005470884512712732049334473381656375934223,0.000000003265904657688155360780421784447677395801753213504068180119635866703004
.001,0.3809660112501051517954131656343618822796908201942371378645513772947395,0.0002937576923906042223988506338058485856897297496749707884138023962363461,0.1179155180616828661429924671656169480876010805772216149353485542486142,0.1179155143453967074608555493080576946984058080592706731543333205794014,0.000000003716286158682136917857559253389195272517950941781015233669212736166539
.001,0.3809660112501051517954131656343618822796908201942371378645513772947395,0.0003379334363589637807868662248851369194781493321652061249996795018720562,0.1179155375650417352584134839020808680161069738385429820896731855534904,0.117915533613618828781230958805683793770232570504065535632139117267344,0.000000003951422906477182525096397074245874403334477446457534068286146362817058
.001,0.3809660112501051517954131656343618822796908201942371378645513772947395,0.0003887523982096424409618599912026120509488195687017840172125143888821122,0.1179155629048803476623401687520576468355390216592784583220239663154338,0.1179155591127555422440720183249313999163977532949625158061760612602814,0.000000003792124805418268150427126246919141268364315942515847905055152331265379
.001,0.3809660112501051517954131656343618822796908201942371378645513772947395,0.0004472135954999579392818347337462552470881236719223051448541794490821042,0.1179155958511880621742895731095383148896770736817353272021323142830161,0.1179155928577460783668974270725890430387770985950391186970269605376929,0.000000002993441983807392146036949271850899975086696208505105353745323193455935
.001,0.3809660112501051517954131656343618822796908201942371378645513772947395,0.0005144662796193119131525991209884424164125625998838113381747473295393711,0.1179156387543961826111379326738940947616534139848750730845888139515522,0.1179156375151162112861023181127618644452653696495034585771160420135025,0.000000001239279971325035614561132230316388044335371614507472771938049674148551
.001,0.3809660112501051517954131656343618822796908201942371378645513772947395,0.0005918325281892306095705315110528795502703189930338658685729360022829469,0.1179156947628652477563774443783000390801168811390104903082821281989503,0.1179156966136868584977793853127044220218637469806024535772401222500381,-0.000000001850821610741401940934404382941746865841591963268957994051087861688701
.001,0.3809660112501051517954131656343618822796908201942371378645513772947395,0.0006808332349440696983736435220884697326890919959533941909991771758624565,0.117915768120061129009262529180652881073776648641935751405423141856774,0.1179157748234211565071320453251244384418577772650865559896649801109661,-0.000000006703360027497869516144471557368081128623150804584241838254192131314118
.001,0.3809660112501051517954131656343618822796908201942371378645513772947395,0.0007832180080108709191107819240421968067367625964373840899955649620171685,0.1179158645556418644823835203324551541734802294324046730000946099148728,0.1179158783244444803904274836279001278515287568309666205444079291869111,-0.00000001376880261590804396329544497367804852739856194754431331927203828448727
.001,0.3809660112501051517954131656343618822796908201942371378645513772947395,0.0009009995643395843339242955851804475402167795841780480632023233052509335,0.1179159917903095905090627370650004542314016263239106307499498856368769,0.1179160152953973322746818558064541551365951238180755790911999557869646,-0.00000002350508774176561911874145370090519349749416494834125007015008770436068
.001,0.3809660112501051517954131656343618822796908201942371378645513772947395,0.001036493296421822230299242099938785860181589178827480388532285163997163,0.1179161601877918114748974124468009590239954365236796391732605966481959,0.1179161965597106950963826493321948096325357118167530718633880596299606,-0.00000003637191888362148523688539385060854027529307343269012746298176465253418
.001,0.3809660112501051517954131656343618822796908201942371378645513772947395,0.001192362789115031936084328196976008434889238788115777838017441058038191,0.1179163836049681576897698381159115740142306557219197353307821302933651,0.1179164364408724653981410153989380355413595844060587981655628776209906,-0.00000005283590430770837117728302646152712892868413906283478074732762546747945
.001,0.3809660112501051517954131656343618822796908201942371378645513772947395,0.00137167218135830210184051733317268939481811212208400583582865608421695,0.1179166805106906230242465102655884783083946411057644728152783699818475,0.1179167538942680330667803752626971448286192544617566521269961243175786,-0.00000007338357741004253386499710866652022461335599217931171775433573102497277
.001,0.3809660112501051517954131656343618822796908201942371378645513772947395,0.001577946402125375771376518175275728689837849729163994491850272852974261,0.1179170754662052347942158508183757385669216554021237294848144837151892,0.117917174005032937321341689587286742345909175951882941251808560380275,-0.00000009853882770252712583876891100377898752054975921176699407666508580903284
.001,0.3809660112501051517954131656343618822796908201942371378645513772947395,0.001815240464755050408674235467114269925385118708155115718271036657807451,0.1179176010881058673382350335308181693598439679938224589242917570685287,0.1179177299702777658852698307980312890323416781722853656917412406661901,-0.0000001288821718985470347972672131196724977101784629067674494835976613744397
.001,0.3809660112501051517954131656343618822796908201942371378645513772947395,0.002088219181872008422127682631391229503956678727933362208714129259323468,0.1179183006518083072475717669927572488048399194577482388743723604386489,0.1179184657223205104455805865372041366968775411943490158520675070896123,-0.0000001650705122031980088195444468878920376217366007769776951466509634037423
.001,0.3809660112501051517954131656343618822796908201942371378645513772947395,0.002402248867962862466484199787198330648824051823304646451936071716831193,0.1179192315432061997009978217849187482735113138275349365732954907743208,0.1179194394002139365298242526284189439500881746379071150168330697094837,-0.0000002078570077368288264308435001956765768608103721784435375789351628618957
.001,0.3809660112501051517954131656343618822796908201942371378645513772947395,0.002763502832329867620317937877044318377513569860464624176123797931950699,0.1179204698325919445955916788947103096564127055363413132180357250195816,0.117920727943887713052741791136123767475884718210025603070808728588753,-0.0000002581112957684571501122414134578194720126736842898527730035691714675515
.001,0.3809660112501051517954131656343618822796908201942371378645513772947395,0.00317908273624099121508792336882414835280731583871121356299880829729039,0.1179221163333220909087364494853948507045130568451396097117057128165386,0.1179224331739339527147320852480868813210373052666445341725899054951827,-0.0000003168406118618059956357626920306165242484215049244608841926786440740494
.001,0.3809660112501051517954131656343618822796908201942371378645513772947395,0.003657158199959148674517688711740621036321641008800269273283887179254859,0.1179243046249737654855703481787201862524180841831735698539717998321512,0.1179246898374602080400525288308025086475423903266084211559291930015491,-0.00000038521248644255448218065208232239512430614343485130195739316939798052
.001,0.3809660112501051517954131656343618822796908201942371378645513772947395,0.004207127404096147982391430900978011458324892701449911893446772868171787,0.117927211676058966970069157503329402488309692754177344690876737275712,0.117927676255792421374974340729969124481723135909587449118997622064004,-0.0000004645797334544049051832266397219934134431554101044281208847882919595514
.001,0.3809660112501051517954131656343618822796908201942371378645513772947395,0.004839801842450924097147805580154417537985183005922585345935680225969022,0.1179310719069536645953087157591017283693260769466707630166003436875263,0.1179316284154082500709384724903392754696998048573383582933305480219143,-0.000000556508454585475629756731237547100373727910667595276730204334388005254
.001,0.3809660112501051517954131656343618822796908201942371378645513772947395,0.005567618858270269819528488138893773650588094036324175398047076852442038,0.1179361958057723784339690897090823520867542973601304470502639495921223,0.1179368586155649076417537442186894055054188579349840277154967635118783,-0.0000006628097925292077846545096070534186645605748535806652328139197559906783
.001,0.3809660112501051517954131656343618822796908201942371378645513772947395,0.006404886142046851460958267079655075486888170866192872441482105272782652,0.1179429945699610929415559749553097826782181076184313217588163928040228,0.1179437801461552061901669686559615043393937870513727329132771015399224,-0.0000007855761941132486109937006517216611756794329414111544607087358996072825
.001,0.3809660112501051517954131656343618822796908201942371378645513772947395,0.007368062997280773211559645667159614443834516234876365338512922989154472,0.1179520127228386854483682251957414612529688674995511598718736610013289,0.1179529399458335142099924638807970220820809683232742547708130540118777,-0.0000009272229948287616242386850555608291121008237230948989393930105487647866
.001,0.3809660112501051517954131656343618822796908201942371378645513772947395,0.008476083903428897911590899651497754391906707778828947273370132308966254,0.117963971284841405670845850840094321927160876647864045566426122878469,0.11796506182105347372141443809052515509235079670293580468746589841453,-0.000001090536212068050568587250430833165189920055071759121039775536061062952
.001,0.3809660112501051517954131656343618822796908201942371378645513772947395,0.009750730736759567745875843650012528123767457367053805280284776343506997,0.1179798249136459257773959159812761730213480269145536333942708103741151,0.1179811036411815107239701843941764661915687613884965369831354500394671,-0.000001278727535584946574268412900293170220734473942903588864639665352074814
.001,0.3809660112501051517954131656343618822796908201942371378645513772947395,0.01121706096636509531322495769515718605471945017514407180084150019776587,0.1180008375316076055040105801963523421175073674983654526337967682021705,0.1180023330292382830705185507589319150497790245819225051440109440595285,-0.000001495497630677566507970562579572932271657083557052510214175857358027492
.001,0.3809660112501051517954131656343618822796908201942371378645513772947395,0.01290390024296431966504346799704357945249159336259552835369047334567835,0.1180286824203195737503611384102919723190138392873630222934466740950288,0.1180304275293428779834785594308770716439269573068434066029860250461674,-0.000001745109023304233117421020585099324913118019480384309539350951138668233
.001,0.3809660112501051517954131656343618822796908201942371378645513772947395,0.01484440906398431033599453923243622077543453996204889182620093805552357,0.1180655746960626176846423903651411056418020427041948346456818633535659,0.1180676071660811724813605141137101758302277830052775994437216857512792,-0.000002032470018554796718123748569070188425740301082764798039822397713318783
.001,0.3809660112501051517954131656343618822796908201942371378645513772947395,0.01707673465462862631084691195209170257793715025119755123003121074592219,0.1181144466393090961752955029228939324493118640162362215548367028965986,0.1181168098706263747568907425455169194873835626754194856573653937102475,-0.000002363231317278581595239622622987038071698659183264102528690813648888754
.001,0.3809660112501051517954131656343618822796908201942371378645513772947395,0.01964476087984626350012438956593379202065741511499031457436862504312131,0.1181791797385224368762391425463700236475317991337544171685078713881421,0.1181819236357662307286972598812205853179755556988303996283314492452176,-0.000002743897243793852458117334850561670443756565075982459823577857075509251
.001,0.3809660112501051517954131656343618822796908201942371378645513772947395,0.02259897092924237417963854473719182305914290028724348270418296543089867,0.1182649117909189273265167906631898775018341260161519010623562178935234,0.118268093744703905847287570157335550172481805942215015914086780991382,-0.000003181953784978520770779494145672670647679926063114851730563097858546368
.001,0.3809660112501051517954131656343618822796908201942371378645513772947395,0.02599743973390317451961062164254387968386053472537806773952320658236706,0.1183784433348484852092225825866416266318393604495859965852236699202955,0.1183821293508216328262262688540279476912310996636649313842149890006543,-0.000003686015973147617003686267386321059391739214078934798991319080358889008
.001,0.3809660112501051517954131656343618822796908201942371378645513772947395,0.02990697562442441083823797988281826790726919515229412691033187000095843,0.1185287755387708580276133449522404543799818573123621931715702262608075,0.1185330415362993482466475525309043714650620916820909398303037685258114,-0.000004265997528490219034207578663917085080234369728746658733542265003853863
.001,0.3809660112501051517954131656343618822796908201942371378645513772947395,0.03440443367327038590997925294588301058041444538921748447335399088155864,0.1187278220608073390258185650597817823001548678781619819030432291703022,0.1187327553669265005687401935181938205485611298931546318995828936375686,-0.000004933306119161542921628458412038248406262014992649996539664467266387894
.001,0.3809660112501051517954131656343618822796908201942371378645513772947395,0.03957822653962329624157815968631807817792216172011484802237974696181863,0.1189913511414995632195372847785712907911439037917688844452914725072297,0.1189970522096069786729650277080074138632792118341186880416889642250676,-0.000005701068107415453427742929436123072135308042349803596397491717837826854
.001,0.3809660112501051517954131656343618822796908201942371378645513772947395,0.04553006251745811583603359199576329195200183708251347303001699522277621,0.1193402323871531310443469999798089244228202177323865601385271289763163,0.1193468167743920700883462232530180334104558984300983003974304253318639,-0.000006584387238939043999223273209108987635680697711740258903296355547584265
.001,0.3809660112501051517954131656343618822796908201942371378645513772947395,0.05237694495402155663686587115999650198498895658397177060098813232475998,0.119802086779765975249412311077657910619253488265484807202961705064074,0.119809687422178058650826026155311564036512375956215352878833162553944,-0.000007600642412083401413715077653653417258887690730545675871457489870046705
.001,0.3809660112501051517954131656343618822796908201942371378645513772947395,0.06025347234400770049406590988660026919009642512637401081625970226981593,0.120413470314769239206460225023433845761349944659153575176553212934136,0.1204222401452175224033357645077004809472477872886039266978714070058877,-0.000008769830448283196875539484266635185897842629450351521318194071751727409
.001,0.3809660112501051517954131656343618822796908201942371378645513772947395,0.06931448431551463928822518515190713766800936500564289614910879705463749,0.1212227638376743813999584186395436947239946524066255086692506339046371,0.1212328787983657080506367652622069730219569513388167433306462967267937,-0.0000101149606913266506783466226632782979622989321912346613956628221565541
.001,0.3809660112501051517954131656343618822796908201942371378645513772947395,0.07973810552353236358005818561857008127031555563813709437703233677326446,0.1222939974575349421747322209366846957566619824362587129846457023913174,0.1223056599668457450996859906234774799891753588013964816835198328240585,-0.00001166250931080292495376968679278423251337636513776869887413043274107487
.001,0.3809660112501051517954131656343618822796908201942371378645513772947395,0.09172924728892250080994696450349264590123034654193442821899255039618238,0.123711911768803738368396691908940375678891713811812863714029473899182,0.1237253547112006201341151497359527957437081848595536097094050718049806,-0.00001344294239688176571845782701242006481647104774074599537559790579861419
.001,0.3809660112501051517954131656343618822796908201942371378645513772947395,0.1055236358193771659196446191759728506301143888797283956765611691240845,0.1255886558496749090469805716546000801737290570005634861015373332925365,0.1256041471680113123886258526142945077400502080388516289011483812996084,-0.00001549131833640334164528095969442756632115103828814279961104800707183669
.001,0.3809660112501051517954131656343618822796908201942371378645513772947395,0.1213924462005834464480828252909918229439277833695081418506254523727685,0.1280726513475536360529237810098407337236384375342609581586579393063383,0.1280904993291392761280920649308462057797154410739928419794974075820872,-0.00001784798158564007516828392100547205607700353973188382083946827574882087
.001,0.3809660112501051517954131656343618822796908201942371378645513772947395,0.1396476332542701401430068747806155084784888521726532656790212353704625,0.1313603231316153944783346457049852158496107950268983205100276644481804,0.1313808824934557634396175174549322609365730554529027268614065471403635,-0.00002055936184036896128287174994704508696226042600440635137888269218308965
.001,0.3809660112501051517954131656343618822796908201942371378645513772947395,0.1606480640590749208362607149821509474655868433118038183537321800530814,0.1357116235097571364424176530980345850458553431671568047713549041838533,0.1357353024046086173911920294600521293422186716184312753813094312852958,-0.00002367889485148094877437636201754429636332845127447060995452710144251147
.001,0.3809660112501051517954131656343618822796908201942371378645513772947395,0.1848065726895481729573370937138040045542522819174246679958852175633956,0.1414705760202516116827156570612162113092530179351666649657114864946729,0.1414978441111467864820282461855963794389334788730056226119347861241162,-0.00002726809089517479931258912438016812968046093783895764622329962944324426
.001,0.3809660112501051517954131656343618822796908201942371378645513772947395,0.2125980758579078682233392261780104625267935795010930983351177430776754,0.1490924251257684821743896041933323394357926818179896388148653523154211,0.1491238231596854505515429231899050639960386539227802731017999353296307,-0.00003139803391696837715331899657272456024597210479063428693458301420960008
.001,0.3809660112501051517954131656343618822796908201942371378645513772947395,0.2445689089987703683882288728935203062844843104708160467971650339703306,0.1591788755180281903780892350877694557931375508628345533866305323936205,0.1592150301740507690695462477344189393318664034948270311862220242669832,-0.00003615465602257869145701264664948353872885263199247779959149187336279015
.001,0.3809660112501051517954131656343618822796908201942371378645513772947395,0.2813475663289920702120460802391094767181659923996043538606785352403512,0.1725192192381580643978927975766492632304671581591099182098025014504438,0.1725608831801223713925472747435320147882571927855470842483170480935567,-0.0000416639419643069946544771668827515577900346264371660385145466431129336
.001,0.3809660112501051517954131656343618822796908201942371378645513772947395,0.3236570560146080196588056898126777598628493517602741141064225129799269,0.1901238892168665253520860250708116900186198608763523282371048680516322,0.1901720507972742709544731295472013798455685002321783748692289298547207,-0.00004816158040774560238710447638968982694863935582604663212406180308845704
.001,0.3809660112501051517954131656343618822796908201942371378645513772947395,0.3723291133272138827744332810519355093383069670970777800526381446524379,0.2132317432728378203180846680374818242902504362796648388915323911572609,0.2132878250999288280063665941008108134677805052393214069450954106294021,-0.00005608182709100768828192606332898917753006895965656805356301947214113334
.001,0.3809660112501051517954131656343618822796908201942371378645513772947395,0.4283205511971670518571721330608491941328098322580807784328310013297942,0.2433013833097825236966910195383749543388767706292287656178367289465653,0.2433674515203339087450171754243752091810751450594805264264568324725247,-0.00006606821055138504832615588600025484219837443025176080862010352595933412
.001,0.3809660112501051517954131656343618822796908201942371378645513772947395,0.4927320695887034435641674320549194629456636498120116166174798343778029,0.282042088554303188976151754126607516368185540634383990340028570814937,0.2821209437860050156470877674427446416360139479978498015530297503076098,-0.00007885523170182667093601331613712526782840736346581121300117949267276179
.001,0.3809660112501051517954131656343618822796908201942371378645513772947395,0.5668298934584782832389532195707293812588806408679847802841355678643052,0.3315429351759460514266241953045877740395837325648501658193548528565551,0.3316380362966324146017168392024659145300491311243966032115233414651375,-0.00009510112068636317509264389787814049046539855954643739216848860858241191
.001,0.3809660112501051517954131656343618822796908201942371378645513772947395,0.652070664664356555078291959535635042005868964828678361903705579820767,0.3945150496296142882322319200964089481083165095121601583407821907192824,0.3946303389827812303072574785596248092617192578927787458264425103815629,-0.0001152893531669420750255584632158611534027483806185874856603196622805026
.001,0.3809660112501051517954131656343618822796908201942371378645513772947395,0.7501300771586112986900901297989561659126126231252708811413900669876405,0.4746248182372124137756907401401368941373013237604608198237593566151393,0.4747645576249606192534251985871501450164984695090819991609215119929612,-0.0001397393877482054777344584470132508791971457486211793371621553778219255
.001,0.3809660112501051517954131656343618822796908201942371378645513772947395,0.8629358183865285386725378983489728045032107855011590912621014865884184,0.5768966840174445486758062236478174742855178982918161279737378248680033,0.5770653724443676835449490558800827203236188816404009889871981500165264,-0.0001686884269231348691428322322652460381009833485848610134603251485231305
.001,0.3809660112501051517954131656343618822796908201942371378645513772947395,0.9927054644643631088710829173140431709728302920620578680070009353162013,0.708190303091150620108160324834107143876047246139622612889061632531829,0.7083926907767550615995702561127089616341069197604214970800676060106215,-0.0002023876856044414914099312786018177580596736207988841910059734787925208
.001,0.3809660112501051517954131656343618822796908201942371378645513772947395,1.141990074093778238105679700123673985567687462112379421847645333920424,0.8777853525823764020309760967062670155507420508045343405867597031261095,0.8780265311357494852617403992709292142945636885075597748866179060089878,-0.0002411785533730832307643025646621987438216377030254342998582028828782313
.001,0.3809660112501051517954131656343618822796908201942371378645513772947395,1.313724338197727490569631068283893689258254498380283101724207831693973,1.098128354151349462483102879371455014379034544878786190874312818703664,1.098413894365812358185711245605402779905748963274524354024393017004993,-0.0002855402144628957026083662339477655267144183957381631500801983013282626
.001,0.3809660112501051517954131656343618822796908201942371378645513772947395,1.511284271137484073369429492929956292534664573492071981889536628316491,1.385811668072062347855017598499134043689278933278551388499630187258512,1.386147782982991583142626336150525163057021432811083925834657955662571,-0.0003361149109292352876087376513911193677424995325325373350277684040591857
.001,0.3809660112501051517954131656343618822796908201942371378645513772947395,1.738553577625656075868927179052419798593522528988912573363431210908378,1.762871199039388104949483120722834759080044963443216365289979822014035,1.763264919857848821515056830440526121374187055240041578724619039825152,-0.000393720818460716565573709717691362294142091796825213434639217811117848
.001,0.3809660112501051517954131656343618822796908201942371378645513772947395,2.0,2.258511323568054718512091564579003773478100193844104287637116630384709,2.258970684439542900739047914688963631620760594858914988441409828233213,-0.0004593608714881822269563501099598581426604010148107008042931978485048501
.0005,0.3814660112501051517954131656343618822796908201942371378645513772947395,0.0,0.1179748467196345650828554554246100857935260371932824894546135924742461,0.1179748467555199007804845409484552986614490252158599807043808983939078,-0.0000000000358853356976290855238452128679229880225774912497673059196617396870234
.0005,0.3814660112501051517954131656343618822796908201942371378645513772947395,0.0000001,0.1179748467196422055842744929790583685740961647088216072539458931794062,0.1179748467555268081105407914742142757272771970252713791584818695795972,-0.00000000003588460252626629849515590715318103231644977190453597640019096286406082
.0005,0.3814660112501051517954131656343618822796908201942371378645513772947395,0.0000001150381573360196065478824960634685054099208668330996685309621528092229,0.1179748467196446763525417161706885855415038223483846574196384030483442,0.1179748467555290417874918482511592325299795633487101826480383455545421,-0.00000000003588436543495013208047064698847574100032552522839994250619795016678723
.0005,0.3814660112501051517954131656343618822796908201942371378645513772947395,0.0000001323377764326680161917624518399610100306535792788196358588095029383343,0.1179748467196479461123273633034947229874726100436579887794498563636456,0.1179748467555319977859015658040177391083654034121815951607912152674256,-0.00000000003588405167357420250052301612089279336852360638134135890378002487677653
.0005,0.3814660112501051517954131656343618822796908201942371378645513772947395,0.0000001522389394676025074387325464644742258860748984375987209606922535077296,0.1179748467196522732397223782910569271487783393428519703575072817654297,0.11797484675553590968846837104103029612319839718666559629467150295486,-0.00000000003588363644874599274997336897442005784381362593716422118943026873169783
.0005,0.3814660112501051517954131656343618822796908201942371378645513772947395,0.0000001751328707114282220550127702893031118689657040670868145046253395137064,0.1179748467196579996639003499567215263876047489435157190048607376314417,0.1179748467555410866133414935571753937712023954601861095896412760970305,-0.00000000003588308694944114360045386738359764651667039058478053846558877186850818
.0005,0.3814660112501051517954131656343618822796908201942371378645513772947395,0.0000002014696273561005981305070692588969977789667749648439974545255299415009,0.1179748467196655778863265803468617680858601574491938246003300417919982,0.1179748467555479376406061736149453340375200813689686347027798344522807,-0.00000000003588235975427959326808356595165992391977481010244979266028251472718428
.0005,0.3814660112501051517954131656343618822796908201942371378645513772947395,0.0000002317669469022034043107660572002944113453527107497344733649858751040462,0.1179748467196756067373785754304436575080952644154429699627852425042512,0.1179748467555570041377510470406684361550532130838764004603034954721988,-0.00000000003588139740037247161022477864695794866843343049751825296794757045920799
.0005,0.3814660112501051517954131656343618822796908201942371378645513772947395,0.000000266620425030245771799187443006293318139686636897740443742971557295308,0.1179748467196888786958625299585787649354804406595635972000141016989202,0.117974846755569002538472903863620208049613854587127351538287985630399,-0.00000000003588012384261037390504144311413341392756375433827388393147884864358571
.0005,0.3814660112501051517954131656343618822796908201942371378645513772947395,0.0000003067152240362583316111348383118932727453913725659353956431646166138717,0.1179748467197064425106092622174463807483131418816592888435700252193575,0.1179748467555848809551956903713968365491003528411976495357648527560431,-0.00000000003587843844458642815395045580078721095953836069219482753668556882069019
.0005,0.3814660112501051517954131656343618822796908201942371378645513772947395,0.0000003528395420003558854734894930573523293971884558152338069144487509204596,0.1179748467197296860725018407303386289903097211013498396227285397028136,0.1179748467556058940988193389516536351974367620836232757356613418867278,-0.00000000003587620802631749822131500620712704098227343611293280218391422129441839
.0005,0.3814660112501051517954131656343618822796908201942371378645513772947395,0.0000004059001074700603848646794911781118397756989978065613510802175165616815,0.1179748467197604460854742301014870275173204341238694754971826999377479,0.1179748467556337024258494784444770237558738464367272864539213400186901,-0.00000000003587325634037524834298999623855341231285781095673864008094227373994203
.0005,0.3814660112501051517954131656343618822796908201942371378645513772947395,0.0000004669400042584807376337633441239251282685753297531456293196321722018157,0.1179748467198011532026722904272331696625879672692309146093598732516578,0.1179748467556705033475042896358745979773080319933819406209028345748225,-0.00000000003586935014483199920864142831472006472415102601154296132316473315333461
.0005,0.3814660112501051517954131656343618822796908201942371378645513772947395,0.0000005371591767636877218978995074548269744086449587029818678949841274817396,0.1179748467198550240964220436538936729513350472182145394608850413412245,0.117974846755719204868928994981233407319934164612057298417830971930703,-0.0000000000358641807725069513273397343685991173938427589569459305894785520867486
.0005,0.3814660112501051517954131656343618822796908201942371378645513772947395,0.0000006179380189102787528038171547666794196681149631905884129399630703771566,0.1179748467199263156393548722068362515114404008198268792545039623749657,0.1179748467557836553794713294564378536072230958594332755927963974242008,-0.00000000003585733974011645724960160209578269503960639633829243504923507306397262
.0005,0.3814660112501051517954131656343618822796908201942371378645513772947395,0.0000007108645104330890606401954812973092672731528857049602402774071667610694,0.1179748467200206612820567183922134104583173437892212958307782971624318,0.1179748467558689477520225571847936705701262810029697201453728839116655,-0.00000000003584828646996583879258026011180893721374842431459458674923368298181504
.0005,0.3814660112501051517954131656343618822796908201942371378645513772947395,0.0000008177654339579425045748902614641540411461507214940135918036228746425935,0.1179748467201455162077694513655238260238915767850127729175445976180989,0.1179748467559818217813235192374753644462187921255200627457449056441,-0.00000000003583630557355406787195153842232721534050728982820030802600103763899191
.0005,0.3814660112501051517954131656343618822796908201942371378645513772947395,0.0000009407422865561214060526567226529527390816562524671195103289028573007944,0.1179748467203107464402243416614204840415200215734215230135177797682448,0.1179748467561311967618703705879704476692966575719197709545664616921127,-0.00000000003582045032164602892654996362777663599849824794104868192386793579955322
.0005,0.3814660112501051517954131656343618822796908201942371378645513772947395,0.000001082212591734899366120895181884581078419396523647601607447014357616984,0.1179748467205294084558496720511615520035441576351441681433861044020497,0.1179748467563288762896728040682604986098554131591678685586632096585087,-0.00000000003579946783382313201709894660631125552402370041527710525645897263762942
.0005,0.3814660112501051517954131656343618822796908201942371378645513772947395,0.000001244957423990209049349410983988069921149399533782722026769934747073411,0.1179748467208187809052310873867680521362789823781586021053936800499061,0.1179748467565904809812291423013157828220482705643145981530290245763788,-0.00000000003577170007599805491454773068576928818615599604763534452647268429197383
.0005,0.3814660112501051517954131656343618822796908201942371378645513772947395,0.000001432176080176313388599336622020693094068920030773432855790807979648332,0.1179748467212017299703512002353767122325488352465262305146688364000342,0.1179748467569366828130783399352002305248099749202342555967317192201056,-0.00000000003573495284272713969982351829226113967370802508206288282007135233388114
.0005,0.3814660112501051517954131656343618822796908201942371378645513772947395,0.000001647548972442065702470259373989329077137325084828135159141582385814328,0.1179748467217085162480008474309957527429605280614543510575862596113805,0.1179748467573948386193167323556089956600435690627660668471810455431411,-0.0000000000356863223713158849246132429170830410013117157895947859317606218050169
.0005,0.3814660112501051517954131656343618822796908201942371378645513772947395,0.000001895309979105877851734400042742375796020376021421923853446479953941769,0.117974846722379185939108277735363166130872388062931132201646608341229,0.1179748467580011518258897837808495530720419655025420020682001892733002,-0.0000000000356219658867815060454863869411695774396108698665535809320711383487997
.0005,0.3814660112501051517954131656343618822796908201942371378645513772947395,0.000002180329675769100093960771046082523537259877044289727920930052478195191,0.1179748467232667352955276940186269716470655465912828480142057406011033,0.117974846758803533241686169175137493664085814540851033328725880233405,-0.00000000003553679794615847515651052201702026794956818531452013963230173086698287
.0005,0.3814660112501051517954131656343618822796908201942371378645513772947395,0.000002508211082855183521543791569891843889713783933419622193292863087142852,0.1179748467244412983785556049532227955588990068682502066590819949187769,0.1179748467598653869658600660483445828410166280357155145916274354958148,-0.00000000003542408858730446109512178728211762116746530793254544057703789529158468
.0005,0.3814660112501051517954131656343618822796908201942371378645513772947395,0.000002885399811814427114152046476880849284684637971454432016133751606610351,0.1179748467259956890454337345335853894460797769187420549111008966455789,0.1179748467612706205733992769861219332597245213995977747669301642050282,-0.00000000003527493152796554245253654381364474448085571985582926755944937877704267
.0005,0.3814660112501051517954131656343618822796908201942371378645513772947395,0.000003319310775288294307220980395297543212377089296806637080385446849032067,0.1179748467280527350910571711128868889795277396926304338530333497725058,0.117974846763130275483301233441725063442001818051320759017062304504115,-0.00000000003507754039224406232883817446247407835869032516402895473160920301276208
.0005,0.3814660112501051517954131656343618822796908201942371378645513772947395,0.000003818473952147600214988128387079151236627399612366220609468711038133944,0.1179748467307749840880313527344549896079896793910341313071412140048213,0.1179748467655913014403864184022441757042445323472041886125809454474045,-0.00000000003481631735235506566778918609625485295617005730543973144258312399719754
.0005,0.3814660112501051517954131656343618822796908201942371378645513772947395,0.000004392702072906482357190125846707589675769931049633868688594273554977602,0.1179748467343775478795875927176472933811999991576567043693730117742488,0.1179748467688481684694237387909664518413726718186927586354533650256523,-0.00000000003447062058983614607331915846017267266103605426608035325140345738406629
.0005,0.3814660112501051517954131656343618822796908201942371378645513772947395,0.000005053283521932753859442718286794587520296264809622156843848400954457737,0.1179748467391451006959015377895958857130944023853015905030416241666498,0.1179748467731582338770204247679354329913241822525864269612721887308698,-0.00000000003401313318111888697833954727822977986728483645823056456422004586676466
.0005,0.3814660112501051517954131656343618822796908201942371378645513772947395,0.000005813204248596154227396692584408806454225573228351218899342925338207234,0.1179748467454543740832644540669142993158884749819925171451939240122038,0.1179748467788620786002274885351760364548445580709583863230766340921236,-0.00000000003340770451696303446826173713895608308896586917788271007991975353956277
.0005,0.3814660112501051517954131656343618822796908201942371378645513772947395,0.000006687403049764220240032330732586479363880351916524775647699834531487693,0.1179748467538039261931586105182774222340155516427145025740782966651713,0.1179748467864104198780917844102025945113872747206982366028709838720589,-0.00000000003260649368493317389192517227737172307798373402879268720688762534723022
.0005,0.3814660112501051517954131656343618822796908201942371378645513772947395,0.00000769306524208153722564299700931370302409642408380880071180246500064463,0.1179748467648535377974794545947483930496482847870420210336786170593654,0.1179748467963997268827666323315918612952923945032297020390833763541081,-0.00000000003154618908528717773684346824564410971618768100540475929474268420675479
.0005,0.3814660112501051517954131656343618822796908201942371378645513772947395,0.000008849960497148396419562920615535973861042746722840559299737062100521274,0.1179748467794763480990837148752875875840246781432438083991743334661767,0.1179748468096193536537860785505720770462967931705454601773712714149472,-0.00000000003014300555470236367528448946227211502730165177819693794877057216744788
.0005,0.3814660112501051517954131656343618822796908201942371378645513772947395,0.00001018083148088515523828023868822665356054652235043727658843213259163477,0.1179748467988278501041939084952403471286796466127228320363721442318696,0.1179748468271139137752509231024115658012251852557159106409116416094837,-0.00000000002828606367105701460717121867254553864299307860453949737761414683832717
.0005,0.3814660112501051517954131656343618822796908201942371378645513772947395,0.00001171184093709567975807980266378351044705140877441054928676309421380456,0.1179748468244371975640799049099991294227704678525129235817202230821781,0.117974846850265825636673763223190242796732564146905700020345678815803,-0.00000000002582862807259385831319111337396209629439277643862545573362487223810381
.0005,0.3814660112501051517954131656343618822796908201942371378645513772947395,0.000013473086004160481156659801000917893530109540753478052164397324119791,0.1179748468583280385514089803150748868142858757969262795446830950842089,0.1179748468809045509957318695563480033695269491969404418044261475147763,-0.00000000002257651244432288924127311655524107340001416225974305243056738735164141
.0005,0.3814660112501051517954131656343618822796908201942371378645513772947395,0.00001549918987548337142599159011800827821007989206816293166101105585705467,0.1179748469031784239283715498780963389335109264157500650007378289478357,0.1179748469214511588632213472228432902028536544504846176461336217508724,-0.00000000001827273493484979734474695126934272803473455264539579280303663844990451
.0005,0.3814660112501051517954131656343618822796908201942371378645513772947395,0.00001782998243476698216763380786729906266626343509769472708335805511781879,0.1179748469625324266577263034089065981538854937325115006424375578279705,0.1179748469751096381339301528940196513559196487896660562210747533603321,-0.00000000001257721147620384948511305320203415505715455557863719553236164662627338
.0005,0.3814660112501051517954131656343618822796908201942371378645513772947395,0.00002051128324629190035502515638851456513814486276555312005549243496046837,0.1179748470410801940935389100185921927036270871209373689139036731521523,0.1179748470461200764683702835346601948479378224495993829513037596951926,-0.000000000005039882374831373516068002144310735328662014037400086543040250222824014
.0005,0.3814660112501051517954131656343618822796908201942371378645513772947395,0.00002359580229250590627080918060301514313681848056799258323748507144780551,0.1179748471450285629547994734558512208314128378314854002294620642840514,0.1179748471400937115952592493066753578226809069107571494483142120723576,0.000000000004934851359540224149175863008731930920728250781147852211693811279236984
.0005,0.3814660112501051517954131656343618822796908201942371378645513772947395,0.00002714417616594906571518089469679489204805107769489096957284365442803309,0.1179748472825915227200303503385047266266682512255474388181548047700369,0.1179748472644563307551327474455571724173895710497473759510208667891648,0.0000000000181351919648976028929475542092786801758000628671339379808721404745615
.0005,0.3814660112501051517954131656343618822796908201942371378645513772947395,0.00003122616008535082071094911716600235267703977517181362393076511002561179,0.1179748474646392666975208233792112714325565507620281911881486339410155,0.1179748474290350556647364964990960973011338431687287040794982330649846,0.00000000003560421103278432688011517413142270759329948710865040087603086345003249
.0005,0.3814660112501051517954131656343618822796908201942371378645513772947395,0.0000359219991689832313890579183666319434287005953608068702445607751052869,0.1179748477055566359964255238165480791872362153987680496406786524483773,0.1179748476468348806913436125492510923717580461198373683311490503629368,0.00000000005872175530508191126729698681547816927893068130952960208544044357354915
.0005,0.3814660112501051517954131656343618822796908201942371378645513772947395,0.00004132400592225858530076880295404237704276191080370859398296047582676066,0.1179748480243729075572905618577148559493067486141996062798986822856084,0.1179748479350663262057970603995160231043217457367054302562397109998806,0.00000000008930658135149350145819883284498500287749417602365897128572776228262373
.0005,0.3814660112501051517954131656343618822796908201942371378645513772947395,0.00004753837495039389141407429749839503986057989492385393533655677978445673,0.1179748484462173555429695921265499081731006641512593320226825952962707,0.1179748483165054121793617891881028554933502319581777416970959383870737,0.0000000001297119433636078029384470526797504321930815903255866569091970420686218
.0005,0.3814660112501051517954131656343618822796908201942371378645513772947395,0.00005468727057042105739090299509671975162454051949153400759372889873153535,0.1179748490041080537941303348900012809412532349309528825351701335012164,0.1179748488212934170018702254491641513700422159567396657311454970876747,0.0000000001828146367922601094408371295712110189742132168040246364135417334544584
.0005,0.3814660112501051517954131656343618822796908201942371378645513772947395,0.0000629112283615757229649118638332184139134435590497426807374708326464304,0.1179748497410419014229544982195667428221465435608654983291555863257982,0.1179748494893186382828068838489556515750573802409954609655942050565512,0.0000000002517232631401476143706110912470891633198700373635613812692470621386915
.0005,0.3814660112501051517954131656343618822796908201942371378645513772947395,0.00007237191786461206987326697277802217253661273933088452890984001410393302,0.1179748507124375045105131317952668932476262775525619349723618693119501,0.1179748503733683621354086421208168809361342490270026361836156075616261,0.0000000003390691423751044896744500123114920285255592987887462617503240163462347
.0005,0.3814660112501051517954131656343618822796908201942371378645513772947395,0.00008325532074018731404158472183576467333840072935597309911404981983807242,0.1179748519892008840623754923764948386544184442272185148929789250065433,0.1179748515433001092410837294965002835189740027553573552438689293760158,0.0000000004459007748212917628799945551354444414718611596491099956305274826896683
.0005,0.3814660112501051517954131656343618822796908201942371378645513772947395,0.00009577538686370444560259630327494074452872460159769726321219181293802465,0.1179748536618892853764506183694236468553425800277600007516862522975424,0.1179748530915617691405989909152880903568011621859068483943560511893931,0.0000000005703275162358516274541355564985414178418531523573302011081493330727531
.0005,0.3814660112501051517954131656343618822796908201942371378645513772947395,0.0001101782402294497742574263467192581406063738662559035912616573138529321,0.1179748558465310604679024391944516005722250227549069305612452327145646,0.1179748551404968232111343320023827152044290856204652835859185329649101,0.0000000007060342372567681071920688853677959371344416469753266997496544945086638
.0005,0.3814660112501051517954131656343618822796908201942371378645513772947395,0.0001267470173452120808667816250138719976408231230830642943563785966763176,0.1179748586926679088219407126311170636885270853975872164285878566953446,0.1179748578520119143175649251956585618977778275524268833953455360113933,0.0000000008406559945043757874354585017907492578451603330332423206839513641450854
.0005,0.3814660112501051517954131656343618822796908201942371378645513772947395,0.0001458074332322971345650532229405156643842174032291140354254285804911963,0.1179748623942345197974255889765735237996245788276939426268209246822504,0.1179748614403706935240475186417007156595466143569138478900070286860528,0.0000000009538638262733780703348728081400779644707800947368138959961975785438379
.0005,0.3814660112501051517954131656343618822796908201942371378645513772947395,0.0001677341844493817158321784946938368976595310536343057173035589659488135,0.1179748672040743491942738608403014453324037331034106593868215678002678,0.1179748661891249123523377744709482182395523997077651184092648377644996,0.000000001014949436841936086369353227092851333395645540977556730035768215447835
.0005,0.3814660112501051517954131656343618822796908201942371378645513772947395,0.0001929583150131690704214273007344333399409714962979552332268109380990352,0.1179748734533702379175132239892145792023551589840386262975350360054921,0.117974872473520653802211030287074139185920970170590854668401681959905,0.0000000009798495841153021937021404400164341888134477716291333540455871053978188
.0005,0.3814660112501051517954131656343618822796908201942371378645513772947395,0.0002219756900177817768155164910598433244938554861754265554779330615654744,0.1179748815783334264026891975521511229230867496974533766349501925425553,0.1179748807901502402662538360236934399104737552567080519846348697491217,0.0000000007881831861364353615284576830126129944407453246503153227934336205960939
.0005,0.3814660112501051517954131656343618822796908201942371378645513772947395,0.0002553567435303709685601210688651416831872177598183319312667139825157626,0.1179748921579775085143645013817290852408616847274531141926937184417788,0.1179748917961929091341613705946872064985223038449830528899503209523675,0.0000000003617845993802031307870418787423393808824700613027433974894112247115841
.0005,0.3814660112501051517954131656343618822796908201942371378645513772947395,0.0002937576923906042223988506338058485856897297496749707884138023962363461,0.1179749059675776014137980608590491610166634495340246300587200434709483,0.1179749063613450503446210561920539612159902827617538242229300221723066,-0.0000000003937674489308229953330048001993268332277291941642099787013583044166155
.0005,0.3814660112501051517954131656343618822796908201942371378645513772947395,0.0003379334363589637807868662248851369194781493321652061249996795018720562,0.1179749240518663889377046351598720362004696413962690655481615681878597,0.1179749256365435280576777081755086053321845747331606036160163271248878,-0.000000001584677139119973073015636569131714933336891538067854758937028118411279
.0005,0.3814660112501051517954131656343618822796908201942371378645513772947395,0.0003887523982096424409618599912026120509488195687017840172125143888821122,0.1179749478215084073644606985169860569956304597269279355917576543070999,0.1179749511449125964466114135763499562985068151982320115745455851188725,-0.000000003323404189082150715059363899302876355471304075982787930811772555001096
.0005,0.3814660112501051517954131656343618822796908201942371378645513772947395,0.0004472135954999579392818347337462552470881236719223051448541794490821042,0.1179749791776916739459877453792855396335041519444758120586185324300434,0.1179749849021210257909997204897718620976372531849420001280946848490456,-0.000000005724429351845011975110486322464133101240466188069476152419002119862889
.0005,0.3814660112501051517954131656343618822796908201942371378645513772947395,0.0005144662796193119131525991209884424164125625998838113381747473295393711,0.1179750206729743531322662304629146355416120008686897056036146431994623,0.1179750295756600469265386196258259094241060292547331296475935842542599,-0.000000008902685693794272389162911273882494028386043424043978941054797581150255
.0005,0.3814660112501051517954131656343618822796908201942371378645513772947395,0.0005918325281892306095705315110528795502703189930338658685729360022829469,0.1179750757209044229651021281444713160791143586051358404260540749840245,0.1179750886956282412775957897573936262253754575049881870418512538137034,-0.00000001297472381831249366161292231014626109889985234661579717882967898331656
.0005,0.3814660112501051517954131656343618822796908201942371378645513772947395,0.0006808332349440696983736435220884697326890919959533941909991771758624565,0.1179751488717884939542479597217300464260645149522465365524969719240467,0.1179751669336795773823360408976902861008651375276657927955999411048117,-0.00000001806189108342808808117596023967480062257541925624310296918076497329347
.0005,0.3814660112501051517954131656343618822796908201942371378645513772947395,0.0007832180080108709191107819240421968067367625964373840899955649620171685,0.1179752461775242213678117543951618130600749734153524335058611592682406,0.117975270472177039832658942850650366066335547793565188258443351319846,-0.00000002429465281846484718845548855300626057437821275475258219205160544744294
.0005,0.3814660112501051517954131656343618822796908201942371378645513772947395,0.0009009995643395843339242955851804475402167795841780480632023233052509335,0.117975375675324061229211268258247360910165710595227992544268157866721,0.117975407492722333433814341655976719784511198295827959425548355638426,-0.00000003181739827220460307339772935887434548770059996688128019777170499790969
.0005,0.3814660112501051517954131656343618822796908201942371378645513772947395,0.001036493296421822230299242099938785860181589178827480388532285163997163,0.1179755480292864024450281213445443350433195012632221658970686403888915,0.1179755888226652309023288036983273824188093536109784326459467178888053,-0.00000004079337882845730068235378304737548985234775626674887807749991380694786
.0005,0.3814660112501051517954131656343618822796908201942371378645513772947395,0.001192362789115031936084328196976008434889238788115777838017441058038191,0.1179757773810046226047663832074374828259644772027532910499747519312129,0.1179758287906796680387878391362185952488743726325381224491107220710468,-0.00000005140967504543402145592878111242290989542978483139913597013983393705108
.0005,0.3814660112501051517954131656343618822796908201942371378645513772947395,0.00137167218135830210184051733317268939481811212208400583582865608421695,0.1179760824767680252016050112227746983700267807383612556081873452376893,0.1179761463590141237689433717062083252139557785924876597916236037933826,-0.00000006388224609856733836048343362684392899785412640418343625855569336234821
.0005,0.3814660112501051517954131656343618822796908201942371378645513772947395,0.001577946402125375771376518175275728689837849729163994491850272852974261,0.1179764881606902778999256221829877215508331742307890229404412813275533,0.117976566621886596740548507679175053398804291116485589574237298076595,-0.00000007846119631884062288549618733184797111688569656663379601674904173992674
.0005,0.3814660112501051517954131656343618822796908201942371378645513772947395,0.001815240464755050408674235467114269925385118708155115718271036657807451,0.1179770273519999298074430491266194992918119802662315742275251902422192,0.1179771227884271995304049754503437950858663713308507895368765445483339,-0.00000009543642726972296192632372429579405439106461921530935135430611473486715
.0005,0.3814660112501051517954131656343618822796908201942371378645513772947395,0.002088219181872008422127682631391229503956678727933362208714129259323468,0.1179777436630062615738306837913636730530666464417025538938541786748188,0.1179778588068602957542329269347724787969994644141904194279991918659912,-0.0000001151438540341804022431434088057439328179724878655341450131911723789331
.0005,0.3814660112501051517954131656343618822796908201942371378645513772947395,0.002402248867962862466484199787198330648824051823304646451936071716831193,0.1179786948649223289902893482374752615911145946960460227539144249671361,0.1179788328372887898611401031216250014493729715701289821751168020877121,-0.0000001379723664608708507548841497398582583768740829594212023771205760227841
.0005,0.3814660112501051517954131656343618822796908201942371378645513772947395,0.002763502832329867620317937877044318377513569860464624176123797931950699,0.1179799574757811868878744609921337934403036127871569737537634869126643,0.1179801218474996365506441920473707800743204911136282906849867576344612,-0.0000001643717184496627697310552369866340168783264713169312232707217969148143
.0005,0.3814660112501051517954131656343618822796908201942371378645513772947395,0.00317908273624099121508792336882414835280731583871121356299880829729039,0.1179816328334157577213645832006527407107713551588228812846297158161704,0.1179818276949506611052113083866288437771912200046798204147360517307358,-0.0000001948615349033838467251859761030664198648458569391301063359145653651172
.0005,0.3814660112501051517954131656343618822796908201942371378645513772947395,0.003657158199959148674517688711740621036321641008800269273283887179254859,0.1179838551338983834376457863920137691748641322755953215293348697960831,0.117984085175536680346264942264150693999642226856687260849384741162819,-0.0000002300416382969086191558721369248247780945810919393200498713667359523215
.0005,0.3814660112501051517954131656343618822796908201942371378645513772947395,0.004207127404096147982391430900978011458324892701449911893446772868171787,0.1179868020712322371028534644948541797523649044151510560673476112875794,0.1179870726751476173732748439286122513085702210208636919703449962438876,-0.0000002706039153802704213794337580715562053166057126359029973849563082527079
.0005,0.3814660112501051517954131656343618822796908201942371378645513772947395,0.004839801842450924097147805580154417537985183005922585345935680225969022,0.1179907089197342369494956759814198000017354691577711273583641847630664,0.117991026265703666042880644947423426420315182972945626929672915714814,-0.0000003173459694290933849689660036264185797138151744995713087309517476286743
.0005,0.3814660112501051517954131656343618822796908201942371378645513772947395,0.005567618858270269819528488138893773650588094036324175398047076852442038,0.1179958871727000352018958258690309916571416085792558607932810510704544,0.1179962583595347928075417506316672835684181175648329432280303183287589,-0.0000003711868347576056459247626362919112765089855770824347492672583044770803
.0005,0.3814660112501051517954131656343618822796908201942371378645513772947395,0.006404886142046851460958267079655075486888170866192872441482105272782652,0.1180027492111036429962011922615863761489788940243834867720111778743983,0.1180031823961717767602194395857225176555365107137069971209048535974925,-0.0000004331850681337640182473241361415065576166893235103488936757230941553889
.0005,0.3814660112501051517954131656343618822796908201942371378645513772947395,0.007368062997280773211559645667159614443834516234876365338512922989154472,0.1180118409527198434676308030024049466226408253732870621934873056368642,0.1180123455122965446086276148884271895383871469387159836473655647450575,-0.0000005045595767011409968118860222429157463215654289214538782591081933086524
.0005,0.3814660112501051517954131656343618822796908201942371378645513772947395,0.008476083903428897911590899651497754391906707778828947273370132308966254,0.1180238850628333507196783211098209334670165301619075164538024876583767,0.1180244717764280056371324260366671574671826656431363665219687450062702,-0.000000586713594654917454104926846224000166135481228850068166257347893481683
.0005,0.3814660112501051517954131656343618822796908201942371378645513772947395,0.009750730736759567745875843650012528123767457367053805280284776343506997,0.1180398381424618359503063808649123025960763546526977093603542921544761,0.1180405194047439333450181848485080344479488462683468803411708426292097,-0.0000006812622820973947118039835957318518724916156491709808165504747335217773
.0005,0.3814660112501051517954131656343618822796908201942371378645513772947395,0.01121706096636509531322495769515718605471945017514407180084150019776587,0.1180609664147371178683777217890891357436263890025600808615626261648753,0.1180617564792274112824823266320466507178461358936049114464190371062975,-0.0000007900644902934141046048429575149742197468910448305848564109414221531486
.0005,0.3814660112501051517954131656343618822796908201942371378645513772947395,0.01290390024296431966504346799704357945249159336259552835369047334567835,0.1180889458920589243368966341150268713869344470479896440507815998505084,0.11808986115137819550123787364042080858512378109711096602060330638243,-0.0000009152593192711643412395253939371981893340491213219698217065319215508721
.0005,0.3814660112501051517954131656343618822796908201942371378645513772947395,0.01484440906398431033599453923243622077543453996204889182620093805552357,0.1181259949413883053462664991444416879265577025002226185484736905998428,0.1181270542495762346303499362440663545181582407821136088265850408912888,-0.000001059308187929284083437099624666591600538281890990278111350291446024818
.0005,0.3814660112501051517954131656343618822796908201942371378645513772947395,0.01707673465462862631084691195209170257793715025119755123003121074592219,0.1181750497254725909441586889474988710260864033939581840599008669216005,0.1181762747687179383295603184893112088040759093740239816454508307358904,-0.000001225043245347385401629541812337777989505980065797585549963814289839955
.0005,0.3814660112501051517954131656343618822796908201942371378645513772947395,0.01964476087984626350012438956593379202065741511499031457436862504312131,0.1182399963862216985982967279921252902577775945709276110034490375447293,0.1182414121092986847373347640120537715935056807744814300370157869620393,-0.000001415723076986139038036019928481335728086203553819033566749417310000461
.0005,0.3814660112501051517954131656343618822796908201942371378645513772947395,0.02259897092924237417963854473719182305914290028724348270418296543089867,0.1183259783206472404336803872109213562035715612817272749150249489946994,0.1183276134174506184568741436350528018021835541409978065111201386597259,-0.000001635096803378023193756424131445598611992859270531596095189665026435878
.0005,0.3814660112501051517954131656343618822796908201942371378645513772947395,0.02599743973390317451961062164254387968386053472537806773952320658236706,0.1184398028340801463706249163890122035102895089330477024857498115268634,0.1184416903119147597322189557043232093185509933282338954183452131517579,-0.000001887477834613361594039315311005808261484395186192932595401624894535962
.0005,0.3814660112501051517954131656343618822796908201942371378645513772947395,0.02990697562442441083823797988281826790726919515229412691033187000095843,0.1185904793087373173656078999328879300912176334009948201527847560481677,0.1185926571374720456497194868654540636515457903338297824139439199268885,-0.00000217782873472828411158693256613356032815693283496226115916387872085651
.0005,0.3814660112501051517954131656343618822796908201942371378645513772947395,0.03440443367327038590997925294588301058041444538921748447335399088155864,0.1187899314186957151831065463237711581801761688542394094290918966237619,0.1187924432775655426081472722011321660471964196425540302635849044169224,-0.000002511858869827425040725877361007867020250788314620834493007793160514861
.0005,0.3814660112501051517954131656343618822796908201942371378645513772947395,0.03957822653962329624157815968631807817792216172011484802237974696181863,0.1190539396762190849253566677380057668921975311437813688558119615503573,0.1190568358129859315325268765161522540205427348053197881648016863189012,-0.000002896136766846607170208778146487128345203661538419308989724768543928541
.0005,0.3814660112501051517954131656343618822796908201942371378645513772947395,0.04553006251745811583603359199576329195200183708251347303001699522277621,0.1194033887960138358157613768794770136123828387814287810757298161764139,0.1194067270154152284235636662912508218622461438145905955686924157857985,-0.000003338219401392607802289411773808249863305033161814492962599609384647646
.0005,0.3814660112501051517954131656343618822796908201942371378645513772947395,0.05237694495402155663686587115999650198498895658397177060098813232475998,0.1198659184516746814014362954305089506586231291484959934616933468677736,0.1198697652526436852259792398311609694400699396021792763128188011933387,-0.000003846800969003824542944400652018781446810453683282851125454325565175866
.0005,0.3814660112501051517954131656343618822796908201942371378645513772947395,0.06025347234400770049406590988660026919009642512637401081625970226981593,0.1204781078757435416345333615249112487935881953987459739726813112360023,0.1204825397598248473526423950426168571410706344378608856867982668354357,-0.000004431884081305718109033517705608347482439039114911714116955599433366473
.0005,0.3814660112501051517954131656343618822796908201942371378645513772947395,0.06931448431551463928822518515190713766800936500564289614910879705463749,0.1212883669403998132335766956511892983686566713789893087226244194819202,0.1212934719171746369059723007792833912461415179546311934054453656775447,-0.000005104976774823672395605128094092877484846575641884682820946195624472608
.0005,0.3814660112501051517954131656343618822796908201942371378645513772947395,0.07973810552353236358005818561857008127031555563813709437703233677326446,0.1223607621833539457597521318065017290772084945172757115324865001121963,0.122366641502588813019395828002344711122197856438349758712426283205305,-0.000005879319234867259643696195842982044989361921074047179939783093108706862
.0005,0.3814660112501051517954131656343618822796908201942371378645513772947395,0.09172924728892250080994696450349264590123034654193442821899255039618238,0.1237800801245470144917233278254434231372108541953976983333940296866746,0.1237868502692776156322086388685813803281292624542103764726903836797032,-0.000006770144730601140485311043137957190918408258812678139296353993028549575
.0005,0.3814660112501051517954131656343618822796908201942371378645513772947395,0.1055236358193771659196446191759728506301143888797283956765611691240845,0.1256585279918728001282596593049040871491585279712993127387145467111401,0.1256663229718153949476378957967536433450763373914559302399888836884214,-0.00000779497994259481937823649184955619591780942015661750127433697728131503
.0005,0.3814660112501051517954131656343618822796908201942371378645513772947395,0.1213924462005834464480828252909918229439277833695081418506254523727685,0.1281446013643575994260690692455483712300638337850871730128636817597137,0.1281535753550128639375249240945931651068745803135586874914055868621595,-0.000008973990655264511455854849044793876810746528471514478541905102445750533
.0005,0.3814660112501051517954131656343618822796908201942371378645513772947395,0.1396476332542701401430068747806155084784888521726532656790212353704625,0.131434819473498475191080703629059643624404834972394476964435187923464,0.1314451498531990829707347983768307461470382460291652407934015075903705,-0.00001033037970060777965409474777110252263341105677076382896631966690649445
.0005,0.3814660112501051517954131656343618822796908201942371378645513772947395,0.1606480640590749208362607149821509474655868433118038183537321800530814,0.1357892555039741876060588574184997862531677517704750389969290177641311,0.1358011463490989676463933258232017392679918854500436164840998191821807,-0.0000118908451247800403344684047019530148241336795685774871708014180495237
.0005,0.3814660112501051517954131656343618822796908201942371378645513772947395,0.1848065726895481729573370937138040045542522819174246679958852175633956,0.1415520883604872000115887684274751929406384664521287203637420540397718,0.1415657744718106654245137412143213931270539368584897840571844145202084,-0.00001368611132346541292497278684620018641547040636106369344236048043660179
.0005,0.3814660112501051517954131656343618822796908201942371378645513772947395,0.2125980758579078682233392261780104625267935795010930983351177430776754,0.1491787629110039457858222777794612900518394676450969498132931252877517,0.149194514583950543781539392610014181894831624842648278440331253529721,-0.00001575167294659799571711483055289184299215719755132862703812824196923801
.0005,0.3814660112501051517954131656343618822796908201942371378645513772947395,0.2445689089987703683882288728935203062844843104708160467971650339703306,0.1592712440089204427877213421304571522758213987162928528155595142355981,0.1592893744206635180100726516366209843901819103365326568008672483110709,-0.0000181304117430752223513095061638321143605116202398039853077340754728519
.0005,0.3814660112501051517954131656343618822796908201942371378645513772947395,0.2813475663289920702120460802391094767181659923996043538606785352403512,0.1726191650314974323207879312177203112860962736665326191089026496900841,0.1726400501694239166983420195782010813654302469401285800373020650413044,-0.000020885137926484377554088360480770079333973273595960928399415351220365
.0005,0.3814660112501051517954131656343618822796908201942371378645513772947395,0.3236570560146080196588056898126777598628493517602741141064225129799269,0.1902334005425836915806265784306918458405239322017316607407526617339824,0.1902575339001668450595138988301729313531150681609763677722115857533681,-0.00002413335758315347888732039948108551259113595924470703145892401938572102
.0005,0.3814660112501051517954131656343618822796908201942371378645513772947395,0.3723291133272138827744332810519355093383069670970777800526381446524379,0.2133533250339569560594353306889866479831276026255727580204665788229587,0.2133814168460582202215475559992823990242924104429158770524666189917961,-0.0000280918121012641621122253102957510411648078173431190320000401688374262
.0005,0.3814660112501051517954131656343618822796908201942371378645513772947395,0.4283205511971670518571721330608491941328098322580807784328310013297942,0.2434380209190160404932199604683672978491671265979885015896195731037384,0.2434711030398035074398522621861349748543899011786702978853983163151901,-0.00003308212078746694663230171776767700522277458068179629577874321145169106
.0005,0.3814660112501051517954131656343618822796908201942371378645513772947395,0.4927320695887034435641674320549194629456636498120116166174798343778029,0.2821970540644877525728036878477385211804675853575547223235078037738895,0.2822365258886310765080991764171486565599506565855025856944543752512672,-0.0000394718241433239352954885694101353794830712279478633709465714773777132
.0005,0.3814660112501051517954131656343618822796908201942371378645513772947395,0.5668298934584782832389532195707293812588806408679847802841355678643052,0.3317194954431200319449995345590009327301969028972816436181818571564414,0.3317670861028712778663180267190475729017251532364876226341618218467173,-0.00004759065975124592131849216004664017152825033920597901597996469027590399
.0005,0.3814660112501051517954131656343618822796908201942371378645513772947395,0.652070664664356555078291959535635042005868964828678361903705579820767,0.3947162002342265030954863280413658051121881328002323445861122416885576,0.3947738812772752552329452258804726489525437996241948740157270321101093,-0.00005768104304875213745889783910684384035566682396252942961479042155179654
.0005,0.3814660112501051517954131656343618822796908201942371378645513772947395,0.7501300771586112986900901297989561659126126231252708811413900669876405,0.4748531386296802669914509356833480200398639426557853956554809546140198,0.4749230418405642692108103079493237629734283592603455588676403384087287,-0.00006990321088400221935937226597574293356441660456016321215938379470898007
.0005,0.3814660112501051517954131656343618822796908201942371378645513772947395,0.8629358183865285386725378983489728045032107855011590912621014865884184,0.5771543366399707055899758235584750624738303350716997532016652928520979,0.5772387126674456513670324158852352595969838818270837980799088055496697,-0.00008437602747494577705659232676019712315354675538404487824351269757174985
.0005,0.3814660112501051517954131656343618822796908201942371378645513772947395,0.9927054644643631088710829173140431709728302920620578680070009353162013,0.7084791435526086838298551195232630168645781084881555306793261308262374,0.7085803687120544563692164121789336243881289264741850006362984078963546,-0.0001012251594457725393612926556706075235508179860294699569722770701171402
.0005,0.3814660112501051517954131656343618822796908201942371378645513772947395,1.141990074093778238105679700123673985567687462112379421847645333920424,0.8781070998571606800073619726689429595713052359459239019140300375248549,0.8782277210970293059564833871787715540440986873669253933695657663504411,-0.0001206212398686259491214145098285944727934514210014914555357288255861997
.0005,0.3814660112501051517954131656343618822796908201942371378645513772947395,1.313724338197727490569631068283893689258254498380283101724207831693973,1.098484778026445120154023002828588825546727401600788350562099391280506,1.09862758177991827828628478370006883090750256432174998019768042614476,-0.000142803753473158132261780871480005360775162720961629635581034864254684
.0005,0.3814660112501051517954131656343618822796908201942371378645513772947395,1.511284271137484073369429492929956292534664573492071981889536628316491,1.386204768289716783956999814383638020241176039406706525753911523994528,1.386372862007705294871785949553326607804185337900530556966121944823431,-0.0001680937179885109147861351696885875630092984938240312122104208289027779
.0005,0.3814660112501051517954131656343618822796908201942371378645513772947395,1.738553577625656075868927179052419798593522528988912573363431210908378,1.763303365975983001902739377514094169507195407460638976958633745177081,1.763500266123733840286730193153116238703657395413873040191422619425517,-0.0001969001477508383839908156390220691964619879532340632327888742484353267
.0005,0.3814660112501051517954131656343618822796908201942371378645513772947395,2.0,2.258985480323347479854026439215822364346015985623287764519553857733619,2.259215204799064568340832084580462439636335837531774024828053247740597,-0.0002297244757170884868056453646400752903198519084862603084993900069776355
