step,population_reconstruction_mse,encoder_energy,tangent_gradient_norm,bias_gradient_norm
0.000000000000000000e+00,9.117584003402985360e-01,4.000000000000000000e+00,1.322580696618573581e+00,8.306404404540445041e-01
1.000000000000000000e+00,8.475483970518871146e-01,4.000000000000000000e+00,1.215058055067646192e+00,7.492850933033613492e-01
2.000000000000000000e+00,7.899867541347623812e-01,4.000000000000000000e+00,1.107447929109369289e+00,6.712878403844014796e-01
3.000000000000000000e+00,7.391239895422803130e-01,4.000000000000000000e+00,1.001216092852255102e+00,5.984372735557221823e-01
4.000000000000000000e+00,6.946839320662664408e-01,3.999999999999999112e+00,8.974838547518038112e-01,5.296724877639369389e-01
5.000000000000000000e+00,6.562480351559175640e-01,4.000000000000000888e+00,7.985736234884269757e-01,4.651257422401336994e-01
6.000000000000000000e+00,6.234338045070900725e-01,4.000000000000000000e+00,7.059688010959195292e-01,4.060198349546011443e-01
7.000000000000000000e+00,5.957862291473212668e-01,4.000000000000000000e+00,6.198807911400104897e-01,3.526670199932501193e-01
8.000000000000000000e+00,5.728355921199763667e-01,4.000000000000000000e+00,5.413548561213914478e-01,3.056738459853964307e-01
9.000000000000000000e+00,5.540077637619843509e-01,4.000000000000000000e+00,4.712674399885379284e-01,2.656352236395286837e-01
1.000000000000000000e+01,5.387176113129796828e-01,4.000000000000000000e+00,4.096989876911563688e-01,2.341618095949288547e-01
1.100000000000000000e+01,5.263361627369665952e-01,4.000000000000000000e+00,3.574783455207241056e-01,2.131421552929809449e-01
1.200000000000000000e+01,5.162571769571098201e-01,4.000000000000000888e+00,3.133716618243071461e-01,1.980299019234599278e-01
1.300000000000000000e+01,5.080295603816750161e-01,4.000000000000000000e+00,2.769765806010854314e-01,1.878481599344796193e-01
1.400000000000000000e+01,5.012656436212697963e-01,3.999999999999999556e+00,2.477916130853040633e-01,1.810660697775735850e-01
1.500000000000000000e+01,4.956899948332580963e-01,4.000000000000000000e+00,2.249114305216514398e-01,1.767442469538662575e-01
1.600000000000000000e+01,4.910944276390238894e-01,4.000000000000000000e+00,2.081490865574669447e-01,1.744919784724915102e-01
1.700000000000000000e+01,4.872981139493558489e-01,4.000000000000000000e+00,1.964658140917381612e-01,1.735123545096744213e-01
1.800000000000000000e+01,4.841040656119018903e-01,4.000000000000000888e+00,1.887973014362961943e-01,1.727751783539686059e-01
1.900000000000000000e+01,4.813649462104930832e-01,3.999999999999999556e+00,1.833646140903883170e-01,1.702696459934144591e-01
2.000000000000000000e+01,4.790217228232033220e-01,3.999999999999999556e+00,1.797931918599956214e-01,1.680331586202287175e-01
2.100000000000000000e+01,4.770064145803869504e-01,4.000000000000000888e+00,1.777025254402255505e-01,1.654509135366211137e-01
2.200000000000000000e+01,4.752291580783024605e-01,4.000000000000000000e+00,1.755959945781752352e-01,1.637549862319312710e-01
2.300000000000000000e+01,4.736608317788759681e-01,3.999999999999999556e+00,1.740992958870521967e-01,1.615086652824943569e-01
2.400000000000000000e+01,4.722883874104268354e-01,3.999999999999999556e+00,1.730372433781767749e-01,1.580494946990615990e-01
2.500000000000000000e+01,4.710973039590330425e-01,3.999999999999998224e+00,1.717358865871815299e-01,1.551623545499429824e-01
2.600000000000000000e+01,4.700665283352816748e-01,3.999999999999999112e+00,1.705068795730726172e-01,1.529864646975310771e-01
2.700000000000000000e+01,4.691691125743980839e-01,4.000000000000000888e+00,1.692006552668672559e-01,1.516163123118097755e-01
2.800000000000000000e+01,4.683911816001523620e-01,3.999999999999999112e+00,1.675927962004598593e-01,1.508473476744558450e-01
2.900000000000000000e+01,4.677278211113818918e-01,4.000000000000000888e+00,1.660505579548715860e-01,1.507244076332799609e-01
3.000000000000000000e+01,4.671736744751038284e-01,4.000000000000000000e+00,1.648485324070655400e-01,1.511073894430063902e-01
3.100000000000000000e+01,4.667154651340502669e-01,4.000000000000001776e+00,1.631275994028734688e-01,1.517194416786255273e-01
3.200000000000000000e+01,4.663408545374183034e-01,4.000000000000000000e+00,1.630941754460464854e-01,1.525633033330266730e-01
3.300000000000000000e+01,4.660280786604400483e-01,4.000000000000000000e+00,1.636027056643567235e-01,1.532569328194571534e-01
3.400000000000000000e+01,4.657613618150996393e-01,4.000000000000000000e+00,1.652536186301106214e-01,1.536496282177466088e-01
3.500000000000000000e+01,4.655217924706199772e-01,3.999999999999999112e+00,1.667564460653543357e-01,1.534772771181849293e-01
3.600000000000000000e+01,4.652757945875100054e-01,4.000000000000000888e+00,1.685492503977382428e-01,1.530513746597971514e-01
3.700000000000000000e+01,4.649986846949725194e-01,3.999999999999999112e+00,1.704317205024056259e-01,1.523995821134370432e-01
3.800000000000000000e+01,4.646737720341392874e-01,4.000000000000000000e+00,1.724658835987549210e-01,1.513186566527885135e-01
3.900000000000000000e+01,4.642967676335194582e-01,4.000000000000000000e+00,1.743566271687572167e-01,1.498689680129928203e-01
4.000000000000000000e+01,4.638594928995762312e-01,4.000000000000001776e+00,1.759777065889259196e-01,1.480295230392072170e-01
4.100000000000000000e+01,4.633592375522371798e-01,4.000000000000000000e+00,1.772751112304943311e-01,1.459585100549028180e-01
4.200000000000000000e+01,4.627961863017088229e-01,3.999999999999999112e+00,1.788938909084853979e-01,1.440054821608489077e-01
4.300000000000000000e+01,4.621681427734775638e-01,3.999999999999999556e+00,1.794148475670541143e-01,1.417994669410439779e-01
4.400000000000000000e+01,4.614884398290958201e-01,4.000000000000000000e+00,1.793056889314117441e-01,1.395403155484276347e-01
4.500000000000000000e+01,4.607596852447004010e-01,3.999999999999999112e+00,1.788907354318828025e-01,1.362100816470203923e-01
4.600000000000000000e+01,4.600054924215434271e-01,4.000000000000000000e+00,1.785386028932154090e-01,1.333870283874995788e-01
4.700000000000000000e+01,4.592435049401045744e-01,4.000000000000000000e+00,1.779089836707397065e-01,1.305731517888767401e-01
4.800000000000000000e+01,4.584777662275957288e-01,4.000000000000000888e+00,1.774323509206349181e-01,1.280011239097432751e-01
4.900000000000000000e+01,4.577131425942876364e-01,4.000000000000000000e+00,1.769746591981717077e-01,1.255859533997834843e-01
5.000000000000000000e+01,4.569461947888571740e-01,4.000000000000000000e+00,1.764687197782088823e-01,1.231610693784423449e-01
5.100000000000000000e+01,4.561767398181986177e-01,4.000000000000000000e+00,1.760928472991628302e-01,1.208089980369071864e-01
5.200000000000000000e+01,4.553993861014434819e-01,4.000000000000000000e+00,1.756591438529198357e-01,1.180420330170362658e-01
5.300000000000000000e+01,4.546176399385623013e-01,4.000000000000000888e+00,1.757008211352255045e-01,1.151242581170300178e-01
5.400000000000000000e+01,4.538267204975077740e-01,3.999999999999999112e+00,1.758657690300993726e-01,1.122223199745534111e-01
5.500000000000000000e+01,4.530249663995550291e-01,3.999999999999999112e+00,1.758097022795858944e-01,1.086403010022746612e-01
5.600000000000000000e+01,4.522130862268057827e-01,3.999999999999999556e+00,1.758110104809738894e-01,1.039413736649243969e-01
5.700000000000000000e+01,4.513864479041274080e-01,4.000000000000000000e+00,1.765383010286662169e-01,9.926644023966194053e-02
5.800000000000000000e+01,4.505391840586016605e-01,3.999999999999998224e+00,1.751271018357179188e-01,9.326837153759565124e-02
5.900000000000000000e+01,4.496753534593507240e-01,4.000000000000000000e+00,1.736950845609588623e-01,8.745618933759399805e-02
6.000000000000000000e+01,4.488157377177159901e-01,4.000000000000000000e+00,1.727730796960964266e-01,8.321690995878563979e-02
6.100000000000000000e+01,4.479660444295169297e-01,4.000000000000000000e+00,1.715968991334748672e-01,7.919958447692473924e-02
6.200000000000000000e+01,4.471321423033073339e-01,4.000000000000000000e+00,1.702352348836642937e-01,7.495006619836494521e-02
6.300000000000000000e+01,4.463171565378518668e-01,3.999999999999999112e+00,1.688509948485890644e-01,7.113411126545900187e-02
6.400000000000000000e+01,4.455294280507462457e-01,4.000000000000000000e+00,1.674928111615631710e-01,6.769849779723494110e-02
6.500000000000000000e+01,4.447682118967811737e-01,3.999999999999998668e+00,1.660068641894722197e-01,6.435599157067790899e-02
6.600000000000000000e+01,4.440383948190419483e-01,4.000000000000000000e+00,1.647563402641517294e-01,6.152097093902398478e-02
6.700000000000000000e+01,4.433412081629431456e-01,3.999999999999999112e+00,1.635401692085897973e-01,5.906085333382332658e-02
6.800000000000000000e+01,4.426781983543263133e-01,3.999999999999999112e+00,1.624372217213485292e-01,5.687408939037941202e-02
6.900000000000000000e+01,4.420396994280634817e-01,4.000000000000000000e+00,1.627543664035020488e-01,5.511465967016770939e-02
7.000000000000000000e+01,4.414201636049674971e-01,3.999999999999999112e+00,1.617087708585168704e-01,5.329092773722021725e-02
7.100000000000000000e+01,4.408284566186027043e-01,4.000000000000000888e+00,1.607702322307550946e-01,5.158697175786588346e-02
7.200000000000000000e+01,4.402689724483325739e-01,3.999999999999999112e+00,1.597611332787782501e-01,4.996151471354597084e-02
7.300000000000000000e+01,4.397441034320757614e-01,3.999999999999999112e+00,1.587215038323082916e-01,4.847340264207351118e-02
7.400000000000000000e+01,4.392539960121648601e-01,3.999999999999999556e+00,1.573124835102889807e-01,4.719595889163271524e-02
7.500000000000000000e+01,4.387911639847087431e-01,4.000000000000000888e+00,1.561612016234707745e-01,4.350819970873803094e-02
7.600000000000000000e+01,4.383526338315930082e-01,3.999999999999999112e+00,1.565808637933474856e-01,4.171728451880139105e-02
7.700000000000000000e+01,4.379499409103341234e-01,3.999999999999999112e+00,1.555226423559240012e-01,3.851539953258005522e-02
7.800000000000000000e+01,4.375871627330546465e-01,4.000000000000000000e+00,1.547134976080300206e-01,3.563163215309355508e-02
7.900000000000000000e+01,4.372642013964637142e-01,4.000000000000000000e+00,1.542688850155058689e-01,3.275144798354803072e-02
8.000000000000000000e+01,4.369748492666086226e-01,4.000000000000000000e+00,1.541145361423702509e-01,3.002855008178520121e-02
8.100000000000000000e+01,4.367156387373681836e-01,4.000000000000000888e+00,1.535768842173364790e-01,2.744741015415964880e-02
8.200000000000000000e+01,4.364877237052897097e-01,4.000000000000000000e+00,1.531482609176048892e-01,2.506536180624082538e-02
8.300000000000000000e+01,4.362865050135918965e-01,4.000000000000000888e+00,1.526010896184858689e-01,2.286117026853127024e-02
8.400000000000000000e+01,4.361087176309795810e-01,4.000000000000001776e+00,1.523903747883289250e-01,2.067244267985004699e-02
8.500000000000000000e+01,4.359375739971661501e-01,4.000000000000000000e+00,1.521561602145827252e-01,1.924610984710605627e-02
8.600000000000000000e+01,4.357777884863467399e-01,3.999999999999999112e+00,1.518491546952018267e-01,1.735431884143501247e-02
8.700000000000000000e+01,4.356275508957088149e-01,4.000000000000000000e+00,1.513774757230866019e-01,1.550249653986860224e-02
8.800000000000000000e+01,4.354926518712159411e-01,4.000000000000000000e+00,1.508623292440869068e-01,1.383980612900876858e-02
8.900000000000000000e+01,4.353679647516282558e-01,4.000000000000000000e+00,1.505772002509094820e-01,1.237634968202078363e-02
9.000000000000000000e+01,4.352567886584881585e-01,4.000000000000000888e+00,1.497431914405369102e-01,1.154702432244711884e-02
9.100000000000000000e+01,4.351603743833990512e-01,4.000000000000000000e+00,1.494409951404391257e-01,1.116203427612527666e-02
9.200000000000000000e+01,4.350771631737623268e-01,4.000000000000000888e+00,1.489247954734483903e-01,1.102209686168697557e-02
9.300000000000000000e+01,4.350089975616426297e-01,4.000000000000000888e+00,1.485827335856158560e-01,1.082619625815888810e-02
9.400000000000000000e+01,4.349494027661034989e-01,4.000000000000000000e+00,1.478460317433597793e-01,1.055515778464008111e-02
9.500000000000000000e+01,4.349022902699420379e-01,4.000000000000000000e+00,1.473642250457340430e-01,1.028565444628590578e-02
9.600000000000000000e+01,4.348730916227990795e-01,3.999999999999999112e+00,1.469839570727048683e-01,1.023695281187567314e-02
9.700000000000000000e+01,4.348622508900281680e-01,4.000000000000000000e+00,1.467042385932532389e-01,1.047368324674820619e-02
9.800000000000000000e+01,4.348685209807697793e-01,4.000000000000000000e+00,1.466348992350934022e-01,1.076758549725774505e-02
9.900000000000000000e+01,4.348898472346588440e-01,3.999999999999999556e+00,1.464426820962575759e-01,1.123589478254541016e-02
1.000000000000000000e+02,4.349227961177132284e-01,3.999999999999999112e+00,1.468438579924450926e-01,1.137561221145931036e-02
1.010000000000000000e+02,4.349579727268166329e-01,3.999999999999999112e+00,1.475231050688622092e-01,1.016860917732462406e-02
1.020000000000000000e+02,4.349864895031583800e-01,4.000000000000000000e+00,1.473891420822034393e-01,1.013481616852170662e-02
1.030000000000000000e+02,4.350258532570955294e-01,4.000000000000000000e+00,1.472617579087854289e-01,1.018250546422867948e-02
1.040000000000000000e+02,4.350772343344156412e-01,4.000000000000000000e+00,1.471507570007744292e-01,1.033194467778522294e-02
1.050000000000000000e+02,4.351273600209630832e-01,3.999999999999999556e+00,1.480775106721402001e-01,9.836553619190934253e-03
1.060000000000000000e+02,4.351694298927220039e-01,4.000000000000000000e+00,1.484986930953363371e-01,9.100207050158515276e-03
1.070000000000000000e+02,4.352132160273512462e-01,3.999999999999999556e+00,1.483303076777607588e-01,9.404049535483047922e-03
1.080000000000000000e+02,4.352617663580640173e-01,4.000000000000000888e+00,1.482448616545789521e-01,9.629017227040282539e-03
1.090000000000000000e+02,4.353155787709098723e-01,3.999999999999999556e+00,1.476815326022969110e-01,1.007570679558669052e-02
1.100000000000000000e+02,4.353714213606281747e-01,4.000000000000000000e+00,1.475746551906175763e-01,1.027984333675846171e-02
1.110000000000000000e+02,4.354363704020788317e-01,3.999999999999999556e+00,1.477485006261219092e-01,1.030903132595153981e-02
1.120000000000000000e+02,4.355050273005816042e-01,4.000000000000000000e+00,1.458358633809132554e-01,1.278257141077856172e-02
1.130000000000000000e+02,4.355787031585064417e-01,3.999999999999999112e+00,1.458418255307361577e-01,1.286085186695845595e-02
1.140000000000000000e+02,4.356639388726092355e-01,3.999999999999999112e+00,1.462839830963052201e-01,1.267107804879331369e-02
1.150000000000000000e+02,4.357598678813723314e-01,3.999999999999999556e+00,1.464135481676214490e-01,1.287723106554555449e-02
1.160000000000000000e+02,4.358659980475119156e-01,4.000000000000000000e+00,1.466937721280051066e-01,1.294773235436301809e-02
1.170000000000000000e+02,4.359802149352781653e-01,4.000000000000001776e+00,1.469414398414924661e-01,1.290834421904644633e-02
1.180000000000000000e+02,4.360981258958159801e-01,3.999999999999999112e+00,1.450924698284078440e-01,1.096172733368310469e-02
1.190000000000000000e+02,4.362167690173330281e-01,4.000000000000000888e+00,1.454203993235461123e-01,1.122005334182533259e-02
1.200000000000000000e+02,4.363422298905457186e-01,4.000000000000000000e+00,1.456129697042214677e-01,1.124625490027623444e-02
1.210000000000000000e+02,4.364725223099726326e-01,3.999999999999999112e+00,1.460107864248027520e-01,1.141723563631399756e-02
1.220000000000000000e+02,4.366026219385673590e-01,3.999999999999999556e+00,1.459445775213692453e-01,1.109254563020637893e-02
1.230000000000000000e+02,4.367326788519325653e-01,4.000000000000000000e+00,1.463561381174425802e-01,1.107340292103055519e-02
1.240000000000000000e+02,4.368607476045850979e-01,4.000000000000000000e+00,1.471586816828278910e-01,1.102419563266906523e-02
1.250000000000000000e+02,4.369759715940657596e-01,3.999999999999999556e+00,1.476512256805235235e-01,1.119719024277854996e-02
1.260000000000000000e+02,4.370855619684570481e-01,3.999999999999999556e+00,1.481349622958729184e-01,1.137907457286893402e-02
1.270000000000000000e+02,4.371851941250655127e-01,4.000000000000000000e+00,1.485301951225148076e-01,1.130330930918257114e-02
1.280000000000000000e+02,4.372733496133537900e-01,4.000000000000000888e+00,1.484754656186130506e-01,1.101172951105399561e-02
1.290000000000000000e+02,4.373469398368867722e-01,4.000000000000000000e+00,1.489549214525342224e-01,1.111475766385302752e-02
1.300000000000000000e+02,4.374101667500881474e-01,4.000000000000000000e+00,1.494769145150751932e-01,1.118609199283706127e-02
1.310000000000000000e+02,4.374498215022410985e-01,4.000000000000000000e+00,1.490869383734444165e-01,1.168050207925097270e-02
1.320000000000000000e+02,4.374737198775422442e-01,4.000000000000000000e+00,1.495845885925681795e-01,1.182604942512174677e-02
1.330000000000000000e+02,4.374859445599295071e-01,4.000000000000000000e+00,1.500637812337218269e-01,1.185707692797998390e-02
1.340000000000000000e+02,4.374850483871781659e-01,4.000000000000000888e+00,1.505353245991620792e-01,1.179150913905465010e-02
1.350000000000000000e+02,4.374683186189360362e-01,3.999999999999999556e+00,1.508016453402572510e-01,1.151772248083871887e-02
1.360000000000000000e+02,4.374320217816977108e-01,4.000000000000000888e+00,1.511523270387695739e-01,1.123488183016230733e-02
1.370000000000000000e+02,4.373791605617815548e-01,4.000000000000000000e+00,1.514878728039932843e-01,1.100428982016585580e-02
1.380000000000000000e+02,4.373061817002211749e-01,4.000000000000000888e+00,1.536591213626678498e-01,1.159059756023629942e-02
1.390000000000000000e+02,4.372085180898671597e-01,4.000000000000000888e+00,1.539517589098423900e-01,1.138096496319189813e-02
1.400000000000000000e+02,4.370900425060622041e-01,4.000000000000000888e+00,1.542225621489048126e-01,1.118377988467584606e-02
1.410000000000000000e+02,4.369514072975807517e-01,4.000000000000001776e+00,1.545233396253219704e-01,1.095202366195872391e-02
1.420000000000000000e+02,4.367931273277437798e-01,4.000000000000000000e+00,1.547579774841672251e-01,1.069280047239665882e-02
1.430000000000000000e+02,4.366150017137729322e-01,3.999999999999999112e+00,1.548031749127736501e-01,1.034224753284069057e-02
1.440000000000000000e+02,4.364168335735570947e-01,4.000000000000000888e+00,1.550891718481675341e-01,1.004403467326294049e-02
1.450000000000000000e+02,4.362014446790555278e-01,4.000000000000000000e+00,1.552919199768620362e-01,9.667718450338412886e-03
1.460000000000000000e+02,4.359672205651755061e-01,4.000000000000000000e+00,1.553592636871393706e-01,9.389053906126931803e-03
1.470000000000000000e+02,4.357130017436181557e-01,3.999999999999999112e+00,1.554205357862192549e-01,9.492733036035030589e-03
1.480000000000000000e+02,4.354267296772146301e-01,3.999999999999999112e+00,1.557225623015529581e-01,9.098039350885805260e-03
1.490000000000000000e+02,4.351254739332948707e-01,3.999999999999999556e+00,1.560438822576744045e-01,8.754608029454054308e-03
1.500000000000000000e+02,4.348064737837866178e-01,3.999999999999999556e+00,1.558034280594289001e-01,7.675933844240903983e-03
1.510000000000000000e+02,4.344720839048402672e-01,3.999999999999999112e+00,1.562863694847780593e-01,7.749136486762646901e-03
1.520000000000000000e+02,4.341195244742312442e-01,3.999999999999999112e+00,1.566016922146506174e-01,7.755796682823681842e-03
1.530000000000000000e+02,4.337487151099769234e-01,4.000000000000000000e+00,1.568376346045911307e-01,7.643510426030784496e-03
1.540000000000000000e+02,4.333612544357050567e-01,4.000000000000000888e+00,1.570305727719223110e-01,7.448020883563632490e-03
1.550000000000000000e+02,4.329575313572735507e-01,4.000000000000000000e+00,1.574738187071483275e-01,7.331366552758939933e-03
1.560000000000000000e+02,4.325381698787699181e-01,3.999999999999999556e+00,1.568197455840246723e-01,5.525016935829310527e-03
1.570000000000000000e+02,4.321031598760278203e-01,4.000000000000000000e+00,1.571629238823327446e-01,6.077161615106314169e-03
1.580000000000000000e+02,4.316547263752926744e-01,4.000000000000000000e+00,1.573325106107353322e-01,6.370579071394674373e-03
1.590000000000000000e+02,4.311954677127739499e-01,4.000000000000000888e+00,1.575384292903838912e-01,6.546034421241735124e-03
1.600000000000000000e+02,4.307284524873309928e-01,4.000000000000000888e+00,1.579338461720782294e-01,6.560842134651243170e-03
1.610000000000000000e+02,4.302496152330267942e-01,4.000000000000000000e+00,1.581857008603524128e-01,6.782455950572635964e-03
1.620000000000000000e+02,4.297638991198733383e-01,4.000000000000000888e+00,1.584413104267467509e-01,7.085044899887888575e-03
1.630000000000000000e+02,4.292705205574955940e-01,3.999999999999998668e+00,1.587491527721001106e-01,7.376115776418901322e-03
1.640000000000000000e+02,4.287677518903886265e-01,3.999999999999998224e+00,1.588585309991974726e-01,7.251919818887665042e-03
1.650000000000000000e+02,4.282553211421237238e-01,4.000000000000000000e+00,1.588710511753598231e-01,7.276544349639609173e-03
1.660000000000000000e+02,4.277366597100467627e-01,4.000000000000001776e+00,1.588920060428685999e-01,7.262192238440720940e-03
1.670000000000000000e+02,4.272126688997638921e-01,4.000000000000000000e+00,1.588632121042038992e-01,7.227132778128322887e-03
1.680000000000000000e+02,4.266806504731782690e-01,4.000000000000000000e+00,1.587477730000759757e-01,7.148380598171942719e-03
1.690000000000000000e+02,4.261372535827800956e-01,4.000000000000000000e+00,1.596146299932719170e-01,7.476224160916720984e-03
1.700000000000000000e+02,4.255873475863726219e-01,4.000000000000000000e+00,1.594494827996272290e-01,7.225761479581409123e-03
1.710000000000000000e+02,4.250324945403959886e-01,4.000000000000001776e+00,1.593026769692591771e-01,6.965735374703585676e-03
1.720000000000000000e+02,4.244734391994084977e-01,3.999999999999999556e+00,1.590878320034483373e-01,6.808898359123670765e-03
1.730000000000000000e+02,4.239104957805756024e-01,4.000000000000000000e+00,1.589691789902919761e-01,6.580053308836444036e-03
1.740000000000000000e+02,4.233447697600939419e-01,3.999999999999998224e+00,1.586981138335855634e-01,6.076045739594465069e-03
1.750000000000000000e+02,4.227676321712880991e-01,3.999999999999999112e+00,1.591889030455548026e-01,6.836145224371795517e-03
1.760000000000000000e+02,4.221815956448271567e-01,4.000000000000000000e+00,1.591354803866239231e-01,6.507360521639819241e-03
1.770000000000000000e+02,4.215910931374469151e-01,4.000000000000000888e+00,1.591386597683034088e-01,6.187321080256455962e-03
1.780000000000000000e+02,4.209969920232539131e-01,4.000000000000000000e+00,1.591089740134710995e-01,5.969238933762330453e-03
1.790000000000000000e+02,4.203998782338991824e-01,3.999999999999999112e+00,1.590777857964112696e-01,5.989685720940894458e-03
1.800000000000000000e+02,4.197950853939667604e-01,4.000000000000000000e+00,1.575449662934884087e-01,5.469127895103842452e-03
1.810000000000000000e+02,4.191882852724718722e-01,3.999999999999999112e+00,1.574852259093721951e-01,5.780480154489063202e-03
1.820000000000000000e+02,4.185803495643450889e-01,4.000000000000000000e+00,1.566686816783328939e-01,6.895922911115355547e-03
1.830000000000000000e+02,4.179700709642566459e-01,4.000000000000000000e+00,1.567970932272922391e-01,7.017059032447988710e-03
1.840000000000000000e+02,4.173616746264754984e-01,4.000000000000000000e+00,1.566668781114566311e-01,6.852732971173577589e-03
1.850000000000000000e+02,4.167566876285359045e-01,4.000000000000000888e+00,1.565313549527841686e-01,6.612822086627273034e-03
1.860000000000000000e+02,4.161558044717996174e-01,4.000000000000000000e+00,1.563964312521969602e-01,6.404590060348837842e-03
1.870000000000000000e+02,4.155584369081518070e-01,3.999999999999999556e+00,1.559739591675493586e-01,6.181816038384825400e-03
1.880000000000000000e+02,4.149660131340163205e-01,4.000000000000000000e+00,1.558417681516212072e-01,6.167490295745839575e-03
1.890000000000000000e+02,4.143772507340989786e-01,4.000000000000000000e+00,1.553637149322405486e-01,6.165146207187072007e-03
1.900000000000000000e+02,4.137929197622279842e-01,4.000000000000000888e+00,1.552709172140816496e-01,6.193624529945360169e-03
1.910000000000000000e+02,4.132131178355128998e-01,3.999999999999999112e+00,1.552061218325474223e-01,6.210189898076693381e-03
1.920000000000000000e+02,4.126378364772219642e-01,4.000000000000001776e+00,1.551373967384846730e-01,6.152289416643453267e-03
1.930000000000000000e+02,4.120668925626144730e-01,4.000000000000000888e+00,1.551089492906669309e-01,6.135866235736499134e-03
1.940000000000000000e+02,4.114958421599071992e-01,4.000000000000000000e+00,1.561490888170088132e-01,7.618682110123227262e-03
1.950000000000000000e+02,4.109119613485717748e-01,4.000000000000000000e+00,1.563732988161750104e-01,8.400730139719109896e-03
1.960000000000000000e+02,4.103281733468863157e-01,4.000000000000000000e+00,1.559211871730753485e-01,8.020929837119798386e-03
1.970000000000000000e+02,4.097491411629802793e-01,4.000000000000000000e+00,1.554967970321455561e-01,7.656387625000092220e-03
1.980000000000000000e+02,4.091767393804044417e-01,3.999999999999999112e+00,1.550991298143166719e-01,7.387078569345655737e-03
1.990000000000000000e+02,4.086121791995533936e-01,3.999999999999999556e+00,1.554977232977910462e-01,9.160772770040853316e-03
2.000000000000000000e+02,4.080489478197557585e-01,3.999999999999999112e+00,1.549167731493834854e-01,9.022910544889132384e-03
2.010000000000000000e+02,4.074938169836905821e-01,4.000000000000000000e+00,1.542412791564892471e-01,8.844959760483330283e-03
2.020000000000000000e+02,4.069485110001255235e-01,4.000000000000000000e+00,1.535429831593480843e-01,8.686370493089770953e-03
2.030000000000000000e+02,4.064137078572472861e-01,4.000000000000000000e+00,1.527689009148324173e-01,8.452053937604397937e-03
2.040000000000000000e+02,4.058907055995926716e-01,4.000000000000000000e+00,1.520151261355388028e-01,8.112469272569472825e-03
2.050000000000000000e+02,4.053807003793108432e-01,4.000000000000000000e+00,1.512560890351697662e-01,7.714627974833695480e-03
2.060000000000000000e+02,4.048846732995510234e-01,3.999999999999999112e+00,1.505004237403783918e-01,7.184839856686519623e-03
2.070000000000000000e+02,4.044037004041780015e-01,3.999999999999999556e+00,1.497314115900102438e-01,6.618117669581785600e-03
2.080000000000000000e+02,4.039330093310076197e-01,4.000000000000000888e+00,1.480894971273673810e-01,6.287435704012137722e-03
2.090000000000000000e+02,4.034726850160314515e-01,3.999999999999999556e+00,1.472702524738087326e-01,6.142862766537271826e-03
2.100000000000000000e+02,4.030299402016865873e-01,4.000000000000000000e+00,1.465847922338539555e-01,5.707619292031459492e-03
2.110000000000000000e+02,4.026031913481399327e-01,3.999999999999999112e+00,1.458208352531977503e-01,5.684242881376329500e-03
2.120000000000000000e+02,4.021937280040288609e-01,4.000000000000000000e+00,1.451777261142816466e-01,5.242276785441360096e-03
2.130000000000000000e+02,4.018020469855628218e-01,4.000000000000000000e+00,1.445504324751263336e-01,4.833294554160226519e-03
2.140000000000000000e+02,4.014255177857508072e-01,3.999999999999999556e+00,1.442569650767568101e-01,4.410214351141860355e-03
2.150000000000000000e+02,4.010630994527230597e-01,3.999999999999999556e+00,1.436883412278634198e-01,4.144866797868551264e-03
2.160000000000000000e+02,4.007097466294313737e-01,4.000000000000000000e+00,1.441380653542694568e-01,4.490982743115144206e-03
2.170000000000000000e+02,4.003564346876439251e-01,4.000000000000001776e+00,1.437689930012722994e-01,4.133158144088120399e-03
2.180000000000000000e+02,4.000115898494346345e-01,4.000000000000000888e+00,1.435506598306795223e-01,3.615043934546669727e-03
2.190000000000000000e+02,3.996770247510732510e-01,3.999999999999999112e+00,1.431155565679358699e-01,3.414080108534719299e-03
2.200000000000000000e+02,3.993532166611561962e-01,4.000000000000000888e+00,1.426249551107494351e-01,3.487657136055777665e-03
2.210000000000000000e+02,3.990400973409324314e-01,3.999999999999999112e+00,1.421468022258942643e-01,3.798727960711288307e-03
2.220000000000000000e+02,3.987350611255696675e-01,3.999999999999999556e+00,1.423090771392063192e-01,3.386847808634393941e-03
2.230000000000000000e+02,3.984359655161463509e-01,4.000000000000000888e+00,1.418690740569659436e-01,3.495449539158311178e-03
2.240000000000000000e+02,3.981440879904033503e-01,4.000000000000000888e+00,1.413622859285965094e-01,3.500708923208001744e-03
2.250000000000000000e+02,3.978598717155059084e-01,4.000000000000000000e+00,1.408617868636392323e-01,2.928803615233597796e-03
2.260000000000000000e+02,3.975838628682677456e-01,4.000000000000000000e+00,1.403352764378748563e-01,2.562006300225490221e-03
2.270000000000000000e+02,3.973168115751360419e-01,4.000000000000000888e+00,1.398344163822714814e-01,2.115125332380977160e-03
2.280000000000000000e+02,3.970588414141031364e-01,4.000000000000000000e+00,1.393218628849230978e-01,1.772836953599424758e-03
2.290000000000000000e+02,3.968100099882757026e-01,4.000000000000000888e+00,1.388431457118368406e-01,1.578864651334578205e-03
2.300000000000000000e+02,3.965699194792446924e-01,4.000000000000000000e+00,1.383699903464572778e-01,1.522877938768411269e-03
2.310000000000000000e+02,3.963382353468598018e-01,4.000000000000000000e+00,1.379203896387498074e-01,1.511371407479825558e-03
2.320000000000000000e+02,3.961140858550670774e-01,4.000000000000000000e+00,1.375396712057206927e-01,1.778546998495048135e-03
2.330000000000000000e+02,3.958961590918328999e-01,4.000000000000001776e+00,1.370151461961933159e-01,2.023277130075757432e-03
2.340000000000000000e+02,3.956857317388049466e-01,3.999999999999999112e+00,1.366271786259110887e-01,2.138441550583395322e-03
2.350000000000000000e+02,3.954825405003256078e-01,3.999999999999999556e+00,1.362340497769539416e-01,2.196791675503889825e-03
2.360000000000000000e+02,3.952862328804339631e-01,4.000000000000000000e+00,1.358587991116657900e-01,2.326003254592280516e-03
2.370000000000000000e+02,3.950963632087277633e-01,4.000000000000000000e+00,1.354618502256340062e-01,2.375703870055791578e-03
2.380000000000000000e+02,3.949129182220932899e-01,3.999999999999999112e+00,1.350487357731248728e-01,2.388229192418758837e-03
2.390000000000000000e+02,3.947357822563509755e-01,4.000000000000000000e+00,1.346362869260664952e-01,2.332475985710186737e-03
2.400000000000000000e+02,3.945647378581126352e-01,4.000000000000000000e+00,1.342127931467680946e-01,2.212592251784230388e-03
2.410000000000000000e+02,3.943999941381463037e-01,4.000000000000000000e+00,1.336340585136729098e-01,2.503852910713136835e-03
2.420000000000000000e+02,3.942410193397953844e-01,3.999999999999999112e+00,1.331654618553569369e-01,2.396582746683552194e-03
2.430000000000000000e+02,3.940887056681948719e-01,4.000000000000000000e+00,1.326535130611441460e-01,2.242582750747927275e-03
2.440000000000000000e+02,3.939435336946076061e-01,4.000000000000000000e+00,1.321004964137629523e-01,2.135397414436955490e-03
2.450000000000000000e+02,3.938056078710648333e-01,4.000000000000001776e+00,1.315728322153860153e-01,2.084779912624002557e-03
2.460000000000000000e+02,3.936747537557187537e-01,3.999999999999999556e+00,1.310676763159953073e-01,2.065399026667737344e-03
2.470000000000000000e+02,3.935507069771537747e-01,3.999999999999999112e+00,1.305944130315566110e-01,2.093545629504739176e-03
2.480000000000000000e+02,3.934331588670707536e-01,4.000000000000000000e+00,1.301457399609619869e-01,2.130154154660363498e-03
2.490000000000000000e+02,3.933217724515509772e-01,4.000000000000000888e+00,1.297214646336128097e-01,2.158773375312963549e-03
2.500000000000000000e+02,3.932161951245438658e-01,4.000000000000000000e+00,1.293203029914866686e-01,2.181409069613781792e-03
2.510000000000000000e+02,3.931160613634199219e-01,4.000000000000000000e+00,1.289400319763419900e-01,2.208475222562496752e-03
2.520000000000000000e+02,3.930209872938310034e-01,3.999999999999999556e+00,1.285703246931109156e-01,2.263313306975627080e-03
2.530000000000000000e+02,3.929306370065870357e-01,3.999999999999999112e+00,1.282102495402747400e-01,2.318973007515883530e-03
2.540000000000000000e+02,3.928446588410937634e-01,4.000000000000001776e+00,1.278623551144871806e-01,2.388639717479126151e-03
2.550000000000000000e+02,3.927621015005763883e-01,4.000000000000000888e+00,1.275381349001117604e-01,2.964079556084251235e-03
2.560000000000000000e+02,3.926831954864008489e-01,4.000000000000000000e+00,1.271864897550598894e-01,3.114224973761894107e-03
2.570000000000000000e+02,3.926065774605196346e-01,3.999999999999999112e+00,1.274070856419270981e-01,4.373211512738411737e-03
2.580000000000000000e+02,3.925303083826572892e-01,4.000000000000000000e+00,1.270716601657119194e-01,4.198902884086500205e-03
2.590000000000000000e+02,3.924539542225955469e-01,4.000000000000000000e+00,1.268384598585801104e-01,2.489150713205989362e-03
2.600000000000000000e+02,3.923790390353100177e-01,4.000000000000000000e+00,1.264944701531936500e-01,1.973388451588806679e-03
2.610000000000000000e+02,3.923058728008924079e-01,4.000000000000000000e+00,1.261451632485784680e-01,1.516353493595895292e-03
2.620000000000000000e+02,3.922343354472022647e-01,3.999999999999999112e+00,1.257195891878430394e-01,1.262813076453409141e-03
2.630000000000000000e+02,3.921642651174415128e-01,4.000000000000000000e+00,1.253902122901019156e-01,1.401076209907123381e-03
2.640000000000000000e+02,3.920959404146065475e-01,3.999999999999999112e+00,1.250577450915250910e-01,1.789887589679918598e-03
2.650000000000000000e+02,3.920292473549041867e-01,3.999999999999999112e+00,1.247336568293965081e-01,2.209075622097765243e-03
2.660000000000000000e+02,3.919640541116073962e-01,4.000000000000000888e+00,1.244181576847088189e-01,2.582971125787885628e-03
2.670000000000000000e+02,3.919002826891657132e-01,3.999999999999999556e+00,1.241092159422316765e-01,2.887546497226470450e-03
2.680000000000000000e+02,3.918378760972181518e-01,3.999999999999999556e+00,1.238063685742578635e-01,3.129867304204360205e-03
2.690000000000000000e+02,3.917768140136250188e-01,4.000000000000000000e+00,1.235091977152679987e-01,3.331564588437047319e-03
2.700000000000000000e+02,3.917169641644766553e-01,4.000000000000000000e+00,1.235037227094086532e-01,3.578214455179960264e-03
2.710000000000000000e+02,3.916575820934395380e-01,3.999999999999999112e+00,1.232146779673462395e-01,3.721081080297821992e-03
2.720000000000000000e+02,3.915986005540551540e-01,4.000000000000000000e+00,1.230841738223012322e-01,3.678331635948189470e-03
2.730000000000000000e+02,3.915400306805837949e-01,4.000000000000000000e+00,1.228160758244611073e-01,3.898500156679880497e-03
2.740000000000000000e+02,3.914818831783621889e-01,4.000000000000000888e+00,1.223280869415846045e-01,4.122417693880833615e-03
2.750000000000000000e+02,3.914246748065148274e-01,4.000000000000000000e+00,1.220191485384114344e-01,4.284935527922965892e-03
2.760000000000000000e+02,3.913684235887409102e-01,4.000000000000000888e+00,1.216942110218611761e-01,4.383442694158674532e-03
2.770000000000000000e+02,3.913130886330125624e-01,4.000000000000000000e+00,1.213376400314224862e-01,4.327213280312187417e-03
2.780000000000000000e+02,3.912587971216396898e-01,4.000000000000000000e+00,1.209955209813482618e-01,4.302167546377919441e-03
2.790000000000000000e+02,3.912056962054294429e-01,4.000000000000000888e+00,1.206569252337883896e-01,4.228959935013682815e-03
2.800000000000000000e+02,3.911538225829116477e-01,4.000000000000000000e+00,1.203280187610675372e-01,4.114469639843921708e-03
2.810000000000000000e+02,3.911031856134181695e-01,4.000000000000000000e+00,1.200112565521460756e-01,3.968326805931577869e-03
2.820000000000000000e+02,3.910537824247429795e-01,3.999999999999999112e+00,1.197139515046922453e-01,3.799330001518627306e-03
2.830000000000000000e+02,3.910055438249868121e-01,4.000000000000000888e+00,1.194104128509112378e-01,3.681660428521319785e-03
2.840000000000000000e+02,3.909578408353607815e-01,4.000000000000000000e+00,1.191899729547648140e-01,2.987498655838709619e-03
2.850000000000000000e+02,3.909111580027860855e-01,4.000000000000000000e+00,1.188983217664554143e-01,2.819906992942447944e-03
2.860000000000000000e+02,3.908655201273151247e-01,4.000000000000000888e+00,1.185973540147116506e-01,2.775057388084293045e-03
2.870000000000000000e+02,3.908208790430419133e-01,4.000000000000000000e+00,1.185819850313316187e-01,2.630644047199823601e-03
2.880000000000000000e+02,3.907762689643209386e-01,4.000000000000000888e+00,1.182874763279496561e-01,2.525367149968659169e-03
2.890000000000000000e+02,3.907320954651433143e-01,4.000000000000000000e+00,1.180463012288776731e-01,2.440500048852844474e-03
2.900000000000000000e+02,3.906882871482856290e-01,4.000000000000000000e+00,1.177606648136245993e-01,2.393018760723756785e-03
2.910000000000000000e+02,3.906448791480338079e-01,4.000000000000000000e+00,1.174847415234723386e-01,2.356453923295048162e-03
2.920000000000000000e+02,3.906018658866523552e-01,3.999999999999999112e+00,1.172195284218149752e-01,2.315719994660979820e-03
2.930000000000000000e+02,3.905592385441571945e-01,4.000000000000000000e+00,1.169636401451953356e-01,2.266761561837130155e-03
2.940000000000000000e+02,3.905169865854974387e-01,4.000000000000000000e+00,1.167140123871073659e-01,2.214264761139770644e-03
2.950000000000000000e+02,3.904750941230296091e-01,4.000000000000000888e+00,1.164661725416771265e-01,2.151703828086033807e-03
2.960000000000000000e+02,3.904335403323694331e-01,3.999999999999999112e+00,1.162262688524514087e-01,2.105511852393686899e-03
2.970000000000000000e+02,3.903922660824390434e-01,4.000000000000000000e+00,1.159819053804157507e-01,2.003700318812098868e-03
2.980000000000000000e+02,3.903512524995149113e-01,3.999999999999999112e+00,1.157303879668414442e-01,1.985021080797795979e-03
2.990000000000000000e+02,3.903105740796514178e-01,4.000000000000000888e+00,1.154787673409335136e-01,1.982536792270203456e-03
3.000000000000000000e+02,3.902699753942491800e-01,4.000000000000000888e+00,1.153476621555982323e-01,1.623673120576388891e-03
3.010000000000000000e+02,3.902292450357597309e-01,4.000000000000000000e+00,1.151003990944854116e-01,1.647748628248402614e-03
3.020000000000000000e+02,3.901885590218270305e-01,4.000000000000000000e+00,1.148531505195831554e-01,1.675085914468369503e-03
3.030000000000000000e+02,3.901479604658796840e-01,4.000000000000000888e+00,1.146090136209641369e-01,1.702757912705172780e-03
3.040000000000000000e+02,3.901074845831193905e-01,3.999999999999999112e+00,1.143676523172993953e-01,1.729904467580462187e-03
3.050000000000000000e+02,3.900671709894173445e-01,3.999999999999999112e+00,1.141152907977429631e-01,1.741089924334392582e-03
3.060000000000000000e+02,3.900270655311058876e-01,4.000000000000000000e+00,1.138791895773606649e-01,1.683557850913871504e-03
3.070000000000000000e+02,3.899871518844590379e-01,4.000000000000000888e+00,1.136297188702614092e-01,1.706774339174869926e-03
3.080000000000000000e+02,3.899474791199764589e-01,4.000000000000000000e+00,1.133927166297117872e-01,1.656446487267151111e-03
3.090000000000000000e+02,3.899079689746952626e-01,4.000000000000000888e+00,1.131452027520201409e-01,1.689573516654325211e-03
3.100000000000000000e+02,3.898687482717026476e-01,4.000000000000000000e+00,1.129025138192361749e-01,1.724164935920113146e-03
3.110000000000000000e+02,3.898298388308010232e-01,4.000000000000000000e+00,1.126637512544874653e-01,1.755396207931563457e-03
3.120000000000000000e+02,3.897912555341712659e-01,4.000000000000000000e+00,1.124318067040238622e-01,1.777012821606575865e-03
3.130000000000000000e+02,3.897530025051511027e-01,3.999999999999999112e+00,1.122073827799052737e-01,1.784999826984606450e-03
3.140000000000000000e+02,3.897150756642068781e-01,4.000000000000000000e+00,1.119902903204009759e-01,1.777748316968126878e-03
3.150000000000000000e+02,3.896774641079719936e-01,4.000000000000000000e+00,1.117796180434684483e-01,1.755924413413177893e-03
3.160000000000000000e+02,3.896384043180356471e-01,4.000000000000000000e+00,1.121993931495998131e-01,1.446769443141181829e-03
3.170000000000000000e+02,3.895980983765717776e-01,4.000000000000000000e+00,1.119874779619618593e-01,1.358235225733452284e-03
3.180000000000000000e+02,3.895569435798539870e-01,3.999999999999999112e+00,1.117725429368004453e-01,1.199255872294479252e-03
3.190000000000000000e+02,3.895151490513907300e-01,3.999999999999999556e+00,1.115571841539280962e-01,1.001188580807990105e-03
3.200000000000000000e+02,3.894724256061660173e-01,3.999999999999999556e+00,1.114036564621881525e-01,1.236285972760485389e-03
3.210000000000000000e+02,3.894292150365424310e-01,3.999999999999999112e+00,1.111886703090708278e-01,9.308202623037406401e-04
3.220000000000000000e+02,3.893858132257418392e-01,4.000000000000000000e+00,1.110107731628201116e-01,6.107674039663421638e-04
3.230000000000000000e+02,3.893423093480994357e-01,3.999999999999999112e+00,1.108043848718293922e-01,3.770635703237658798e-04
3.240000000000000000e+02,3.892988496719426705e-01,3.999999999999999556e+00,1.106030760813269953e-01,4.482883483245793323e-04
3.250000000000000000e+02,3.892555090377171068e-01,4.000000000000000000e+00,1.104068122130636015e-01,7.370566386390214799e-04
3.260000000000000000e+02,3.892123308006147919e-01,3.999999999999998668e+00,1.102152210363607499e-01,1.059631884800043026e-03
3.270000000000000000e+02,3.891693331043079573e-01,4.000000000000000000e+00,1.100279057067418270e-01,1.364539759436290880e-03
3.280000000000000000e+02,3.891265163971037166e-01,3.999999999999999556e+00,1.098438283436036916e-01,1.632520574993578943e-03
3.290000000000000000e+02,3.890838728760339649e-01,4.000000000000000000e+00,1.096637599713332911e-01,1.853829583137553199e-03
3.300000000000000000e+02,3.890411368375649159e-01,4.000000000000000000e+00,1.095583951884286783e-01,1.511119776128074139e-03
3.310000000000000000e+02,3.889983119868903882e-01,4.000000000000000000e+00,1.093892494606656801e-01,1.555425388061962375e-03
3.320000000000000000e+02,3.889555011881561386e-01,3.999999999999999112e+00,1.092237427852393861e-01,1.655609212528124600e-03
3.330000000000000000e+02,3.889127184979778162e-01,3.999999999999999556e+00,1.090642923615576937e-01,1.720775229024689530e-03
3.340000000000000000e+02,3.888699638999558728e-01,4.000000000000000000e+00,1.089109564908316702e-01,1.750801062006772510e-03
3.350000000000000000e+02,3.888271546494680431e-01,3.999999999999999112e+00,1.089642849128062418e-01,1.743880592728817803e-03
3.360000000000000000e+02,3.887837498824754379e-01,4.000000000000000000e+00,1.088144070723117279e-01,1.712640441428682969e-03
3.370000000000000000e+02,3.887399697338150273e-01,4.000000000000000000e+00,1.086640857488590517e-01,1.650078321292092242e-03
3.380000000000000000e+02,3.886958704215600635e-01,4.000000000000000888e+00,1.085204779421934246e-01,1.565857283922709271e-03
3.390000000000000000e+02,3.886515085542858183e-01,4.000000000000000000e+00,1.083715335310537348e-01,1.466647304284310598e-03
3.400000000000000000e+02,3.886069361202051931e-01,4.000000000000000888e+00,1.082246480658361765e-01,1.363336859061026890e-03
3.410000000000000000e+02,3.885621199533206838e-01,3.999999999999999112e+00,1.083067417570753033e-01,1.379602847745674179e-03
3.420000000000000000e+02,3.885165927320433088e-01,4.000000000000000000e+00,1.081656046827096651e-01,1.274398399357988890e-03
3.430000000000000000e+02,3.884704827845462116e-01,4.000000000000000888e+00,1.080276102197961219e-01,1.159058321816014512e-03
3.440000000000000000e+02,3.884238794614230383e-01,4.000000000000000000e+00,1.078927650604763061e-01,1.038260721830861410e-03
3.450000000000000000e+02,3.883768594311085010e-01,4.000000000000001776e+00,1.077617387443317032e-01,9.166463136848038455e-04
3.460000000000000000e+02,3.883294885757972437e-01,4.000000000000000000e+00,1.076326955310844963e-01,8.036475539499490610e-04
3.470000000000000000e+02,3.882818233341273628e-01,4.000000000000000888e+00,1.075050709219848438e-01,7.035418424173152862e-04
3.480000000000000000e+02,3.882339121547311867e-01,3.999999999999999556e+00,1.073795455329163151e-01,6.200748126267729195e-04
3.490000000000000000e+02,3.881857956384276997e-01,3.999999999999999112e+00,1.072556674914874886e-01,5.534628153794323834e-04
3.500000000000000000e+02,3.881375088471901158e-01,4.000000000000000000e+00,1.071331430214573638e-01,5.006377733130959158e-04
3.510000000000000000e+02,3.880890828675929161e-01,4.000000000000000000e+00,1.070118751504461896e-01,4.566327096216060526e-04
3.520000000000000000e+02,3.880405280424366055e-01,3.999999999999998668e+00,1.069332096477408622e-01,4.188557692994507352e-04
3.530000000000000000e+02,3.879918274538858292e-01,3.999999999999999556e+00,1.068138152760503279e-01,3.909252288736986139e-04
3.540000000000000000e+02,3.879430165609123460e-01,4.000000000000000888e+00,1.066943874608285020e-01,3.604398425728084490e-04
3.550000000000000000e+02,3.878941232778700399e-01,4.000000000000000000e+00,1.065768357013117673e-01,3.365721402382361059e-04
3.560000000000000000e+02,3.878451687485751642e-01,4.000000000000000888e+00,1.064618667495823845e-01,3.301121621568283023e-04
3.570000000000000000e+02,3.877956539310584150e-01,4.000000000000000000e+00,1.075581956132203726e-01,3.110199644297700385e-03
3.580000000000000000e+02,3.877423168641748741e-01,3.999999999999998668e+00,1.074840600042185346e-01,2.891877396962811743e-03
3.590000000000000000e+02,3.876864276299943346e-01,3.999999999999999556e+00,1.073754296371679795e-01,2.437244663929552697e-03
3.600000000000000000e+02,3.876285847831812958e-01,4.000000000000000000e+00,1.072681569062257922e-01,1.821046627376730637e-03
3.610000000000000000e+02,3.875693054492019285e-01,4.000000000000000000e+00,1.071621771299744175e-01,1.141356382572385935e-03
3.620000000000000000e+02,3.875089625442467156e-01,3.999999999999999112e+00,1.070561543542399019e-01,5.986157196073701526e-04
3.630000000000000000e+02,3.874477638681557146e-01,4.000000000000000000e+00,1.069478884206242347e-01,7.073415502007939989e-04
3.640000000000000000e+02,3.873857301277263687e-01,3.999999999999999556e+00,1.068801038817180221e-01,1.092563875504878185e-03
3.650000000000000000e+02,3.873228065072252257e-01,4.000000000000000000e+00,1.067625224767375369e-01,1.486603971438162086e-03
3.660000000000000000e+02,3.872590769724653659e-01,4.000000000000000888e+00,1.066376528024378795e-01,1.732696929143773138e-03
3.670000000000000000e+02,3.871946235246674917e-01,4.000000000000000000e+00,1.065054921031974577e-01,1.807696490461461504e-03
3.680000000000000000e+02,3.871295990067628034e-01,4.000000000000000000e+00,1.063671100056024915e-01,1.717860829463047816e-03
3.690000000000000000e+02,3.870641351272341435e-01,3.999999999999999112e+00,1.064444544711659751e-01,1.017414401732562920e-03
3.700000000000000000e+02,3.869979030086306837e-01,4.000000000000000888e+00,1.062988803342509031e-01,7.665013513162490400e-04
3.710000000000000000e+02,3.869314659827873815e-01,4.000000000000000000e+00,1.061501573472753424e-01,5.463670834803338334e-04
3.720000000000000000e+02,3.868650180831627594e-01,4.000000000000000000e+00,1.060062648074472924e-01,4.606706448136988472e-04
3.730000000000000000e+02,3.867986943333902028e-01,3.999999999999998668e+00,1.058713197080109747e-01,5.330706804072587101e-04
3.740000000000000000e+02,3.867325644114361083e-01,4.000000000000000000e+00,1.057601418974910001e-01,6.843943205676406363e-04
3.750000000000000000e+02,3.866666428883895890e-01,4.000000000000000000e+00,1.056399537805446653e-01,7.904485479640139178e-04
3.760000000000000000e+02,3.866009979815244746e-01,4.000000000000000000e+00,1.055296264683143331e-01,8.358523689271652856e-04
3.770000000000000000e+02,3.865356538110530371e-01,4.000000000000000000e+00,1.054296214625907724e-01,8.159362436774459130e-04
3.780000000000000000e+02,3.864706413827315723e-01,3.999999999999999112e+00,1.053151457104994776e-01,7.392649664350124227e-04
3.790000000000000000e+02,3.864060272223843184e-01,3.999999999999999556e+00,1.052093778961127046e-01,6.249946890479207446e-04
3.800000000000000000e+02,3.863418387694758094e-01,3.999999999999998224e+00,1.051123127305868266e-01,4.933289091770161339e-04
3.810000000000000000e+02,3.862780838452448684e-01,3.999999999999999556e+00,1.050231682444470044e-01,3.761734113260899333e-04
3.820000000000000000e+02,3.862147517176280909e-01,4.000000000000000888e+00,1.049414293982454532e-01,3.202345878944196935e-04
3.830000000000000000e+02,3.861518143315548768e-01,4.000000000000000000e+00,1.048667071969058007e-01,3.425171938526999789e-04
3.840000000000000000e+02,3.860892289342020556e-01,4.000000000000000000e+00,1.048061140100177147e-01,3.864416199974975239e-04
3.850000000000000000e+02,3.860269413606419731e-01,3.999999999999999112e+00,1.047436990486507458e-01,4.259297594041359502e-04
3.860000000000000000e+02,3.859649109085149798e-01,4.000000000000001776e+00,1.046862260969540909e-01,4.326200934153766591e-04
3.870000000000000000e+02,3.859030997756902059e-01,4.000000000000000000e+00,1.046328140401972945e-01,4.054033895597597024e-04
3.880000000000000000e+02,3.858414746782445892e-01,3.999999999999999112e+00,1.045827260913916451e-01,3.496049607920861859e-04
3.890000000000000000e+02,3.857800057723520526e-01,4.000000000000000888e+00,1.045355617781230095e-01,2.745333821420603278e-04
3.900000000000000000e+02,3.857186654170590145e-01,4.000000000000001776e+00,1.044913400429624273e-01,1.994311210588428770e-04
3.910000000000000000e+02,3.856574244969043774e-01,3.999999999999999112e+00,1.044561894009660707e-01,1.662552647268416574e-04
3.920000000000000000e+02,3.855962425129265125e-01,3.999999999999998668e+00,1.044194385227938254e-01,2.073405358501617180e-04
3.930000000000000000e+02,3.855350872024185804e-01,4.000000000000000888e+00,1.043873936391461615e-01,2.794946259097321698e-04
3.940000000000000000e+02,3.854739207476508556e-01,4.000000000000000000e+00,1.043604748786991221e-01,3.448355791654802646e-04
3.950000000000000000e+02,3.854127029001258586e-01,4.000000000000000000e+00,1.043387344997316335e-01,3.899492482474438177e-04
3.960000000000000000e+02,3.853513896595173183e-01,3.999999999999998224e+00,1.043255050727799338e-01,4.112914441190741884e-04
3.970000000000000000e+02,3.852899363429336255e-01,4.000000000000000000e+00,1.043128650732881163e-01,4.100671047161103650e-04
3.980000000000000000e+02,3.852283072691126131e-01,3.999999999999999556e+00,1.043038407317997268e-01,3.894317168617955974e-04
3.990000000000000000e+02,3.851664640951146801e-01,4.000000000000000000e+00,1.042988082196552035e-01,3.520925645170912516e-04
4.000000000000000000e+02,3.851043685561206242e-01,4.000000000000000000e+00,1.042954838392954470e-01,3.096723525744542096e-04
4.010000000000000000e+02,3.850419923551139378e-01,3.999999999999999112e+00,1.042944917893191270e-01,2.690732986831328500e-04
4.020000000000000000e+02,3.849793052334152810e-01,4.000000000000000000e+00,1.042955481794090866e-01,2.372628175738380769e-04
4.030000000000000000e+02,3.849162791705073028e-01,4.000000000000000000e+00,1.042983203237024953e-01,2.162730693777046795e-04
4.040000000000000000e+02,3.848528892662673728e-01,3.999999999999999556e+00,1.043023851081405079e-01,2.035634729211362279e-04
4.050000000000000000e+02,3.847891146086489522e-01,4.000000000000000000e+00,1.043072525932715183e-01,1.954621181595923873e-04
4.060000000000000000e+02,3.847249387291871159e-01,4.000000000000000888e+00,1.043124474586892558e-01,1.896039884804639520e-04
4.070000000000000000e+02,3.846603497013040274e-01,3.999999999999999556e+00,1.043176150492694104e-01,1.855255580949085540e-04
4.080000000000000000e+02,3.845953291595071155e-01,4.000000000000000000e+00,1.043471263049172981e-01,1.927705484931380468e-04
4.090000000000000000e+02,3.845298512053668127e-01,4.000000000000000000e+00,1.043520401523548025e-01,2.001127155836520506e-04
4.100000000000000000e+02,3.844639198761423682e-01,4.000000000000000000e+00,1.043572326805069367e-01,2.154184394608993282e-04
4.110000000000000000e+02,3.843975391291196697e-01,4.000000000000000000e+00,1.043629100367284152e-01,2.377780746034350147e-04
4.120000000000000000e+02,3.843307137518094940e-01,3.999999999999999112e+00,1.043671001711400925e-01,2.589941464464618035e-04
4.130000000000000000e+02,3.842634531779436369e-01,4.000000000000000000e+00,1.043723753769863899e-01,2.779152905273916930e-04
4.140000000000000000e+02,3.841957611129317440e-01,4.000000000000000000e+00,1.043828567632218152e-01,2.941577329980402176e-04
4.150000000000000000e+02,3.841276397022087563e-01,3.999999999999998668e+00,1.043830238742697175e-01,2.857209634888748331e-04
4.160000000000000000e+02,3.840591207904969773e-01,3.999999999999999112e+00,1.043769229038211260e-01,2.569883284311610516e-04
4.170000000000000000e+02,3.839902212830977324e-01,3.999999999999999556e+00,1.043887371910834083e-01,2.521814649310667668e-04
4.180000000000000000e+02,3.839209379711379100e-01,4.000000000000001776e+00,1.043845272883352077e-01,2.226891570996666176e-04
4.190000000000000000e+02,3.838513153933191813e-01,4.000000000000000000e+00,1.043814446434521565e-01,1.974847981785030776e-04
4.200000000000000000e+02,3.837813797513046077e-01,4.000000000000000888e+00,1.043796997798538129e-01,1.786733510366663303e-04
4.210000000000000000e+02,3.837111536032586923e-01,3.999999999999999556e+00,1.043794959314678084e-01,1.668081581434411112e-04
4.220000000000000000e+02,3.836406561495454559e-01,4.000000000000000000e+00,1.043809817474125046e-01,1.615174391650315352e-04
4.230000000000000000e+02,3.835699035178596894e-01,4.000000000000000000e+00,1.043842266144023451e-01,1.625755770641597569e-04
4.240000000000000000e+02,3.834989089985552657e-01,4.000000000000000888e+00,1.043892283535294702e-01,1.699890686567220193e-04
4.250000000000000000e+02,3.834276832608255470e-01,4.000000000000000000e+00,1.043959458786325040e-01,1.831224261301423481e-04
4.260000000000000000e+02,3.833562345850726749e-01,3.999999999999999556e+00,1.044043403532446124e-01,2.002375452156339528e-04
4.270000000000000000e+02,3.832845691155091772e-01,3.999999999999999556e+00,1.044144061206638968e-01,2.189348317147210218e-04
4.280000000000000000e+02,3.832126910908680295e-01,3.999999999999998668e+00,1.044261784378422431e-01,2.367916999255352041e-04
4.290000000000000000e+02,3.831406030328896595e-01,3.999999999999999112e+00,1.044397163565273928e-01,2.517356142653984219e-04
4.300000000000000000e+02,3.830683059230188814e-01,3.999999999999998224e+00,1.044550701243654178e-01,2.622564576304135895e-04
4.310000000000000000e+02,3.829957994070664618e-01,4.000000000000001776e+00,1.044722484338413415e-01,2.675855277492142099e-04
4.320000000000000000e+02,3.829230820488501164e-01,3.999999999999999112e+00,1.044912160890197200e-01,2.677618469441656111e-04
4.330000000000000000e+02,3.828501516030995422e-01,3.999999999999999112e+00,1.045118618270311217e-01,2.635803835523569424e-04
4.340000000000000000e+02,3.827770052065320727e-01,4.000000000000000888e+00,1.045340284146304421e-01,2.563559423559153005e-04
4.350000000000000000e+02,3.827036407813724228e-01,4.000000000000000000e+00,1.045549315589459349e-01,2.421572303718043211e-04
4.360000000000000000e+02,3.826300615687596718e-01,3.999999999999999556e+00,1.045766743479004529e-01,2.278131635752366575e-04
4.370000000000000000e+02,3.825562695240719013e-01,4.000000000000000888e+00,1.045995867617404845e-01,2.165693868649574473e-04
4.380000000000000000e+02,3.824822658507380790e-01,4.000000000000000888e+00,1.046235704189242832e-01,2.098213391058849017e-04
4.390000000000000000e+02,3.824080516724751577e-01,4.000000000000000000e+00,1.046485656031217043e-01,2.080182587768943082e-04
4.400000000000000000e+02,3.823336283163034643e-01,4.000000000000000000e+00,1.046746433288996692e-01,2.107341199449174883e-04
4.410000000000000000e+02,3.822589932364617304e-01,4.000000000000000000e+00,1.047614688908893588e-01,2.502528296795460019e-04
4.420000000000000000e+02,3.821839962441274663e-01,4.000000000000000000e+00,1.049977846441073059e-01,6.682059872019805932e-04
4.430000000000000000e+02,3.821083007377606422e-01,3.999999999999999556e+00,1.050221810665700056e-01,6.505746993490991482e-04
4.440000000000000000e+02,3.820320135410766871e-01,4.000000000000000000e+00,1.050448008339971290e-01,6.132642526698634140e-04
4.450000000000000000e+02,3.819551959884932568e-01,3.999999999999999556e+00,1.051087069042977440e-01,6.464187102950938501e-04
4.460000000000000000e+02,3.818778201967328312e-01,4.000000000000000888e+00,1.051279206581535591e-01,5.783804606322839187e-04
4.470000000000000000e+02,3.817999696814474708e-01,4.000000000000000000e+00,1.051458940479027410e-01,5.020078415990918011e-04
4.480000000000000000e+02,3.817217114720963811e-01,4.000000000000000000e+00,1.051630749765756767e-01,4.241245033519834735e-04
4.490000000000000000e+02,3.816431068418136840e-01,3.999999999999998668e+00,1.051798303503002213e-01,3.527951930628014086e-04
4.500000000000000000e+02,3.815642112351570470e-01,4.000000000000000888e+00,1.051964405753949283e-01,2.976182039694205456e-04
4.510000000000000000e+02,3.814850744624093681e-01,4.000000000000000000e+00,1.052131060233765930e-01,2.678393161913286214e-04
4.520000000000000000e+02,3.814057395426079244e-01,4.000000000000000000e+00,1.052291258204204327e-01,2.670236509703977795e-04
4.530000000000000000e+02,3.813262490839604557e-01,4.000000000000000000e+00,1.052463076021913219e-01,2.856605790905315757e-04
4.540000000000000000e+02,3.812466326274206452e-01,3.999999999999999556e+00,1.052609659238809281e-01,3.174183198284574216e-04
4.550000000000000000e+02,3.811669253087571763e-01,3.999999999999999556e+00,1.052791506462881221e-01,3.426410052496807641e-04
4.560000000000000000e+02,3.810871617770138498e-01,4.000000000000000000e+00,1.052980048791722495e-01,3.611572333808321005e-04
4.570000000000000000e+02,3.810073674678394751e-01,4.000000000000000000e+00,1.053174535920877591e-01,3.706792032509756809e-04
4.580000000000000000e+02,3.809275693328180168e-01,3.999999999999999112e+00,1.053373544226097608e-01,3.712263890143277490e-04
4.590000000000000000e+02,3.808477911313244979e-01,3.999999999999999112e+00,1.053581119119335052e-01,3.638460507764443275e-04
4.600000000000000000e+02,3.807680527990534025e-01,4.000000000000000888e+00,1.053797652129205009e-01,3.510999376135663305e-04
4.610000000000000000e+02,3.806883718666508321e-01,4.000000000000000000e+00,1.054023369344498362e-01,3.364307974661311378e-04
4.620000000000000000e+02,3.806087636065840218e-01,4.000000000000000000e+00,1.054258319655123760e-01,3.236351252925112978e-04
4.630000000000000000e+02,3.805292411752770332e-01,4.000000000000000000e+00,1.054502758917796046e-01,3.163644298777793917e-04
4.640000000000000000e+02,3.804497972904276049e-01,4.000000000000000888e+00,1.054747974250711123e-01,2.902813292933794915e-04
4.650000000000000000e+02,3.803703647213567685e-01,3.999999999999998668e+00,1.054748398617701977e-01,3.472453124195930578e-04
4.660000000000000000e+02,3.802910516020749920e-01,4.000000000000000000e+00,1.055038666888060417e-01,3.652517531700804785e-04
4.670000000000000000e+02,3.802119011960813921e-01,3.999999999999999112e+00,1.055345224693902129e-01,3.882161081434357054e-04
4.680000000000000000e+02,3.801329142064817646e-01,3.999999999999999112e+00,1.055665076253667345e-01,4.139952923160949505e-04
4.690000000000000000e+02,3.800540893848112223e-01,4.000000000000000000e+00,1.055994961320193271e-01,4.403762574190114268e-04
4.700000000000000000e+02,3.799754262267198701e-01,3.999999999999998668e+00,1.056330527419897525e-01,4.651518074279176770e-04
4.710000000000000000e+02,3.798969290647222219e-01,3.999999999999999112e+00,1.056669073129082037e-01,4.875101161983478454e-04
4.720000000000000000e+02,3.798185991197907674e-01,4.000000000000000000e+00,1.057008193983925148e-01,5.069813512499836243e-04
4.730000000000000000e+02,3.797404375525648135e-01,3.999999999999999556e+00,1.057345275471877899e-01,5.227139015265250439e-04
4.740000000000000000e+02,3.796623113600529065e-01,4.000000000000000000e+00,1.056888218877731767e-01,3.871562720533371516e-04
4.750000000000000000e+02,3.795841386611540358e-01,4.000000000000000000e+00,1.057248253704457103e-01,3.700473075255564822e-04
4.760000000000000000e+02,3.795062232516808742e-01,4.000000000000000000e+00,1.057616207623611332e-01,3.523354077080654493e-04
4.770000000000000000e+02,3.794285706196347530e-01,4.000000000000001776e+00,1.057986700018573034e-01,3.402451480348645104e-04
4.780000000000000000e+02,3.793511921132025067e-01,4.000000000000000000e+00,1.058359461511839961e-01,3.386229154551303328e-04
4.790000000000000000e+02,3.792740707564986047e-01,4.000000000000000000e+00,1.057723572736112977e-01,7.253381386094920075e-04
4.800000000000000000e+02,3.791970504304577605e-01,4.000000000000000888e+00,1.058070871301756838e-01,7.702027840374768650e-04
4.810000000000000000e+02,3.791203638217539029e-01,4.000000000000000000e+00,1.058411149424892117e-01,8.042418940716255724e-04
4.820000000000000000e+02,3.790440102171382941e-01,4.000000000000000000e+00,1.058743231444832650e-01,8.277381829796775885e-04
4.830000000000000000e+02,3.789679922241714349e-01,4.000000000000000000e+00,1.059066618011546279e-01,8.411831971921280909e-04
4.840000000000000000e+02,3.788923153308164649e-01,4.000000000000000888e+00,1.059381290563191358e-01,8.451487444524471634e-04
4.850000000000000000e+02,3.788169874771948331e-01,4.000000000000000000e+00,1.059687495537661311e-01,8.403721303296942313e-04
4.860000000000000000e+02,3.787420202290762150e-01,3.999999999999999556e+00,1.059980858488932254e-01,8.277205464162756127e-04
4.870000000000000000e+02,3.786674285645541538e-01,3.999999999999999112e+00,1.060265300072603251e-01,8.084060673369335669e-04
4.880000000000000000e+02,3.785932252169268986e-01,4.000000000000000000e+00,1.060541451941030694e-01,7.837181835062637667e-04
4.890000000000000000e+02,3.785193849563594504e-01,3.999999999999998224e+00,1.060589565947229057e-01,6.711397876667978468e-04
4.900000000000000000e+02,3.784459642751042407e-01,4.000000000000000888e+00,1.060856999505413040e-01,6.430361876046151526e-04
4.910000000000000000e+02,3.783730136992080606e-01,4.000000000000000000e+00,1.061121460929876914e-01,6.157293770153282175e-04
4.920000000000000000e+02,3.783005349518536731e-01,4.000000000000000000e+00,1.061379475112687182e-01,5.901112746442670068e-04
4.930000000000000000e+02,3.782285294513753615e-01,4.000000000000000888e+00,1.061632820508991160e-01,5.673068718925421659e-04
4.940000000000000000e+02,3.781569898274482200e-01,4.000000000000000888e+00,1.061943613340467912e-01,5.570945564700685408e-04
4.950000000000000000e+02,3.780858310452895332e-01,3.999999999999999112e+00,1.062164337515779516e-01,5.379357958774134713e-04
4.960000000000000000e+02,3.780151458844178136e-01,3.999999999999998668e+00,1.062378264731148048e-01,5.252183730605851754e-04
4.970000000000000000e+02,3.779449407582774478e-01,4.000000000000000000e+00,1.062581801834214384e-01,5.197401498056322894e-04
4.980000000000000000e+02,3.778752093746388097e-01,3.999999999999999556e+00,1.062776597363018077e-01,5.205223894177390910e-04
4.990000000000000000e+02,3.778059655332453581e-01,3.999999999999999112e+00,1.062943672905684173e-01,5.274777717111977030e-04
5.000000000000000000e+02,3.777372192906292003e-01,3.999999999999999556e+00,1.063104541031449496e-01,5.365524972432463967e-04
5.010000000000000000e+02,3.776689768297932792e-01,4.000000000000000000e+00,1.063239431991782613e-01,5.497638863798185978e-04
5.020000000000000000e+02,3.776012446614644968e-01,3.999999999999999112e+00,1.062993412071663313e-01,6.414797767949971703e-04
5.030000000000000000e+02,3.775338033187090603e-01,4.000000000000000888e+00,1.063481706322940284e-01,7.681992753844398697e-04
5.040000000000000000e+02,3.774665224697316690e-01,4.000000000000000000e+00,1.063589846625724866e-01,7.529535681950720464e-04
5.050000000000000000e+02,3.773997251404248021e-01,4.000000000000000888e+00,1.063702961022082449e-01,7.270821273144059682e-04
5.060000000000000000e+02,3.773334303852266536e-01,3.999999999999999112e+00,1.063814118798134950e-01,6.982060995989965201e-04
5.070000000000000000e+02,3.772676128522184369e-01,4.000000000000000888e+00,1.063936063316598124e-01,6.984287600275337080e-04
5.080000000000000000e+02,3.772022558726701447e-01,4.000000000000000000e+00,1.064034692650610847e-01,6.759558037408556650e-04
5.090000000000000000e+02,3.771374462373298098e-01,4.000000000000000000e+00,1.064024783845486377e-01,6.861607444629464793e-04
5.100000000000000000e+02,3.770732336601710366e-01,3.999999999999999556e+00,1.063982696907682102e-01,7.134021771139022368e-04
5.110000000000000000e+02,3.770096498868441559e-01,4.000000000000000888e+00,1.063923970194004670e-01,7.466999590667298698e-04
5.120000000000000000e+02,3.769467369667198753e-01,3.999999999999999556e+00,1.063760442995215355e-01,7.854580366763071198e-04
5.130000000000000000e+02,3.768845583117427234e-01,4.000000000000000000e+00,1.063568964538564310e-01,8.181450673638024102e-04
5.140000000000000000e+02,3.768231567304194951e-01,3.999999999999999112e+00,1.063362753429926560e-01,8.385924319578592218e-04
5.150000000000000000e+02,3.767625727131662661e-01,4.000000000000001776e+00,1.063144090512445211e-01,8.454805344274718025e-04
5.160000000000000000e+02,3.767028454676427662e-01,4.000000000000000888e+00,1.062908281301566810e-01,8.418796928733571260e-04
5.170000000000000000e+02,3.766434751744306419e-01,4.000000000000000000e+00,1.051014391404232473e-01,3.822275883430410835e-03
5.180000000000000000e+02,3.765869909208184874e-01,3.999999999999999112e+00,1.050393694242455628e-01,3.850525243226412143e-03
5.190000000000000000e+02,3.765333620094227784e-01,4.000000000000000000e+00,1.049976458491368170e-01,3.788243228528091582e-03
5.200000000000000000e+02,3.764825662917976601e-01,3.999999999999999112e+00,1.049188393720402040e-01,3.658206018320191502e-03
5.210000000000000000e+02,3.764345981577788547e-01,4.000000000000001776e+00,1.048597847930232557e-01,3.464945929583544346e-03
5.220000000000000000e+02,3.763893693760541614e-01,4.000000000000001776e+00,1.048070382695554942e-01,3.221914409814813363e-03
5.230000000000000000e+02,3.763467919503504788e-01,3.999999999999999556e+00,1.047670018445567147e-01,2.939912067813944384e-03
5.240000000000000000e+02,3.763067514313292450e-01,4.000000000000000000e+00,1.047378759867933773e-01,2.631764929020343705e-03
5.250000000000000000e+02,3.762691291408463146e-01,4.000000000000000888e+00,1.047137903552225330e-01,2.311968945430388674e-03
5.260000000000000000e+02,3.762337839469957479e-01,4.000000000000001776e+00,1.047011532297784792e-01,1.986430733968580758e-03
5.270000000000000000e+02,3.762005653146376916e-01,4.000000000000000000e+00,1.046963046935848046e-01,1.670152011692048423e-03
5.280000000000000000e+02,3.761693079868459466e-01,3.999999999999998668e+00,1.046980232674792760e-01,1.370278100537066250e-03
5.290000000000000000e+02,3.761398401884467613e-01,4.000000000000000000e+00,1.047061271382744574e-01,1.093938864826356173e-03
5.300000000000000000e+02,3.761117028878706581e-01,3.999999999999999556e+00,1.047943687444141958e-01,8.462130210235234819e-04
5.310000000000000000e+02,3.760846826462039827e-01,4.000000000000000000e+00,1.045606907794032064e-01,1.162432701499055594e-03
5.320000000000000000e+02,3.760591257561762268e-01,4.000000000000000888e+00,1.045807917082887256e-01,9.804139549607171315e-04
5.330000000000000000e+02,3.760351735882920265e-01,4.000000000000000000e+00,1.046074122677969759e-01,8.148398495674749999e-04
5.340000000000000000e+02,3.760126114619084525e-01,4.000000000000000888e+00,1.046385740478861237e-01,6.791357928838456922e-04
5.350000000000000000e+02,3.759912344699530840e-01,4.000000000000000000e+00,1.046724231875705152e-01,5.911458023604971137e-04
5.360000000000000000e+02,3.759708488481593447e-01,3.999999999999999556e+00,1.047076221835099297e-01,5.612587779569607046e-04
5.370000000000000000e+02,3.759512555055721794e-01,4.000000000000000888e+00,1.047508377097349369e-01,5.404510060299793110e-04
5.380000000000000000e+02,3.759322510527940420e-01,4.000000000000000000e+00,1.047876951333690798e-01,5.674123366974460686e-04
5.390000000000000000e+02,3.759137526757917458e-01,4.000000000000000000e+00,1.048174242422820340e-01,6.147862753823871195e-04
5.400000000000000000e+02,3.758956443018652838e-01,4.000000000000000000e+00,1.048440743563428534e-01,6.604954053813612757e-04
5.410000000000000000e+02,3.758778249236094382e-01,4.000000000000000000e+00,1.048667904636201437e-01,6.968848167406097591e-04
5.420000000000000000e+02,3.758602135412976164e-01,4.000000000000000888e+00,1.048848806802877703e-01,7.236516870846482511e-04
5.430000000000000000e+02,3.758427485717280581e-01,4.000000000000000888e+00,1.048978359632855295e-01,7.452991282289886735e-04
5.440000000000000000e+02,3.758253864332700145e-01,4.000000000000000000e+00,1.049045837837342676e-01,7.688771614824292666e-04
5.450000000000000000e+02,3.758081005642234795e-01,3.999999999999999556e+00,1.049055945714850030e-01,7.994067160306726977e-04
5.460000000000000000e+02,3.757908770207651905e-01,3.999999999999998668e+00,1.049010903189404875e-01,8.396000410117083774e-04
5.470000000000000000e+02,3.757737123941079505e-01,3.999999999999998668e+00,1.048911850108589228e-01,8.888301841002253659e-04
5.480000000000000000e+02,3.757566118374336961e-01,3.999999999999999112e+00,1.048760867000684410e-01,9.435960246192278767e-04
5.490000000000000000e+02,3.757395873876459569e-01,3.999999999999999556e+00,1.048560801545932869e-01,9.990002652728168387e-04
5.500000000000000000e+02,3.757226566119452049e-01,4.000000000000000000e+00,1.048315086257553402e-01,1.050230253628435832e-03
5.510000000000000000e+02,3.757058415050837930e-01,4.000000000000000000e+00,1.048027515037668889e-01,1.093561715069805290e-03
5.520000000000000000e+02,3.756891675100872963e-01,3.999999999999999556e+00,1.047701984648157641e-01,1.126779314569411813e-03
5.530000000000000000e+02,3.756726625654125407e-01,4.000000000000000888e+00,1.047342251682344405e-01,1.149113255304977897e-03
5.540000000000000000e+02,3.756563521769854530e-01,3.999999999999999556e+00,1.047037333277858334e-01,1.160974196237825849e-03
5.550000000000000000e+02,3.756402559332328583e-01,3.999999999999999556e+00,1.046616540472448675e-01,1.163265844286492197e-03
5.560000000000000000e+02,3.756243162234911837e-01,4.000000000000000000e+00,1.048306597048006411e-01,1.251848840577303576e-03
5.570000000000000000e+02,3.756080417737301391e-01,4.000000000000000000e+00,1.047797812280326923e-01,1.205646054833573984e-03
5.580000000000000000e+02,3.755917209741799212e-01,4.000000000000000000e+00,1.047349077435631715e-01,1.148159042035064173e-03
5.590000000000000000e+02,3.755753396574338931e-01,4.000000000000000000e+00,1.049386316693507321e-01,1.270604625670494845e-03
5.600000000000000000e+02,3.755585638693033634e-01,3.999999999999999556e+00,1.048654741888625924e-01,1.224482305327157265e-03
5.610000000000000000e+02,3.755415505803968435e-01,4.000000000000000000e+00,1.050399175099144822e-01,7.946683863695317481e-04
5.620000000000000000e+02,3.755237649098628894e-01,4.000000000000000000e+00,1.049510470372687077e-01,7.799939180683614429e-04
5.630000000000000000e+02,3.755055302766654446e-01,3.999999999999999112e+00,1.048546983669313842e-01,7.721257062932368118e-04
5.640000000000000000e+02,3.754870577856651570e-01,3.999999999999999112e+00,1.047528913947215756e-01,7.596835483652749927e-04
5.650000000000000000e+02,3.754685427263960706e-01,3.999999999999999112e+00,1.046474773499474070e-01,7.370995674128468086e-04
5.660000000000000000e+02,3.754501587396494311e-01,4.000000000000000000e+00,1.045463403850872691e-01,6.954996848456160112e-04
5.670000000000000000e+02,3.754319888919401826e-01,4.000000000000000000e+00,1.056927650642001670e-01,2.673549293020462386e-03
5.680000000000000000e+02,3.754099514464534493e-01,3.999999999999998668e+00,1.056024833830360721e-01,2.563597852947203676e-03
5.690000000000000000e+02,3.753860988691454237e-01,3.999999999999999112e+00,1.054603411640287064e-01,2.144245679579930008e-03
5.700000000000000000e+02,3.753611339800828062e-01,3.999999999999999112e+00,1.053081818201700992e-01,1.590055876951689809e-03
5.710000000000000000e+02,3.753351038614414770e-01,4.000000000000000000e+00,1.062885841904652739e-01,2.426641273739562482e-03
5.720000000000000000e+02,3.753054710158476581e-01,3.999999999999999112e+00,1.061036654886212960e-01,2.168710752111768173e-03
5.730000000000000000e+02,3.752736433320191245e-01,4.000000000000000888e+00,1.073456676981630192e-01,3.543050056099349403e-03
5.740000000000000000e+02,3.752374170624027117e-01,4.000000000000000888e+00,1.073680080620862815e-01,3.262439966983167808e-03
5.750000000000000000e+02,3.751973157410283810e-01,3.999999999999999112e+00,1.071117838873137940e-01,3.005718409145097681e-03
5.760000000000000000e+02,3.751547311200192913e-01,4.000000000000000000e+00,1.068356001966565688e-01,2.715948686787423520e-03
5.770000000000000000e+02,3.751104215626119287e-01,4.000000000000000000e+00,1.065843700257954607e-01,2.412807793149110078e-03
5.780000000000000000e+02,3.750651719757955860e-01,3.999999999999999556e+00,1.062862431945004599e-01,2.055239756073979403e-03
5.790000000000000000e+02,3.750196358365601723e-01,4.000000000000000000e+00,1.060391241615951941e-01,1.769127747574478346e-03
5.800000000000000000e+02,3.749739395508818185e-01,4.000000000000000888e+00,1.058782076442174314e-01,1.333889611665025265e-03
5.810000000000000000e+02,3.749288273646553260e-01,4.000000000000000888e+00,1.055764601624977067e-01,1.056203842389941356e-03
5.820000000000000000e+02,3.748848666003755659e-01,3.999999999999998224e+00,1.052802948327179050e-01,1.089087242209913018e-03
5.830000000000000000e+02,3.748424287238353303e-01,4.000000000000000000e+00,1.049934628305755624e-01,1.380343714095400888e-03
5.840000000000000000e+02,3.748017722809803276e-01,3.999999999999999112e+00,1.047186143641609113e-01,1.748112791040408107e-03
5.850000000000000000e+02,3.747630637567476164e-01,3.999999999999999112e+00,1.044577052835117120e-01,2.085115066621292049e-03
5.860000000000000000e+02,3.747264038702094457e-01,4.000000000000000000e+00,1.042120563890537033e-01,2.343720054610904865e-03
5.870000000000000000e+02,3.746918509874613834e-01,4.000000000000001776e+00,1.039906998744334482e-01,2.491685592742623641e-03
5.880000000000000000e+02,3.746594093021546334e-01,3.999999999999999112e+00,1.037834663863023144e-01,2.558353873245712909e-03
5.890000000000000000e+02,3.746291099113654433e-01,4.000000000000001776e+00,1.036329767617627517e-01,2.487472069203524108e-03
5.900000000000000000e+02,3.746008294458107457e-01,4.000000000000000000e+00,1.037089459172335359e-01,2.227837553512522148e-03
5.910000000000000000e+02,3.745742109246623652e-01,4.000000000000000888e+00,1.035385229367539045e-01,2.118983149361140707e-03
5.920000000000000000e+02,3.745493228512349893e-01,3.999999999999999112e+00,1.034133218284841588e-01,1.900893075440500271e-03
5.930000000000000000e+02,3.745261166237736639e-01,4.000000000000000000e+00,1.032646666944422031e-01,1.776352154069325145e-03
5.940000000000000000e+02,3.745045693467610182e-01,3.999999999999999556e+00,1.031261482516461353e-01,1.662136455507426738e-03
5.950000000000000000e+02,3.744846188281523158e-01,3.999999999999999112e+00,1.029974411929370920e-01,1.556790240779796879e-03
5.960000000000000000e+02,3.744661395479997323e-01,4.000000000000000000e+00,1.029398934236537833e-01,1.419741059895357959e-03
5.970000000000000000e+02,3.744489787074383180e-01,3.999999999999999112e+00,1.028286951635758034e-01,1.304480240978388075e-03
5.980000000000000000e+02,3.744330663380005531e-01,3.999999999999999556e+00,1.027253101029679677e-01,1.180307722439176638e-03
5.990000000000000000e+02,3.744183171130932575e-01,3.999999999999998668e+00,1.026291562265972956e-01,1.044347674282570474e-03
6.000000000000000000e+02,3.744046433217137482e-01,3.999999999999999112e+00,1.025394701757492977e-01,8.983722564099772727e-04
6.010000000000000000e+02,3.743919551393551370e-01,3.999999999999999556e+00,1.024553770040138034e-01,7.485640231769728845e-04
6.020000000000000000e+02,3.743801596055854608e-01,3.999999999999999556e+00,1.023771140879295161e-01,6.023262493056540622e-04
6.030000000000000000e+02,3.743691610598887110e-01,3.999999999999999112e+00,1.023016129169548316e-01,4.763441833618515999e-04
6.040000000000000000e+02,3.743587965262185069e-01,4.000000000000000000e+00,1.025781444211338045e-01,6.548505272902686381e-04
6.050000000000000000e+02,3.743482837456681978e-01,4.000000000000000888e+00,1.025171759798381432e-01,6.333723923784299794e-04
6.060000000000000000e+02,3.743377584470440889e-01,3.999999999999999556e+00,1.024398821069718718e-01,5.808329821360938994e-04
6.070000000000000000e+02,3.743272302628981585e-01,3.999999999999999112e+00,1.023607929578082831e-01,4.877400733208910955e-04
6.080000000000000000e+02,3.743167025624187239e-01,3.999999999999998668e+00,1.023242916376862766e-01,3.409933123175806443e-04
6.090000000000000000e+02,3.743060749917814234e-01,3.999999999999999556e+00,1.022417051677654704e-01,2.315519817376038693e-04
6.100000000000000000e+02,3.742953913684572420e-01,4.000000000000000000e+00,1.021587846602280969e-01,2.167425066622425084e-04
6.110000000000000000e+02,3.742846546555156362e-01,4.000000000000000000e+00,1.020726320372452589e-01,3.091866774306202027e-04
6.120000000000000000e+02,3.742738386179678134e-01,4.000000000000000000e+00,1.020474417911306497e-01,3.923199338149333882e-04
6.130000000000000000e+02,3.742628529485112487e-01,4.000000000000000888e+00,1.019565169762575024e-01,4.952813082134680705e-04
6.140000000000000000e+02,3.742517298983520924e-01,4.000000000000000000e+00,1.018710400118638532e-01,5.692706242299767124e-04
6.150000000000000000e+02,3.742404816000891032e-01,4.000000000000000000e+00,1.017748261728897985e-01,6.153896347838655944e-04
6.160000000000000000e+02,3.742291429092832744e-01,4.000000000000000000e+00,1.016763312763736410e-01,6.363305329079275855e-04
6.170000000000000000e+02,3.742177485723998664e-01,4.000000000000000000e+00,1.015758978823888409e-01,6.407122627417258243e-04
6.180000000000000000e+02,3.742063142903360173e-01,3.999999999999999112e+00,1.015336413381860425e-01,6.068246616194844078e-04
6.190000000000000000e+02,3.741947871623079180e-01,3.999999999999999556e+00,1.014296404931577245e-01,6.235812307701454026e-04
6.200000000000000000e+02,3.741832246314243382e-01,4.000000000000000000e+00,1.013312251370277889e-01,6.246689903268237915e-04
6.210000000000000000e+02,3.741716504831931189e-01,3.999999999999999112e+00,1.012245395462655073e-01,6.446339616401518735e-04
6.220000000000000000e+02,3.741600990876292609e-01,4.000000000000000000e+00,1.011169498544346734e-01,6.585663187192719722e-04
6.230000000000000000e+02,3.741485958678422152e-01,4.000000000000000000e+00,1.010086720675325150e-01,6.620402828470997158e-04
6.240000000000000000e+02,3.741371623982416295e-01,3.999999999999999556e+00,1.008998833707240722e-01,6.530089787513586666e-04
6.250000000000000000e+02,3.741258169189128346e-01,4.000000000000000888e+00,1.007907523077659906e-01,6.319166865469779586e-04
6.260000000000000000e+02,3.741145744706423359e-01,4.000000000000001776e+00,1.006814637085117481e-01,6.012682612511550040e-04
6.270000000000000000e+02,3.741034467187924761e-01,3.999999999999999112e+00,1.005722285138943572e-01,5.648409436478071853e-04
6.280000000000000000e+02,3.740924416539299635e-01,3.999999999999999556e+00,1.004632744146000539e-01,5.266532117071322672e-04
6.290000000000000000e+02,3.740815633939164053e-01,3.999999999999999112e+00,1.003548209060913382e-01,4.898728136155888844e-04
6.300000000000000000e+02,3.740708122543838221e-01,4.000000000000000000e+00,1.002470486034504338e-01,4.559964856746480844e-04
6.310000000000000000e+02,3.740601851311403658e-01,3.999999999999999556e+00,1.001400747070189529e-01,4.246743044200424985e-04
6.320000000000000000e+02,3.740496761119992408e-01,4.000000000000000888e+00,1.000339435693192308e-01,3.942901625751414401e-04
6.330000000000000000e+02,3.740392771643981651e-01,4.000000000000000000e+00,9.992863486165490250e-02,3.629831917950675029e-04
6.340000000000000000e+02,3.740289787454252890e-01,4.000000000000000000e+00,9.982408482754953627e-02,3.296098560220201627e-04
6.350000000000000000e+02,3.740187675379813004e-01,3.999999999999999556e+00,9.972925179747521574e-02,2.961551134974331717e-04
6.360000000000000000e+02,3.740086187644155458e-01,4.000000000000000000e+00,9.962582441577146064e-02,2.604910405492005094e-04
6.370000000000000000e+02,3.739985243325830711e-01,3.999999999999999112e+00,9.952280009841928121e-02,2.271641952030804476e-04
6.380000000000000000e+02,3.739884731367629778e-01,4.000000000000000000e+00,9.942013334037658190e-02,1.994694301544798498e-04
6.390000000000000000e+02,3.739783953950280848e-01,3.999999999999999112e+00,9.960809420614806509e-02,5.798248182417625914e-04
6.400000000000000000e+02,3.739678367439099871e-01,4.000000000000000000e+00,9.950131375264624489e-02,5.448532787646099022e-04
6.410000000000000000e+02,3.739569023811553095e-01,4.000000000000001776e+00,9.939084695693901905e-02,4.895049552102621057e-04
6.420000000000000000e+02,3.739456452532966546e-01,3.999999999999999112e+00,9.927721724688978733e-02,4.187197634117710955e-04
6.430000000000000000e+02,3.739341147537336152e-01,4.000000000000000000e+00,9.916093169379606997e-02,3.386944700716642718e-04
6.440000000000000000e+02,3.739223560005708880e-01,4.000000000000000888e+00,9.904248861211618904e-02,2.577075345446414923e-04
6.450000000000000000e+02,3.739104094103967713e-01,4.000000000000000000e+00,9.892237944377686720e-02,1.889930636330579001e-04
6.460000000000000000e+02,3.738983105352435277e-01,4.000000000000000000e+00,9.880108031743513319e-02,1.549926750337768237e-04
6.470000000000000000e+02,3.738860901576593898e-01,4.000000000000000000e+00,9.867903415184242633e-02,1.703826765963827169e-04
6.480000000000000000e+02,3.738737746285690222e-01,4.000000000000000000e+00,9.855662892834507471e-02,2.138004855461087103e-04
6.490000000000000000e+02,3.738613863753362798e-01,4.000000000000000888e+00,9.843417974353228794e-02,2.602353563818550616e-04
6.500000000000000000e+02,3.738486973081975306e-01,4.000000000000000888e+00,9.990184755321974974e-02,2.842455482108471442e-03
6.510000000000000000e+02,3.738328327848580712e-01,4.000000000000001776e+00,9.976012813849456651e-02,2.723546275847600704e-03
6.520000000000000000e+02,3.738145109750469763e-01,3.999999999999998668e+00,9.960361141334998780e-02,2.504997403735281878e-03
6.530000000000000000e+02,3.737941837422733005e-01,4.000000000000000000e+00,9.943575289945862095e-02,2.205590591448209313e-03
6.540000000000000000e+02,3.737722479837678469e-01,4.000000000000000888e+00,9.963340051875431425e-02,2.368942368833683396e-03
6.550000000000000000e+02,3.737481027126086097e-01,4.000000000000000000e+00,9.944414137308218993e-02,1.943460763300641162e-03
6.560000000000000000e+02,3.737221227839921944e-01,3.999999999999999556e+00,9.946937673874145514e-02,2.001742127134157733e-03
6.570000000000000000e+02,3.736946845152981922e-01,3.999999999999999112e+00,9.926034682070954129e-02,1.493861534841463192e-03
6.580000000000000000e+02,3.736662187102758881e-01,3.999999999999999112e+00,9.909815089276097222e-02,1.062231659058686167e-03
6.590000000000000000e+02,3.736369800063970015e-01,4.000000000000000000e+00,9.887509171803046670e-02,5.402745929071385176e-04
6.600000000000000000e+02,3.736073243339230743e-01,4.000000000000000888e+00,9.864693780973754489e-02,8.144771097421183077e-05
6.610000000000000000e+02,3.735774977766844751e-01,3.999999999999999112e+00,9.846786472531166012e-02,4.654714921005803532e-04
6.620000000000000000e+02,3.735476201713198163e-01,4.000000000000000000e+00,9.823276553217551166e-02,8.658678434107957211e-04
6.630000000000000000e+02,3.735178984616649989e-01,4.000000000000000000e+00,9.799596595305486157e-02,1.211355284607384649e-03
6.640000000000000000e+02,3.734884849960224407e-01,4.000000000000000000e+00,9.775884490014846717e-02,1.489080957142828367e-03
6.650000000000000000e+02,3.734595110898226711e-01,4.000000000000000000e+00,9.752268491919055537e-02,1.694227998393971635e-03
6.660000000000000000e+02,3.734310927512060618e-01,4.000000000000000000e+00,9.728863425277320398e-02,1.825964723736681712e-03
6.670000000000000000e+02,3.734033342499795127e-01,4.000000000000000000e+00,9.705769570392393242e-02,1.886572100867617199e-03
6.680000000000000000e+02,3.733763296501224627e-01,4.000000000000000888e+00,9.683074567813315658e-02,1.880866071340321589e-03
6.690000000000000000e+02,3.733501627177777671e-01,4.000000000000000000e+00,9.660857590435741049e-02,1.815661766304610793e-03
6.700000000000000000e+02,3.733249057330529919e-01,4.000000000000000000e+00,9.639194146561276544e-02,1.699286505926485974e-03
6.710000000000000000e+02,3.733006176900196538e-01,4.000000000000000000e+00,9.618159494027096745e-02,1.541150534989923918e-03
6.720000000000000000e+02,3.732773422953992726e-01,4.000000000000000888e+00,9.597828984383188766e-02,1.351355072466974743e-03
6.730000000000000000e+02,3.732551061616666832e-01,3.999999999999999556e+00,9.578274685206750183e-02,1.140325965837891845e-03
6.740000000000000000e+02,3.732339175970108003e-01,4.000000000000000000e+00,9.559559005350805327e-02,9.185280152444124475e-04
6.750000000000000000e+02,3.732137663242091064e-01,3.999999999999999556e+00,9.541727232920292623e-02,6.964616828584183550e-04
6.760000000000000000e+02,3.731946242788610757e-01,3.999999999999999556e+00,9.524801394690426970e-02,4.855993785566389679e-04
6.770000000000000000e+02,3.731764474157560629e-01,3.999999999999999556e+00,9.508777442517536704e-02,3.032368654338127973e-04
6.780000000000000000e+02,3.731591782885472219e-01,3.999999999999999556e+00,9.493626628386504784e-02,1.945158301844578303e-04
6.790000000000000000e+02,3.731427490948981962e-01,4.000000000000000888e+00,9.479300507084142957e-02,2.247783404771815183e-04
6.800000000000000000e+02,3.731270848634180015e-01,3.999999999999999556e+00,9.465737863419620979e-02,3.229347432427175698e-04
6.810000000000000000e+02,3.731121064710198332e-01,4.000000000000000000e+00,9.452871421457542667e-02,4.178323018681524706e-04
6.820000000000000000e+02,3.730977332326560481e-01,3.999999999999999112e+00,9.440632572459242700e-02,4.910407148758178181e-04
6.830000000000000000e+02,3.730838849172957716e-01,4.000000000000000888e+00,9.428953333775942636e-02,5.381921050472688976e-04
6.840000000000000000e+02,3.730704832361836365e-01,3.999999999999999556e+00,9.417671395318746863e-02,5.577773950285232077e-04
6.850000000000000000e+02,3.730574547085273585e-01,4.000000000000000888e+00,9.406627798455526046e-02,5.501962987399789101e-04
6.860000000000000000e+02,3.730447315816854958e-01,3.999999999999999112e+00,9.395926613456002940e-02,5.205301422810985294e-04
6.870000000000000000e+02,3.730322495946030714e-01,4.000000000000000000e+00,9.385496925268879687e-02,4.722828960667781531e-04
6.880000000000000000e+02,3.730199485654739910e-01,4.000000000000001776e+00,9.375265838558261011e-02,4.094233931614170104e-04
6.890000000000000000e+02,3.730077728153473604e-01,4.000000000000000000e+00,9.365161354635054280e-02,3.362029150926283726e-04
6.900000000000000000e+02,3.729956715876530660e-01,4.000000000000000000e+00,9.355116011696315570e-02,2.570531293852073348e-04
6.910000000000000000e+02,3.729835994476914385e-01,4.000000000000000000e+00,9.345055330729523657e-02,1.765663135651130192e-04
6.920000000000000000e+02,3.729715169282217246e-01,4.000000000000000000e+00,9.334909701685170647e-02,1.016634110346432442e-04
6.930000000000000000e+02,3.729593906703012052e-01,3.999999999999999112e+00,9.324678684747986224e-02,5.812217831010909285e-05
6.940000000000000000e+02,3.729471929755679982e-01,3.999999999999998668e+00,9.314335999890778484e-02,8.889923366302965703e-05
6.950000000000000000e+02,3.729349017607401229e-01,4.000000000000001776e+00,9.303864267003683630e-02,1.423680221042084948e-04
6.960000000000000000e+02,3.729225003392895310e-01,4.000000000000000000e+00,9.293252737912030548e-02,1.906557038135512185e-04
6.970000000000000000e+02,3.729099771218131743e-01,3.999999999999999112e+00,9.282495183636384206e-02,2.285762978869648255e-04
6.980000000000000000e+02,3.728973252558920315e-01,3.999999999999999112e+00,9.271588482282380750e-02,2.546455154619652246e-04
6.990000000000000000e+02,3.728845422492630401e-01,3.999999999999999556e+00,9.260490971082363520e-02,2.690255501592312619e-04
7.000000000000000000e+02,3.728716301318993898e-01,3.999999999999999556e+00,9.249242455467485136e-02,2.717093147541943033e-04
7.010000000000000000e+02,3.728585942012559440e-01,4.000000000000000000e+00,9.237856549632368630e-02,2.635123062908666732e-04
7.020000000000000000e+02,3.728454424079771234e-01,3.999999999999999112e+00,9.226344423892218760e-02,2.457232793240812720e-04
7.030000000000000000e+02,3.728321847510265297e-01,4.000000000000000000e+00,9.214721594460863197e-02,2.199652976168853724e-04
7.040000000000000000e+02,3.728188326383022888e-01,4.000000000000000888e+00,9.203007052222707263e-02,1.881593419336905892e-04
7.050000000000000000e+02,3.728053982509587083e-01,3.999999999999999112e+00,9.191221607281972739e-02,1.525611824073841514e-04
7.060000000000000000e+02,3.727918939603284132e-01,3.999999999999999556e+00,9.179385875740557477e-02,1.160420963014377965e-04
7.070000000000000000e+02,3.727783318446040717e-01,3.999999999999999556e+00,9.167515389713255802e-02,8.321799577812334224e-05
7.080000000000000000e+02,3.727647233812312888e-01,4.000000000000000000e+00,9.155625753449860016e-02,6.336357593149654103e-05
7.090000000000000000e+02,3.727510791988133954e-01,4.000000000000000888e+00,9.143732247915616063e-02,6.756411286687663065e-05
7.100000000000000000e+02,3.727374089252664113e-01,3.999999999999999556e+00,9.131844287862883602e-02,8.932376677262596871e-05
7.110000000000000000e+02,3.727237211694642283e-01,4.000000000000000000e+00,9.119969505206126925e-02,1.156266213820338339e-04
7.120000000000000000e+02,3.727100235530471650e-01,4.000000000000000000e+00,9.108114717476026301e-02,1.404353186724353430e-04
7.130000000000000000e+02,3.726963227620109231e-01,4.000000000000000000e+00,9.096286509812033516e-02,1.613963041237242079e-04
7.140000000000000000e+02,3.726826245977061247e-01,4.000000000000000000e+00,9.084491286226996365e-02,1.775264563458235775e-04
7.150000000000000000e+02,3.726689340217282931e-01,3.999999999999999112e+00,9.072734880014604597e-02,1.884811904027561974e-04
7.160000000000000000e+02,3.726552552011818120e-01,4.000000000000000000e+00,9.061021972555322046e-02,1.942999495729428911e-04
7.170000000000000000e+02,3.726415915656524080e-01,4.000000000000000000e+00,9.049355606264120055e-02,1.952950297778772190e-04
7.180000000000000000e+02,3.726279458846723514e-01,4.000000000000000000e+00,9.037737000679250954e-02,1.919875035637249152e-04
7.190000000000000000e+02,3.726143203676777205e-01,3.999999999999999112e+00,9.026165742370285960e-02,1.850566017045297731e-04
7.200000000000000000e+02,3.726007167813032428e-01,4.000000000000000000e+00,9.014640282508978864e-02,1.752902434438771554e-04
7.210000000000000000e+02,3.725871365738691043e-01,4.000000000000000000e+00,9.003158587218117181e-02,1.635351223686281415e-04
7.220000000000000000e+02,3.725735809949026756e-01,4.000000000000001776e+00,8.991718762340274174e-02,1.506491482279081519e-04
7.230000000000000000e+02,3.725600511985658336e-01,4.000000000000000000e+00,8.980319507051703898e-02,1.374576092026003754e-04
7.240000000000000000e+02,3.725465483235794739e-01,3.999999999999999112e+00,8.968960317166592422e-02,1.247107558191714813e-04
7.250000000000000000e+02,3.725330735476678479e-01,3.999999999999999556e+00,8.957641435077426384e-02,1.130401806332081949e-04
7.260000000000000000e+02,3.725196281198239756e-01,4.000000000000000000e+00,8.946363610137877953e-02,1.029172171134678875e-04
7.270000000000000000e+02,3.725062133770116746e-01,4.000000000000000000e+00,8.935127777648638192e-02,9.462560829732999715e-05
7.280000000000000000e+02,3.724928307524034143e-01,4.000000000000000888e+00,8.923934777612227420e-02,8.826491449457665695e-05
7.290000000000000000e+02,3.724794817803417923e-01,4.000000000000000000e+00,8.912785212289772718e-02,8.379277465004652864e-05
7.300000000000000000e+02,3.724661681000309699e-01,3.999999999999999556e+00,8.901679488584290922e-02,8.109443408610861759e-05
7.310000000000000000e+02,3.724528914567206139e-01,3.999999999999998668e+00,8.890618022155213906e-02,8.005075847910746395e-05
7.320000000000000000e+02,3.724396536968733740e-01,3.999999999999999112e+00,8.879601518224249090e-02,8.057585034461796890e-05
7.330000000000000000e+02,3.724264567533306369e-01,3.999999999999999112e+00,8.868631213234040578e-02,8.261254914630763806e-05
7.340000000000000000e+02,3.724133026181488670e-01,4.000000000000000000e+00,8.857708975700362419e-02,8.609657437420609877e-05
7.350000000000000000e+02,3.724001933041015677e-01,4.000000000000000000e+00,8.846837219498418503e-02,9.091490937817964214e-05
7.360000000000000000e+02,3.723871307994945923e-01,4.000000000000001776e+00,8.836018656249454428e-02,9.688286431793131145e-05
7.370000000000000000e+02,3.723741170233440534e-01,3.999999999999999556e+00,8.825255974564030770e-02,1.037486611517611973e-04
7.380000000000000000e+02,3.723611537880427980e-01,4.000000000000000888e+00,8.814551557273381244e-02,1.112173344974109329e-04
7.390000000000000000e+02,3.723482427744785883e-01,4.000000000000000888e+00,8.803907325299976938e-02,1.189795448204968367e-04
7.400000000000000000e+02,3.723353855210732588e-01,3.999999999999999556e+00,8.793324740840235965e-02,1.267355541842181540e-04
7.410000000000000000e+02,3.723225834247927413e-01,4.000000000000001776e+00,8.782804939167909719e-02,1.342119339855547420e-04
7.420000000000000000e+02,3.723098377498736400e-01,4.000000000000000888e+00,8.772348914599183145e-02,1.411725535552149679e-04
7.430000000000000000e+02,3.722971496394543722e-01,4.000000000000001776e+00,8.761957677592646654e-02,1.474256960399535034e-04
7.440000000000000000e+02,3.722845201264128878e-01,4.000000000000000888e+00,8.751632325164297732e-02,1.528281611163597635e-04
7.450000000000000000e+02,3.722719501418291221e-01,4.000000000000000000e+00,8.741374010310416776e-02,1.572866949055653260e-04
7.460000000000000000e+02,3.722594405216787528e-01,3.999999999999999556e+00,8.731183837479562782e-02,1.607571664607663196e-04
7.470000000000000000e+02,3.722469920137410071e-01,3.999999999999999112e+00,8.721062734666673588e-02,1.632419644918328130e-04
7.480000000000000000e+02,3.722346052868932276e-01,4.000000000000000000e+00,8.711011353280208314e-02,1.647858144383113359e-04
7.490000000000000000e+02,3.722222809441284030e-01,4.000000000000000000e+00,8.701030029592059234e-02,1.654699078415720838e-04
7.500000000000000000e+02,3.722100195392873401e-01,4.000000000000000000e+00,8.691118816693846338e-02,1.654043174930615084e-04
7.510000000000000000e+02,3.721978215962211678e-01,4.000000000000000000e+00,8.681277573388788971e-02,1.647191595017303927e-04
7.520000000000000000e+02,3.721856876282791937e-01,3.999999999999999556e+00,8.671506082241230151e-02,1.635554391656319085e-04
7.530000000000000000e+02,3.721736181558337742e-01,4.000000000000000888e+00,8.661804164571045017e-02,1.620565912852922077e-04
7.540000000000000000e+02,3.721616137199772467e-01,4.000000000000000000e+00,8.652171764319871450e-02,1.603614187643816831e-04
7.550000000000000000e+02,3.721496748914068231e-01,3.999999999999999112e+00,8.642608983344383933e-02,1.585987515651126635e-04
7.560000000000000000e+02,3.721378022946476571e-01,3.999999999999998224e+00,8.633082176095546734e-02,1.568441357709893724e-04
7.570000000000000000e+02,3.721259971302059988e-01,4.000000000000000000e+00,8.623617843514135017e-02,1.552396464411564050e-04
7.580000000000000000e+02,3.721142606435123845e-01,4.000000000000001776e+00,8.614224069124866434e-02,1.538867581508445370e-04
7.590000000000000000e+02,3.721025940347710281e-01,4.000000000000001776e+00,8.604901690357787125e-02,1.528525579785477582e-04
7.600000000000000000e+02,3.720909984592082886e-01,3.999999999999999556e+00,8.595651877071672220e-02,1.521782882965722083e-04
7.610000000000000000e+02,3.720794750194963418e-01,4.000000000000000000e+00,8.586475955992921294e-02,1.518816896403576836e-04
7.620000000000000000e+02,3.720680247555912534e-01,4.000000000000000888e+00,8.577375193374273121e-02,1.519616613112519793e-04
7.630000000000000000e+02,3.720566486363485192e-01,3.999999999999999556e+00,8.568350620173656451e-02,1.524039159614162906e-04
7.640000000000000000e+02,3.720453475558557765e-01,4.000000000000000888e+00,8.559402956915844463e-02,1.531854801060131505e-04
7.650000000000000000e+02,3.720341223352250370e-01,4.000000000000000000e+00,8.550532652047565518e-02,1.542765366694924675e-04
7.660000000000000000e+02,3.720229737285293270e-01,4.000000000000000000e+00,8.541740005700253213e-02,1.556399539747492717e-04
7.670000000000000000e+02,3.720119024302969146e-01,4.000000000000000888e+00,8.533025324426703195e-02,1.572302629756869730e-04
7.680000000000000000e+02,3.720009090817610886e-01,4.000000000000000000e+00,8.524389048167263505e-02,1.589937637247194663e-04
7.690000000000000000e+02,3.719899942738824627e-01,4.000000000000000000e+00,8.515831806712735597e-02,1.608703782882543959e-04
7.700000000000000000e+02,3.719791585466431516e-01,4.000000000000000888e+00,8.507354391412866312e-02,1.627969695589526189e-04
7.710000000000000000e+02,3.719684023856746902e-01,3.999999999999999556e+00,8.498957658201625187e-02,1.647115393175506632e-04
7.720000000000000000e+02,3.719577262183314526e-01,4.000000000000000000e+00,8.490642400207876195e-02,1.665576251686876085e-04
7.730000000000000000e+02,3.719471304115097299e-01,3.999999999999999556e+00,8.482409235750469623e-02,1.682880425330581019e-04
7.740000000000000000e+02,3.719366152728414421e-01,3.999999999999999556e+00,8.474258548902414978e-02,1.698671064044336904e-04
7.750000000000000000e+02,3.719261810557160652e-01,4.000000000000000000e+00,8.466190498879452853e-02,1.712709250609012576e-04
7.760000000000000000e+02,3.719158279673253076e-01,4.000000000000000888e+00,8.458205089118653319e-02,1.724861070311747369e-04
7.770000000000000000e+02,3.719055561780350017e-01,4.000000000000001776e+00,8.450302266307829768e-02,1.735077374500949312e-04
7.780000000000000000e+02,3.718953658301281107e-01,4.000000000000000000e+00,8.442482011152747934e-02,1.743374571387356871e-04
7.790000000000000000e+02,3.718852570443853534e-01,4.000000000000000888e+00,8.434744388988281438e-02,1.749820965221875809e-04
7.800000000000000000e+02,3.718752299238973213e-01,3.999999999999999556e+00,8.427089546344092297e-02,1.754529439973063901e-04
7.810000000000000000e+02,3.718652845555315833e-01,4.000000000000000000e+00,8.419517661648789897e-02,1.757655201745831578e-04
7.820000000000000000e+02,3.718554210102333335e-01,3.999999999999999556e+00,8.412028875452345900e-02,1.759395974195576012e-04
7.830000000000000000e+02,3.718456393435090046e-01,4.000000000000000888e+00,8.404623231357230551e-02,1.759990806798026079e-04
7.840000000000000000e+02,3.718359395970711745e-01,3.999999999999999556e+00,8.397300651819716855e-02,1.759713484929445709e-04
7.850000000000000000e+02,3.718263218018855176e-01,3.999999999999999112e+00,8.390060957034677080e-02,1.758858558613742853e-04
7.860000000000000000e+02,3.718167859821209786e-01,4.000000000000000000e+00,8.382903917486184131e-02,1.757721533666802330e-04
7.870000000000000000e+02,3.718073321590169567e-01,3.999999999999999112e+00,8.375829318647103061e-02,1.756577578987107929e-04
7.880000000000000000e+02,3.717979603536260003e-01,3.999999999999999112e+00,8.368837013908254907e-02,1.755663604132764999e-04
7.890000000000000000e+02,3.717886705877382347e-01,3.999999999999999556e+00,8.361926948855882835e-02,1.755167040922238602e-04
7.900000000000000000e+02,3.717794628828724468e-01,4.000000000000000000e+00,8.355099152506301197e-02,1.755222455542063944e-04
7.910000000000000000e+02,3.717703372577867427e-01,3.999999999999999112e+00,8.348353703499959699e-02,1.755915130888063662e-04
7.920000000000000000e+02,3.717612937253181316e-01,4.000000000000000000e+00,8.341690686919643605e-02,1.757289176749117499e-04
7.930000000000000000e+02,3.717523322893841464e-01,4.000000000000000888e+00,8.335110158263424329e-02,1.759356748876842597e-04
7.940000000000000000e+02,3.717434529427241507e-01,4.000000000000000000e+00,8.328612125977222225e-02,1.762105130861761344e-04
7.950000000000000000e+02,3.717346556655574119e-01,4.000000000000000000e+00,8.322196555627012216e-02,1.765499996228275673e-04
7.960000000000000000e+02,3.717259404249489974e-01,3.999999999999999112e+00,8.315863390640231001e-02,1.769485424837263028e-04
7.970000000000000000e+02,3.717173071744229174e-01,4.000000000000001776e+00,8.309612579262280752e-02,1.773982932736927636e-04
7.980000000000000000e+02,3.717087558533437308e-01,3.999999999999999556e+00,8.303444096270558294e-02,1.778892075047967965e-04
7.990000000000000000e+02,3.717002863857297168e-01,3.999999999999999112e+00,8.297357950891758038e-02,1.784094258770440580e-04
8.000000000000000000e+02,3.716918986784548684e-01,4.000000000000000000e+00,8.291354177924213642e-02,1.789459985360859989e-04
8.010000000000000000e+02,3.716835926190699690e-01,4.000000000000000000e+00,8.285432815255587558e-02,1.794858453622905114e-04
8.020000000000000000e+02,3.716753680736636367e-01,4.000000000000000888e+00,8.279593875695970273e-02,1.800167599126113987e-04
8.030000000000000000e+02,3.716672248852134208e-01,4.000000000000000888e+00,8.273837322756222301e-02,1.805282410212895186e-04
8.040000000000000000e+02,3.716591628727358709e-01,3.999999999999999112e+00,8.268163058166036472e-02,1.810119871197614653e-04
8.050000000000000000e+02,3.716511818313140147e-01,4.000000000000000888e+00,8.262570924283976770e-02,1.814620015971497315e-04
8.060000000000000000e+02,3.716432815328344907e-01,3.999999999999999112e+00,8.257060718907711927e-02,1.818743847743910604e-04
8.070000000000000000e+02,3.716354617270872795e-01,3.999999999999999556e+00,8.251632215559209782e-02,1.822469705428591364e-04
8.080000000000000000e+02,3.716277221428647692e-01,3.999999999999999556e+00,8.246285180830069395e-02,1.825789735968279942e-04
8.090000000000000000e+02,3.716200624887835979e-01,4.000000000000000000e+00,8.241019382325474874e-02,1.828707592184198921e-04
8.100000000000000000e+02,3.716124824537574423e-01,4.000000000000000000e+00,8.235834585180369649e-02,1.831237672000536100e-04
8.110000000000000000e+02,3.716049817072292205e-01,4.000000000000000000e+00,8.230730540049940869e-02,1.833405465121060673e-04
8.120000000000000000e+02,3.715975598993980222e-01,4.000000000000000000e+00,8.225706968789261997e-02,1.835248076905960323e-04
8.130000000000000000e+02,3.715902166616735780e-01,3.999999999999999112e+00,8.220763554457997946e-02,1.836813883839913278e-04
8.140000000000000000e+02,3.715829516074841687e-01,4.000000000000001776e+00,8.215899939888882120e-02,1.838160590865219198e-04
8.150000000000000000e+02,3.715757643334212101e-01,4.000000000000000888e+00,8.211115735135407490e-02,1.839351600623756325e-04
8.160000000000000000e+02,3.715686544205549224e-01,3.999999999999998668e+00,8.206410530484344046e-02,1.840451291873366677e-04
8.170000000000000000e+02,3.715616214357050362e-01,3.999999999999999556e+00,8.201783909862961353e-02,1.841520232058056663e-04
8.180000000000000000e+02,3.715546649324686368e-01,4.000000000000000000e+00,8.197235459925475420e-02,1.842611357520566396e-04
8.190000000000000000e+02,3.715477844519020634e-01,4.000000000000000888e+00,8.192764772353457181e-02,1.843767794405778743e-04
8.200000000000000000e+02,3.715409795228810097e-01,4.000000000000000888e+00,8.188371439775486704e-02,1.845022447222186349e-04
8.210000000000000000e+02,3.715342496622464075e-01,4.000000000000000888e+00,8.184055047976097896e-02,1.846398956927192180e-04
8.220000000000000000e+02,3.715275943749006271e-01,4.000000000000000888e+00,8.179815167961007605e-02,1.847913294573885214e-04
8.230000000000000000e+02,3.715210131539812277e-01,4.000000000000000000e+00,8.175651350889098778e-02,1.849575213958570157e-04
8.240000000000000000e+02,3.715145054811873626e-01,4.000000000000000000e+00,8.171563127343153821e-02,1.851389042315980469e-04
8.250000000000000000e+02,3.715080708272487930e-01,4.000000000000001776e+00,8.167550010612480149e-02,1.853353724771312648e-04
8.260000000000000000e+02,3.715017086524687318e-01,3.999999999999999556e+00,8.163611502257878128e-02,1.855462455675881302e-04
8.270000000000000000e+02,3.714954184072432608e-01,4.000000000000000888e+00,8.159747097619902967e-02,1.857702445994850943e-04
8.280000000000000000e+02,3.714891995324796081e-01,4.000000000000000888e+00,8.155956289193899700e-02,1.860055320854100936e-04
8.290000000000000000e+02,3.714830514598701505e-01,3.999999999999999112e+00,8.152238566744277048e-02,1.862498374345350862e-04
8.300000000000000000e+02,3.714769736120446808e-01,3.999999999999999112e+00,8.148593414295245141e-02,1.865006564833637164e-04
8.310000000000000000e+02,3.714709654026648877e-01,3.999999999999999112e+00,8.145020305277908546e-02,1.867554852598579142e-04
8.320000000000000000e+02,3.714650262365441491e-01,3.999999999999999556e+00,8.141518697741240151e-02,1.870120360558313259e-04
8.330000000000000000e+02,3.714591555098671338e-01,4.000000000000000000e+00,8.138088031429038804e-02,1.872683911127473694e-04
8.340000000000000000e+02,3.714533526105426309e-01,3.999999999999999112e+00,8.134727727734318570e-02,1.875230719451214507e-04
8.350000000000000000e+02,3.714476169186768928e-01,4.000000000000000000e+00,8.131437192383707269e-02,1.877750307295028695e-04
8.360000000000000000e+02,3.714419478071153691e-01,4.000000000000000000e+00,8.128215819651890550e-02,1.880235927326763621e-04
8.370000000000000000e+02,3.714363446419826076e-01,3.999999999999999556e+00,8.125062996396562043e-02,1.882683873566003076e-04
8.380000000000000000e+02,3.714308067831642579e-01,4.000000000000000000e+00,8.121978104433529022e-02,1.885092987801473047e-04
8.390000000000000000e+02,3.714253335847119697e-01,3.999999999999998668e+00,8.118960520606226250e-02,1.887464502593047468e-04
8.400000000000000000e+02,3.714199243951801233e-01,4.000000000000000000e+00,8.116009614943525685e-02,1.889802167699906259e-04
8.410000000000000000e+02,3.714145785579452963e-01,4.000000000000000000e+00,8.113124748071973147e-02,1.892112462392661208e-04
8.420000000000000000e+02,3.714092954115508771e-01,3.999999999999999112e+00,8.110305269238471393e-02,1.894404648555442238e-04
8.430000000000000000e+02,3.714040742901111303e-01,4.000000000000000000e+00,8.107550515881072062e-02,1.896690478647518243e-04
8.440000000000000000e+02,3.713989145237805989e-01,4.000000000000000000e+00,8.104859814914852634e-02,1.898983508528571875e-04
8.450000000000000000e+02,3.713938154392596447e-01,4.000000000000000000e+00,8.102232485159026332e-02,1.901298119095864731e-04
8.460000000000000000e+02,3.713887763603018199e-01,4.000000000000000000e+00,8.099667839936136593e-02,1.903648459421300888e-04
8.470000000000000000e+02,3.713837966081831587e-01,4.000000000000000000e+00,8.097165188939980940e-02,1.906047547423378344e-04
8.480000000000000000e+02,3.713788755021124599e-01,4.000000000000000000e+00,8.094723838887336875e-02,1.908506700035056424e-04
8.490000000000000000e+02,3.713740123595831721e-01,3.999999999999999112e+00,8.092343093003237509e-02,1.911035345734385783e-04
8.500000000000000000e+02,3.713692064966835349e-01,4.000000000000000888e+00,8.090022249804590393e-02,1.913641147620041459e-04
8.510000000000000000e+02,3.713644572283933409e-01,4.000000000000001776e+00,8.087760601808607897e-02,1.916330281589631980e-04
8.520000000000000000e+02,3.713597638688901914e-01,4.000000000000000000e+00,8.085557434700664514e-02,1.919107698642300887e-04
8.530000000000000000e+02,3.713551257318791210e-01,3.999999999999999112e+00,8.083412027241172748e-02,1.921977252396149614e-04
8.540000000000000000e+02,3.713505421309488685e-01,4.000000000000000000e+00,8.081323651894058158e-02,1.924941665201695918e-04
8.550000000000000000e+02,3.713460123799413037e-01,4.000000000000000000e+00,8.079291575919764212e-02,1.928002397065402588e-04
8.560000000000000000e+02,3.713415357933185224e-01,4.000000000000000000e+00,8.077315062550127767e-02,1.931159533502953512e-04
8.570000000000000000e+02,3.713371116865152866e-01,4.000000000000001776e+00,8.075393371869958592e-02,1.934411804063393425e-04
8.580000000000000000e+02,3.713327393762661521e-01,3.999999999999999556e+00,8.073525761159454361e-02,1.937756790440881374e-04
8.590000000000000000e+02,3.713284181809085038e-01,4.000000000000000888e+00,8.071711484659732649e-02,1.941191308330598563e-04
8.600000000000000000e+02,3.713241474206780968e-01,4.000000000000000000e+00,8.069949792945010913e-02,1.944711882255820547e-04
8.610000000000000000e+02,3.713199264180043757e-01,4.000000000000000000e+00,8.068239932237168677e-02,1.948315201889005998e-04
8.620000000000000000e+02,3.713157544978245572e-01,4.000000000000000000e+00,8.066581144017520577e-02,1.951998460727232335e-04
8.630000000000000000e+02,3.713116309879234689e-01,4.000000000000000000e+00,8.064972665163480658e-02,1.955759524926598285e-04
8.640000000000000000e+02,3.713075552192942608e-01,3.999999999999999112e+00,8.063413728613293141e-02,1.959596940537576884e-04
8.650000000000000000e+02,3.713035265265118290e-01,4.000000000000000000e+00,8.061903564341230122e-02,1.963509837204816216e-04
8.660000000000000000e+02,3.712995442481072383e-01,4.000000000000000000e+00,8.060441400306919690e-02,1.967497807903765769e-04
8.670000000000000000e+02,3.712956077269292110e-01,4.000000000000000000e+00,8.059026463080445901e-02,1.971560832815552166e-04
8.680000000000000000e+02,3.712917163104901830e-01,4.000000000000000000e+00,8.057657978012000566e-02,1.975699279527692637e-04
8.690000000000000000e+02,3.712878693512987605e-01,4.000000000000000000e+00,8.056335169027696586e-02,1.979913967942623868e-04
8.700000000000000000e+02,3.712840662071886788e-01,4.000000000000000000e+00,8.055057258287541544e-02,1.984206254463309442e-04
8.710000000000000000e+02,3.712803062416501487e-01,4.000000000000000000e+00,8.053823465971975126e-02,1.988578078492250528e-04
8.720000000000000000e+02,3.712765888241715828e-01,3.999999999999999556e+00,8.052633010371178235e-02,1.993031927845548257e-04
8.730000000000000000e+02,3.712729133305900375e-01,4.000000000000000888e+00,8.051485108294288706e-02,1.997570711124013732e-04
8.740000000000000000e+02,3.712692791434463180e-01,3.999999999999998668e+00,8.050378975675707982e-02,2.002197560638035122e-04
8.750000000000000000e+02,3.712656856523355864e-01,4.000000000000000000e+00,8.049313828191802245e-02,2.006915614397709153e-04
8.760000000000000000e+02,3.712621322542504765e-01,4.000000000000000000e+00,8.048288881726653465e-02,2.011727830727410139e-04
8.770000000000000000e+02,3.712586183539088314e-01,4.000000000000000000e+00,8.047303352612131255e-02,2.016636873567557249e-04
8.780000000000000000e+02,3.712551433640697840e-01,4.000000000000000000e+00,8.046356457665145012e-02,2.021645078209268408e-04
8.790000000000000000e+02,3.712517067058405673e-01,4.000000000000000888e+00,8.045447414113493512e-02,2.026754478276660703e-04
8.800000000000000000e+02,3.712483078089787170e-01,4.000000000000000000e+00,8.044575439523046767e-02,2.031966856703044672e-04
8.810000000000000000e+02,3.712449461121916094e-01,4.000000000000001776e+00,8.043739751817954864e-02,2.037283782420073748e-04
8.820000000000000000e+02,3.712416210634396641e-01,3.999999999999999112e+00,8.042939569439605529e-02,2.042706609153655071e-04
8.830000000000000000e+02,3.712383321202354924e-01,4.000000000000000888e+00,8.042174111637760692e-02,2.048236435526709794e-04
8.840000000000000000e+02,3.712350787499453242e-01,3.999999999999999556e+00,8.041442598842736544e-02,2.053874046284124449e-04
8.850000000000000000e+02,3.712318604300801628e-01,3.999999999999999112e+00,8.040744253042467204e-02,2.059619864391824286e-04
8.860000000000000000e+02,3.712286766485816125e-01,4.000000000000001776e+00,8.040078298088257358e-02,2.065473940003102553e-04
8.870000000000000000e+02,3.712255269040982131e-01,4.000000000000000888e+00,8.039443959881169277e-02,2.071435987525116203e-04
8.880000000000000000e+02,3.712224107062497835e-01,4.000000000000000000e+00,8.038840466438181009e-02,2.077505463512192114e-04
8.890000000000000000e+02,3.712193275758883804e-01,3.999999999999999112e+00,8.038267047885870598e-02,2.083681663639833613e-04
8.900000000000000000e+02,3.712162770453538707e-01,3.999999999999999556e+00,8.037722936458974177e-02,2.089963812109381987e-04
8.910000000000000000e+02,3.712132586587287841e-01,4.000000000000000888e+00,8.037207366575774281e-02,2.096351122552800848e-04
8.920000000000000000e+02,3.712102719720931088e-01,4.000000000000000000e+00,8.036719575024015016e-02,2.102842822546996556e-04
8.930000000000000000e+02,3.712073165537752573e-01,4.000000000000000000e+00,8.036258801237600169e-02,2.109438148236269226e-04
8.940000000000000000e+02,3.712043919846038098e-01,4.000000000000000000e+00,8.035824287602548466e-02,2.116136325546222698e-04
8.950000000000000000e+02,3.712014978581492652e-01,4.000000000000000000e+00,8.035415279720260762e-02,2.122936556348198540e-04
8.960000000000000000e+02,3.711986337809598524e-01,3.999999999999998668e+00,8.035031026581608560e-02,2.129838022073500038e-04
8.970000000000000000e+02,3.711957993727889038e-01,4.000000000000000000e+00,8.034670780650053634e-02,2.136839906735293697e-04
8.980000000000000000e+02,3.711929942668173443e-01,4.000000000000001776e+00,8.034333797893478124e-02,2.143941431047010433e-04
8.990000000000000000e+02,3.711902181098680198e-01,4.000000000000000000e+00,8.034019337821637907e-02,2.151141883470359122e-04
9.000000000000000000e+02,3.711874705626175275e-01,4.000000000000000000e+00,8.033726663573916016e-02,2.158440634707399508e-04
9.010000000000000000e+02,3.711847512998044385e-01,3.999999999999999556e+00,8.033455042071176166e-02,2.165837128513797686e-04
9.020000000000000000e+02,3.711820600104321910e-01,3.999999999999999112e+00,8.033203744213847364e-02,2.173330850602612986e-04
9.030000000000000000e+02,3.711793963979658217e-01,4.000000000000000888e+00,8.032972045090998325e-02,2.180921285061345784e-04
9.040000000000000000e+02,3.711767601805220917e-01,4.000000000000000000e+00,8.032759224166986789e-02,2.188607871002970506e-04
9.050000000000000000e+02,3.711741510910485098e-01,4.000000000000000000e+00,8.032564565428358672e-02,2.196389970174706448e-04
9.060000000000000000e+02,3.711715688774964717e-01,4.000000000000000000e+00,8.032387357492322411e-02,2.204266850459426542e-04
9.070000000000000000e+02,3.711690133029831862e-01,4.000000000000000000e+00,8.032226893691450653e-02,2.212237683134639225e-04
9.080000000000000000e+02,3.711664841459463848e-01,3.999999999999998668e+00,8.032082472153269370e-02,2.220301546756507194e-04
9.090000000000000000e+02,3.711639812002902050e-01,4.000000000000000000e+00,8.031953395890061020e-02,2.228457429096722278e-04
9.100000000000000000e+02,3.711615042755259664e-01,3.999999999999999112e+00,8.031838972907340279e-02,2.236704221178001644e-04
9.110000000000000000e+02,3.711590531969004569e-01,4.000000000000000000e+00,8.031738516332342925e-02,2.245040702221017242e-04
9.120000000000000000e+02,3.711566278055213886e-01,3.999999999999999556e+00,8.031651344556681171e-02,2.253465519299163147e-04
9.130000000000000000e+02,3.711542279584687520e-01,4.000000000000000000e+00,8.031576781382783470e-02,2.261977168270964901e-04
9.140000000000000000e+02,3.711518535289001219e-01,4.000000000000000000e+00,8.031514156161134732e-02,2.270573982441330559e-04
9.150000000000000000e+02,3.711495044061428605e-01,3.999999999999999112e+00,8.031462803907704617e-02,2.279254132518480761e-04
9.160000000000000000e+02,3.711471804957768850e-01,4.000000000000000000e+00,8.031422065397614274e-02,2.288015637414346308e-04
9.170000000000000000e+02,3.711448817197067207e-01,4.000000000000000000e+00,8.031391287240453869e-02,2.296856381883205836e-04
9.180000000000000000e+02,3.711426080162218977e-01,4.000000000000000000e+00,8.031369821949597976e-02,2.305774135365272720e-04
9.190000000000000000e+02,3.711403593400477430e-01,3.999999999999999112e+00,8.031357028019722732e-02,2.314766567069509895e-04
9.200000000000000000e+02,3.711381356623856265e-01,4.000000000000000000e+00,8.031352270020594708e-02,2.323831254773296316e-04
9.210000000000000000e+02,3.711359369709426037e-01,4.000000000000000000e+00,8.031354918706003210e-02,2.332965687850510378e-04
9.220000000000000000e+02,3.711337632699490685e-01,4.000000000000000000e+00,8.031364351127801005e-02,2.342167267357884454e-04
9.230000000000000000e+02,3.711316145801646371e-01,4.000000000000000000e+00,8.031379950742131846e-02,2.351433306769019796e-04
9.240000000000000000e+02,3.711294909388712648e-01,3.999999999999999556e+00,8.031401107499029635e-02,2.360761036021083318e-04
9.250000000000000000e+02,3.711273923998528179e-01,4.000000000000000000e+00,8.031427217914635652e-02,2.370147609501144074e-04
9.260000000000000000e+02,3.711253190333627661e-01,3.999999999999999556e+00,8.031457685132924185e-02,2.379590116433720471e-04
9.270000000000000000e+02,3.711232709260769980e-01,4.000000000000000000e+00,8.031491918986680134e-02,2.389085590723597744e-04
9.280000000000000000e+02,3.711212481810343133e-01,3.999999999999999112e+00,8.031529336065099112e-02,2.398631017280817592e-04
9.290000000000000000e+02,3.711192509175629262e-01,3.999999999999999112e+00,8.031569359789800244e-02,2.408223332982068431e-04
9.300000000000000000e+02,3.711172792711937563e-01,3.999999999999999556e+00,8.031611420495557430e-02,2.417859422259377921e-04
9.310000000000000000e+02,3.711153333935581777e-01,3.999999999999999112e+00,8.031654955510071636e-02,2.427536109015457518e-04
9.320000000000000000e+02,3.711134134522710015e-01,3.999999999999999112e+00,8.031699409228072739e-02,2.437250147443288607e-04
9.330000000000000000e+02,3.711115196307984143e-01,3.999999999999999556e+00,8.031744233177709469e-02,2.446998214193872850e-04
9.340000000000000000e+02,3.711096521283092087e-01,4.000000000000000000e+00,8.031788886079985201e-02,2.456776903280320692e-04
9.350000000000000000e+02,3.711078111595108586e-01,4.000000000000000000e+00,8.031832833902918800e-02,2.466582723730750175e-04
9.360000000000000000e+02,3.711059969544674431e-01,4.000000000000001776e+00,8.031875549912376178e-02,2.476412098833219270e-04
9.370000000000000000e+02,3.711042097584037469e-01,4.000000000000000000e+00,8.031916514720643940e-02,2.486261365377979418e-04
9.380000000000000000e+02,3.711024498314884346e-01,4.000000000000000888e+00,8.031955216333951098e-02,2.496126771615277736e-04
9.390000000000000000e+02,3.711007174486050109e-01,3.999999999999999556e+00,8.031991150199190022e-02,2.506004473578421965e-04
9.400000000000000000e+02,3.710990128991003556e-01,4.000000000000000000e+00,8.032023819250419527e-02,2.515890530396621056e-04
9.410000000000000000e+02,3.710973364865192137e-01,4.000000000000000888e+00,8.032052733953622126e-02,2.525780899981241263e-04
9.420000000000000000e+02,3.710956885283188678e-01,3.999999999999999112e+00,8.032077412348008483e-02,2.535671436508452406e-04
9.430000000000000000e+02,3.710940693555642156e-01,4.000000000000000000e+00,8.032097380081452964e-02,2.545557890644902931e-04
9.440000000000000000e+02,3.710924793126073595e-01,4.000000000000000888e+00,8.032112170438696075e-02,2.555435912581708441e-04
9.450000000000000000e+02,3.710909187567448253e-01,4.000000000000000000e+00,8.032121324362942461e-02,2.565301057088040541e-04
9.460000000000000000e+02,3.710893880578574056e-01,4.000000000000000000e+00,8.032124390473015241e-02,2.575148789293825913e-04
9.470000000000000000e+02,3.710878875980307967e-01,4.000000000000000000e+00,8.032120925078460594e-02,2.584974489992265269e-04
9.480000000000000000e+02,3.710864177711565848e-01,4.000000000000000000e+00,8.032110492194349805e-02,2.594773459709907707e-04
9.490000000000000000e+02,3.710849789825131362e-01,3.999999999999999112e+00,8.032092663555007173e-02,2.604540921534976932e-04
9.500000000000000000e+02,3.710835716483279478e-01,4.000000000000001776e+00,8.032067018624754196e-02,2.614272023289194633e-04
9.510000000000000000e+02,3.710821961953194581e-01,4.000000000000001776e+00,8.032033144603013819e-02,2.623961839875070057e-04
9.520000000000000000e+02,3.710808530602172639e-01,4.000000000000000888e+00,8.031990636422899066e-02,2.633605376418648113e-04
9.530000000000000000e+02,3.710795426892648519e-01,4.000000000000000000e+00,8.031939096743058448e-02,2.643197572401057450e-04
9.540000000000000000e+02,3.710782655376997363e-01,4.000000000000000888e+00,8.031878135934641949e-02,2.652733306366389507e-04
9.550000000000000000e+02,3.710770220692150567e-01,4.000000000000000888e+00,8.031807372064689310e-02,2.662207400506420331e-04
9.560000000000000000e+02,3.710758127553995256e-01,3.999999999999999112e+00,8.031726430876706679e-02,2.671614624381081233e-04
9.570000000000000000e+02,3.710746380751577256e-01,4.000000000000000000e+00,8.031634945767907041e-02,2.680949697366754258e-04
9.580000000000000000e+02,3.710734985141110887e-01,3.999999999999999112e+00,8.031532557761930646e-02,2.690207289866556229e-04
9.590000000000000000e+02,3.710723945639771704e-01,4.000000000000000888e+00,8.031418915476311315e-02,2.699382023771587625e-04
9.600000000000000000e+02,3.710713267219298839e-01,4.000000000000000000e+00,8.031293675083817085e-02,2.708468472818312722e-04
9.610000000000000000e+02,3.710702954899389727e-01,4.000000000000000888e+00,8.031156500268257781e-02,2.717461163452003026e-04
9.620000000000000000e+02,3.710693013740913315e-01,4.000000000000000000e+00,8.031007062174659594e-02,2.726354576473143262e-04
9.630000000000000000e+02,3.710683448838908438e-01,3.999999999999998668e+00,8.030845039354189696e-02,2.735143149406859815e-04
9.640000000000000000e+02,3.710674265315396791e-01,4.000000000000000000e+00,8.030670117703525568e-02,2.743821279280017861e-04
9.650000000000000000e+02,3.710665468312022153e-01,3.999999999999999112e+00,8.030481990398528891e-02,2.752383325394151359e-04
9.660000000000000000e+02,3.710657062982468113e-01,3.999999999999999112e+00,8.030280357822128234e-02,2.760823611835154729e-04
9.670000000000000000e+02,3.710649054484727039e-01,3.999999999999999112e+00,8.030064927486449400e-02,2.769136429716606107e-04
9.680000000000000000e+02,3.710641447973175300e-01,4.000000000000000000e+00,8.029835413949361345e-02,2.777316039371251644e-04
9.690000000000000000e+02,3.710634248590474193e-01,3.999999999999999556e+00,8.029591538725229516e-02,2.785356672869161005e-04
9.700000000000000000e+02,3.710627461459300447e-01,3.999999999999999112e+00,8.029333030189690634e-02,2.793252537172556736e-04
9.710000000000000000e+02,3.710621091673915739e-01,4.000000000000000888e+00,8.029059623477938223e-02,2.800997818090866158e-04
9.720000000000000000e+02,3.710615144291592449e-01,3.999999999999999112e+00,8.028771060376332924e-02,2.808586684938792709e-04
9.730000000000000000e+02,3.710609624323848443e-01,4.000000000000001776e+00,8.028467089207665108e-02,2.816013295624558601e-04
9.740000000000000000e+02,3.710604536727591385e-01,4.000000000000000888e+00,8.028147464710062853e-02,2.823271801845046551e-04
9.750000000000000000e+02,3.710599886396075409e-01,3.999999999999999112e+00,8.027811947910117041e-02,2.830356354126443790e-04
9.760000000000000000e+02,3.710595678149758991e-01,4.000000000000001776e+00,8.027460305990130607e-02,2.837261106617814830e-04
9.770000000000000000e+02,3.710591916727044026e-01,3.999999999999999112e+00,8.027092312149079756e-02,2.843980221714761860e-04
9.780000000000000000e+02,3.710588606774876119e-01,3.999999999999999112e+00,8.026707745457273280e-02,2.850507874696959674e-04
9.790000000000000000e+02,3.710585752839268281e-01,4.000000000000000000e+00,8.026306390704149307e-02,2.856838258550680972e-04
9.800000000000000000e+02,3.710583359355725808e-01,4.000000000000000888e+00,8.025888038239605005e-02,2.862965589074637786e-04
9.810000000000000000e+02,3.710581430639577349e-01,3.999999999999999556e+00,8.025452483809164539e-02,2.868884110210559576e-04
9.820000000000000000e+02,3.710579970876243250e-01,3.999999999999999556e+00,8.024999528383122693e-02,2.874588099466720528e-04
9.830000000000000000e+02,3.710578984111445600e-01,4.000000000000000000e+00,8.024528977979890343e-02,2.880071873257724160e-04
9.840000000000000000e+02,3.710578474241362223e-01,3.999999999999999112e+00,8.024040643483514035e-02,2.885329792033888190e-04
9.850000000000000000e+02,3.710578445002746806e-01,4.000000000000000000e+00,8.023534340454971381e-02,2.890356265171676675e-04
9.860000000000000000e+02,3.710578899963026811e-01,3.999999999999999556e+00,8.023009888937387979e-02,2.895145755690754666e-04
9.870000000000000000e+02,3.710579842510385307e-01,3.999999999999999556e+00,8.022467113255367377e-02,2.899692784930242161e-04
9.880000000000000000e+02,3.710581275843849447e-01,3.999999999999999556e+00,8.021905841808582571e-02,2.903991937305097117e-04
9.890000000000000000e+02,3.710583202963392280e-01,4.000000000000000000e+00,8.021325906860170274e-02,2.908037865224022888e-04
9.900000000000000000e+02,3.710585626660063419e-01,3.999999999999999112e+00,8.020727144320063950e-02,2.911825294176828343e-04
9.910000000000000000e+02,3.710588549506168565e-01,4.000000000000000888e+00,8.020109393523315588e-02,2.915349027931394307e-04
9.920000000000000000e+02,3.710591973845509539e-01,4.000000000000000000e+00,8.019472497003558853e-02,2.918603953743742051e-04
9.930000000000000000e+02,3.710595901783689254e-01,4.000000000000000000e+00,8.018816300261688568e-02,2.921585047510581062e-04
9.940000000000000000e+02,3.710600335178517728e-01,3.999999999999999556e+00,8.018140651530039631e-02,2.924287378822414325e-04
9.950000000000000000e+02,3.710605275630523558e-01,3.999999999999999556e+00,8.017445401532451166e-02,2.926706115934745150e-04
9.960000000000000000e+02,3.710610724473583089e-01,3.999999999999999556e+00,8.016730403240514280e-02,2.928836530720723536e-04
9.970000000000000000e+02,3.710616682765690566e-01,4.000000000000000888e+00,8.015995511626511361e-02,2.930674003656768005e-04
9.980000000000000000e+02,3.710623151279886511e-01,4.000000000000000888e+00,8.015240583413073272e-02,2.932214028899373173e-04
9.990000000000000000e+02,3.710630130495352619e-01,4.000000000000000888e+00,8.014465476820170631e-02,2.933452219432374744e-04
1.000000000000000000e+03,3.710637620588699281e-01,4.000000000000000000e+00,8.013670051309526587e-02,2.934384312250659958e-04
1.001000000000000000e+03,3.710645621425457952e-01,4.000000000000000000e+00,8.012854167327038146e-02,2.935006173498332874e-04
1.002000000000000000e+03,3.710654132551798323e-01,4.000000000000001776e+00,8.012017686043458597e-02,2.935313803491836049e-04
1.003000000000000000e+03,3.710663153186484209e-01,4.000000000000000000e+00,8.011160469093860093e-02,2.935303341597722440e-04
1.004000000000000000e+03,3.710672682213075890e-01,3.999999999999999556e+00,8.010282378316241347e-02,2.934971070940165286e-04
1.005000000000000000e+03,3.710682718172420569e-01,4.000000000000000888e+00,8.009383275489509457e-02,2.934313422989594982e-04
1.006000000000000000e+03,3.710693259255432030e-01,4.000000000000000000e+00,8.008463022071553306e-02,2.933326982050168496e-04
1.007000000000000000e+03,3.710704303296160633e-01,3.999999999999999112e+00,8.007521478937772164e-02,2.932008489674387463e-04
1.008000000000000000e+03,3.710715847765201358e-01,3.999999999999999556e+00,8.006558506120720065e-02,2.930354849004900702e-04
1.009000000000000000e+03,3.710727889763442144e-01,3.999999999999999112e+00,8.005573962551343348e-02,2.928363129009312255e-04
1.010000000000000000e+03,3.710740426016150839e-01,4.000000000000000000e+00,8.004567705802373423e-02,2.926030568564479931e-04
1.011000000000000000e+03,3.710753452867456281e-01,3.999999999999999556e+00,8.003539591834173128e-02,2.923354580350295134e-04
1.012000000000000000e+03,3.710766966275189649e-01,3.999999999999999556e+00,8.002489474743640363e-02,2.920332754524235935e-04
1.013000000000000000e+03,3.710780961806144918e-01,3.999999999999999556e+00,8.001417206516484026e-02,2.916962862177741793e-04
1.014000000000000000e+03,3.710795434631747325e-01,3.999999999999998224e+00,8.000322636783649410e-02,2.913242858588619495e-04
1.015000000000000000e+03,3.710810379524143165e-01,4.000000000000000000e+00,7.999205612582384328e-02,2.909170886294923288e-04
1.016000000000000000e+03,3.710825790852748107e-01,3.999999999999999112e+00,7.998065978122614883e-02,2.904745278002859908e-04
1.017000000000000000e+03,3.710841662581230160e-01,3.999999999999999556e+00,7.996903574559330319e-02,2.899964559338040503e-04
1.018000000000000000e+03,3.710857988264969487e-01,4.000000000000000000e+00,7.995718239771244795e-02,2.894827451413331618e-04
1.019000000000000000e+03,3.710874761048993387e-01,3.999999999999999112e+00,7.994509808146484098e-02,2.889332873197613056e-04
1.020000000000000000e+03,3.710891973666393673e-01,4.000000000000000000e+00,7.993278110375626189e-02,2.883479943648413848e-04
1.021000000000000000e+03,3.710909618437253643e-01,4.000000000000001776e+00,7.992022973252708995e-02,2.877267983594645594e-04
1.022000000000000000e+03,3.710927566136582589e-01,3.999999999999999556e+00,7.998889683715559862e-02,3.655429230104340933e-04
1.023000000000000000e+03,3.710944934791027272e-01,3.999999999999999556e+00,7.997457028990163919e-02,3.604310525285100032e-04
1.024000000000000000e+03,3.710961871429329650e-01,4.000000000000001776e+00,7.995899227906806683e-02,3.516191671739053162e-04
1.025000000000000000e+03,3.710978504843788772e-01,3.999999999999999556e+00,7.994230933215000501e-02,3.399409902718053674e-04
1.026000000000000000e+03,3.710994956385599286e-01,3.999999999999999556e+00,7.992467268530405178e-02,3.263028535567481163e-04
1.027000000000000000e+03,3.711011338827461259e-01,4.000000000000000888e+00,7.990623984907230248e-02,3.116334179524524487e-04
1.028000000000000000e+03,3.711027755347062751e-01,4.000000000000000000e+00,7.988716673497325838e-02,2.968291872015887847e-04
1.029000000000000000e+03,3.711044298725847401e-01,4.000000000000000000e+00,7.986759627647999071e-02,2.826930076520696097e-04
1.030000000000000000e+03,3.711061050893335045e-01,3.999999999999999112e+00,7.984765104351612686e-02,2.698775218844765705e-04
1.031000000000000000e+03,3.711078082855767679e-01,4.000000000000000000e+00,7.982743321635536737e-02,2.588483787031276126e-04
1.032000000000000000e+03,3.711095454920297909e-01,4.000000000000000888e+00,7.980702946904787154e-02,2.498743322044487099e-04
1.033000000000000000e+03,3.711113217069119119e-01,3.999999999999999112e+00,7.978651549247635366e-02,2.430436002168093299e-04
1.034000000000000000e+03,3.711131409381627777e-01,3.999999999999999556e+00,7.976595668963375185e-02,2.383035164953547710e-04
1.035000000000000000e+03,3.711150062485525924e-01,4.000000000000000000e+00,7.974540574336340393e-02,2.355155481089386317e-04
1.036000000000000000e+03,3.711169198061482488e-01,4.000000000000000000e+00,7.972490049942977663e-02,2.345053881400965389e-04
1.037000000000000000e+03,3.711188829416348645e-01,4.000000000000000000e+00,7.970446487284386927e-02,2.350860350998423224e-04
1.038000000000000000e+03,3.711208962111104959e-01,3.999999999999999556e+00,7.968411240307392285e-02,2.370523574337696953e-04
1.039000000000000000e+03,3.711229594610150340e-01,4.000000000000000000e+00,7.966384963640564532e-02,2.401662177055695184e-04
1.040000000000000000e+03,3.711250718921852432e-01,4.000000000000000888e+00,7.964367683076378768e-02,2.441498159083011908e-04
1.041000000000000000e+03,3.711272321230239535e-01,4.000000000000000000e+00,7.962358611222640492e-02,2.486917493124190192e-04
1.042000000000000000e+03,3.711294382551202919e-01,3.999999999999999112e+00,7.960355971966875943e-02,2.534628597926027083e-04
1.043000000000000000e+03,3.711316879445514250e-01,4.000000000000000000e+00,7.958357112885841578e-02,2.581377949225797182e-04
1.044000000000000000e+03,3.711339784778204254e-01,3.999999999999999112e+00,7.956358952469168300e-02,2.624176957895440142e-04
1.045000000000000000e+03,3.711363068464620385e-01,4.000000000000000888e+00,7.954358527287361258e-02,2.660489436412681640e-04
1.046000000000000000e+03,3.711386698131620698e-01,4.000000000000000000e+00,7.952353307548402916e-02,2.688344835015870965e-04
1.047000000000000000e+03,3.711410639659845634e-01,3.999999999999998668e+00,7.950341114153491873e-02,2.706381680287537998e-04
1.048000000000000000e+03,3.711434857630087070e-01,4.000000000000001776e+00,7.948319759993206779e-02,2.713853835166787735e-04
1.049000000000000000e+03,3.711459185110662085e-01,4.000000000000000888e+00,7.985989416805541752e-02,7.639080995920923770e-04
1.050000000000000000e+03,3.711478681919937461e-01,3.999999999999999556e+00,7.983379348764185757e-02,7.356306227902850844e-04
1.051000000000000000e+03,3.711494589935900867e-01,4.000000000000000888e+00,7.980313904693780991e-02,6.833536937413453366e-04
1.052000000000000000e+03,3.711507500476100008e-01,4.000000000000001776e+00,7.976856707342010189e-02,6.123057996850420895e-04
1.053000000000000000e+03,3.711517971966857843e-01,3.999999999999998668e+00,7.973073170471857429e-02,5.282923688646977683e-04
1.054000000000000000e+03,3.711526520474671687e-01,4.000000000000000000e+00,7.969030805014351571e-02,4.375774575215731193e-04
1.055000000000000000e+03,3.711533612730306131e-01,3.999999999999999556e+00,7.964796659095936537e-02,3.469369745130352635e-04
1.056000000000000000e+03,3.711539662104832438e-01,4.000000000000000888e+00,7.960433354385544613e-02,2.640095720903351192e-04
1.057000000000000000e+03,3.711545028047659733e-01,4.000000000000000888e+00,7.955995818879582626e-02,1.981820132042692829e-04
1.058000000000000000e+03,3.711550018718248189e-01,3.999999999999999112e+00,7.951529969736496894e-02,1.604459374089255478e-04
1.059000000000000000e+03,3.711554895602180437e-01,3.999999999999999556e+00,7.947073188805178767e-02,1.548719192856239980e-04
1.060000000000000000e+03,3.711559878725193551e-01,4.000000000000000000e+00,7.942655573527902801e-02,1.687339146000732331e-04
1.061000000000000000e+03,3.711565151602589929e-01,3.999999999999999556e+00,7.938301062377935147e-02,1.853811365006666244e-04
1.062000000000000000e+03,3.711570865514733364e-01,4.000000000000000000e+00,7.934028193249900718e-02,1.957372285392511898e-04
1.063000000000000000e+03,3.711577142788433648e-01,4.000000000000000000e+00,7.929850720244996376e-02,1.969242897638805742e-04
1.064000000000000000e+03,3.711584078910156737e-01,4.000000000000000000e+00,7.925778242476838598e-02,1.895470669902230270e-04
1.065000000000000000e+03,3.711591743711848412e-01,4.000000000000001776e+00,7.921816648092855351e-02,1.764337429073616688e-04
1.066000000000000000e+03,3.711600182176549856e-01,3.999999999999998668e+00,7.917968061160379767e-02,1.622494500743627594e-04
1.067000000000000000e+03,3.711609415351133645e-01,4.000000000000000000e+00,7.914230330511143330e-02,1.530997465122586854e-04
1.068000000000000000e+03,3.711619433499732112e-01,3.999999999999999556e+00,7.911835039003105308e-02,1.587836235574933334e-04
1.069000000000000000e+03,3.711630065826720393e-01,3.999999999999999112e+00,7.908276337875547179e-02,1.760018643857218647e-04
1.070000000000000000e+03,3.711641314976000805e-01,3.999999999999999112e+00,7.904783284100633245e-02,2.001565749645488985e-04
1.071000000000000000e+03,3.711653144039390728e-01,4.000000000000000888e+00,7.901344205068457083e-02,2.264615953975301736e-04
1.072000000000000000e+03,3.711665504254504366e-01,3.999999999999999112e+00,7.897949351048813571e-02,2.512059949395912227e-04
1.073000000000000000e+03,3.711678338087500695e-01,4.000000000000000000e+00,7.894591600610668947e-02,2.719176221962649339e-04
1.074000000000000000e+03,3.711691581714410826e-01,4.000000000000000888e+00,7.891265598519393853e-02,2.870947092388705948e-04
1.075000000000000000e+03,3.711705167004991646e-01,4.000000000000000888e+00,7.887966134374221894e-02,2.959760747723621708e-04
1.076000000000000000e+03,3.711719023179727017e-01,4.000000000000000000e+00,7.884686944512704632e-02,2.983988833088624805e-04
1.077000000000000000e+03,3.711733078212103853e-01,3.999999999999999112e+00,7.881420691954760249e-02,2.946870083511366964e-04
1.078000000000000000e+03,3.711747259976440616e-01,4.000000000000001776e+00,7.878160015703687680e-02,2.855400169231564868e-04
1.079000000000000000e+03,3.711761497125126152e-01,4.000000000000000000e+00,7.874898868272577068e-02,2.719346378425937269e-04
1.080000000000000000e+03,3.711775719669631046e-01,3.999999999999999556e+00,7.871633292361844558e-02,2.550490831835755100e-04
1.081000000000000000e+03,3.711789859264609248e-01,4.000000000000000888e+00,7.868361264560708168e-02,2.361929743343261156e-04
1.082000000000000000e+03,3.711803849284231460e-01,4.000000000000000000e+00,7.865081839735235669e-02,2.167171802706865133e-04
1.083000000000000000e+03,3.711817624863382736e-01,3.999999999999999556e+00,7.861794147351928996e-02,1.978990494645847960e-04
1.084000000000000000e+03,3.711831123056035242e-01,4.000000000000000000e+00,7.858496696191702435e-02,1.808203147137024387e-04
1.085000000000000000e+03,3.711844283148848511e-01,3.999999999999999556e+00,7.855187126454370172e-02,1.662552395779865453e-04
1.086000000000000000e+03,3.711857047068508608e-01,4.000000000000000000e+00,7.851862293138586746e-02,1.545854123454606444e-04
1.087000000000000000e+03,3.711869359804590429e-01,4.000000000000001776e+00,7.848518510857104002e-02,1.457807330194217221e-04
1.088000000000000000e+03,3.711881169794081781e-01,4.000000000000000000e+00,7.845151865502267285e-02,1.394940794929604079e-04
1.089000000000000000e+03,3.711892429216875344e-01,4.000000000000000888e+00,7.841758547541174962e-02,1.352519666219830006e-04
1.090000000000000000e+03,3.711903094145533877e-01,3.999999999999999112e+00,7.838335120618535046e-02,1.326413117274720345e-04
1.091000000000000000e+03,3.711913124520418439e-01,4.000000000000000888e+00,7.834878584915458410e-02,1.314020060906661387e-04
1.092000000000000000e+03,3.711922483976829445e-01,4.000000000000001776e+00,7.831386146019782279e-02,1.314166991309738473e-04
1.093000000000000000e+03,3.711931139593352413e-01,3.999999999999999556e+00,7.827854776582139629e-02,1.326417807626118091e-04
1.094000000000000000e+03,3.711939061641468252e-01,4.000000000000001776e+00,7.824280839308432600e-02,1.350220746652693515e-04
1.095000000000000000e+03,3.711946223400102163e-01,3.999999999999999556e+00,7.820660063252092564e-02,1.384195392150391326e-04
1.096000000000000000e+03,3.711952601059852475e-01,4.000000000000000000e+00,7.816987974680995876e-02,1.425813796916423264e-04
1.097000000000000000e+03,3.711958173687932017e-01,4.000000000000000000e+00,7.813260593901845408e-02,1.471573074993563551e-04
1.098000000000000000e+03,3.711962923183177443e-01,4.000000000000000000e+00,7.809475026268654363e-02,1.517485440312857034e-04
1.099000000000000000e+03,3.711966834155269179e-01,4.000000000000000888e+00,7.805629635857815052e-02,1.559595055039956796e-04
1.100000000000000000e+03,3.711969893714323621e-01,3.999999999999999556e+00,7.801723753497316616e-02,1.594366610018684439e-04
1.101000000000000000e+03,3.711972091213903147e-01,4.000000000000000000e+00,7.797757151175013779e-02,1.618955838476034636e-04
1.102000000000000000e+03,3.711973418007252778e-01,4.000000000000000000e+00,7.793729623582482113e-02,1.631392256652171150e-04
1.103000000000000000e+03,3.711973867249935277e-01,4.000000000000000000e+00,7.789640899639536931e-02,1.630660276890969602e-04
1.104000000000000000e+03,3.711973433742008499e-01,4.000000000000000000e+00,7.785490867512670499e-02,1.616678006632717352e-04
1.105000000000000000e+03,3.711972113776541571e-01,4.000000000000000000e+00,7.781279908321372951e-02,1.590215952151798453e-04
1.106000000000000000e+03,3.711969904958772881e-01,4.000000000000000888e+00,7.777009106645033087e-02,1.552791327199010704e-04
1.107000000000000000e+03,3.711966805978755835e-01,4.000000000000000000e+00,7.772680222883963930e-02,1.506527543552463799e-04
1.108000000000000000e+03,3.711962816348391980e-01,4.000000000000000888e+00,7.768295465968663716e-02,1.453952058968760051e-04
1.109000000000000000e+03,3.711957913283749910e-01,4.000000000000000000e+00,7.769953605521348616e-02,2.205507128248330084e-04
1.110000000000000000e+03,3.711951415858537051e-01,3.999999999999999556e+00,7.765387580517228716e-02,2.094271473721961107e-04
1.111000000000000000e+03,3.711943544929215966e-01,4.000000000000000000e+00,7.760712170038067126e-02,1.944731576787490652e-04
1.112000000000000000e+03,3.711934378791400535e-01,3.999999999999999556e+00,7.755937951156961774e-02,1.769193558331035878e-04
1.113000000000000000e+03,3.711923990622830738e-01,4.000000000000000000e+00,7.751075558153448786e-02,1.580666358011932702e-04
1.114000000000000000e+03,3.711912448009122567e-01,4.000000000000000000e+00,7.746136028183341071e-02,1.392325103245410189e-04
1.115000000000000000e+03,3.711899812595592096e-01,4.000000000000000888e+00,7.741130783527268300e-02,1.216868497740674786e-04
1.116000000000000000e+03,3.711886139831925280e-01,3.999999999999999112e+00,7.736071100521281496e-02,1.065347252262417922e-04
1.117000000000000000e+03,3.711871478840027549e-01,4.000000000000000000e+00,7.730967180850278897e-02,9.453499278297841180e-05
1.118000000000000000e+03,3.711855872459318695e-01,3.999999999999999112e+00,7.725827201390494947e-02,8.591078692736994218e-05
1.119000000000000000e+03,3.711839357494637892e-01,3.999999999999999112e+00,7.720656797132527394e-02,8.028431574049530557e-05
1.120000000000000000e+03,3.711821965145969404e-01,4.000000000000000000e+00,7.715459240804174723e-02,7.685289867353694226e-05
1.121000000000000000e+03,3.711803721557129787e-01,4.000000000000000000e+00,7.710236214514680497e-02,7.474684267724434142e-05
1.122000000000000000e+03,3.711784648386651231e-01,4.000000000000000000e+00,7.704988749501329170e-02,7.335691933224384304e-05
1.123000000000000000e+03,3.711764763299427727e-01,4.000000000000000888e+00,7.699717846292539192e-02,7.247462390481276633e-05
1.124000000000000000e+03,3.711744080328139850e-01,4.000000000000000000e+00,7.694424517250557372e-02,7.223254020218201378e-05
1.125000000000000000e+03,3.711722610138505907e-01,3.999999999999999112e+00,7.689109359182839942e-02,7.291675320640419338e-05
1.126000000000000000e+03,3.711700360288581191e-01,4.000000000000000888e+00,7.683772027978526264e-02,7.474933186806601286e-05
1.127000000000000000e+03,3.711677335561723301e-01,4.000000000000000000e+00,7.678410998633694584e-02,7.773337570726934146e-05
1.128000000000000000e+03,3.711653538397692298e-01,4.000000000000000000e+00,7.673023779443934045e-02,8.161439364384539294e-05
1.129000000000000000e+03,3.711628969392232191e-01,4.000000000000001776e+00,7.667607472428984716e-02,8.594922673724776500e-05
1.130000000000000000e+03,3.711603627805749039e-01,3.999999999999999556e+00,7.662159405903586074e-02,9.022567339494033851e-05
1.131000000000000000e+03,3.711577512018503500e-01,4.000000000000000000e+00,7.656677579456482030e-02,9.397099719486826140e-05
1.132000000000000000e+03,3.711550619889578684e-01,3.999999999999999556e+00,7.651160803114907816e-02,9.681581398640322442e-05
1.133000000000000000e+03,3.711522949010869765e-01,4.000000000000000000e+00,7.645608570137576998e-02,9.851391365692656094e-05
1.134000000000000000e+03,3.711494496878027238e-01,4.000000000000000000e+00,7.640020793597290805e-02,9.893745628526645186e-05
1.135000000000000000e+03,3.711465261011020478e-01,3.999999999999999112e+00,7.634397545610670244e-02,9.806506830269970875e-05
1.136000000000000000e+03,3.711435239049502011e-01,4.000000000000000888e+00,7.628738897265055496e-02,9.596842307609772845e-05
1.137000000000000000e+03,3.711404428835941016e-01,4.000000000000000000e+00,7.623044902001359369e-02,9.279632831312399893e-05
1.138000000000000000e+03,3.711372828489981623e-01,3.999999999999998224e+00,7.617315708968802612e-02,8.875727107760220970e-05
1.139000000000000000e+03,3.711340436468705817e-01,3.999999999999999112e+00,7.611551738717307891e-02,8.410292857925061706e-05
1.140000000000000000e+03,3.711307251600070578e-01,4.000000000000000000e+00,7.605753815978079369e-02,7.911145721730551532e-05
1.141000000000000000e+03,3.711273273078721235e-01,4.000000000000000000e+00,7.599923160056058780e-02,7.406616943868707186e-05
1.142000000000000000e+03,3.711238500427639364e-01,4.000000000000000000e+00,7.594061196770278410e-02,6.922840323173045816e-05
1.143000000000000000e+03,3.711202933446532404e-01,3.999999999999999556e+00,7.588169253426046978e-02,6.480976791880902214e-05
1.144000000000000000e+03,3.711166572176060052e-01,4.000000000000000888e+00,7.582248273257083393e-02,6.095134571097995057e-05
1.145000000000000000e+03,3.711129416900109668e-01,4.000000000000000000e+00,7.576298685481741568e-02,5.771494786400288020e-05
1.146000000000000000e+03,3.711091468190638176e-01,4.000000000000000000e+00,7.570320484579814990e-02,5.508891128034771613e-05
1.147000000000000000e+03,3.711052726979909844e-01,4.000000000000000000e+00,7.564313456651411416e-02,5.300873342814974704e-05
1.148000000000000000e+03,3.711013194633091539e-01,3.999999999999999556e+00,7.558277414845875064e-02,5.138709864630356311e-05
1.149000000000000000e+03,3.710972872996642358e-01,4.000000000000000000e+00,7.552212316003314996e-02,5.014128388268314167e-05
1.150000000000000000e+03,3.710931764413905043e-01,3.999999999999999112e+00,7.546118214970706783e-02,4.920728220773430488e-05
1.151000000000000000e+03,3.710889871718314192e-01,4.000000000000000888e+00,7.539995113043423958e-02,4.853927580474962111e-05
1.152000000000000000e+03,3.710847198224682120e-01,3.999999999999999556e+00,7.533842810579720328e-02,4.810062008063319258e-05
1.153000000000000000e+03,3.710803747735172964e-01,4.000000000000000000e+00,7.527660856332858696e-02,4.785319953553713836e-05
1.154000000000000000e+03,3.710759524564377076e-01,4.000000000000001776e+00,7.521448620125087414e-02,4.774975696423330586e-05
1.155000000000000000e+03,3.710714533575587559e-01,3.999999999999999112e+00,7.515205448015546685e-02,4.773209461709737003e-05
1.156000000000000000e+03,3.710668780214141926e-01,3.999999999999999112e+00,7.508930826841164752e-02,4.773566028439399031e-05
1.157000000000000000e+03,3.710622270524672750e-01,3.999999999999999112e+00,7.502624495112664160e-02,4.769749969512960169e-05
1.158000000000000000e+03,3.710575011145250679e-01,4.000000000000000000e+00,7.496286472270019541e-02,4.756307102360491024e-05
1.159000000000000000e+03,3.710527009279536159e-01,4.000000000000000000e+00,7.489917014955738139e-02,4.728978334546087909e-05
1.160000000000000000e+03,3.710478272654141318e-01,4.000000000000000888e+00,7.483516533082591737e-02,4.684838457365626173e-05
1.161000000000000000e+03,3.710428809470636136e-01,4.000000000000000000e+00,7.477085506964398220e-02,4.622400816901409994e-05
1.162000000000000000e+03,3.710378628359920494e-01,4.000000000000000888e+00,7.470624441173845387e-02,4.541730198420169896e-05
1.163000000000000000e+03,3.710327738342599213e-01,4.000000000000000000e+00,7.464133872715987550e-02,4.444511147283593852e-05
1.164000000000000000e+03,3.710276148793861251e-01,3.999999999999999556e+00,7.457614424397801534e-02,4.334019474366611411e-05
1.165000000000000000e+03,3.710223869407358599e-01,4.000000000000000888e+00,7.451066868947475719e-02,4.214934451888106051e-05
1.166000000000000000e+03,3.710170910151639467e-01,4.000000000000000000e+00,7.444492159711924018e-02,4.092907527527591527e-05
1.167000000000000000e+03,3.710117281216326335e-01,4.000000000000000888e+00,7.437891398682520971e-02,3.973869881560074117e-05
1.168000000000000000e+03,3.710062992951584926e-01,3.999999999999999112e+00,7.431265746761606117e-02,3.863210809278693083e-05
1.169000000000000000e+03,3.710008055809607685e-01,3.999999999999999556e+00,7.424616315046581039e-02,3.765053522077848431e-05
1.170000000000000000e+03,3.709952480297762367e-01,4.000000000000000000e+00,7.417944087827990640e-02,3.681811458360489161e-05
1.171000000000000000e+03,3.709896276948696503e-01,4.000000000000000000e+00,7.411249909620383491e-02,3.614098900013747851e-05
1.172000000000000000e+03,3.709839456306028849e-01,4.000000000000000888e+00,7.404534531459901203e-02,3.560984944680012170e-05
1.173000000000000000e+03,3.709782028918817698e-01,3.999999999999999556e+00,7.397798679676283184e-02,3.520504695382072031e-05
1.174000000000000000e+03,3.709724005336825781e-01,3.999999999999999556e+00,7.391043102821524824e-02,3.490255733253725014e-05
1.175000000000000000e+03,3.709665396101918255e-01,3.999999999999999556e+00,7.384268571719973528e-02,3.467884167886818559e-05
1.176000000000000000e+03,3.709606211736208858e-01,4.000000000000000000e+00,7.377475838843020051e-02,3.451354369951183088e-05
1.177000000000000000e+03,3.709546462731475036e-01,4.000000000000001776e+00,7.370665586089131249e-02,3.439025584085869230e-05
1.178000000000000000e+03,3.709486159544734263e-01,4.000000000000001776e+00,7.363838392622384932e-02,3.429625253493968115e-05
1.179000000000000000e+03,3.709425312602173674e-01,4.000000000000000000e+00,7.356994739148581264e-02,3.422202659363387595e-05
1.180000000000000000e+03,3.709363932309996947e-01,3.999999999999998668e+00,7.350135044194644474e-02,3.416113268184152051e-05
1.181000000000000000e+03,3.709302029068178297e-01,4.000000000000000000e+00,7.343259713911952369e-02,3.411043843426747168e-05
1.182000000000000000e+03,3.709239613282732106e-01,4.000000000000000000e+00,7.336369184758471940e-02,3.407042287368353633e-05
1.183000000000000000e+03,3.709176695373324062e-01,4.000000000000000888e+00,7.329463945579034467e-02,3.404492933033367023e-05
1.184000000000000000e+03,3.709113285775422764e-01,4.000000000000000000e+00,7.322544536248305758e-02,3.404009577790131571e-05
1.185000000000000000e+03,3.709049394938038757e-01,4.000000000000001776e+00,7.315611529370283361e-02,3.406281603472458220e-05
1.186000000000000000e+03,3.708985033319400770e-01,3.999999999999999556e+00,7.308665507103563608e-02,3.411941173855240168e-05
1.187000000000000000e+03,3.708920211382853438e-01,4.000000000000000000e+00,7.301707045933725215e-02,3.421496986063895818e-05
1.188000000000000000e+03,3.708854939594314337e-01,4.000000000000000000e+00,7.294736717735525455e-02,3.435334330174670493e-05
1.189000000000000000e+03,3.708789228420978912e-01,4.000000000000000000e+00,7.287755106842443154e-02,3.453749427789863798e-05
1.190000000000000000e+03,3.708723088329641260e-01,3.999999999999999112e+00,7.280762833644215115e-02,3.476977133031512881e-05
1.191000000000000000e+03,3.708656529782433098e-01,4.000000000000000000e+00,7.273760570564881400e-02,3.505181120667229066e-05
1.192000000000000000e+03,3.708589563228740227e-01,3.999999999999999556e+00,7.266749039582702518e-02,3.538401364308633383e-05
1.193000000000000000e+03,3.708522199093725602e-01,3.999999999999998668e+00,7.259728990506161828e-02,3.576483356973283626e-05
1.194000000000000000e+03,3.708454447765721085e-01,4.000000000000000000e+00,7.252701170127426322e-02,3.619026879095807583e-05
1.195000000000000000e+03,3.708386319585212365e-01,3.999999999999999556e+00,7.245666297272046474e-02,3.665380950415441264e-05
1.196000000000000000e+03,3.708317824837304988e-01,4.000000000000000000e+00,7.238625054595802799e-02,3.714689530469923327e-05
1.197000000000000000e+03,3.708248973747799715e-01,3.999999999999999556e+00,7.231578097684913942e-02,3.765976252599638534e-05
1.198000000000000000e+03,3.708179776481448364e-01,4.000000000000000000e+00,7.224526072373937957e-02,3.818248126300929050e-05
1.199000000000000000e+03,3.708110243140467222e-01,3.999999999999999556e+00,7.217469628031540629e-02,3.870593673990277135e-05
1.200000000000000000e+03,3.708040383762064018e-01,3.999999999999999556e+00,7.210409418964634776e-02,3.922253057835619163e-05
1.201000000000000000e+03,3.707970208315025107e-01,4.000000000000000888e+00,7.203346094280120571e-02,3.972649974814639463e-05
1.202000000000000000e+03,3.707899726696407550e-01,4.000000000000000000e+00,7.196280283072889472e-02,4.021391676545136375e-05
1.203000000000000000e+03,3.707828948729612328e-01,3.999999999999999556e+00,7.189212583317916572e-02,4.068253630137847718e-05
1.204000000000000000e+03,3.707757884164571416e-01,4.000000000000000888e+00,7.182143559671134991e-02,4.113164291327936619e-05
1.205000000000000000e+03,3.707686542679926589e-01,4.000000000000000000e+00,7.175073750383639815e-02,4.156196673278048109e-05
1.206000000000000000e+03,3.707614933886342334e-01,3.999999999999999112e+00,7.168003679638264292e-02,4.197563049724883547e-05
1.207000000000000000e+03,3.707543067329890363e-01,4.000000000000000000e+00,7.160933870179077287e-02,4.237602455861859581e-05
1.208000000000000000e+03,3.707470952494550387e-01,4.000000000000000000e+00,7.153864851892510757e-02,4.276751490858858492e-05
1.209000000000000000e+03,3.707398598803305356e-01,4.000000000000000000e+00,7.146797164136815816e-02,4.315497551343602182e-05
1.210000000000000000e+03,3.707326015617929960e-01,4.000000000000000000e+00,7.139731352287631561e-02,4.354324279205918930e-05
1.211000000000000000e+03,3.707253212237908158e-01,4.000000000000000000e+00,7.132667961400712686e-02,4.393663635952518826e-05
1.212000000000000000e+03,3.707180197899196394e-01,3.999999999999998668e+00,7.125607531154909413e-02,4.433864803558274344e-05
1.213000000000000000e+03,3.707106981773293231e-01,3.999999999999999556e+00,7.118550595508131573e-02,4.475181427456152077e-05
1.214000000000000000e+03,3.707033572966688673e-01,3.999999999999999556e+00,7.111497687801346390e-02,4.517771821676680569e-05
1.215000000000000000e+03,3.706959980520226905e-01,3.999999999999999556e+00,7.104449348691502242e-02,4.561704653054845095e-05
1.216000000000000000e+03,3.706886213407739605e-01,3.999999999999999556e+00,7.097406132312748805e-02,4.606964655199500300e-05
1.217000000000000000e+03,3.706812280533468007e-01,4.000000000000000000e+00,7.090368606848522492e-02,4.653456842586334351e-05
1.218000000000000000e+03,3.706738190728358640e-01,4.000000000000000888e+00,7.083337348878876449e-02,4.701011093556540664e-05
1.219000000000000000e+03,3.706663952745807844e-01,4.000000000000000000e+00,7.076312934437732627e-02,4.749390142189817871e-05
1.220000000000000000e+03,3.706589575257688285e-01,3.999999999999999556e+00,7.069295931384567133e-02,4.798302878802338846e-05
1.221000000000000000e+03,3.706515066851221452e-01,3.999999999999998668e+00,7.062286896500770406e-02,4.847422825108494056e-05
1.222000000000000000e+03,3.706440436026827157e-01,3.999999999999999112e+00,7.055286377629886585e-02,4.896410065588026512e-05
1.223000000000000000e+03,3.706365691196571444e-01,3.999999999999999112e+00,7.048294918297652589e-02,4.944933978596138493e-05
1.224000000000000000e+03,3.706290840682728294e-01,3.999999999999999556e+00,7.041313061286871844e-02,4.992693650010611748e-05
1.225000000000000000e+03,3.706215892716128724e-01,4.000000000000001776e+00,7.034341348866191002e-02,5.039433212870755131e-05
1.226000000000000000e+03,3.706140855434322257e-01,3.999999999999999556e+00,7.027380319665776920e-02,5.084950857462983836e-05
1.227000000000000000e+03,3.706065736879795569e-01,4.000000000000000000e+00,7.020430504043627395e-02,5.129102289568995620e-05
1.228000000000000000e+03,3.705990544998689629e-01,4.000000000000000000e+00,7.013492420300727892e-02,5.171800733325543760e-05
1.229000000000000000e+03,3.705915287640162425e-01,3.999999999999999556e+00,7.006566573358045946e-02,5.213015426803124189e-05
1.230000000000000000e+03,3.705839972556458362e-01,3.999999999999999556e+00,6.999653456193584422e-02,5.252769273747229841e-05
1.231000000000000000e+03,3.705764607403466693e-01,3.999999999999999556e+00,6.992753553166131120e-02,5.291134909365338040e-05
1.232000000000000000e+03,3.705689199741452056e-01,4.000000000000000888e+00,6.985867343726376300e-02,5.328227868321178411e-05
1.233000000000000000e+03,3.705613757035681743e-01,4.000000000000000000e+00,6.978995305035781693e-02,5.364196192508682230e-05
1.234000000000000000e+03,3.705538286656746005e-01,4.000000000000000000e+00,6.972137912614746746e-02,5.399207264253928957e-05
1.235000000000000000e+03,3.705462795880613003e-01,4.000000000000000000e+00,6.965295639114896242e-02,5.433433891181439616e-05
1.236000000000000000e+03,3.705387291888527779e-01,3.999999999999999556e+00,6.958468952263062446e-02,5.467041862404244384e-05
1.237000000000000000e+03,3.705311781766976731e-01,4.000000000000000000e+00,6.951658313460647165e-02,5.500180343532349019e-05
1.238000000000000000e+03,3.705236272507847484e-01,3.999999999999999556e+00,6.944864178126111676e-02,5.532975317863464561e-05
1.239000000000000000e+03,3.705160771008729759e-01,3.999999999999999112e+00,6.938086997796459598e-02,5.565525549111132147e-05
1.240000000000000000e+03,3.705085284073200702e-01,4.000000000000000000e+00,6.931327222883122696e-02,5.597900430687556257e-05
1.241000000000000000e+03,3.705009818410866518e-01,4.000000000000000888e+00,6.924585304528950436e-02,5.630139323986935981e-05
1.242000000000000000e+03,3.704934380637040503e-01,3.999999999999999112e+00,6.917861694539689799e-02,5.662252231771703958e-05
1.243000000000000000e+03,3.704858977272089682e-01,3.999999999999999556e+00,6.911156843512826498e-02,5.694221749154634312e-05
1.244000000000000000e+03,3.704783614740698727e-01,4.000000000000000888e+00,6.904471198296385781e-02,5.726006213415362731e-05
1.245000000000000000e+03,3.704708299371216040e-01,3.999999999999998224e+00,6.897805200149416394e-02,5.757543933220264686e-05
1.246000000000000000e+03,3.704633037395231865e-01,3.999999999999999112e+00,6.891159284371110860e-02,5.788758353777186496e-05
1.247000000000000000e+03,3.704557834947408979e-01,4.000000000000000000e+00,6.884533881198066918e-02,5.819563945522076334e-05
1.248000000000000000e+03,3.704482698065398316e-01,3.999999999999999556e+00,6.877929417083257502e-02,5.849872428601459492e-05
1.249000000000000000e+03,3.704407632689756258e-01,3.999999999999999556e+00,6.871346315421568429e-02,5.879598743081208557e-05
1.250000000000000000e+03,3.704332644663809182e-01,3.999999999999999112e+00,6.864784996273502748e-02,5.908666139445916890e-05
1.251000000000000000e+03,3.704257739733474164e-01,3.999999999999999556e+00,6.858245875263119240e-02,5.937009998072578830e-05
1.252000000000000000e+03,3.704182923547166273e-01,4.000000000000000888e+00,6.851729362221734010e-02,5.964580367553429376e-05
1.253000000000000000e+03,3.704108201655847421e-01,3.999999999999999556e+00,6.845235860181302090e-02,5.991343483730527633e-05
1.254000000000000000e+03,3.704033579513267282e-01,4.000000000000000000e+00,6.838765765082836789e-02,6.017282534601913483e-05
1.255000000000000000e+03,3.703959062476442909e-01,4.000000000000000000e+00,6.832319466228231608e-02,6.042397729717520754e-05
1.256000000000000000e+03,3.703884655806234383e-01,4.000000000000000000e+00,6.825897347210721500e-02,6.066705528737899121e-05
1.257000000000000000e+03,3.703810364668014277e-01,4.000000000000000000e+00,6.819499786891147775e-02,6.090236865949574021e-05
1.258000000000000000e+03,3.703736194132299930e-01,4.000000000000000000e+00,6.813127160000295723e-02,6.113034404364997966e-05
1.259000000000000000e+03,3.703662149175342422e-01,3.999999999999999556e+00,6.806779837150436774e-02,6.135149124457144520e-05
1.260000000000000000e+03,3.703588234679670022e-01,3.999999999999999112e+00,6.800458184362492831e-02,6.156636710315462372e-05
1.261000000000000000e+03,3.703514455434636643e-01,3.999999999999999112e+00,6.794162562494784896e-02,6.177554152495673672e-05
1.262000000000000000e+03,3.703440816137028579e-01,3.999999999999999112e+00,6.787893327020140533e-02,6.197956809158974487e-05
1.263000000000000000e+03,3.703367321391729527e-01,4.000000000000000000e+00,6.781650828381928509e-02,6.217895993197876782e-05
1.264000000000000000e+03,3.703293975712462771e-01,4.000000000000000000e+00,6.775435412791282197e-02,6.237417073433663105e-05
1.265000000000000000e+03,3.703220783522473969e-01,4.000000000000000000e+00,6.769247423046345635e-02,6.256558079544326863e-05
1.266000000000000000e+03,3.703147749155170643e-01,4.000000000000000000e+00,6.763087198944404965e-02,6.275348820880100964e-05
1.267000000000000000e+03,3.703074876854655084e-01,4.000000000000000000e+00,6.756955077117460240e-02,6.293810523904883882e-05
1.268000000000000000e+03,3.703002170776180657e-01,4.000000000000000000e+00,6.750851390464476798e-02,6.311955966618504918e-05
1.269000000000000000e+03,3.702929634986628638e-01,4.000000000000000888e+00,6.744776467554886024e-02,6.329790062724444089e-05
1.270000000000000000e+03,3.702857273464996712e-01,3.999999999999999112e+00,6.738730632328061854e-02,6.347310837316910194e-05
1.271000000000000000e+03,3.702785090102948540e-01,4.000000000000000000e+00,6.732714204183461171e-02,6.364510725890284114e-05
1.272000000000000000e+03,3.702713088705426592e-01,4.000000000000000888e+00,6.726727498315276943e-02,6.381378104914618330e-05
1.273000000000000000e+03,3.702641272991255006e-01,3.999999999999999556e+00,6.720770826037766876e-02,6.397898931090960470e-05
1.274000000000000000e+03,3.702569646593735775e-01,4.000000000000000000e+00,6.714844494900727712e-02,6.414058354102216341e-05
1.275000000000000000e+03,3.702498213061247712e-01,4.000000000000000000e+00,6.708948808538685304e-02,6.429842196442299776e-05
1.276000000000000000e+03,3.702426975857822100e-01,4.000000000000000000e+00,6.703084066336054136e-02,6.445238246982375521e-05
1.277000000000000000e+03,3.702355938363761645e-01,4.000000000000000000e+00,6.697250563063265882e-02,6.460237354749143060e-05
1.278000000000000000e+03,3.702285103876303274e-01,4.000000000000000888e+00,6.691448588636499106e-02,6.474834306957812796e-05
1.279000000000000000e+03,3.702214475610337008e-01,4.000000000000000000e+00,6.685678428093037862e-02,6.489028444600064538e-05
1.280000000000000000e+03,3.702144056699189778e-01,3.999999999999999112e+00,6.679940361780392633e-02,6.502823952243342361e-05
1.281000000000000000e+03,3.702073850195438665e-01,4.000000000000000000e+00,6.674234665662678867e-02,6.516229786219416241e-05
1.282000000000000000e+03,3.702003859071753000e-01,4.000000000000000888e+00,6.668561611594490957e-02,6.529259271781249130e-05
1.283000000000000000e+03,3.701934086221716491e-01,4.000000000000000000e+00,6.662921467435493905e-02,6.541929461625812538e-05
1.284000000000000000e+03,3.701864534460645451e-01,4.000000000000000000e+00,6.657314496976124429e-02,6.554260367213432471e-05
1.285000000000000000e+03,3.701795206526410364e-01,3.999999999999999556e+00,6.651740959763857708e-02,6.566274144067156353e-05
1.286000000000000000e+03,3.701726105080266338e-01,4.000000000000000000e+00,6.646201110983697424e-02,6.577994264776034037e-05
1.287000000000000000e+03,3.701657232707719070e-01,3.999999999999999556e+00,6.640695201511231938e-02,6.589444688204116761e-05
1.288000000000000000e+03,3.701588591919406923e-01,4.000000000000000888e+00,6.635223478143313647e-02,6.600649045874566994e-05
1.289000000000000000e+03,3.701520185151995213e-01,4.000000000000000000e+00,6.629786183897992680e-02,6.611629896541057591e-05
1.290000000000000000e+03,3.701452014769049392e-01,4.000000000000000000e+00,6.624383558237532943e-02,6.622408115153345881e-05
1.291000000000000000e+03,3.701384083061895480e-01,4.000000000000000888e+00,6.619015837125301338e-02,6.633002465597162426e-05
1.292000000000000000e+03,3.701316392250449394e-01,4.000000000000000888e+00,6.613683252933866275e-02,6.643429367691593710e-05
1.293000000000000000e+03,3.701248944484035741e-01,4.000000000000000000e+00,6.608386034302270173e-02,6.653702833818426034e-05
1.294000000000000000e+03,3.701181741842214379e-01,3.999999999999999556e+00,6.603124406049944162e-02,6.663834536804367440e-05
1.295000000000000000e+03,3.701114786335619744e-01,4.000000000000000000e+00,6.597898589199702180e-02,6.673833977905894391e-05
1.296000000000000000e+03,3.701048079906811838e-01,4.000000000000000000e+00,6.592708801089590398e-02,6.683708738569302569e-05
1.297000000000000000e+03,3.700981624431124439e-01,4.000000000000000888e+00,6.587555255507843155e-02,6.693464807527259839e-05
1.298000000000000000e+03,3.700915421717520526e-01,4.000000000000000000e+00,6.582438162784833013e-02,6.703106972888134925e-05
1.299000000000000000e+03,3.700849473509414400e-01,3.999999999999999556e+00,6.577357729808157305e-02,6.712639261598543888e-05
1.300000000000000000e+03,3.700783781485523227e-01,3.999999999999999112e+00,6.572314159967396208e-02,6.722065400161274988e-05
1.301000000000000000e+03,3.700718347260692487e-01,3.999999999999999556e+00,6.567307653066040141e-02,6.731389264702477605e-05
1.302000000000000000e+03,3.700653172386738632e-01,3.999999999999999556e+00,6.562338405250160711e-02,6.740615284397617529e-05
1.303000000000000000e+03,3.700588258353306736e-01,4.000000000000000888e+00,6.557406608994394148e-02,6.749748763595676837e-05
1.304000000000000000e+03,3.700523606588740910e-01,4.000000000000000888e+00,6.552512453158711170e-02,6.758796098919417437e-05
1.305000000000000000e+03,3.700459218460964150e-01,4.000000000000000000e+00,6.547656123094462710e-02,6.767764886711509075e-05
1.306000000000000000e+03,3.700395095278360413e-01,3.999999999999999112e+00,6.542837800752945854e-02,6.776663936384110106e-05
1.307000000000000000e+03,3.700331238290666125e-01,4.000000000000000000e+00,6.538057664750636377e-02,6.785503215246785585e-05
1.308000000000000000e+03,3.700267648689845590e-01,4.000000000000000000e+00,6.533315890374416512e-02,6.794293746473376516e-05
1.309000000000000000e+03,3.700204327610969735e-01,4.000000000000000000e+00,6.528612649550305513e-02,6.803047467695987245e-05
1.310000000000000000e+03,3.700141276133093182e-01,4.000000000000001776e+00,6.523948110823031554e-02,6.811777047442682466e-05
1.311000000000000000e+03,3.700078495280149093e-01,3.999999999999999112e+00,6.519322439386135426e-02,6.820495658000520214e-05
1.312000000000000000e+03,3.700015986021825132e-01,4.000000000000000000e+00,6.514735797168010045e-02,6.829216716424079932e-05
1.313000000000000000e+03,3.699953749274474957e-01,4.000000000000000000e+00,6.510188342943840079e-02,6.837953619653108143e-05
1.314000000000000000e+03,3.699891785901998076e-01,4.000000000000000888e+00,6.505680232430423315e-02,6.846719504549514282e-05
1.315000000000000000e+03,3.699830096716716366e-01,3.999999999999999556e+00,6.501211618336015519e-02,6.855527055099962339e-05
1.316000000000000000e+03,3.699768682480242266e-01,3.999999999999998224e+00,6.496782650367505241e-02,6.864388364110145214e-05
1.317000000000000000e+03,3.699707543904345863e-01,4.000000000000000000e+00,6.492393475220188670e-02,6.873314843558197575e-05
1.318000000000000000e+03,3.699646681651818092e-01,4.000000000000000000e+00,6.488044236579115775e-02,6.882317173443047026e-05
1.319000000000000000e+03,3.699586096337323937e-01,4.000000000000001776e+00,6.483735075147510629e-02,6.891405281628343554e-05
1.320000000000000000e+03,3.699525788528262860e-01,3.999999999999999112e+00,6.479466128699112870e-02,6.900588352780654766e-05
1.321000000000000000e+03,3.699465758745619226e-01,4.000000000000000000e+00,6.475237532139183072e-02,6.909874867609270058e-05
1.322000000000000000e+03,3.699406007464820512e-01,4.000000000000000000e+00,6.471049417556977434e-02,6.919272674030859521e-05
1.323000000000000000e+03,3.699346535116573298e-01,4.000000000000000000e+00,6.466901914258495199e-02,6.928789088830082318e-05
1.324000000000000000e+03,3.699287342087701491e-01,4.000000000000000000e+00,6.462795148777480958e-02,6.938431024367474297e-05
1.325000000000000000e+03,3.699228428721981210e-01,3.999999999999999112e+00,6.458729244872449260e-02,6.948205129375502006e-05
1.326000000000000000e+03,3.699169795320967347e-01,3.999999999999998668e+00,6.454704323523421938e-02,6.958117928624503999e-05
1.327000000000000000e+03,3.699111442144819017e-01,4.000000000000000888e+00,6.450720502942600132e-02,6.968175945595112908e-05
1.328000000000000000e+03,3.699053369413140002e-01,4.000000000000000000e+00,6.446777898605900170e-02,6.978385796392617415e-05
1.329000000000000000e+03,3.698995577305786431e-01,4.000000000000000888e+00,6.442876623300496097e-02,6.988754251614637670e-05
1.330000000000000000e+03,3.698938065963707222e-01,4.000000000000000000e+00,6.439016787174144107e-02,6.999288271502560283e-05
1.331000000000000000e+03,3.698880835489752328e-01,4.000000000000000000e+00,6.435198497771439652e-02,7.009995023180775697e-05
1.332000000000000000e+03,3.698823885949496515e-01,3.999999999999999112e+00,6.431421860051295125e-02,7.020881885770672822e-05
1.333000000000000000e+03,3.698767217372037619e-01,4.000000000000000000e+00,6.427686976392800455e-02,7.031956443054498864e-05
1.334000000000000000e+03,3.698710829750813112e-01,3.999999999999999556e+00,6.423993946603902272e-02,7.043226458341251758e-05
1.335000000000000000e+03,3.698654723044395021e-01,4.000000000000000000e+00,6.420342867944740795e-02,7.054699827665778791e-05
1.336000000000000000e+03,3.698598897177296507e-01,4.000000000000000000e+00,6.416733835166825439e-02,7.066384512940106992e-05
1.337000000000000000e+03,3.698543352040769561e-01,3.999999999999998224e+00,6.413166940559211771e-02,7.078288464029012714e-05
1.338000000000000000e+03,3.698488087493586041e-01,3.999999999999999556e+00,6.409642273989475669e-02,7.090419541585974729e-05
1.339000000000000000e+03,3.698433103362843699e-01,4.000000000000000000e+00,6.406159922931937978e-02,7.102785450600345471e-05
1.340000000000000000e+03,3.698378399444723907e-01,4.000000000000000888e+00,6.402719972484054167e-02,7.115393689150469948e-05
1.341000000000000000e+03,3.698323975505274919e-01,4.000000000000000000e+00,6.399322505377315340e-02,7.128251511091588972e-05
1.342000000000000000e+03,3.698269831281177367e-01,3.999999999999998668e+00,6.395967601990221185e-02,7.141365899151446274e-05
1.343000000000000000e+03,3.698215966480500327e-01,4.000000000000000888e+00,6.392655340367642269e-02,7.154743544836619209e-05
1.344000000000000000e+03,3.698162380783476810e-01,4.000000000000000000e+00,6.389385796245879157e-02,7.168390834249750297e-05
1.345000000000000000e+03,3.698109073843235950e-01,3.999999999999999112e+00,6.386159043080309738e-02,7.182313841984923851e-05
1.346000000000000000e+03,3.698056045286555182e-01,3.999999999999999112e+00,6.382975152070195779e-02,7.196518336086103339e-05
1.347000000000000000e+03,3.698003294714609090e-01,4.000000000000000000e+00,6.379834192177158414e-02,7.211009797000591333e-05
1.348000000000000000e+03,3.697950821703698265e-01,3.999999999999999112e+00,6.376736230135629513e-02,7.225793450027400756e-05
1.349000000000000000e+03,3.697898625805970951e-01,3.999999999999999556e+00,6.373681330457510452e-02,7.240874307376164948e-05
1.350000000000000000e+03,3.697846706550160234e-01,4.000000000000000000e+00,6.370669555435737319e-02,7.256257212661095337e-05
1.351000000000000000e+03,3.697795063442292918e-01,4.000000000000000000e+00,6.367700965151751324e-02,7.271946881080496158e-05
1.352000000000000000e+03,3.697743695966408950e-01,4.000000000000000000e+00,6.364775617488893644e-02,7.287947930891760671e-05
1.353000000000000000e+03,3.697692603585270299e-01,4.000000000000000000e+00,6.361893568149429301e-02,7.304264906537860224e-05
1.354000000000000000e+03,3.697641785741069276e-01,4.000000000000000000e+00,6.359054870670168003e-02,7.320902296559949783e-05
1.355000000000000000e+03,3.697591241856127420e-01,4.000000000000000000e+00,6.356259576432291003e-02,7.337864549670699026e-05
1.356000000000000000e+03,3.697540971333592719e-01,3.999999999999998668e+00,6.353507734664495810e-02,7.355156089607390473e-05
1.357000000000000000e+03,3.697490973558126282e-01,3.999999999999999556e+00,6.350799392442769975e-02,7.372781326572893799e-05
1.358000000000000000e+03,3.697441247896599559e-01,3.999999999999999556e+00,6.348134594691139110e-02,7.390744661282169900e-05
1.359000000000000000e+03,3.697391793698764362e-01,4.000000000000000000e+00,6.345513384186481087e-02,7.409050479666227885e-05
1.360000000000000000e+03,3.697342610297943977e-01,3.999999999999998668e+00,6.342935801566482179e-02,7.427703139014194434e-05
1.361000000000000000e+03,3.697293697011695413e-01,3.999999999999998668e+00,6.340401885337801358e-02,7.446706949315382961e-05
1.362000000000000000e+03,3.697245053142489413e-01,4.000000000000000000e+00,6.337911671881109321e-02,7.466066154221455637e-05
1.363000000000000000e+03,3.697196677978376034e-01,4.000000000000000000e+00,6.335465195451593645e-02,7.485784914893750378e-05
1.364000000000000000e+03,3.697148570793638012e-01,4.000000000000000000e+00,6.333062488175673910e-02,7.505867297619434194e-05
1.365000000000000000e+03,3.697100730849455230e-01,4.000000000000000000e+00,6.330703580045718426e-02,7.526317264278223253e-05
1.366000000000000000e+03,3.697053157394551981e-01,4.000000000000000000e+00,6.328388498914701288e-02,7.547138664166538988e-05
1.367000000000000000e+03,3.697005849665848665e-01,4.000000000000000888e+00,6.326117270491581068e-02,7.568335226128058372e-05
1.368000000000000000e+03,3.696958806889113491e-01,4.000000000000000000e+00,6.323889918337269322e-02,7.589910551409775701e-05
1.369000000000000000e+03,3.696912028279590867e-01,4.000000000000000000e+00,6.321706463860113367e-02,7.611868108789653596e-05
1.370000000000000000e+03,3.696865513042654205e-01,4.000000000000000000e+00,6.319566926309250210e-02,7.634211233720669784e-05
1.371000000000000000e+03,3.696819260374430427e-01,4.000000000000000888e+00,6.317471322764844910e-02,7.656943132962593828e-05
1.372000000000000000e+03,3.696773269462440004e-01,3.999999999999999556e+00,6.315419668124802599e-02,7.680066894177473155e-05
1.373000000000000000e+03,3.696727539486214242e-01,4.000000000000000000e+00,6.313411975089058825e-02,7.703585498877529121e-05
1.374000000000000000e+03,3.696682069617931998e-01,4.000000000000001776e+00,6.311448254142860981e-02,7.727501835976354665e-05
1.375000000000000000e+03,3.696636859023041399e-01,4.000000000000000000e+00,6.309528513540681172e-02,7.751818713813491606e-05
1.376000000000000000e+03,3.696591906860871024e-01,3.999999999999999112e+00,6.307652759290671707e-02,7.776538869930746682e-05
1.377000000000000000e+03,3.696547212285257178e-01,4.000000000000000888e+00,6.305820995138526619e-02,7.801664979311899028e-05
1.378000000000000000e+03,3.696502774445160622e-01,3.999999999999999556e+00,6.304033222549271231e-02,7.827199662280074873e-05
1.379000000000000000e+03,3.696458592485274419e-01,4.000000000000000888e+00,6.302289440686095756e-02,7.853145492945249142e-05
1.380000000000000000e+03,3.696414665546648992e-01,4.000000000000000000e+00,6.300589646386491050e-02,7.879505007468424723e-05
1.381000000000000000e+03,3.696370992767284980e-01,3.999999999999999556e+00,6.298933834137093735e-02,7.906280710968680643e-05
1.382000000000000000e+03,3.696327573282758294e-01,4.000000000000000000e+00,6.297321996048226012e-02,7.933475081447462164e-05
1.383000000000000000e+03,3.696284406226821861e-01,3.999999999999998668e+00,6.295754121828402161e-02,7.961090570183659983e-05
1.384000000000000000e+03,3.696241490732012358e-01,4.000000000000000000e+00,6.294230198758586636e-02,7.989129599343975795e-05
1.385000000000000000e+03,3.696198825930259724e-01,4.000000000000000000e+00,6.292750211664854820e-02,8.017594557832593660e-05
1.386000000000000000e+03,3.696156410953491123e-01,4.000000000000000888e+00,6.291314142889285754e-02,8.046487796949543909e-05
1.387000000000000000e+03,3.696114244934236570e-01,3.999999999999999112e+00,6.289921972258649685e-02,8.075811626593305359e-05
1.388000000000000000e+03,3.696072327006229008e-01,3.999999999999999112e+00,6.288573677051310928e-02,8.105568312047372378e-05
1.389000000000000000e+03,3.696030656305011042e-01,4.000000000000000888e+00,6.287269231962838711e-02,8.135760070855717037e-05
1.390000000000000000e+03,3.695989231968544453e-01,4.000000000000000000e+00,6.286008609070643793e-02,8.166389069389191305e-05
1.391000000000000000e+03,3.695948053137803058e-01,3.999999999999999556e+00,6.284791777798032220e-02,8.197457418777256261e-05
1.392000000000000000e+03,3.695907118957380555e-01,3.999999999999999112e+00,6.283618704877450001e-02,8.228967170553385714e-05
1.393000000000000000e+03,3.695866428576095597e-01,4.000000000000000888e+00,6.282489354312580099e-02,8.260920312896421873e-05
1.394000000000000000e+03,3.695825981147599082e-01,3.999999999999998224e+00,6.281403687338890651e-02,8.293318768103915368e-05
1.395000000000000000e+03,3.695785775830966458e-01,3.999999999999999556e+00,6.280361662382323573e-02,8.326164391965896854e-05
1.396000000000000000e+03,3.695745811791315560e-01,4.000000000000000888e+00,6.279363235016061084e-02,8.359458974465478961e-05
1.397000000000000000e+03,3.695706088200412243e-01,3.999999999999999112e+00,6.278408357916140381e-02,8.393204241255852727e-05
1.398000000000000000e+03,3.695666604237258790e-01,3.999999999999999556e+00,6.277496980816196781e-02,8.427401854832826486e-05
1.399000000000000000e+03,3.695627359088721198e-01,4.000000000000000000e+00,6.276629050461732251e-02,8.462053415017622461e-05
1.400000000000000000e+03,3.695588351950132022e-01,3.999999999999999556e+00,6.275804510563687266e-02,8.497160458783098121e-05
1.401000000000000000e+03,3.695549582025890456e-01,4.000000000000001776e+00,6.275023301750845550e-02,8.532724459959341930e-05
1.402000000000000000e+03,3.695511048530087939e-01,3.999999999999999556e+00,6.274285361520781645e-02,8.568746829136008410e-05
1.403000000000000000e+03,3.695472750687099905e-01,4.000000000000000000e+00,6.273590624189334664e-02,8.605228913923986271e-05
1.404000000000000000e+03,3.695434687732221390e-01,4.000000000000000000e+00,6.272939020838934343e-02,8.642171998974624029e-05
1.405000000000000000e+03,3.695396858912259330e-01,3.999999999999999556e+00,6.272330479266120806e-02,8.679577305219072733e-05
1.406000000000000000e+03,3.695359263486160395e-01,4.000000000000000888e+00,6.271764923928541124e-02,8.717445987885450950e-05
1.407000000000000000e+03,3.695321900725624387e-01,4.000000000000000000e+00,6.271242275891326934e-02,8.755779133210009639e-05
1.408000000000000000e+03,3.695284769915717638e-01,3.999999999999999112e+00,6.270762452772739304e-02,8.794577754220575029e-05
1.409000000000000000e+03,3.695247870355495845e-01,4.000000000000000000e+00,6.270325368688921264e-02,8.833842786023818577e-05
1.410000000000000000e+03,3.695211201358623021e-01,3.999999999999999556e+00,6.269930934197566474e-02,8.873575081008093328e-05
1.411000000000000000e+03,3.695174762253987666e-01,3.999999999999999556e+00,6.269579056240776049e-02,8.913775404045737652e-05
1.412000000000000000e+03,3.695138552386330044e-01,4.000000000000000888e+00,6.269269638087039687e-02,8.954444427656689238e-05
1.413000000000000000e+03,3.695102571116860579e-01,4.000000000000001776e+00,6.269002579272624220e-02,8.995582726763289808e-05
1.414000000000000000e+03,3.695066817823886574e-01,3.999999999999999556e+00,6.268777775542533348e-02,9.037190773019590625e-05
1.415000000000000000e+03,3.695031291903426163e-01,3.999999999999999112e+00,6.268595118791024656e-02,9.079268928690682934e-05
1.416000000000000000e+03,3.694995992769841697e-01,3.999999999999999556e+00,6.268454497001738068e-02,9.121817440343915249e-05
1.417000000000000000e+03,3.694960919856461468e-01,4.000000000000001776e+00,6.268355794187251140e-02,9.164836432847742176e-05
1.418000000000000000e+03,3.694926072616204205e-01,4.000000000000000888e+00,6.268298890327976547e-02,9.208325903831504167e-05
1.419000000000000000e+03,3.694891450522198584e-01,3.999999999999999556e+00,6.268283661310468380e-02,9.252285718603881707e-05
1.420000000000000000e+03,3.694857053068401620e-01,4.000000000000000888e+00,6.268309978865313492e-02,9.296715605384721891e-05
1.421000000000000000e+03,3.694822879770241486e-01,3.999999999999999556e+00,6.268377710504773048e-02,9.341615150490606141e-05
1.422000000000000000e+03,3.694788930165213148e-01,4.000000000000000000e+00,6.268486719460394929e-02,9.386983793250034183e-05
1.423000000000000000e+03,3.694755203813515632e-01,4.000000000000000888e+00,6.268636864620522053e-02,9.432820820793697079e-05
1.424000000000000000e+03,3.694721700298664313e-01,3.999999999999999112e+00,6.268828000467675798e-02,9.479125362708779110e-05
1.425000000000000000e+03,3.694688419228102094e-01,3.999999999999999112e+00,6.269059977015753460e-02,9.525896386011715599e-05
1.426000000000000000e+03,3.694655360233821129e-01,4.000000000000000000e+00,6.269332639747043912e-02,9.573132690193024408e-05
1.427000000000000000e+03,3.694622522972970113e-01,4.000000000000000000e+00,6.269645829549159999e-02,9.620832902423384072e-05
1.428000000000000000e+03,3.694589907128458250e-01,4.000000000000000000e+00,6.269999382652212405e-02,9.668995472583679490e-05
1.429000000000000000e+03,3.694557512409558098e-01,4.000000000000000888e+00,6.270393130566070949e-02,9.717618668020978944e-05
1.430000000000000000e+03,3.694525338552516192e-01,4.000000000000000000e+00,6.270826900017964500e-02,9.766700567961092774e-05
1.431000000000000000e+03,3.694493385321125922e-01,4.000000000000000000e+00,6.271300512890404244e-02,9.816239057590413816e-05
1.432000000000000000e+03,3.694461652507337046e-01,4.000000000000000888e+00,6.271813786159345649e-02,9.866231822060383733e-05
1.433000000000000000e+03,3.694430139931825785e-01,3.999999999999999112e+00,6.272366531832687664e-02,9.916676340480442425e-05
1.434000000000000000e+03,3.694398847444569922e-01,3.999999999999999112e+00,6.272958556889236814e-02,9.967569880004699932e-05
1.435000000000000000e+03,3.694367774925427783e-01,4.000000000000000000e+00,6.273589663217996049e-02,1.001890948992226345e-04
1.436000000000000000e+03,3.694336922284690017e-01,4.000000000000000000e+00,6.274259647558128039e-02,1.007069199578326715e-04
1.437000000000000000e+03,3.694306289463633597e-01,4.000000000000000000e+00,6.274968301439498575e-02,1.012291399335636812e-04
1.438000000000000000e+03,3.694275876435066941e-01,4.000000000000000000e+00,6.275715411123999887e-02,1.017557184256578083e-04
1.439000000000000000e+03,3.694245683203857267e-01,4.000000000000000000e+00,6.276500757547684439e-02,1.022866166136926985e-04
1.440000000000000000e+03,3.694215709807464054e-01,3.999999999999999556e+00,6.277324116263570397e-02,1.028217931986659124e-04
1.441000000000000000e+03,3.694185956316432540e-01,4.000000000000000000e+00,6.278185257385412998e-02,1.033612043467478582e-04
1.442000000000000000e+03,3.694156422834907749e-01,4.000000000000000000e+00,6.279083945532201727e-02,1.039048036353280429e-04
1.443000000000000000e+03,3.694127109501108563e-01,4.000000000000000888e+00,6.280019939773748283e-02,1.044525420026228051e-04
1.444000000000000000e+03,3.694098016487807334e-01,4.000000000000000888e+00,6.280992993577179384e-02,1.050043676977748289e-04
1.445000000000000000e+03,3.694069144002776195e-01,4.000000000000000000e+00,6.282002854754829835e-02,1.055602262325437517e-04
1.446000000000000000e+03,3.694040492289230593e-01,3.999999999999998668e+00,6.283049265413108431e-02,1.061200603342163086e-04
1.447000000000000000e+03,3.694012061626252841e-01,4.000000000000000000e+00,6.284131961902737762e-02,1.066838099001400170e-04
1.448000000000000000e+03,3.693983852329202344e-01,4.000000000000000000e+00,6.285250674770213875e-02,1.072514119548061850e-04
1.449000000000000000e+03,3.693955864750088081e-01,4.000000000000000000e+00,6.286405128710663426e-02,1.078228006098610526e-04
1.450000000000000000e+03,3.693928099277951071e-01,3.999999999999999112e+00,6.287595042521998412e-02,1.083979070270215506e-04
1.451000000000000000e+03,3.693900556339195229e-01,4.000000000000000000e+00,6.288820129060677944e-02,1.089766593820447012e-04
1.452000000000000000e+03,3.693873236397924309e-01,4.000000000000000000e+00,6.290080095198924415e-02,1.095589828307210340e-04
1.453000000000000000e+03,3.693846139956235564e-01,4.000000000000000000e+00,6.291374641783678556e-02,1.101447994757852778e-04
1.454000000000000000e+03,3.693819267554493413e-01,4.000000000000000000e+00,6.292703463597135172e-02,1.107340283346946850e-04
1.455000000000000000e+03,3.693792619771593122e-01,4.000000000000000000e+00,6.294066249319038575e-02,1.113265853100647092e-04
1.456000000000000000e+03,3.693766197225173964e-01,4.000000000000000000e+00,6.295462681490794632e-02,1.119223831614078247e-04
1.457000000000000000e+03,3.693740000571821280e-01,4.000000000000000000e+00,6.296892436481321687e-02,1.125213314797902334e-04
1.458000000000000000e+03,3.693714030507246893e-01,4.000000000000000000e+00,6.298355184454840217e-02,1.131233366652071811e-04
1.459000000000000000e+03,3.693688287766408451e-01,4.000000000000000888e+00,6.299850589340606766e-02,1.137283019053994358e-04
1.460000000000000000e+03,3.693662773123644327e-01,4.000000000000000000e+00,6.301378308804651829e-02,1.143361271570367152e-04
1.461000000000000000e+03,3.693637487392725238e-01,4.000000000000000888e+00,6.302937994223609119e-02,1.149467091284163270e-04
1.462000000000000000e+03,3.693612431426923637e-01,4.000000000000000888e+00,6.304529290660644547e-02,1.155599412651403708e-04
1.463000000000000000e+03,3.693587606119006495e-01,4.000000000000001776e+00,6.306151836843580660e-02,1.161757137372057628e-04
1.464000000000000000e+03,3.693563012401221979e-01,4.000000000000000000e+00,6.307805265145167983e-02,1.167939134310743137e-04
1.465000000000000000e+03,3.693538651245225068e-01,4.000000000000000000e+00,6.309489201565639249e-02,1.174144239433008317e-04
1.466000000000000000e+03,3.693514523661993731e-01,4.000000000000000888e+00,6.311203265717553468e-02,1.180371255782631151e-04
1.467000000000000000e+03,3.693490630701684596e-01,3.999999999999999556e+00,6.312947070812993666e-02,1.186618953485233031e-04
1.468000000000000000e+03,3.693466973453449764e-01,4.000000000000000000e+00,6.314720223653211284e-02,1.192886069774580282e-04
1.469000000000000000e+03,3.693443553045229200e-01,3.999999999999999112e+00,6.316522324620645057e-02,1.199171309051494968e-04
1.470000000000000000e+03,3.693420370643474282e-01,3.999999999999999556e+00,6.318352967673503129e-02,1.205473342969583841e-04
1.471000000000000000e+03,3.693397427452860260e-01,4.000000000000000000e+00,6.320211740342830675e-02,1.211790810554837764e-04
1.472000000000000000e+03,3.693374724715924873e-01,4.000000000000000000e+00,6.322098223732074140e-02,1.218122318357752327e-04
1.473000000000000000e+03,3.693352263712680328e-01,3.999999999999998224e+00,6.324011992519379399e-02,1.224466440635133642e-04
1.474000000000000000e+03,3.693330045760158109e-01,3.999999999999999556e+00,6.325952614962394860e-02,1.230821719568094940e-04
1.475000000000000000e+03,3.693308072211942683e-01,4.000000000000000888e+00,6.327919652905780734e-02,1.237186665498090916e-04
1.476000000000000000e+03,3.693286344457614168e-01,4.000000000000000000e+00,6.329912661791463335e-02,1.243559757199547947e-04
1.477000000000000000e+03,3.693264863922166019e-01,3.999999999999999556e+00,6.331931190671612197e-02,1.249939442171126469e-04
1.478000000000000000e+03,3.693243632065364990e-01,4.000000000000000000e+00,6.333974782224313649e-02,1.256324136960185829e-04
1.479000000000000000e+03,3.693222650381067784e-01,4.000000000000000000e+00,6.336042972772117088e-02,1.262712227515418325e-04
1.480000000000000000e+03,3.693201920396462778e-01,4.000000000000001776e+00,6.338135292303315182e-02,1.269102069572987271e-04
1.481000000000000000e+03,3.693181443671292863e-01,3.999999999999999112e+00,6.340251264496059302e-02,1.275491989064978209e-04
1.482000000000000000e+03,3.693161221796978921e-01,4.000000000000000000e+00,6.342390406745387899e-02,1.281880282563084528e-04
1.483000000000000000e+03,3.693141256395737759e-01,4.000000000000001776e+00,6.344552230193030440e-02,1.288265217741354162e-04
1.484000000000000000e+03,3.693121549119608993e-01,3.999999999999999112e+00,6.346736239760192300e-02,1.294645033872259519e-04
1.485000000000000000e+03,3.693102101649425317e-01,4.000000000000000000e+00,6.348941934183173486e-02,1.301017942348486585e-04
1.486000000000000000e+03,3.693082915693755020e-01,4.000000000000000888e+00,6.351168806051912807e-02,1.307382127230863052e-04
1.487000000000000000e+03,3.693063992987756228e-01,3.999999999999999556e+00,6.353416341851467197e-02,1.313735745828567211e-04
1.488000000000000000e+03,3.693045335291983422e-01,3.999999999999999112e+00,6.355684022006392875e-02,1.320076929309597479e-04
1.489000000000000000e+03,3.693026944391135657e-01,3.999999999999999556e+00,6.357971320928046399e-02,1.326403783341596591e-04
1.490000000000000000e+03,3.693008822092748722e-01,4.000000000000000000e+00,6.360277707064861119e-02,1.332714388749617817e-04
1.491000000000000000e+03,3.692990970225819569e-01,4.000000000000000888e+00,6.362602642955511589e-02,1.339006802216673522e-04
1.492000000000000000e+03,3.692973390639375797e-01,4.000000000000000000e+00,6.364945585285051999e-02,1.345279056997945757e-04
1.493000000000000000e+03,3.692956085200984617e-01,3.999999999999999112e+00,6.367305984943941177e-02,1.351529163668907171e-04
1.494000000000000000e+03,3.692939055795191328e-01,3.999999999999999112e+00,6.369683287090031898e-02,1.357755110901356335e-04
1.495000000000000000e+03,3.692922304321916149e-01,4.000000000000000000e+00,6.372076931213437045e-02,1.363954866263360265e-04
1.496000000000000000e+03,3.692905832694776680e-01,4.000000000000000888e+00,6.374486351204290691e-02,1.370126377049028224e-04
1.497000000000000000e+03,3.692889642839352615e-01,4.000000000000000000e+00,6.376910975423423500e-02,1.376267571132749196e-04
1.498000000000000000e+03,3.692873736691384412e-01,3.999999999999999112e+00,6.379350226775924726e-02,1.382376357843696888e-04
1.499000000000000000e+03,3.692858116194922546e-01,4.000000000000000000e+00,6.381803522787513061e-02,1.388450628878319486e-04
1.500000000000000000e+03,3.692842783300411824e-01,4.000000000000000000e+00,6.384270275683746887e-02,1.394488259212809896e-04
1.501000000000000000e+03,3.692827739962712408e-01,3.999999999999999556e+00,6.386749892472097512e-02,1.400487108063228027e-04
1.502000000000000000e+03,3.692812988139062558e-01,3.999999999999998668e+00,6.389241775026760495e-02,1.406445019851102895e-04
1.503000000000000000e+03,3.692798529786986972e-01,4.000000000000000000e+00,6.391745320176243916e-02,1.412359825202589441e-04
1.504000000000000000e+03,3.692784366862148504e-01,4.000000000000000000e+00,6.394259919793671143e-02,1.418229341963978094e-04
1.505000000000000000e+03,3.692770501316130494e-01,3.999999999999998668e+00,6.396784960889793925e-02,1.424051376240853485e-04
1.506000000000000000e+03,3.692756935094171356e-01,4.000000000000001776e+00,6.399319825708688070e-02,1.429823723456615675e-04
1.507000000000000000e+03,3.692743670132855316e-01,3.999999999999999112e+00,6.401863891826040098e-02,1.435544169425771992e-04
1.508000000000000000e+03,3.692730708357715441e-01,3.999999999999999112e+00,6.404416532250077621e-02,1.441210491456519421e-04
1.509000000000000000e+03,3.692718051680817237e-01,4.000000000000000888e+00,6.406977115524999100e-02,1.446820459463222218e-04
1.510000000000000000e+03,3.692705701998280632e-01,3.999999999999999556e+00,6.409545005836907172e-02,1.452371837100659504e-04
1.511000000000000000e+03,3.692693661187729237e-01,3.999999999999999112e+00,6.412119563122316290e-02,1.457862382920409555e-04
1.512000000000000000e+03,3.692681931105723514e-01,4.000000000000000000e+00,6.414700143178897473e-02,1.463289851535256095e-04
1.513000000000000000e+03,3.692670513585126768e-01,4.000000000000000000e+00,6.417286097778787668e-02,1.468651994808297875e-04
1.514000000000000000e+03,3.692659410432423961e-01,4.000000000000000000e+00,6.419876774784043227e-02,1.473946563053154786e-04
1.515000000000000000e+03,3.692648623424999998e-01,4.000000000000001776e+00,6.422471518264548374e-02,1.479171306247427798e-04
1.516000000000000000e+03,3.692638154308387488e-01,3.999999999999999556e+00,6.425069668617926222e-02,1.484323975262027561e-04
1.517000000000000000e+03,3.692628004793437890e-01,4.000000000000000000e+00,6.427670562691836786e-02,1.489402323108764484e-04
1.518000000000000000e+03,3.692618176553504883e-01,4.000000000000000000e+00,6.430273533908194283e-02,1.494404106190307807e-04
1.519000000000000000e+03,3.692608671221544459e-01,4.000000000000000000e+00,6.432877912389556307e-02,1.499327085566987746e-04
1.520000000000000000e+03,3.692599490387204475e-01,4.000000000000000000e+00,6.435483025087453124e-02,1.504169028242889931e-04
1.521000000000000000e+03,3.692590635593887005e-01,3.999999999999999112e+00,6.438088195912608502e-02,1.508927708442648480e-04
1.522000000000000000e+03,3.692582108335755176e-01,3.999999999999999112e+00,6.440692745867128421e-02,1.513600908912362023e-04
1.523000000000000000e+03,3.692573910054741670e-01,3.999999999999999556e+00,6.443295993178385639e-02,1.518186422222131697e-04
1.524000000000000000e+03,3.692566042137521709e-01,4.000000000000000000e+00,6.445897253434682006e-02,1.522682052075525832e-04
1.525000000000000000e+03,3.692558505912454381e-01,4.000000000000000000e+00,6.448495839722641343e-02,1.527085614626822439e-04
1.526000000000000000e+03,3.692551302646519540e-01,3.999999999999999112e+00,6.451091062766110829e-02,1.531394939798706788e-04
1.527000000000000000e+03,3.692544433542233606e-01,4.000000000000000000e+00,6.453682231066663888e-02,1.535607872609934699e-04
1.528000000000000000e+03,3.692537899734551488e-01,4.000000000000000000e+00,6.456268651045560247e-02,1.539722274500016997e-04
1.529000000000000000e+03,3.692531702287756290e-01,4.000000000000000888e+00,6.458849627187111808e-02,1.543736024662161778e-04
1.530000000000000000e+03,3.692525842192356800e-01,4.000000000000000000e+00,6.461424462183351647e-02,1.547647021362890220e-04
1.531000000000000000e+03,3.692520320361954989e-01,3.999999999999999556e+00,6.463992457080025567e-02,1.551453183278214383e-04
1.532000000000000000e+03,3.692515137630140165e-01,3.999999999999999556e+00,6.466552911423725791e-02,1.555152450817061003e-04
1.533000000000000000e+03,3.692510294747372024e-01,4.000000000000000888e+00,6.469105123410170965e-02,1.558742787443111806e-04
1.534000000000000000e+03,3.692505792377877016e-01,4.000000000000000888e+00,6.471648390033511722e-02,1.562222181000208683e-04
1.535000000000000000e+03,3.692501631096549164e-01,3.999999999999999112e+00,6.474182007236677083e-02,1.565588645020602712e-04
1.536000000000000000e+03,3.692497811385869744e-01,4.000000000000000000e+00,6.476705270062550757e-02,1.568840220039369594e-04
1.537000000000000000e+03,3.692494333632845849e-01,3.999999999999999556e+00,6.479217472806039768e-02,1.571974974890688809e-04
1.538000000000000000e+03,3.692491198125963936e-01,4.000000000000000000e+00,6.481717909166925806e-02,1.574991008001733206e-04
1.539000000000000000e+03,3.692488405052181122e-01,4.000000000000000000e+00,6.484205872403338289e-02,1.577886448677403848e-04
1.540000000000000000e+03,3.692485954493928690e-01,4.000000000000000888e+00,6.486680655485964342e-02,1.580659458368097918e-04
1.541000000000000000e+03,3.692483846426168892e-01,3.999999999999998668e+00,6.489141551252711193e-02,1.583308231933232507e-04
1.542000000000000000e+03,3.692482080713461734e-01,4.000000000000000000e+00,6.491587852563948657e-02,1.585830998887266942e-04
1.543000000000000000e+03,3.692480657107113373e-01,3.999999999999999556e+00,6.494018852458095792e-02,1.588226024629970571e-04
1.544000000000000000e+03,3.692479575242320622e-01,4.000000000000000888e+00,6.496433844307636374e-02,1.590491611663792616e-04
1.545000000000000000e+03,3.692478834635405938e-01,4.000000000000000000e+00,6.498832121975343934e-02,1.592626100790678519e-04
1.546000000000000000e+03,3.692478434681085719e-01,4.000000000000000000e+00,6.501212979970825978e-02,1.594627872292665011e-04
1.547000000000000000e+03,3.692478374649791339e-01,3.999999999999999112e+00,6.503575713607127884e-02,1.596495347096528732e-04
1.548000000000000000e+03,3.692478653685066226e-01,4.000000000000000000e+00,6.505919619157507494e-02,1.598226987910556483e-04
1.549000000000000000e+03,3.692479270801021229e-01,4.000000000000001776e+00,6.508243994012168077e-02,1.599821300344581097e-04
1.550000000000000000e+03,3.692480224879857165e-01,3.999999999999999112e+00,6.510548136835050959e-02,1.601276834005262259e-04
1.551000000000000000e+03,3.692481514669452292e-01,3.999999999999999112e+00,6.512831347720468567e-02,1.602592183565404753e-04
1.552000000000000000e+03,3.692483138781051943e-01,4.000000000000000000e+00,6.515092928349620893e-02,1.603765989813056331e-04
1.553000000000000000e+03,3.692485095687016994e-01,3.999999999999999556e+00,6.517332182146882980e-02,1.604796940666293578e-04
1.554000000000000000e+03,3.692487383718655591e-01,4.000000000000000888e+00,6.519548414435881456e-02,1.605683772165432508e-04
1.555000000000000000e+03,3.692490001064167582e-01,4.000000000000000000e+00,6.521740932595196383e-02,1.606425269436834418e-04
1.556000000000000000e+03,3.692492945766651657e-01,3.999999999999999556e+00,6.523909046213745289e-02,1.607020267624279203e-04
1.557000000000000000e+03,3.692496215722227415e-01,4.000000000000000000e+00,6.526052067245712018e-02,1.607467652788959942e-04
1.558000000000000000e+03,3.692499808678253448e-01,4.000000000000000000e+00,6.528169310165057859e-02,1.607766362780367760e-04
1.559000000000000000e+03,3.692503722231648133e-01,3.999999999999999112e+00,6.530260092119438697e-02,1.607915388068217768e-04
1.560000000000000000e+03,3.692507953827310896e-01,3.999999999999998668e+00,6.532323733083664208e-02,1.607913772548598375e-04
1.561000000000000000e+03,3.692512500756668925e-01,3.999999999999999112e+00,6.534359556012454828e-02,1.607760614307701186e-04
1.562000000000000000e+03,3.692517360156317152e-01,3.999999999999999556e+00,6.536366886992656111e-02,1.607455066351480392e-04
1.563000000000000000e+03,3.692522529006802001e-01,3.999999999999999112e+00,6.538345055394619021e-02,1.606996337301743361e-04
1.564000000000000000e+03,3.692528004131486741e-01,4.000000000000000888e+00,6.540293394023051488e-02,1.606383692050826874e-04
1.565000000000000000e+03,3.692533782195588365e-01,4.000000000000000000e+00,6.542211239266894351e-02,1.605616452375204601e-04
1.566000000000000000e+03,3.692539859705292193e-01,3.999999999999999112e+00,6.544097931248570033e-02,1.604693997518556118e-04
1.567000000000000000e+03,3.692546233007025780e-01,4.000000000000000000e+00,6.545952813972323592e-02,1.603615764723398125e-04
1.568000000000000000e+03,3.692552898286860508e-01,3.999999999999999112e+00,6.547775235471679778e-02,1.602381249730126171e-04
1.569000000000000000e+03,3.692559851570028640e-01,3.999999999999999556e+00,6.549564547956063243e-02,1.600990007229772605e-04
1.570000000000000000e+03,3.692567088720598578e-01,3.999999999999999112e+00,6.551320107956447314e-02,1.599441651279644421e-04
1.571000000000000000e+03,3.692574605441275026e-01,3.999999999999999556e+00,6.553041276470068788e-02,1.597735855667739059e-04
1.572000000000000000e+03,3.692582397273345696e-01,3.999999999999999112e+00,6.554727419104179609e-02,1.595872354244146248e-04
1.573000000000000000e+03,3.692590459596757912e-01,4.000000000000000888e+00,6.556377906218777141e-02,1.593850941197239566e-04
1.574000000000000000e+03,3.692598787630358426e-01,4.000000000000000000e+00,6.557992113068335238e-02,1.591671471297062209e-04
1.575000000000000000e+03,3.692607376432258115e-01,4.000000000000001776e+00,6.559569419942434809e-02,1.589333860085609352e-04
1.576000000000000000e+03,3.692616220900361568e-01,4.000000000000000000e+00,6.561109212305388239e-02,1.586838084023778198e-04
1.577000000000000000e+03,3.692625315773023220e-01,4.000000000000000000e+00,6.562610880934767466e-02,1.584184180596303574e-04
1.578000000000000000e+03,3.692634655629872809e-01,3.999999999999999556e+00,6.564073822058819063e-02,1.581372248372665964e-04
1.579000000000000000e+03,3.692644234892773492e-01,4.000000000000000000e+00,6.565497437492709421e-02,1.578402447011632696e-04
1.580000000000000000e+03,3.692654047826942065e-01,4.000000000000000000e+00,6.566881134773763784e-02,1.575274997232392409e-04
1.581000000000000000e+03,3.692664088542212952e-01,4.000000000000000888e+00,6.568224327295402176e-02,1.571990180734122165e-04
1.582000000000000000e+03,3.692674350994449295e-01,3.999999999999999556e+00,6.569526434440010887e-02,1.568548340072689802e-04
1.583000000000000000e+03,3.692684828987111145e-01,4.000000000000000000e+00,6.570786881710620475e-02,1.564949878485040024e-04
1.584000000000000000e+03,3.692695516172967984e-01,3.999999999999999556e+00,6.572005100861320892e-02,1.561195259679422419e-04
1.585000000000000000e+03,3.692706406055968893e-01,3.999999999999999112e+00,6.573180530026584423e-02,1.557285007566861954e-04
1.586000000000000000e+03,3.692717491993246504e-01,3.999999999999999556e+00,6.574312613849253584e-02,1.553219705962105937e-04
1.587000000000000000e+03,3.692728767197287487e-01,4.000000000000000000e+00,6.575400803607428513e-02,1.548999998226427367e-04
1.588000000000000000e+03,3.692740224738237376e-01,3.999999999999999112e+00,6.576444557339954089e-02,1.544626586875363038e-04
1.589000000000000000e+03,3.692751857546350824e-01,4.000000000000000000e+00,6.577443339970806546e-02,1.540100233138261819e-04
1.590000000000000000e+03,3.692763658414595085e-01,4.000000000000000000e+00,6.578396623432122836e-02,1.535421756476870704e-04
1.591000000000000000e+03,3.692775620001389481e-01,4.000000000000000000e+00,6.579303886785969890e-02,1.530592034058382740e-04
1.592000000000000000e+03,3.692787734833478108e-01,4.000000000000000888e+00,6.580164616344842676e-02,1.525612000188519639e-04
1.593000000000000000e+03,3.692799995308968519e-01,3.999999999999999556e+00,6.580978305790825822e-02,1.520482645700517714e-04
1.594000000000000000e+03,3.692812393700463103e-01,4.000000000000000000e+00,6.581744456293527057e-02,1.515205017309659773e-04
1.595000000000000000e+03,3.692824922158369216e-01,4.000000000000000000e+00,6.582462576626522954e-02,1.509780216917041412e-04
1.596000000000000000e+03,3.692837572714310346e-01,4.000000000000000000e+00,6.583132183282634775e-02,1.504209400884605680e-04
1.597000000000000000e+03,3.692850337284676598e-01,3.999999999999998224e+00,6.583752800587720777e-02,1.498493779265747138e-04
1.598000000000000000e+03,3.692863207674292880e-01,3.999999999999999112e+00,6.584323960813202870e-02,1.492634615001034698e-04
1.599000000000000000e+03,3.692876175580233067e-01,4.000000000000000000e+00,6.584845204287054221e-02,1.486633223073842826e-04
1.600000000000000000e+03,3.692889232595713556e-01,3.999999999999999556e+00,6.585316079503562847e-02,1.480490969637573951e-04
1.601000000000000000e+03,3.692902370214135033e-01,4.000000000000000000e+00,6.585736143231520068e-02,1.474209271099920975e-04
1.602000000000000000e+03,3.692915579833224160e-01,4.000000000000000000e+00,6.586104960621046167e-02,1.467789593182628990e-04
1.603000000000000000e+03,3.692928852759270741e-01,4.000000000000001776e+00,6.586422105308950559e-02,1.461233449941256983e-04
1.604000000000000000e+03,3.692942180211494785e-01,4.000000000000001776e+00,6.586687159522547352e-02,1.454542402759148806e-04
1.605000000000000000e+03,3.692955553326486839e-01,3.999999999999999112e+00,6.586899714182017918e-02,1.447718059309544870e-04
1.606000000000000000e+03,3.692968963162749363e-01,4.000000000000000000e+00,6.587059369001248277e-02,1.440762072491768664e-04
1.607000000000000000e+03,3.692982400705350221e-01,3.999999999999999112e+00,6.587165732587052513e-02,1.433676139336112086e-04
1.608000000000000000e+03,3.692995856870622262e-01,4.000000000000000000e+00,6.587218422536873785e-02,1.426461999886954337e-04
1.609000000000000000e+03,3.693009322510983350e-01,4.000000000000000888e+00,6.587217065534821392e-02,1.419121436058652967e-04
1.610000000000000000e+03,3.693022788419806357e-01,3.999999999999999556e+00,6.587161297446113284e-02,1.411656270471906818e-04
1.611000000000000000e+03,3.693036245336364654e-01,4.000000000000000000e+00,6.587050763409835197e-02,1.404068365264494122e-04
1.612000000000000000e+03,3.693049683950855311e-01,4.000000000000000000e+00,6.586885117929970612e-02,1.396359620885747558e-04
1.613000000000000000e+03,3.693063094909473376e-01,3.999999999999999556e+00,6.586664024964719588e-02,1.388531974866232530e-04
1.614000000000000000e+03,3.693076468819538327e-01,4.000000000000000000e+00,6.586387158014080090e-02,1.380587400580892039e-04
1.615000000000000000e+03,3.693089796254686030e-01,3.999999999999999112e+00,6.586054200205512799e-02,1.372527905983979800e-04
1.616000000000000000e+03,3.693103067760087899e-01,3.999999999999999112e+00,6.585664844377940585e-02,1.364355532340047407e-04
1.617000000000000000e+03,3.693116273857720566e-01,4.000000000000000888e+00,6.585218793163706563e-02,1.356072352935083281e-04
1.618000000000000000e+03,3.693129405051674419e-01,3.999999999999999112e+00,6.584715759068683616e-02,1.347680471780735218e-04
1.619000000000000000e+03,3.693142451833467677e-01,4.000000000000000000e+00,6.584155464550441039e-02,1.339182022308653419e-04
1.620000000000000000e+03,3.693155404687418764e-01,4.000000000000000000e+00,6.583537642094387798e-02,1.330579166054166593e-04
1.621000000000000000e+03,3.693168254096003134e-01,4.000000000000000000e+00,6.582862034287863262e-02,1.321874091334888338e-04
1.622000000000000000e+03,3.693180990545243958e-01,3.999999999999999112e+00,6.582128393892169860e-02,1.313069011923583202e-04
1.623000000000000000e+03,3.693193604530097263e-01,3.999999999999999556e+00,6.581336483912504642e-02,1.304166165721228456e-04
1.624000000000000000e+03,3.693206086559847057e-01,4.000000000000000000e+00,6.580486077665624600e-02,1.295167813420951481e-04
1.625000000000000000e+03,3.693218427163492135e-01,4.000000000000000000e+00,6.579576958845394230e-02,1.286076237178745052e-04
1.626000000000000000e+03,3.693230616895121221e-01,4.000000000000000000e+00,6.578608921586019675e-02,1.276893739280364059e-04
1.627000000000000000e+03,3.693242646339270907e-01,4.000000000000000888e+00,6.577581770523030502e-02,1.267622640812576655e-04
1.628000000000000000e+03,3.693254506116275815e-01,4.000000000000000000e+00,6.576495320851777349e-02,1.258265280338190326e-04
1.629000000000000000e+03,3.693266186887573244e-01,4.000000000000000888e+00,6.575349398383707744e-02,1.248824012577197471e-04
1.630000000000000000e+03,3.693277679360996713e-01,3.999999999999999112e+00,6.574143839600073147e-02,1.239301207092176468e-04
1.631000000000000000e+03,3.693288974296010108e-01,3.999999999999999556e+00,6.572878491703185166e-02,1.229699246984277002e-04
1.632000000000000000e+03,3.693300062508926285e-01,4.000000000000000000e+00,6.571553212665107169e-02,1.220020527602680259e-04
1.633000000000000000e+03,3.693310934878060725e-01,3.999999999999999556e+00,6.570167871273782656e-02,1.210267455252731107e-04
1.634000000000000000e+03,3.693321582348829679e-01,4.000000000000000888e+00,6.568722347176587928e-02,1.200442445931403020e-04
1.635000000000000000e+03,3.693331995938818335e-01,4.000000000000000000e+00,6.567216530921042572e-02,1.190547924070238701e-04
1.636000000000000000e+03,3.693342166742753507e-01,4.000000000000000888e+00,6.565650323993013626e-02,1.180586321286085453e-04
1.637000000000000000e+03,3.693352085937433582e-01,4.000000000000000888e+00,6.564023638852024833e-02,1.170560075163519466e-04
1.638000000000000000e+03,3.693361744786585188e-01,3.999999999999999556e+00,6.562336398963726503e-02,1.160471628038283837e-04
1.639000000000000000e+03,3.693371134645628273e-01,3.999999999999998224e+00,6.560588538829660588e-02,1.150323425814538521e-04
1.640000000000000000e+03,3.693380246966385116e-01,4.000000000000000000e+00,6.558780004014024001e-02,1.140117916792850655e-04
1.641000000000000000e+03,3.693389073301700520e-01,3.999999999999999112e+00,6.556910751167492613e-02,1.129857550519915279e-04
1.642000000000000000e+03,3.693397605309953202e-01,3.999999999999998224e+00,6.554980748048196137e-02,1.119544776665300066e-04
1.643000000000000000e+03,3.693405834759503348e-01,4.000000000000001776e+00,6.552989973539552482e-02,1.109182043916313436e-04
1.644000000000000000e+03,3.693413753533041910e-01,4.000000000000000000e+00,6.550938417665137792e-02,1.098771798902465165e-04
1.645000000000000000e+03,3.693421353631812232e-01,4.000000000000000888e+00,6.548826081600518656e-02,1.088316485143932304e-04
1.646000000000000000e+03,3.693428627179776158e-01,4.000000000000001776e+00,6.546652977681849395e-02,1.077818542019673962e-04
1.647000000000000000e+03,3.693435566427639150e-01,3.999999999999999112e+00,6.544419129411499503e-02,1.067280403776242435e-04
1.648000000000000000e+03,3.693442163756768259e-01,4.000000000000001776e+00,6.542124571460417037e-02,1.056704498557585296e-04
1.649000000000000000e+03,3.693448411683040167e-01,4.000000000000000000e+00,6.539769349667301501e-02,1.046093247456899211e-04
1.650000000000000000e+03,3.693454302860516569e-01,3.999999999999999112e+00,6.537353521034637571e-02,1.035449063617733232e-04
1.651000000000000000e+03,3.693459830085042972e-01,4.000000000000000000e+00,6.534877153721463383e-02,1.024774351350289897e-04
1.652000000000000000e+03,3.693464986297724240e-01,4.000000000000000000e+00,6.532340327032841454e-02,1.014071505286635763e-04
1.653000000000000000e+03,3.693469764588266369e-01,3.999999999999999556e+00,6.529743131406114121e-02,1.003342909564407763e-04
1.654000000000000000e+03,3.693474158198197799e-01,4.000000000000000888e+00,6.527085668393940721e-02,9.925909370565298457e-05
1.655000000000000000e+03,3.693478160523984699e-01,4.000000000000000000e+00,6.524368050643873651e-02,9.818179486170058921e-05
1.656000000000000000e+03,3.693481765119992488e-01,3.999999999999999112e+00,6.521590401874799436e-02,9.710262923794685599e-05
1.657000000000000000e+03,3.693484965701333556e-01,4.000000000000000888e+00,6.518752856849997779e-02,9.602183030826513029e-05
1.658000000000000000e+03,3.693487756146597856e-01,4.000000000000000000e+00,6.515855561346869940e-02,9.493963014325214691e-05
1.659000000000000000e+03,3.693490130500424184e-01,4.000000000000000000e+00,6.512898672123450250e-02,9.385625935128143519e-05
1.660000000000000000e+03,3.693492082975963209e-01,3.999999999999999556e+00,6.509882356881516174e-02,9.277194702205816823e-05
1.661000000000000000e+03,3.693493607957199498e-01,3.999999999999999112e+00,6.506806794226387136e-02,9.168692067477315715e-05
1.662000000000000000e+03,3.693494700001141995e-01,4.000000000000000000e+00,6.503672173623548103e-02,9.060140621064275476e-05
1.663000000000000000e+03,3.693495353839880702e-01,4.000000000000000000e+00,6.500478695351831482e-02,8.951562786910546149e-05
1.664000000000000000e+03,3.693495564382511254e-01,4.000000000000000000e+00,6.497226570453461247e-02,8.842980818807088606e-05
1.665000000000000000e+03,3.693495326716920713e-01,4.000000000000000000e+00,6.493916020680748358e-02,8.734416796890141115e-05
1.666000000000000000e+03,3.693494636111446239e-01,4.000000000000000000e+00,6.490547278439574852e-02,8.625892624580353983e-05
1.667000000000000000e+03,3.693493488016390547e-01,4.000000000000001776e+00,6.487120586729705485e-02,8.517430025896769472e-05
1.668000000000000000e+03,3.693491878065421341e-01,4.000000000000000000e+00,6.483636199081831142e-02,8.409050543304031320e-05
1.669000000000000000e+03,3.693489802076812545e-01,4.000000000000000000e+00,6.480094379491520284e-02,8.300775536017803856e-05
1.670000000000000000e+03,3.693487256054571732e-01,4.000000000000000888e+00,6.476495402349956299e-02,8.192626178740185683e-05
1.671000000000000000e+03,3.693484236189438774e-01,4.000000000000000000e+00,6.472839552371638383e-02,8.084623460909475662e-05
1.672000000000000000e+03,3.693480738859729051e-01,4.000000000000000000e+00,6.469127124519040428e-02,7.976788186496810464e-05
1.673000000000000000e+03,3.693476760632077860e-01,4.000000000000000000e+00,6.465358423924093267e-02,7.869140974196912322e-05
1.674000000000000000e+03,3.693472298262034936e-01,3.999999999999999112e+00,6.461533765806844187e-02,7.761702258276107250e-05
1.675000000000000000e+03,3.693467348694534080e-01,4.000000000000000000e+00,6.457653475391068876e-02,7.654492289889450434e-05
1.676000000000000000e+03,3.693461909064249538e-01,4.000000000000000888e+00,6.453717887817038423e-02,7.547531138951740694e-05
1.677000000000000000e+03,3.693455976695815268e-01,3.999999999999999556e+00,6.449727348051323417e-02,7.440838696622392604e-05
1.678000000000000000e+03,3.693449549103914875e-01,3.999999999999999112e+00,6.445682210793959865e-02,7.334434678339915082e-05
1.679000000000000000e+03,3.693442623993273277e-01,4.000000000000001776e+00,6.441582840382688302e-02,7.228338627484986014e-05
1.680000000000000000e+03,3.693435199258511825e-01,4.000000000000001776e+00,6.437429610694569981e-02,7.122569919680301839e-05
1.681000000000000000e+03,3.693427272983887399e-01,3.999999999999999112e+00,6.433222905044978790e-02,7.017147767717182741e-05
1.682000000000000000e+03,3.693418843442907162e-01,4.000000000000000000e+00,6.428963116083963314e-02,6.912091227225487865e-05
1.683000000000000000e+03,3.693409909097867816e-01,4.000000000000000000e+00,6.424650645690072048e-02,6.807419202974430495e-05
1.684000000000000000e+03,3.693400468599227215e-01,4.000000000000000888e+00,6.420285904861723625e-02,6.703150455938674623e-05
1.685000000000000000e+03,3.693390520784915476e-01,3.999999999999998668e+00,6.415869313606152591e-02,6.599303611169049120e-05
1.686000000000000000e+03,3.693380064679503416e-01,4.000000000000000000e+00,6.411401300826057026e-02,6.495897166398391636e-05
1.687000000000000000e+03,3.693369099493300500e-01,3.999999999999999112e+00,6.406882304203878609e-02,6.392949501524093289e-05
1.688000000000000000e+03,3.693357624621317892e-01,4.000000000000000000e+00,6.402312770083960769e-02,6.290478888984298348e-05
1.689000000000000000e+03,3.693345639642153788e-01,4.000000000000000000e+00,6.397693153352500273e-02,6.188503505013746950e-05
1.690000000000000000e+03,3.693333144316774952e-01,4.000000000000000000e+00,6.393023917315447668e-02,6.087041441908472690e-05
1.691000000000000000e+03,3.693320138587201651e-01,4.000000000000000000e+00,6.388305533574395456e-02,5.986110721267603530e-05
1.692000000000000000e+03,3.693306622575105447e-01,4.000000000000000000e+00,6.383538481900519201e-02,5.885729308388436016e-05
1.693000000000000000e+03,3.693292596580313725e-01,3.999999999999999112e+00,6.378723250106675680e-02,5.785915127684160156e-05
1.694000000000000000e+03,3.693278061079229846e-01,3.999999999999998224e+00,6.373860333917673315e-02,5.686686079418740180e-05
1.695000000000000000e+03,3.693263016723170034e-01,3.999999999999999112e+00,6.368950236838870349e-02,5.588060057594373362e-05
1.696000000000000000e+03,3.693247464336620878e-01,3.999999999999999112e+00,6.363993470023079913e-02,5.490054969289204093e-05
1.697000000000000000e+03,3.693231404915413574e-01,4.000000000000000000e+00,6.358990552135916630e-02,5.392688755336457607e-05
1.698000000000000000e+03,3.693214839624833767e-01,3.999999999999998224e+00,6.353942009219654130e-02,5.295979412532100225e-05
1.699000000000000000e+03,3.693197769797631480e-01,4.000000000000000000e+00,6.348848374555672580e-02,5.199945017464241079e-05
1.700000000000000000e+03,3.693180196932013271e-01,4.000000000000000000e+00,6.343710188525483740e-02,5.104603751981518867e-05
1.701000000000000000e+03,3.693162122689502835e-01,4.000000000000000000e+00,6.338527998470584734e-02,5.009973930504448670e-05
1.702000000000000000e+03,3.693143548892793282e-01,4.000000000000000000e+00,6.333302358551026745e-02,4.916074029215788710e-05
1.703000000000000000e+03,3.693124477523505034e-01,4.000000000000000888e+00,6.328033829602873472e-02,4.822922717239964084e-05
1.704000000000000000e+03,3.693104910719898770e-01,4.000000000000000000e+00,6.322722978994639587e-02,4.730538889998062098e-05
1.705000000000000000e+03,3.693084850774529526e-01,4.000000000000000000e+00,6.317370380482685566e-02,4.638941704769777364e-05
1.706000000000000000e+03,3.693064300131842503e-01,4.000000000000000000e+00,6.311976614065799296e-02,4.548150618710129534e-05
1.707000000000000000e+03,3.693043261385739462e-01,3.999999999999999112e+00,6.306542265838836758e-02,4.458185429234752132e-05
1.708000000000000000e+03,3.693021737277061844e-01,3.999999999999999556e+00,6.301067927845688255e-02,4.369066317205869409e-05
1.709000000000000000e+03,3.692999730691070015e-01,4.000000000000000888e+00,6.295554197931454987e-02,4.280813892770174775e-05
1.710000000000000000e+03,3.692977244654853664e-01,3.999999999999999556e+00,6.290001679594142692e-02,4.193449244101431206e-05
1.711000000000000000e+03,3.692954282334702798e-01,4.000000000000000000e+00,6.284410981835654442e-02,4.106993989167799183e-05
1.712000000000000000e+03,3.692930847033464303e-01,4.000000000000000000e+00,6.278782719012412916e-02,4.021470330613714274e-05
1.713000000000000000e+03,3.692906942187840214e-01,4.000000000000000000e+00,6.273117510685527476e-02,3.936901113809703173e-05
1.714000000000000000e+03,3.692882571365668221e-01,3.999999999999999112e+00,6.267415981470571273e-02,3.853309888163977253e-05
1.715000000000000000e+03,3.692857738263168876e-01,4.000000000000000888e+00,6.261678760887205708e-02,3.770720971711240634e-05
1.716000000000000000e+03,3.692832446702172255e-01,3.999999999999999112e+00,6.255906483208405200e-02,3.689159518994180275e-05
1.717000000000000000e+03,3.692806700627304650e-01,4.000000000000000000e+00,6.250099787309716659e-02,3.608651592134684945e-05
1.718000000000000000e+03,3.692780504103180816e-01,4.000000000000000000e+00,6.244259316518304542e-02,3.529224234946020235e-05
1.719000000000000000e+03,3.692753861311551811e-01,4.000000000000000000e+00,6.238385718461996604e-02,3.450905549920783405e-05
1.720000000000000000e+03,3.692726776548444501e-01,3.999999999999999112e+00,6.232479644918426098e-02,3.373724777662000099e-05
1.721000000000000000e+03,3.692699254221292748e-01,4.000000000000001776e+00,6.226541751664180224e-02,3.297712378386779219e-05
1.722000000000000000e+03,3.692671298846061934e-01,3.999999999999999112e+00,6.220572698324142169e-02,3.222900114715372135e-05
1.723000000000000000e+03,3.692642915044325180e-01,4.000000000000000000e+00,6.214573148221046173e-02,3.149321135180375259e-05
1.724000000000000000e+03,3.692614107540390100e-01,4.000000000000000888e+00,6.208543768225296966e-02,3.077010057012878852e-05
1.725000000000000000e+03,3.692584881158376131e-01,4.000000000000000000e+00,6.202485228605041090e-02,3.006003047164530810e-05
1.726000000000000000e+03,3.692555240819298534e-01,4.000000000000000888e+00,6.196398202876730182e-02,2.936337899778334188e-05
1.727000000000000000e+03,3.692525191538163498e-01,3.999999999999999112e+00,6.190283367655947250e-02,2.868054107961332441e-05
1.728000000000000000e+03,3.692494738421040479e-01,4.000000000000000000e+00,6.184141402508903929e-02,2.801192927517585912e-05
1.729000000000000000e+03,3.692463886662167849e-01,4.000000000000000888e+00,6.177972989804206977e-02,2.735797429569065042e-05
1.730000000000000000e+03,3.692432641541030791e-01,4.000000000000000888e+00,6.171778814565421351e-02,2.671912538562518801e-05
1.731000000000000000e+03,3.692401008419460284e-01,4.000000000000000888e+00,6.165559564324104430e-02,2.609585051499406193e-05
1.732000000000000000e+03,3.692368992738744859e-01,3.999999999999999112e+00,6.159315928973500831e-02,2.548863633778322786e-05
1.733000000000000000e+03,3.692336600016731807e-01,4.000000000000000000e+00,6.153048600623009512e-02,2.489798786140758654e-05
1.734000000000000000e+03,3.692303835844967796e-01,4.000000000000000000e+00,6.146758273453284405e-02,2.432442776769715896e-05
1.735000000000000000e+03,3.692270705885821180e-01,3.999999999999999112e+00,6.140445643572205875e-02,2.376849532033608776e-05
1.736000000000000000e+03,3.692237215869639821e-01,4.000000000000000000e+00,6.134111408871607135e-02,2.323074478758542527e-05
1.737000000000000000e+03,3.692203371591913363e-01,4.000000000000000000e+00,6.127756268884840263e-02,2.271174330764389352e-05
1.738000000000000000e+03,3.692169178910459926e-01,3.999999999999999112e+00,6.121380924645249827e-02,2.221206812359388021e-05
1.739000000000000000e+03,3.692134643742612798e-01,4.000000000000000000e+00,6.114986078545615183e-02,2.173230311810544284e-05
1.740000000000000000e+03,3.692099772062459317e-01,4.000000000000001776e+00,6.108572434198383805e-02,2.127303458499970085e-05
1.741000000000000000e+03,3.692064569898066972e-01,4.000000000000000000e+00,6.102140696297069650e-02,2.083484619057301613e-05
1.742000000000000000e+03,3.692029043328740601e-01,4.000000000000000000e+00,6.095691570478556365e-02,2.041831309633728502e-05
1.743000000000000000e+03,3.691993198482317884e-01,4.000000000000000000e+00,6.089225763186420504e-02,2.002399524243059041e-05
1.744000000000000000e+03,3.691957041532470951e-01,4.000000000000000000e+00,6.082743981535401051e-02,1.965242982778651326e-05
1.745000000000000000e+03,3.691920578696040733e-01,4.000000000000000000e+00,6.076246933176850107e-02,1.930412306377504857e-05
1.746000000000000000e+03,3.691883816230386861e-01,4.000000000000000000e+00,6.069735326165417305e-02,1.897954132818487947e-05
1.747000000000000000e+03,3.691846760430784746e-01,3.999999999999999112e+00,6.063209868826736904e-02,1.867910189870711530e-05
1.748000000000000000e+03,3.691809417627829881e-01,4.000000000000000888e+00,6.056671269626372894e-02,1.840316349730580884e-05
1.749000000000000000e+03,3.691771794184881550e-01,4.000000000000001776e+00,6.050120237039878501e-02,1.815201692750044243e-05
1.750000000000000000e+03,3.691733896495535960e-01,4.000000000000000000e+00,6.043557479424066514e-02,1.792587612476532219e-05
1.751000000000000000e+03,3.691695730981118806e-01,4.000000000000000000e+00,6.036983704889521685e-02,1.772486996794027890e-05
1.752000000000000000e+03,3.691657304088220015e-01,4.000000000000000888e+00,6.030399621174249714e-02,1.754903520584617040e-05
1.753000000000000000e+03,3.691618622286260698e-01,4.000000000000000000e+00,6.023805935518676546e-02,1.739831083583108539e-05
1.754000000000000000e+03,3.691579692065082297e-01,4.000000000000000000e+00,6.017203354541825894e-02,1.727253423208098386e-05
1.755000000000000000e+03,3.691540519932573483e-01,3.999999999999998224e+00,6.010592584118801263e-02,1.717143925486032112e-05
1.756000000000000000e+03,3.691501112412328700e-01,4.000000000000000000e+00,6.003974329259522541e-02,1.709465648749970308e-05
1.757000000000000000e+03,3.691461476041350553e-01,4.000000000000000888e+00,5.997349293988790686e-02,1.704171564847144059e-05
1.758000000000000000e+03,3.691421617367769969e-01,3.999999999999999556e+00,5.990718181227584760e-02,1.701205011918487356e-05
1.759000000000000000e+03,3.691381542948604100e-01,3.999999999999999556e+00,5.984081692675765479e-02,1.700500342730918446e-05
1.760000000000000000e+03,3.691341259347565851e-01,4.000000000000000000e+00,5.977440528695983357e-02,1.701983743261148359e-05
1.761000000000000000e+03,3.691300773132882851e-01,3.999999999999999556e+00,5.970795388199007236e-02,1.705574189219276516e-05
1.762000000000000000e+03,3.691260090875172484e-01,4.000000000000001776e+00,5.964146968530324028e-02,1.711184503413000081e-05
1.763000000000000000e+03,3.691219219145351338e-01,4.000000000000000888e+00,5.957495965358079737e-02,1.718722474801639088e-05
1.764000000000000000e+03,3.691178164512556314e-01,4.000000000000001776e+00,5.950843072562368025e-02,1.728092000524139300e-05
1.765000000000000000e+03,3.691136933542138454e-01,4.000000000000000000e+00,5.944188982125896137e-02,1.739194215138509294e-05
1.766000000000000000e+03,3.691095532793664535e-01,3.999999999999999112e+00,5.937534384025897061e-02,1.751928575624225960e-05
1.767000000000000000e+03,3.691053968818966968e-01,3.999999999999999112e+00,5.930879966127486358e-02,1.766193876461706334e-05
1.768000000000000000e+03,3.691012248160231435e-01,4.000000000000000000e+00,5.924226414078331837e-02,1.781889175527279589e-05
1.769000000000000000e+03,3.690970377348120612e-01,4.000000000000000888e+00,5.917574411204625656e-02,1.798914617573804835e-05
1.770000000000000000e+03,3.690928362899930648e-01,3.999999999999998668e+00,5.910924638408482368e-02,1.817172148143976628e-05
1.771000000000000000e+03,3.690886211317776500e-01,4.000000000000000000e+00,5.904277774066645640e-02,1.836566115890983123e-05
1.772000000000000000e+03,3.690843929086844444e-01,4.000000000000000000e+00,5.897634493930489080e-02,1.857003765572046419e-05
1.773000000000000000e+03,3.690801522673644586e-01,3.999999999999999112e+00,5.890995471027481167e-02,1.878395627198133885e-05
1.774000000000000000e+03,3.690758998524322765e-01,4.000000000000000000e+00,5.884361375563872121e-02,1.900655809433454083e-05
1.775000000000000000e+03,3.690716363063002992e-01,4.000000000000000888e+00,5.877732874828760223e-02,1.923702206562712255e-05
1.776000000000000000e+03,3.690673622690167632e-01,3.999999999999999112e+00,5.871110633099496656e-02,1.947456629353398088e-05
1.777000000000000000e+03,3.690630783781069790e-01,3.999999999999999112e+00,5.864495311548476725e-02,1.971844870264892615e-05
1.778000000000000000e+03,3.690587852684183989e-01,3.999999999999999112e+00,5.857887568151107227e-02,1.996796713149246195e-05
1.779000000000000000e+03,3.690544835719702377e-01,3.999999999999999112e+00,5.851288057595264991e-02,2.022245897175672257e-05
1.780000000000000000e+03,3.690501739178048135e-01,4.000000000000000888e+00,5.844697431191921838e-02,2.048130043607897840e-05
1.781000000000000000e+03,3.690458569318448845e-01,4.000000000000000000e+00,5.838116336787220473e-02,2.074390553480915585e-05
1.782000000000000000e+03,3.690415332367514289e-01,4.000000000000000000e+00,5.831545418675694592e-02,2.100972483079473148e-05
1.783000000000000000e+03,3.690372034517884758e-01,4.000000000000000000e+00,5.824985317514952410e-02,2.127824403201211882e-05
1.784000000000000000e+03,3.690328681926887122e-01,4.000000000000000000e+00,5.818436670241509262e-02,2.154898247289272170e-05
1.785000000000000000e+03,3.690285280715237537e-01,4.000000000000000888e+00,5.811900109987999663e-02,2.182149152736093732e-05
1.786000000000000000e+03,3.690241836965784117e-01,3.999999999999998224e+00,5.805376266001636282e-02,2.209535298657362316e-05
1.787000000000000000e+03,3.690198356722259598e-01,4.000000000000000000e+00,5.798865763563904041e-02,2.237017743197380806e-05
1.788000000000000000e+03,3.690154845988110610e-01,4.000000000000000888e+00,5.792369223911548320e-02,2.264560262416990619e-05
1.789000000000000000e+03,3.690111310725318061e-01,3.999999999999999112e+00,5.785887264158812854e-02,2.292129192502087223e-05
1.790000000000000000e+03,3.690067756853271375e-01,3.999999999999998668e+00,5.779420497220945363e-02,2.319693276626380783e-05
1.791000000000000000e+03,3.690024190247670477e-01,4.000000000000000000e+00,5.772969531738915416e-02,2.347223517489827106e-05
1.792000000000000000e+03,3.689980616739479968e-01,4.000000000000000000e+00,5.766534972005336185e-02,2.374693035982289942e-05
1.793000000000000000e+03,3.689937042113877741e-01,4.000000000000000000e+00,5.760117417891639363e-02,2.402076936602662701e-05
1.794000000000000000e+03,3.689893472109267991e-01,4.000000000000000000e+00,5.753717464776515050e-02,2.429352179738761221e-05
1.795000000000000000e+03,3.689849912416312550e-01,4.000000000000000000e+00,5.747335703475436181e-02,2.456497460912035404e-05
1.796000000000000000e+03,3.689806368676999959e-01,3.999999999999999556e+00,5.740972720171479832e-02,2.483493097023788107e-05
1.797000000000000000e+03,3.689762846483731762e-01,4.000000000000000000e+00,5.734629096347303168e-02,2.510320919279050784e-05
1.798000000000000000e+03,3.689719351378460410e-01,4.000000000000000888e+00,5.728305408718285807e-02,2.536964172911051178e-05
1.799000000000000000e+03,3.689675888851841057e-01,4.000000000000001776e+00,5.722002229166858744e-02,2.563407423120581306e-05
1.800000000000000000e+03,3.689632464342418317e-01,4.000000000000000000e+00,5.715720124677976799e-02,2.589636467190057411e-05
1.801000000000000000e+03,3.689589083235839673e-01,4.000000000000000000e+00,5.709459657275802597e-02,2.615638252366531919e-05
1.802000000000000000e+03,3.689545750864104967e-01,3.999999999999999556e+00,5.703221383961440405e-02,2.641400799342520837e-05
1.803000000000000000e+03,3.689502472504837538e-01,4.000000000000000000e+00,5.697005856651884970e-02,2.666913130766232929e-05
1.804000000000000000e+03,3.689459253380589221e-01,4.000000000000001776e+00,5.690813622120060450e-02,2.692165204792333738e-05
1.805000000000000000e+03,3.689416098658170329e-01,4.000000000000000000e+00,5.684645221936004966e-02,2.717147853086964498e-05
1.806000000000000000e+03,3.689373013447998506e-01,3.999999999999997780e+00,5.678501192409136922e-02,2.741852723217340696e-05
1.807000000000000000e+03,3.689330002803484776e-01,3.999999999999999556e+00,5.672382064531650975e-02,2.766272224930808028e-05
1.808000000000000000e+03,3.689287071720458444e-01,4.000000000000000888e+00,5.666288363922972193e-02,2.790399480300952731e-05
1.809000000000000000e+03,3.689244225136587563e-01,4.000000000000000000e+00,5.660220610775331535e-02,2.814228277237031060e-05
1.810000000000000000e+03,3.689201467930841583e-01,4.000000000000000000e+00,5.654179319800457099e-02,2.837753026248418316e-05
1.811000000000000000e+03,3.689158804922987867e-01,4.000000000000000888e+00,5.648165000177219480e-02,2.860968720277532295e-05
1.812000000000000000e+03,3.689116240873097086e-01,4.000000000000001776e+00,5.642178155500465059e-02,2.883870897237030380e-05
1.813000000000000000e+03,3.689073780481083586e-01,4.000000000000000000e+00,5.636219283730810325e-02,2.906455605180643833e-05
1.814000000000000000e+03,3.689031428386260192e-01,3.999999999999998668e+00,5.630288877145579740e-02,2.928719369876023023e-05
1.815000000000000000e+03,3.688989189166923532e-01,4.000000000000000000e+00,5.624387422290676869e-02,2.950659164585798909e-05
1.816000000000000000e+03,3.688947067339969355e-01,4.000000000000000000e+00,5.618515399933580318e-02,2.972272381932956797e-05
1.817000000000000000e+03,3.688905067360508383e-01,4.000000000000000888e+00,5.612673285017320823e-02,2.993556807660315350e-05
1.818000000000000000e+03,3.688863193621532144e-01,4.000000000000000888e+00,5.606861546615481834e-02,3.014510596178619347e-05
1.819000000000000000e+03,3.688821450453577122e-01,4.000000000000000000e+00,5.601080647888262432e-02,3.035132247773563748e-05
1.820000000000000000e+03,3.688779842124418895e-01,4.000000000000000888e+00,5.595331046039474232e-02,3.055420587293062045e-05
1.821000000000000000e+03,3.688738372838795687e-01,4.000000000000000888e+00,5.589613192274570791e-02,3.075374744299904311e-05
1.822000000000000000e+03,3.688697046738139695e-01,3.999999999999999556e+00,5.583927531759702578e-02,3.094994134518511510e-05
1.823000000000000000e+03,3.688655867900330620e-01,4.000000000000001776e+00,5.578274503581710786e-02,3.114278442432122840e-05
1.824000000000000000e+03,3.688614840339483614e-01,4.000000000000000888e+00,5.572654540709161275e-02,3.133227605177211659e-05
1.825000000000000000e+03,3.688573968005731674e-01,4.000000000000000000e+00,5.567068069954282661e-02,3.151841797271722010e-05
1.826000000000000000e+03,3.688533254785048010e-01,3.999999999999999556e+00,5.561515511935987560e-02,3.170121416481394187e-05
1.827000000000000000e+03,3.688492704499076735e-01,4.000000000000000888e+00,5.555997281043716096e-02,3.188067070506724288e-05
1.828000000000000000e+03,3.688452320904987980e-01,3.999999999999998668e+00,5.550513785402373668e-02,3.205679564557753210e-05
1.829000000000000000e+03,3.688412107695333564e-01,4.000000000000000000e+00,5.545065426838179101e-02,3.222959889621864116e-05
1.830000000000000000e+03,3.688372068497953737e-01,3.999999999999999112e+00,5.539652600845437758e-02,3.239909211600099033e-05
1.831000000000000000e+03,3.688332206875866159e-01,3.999999999999999556e+00,5.534275696554290247e-02,3.256528860979989495e-05
1.832000000000000000e+03,3.688292526327188181e-01,4.000000000000000000e+00,5.528935096699449242e-02,3.272820323198178983e-05
1.833000000000000000e+03,3.688253030285076894e-01,3.999999999999999556e+00,5.523631177589776592e-02,3.288785229608498408e-05
1.834000000000000000e+03,3.688213722117674731e-01,4.000000000000000000e+00,5.518364309078912372e-02,3.304425348945049011e-05
1.835000000000000000e+03,3.688174605128083372e-01,4.000000000000000888e+00,5.513134854536740764e-02,3.319742579321503188e-05
1.836000000000000000e+03,3.688135682554343764e-01,3.999999999999999112e+00,5.507943170821860690e-02,3.334738940698854520e-05
1.837000000000000000e+03,3.688096957569426682e-01,4.000000000000000000e+00,5.502789608254952253e-02,3.349416567782921155e-05
1.838000000000000000e+03,3.688058433281258819e-01,4.000000000000000000e+00,5.497674510593042463e-02,3.363777703388718152e-05
1.839000000000000000e+03,3.688020112732733891e-01,4.000000000000000888e+00,5.492598215004741019e-02,3.377824692097773814e-05
1.840000000000000000e+03,3.687981998901761482e-01,4.000000000000000888e+00,5.487561052046378840e-02,3.391559974329458088e-05
1.841000000000000000e+03,3.687944094701317566e-01,4.000000000000000000e+00,5.482563345639054897e-02,3.404986080776661872e-05
1.842000000000000000e+03,3.687906402979502785e-01,4.000000000000000000e+00,5.477605413046601063e-02,3.418105627099251464e-05
1.843000000000000000e+03,3.687868926519632384e-01,4.000000000000000000e+00,5.472687564854455955e-02,3.430921308925250775e-05
1.844000000000000000e+03,3.687831668040322253e-01,4.000000000000001776e+00,5.467810104949477612e-02,3.443435897141926321e-05
1.845000000000000000e+03,3.687794630195592172e-01,3.999999999999999112e+00,5.462973330500625613e-02,3.455652233483359493e-05
1.846000000000000000e+03,3.687757815574973508e-01,4.000000000000000000e+00,5.458177531940577865e-02,3.467573226232751823e-05
1.847000000000000000e+03,3.687721226703650768e-01,4.000000000000000000e+00,5.453422992948241121e-02,3.479201846287913570e-05
1.848000000000000000e+03,3.687684866042584275e-01,3.999999999999999112e+00,5.448709990432156619e-02,3.490541123412427358e-05
1.849000000000000000e+03,3.687648735988666715e-01,3.999999999999999112e+00,5.444038794514857033e-02,3.501594142579501608e-05
1.850000000000000000e+03,3.687612838874878562e-01,4.000000000000000000e+00,5.439409668518066510e-02,3.512364040657880949e-05
1.851000000000000000e+03,3.687577176970461279e-01,3.999999999999999112e+00,5.434822868948838148e-02,3.522854003151335868e-05
1.852000000000000000e+03,3.687541752481091062e-01,3.999999999999999112e+00,5.430278645486588673e-02,3.533067261182491547e-05
1.853000000000000000e+03,3.687506567549069247e-01,4.000000000000000000e+00,5.425777240971018517e-02,3.543007088564989362e-05
1.854000000000000000e+03,3.687471624253526592e-01,4.000000000000000000e+00,5.421318891390945055e-02,3.552676799104575642e-05
1.855000000000000000e+03,3.687436924610624223e-01,4.000000000000000000e+00,5.416903825874062189e-02,3.562079743950475041e-05
1.856000000000000000e+03,3.687402470573771240e-01,3.999999999999999556e+00,5.412532266677534676e-02,3.571219309111964475e-05
1.857000000000000000e+03,3.687368264033854537e-01,3.999999999999999112e+00,5.408204429179555572e-02,3.580098913123213743e-05
1.858000000000000000e+03,3.687334306819467500e-01,4.000000000000000000e+00,5.403920521871766192e-02,3.588722004813865669e-05
1.859000000000000000e+03,3.687300600697159814e-01,4.000000000000001776e+00,5.399680746352612110e-02,3.597092061112033216e-05
1.860000000000000000e+03,3.687267147371680598e-01,4.000000000000000888e+00,5.395485297321536006e-02,3.605212585071765070e-05
1.861000000000000000e+03,3.687233948486238755e-01,4.000000000000000000e+00,5.391334362574167621e-02,3.613087103918979258e-05
1.862000000000000000e+03,3.687201005622769978e-01,4.000000000000000888e+00,5.387228122998302671e-02,3.620719167180492051e-05
1.863000000000000000e+03,3.687168320302212088e-01,3.999999999999999556e+00,5.383166752570899688e-02,3.628112344943192459e-05
1.864000000000000000e+03,3.687135893984778146e-01,4.000000000000000000e+00,5.379150418355864438e-02,3.635270226172203432e-05
1.865000000000000000e+03,3.687103728070254549e-01,4.000000000000000000e+00,5.375179280502848100e-02,3.642196417089746174e-05
1.866000000000000000e+03,3.687071823898289691e-01,3.999999999999999112e+00,5.371253492246846895e-02,3.648894539671299558e-05
1.867000000000000000e+03,3.687040182748688721e-01,3.999999999999999556e+00,5.367373199908796050e-02,3.655368230138480496e-05
1.868000000000000000e+03,3.687008805841734405e-01,4.000000000000000888e+00,5.363538542896985339e-02,3.661621137592709329e-05
1.869000000000000000e+03,3.686977694338493539e-01,4.000000000000000000e+00,5.359749653709465489e-02,3.667656922647608041e-05
1.870000000000000000e+03,3.686946849341136700e-01,4.000000000000000000e+00,5.356006657937288640e-02,3.673479256192904079e-05
1.871000000000000000e+03,3.686916271893260211e-01,4.000000000000000000e+00,5.352309674268696665e-02,3.679091818063272669e-05
1.872000000000000000e+03,3.686885962980230858e-01,3.999999999999999556e+00,5.348658814494205993e-02,3.684498295985891612e-05
1.873000000000000000e+03,3.686855923529505641e-01,3.999999999999999556e+00,5.345054183512620155e-02,3.689702384350156410e-05
1.874000000000000000e+03,3.686826154410988710e-01,4.000000000000000000e+00,5.341495879337909009e-02,3.694707783161932043e-05
1.875000000000000000e+03,3.686796656437374420e-01,3.999999999999999112e+00,5.337983993107037195e-02,3.699518197010531235e-05
1.876000000000000000e+03,3.686767430364494835e-01,4.000000000000000000e+00,5.334518609088712005e-02,3.704137334031637805e-05
1.877000000000000000e+03,3.686738476891690541e-01,4.000000000000000000e+00,5.331099804693002070e-02,3.708568904988763810e-05
1.878000000000000000e+03,3.686709796662161476e-01,3.999999999999999112e+00,5.327727650481922650e-02,3.712816622272690863e-05
1.879000000000000000e+03,3.686681390263339964e-01,3.999999999999999556e+00,5.324402210180878559e-02,3.716884199082922562e-05
1.880000000000000000e+03,3.686653258227263197e-01,4.000000000000000000e+00,5.321123540691059112e-02,3.720775348543212010e-05
1.881000000000000000e+03,3.686625401030957372e-01,4.000000000000000000e+00,5.317891692102762191e-02,3.724493782833111809e-05
1.882000000000000000e+03,3.686597819096805173e-01,3.999999999999999112e+00,5.314706707709578037e-02,3.728043212467696543e-05
1.883000000000000000e+03,3.686570512792939347e-01,3.999999999999999556e+00,5.311568624023564611e-02,3.731427345394899419e-05
1.884000000000000000e+03,3.686543482433637942e-01,4.000000000000000000e+00,5.308477470791289621e-02,3.734649886381950058e-05
1.885000000000000000e+03,3.686516728279712884e-01,4.000000000000000000e+00,5.305433271010789181e-02,3.737714536166795884e-05
1.886000000000000000e+03,3.686490250538905222e-01,4.000000000000000000e+00,5.302436040949481261e-02,3.740624990864772486e-05
1.887000000000000000e+03,3.686464049366298124e-01,3.999999999999999556e+00,5.299485790162963839e-02,3.743384941200480934e-05
1.888000000000000000e+03,3.686438124864712673e-01,3.999999999999999112e+00,5.296582521514749120e-02,3.745998071870657053e-05
1.889000000000000000e+03,3.686412477085121431e-01,4.000000000000000000e+00,5.293726231196947685e-02,3.748468060934712922e-05
1.890000000000000000e+03,3.686387106027070870e-01,4.000000000000000888e+00,5.290916908751764486e-02,3.750798579132440312e-05
1.891000000000000000e+03,3.686362011639087166e-01,4.000000000000000000e+00,5.288154537094050256e-02,3.752993289294658717e-05
1.892000000000000000e+03,3.686337193819099745e-01,4.000000000000000888e+00,5.285439092534714028e-02,3.755055845762766715e-05
1.893000000000000000e+03,3.686312652414873159e-01,4.000000000000000888e+00,5.282770544804987062e-02,3.756989893787575574e-05
1.894000000000000000e+03,3.686288387224428975e-01,4.000000000000000000e+00,5.280148857081733149e-02,3.758799068977619764e-05
1.895000000000000000e+03,3.686264397996478759e-01,4.000000000000000000e+00,5.277573986013586044e-02,3.760486996727100707e-05
1.896000000000000000e+03,3.686240684430859282e-01,4.000000000000001776e+00,5.275045881748038207e-02,3.762057291653656135e-05
1.897000000000000000e+03,3.686217246178975504e-01,4.000000000000000000e+00,5.272564487959404550e-02,3.763513557136260237e-05
1.898000000000000000e+03,3.686194082844230779e-01,4.000000000000000000e+00,5.270129741877778440e-02,3.764859384682277282e-05
1.899000000000000000e+03,3.686171193982487049e-01,4.000000000000000000e+00,5.267741574318830083e-02,3.766098353501944789e-05
1.900000000000000000e+03,3.686148579102499490e-01,4.000000000000000000e+00,5.265399909714547216e-02,3.767234029971959080e-05
1.901000000000000000e+03,3.686126237666377814e-01,3.999999999999999556e+00,5.263104666144885480e-02,3.768269967112585579e-05
1.902000000000000000e+03,3.686104169090030913e-01,4.000000000000000000e+00,5.260855755370334730e-02,3.769209704131022676e-05
1.903000000000000000e+03,3.686082372743637037e-01,3.999999999999999556e+00,5.258653082865356876e-02,3.770056765888550235e-05
1.904000000000000000e+03,3.686060847952091768e-01,4.000000000000000000e+00,5.256496547852753526e-02,3.770814662470999191e-05
1.905000000000000000e+03,3.686039593995477648e-01,4.000000000000000888e+00,5.254386043338988427e-02,3.771486888656705759e-05
1.906000000000000000e+03,3.686018610109535465e-01,4.000000000000000000e+00,5.252321456150309958e-02,3.772076923494561631e-05
1.907000000000000000e+03,3.685997895486122777e-01,4.000000000000000000e+00,5.250302666969831888e-02,3.772588229769551778e-05
1.908000000000000000e+03,3.685977449273694084e-01,3.999999999999999112e+00,5.248329550375482183e-02,3.773024253605136171e-05
1.909000000000000000e+03,3.685957270577775446e-01,4.000000000000000888e+00,5.246401974878900365e-02,3.773388423967593208e-05
1.910000000000000000e+03,3.685937358461444102e-01,4.000000000000000000e+00,5.244519802965143251e-02,3.773684152182258192e-05
1.911000000000000000e+03,3.685917711945804753e-01,4.000000000000000000e+00,5.242682891133328832e-02,3.773914831490220845e-05
1.912000000000000000e+03,3.685898330010483059e-01,3.999999999999999112e+00,5.240891089938141956e-02,3.774083836619305154e-05
1.913000000000000000e+03,3.685879211594097482e-01,4.000000000000000000e+00,5.239144244032205300e-02,3.774194523253675634e-05
1.914000000000000000e+03,3.685860355594768878e-01,4.000000000000000888e+00,5.237442192209387087e-02,3.774250227628430418e-05
1.915000000000000000e+03,3.685841760870600670e-01,4.000000000000000000e+00,5.235784767448866533e-02,3.774254266084062605e-05
1.916000000000000000e+03,3.685823426240175671e-01,3.999999999999999556e+00,5.234171796960162409e-02,3.774209934542535827e-05
1.917000000000000000e+03,3.685805350483059017e-01,4.000000000000000888e+00,5.232603102228990805e-02,3.774120508080979337e-05
1.918000000000000000e+03,3.685787532340301098e-01,4.000000000000000888e+00,5.231078499063909759e-02,3.773989240501051041e-05
1.919000000000000000e+03,3.685769970514933269e-01,3.999999999999999556e+00,5.229597797643962404e-02,3.773819363808610577e-05
1.920000000000000000e+03,3.685752663672481333e-01,4.000000000000001776e+00,5.228160802567003579e-02,3.773614087748626404e-05
1.921000000000000000e+03,3.685735610441482901e-01,4.000000000000000000e+00,5.226767312898938922e-02,3.773376599408449279e-05
1.922000000000000000e+03,3.685718809413984776e-01,4.000000000000000000e+00,5.225417122223805638e-02,3.773110062679360194e-05
1.923000000000000000e+03,3.685702259146069193e-01,4.000000000000000000e+00,5.224110018694669288e-02,3.772817617792599608e-05
1.924000000000000000e+03,3.685685958158372300e-01,4.000000000000001776e+00,5.222845785085267201e-02,3.772502380874038857e-05
1.925000000000000000e+03,3.685669904936605401e-01,4.000000000000000000e+00,5.221624198842598347e-02,3.772167443444815607e-05
1.926000000000000000e+03,3.685654097932073436e-01,4.000000000000000000e+00,5.220445032140207109e-02,3.771815871915702620e-05
1.927000000000000000e+03,3.685638535562211215e-01,4.000000000000000000e+00,5.219308051932279591e-02,3.771450707151891382e-05
1.928000000000000000e+03,3.685623216211104669e-01,4.000000000000000888e+00,5.218213020008570513e-02,3.771074963951794436e-05
1.929000000000000000e+03,3.685608138230038189e-01,4.000000000000000000e+00,5.217159693050087144e-02,3.770691630577875864e-05
1.930000000000000000e+03,3.685593299938011991e-01,3.999999999999999112e+00,5.216147822685514995e-02,3.770303668224249069e-05
1.931000000000000000e+03,3.685578699622290566e-01,3.999999999999999112e+00,5.215177155548467169e-02,3.769914010536096026e-05
1.932000000000000000e+03,3.685564335538948355e-01,3.999999999999999112e+00,5.214247433335452570e-02,3.769525563154460263e-05
1.933000000000000000e+03,3.685550205913406541e-01,4.000000000000000000e+00,5.213358392864585189e-02,3.769141203110351992e-05
1.934000000000000000e+03,3.685536308940985384e-01,3.999999999999998224e+00,5.212509766135029615e-02,3.768763778411268636e-05
1.935000000000000000e+03,3.685522642787445458e-01,4.000000000000000000e+00,5.211701280387231322e-02,3.768396107455697201e-05
1.936000000000000000e+03,3.685509205589557746e-01,3.999999999999998668e+00,5.210932658163750647e-02,3.768040978566122645e-05
1.937000000000000000e+03,3.685495995455636553e-01,3.999999999999999556e+00,5.210203617370932905e-02,3.767701149447797544e-05
1.938000000000000000e+03,3.685483010466121812e-01,3.999999999999999112e+00,5.209513871341166918e-02,3.767379346650681014e-05
1.939000000000000000e+03,3.685470248674118099e-01,3.999999999999999556e+00,5.208863128895894340e-02,3.767078265063352789e-05
1.940000000000000000e+03,3.685457708105975838e-01,4.000000000000000000e+00,5.208251094409314941e-02,3.766800567375317381e-05
1.941000000000000000e+03,3.685445386761849185e-01,4.000000000000000000e+00,5.207677467872624810e-02,3.766548883549349991e-05
1.942000000000000000e+03,3.685433282616266126e-01,4.000000000000000888e+00,5.207141944959114283e-02,3.766325810244235421e-05
1.943000000000000000e+03,3.685421393618705244e-01,3.999999999999999112e+00,5.206644217089691218e-02,3.766133910347810331e-05
1.944000000000000000e+03,3.685409717694162479e-01,4.000000000000000000e+00,5.206183971499218910e-02,3.765975712357544309e-05
1.945000000000000000e+03,3.685398252743738445e-01,4.000000000000000000e+00,5.205760891303326532e-02,3.765853709908347462e-05
1.946000000000000000e+03,3.685386996645210744e-01,4.000000000000000888e+00,5.205374655565963432e-02,3.765770361175145201e-05
1.947000000000000000e+03,3.685375947253622386e-01,4.000000000000000000e+00,5.205024939367372538e-02,3.765728088334650473e-05
1.948000000000000000e+03,3.685365102401861881e-01,4.000000000000000000e+00,5.204711413872834674e-02,3.765729277025896602e-05
1.949000000000000000e+03,3.685354459901256652e-01,4.000000000000000000e+00,5.204433746401809779e-02,3.765776275801461587e-05
1.950000000000000000e+03,3.685344017542160344e-01,3.999999999999999112e+00,5.204191600497778264e-02,3.765871395571191072e-05
1.951000000000000000e+03,3.685333773094541798e-01,4.000000000000000000e+00,5.203984635998515351e-02,3.766016909050180875e-05
1.952000000000000000e+03,3.685323724308591786e-01,4.000000000000001776e+00,5.203812509106915674e-02,3.766215050216968635e-05
1.953000000000000000e+03,3.685313868915311986e-01,4.000000000000000888e+00,5.203674872462380613e-02,3.766468013750891839e-05
1.954000000000000000e+03,3.685304204627117830e-01,4.000000000000000000e+00,5.203571375212627526e-02,3.766777954493874281e-05
1.955000000000000000e+03,3.685294729138435255e-01,4.000000000000000000e+00,5.203501663086066570e-02,3.767146986886178787e-05
1.956000000000000000e+03,3.685285440126320755e-01,4.000000000000000000e+00,5.203465378464538355e-02,3.767577184449100478e-05
1.957000000000000000e+03,3.685276335251048141e-01,4.000000000000000000e+00,5.203462160456637231e-02,3.768070579206826129e-05
1.958000000000000000e+03,3.685267412156738032e-01,4.000000000000000000e+00,5.203491644971358632e-02,3.768629161171404928e-05
1.959000000000000000e+03,3.685258668471951271e-01,4.000000000000000888e+00,5.203553464792219641e-02,3.769254877790736432e-05
1.960000000000000000e+03,3.685250101810316758e-01,4.000000000000000000e+00,5.203647249651792428e-02,3.769949633435908955e-05
1.961000000000000000e+03,3.685241709771136520e-01,4.000000000000000000e+00,5.203772626306633203e-02,3.770715288843818686e-05
1.962000000000000000e+03,3.685233489940006324e-01,4.000000000000000888e+00,5.203929218612544233e-02,3.771553660616663341e-05
1.963000000000000000e+03,3.685225439889440180e-01,3.999999999999999112e+00,5.204116647600250112e-02,3.772466520701180884e-05
1.964000000000000000e+03,3.685217557179480963e-01,4.000000000000000000e+00,5.204334531551394610e-02,3.773455595850455641e-05
1.965000000000000000e+03,3.685209839358329909e-01,3.999999999999999556e+00,5.204582486074849773e-02,3.774522567161663273e-05
1.966000000000000000e+03,3.685202283962971670e-01,3.999999999999999556e+00,5.204860124183379594e-02,3.775669069540558260e-05
1.967000000000000000e+03,3.685194888519794931e-01,4.000000000000000000e+00,5.205167056370571532e-02,3.776896691223037837e-05
1.968000000000000000e+03,3.685187650545226345e-01,3.999999999999999112e+00,5.205502890687998402e-02,3.778206973310322168e-05
1.969000000000000000e+03,3.685180567546345598e-01,3.999999999999999556e+00,5.205867232822762591e-02,3.779601409282487052e-05
1.970000000000000000e+03,3.685173637021533777e-01,4.000000000000000000e+00,5.206259686175164492e-02,3.781081444521964532e-05
1.971000000000000000e+03,3.685166856461093432e-01,3.999999999999999112e+00,5.206679851936639458e-02,3.782648475910752294e-05
1.972000000000000000e+03,3.685160223347874742e-01,4.000000000000001776e+00,5.207127329167961227e-02,3.784303851303341660e-05
1.973000000000000000e+03,3.685153735157927768e-01,3.999999999999998224e+00,5.207601714877516802e-02,3.786048869210924728e-05
1.974000000000000000e+03,3.685147389361108639e-01,4.000000000000000000e+00,5.208102604099879018e-02,3.787884778264799681e-05
1.975000000000000000e+03,3.685141183421744571e-01,4.000000000000000000e+00,5.208629589974449886e-02,3.789812776906156149e-05
1.976000000000000000e+03,3.685135114799243938e-01,4.000000000000000000e+00,5.209182263824288506e-02,3.791834012946381085e-05
1.977000000000000000e+03,3.685129180948746308e-01,3.999999999999999112e+00,5.209760215235025721e-02,3.793949583213696269e-05
1.978000000000000000e+03,3.685123379321749715e-01,4.000000000000000000e+00,5.210363032133940447e-02,3.796160533156736047e-05
1.979000000000000000e+03,3.685117707366756257e-01,3.999999999999999112e+00,5.210990300869051961e-02,3.798467856546838291e-05
1.980000000000000000e+03,3.685112162529896596e-01,4.000000000000000000e+00,5.211641606288307249e-02,3.800872495066714356e-05
1.981000000000000000e+03,3.685106742255578327e-01,4.000000000000000888e+00,5.212316531818830118e-02,3.803375338108010915e-05
1.982000000000000000e+03,3.685101443987116587e-01,4.000000000000000000e+00,5.213014659546177931e-02,3.805977222395947652e-05
1.983000000000000000e+03,3.685096265167365215e-01,3.999999999999999556e+00,5.213735570293648314e-02,3.808678931689480469e-05
1.984000000000000000e+03,3.685091203239362900e-01,4.000000000000000000e+00,5.214478843701524091e-02,3.811481196587444104e-05
1.985000000000000000e+03,3.685086255646957687e-01,4.000000000000000000e+00,5.215244058306322400e-02,3.814384694240157748e-05
1.986000000000000000e+03,3.685081419835450345e-01,3.999999999999999556e+00,5.216030791620034773e-02,3.817390048106436356e-05
1.987000000000000000e+03,3.685076693252217206e-01,4.000000000000001776e+00,5.216838620209257593e-02,3.820497827794592404e-05
1.988000000000000000e+03,3.685072073347357424e-01,4.000000000000001776e+00,5.217667119774217072e-02,3.823708548840590505e-05
1.989000000000000000e+03,3.685067557574310260e-01,4.000000000000000000e+00,5.218515865227828232e-02,3.827022672544265795e-05
1.990000000000000000e+03,3.685063143390489016e-01,4.000000000000000888e+00,5.219384430774458294e-02,3.830440605827063055e-05
1.991000000000000000e+03,3.685058828257915531e-01,3.999999999999999556e+00,5.220272389988699080e-02,3.833962701092524968e-05
1.992000000000000000e+03,3.685054609643838575e-01,4.000000000000000000e+00,5.221179315893930556e-02,3.837589256131240784e-05
1.993000000000000000e+03,3.685050485021366118e-01,3.999999999999999112e+00,5.222104781040676907e-02,3.841320514031989185e-05
1.994000000000000000e+03,3.685046451870077622e-01,4.000000000000000888e+00,5.223048357584852974e-02,3.845156663127784988e-05
1.995000000000000000e+03,3.685042507676664636e-01,4.000000000000001776e+00,5.224009617365740071e-02,3.849097836935787249e-05
1.996000000000000000e+03,3.685038649935530319e-01,3.999999999999999112e+00,5.224988131983761969e-02,3.853144114153538426e-05
1.997000000000000000e+03,3.685034876149405614e-01,3.999999999999999112e+00,5.225983472878042990e-02,3.857295518649869965e-05
1.998000000000000000e+03,3.685031183829980961e-01,3.999999999999999556e+00,5.226995211403614311e-02,3.861552019470822716e-05
1.999000000000000000e+03,3.685027570498499161e-01,4.000000000000000000e+00,5.228022918908468292e-02,3.865913530942034922e-05
2.000000000000000000e+03,3.685024033686370437e-01,4.000000000000000000e+00,5.229066166810182603e-02,3.870379912693319051e-05
2.001000000000000000e+03,3.685020570935777506e-01,3.999999999999999112e+00,5.230124526672342428e-02,3.874950969763831437e-05
2.002000000000000000e+03,3.685017179800267884e-01,4.000000000000000000e+00,5.231197570280574777e-02,3.879626452686326987e-05
2.003000000000000000e+03,3.685013857845365060e-01,4.000000000000000888e+00,5.232284869718221987e-02,3.884406057684765869e-05
2.004000000000000000e+03,3.685010602649153588e-01,4.000000000000000888e+00,5.233385997441661330e-02,3.889289426778347455e-05
2.005000000000000000e+03,3.685007411802866395e-01,3.999999999999999556e+00,5.234500526355262418e-02,3.894276147995684971e-05
2.006000000000000000e+03,3.685004282911475970e-01,3.999999999999998224e+00,5.235628029885923407e-02,3.899365755564640490e-05
2.007000000000000000e+03,3.685001213594269465e-01,4.000000000000000000e+00,5.236768082057155493e-02,3.904557730143844109e-05
2.008000000000000000e+03,3.684998201485437663e-01,4.000000000000000000e+00,5.237920257562781595e-02,3.909851499066622495e-05
2.009000000000000000e+03,3.684995244234630651e-01,4.000000000000000888e+00,5.239084131840150704e-02,3.915246436623743230e-05
2.010000000000000000e+03,3.684992339507536241e-01,3.999999999999999556e+00,5.240259281142911618e-02,3.920741864344829645e-05
2.011000000000000000e+03,3.684989484986432862e-01,4.000000000000000000e+00,5.241445282613272499e-02,3.926337051296115941e-05
2.012000000000000000e+03,3.684986678370755220e-01,4.000000000000000888e+00,5.242641714353726834e-02,3.932031214466235464e-05
2.013000000000000000e+03,3.684983917377638307e-01,4.000000000000000888e+00,5.243848155498350566e-02,3.937823519074560343e-05
2.014000000000000000e+03,3.684981199742466962e-01,4.000000000000000000e+00,5.245064186283501795e-02,3.943713078966011007e-05
2.015000000000000000e+03,3.684978523219410995e-01,4.000000000000000000e+00,5.246289388117947317e-02,3.949698957029121825e-05
2.016000000000000000e+03,3.684975885581961985e-01,3.999999999999999112e+00,5.247523343652495814e-02,3.955780165565755409e-05
2.017000000000000000e+03,3.684973284623451750e-01,4.000000000000000000e+00,5.248765636848963523e-02,3.961955666766895924e-05
2.018000000000000000e+03,3.684970718157591918e-01,4.000000000000000000e+00,5.250015853048611847e-02,3.968224373172198343e-05
2.019000000000000000e+03,3.684968184018962423e-01,4.000000000000000000e+00,5.251273579039957007e-02,3.974585148142113094e-05
2.020000000000000000e+03,3.684965680063535531e-01,3.999999999999999556e+00,5.252538403125917021e-02,3.981036806316943361e-05
2.021000000000000000e+03,3.684963204169168227e-01,3.999999999999999556e+00,5.253809915190354313e-02,3.987578114209559431e-05
2.022000000000000000e+03,3.684960754236097369e-01,4.000000000000000000e+00,5.255087706763959116e-02,3.994207790637991978e-05
2.023000000000000000e+03,3.684958328187422083e-01,4.000000000000000000e+00,5.256371371089411243e-02,4.000924507348328573e-05
2.024000000000000000e+03,3.684955923969582270e-01,3.999999999999999112e+00,5.257660503185955514e-02,4.007726889557913200e-05
2.025000000000000000e+03,3.684953539552823232e-01,4.000000000000000888e+00,5.258954699913180597e-02,4.014613516532820794e-05
2.026000000000000000e+03,3.684951172931665853e-01,3.999999999999999112e+00,5.260253560034136577e-02,4.021582922205805725e-05
2.027000000000000000e+03,3.684948822125347356e-01,3.999999999999999112e+00,5.261556684277706591e-02,4.028633595748082238e-05
2.028000000000000000e+03,3.684946485178272058e-01,4.000000000000000888e+00,5.262863675400278329e-02,4.035763982239195380e-05
2.029000000000000000e+03,3.684944160160452675e-01,4.000000000000000000e+00,5.264174138246612705e-02,4.042972483289718964e-05
2.030000000000000000e+03,3.684941845167921115e-01,3.999999999999999112e+00,5.265487679809973537e-02,4.050257457704663970e-05
2.031000000000000000e+03,3.684939538323156460e-01,3.999999999999999112e+00,5.266803909291482844e-02,4.057617222141518792e-05
2.032000000000000000e+03,3.684937237775496310e-01,4.000000000000000000e+00,5.268122438158683030e-02,4.065050051831660421e-05
2.033000000000000000e+03,3.684934941701525357e-01,4.000000000000000888e+00,5.269442880203310808e-02,4.072554181233824781e-05
2.034000000000000000e+03,3.684932648305473402e-01,4.000000000000001776e+00,5.270764851598224582e-02,4.080127804764882029e-05
2.035000000000000000e+03,3.684930355819591719e-01,3.999999999999999112e+00,5.272087970953556052e-02,4.087769077500899979e-05
2.036000000000000000e+03,3.684928062504514990e-01,4.000000000000000000e+00,5.273411859371995164e-02,4.095476115912595027e-05
2.037000000000000000e+03,3.684925766649637113e-01,4.000000000000000888e+00,5.274736140503252096e-02,4.103246998642696975e-05
2.038000000000000000e+03,3.684923466573446493e-01,3.999999999999998668e+00,5.276060440597612339e-02,4.111079767195704901e-05
2.039000000000000000e+03,3.684921160623861880e-01,4.000000000000000888e+00,5.277384388558710449e-02,4.118972426735425602e-05
2.040000000000000000e+03,3.684918847178580981e-01,4.000000000000000000e+00,5.278707615995357344e-02,4.126922946858671104e-05
2.041000000000000000e+03,3.684916524645374114e-01,3.999999999999999112e+00,5.280029757272496072e-02,4.134929262333452620e-05
2.042000000000000000e+03,3.684914191462399513e-01,3.999999999999999112e+00,5.281350449561320742e-02,4.142989273932171622e-05
2.043000000000000000e+03,3.684911846098503085e-01,4.000000000000000000e+00,5.282669332888370595e-02,4.151100849177681720e-05
2.044000000000000000e+03,3.684909487053495414e-01,4.000000000000000888e+00,5.283986050183860778e-02,4.159261823172937103e-05
2.045000000000000000e+03,3.684907112858430978e-01,3.999999999999999112e+00,5.285300247328941770e-02,4.167469999422092726e-05
2.046000000000000000e+03,3.684904722075856287e-01,4.000000000000000000e+00,5.286611573202166375e-02,4.175723150574603784e-05
2.047000000000000000e+03,3.684902313300075227e-01,3.999999999999999556e+00,5.287919679724884664e-02,4.184019019328631743e-05
2.048000000000000000e+03,3.684899885157375543e-01,4.000000000000000000e+00,5.289224221905847179e-02,4.192355319174649830e-05
2.049000000000000000e+03,3.684897436306256435e-01,4.000000000000000000e+00,5.290524857884663229e-02,4.200729735260213524e-05
2.050000000000000000e+03,3.684894965437647829e-01,3.999999999999999556e+00,5.291821248974488273e-02,4.209139925235760898e-05
2.051000000000000000e+03,3.684892471275099668e-01,3.999999999999999112e+00,5.293113059703621198e-02,4.217583520062265993e-05
2.052000000000000000e+03,3.684889952574981753e-01,4.000000000000000000e+00,5.294399957856163463e-02,4.226058124846950660e-05
2.053000000000000000e+03,3.684887408126658048e-01,3.999999999999998668e+00,5.295681614511691532e-02,4.234561319698868474e-05
2.054000000000000000e+03,3.684884836752641557e-01,4.000000000000000000e+00,5.296957704083973123e-02,4.243090660577736778e-05
2.055000000000000000e+03,3.684882237308763075e-01,3.999999999999999112e+00,5.298227904358618345e-02,4.251643680121481775e-05
2.056000000000000000e+03,3.684879608684289987e-01,4.000000000000000000e+00,5.299491896529828078e-02,4.260217888477981516e-05
2.057000000000000000e+03,3.684876949802067259e-01,3.999999999999999556e+00,5.300749365236037680e-02,4.268810774221325151e-05
2.058000000000000000e+03,3.684874259618621251e-01,3.999999999999998668e+00,5.301999998594635055e-02,4.277419805117439240e-05
2.059000000000000000e+03,3.684871537124262408e-01,3.999999999999998224e+00,5.303243488235612202e-02,4.286042429063628212e-05
2.060000000000000000e+03,3.684868781343174082e-01,3.999999999999999112e+00,5.304479529334232835e-02,4.294676074840290362e-05
2.061000000000000000e+03,3.684865991333484136e-01,4.000000000000000000e+00,5.305707820642623779e-02,4.303318153051648219e-05
2.062000000000000000e+03,3.684863166187324346e-01,4.000000000000000888e+00,5.306928064520399779e-02,4.311966056932185586e-05
2.063000000000000000e+03,3.684860305030882022e-01,4.000000000000000000e+00,5.308139966964245393e-02,4.320617163209396666e-05
2.064000000000000000e+03,3.684857407024424991e-01,4.000000000000000000e+00,5.309343237636414414e-02,4.329268832965639383e-05
2.065000000000000000e+03,3.684854471362327688e-01,4.000000000000000000e+00,5.310537589892261323e-02,4.337918412454717828e-05
2.066000000000000000e+03,3.684851497273085585e-01,4.000000000000000000e+00,5.311722740806658349e-02,4.346563234003748057e-05
2.067000000000000000e+03,3.684848484019291881e-01,3.999999999999999556e+00,5.312898411199452192e-02,4.355200616811710936e-05
2.068000000000000000e+03,3.684845430897630836e-01,4.000000000000000888e+00,5.314064325659813987e-02,4.363827867841070193e-05
2.069000000000000000e+03,3.684842337238842247e-01,3.999999999999999112e+00,5.315220212569547048e-02,4.372442282613804495e-05
2.070000000000000000e+03,3.684839202407665382e-01,3.999999999999999556e+00,5.316365804125391947e-02,4.381041146107693667e-05
2.071000000000000000e+03,3.684836025802793458e-01,4.000000000000000888e+00,5.317500836360208871e-02,4.389621733553657911e-05
2.072000000000000000e+03,3.684832806856789267e-01,3.999999999999999556e+00,5.318625049163178131e-02,4.398181311321110523e-05
2.073000000000000000e+03,3.684829545035995801e-01,4.000000000000000000e+00,5.319738186298912652e-02,4.406717137696972738e-05
2.074000000000000000e+03,3.684826239840444106e-01,4.000000000000000000e+00,5.320839995425532404e-02,4.415226463771898557e-05
2.075000000000000000e+03,3.684822890803731710e-01,4.000000000000000000e+00,5.321930228111620975e-02,4.423706534251505977e-05
2.076000000000000000e+03,3.684819497492898832e-01,4.000000000000000000e+00,5.323008639852256502e-02,4.432154588281956296e-05
2.077000000000000000e+03,3.684816059508279062e-01,4.000000000000000000e+00,5.324074990083867143e-02,4.440567860275789543e-05
2.078000000000000000e+03,3.684812576483355584e-01,4.000000000000000000e+00,5.325129042198108176e-02,4.448943580748781519e-05
2.079000000000000000e+03,3.684809048084584648e-01,3.999999999999999556e+00,5.326170563554614990e-02,4.457278977130492659e-05
2.080000000000000000e+03,3.684805474011211834e-01,4.000000000000001776e+00,5.327199325492801285e-02,4.465571274593761297e-05
2.081000000000000000e+03,3.684801853995091081e-01,4.000000000000000000e+00,5.328215103342506115e-02,4.473817696823239703e-05
2.082000000000000000e+03,3.684798187800452096e-01,4.000000000000000000e+00,5.329217676433682660e-02,4.482015466887881384e-05
2.083000000000000000e+03,3.684794475223704402e-01,4.000000000000000000e+00,5.330206828104956662e-02,4.490161807999996446e-05
2.084000000000000000e+03,3.684790716093185314e-01,4.000000000000000000e+00,5.331182345711194676e-02,4.498253944353362914e-05
2.085000000000000000e+03,3.684786910268920690e-01,4.000000000000000000e+00,5.332144020630012748e-02,4.506289101875186664e-05
2.086000000000000000e+03,3.684783057642359583e-01,3.999999999999999556e+00,5.333091648267240803e-02,4.514264509074766781e-05
2.087000000000000000e+03,3.684779158136101129e-01,4.000000000000001776e+00,5.334025028061350343e-02,4.522177397791872196e-05
2.088000000000000000e+03,3.684775211703616993e-01,3.999999999999999556e+00,5.334943963486849655e-02,4.530025004015763603e-05
2.089000000000000000e+03,3.684771218328935505e-01,4.000000000000000000e+00,5.335848262056654134e-02,4.537804568613684476e-05
2.090000000000000000e+03,3.684767178026348011e-01,4.000000000000000000e+00,5.336737735323429654e-02,4.545513338194966818e-05
2.091000000000000000e+03,3.684763090840074140e-01,4.000000000000000000e+00,5.337612198879856940e-02,4.553148565783231083e-05
2.092000000000000000e+03,3.684758956843930955e-01,4.000000000000000000e+00,5.338471472357982778e-02,4.560707511689153341e-05
2.093000000000000000e+03,3.684754776140979349e-01,4.000000000000000000e+00,5.339315379427457542e-02,4.568187444187061646e-05
2.094000000000000000e+03,3.684750548863171549e-01,3.999999999999999556e+00,5.340143747792832490e-02,4.575585640326512856e-05
2.095000000000000000e+03,3.684746275170970864e-01,4.000000000000000000e+00,5.340956409189771131e-02,4.582899386675120883e-05
2.096000000000000000e+03,3.684741955252975876e-01,4.000000000000000000e+00,5.341753199380368244e-02,4.590125980069457496e-05
2.097000000000000000e+03,3.684737589325518536e-01,4.000000000000001776e+00,5.342533958147369783e-02,4.597262728351779215e-05
2.098000000000000000e+03,3.684733177632266710e-01,3.999999999999999556e+00,5.343298529287455328e-02,4.604306951132119122e-05
2.099000000000000000e+03,3.684728720443790073e-01,4.000000000000000000e+00,5.344046760603556045e-02,4.611255980502353927e-05
2.100000000000000000e+03,3.684724218057151557e-01,3.999999999999999556e+00,5.344778503896149835e-02,4.618107161811604356e-05
2.101000000000000000e+03,3.684719670795450486e-01,4.000000000000000888e+00,5.345493614953605865e-02,4.624857854315101693e-05
2.102000000000000000e+03,3.684715079007391259e-01,3.999999999999998668e+00,5.346191953541563902e-02,4.631505431960016158e-05
2.103000000000000000e+03,3.684710443066795404e-01,4.000000000000000888e+00,5.346873383391417128e-02,4.638047284102853155e-05
2.104000000000000000e+03,3.684705763372163601e-01,3.999999999999999112e+00,5.347537772187684058e-02,4.644480816186572088e-05
2.105000000000000000e+03,3.684701040346165524e-01,4.000000000000000888e+00,5.348184991554656015e-02,4.650803450468682333e-05
2.106000000000000000e+03,3.684696274435174113e-01,3.999999999999999556e+00,5.348814917041928851e-02,4.657012626721455554e-05
2.107000000000000000e+03,3.684691466108744873e-01,4.000000000000000000e+00,5.349427428109132521e-02,4.663105802912794509e-05
2.108000000000000000e+03,3.684686615859120717e-01,4.000000000000001776e+00,5.350022408109664923e-02,4.669080455909586165e-05
2.109000000000000000e+03,3.684681724200709052e-01,4.000000000000000000e+00,5.350599744273553532e-02,4.674934082164396057e-05
2.110000000000000000e+03,3.684676791669553308e-01,3.999999999999999556e+00,5.351159327689456596e-02,4.680664198400750461e-05
2.111000000000000000e+03,3.684671818822793377e-01,4.000000000000000888e+00,5.351701053285708859e-02,4.686268342262868951e-05
2.112000000000000000e+03,3.684666806238140468e-01,4.000000000000000000e+00,5.352224819810478401e-02,4.691744073000291302e-05
2.113000000000000000e+03,3.684661754513295362e-01,4.000000000000001776e+00,5.352730529811194904e-02,4.697088972126198285e-05
2.114000000000000000e+03,3.684656664265417714e-01,4.000000000000001776e+00,5.353218089612904462e-02,4.702300644067152337e-05
2.115000000000000000e+03,3.684651536130538751e-01,4.000000000000000888e+00,5.353687409295996430e-02,4.707376716835418105e-05
2.116000000000000000e+03,3.684646370762999501e-01,4.000000000000000888e+00,5.354138402672913022e-02,4.712314842648749333e-05
2.117000000000000000e+03,3.684641168834856817e-01,4.000000000000000000e+00,5.354570987264161558e-02,4.717112698562105354e-05
2.118000000000000000e+03,3.684635931035309397e-01,4.000000000000000000e+00,5.354985084273438528e-02,4.721767987126234789e-05
2.119000000000000000e+03,3.684630658070090492e-01,4.000000000000000000e+00,5.355380618561973033e-02,4.726278436995796418e-05
2.120000000000000000e+03,3.684625350660880594e-01,4.000000000000000888e+00,5.355757518622104169e-02,4.730641803537278113e-05
2.121000000000000000e+03,3.684620009544690156e-01,4.000000000000000000e+00,5.356115716550052808e-02,4.734855869444964618e-05
2.122000000000000000e+03,3.684614635473253408e-01,3.999999999999999112e+00,5.356455148017927326e-02,4.738918445381310043e-05
2.123000000000000000e+03,3.684609229212411630e-01,3.999999999999999112e+00,5.356775752245008376e-02,4.742827370521090802e-05
2.124000000000000000e+03,3.684603791541486983e-01,4.000000000000000888e+00,5.357077471968253041e-02,4.746580513162069613e-05
2.125000000000000000e+03,3.684598323252665231e-01,4.000000000000000888e+00,5.357360253412100926e-02,4.750175771322497282e-05
2.126000000000000000e+03,3.684592825150360684e-01,3.999999999999999112e+00,5.357624046257580819e-02,4.753611073285594289e-05
2.127000000000000000e+03,3.684587298050577275e-01,3.999999999999999112e+00,5.357868803610684599e-02,4.756884378205070927e-05
2.128000000000000000e+03,3.684581742780279612e-01,4.000000000000000000e+00,5.358094481970083339e-02,4.759993676631245216e-05
2.129000000000000000e+03,3.684576160176751269e-01,4.000000000000000000e+00,5.358301041194173109e-02,4.762936991087431203e-05
2.130000000000000000e+03,3.684570551086948642e-01,3.999999999999999112e+00,5.358488444467458811e-02,4.765712376603165176e-05
2.131000000000000000e+03,3.684564916366850351e-01,4.000000000000000000e+00,5.358656658266315598e-02,4.768317921257390955e-05
2.132000000000000000e+03,3.684559256880819422e-01,4.000000000000001776e+00,5.358805652324110519e-02,4.770751746684552590e-05
2.133000000000000000e+03,3.684553573500953805e-01,4.000000000000000000e+00,5.358935399595719101e-02,4.773012008643091701e-05
2.134000000000000000e+03,3.684547867106421348e-01,4.000000000000000000e+00,5.359045876221462529e-02,4.775096897467458147e-05
2.135000000000000000e+03,3.684542138582819204e-01,3.999999999999999112e+00,5.359137061490488324e-02,4.777004638614833193e-05
2.136000000000000000e+03,3.684536388821518238e-01,3.999999999999999112e+00,5.359208937803543182e-02,4.778733493134763887e-05
2.137000000000000000e+03,3.684530618719014106e-01,3.999999999999998668e+00,5.359261490635233716e-02,4.780281758176887477e-05
2.138000000000000000e+03,3.684524829176259453e-01,4.000000000000000888e+00,5.359294708495789678e-02,4.781647767449322605e-05
2.139000000000000000e+03,3.684519021098032754e-01,4.000000000000000888e+00,5.359308582892236689e-02,4.782829891683775778e-05
2.140000000000000000e+03,3.684513195392264961e-01,4.000000000000000888e+00,5.359303108289215772e-02,4.783826539109244878e-05
2.141000000000000000e+03,3.684507352969402239e-01,3.999999999999999556e+00,5.359278282069188104e-02,4.784636155874245439e-05
2.142000000000000000e+03,3.684501494741746486e-01,4.000000000000000000e+00,5.359234104492285877e-02,4.785257226496751159e-05
2.143000000000000000e+03,3.684495621622813633e-01,4.000000000000000888e+00,5.359170578655692713e-02,4.785688274312359033e-05
2.144000000000000000e+03,3.684489734526688598e-01,4.000000000000000888e+00,5.359087710452567488e-02,4.785927861850413994e-05
2.145000000000000000e+03,3.684483834367378030e-01,3.999999999999999556e+00,5.358985508530680203e-02,4.785974591273520077e-05
2.146000000000000000e+03,3.684477922058164712e-01,4.000000000000000000e+00,5.358863984250556572e-02,4.785827104767359215e-05
2.147000000000000000e+03,3.684471998510986390e-01,3.999999999999999556e+00,5.358723151643304122e-02,4.785484084919431518e-05
2.148000000000000000e+03,3.684466064635782967e-01,4.000000000000000000e+00,5.358563027368124648e-02,4.784944255080530984e-05
2.149000000000000000e+03,3.684460121339880323e-01,3.999999999999999556e+00,5.358383630669476955e-02,4.784206379766969602e-05
2.150000000000000000e+03,3.684454169527357492e-01,3.999999999999999112e+00,5.358184983333926649e-02,4.783269264972368144e-05
2.151000000000000000e+03,3.684448210098429377e-01,3.999999999999999556e+00,5.357967109646771114e-02,4.782131758539068592e-05
2.152000000000000000e+03,3.684442243948828355e-01,4.000000000000000000e+00,5.357730036348307134e-02,4.780792750472240385e-05
2.153000000000000000e+03,3.684436271969196985e-01,3.999999999999999556e+00,5.357473792589965284e-02,4.779251173245523788e-05
2.154000000000000000e+03,3.684430295044477388e-01,4.000000000000000000e+00,5.357198409890150809e-02,4.777506002151639186e-05
2.155000000000000000e+03,3.684424314053317828e-01,3.999999999999999556e+00,5.356903922089914505e-02,4.775556255539360479e-05
2.156000000000000000e+03,3.684418329867477082e-01,3.999999999999998668e+00,5.356590365308408486e-02,4.773400995124803080e-05
2.157000000000000000e+03,3.684412343351239350e-01,4.000000000000001776e+00,5.356257777898237177e-02,4.771039326264394167e-05
2.158000000000000000e+03,3.684406355360840268e-01,3.999999999999999556e+00,5.355906200400634837e-02,4.768470398217303149e-05
2.159000000000000000e+03,3.684400366743884048e-01,3.999999999999999556e+00,5.355535675500537607e-02,4.765693404332957812e-05
2.160000000000000000e+03,3.684394378338790021e-01,4.000000000000000888e+00,5.355146247981545232e-02,4.762707582384585574e-05
2.161000000000000000e+03,3.684388390974236427e-01,3.999999999999999112e+00,5.354737964680794660e-02,4.759512214667770841e-05
2.162000000000000000e+03,3.684382405468603627e-01,4.000000000000001776e+00,5.354310874443838492e-02,4.756106628289911243e-05
2.163000000000000000e+03,3.684376422629450087e-01,4.000000000000000000e+00,5.353865028079437399e-02,4.752490195344479418e-05
2.164000000000000000e+03,3.684370443252970584e-01,3.999999999999999556e+00,5.353400478314321309e-02,4.748662333075680790e-05
2.165000000000000000e+03,3.684364468123476621e-01,4.000000000000000000e+00,5.352917279748038715e-02,4.744622504008290848e-05
2.166000000000000000e+03,3.684358498012897387e-01,3.999999999999999112e+00,5.352415488807749783e-02,4.740370216185625326e-05
2.167000000000000000e+03,3.684352533680260167e-01,4.000000000000000888e+00,5.351895163703133951e-02,4.735905023210138155e-05
2.168000000000000000e+03,3.684346575871222385e-01,3.999999999999998668e+00,5.351356364381307240e-02,4.731226524446994645e-05
2.169000000000000000e+03,3.684340625317562568e-01,3.999999999999999556e+00,5.350799152481925530e-02,4.726334365078574336e-05
2.170000000000000000e+03,3.684334682736742916e-01,4.000000000000000000e+00,5.350223591292278813e-02,4.721228236209576938e-05
2.171000000000000000e+03,3.684328748831422473e-01,3.999999999999999112e+00,5.349629745702621370e-02,4.715907874953021930e-05
2.172000000000000000e+03,3.684322824289023579e-01,4.000000000000000888e+00,5.349017682161621989e-02,4.710373064491436184e-05
2.173000000000000000e+03,3.684316909781298333e-01,4.000000000000000000e+00,5.348387468631975866e-02,4.704623634117732452e-05
2.174000000000000000e+03,3.684311005963897268e-01,3.999999999999999112e+00,5.347739174546226049e-02,4.698659459314261262e-05
2.175000000000000000e+03,3.684305113475951909e-01,4.000000000000000888e+00,5.347072870762831220e-02,4.692480461699098182e-05
2.176000000000000000e+03,3.684299232939693414e-01,3.999999999999999112e+00,5.346388629522388219e-02,4.686086609094751069e-05
2.177000000000000000e+03,3.684293364960043449e-01,3.999999999999999556e+00,5.345686524404213297e-02,4.679477915487598031e-05
2.178000000000000000e+03,3.684287510124255594e-01,3.999999999999999556e+00,5.344966630283135012e-02,4.672654441013630850e-05
2.179000000000000000e+03,3.684281669001537862e-01,4.000000000000000888e+00,5.344229023286616032e-02,4.665616291904215731e-05
2.180000000000000000e+03,3.684275842142722412e-01,4.000000000000000000e+00,5.343473780752144159e-02,4.658363620457760392e-05
2.181000000000000000e+03,3.684270030079910274e-01,4.000000000000000000e+00,5.342700981185035530e-02,4.650896624952825423e-05
2.182000000000000000e+03,3.684264233326157711e-01,3.999999999999999556e+00,5.341910704216546596e-02,4.643215549554055517e-05
2.183000000000000000e+03,3.684258452375165915e-01,4.000000000000000000e+00,5.341103030562333043e-02,4.635320684240447977e-05
2.184000000000000000e+03,3.684252687700990125e-01,4.000000000000000000e+00,5.340278041981375012e-02,4.627212364660132643e-05
2.185000000000000000e+03,3.684246939757749861e-01,3.999999999999999112e+00,5.339435821235249957e-02,4.618890972021232039e-05
2.186000000000000000e+03,3.684241208979361915e-01,3.999999999999999556e+00,5.338576452047869708e-02,4.610356932926312507e-05
2.187000000000000000e+03,3.684235495779294434e-01,4.000000000000000888e+00,5.337700019065641510e-02,4.601610719219834252e-05
2.188000000000000000e+03,3.684229800550324896e-01,3.999999999999999556e+00,5.336806607818130044e-02,4.592652847833559698e-05
2.189000000000000000e+03,3.684224123664304740e-01,3.999999999999998668e+00,5.335896304679129537e-02,4.583483880538621522e-05
2.190000000000000000e+03,3.684218465471962300e-01,3.999999999999999556e+00,5.334969196828334009e-02,4.574104423804863009e-05
2.191000000000000000e+03,3.684212826302704635e-01,4.000000000000000000e+00,5.334025372213434257e-02,4.564515128518318682e-05
2.192000000000000000e+03,3.684207206464428785e-01,4.000000000000000000e+00,5.333064919512778279e-02,4.554716689789350498e-05
2.193000000000000000e+03,3.684201606243361349e-01,4.000000000000000000e+00,5.332087928098597218e-02,4.544709846680149216e-05
2.194000000000000000e+03,3.684196025903906935e-01,4.000000000000000000e+00,5.331094488000770459e-02,4.534495381938191428e-05
2.195000000000000000e+03,3.684190465688507721e-01,3.999999999999999556e+00,5.330084689871144449e-02,4.524074121712464542e-05
2.196000000000000000e+03,3.684184925817520218e-01,4.000000000000000000e+00,5.329058624948501688e-02,4.513446935254020989e-05
2.197000000000000000e+03,3.684179406489114794e-01,3.999999999999999112e+00,5.328016385024047369e-02,4.502614734619503817e-05
2.198000000000000000e+03,3.684173907879175203e-01,4.000000000000000888e+00,5.326958062407625982e-02,4.491578474318511961e-05
2.199000000000000000e+03,3.684168430141230854e-01,4.000000000000000000e+00,5.325883749894454872e-02,4.480339150990325723e-05
2.200000000000000000e+03,3.684162973406379105e-01,4.000000000000000000e+00,5.324793540732562086e-02,4.468897803056568369e-05
2.201000000000000000e+03,3.684157537783254721e-01,4.000000000000000000e+00,5.323687528590862611e-02,4.457255510325100321e-05
2.202000000000000000e+03,3.684152123357981590e-01,4.000000000000000000e+00,5.322565807527925019e-02,4.445413393620903207e-05
2.203000000000000000e+03,3.684146730194167163e-01,4.000000000000000888e+00,5.321428471961338336e-02,4.433372614377470487e-05
2.204000000000000000e+03,3.684141358332892469e-01,3.999999999999999112e+00,5.320275616637873406e-02,4.421134374250336815e-05
2.205000000000000000e+03,3.684136007792718770e-01,3.999999999999999556e+00,5.319107336604263214e-02,4.408699914667462105e-05
2.206000000000000000e+03,3.684130678569724759e-01,4.000000000000000000e+00,5.317923727178665988e-02,4.396070516401228497e-05
2.207000000000000000e+03,3.684125370637543195e-01,3.999999999999999556e+00,5.316724883922958195e-02,4.383247499105236660e-05
2.208000000000000000e+03,3.684120083947406421e-01,4.000000000000000888e+00,5.315510902615640937e-02,4.370232220851070928e-05
2.209000000000000000e+03,3.684114818428231297e-01,4.000000000000000000e+00,5.314281879225482563e-02,4.357026077664040545e-05
2.210000000000000000e+03,3.684109573986690256e-01,4.000000000000000000e+00,5.313037909885944682e-02,4.343630503008030482e-05
2.211000000000000000e+03,3.684104350507315662e-01,3.999999999999999112e+00,5.311779090870365899e-02,4.330046967307260542e-05
2.212000000000000000e+03,3.684099147852607503e-01,4.000000000000000000e+00,5.310505518567799899e-02,4.316276977432929185e-05
2.213000000000000000e+03,3.684093965863162179e-01,3.999999999999999112e+00,5.309217289459687572e-02,4.302322076122284446e-05
2.214000000000000000e+03,3.684088804357810720e-01,4.000000000000001776e+00,5.307914500097282717e-02,4.288183841505456426e-05
2.215000000000000000e+03,3.684083663133776998e-01,4.000000000000000000e+00,5.306597247079757051e-02,4.273863886532390039e-05
2.216000000000000000e+03,3.684078541966827602e-01,4.000000000000001776e+00,5.305265627033230180e-02,4.259363858390234739e-05
2.217000000000000000e+03,3.684073440611475569e-01,4.000000000000000888e+00,5.303919736590359535e-02,4.244685437945704788e-05
2.218000000000000000e+03,3.684068358801149690e-01,3.999999999999999112e+00,5.302559672370898980e-02,4.229830339170258978e-05
2.219000000000000000e+03,3.684063296248413222e-01,4.000000000000000000e+00,5.301185530962880532e-02,4.214800308524075257e-05
2.220000000000000000e+03,3.684058252645181497e-01,3.999999999999999556e+00,5.299797408904650259e-02,4.199597124370105857e-05
2.221000000000000000e+03,3.684053227662946739e-01,4.000000000000000000e+00,5.298395402667657739e-02,4.184222596336973672e-05
2.222000000000000000e+03,3.684048220953026753e-01,3.999999999999999112e+00,5.296979608639985904e-02,4.168678564748505057e-05
2.223000000000000000e+03,3.684043232146814728e-01,4.000000000000000000e+00,5.295550123110704527e-02,4.152966899911072216e-05
2.224000000000000000e+03,3.684038260856046243e-01,4.000000000000000000e+00,5.294107042254950907e-02,4.137089501544371481e-05
2.225000000000000000e+03,3.684033306673082375e-01,3.999999999999999556e+00,5.292650462119774524e-02,4.121048298079268231e-05
2.226000000000000000e+03,3.684028369171191697e-01,4.000000000000000000e+00,5.291180478610804649e-02,4.104845246033001676e-05
2.227000000000000000e+03,3.684023447904854476e-01,3.999999999999999556e+00,5.289697187479606988e-02,4.088482329327532719e-05
2.228000000000000000e+03,3.684018542410073538e-01,4.000000000000000000e+00,5.288200684311841759e-02,4.071961558618649140e-05
2.229000000000000000e+03,3.684013652204691791e-01,4.000000000000000888e+00,5.286691064516143429e-02,4.055284970616560469e-05
2.230000000000000000e+03,3.684008776788730843e-01,4.000000000000000000e+00,5.285168423313785224e-02,4.038454627379526040e-05
2.231000000000000000e+03,3.684003915644725735e-01,3.999999999999999556e+00,5.283632855729052114e-02,4.021472615659221848e-05
2.232000000000000000e+03,3.683999068238076324e-01,3.999999999999999556e+00,5.282084456580372206e-02,4.004341046147243761e-05
2.233000000000000000e+03,3.683994234017411440e-01,3.999999999999999556e+00,5.280523320472164939e-02,3.987062052823754768e-05
2.234000000000000000e+03,3.683989412414956921e-01,3.999999999999999112e+00,5.278949541787406052e-02,3.969637792205955331e-05
2.235000000000000000e+03,3.683984602846907541e-01,4.000000000000000000e+00,5.277363214680917680e-02,3.952070442632678006e-05
2.236000000000000000e+03,3.683979804713829465e-01,3.999999999999998224e+00,5.275764433073354409e-02,3.934362203554630079e-05
2.237000000000000000e+03,3.683975017401027729e-01,3.999999999999999556e+00,5.274153290645913761e-02,3.916515294817510273e-05
2.238000000000000000e+03,3.683970240278978681e-01,4.000000000000000000e+00,5.272529880835690602e-02,3.898531955922664188e-05
2.239000000000000000e+03,3.683965472703715216e-01,4.000000000000000000e+00,5.270894296831707404e-02,3.880414445267390611e-05
2.240000000000000000e+03,3.683960714017258664e-01,4.000000000000000000e+00,5.269246631571686268e-02,3.862165039434640020e-05
2.241000000000000000e+03,3.683955963548035673e-01,4.000000000000000000e+00,5.267586977739394105e-02,3.843786032454668832e-05
2.242000000000000000e+03,3.683951220611306754e-01,4.000000000000000000e+00,5.265915427762671991e-02,3.825279735070520219e-05
2.243000000000000000e+03,3.683946484509605934e-01,3.999999999999999556e+00,5.264232073812068896e-02,3.806648473949088133e-05
2.244000000000000000e+03,3.683941754533179846e-01,4.000000000000000000e+00,5.262537007800146410e-02,3.787894590980484178e-05
2.245000000000000000e+03,3.683937029960440146e-01,4.000000000000000888e+00,5.260830321381361474e-02,3.769020442501145088e-05
2.246000000000000000e+03,3.683932310058408155e-01,4.000000000000000888e+00,5.259112105952491040e-02,3.750028398567037126e-05
2.247000000000000000e+03,3.683927594083176160e-01,3.999999999999999112e+00,5.257382452653799887e-02,3.730920842189710965e-05
2.248000000000000000e+03,3.683922881280368156e-01,3.999999999999999556e+00,5.255641452370572037e-02,3.711700168582874021e-05
2.249000000000000000e+03,3.683918170885602805e-01,4.000000000000000000e+00,5.253889195735352707e-02,3.692368784422452954e-05
2.250000000000000000e+03,3.683913462124969174e-01,4.000000000000000888e+00,5.252125773130664893e-02,3.672929107091955762e-05
2.251000000000000000e+03,3.683908754215494130e-01,4.000000000000000000e+00,5.250351274692274806e-02,3.653383563943896989e-05
2.252000000000000000e+03,3.683904046365615859e-01,3.999999999999999556e+00,5.248565790312929857e-02,3.633734591513804689e-05
2.253000000000000000e+03,3.683899337775666250e-01,4.000000000000000000e+00,5.246769409646651755e-02,3.613984634837382441e-05
2.254000000000000000e+03,3.683894627638351627e-01,4.000000000000000000e+00,5.244962222113459804e-02,3.594136146652367821e-05
2.255000000000000000e+03,3.683889915139232363e-01,4.000000000000000000e+00,5.243144316904584101e-02,3.574191586675840504e-05
2.256000000000000000e+03,3.683885199457211934e-01,3.999999999999999556e+00,5.241315782988151956e-02,3.554153420857379084e-05
2.257000000000000000e+03,3.683880479765009319e-01,4.000000000000000888e+00,5.239476709115233055e-02,3.534024120673807891e-05
2.258000000000000000e+03,3.683875755229673032e-01,3.999999999999999556e+00,5.237627183826380761e-02,3.513806162342120420e-05
2.259000000000000000e+03,3.683871025013032430e-01,3.999999999999999112e+00,5.235767295458540471e-02,3.493502026131730596e-05
2.260000000000000000e+03,3.683866288272212852e-01,4.000000000000000000e+00,5.233897132152316722e-02,3.473114195617972469e-05
2.261000000000000000e+03,3.683861544160114687e-01,4.000000000000000888e+00,5.232016781859678833e-02,3.452645156970593894e-05
2.262000000000000000e+03,3.683856791825898536e-01,3.999999999999999112e+00,5.230126332351915652e-02,3.432097398236801420e-05
2.263000000000000000e+03,3.683852030415468715e-01,3.999999999999999556e+00,5.228225871228040639e-02,3.411473408602850167e-05
2.264000000000000000e+03,3.683847259071967306e-01,3.999999999999999112e+00,5.226315485923400950e-02,3.390775677733670515e-05
2.265000000000000000e+03,3.683842476936252108e-01,4.000000000000000888e+00,5.224395263718673715e-02,3.370006695042121258e-05
2.266000000000000000e+03,3.683837683147386799e-01,4.000000000000000000e+00,5.222465291749091298e-02,3.349168948971604880e-05
2.267000000000000000e+03,3.683832876843108339e-01,4.000000000000000000e+00,5.220525657013948273e-02,3.328264926342313290e-05
2.268000000000000000e+03,3.683828057160317693e-01,3.999999999999999556e+00,5.218576446386377632e-02,3.307297111652729899e-05
2.269000000000000000e+03,3.683823223235552224e-01,4.000000000000000000e+00,5.216617746623312263e-02,3.286267986421428775e-05
2.270000000000000000e+03,3.683818374205455326e-01,4.000000000000000000e+00,5.214649644375683041e-02,3.265180028487658535e-05
2.271000000000000000e+03,3.683813509207256587e-01,4.000000000000000000e+00,5.212672226198843822e-02,3.244035711339717041e-05
2.272000000000000000e+03,3.683808627379223655e-01,3.999999999999999112e+00,5.210685578563118564e-02,3.222837503497994290e-05
2.273000000000000000e+03,3.683803727861137967e-01,4.000000000000000000e+00,5.208689787864546200e-02,3.201587867859545771e-05
2.274000000000000000e+03,3.683798809794749385e-01,4.000000000000000888e+00,5.206684940435767767e-02,3.180289261015588554e-05
2.275000000000000000e+03,3.683793872324232499e-01,3.999999999999999556e+00,5.204671122557031487e-02,3.158944132664860498e-05
2.276000000000000000e+03,3.683788914596632935e-01,4.000000000000000000e+00,5.202648420467325535e-02,3.137554924965729497e-05
2.277000000000000000e+03,3.683783935762319772e-01,4.000000000000000000e+00,5.200616920375573243e-02,3.116124071941005788e-05
2.278000000000000000e+03,3.683778934975425745e-01,4.000000000000000000e+00,5.198576708471971258e-02,3.094653998851858563e-05
2.279000000000000000e+03,3.683773911394274680e-01,4.000000000000000000e+00,5.196527870939303406e-02,3.073147121602958284e-05
2.280000000000000000e+03,3.683768864181825586e-01,3.999999999999999112e+00,5.194470493964362806e-02,3.051605846154335631e-05
2.281000000000000000e+03,3.683763792506083434e-01,3.999999999999999556e+00,5.192404663749395494e-02,3.030032567949694227e-05
2.282000000000000000e+03,3.683758695540528816e-01,4.000000000000000000e+00,5.190330466523559311e-02,3.008429671335692988e-05
2.283000000000000000e+03,3.683753572464528725e-01,4.000000000000001776e+00,5.188247988554339080e-02,2.986799529010507678e-05
2.284000000000000000e+03,3.683748422463740679e-01,3.999999999999999112e+00,5.186157316159006880e-02,2.965144501482693074e-05
2.285000000000000000e+03,3.683743244730508515e-01,3.999999999999999112e+00,5.184058535716041388e-02,2.943466936500202118e-05
2.286000000000000000e+03,3.683738038464267062e-01,3.999999999999999556e+00,5.181951733676428556e-02,2.921769168530857921e-05
2.287000000000000000e+03,3.683732802871921841e-01,4.000000000000000000e+00,5.179836996575021280e-02,2.900053518278493985e-05
2.288000000000000000e+03,3.683727537168228205e-01,3.999999999999999556e+00,5.177714411041702686e-02,2.878322292140390640e-05
2.289000000000000000e+03,3.683722240576166040e-01,4.000000000000000000e+00,5.175584063812600777e-02,2.856577781682899638e-05
2.290000000000000000e+03,3.683716912327306692e-01,3.999999999999999556e+00,5.173446041741002616e-02,2.834822263219023412e-05
2.291000000000000000e+03,3.683711551662164352e-01,3.999999999999999112e+00,5.171300431808393411e-02,2.813057997277077738e-05
2.292000000000000000e+03,3.683706157830549666e-01,4.000000000000000000e+00,5.169147321135145190e-02,2.791287228151633493e-05
2.293000000000000000e+03,3.683700730091917785e-01,3.999999999999999112e+00,5.166986796991220737e-02,2.769512183460077630e-05
2.294000000000000000e+03,3.683695267715687560e-01,4.000000000000000000e+00,5.164818946806639527e-02,2.747735073688845766e-05
2.295000000000000000e+03,3.683689769981587370e-01,3.999999999999999556e+00,5.162643858181806961e-02,2.725958091741071017e-05
2.296000000000000000e+03,3.683684236179952665e-01,3.999999999999999112e+00,5.160461618897663194e-02,2.704183412550337985e-05
2.297000000000000000e+03,3.683678665612050707e-01,3.999999999999999556e+00,5.158272316925641143e-02,2.682413192648767450e-05
2.298000000000000000e+03,3.683673057590376443e-01,4.000000000000000888e+00,5.156076040437416325e-02,2.660649569765908320e-05
2.299000000000000000e+03,3.683667411438945605e-01,4.000000000000000888e+00,5.153872877814467957e-02,2.638894662456841038e-05
2.300000000000000000e+03,3.683661726493578925e-01,3.999999999999998668e+00,5.151662917657368057e-02,2.617150569695758300e-05
2.301000000000000000e+03,3.683656002102173033e-01,3.999999999999999112e+00,5.149446248794940090e-02,2.595419370552806403e-05
2.302000000000000000e+03,3.683650237624979118e-01,3.999999999999998224e+00,5.147222960293029725e-02,2.573703123805703692e-05
2.303000000000000000e+03,3.683644432434848293e-01,3.999999999999999556e+00,5.144993141463171521e-02,2.552003867620825209e-05
2.304000000000000000e+03,3.683638585917488051e-01,4.000000000000000000e+00,5.142756881870887142e-02,2.530323619211284622e-05
2.305000000000000000e+03,3.683632697471703188e-01,3.999999999999999556e+00,5.140514271343765706e-02,2.508664374511177897e-05
2.306000000000000000e+03,3.683626766509620065e-01,4.000000000000000000e+00,5.138265399979285997e-02,2.487028107886707110e-05
2.307000000000000000e+03,3.683620792456916426e-01,4.000000000000000000e+00,5.136010358152317407e-02,2.465416771829668366e-05
2.308000000000000000e+03,3.683614774753033450e-01,3.999999999999998224e+00,5.133749236522291981e-02,2.443832296703262629e-05
2.309000000000000000e+03,3.683608712851368927e-01,4.000000000000000888e+00,5.131482126040231434e-02,2.422276590412760167e-05
2.310000000000000000e+03,3.683602606219497089e-01,4.000000000000000000e+00,5.129209117955255831e-02,2.400751538194767899e-05
2.311000000000000000e+03,3.683596454339327364e-01,4.000000000000000000e+00,5.126930303820942392e-02,2.379259002341053969e-05
2.312000000000000000e+03,3.683590256707298116e-01,4.000000000000000888e+00,5.124645775501331796e-02,2.357800821974980848e-05
2.313000000000000000e+03,3.683584012834539845e-01,4.000000000000000000e+00,5.122355625176538280e-02,2.336378812840601588e-05
2.314000000000000000e+03,3.683577722247035058e-01,4.000000000000000000e+00,5.120059945348137687e-02,2.314994767052089178e-05
2.315000000000000000e+03,3.683571384485765376e-01,4.000000000000000888e+00,5.117758828844146124e-02,2.293650452924461753e-05
2.316000000000000000e+03,3.683564999106856419e-01,3.999999999999998668e+00,5.115452368823694695e-02,2.272347614758507379e-05
2.317000000000000000e+03,3.683558565681703811e-01,3.999999999999999556e+00,5.113140658781349657e-02,2.251087972687619148e-05
2.318000000000000000e+03,3.683552083797104748e-01,3.999999999999998668e+00,5.110823792551098810e-02,2.229873222496285841e-05
2.319000000000000000e+03,3.683545553055362909e-01,4.000000000000000000e+00,5.108501864309965973e-02,2.208705035452966235e-05
2.320000000000000000e+03,3.683538973074399481e-01,4.000000000000000000e+00,5.106174968581338874e-02,2.187585058187575270e-05
2.321000000000000000e+03,3.683532343487846417e-01,4.000000000000000000e+00,5.103843200237818262e-02,2.166514912534717901e-05
2.322000000000000000e+03,3.683525663945135253e-01,4.000000000000000000e+00,5.101506654503863009e-02,2.145496195434550330e-05
2.323000000000000000e+03,3.683518934111572607e-01,4.000000000000000000e+00,5.099165426957959907e-02,2.124530478806503997e-05
2.324000000000000000e+03,3.683512153668415112e-01,3.999999999999999112e+00,5.096819613534487453e-02,2.103619309455650150e-05
2.325000000000000000e+03,3.683505322312924379e-01,3.999999999999999556e+00,5.094469310525220201e-02,2.082764208984074115e-05
2.326000000000000000e+03,3.683498439758428611e-01,3.999999999999999112e+00,5.092114614580416088e-02,2.061966673718657262e-05
2.327000000000000000e+03,3.683491505734355909e-01,3.999999999999998668e+00,5.089755622709618565e-02,2.041228174634155911e-05
2.328000000000000000e+03,3.683484519986279793e-01,4.000000000000000000e+00,5.087392432282068777e-02,2.020550157288946772e-05
2.329000000000000000e+03,3.683477482275942516e-01,3.999999999999999112e+00,5.085025141026697920e-02,1.999934041807511993e-05
2.330000000000000000e+03,3.683470392381272829e-01,4.000000000000000000e+00,5.082653847031853855e-02,1.979381222830679026e-05
2.331000000000000000e+03,3.683463250096403185e-01,3.999999999999999112e+00,5.080278648744596809e-02,1.958893069508208410e-05
2.332000000000000000e+03,3.683456055231665305e-01,4.000000000000000000e+00,5.077899644969635640e-02,1.938470925447501183e-05
2.333000000000000000e+03,3.683448807613592391e-01,4.000000000000000000e+00,5.075516934867973368e-02,1.918116108771211693e-05
2.334000000000000000e+03,3.683441507084904698e-01,4.000000000000000000e+00,5.073130617955079469e-02,1.897829912083705430e-05
2.335000000000000000e+03,3.683434153504485664e-01,4.000000000000000000e+00,5.070740794098820697e-02,1.877613602503174110e-05
2.336000000000000000e+03,3.683426746747359148e-01,4.000000000000001776e+00,5.068347563516959614e-02,1.857468421685747997e-05
2.337000000000000000e+03,3.683419286704658901e-01,3.999999999999999112e+00,5.065951026774320742e-02,1.837395585895086768e-05
2.338000000000000000e+03,3.683411773283568058e-01,4.000000000000000000e+00,5.063551284779672923e-02,1.817396286033913540e-05
2.339000000000000000e+03,3.683404206407289161e-01,4.000000000000000000e+00,5.061148438782105824e-02,1.797471687709357698e-05
2.340000000000000000e+03,3.683396586014980878e-01,4.000000000000000000e+00,5.058742590367253100e-02,1.777622931318591619e-05
2.341000000000000000e+03,3.683388912061688614e-01,3.999999999999999556e+00,5.056333841453038158e-02,1.757851132125849011e-05
2.342000000000000000e+03,3.683381184518279561e-01,4.000000000000000888e+00,5.053922294285136813e-02,1.738157380338590789e-05
2.343000000000000000e+03,3.683373403371368315e-01,4.000000000000000000e+00,5.051508051432111734e-02,1.718542741273608915e-05
2.344000000000000000e+03,3.683365568623225283e-01,4.000000000000000000e+00,5.049091215780170810e-02,1.699008255405129737e-05
2.345000000000000000e+03,3.683357680291690084e-01,3.999999999999999556e+00,5.046671890527677784e-02,1.679554938547739228e-05
2.346000000000000000e+03,3.683349738410076624e-01,4.000000000000000000e+00,5.044250179179270155e-02,1.660183781969214883e-05
2.347000000000000000e+03,3.683341743027068182e-01,3.999999999999999112e+00,5.041826185539673849e-02,1.640895752545060111e-05
2.348000000000000000e+03,3.683333694206607500e-01,3.999999999999999556e+00,5.039400013707259762e-02,1.621691792944785748e-05
2.349000000000000000e+03,3.683325592027787421e-01,4.000000000000000000e+00,5.036971768067215194e-02,1.602572821754193836e-05
2.350000000000000000e+03,3.683317436584722104e-01,4.000000000000000888e+00,5.034541553284474502e-02,1.583539733713443007e-05
2.351000000000000000e+03,3.683309227986431567e-01,4.000000000000000000e+00,5.032109474296289631e-02,1.564593399894750235e-05
2.352000000000000000e+03,3.683300966356699013e-01,3.999999999999999112e+00,5.029675636304618142e-02,1.545734667916373383e-05
2.353000000000000000e+03,3.683292651833939280e-01,3.999999999999999112e+00,5.027240144768083813e-02,1.526964362151729407e-05
2.354000000000000000e+03,3.683284284571055056e-01,4.000000000000000000e+00,5.024803105393765151e-02,1.508283283956005654e-05
2.355000000000000000e+03,3.683275864735299776e-01,3.999999999999999112e+00,5.022364624128643901e-02,1.489692211963543641e-05
2.356000000000000000e+03,3.683267392508107196e-01,3.999999999999998668e+00,5.019924807150841911e-02,1.471191902281587853e-05
2.357000000000000000e+03,3.683258868084945958e-01,4.000000000000000000e+00,5.017483760860538822e-02,1.452783088778219339e-05
2.358000000000000000e+03,3.683250291675164156e-01,4.000000000000000000e+00,5.015041591870666310e-02,1.434466483415026892e-05
2.359000000000000000e+03,3.683241663501808372e-01,4.000000000000001776e+00,5.012598406997316458e-02,1.416242776496807782e-05
2.360000000000000000e+03,3.683232983801468241e-01,4.000000000000000000e+00,5.010154313249969710e-02,1.398112636988861729e-05
2.361000000000000000e+03,3.683224252824087719e-01,3.999999999999999556e+00,5.007709417821436249e-02,1.380076712871043051e-05
2.362000000000000000e+03,3.683215470832799099e-01,3.999999999999999556e+00,5.005263828077521210e-02,1.362135631470489602e-05
2.363000000000000000e+03,3.683206638103734831e-01,4.000000000000000000e+00,5.002817651546585809e-02,1.344289999813259016e-05
2.364000000000000000e+03,3.683197754925847112e-01,4.000000000000000000e+00,5.000370995908750421e-02,1.326540405016077548e-05
2.365000000000000000e+03,3.683188821600707485e-01,4.000000000000000888e+00,4.997923968984996357e-02,1.308887414637079818e-05
2.366000000000000000e+03,3.683179838442330878e-01,4.000000000000000000e+00,4.995476678726015057e-02,1.291331577149167237e-05
2.367000000000000000e+03,3.683170805776958545e-01,3.999999999999999112e+00,4.993029233200827616e-02,1.273873422339221083e-05
2.368000000000000000e+03,3.683161723942875998e-01,4.000000000000000888e+00,4.990581740585262743e-02,1.256513461752539832e-05
2.369000000000000000e+03,3.683152593290207055e-01,3.999999999999999556e+00,4.988134309150216161e-02,1.239252189161016975e-05
2.370000000000000000e+03,3.683143414180700681e-01,3.999999999999999112e+00,4.985687047249753867e-02,1.222090081070022301e-05
2.371000000000000000e+03,3.683134186987533365e-01,3.999999999999999556e+00,4.983240063309003764e-02,1.205027597209576823e-05
2.372000000000000000e+03,3.683124912095090409e-01,3.999999999999999112e+00,4.980793465811957088e-02,1.188065181133431736e-05
2.373000000000000000e+03,3.683115589898759978e-01,4.000000000000000000e+00,4.978347363288992966e-02,1.171203260676165347e-05
2.374000000000000000e+03,3.683106220804715503e-01,3.999999999999999112e+00,4.975901864304364819e-02,1.154442248652072832e-05
2.375000000000000000e+03,3.683096805229692516e-01,3.999999999999999112e+00,4.973457077443473040e-02,1.137782543390062808e-05
2.376000000000000000e+03,3.683087343600779384e-01,4.000000000000000000e+00,4.971013111300014164e-02,1.121224529454763239e-05
2.377000000000000000e+03,3.683077836355190260e-01,4.000000000000000000e+00,4.968570074463020403e-02,1.104768578261260515e-05
2.378000000000000000e+03,3.683068283940040821e-01,4.000000000000001776e+00,4.966128075503735417e-02,1.088415048828524245e-05
2.379000000000000000e+03,3.683058686812130111e-01,3.999999999999999112e+00,4.963687222962372830e-02,1.072164288527399187e-05
2.380000000000000000e+03,3.683049045437702951e-01,4.000000000000000000e+00,4.961247625334853917e-02,1.056016633873202598e-05
2.381000000000000000e+03,3.683039360292235109e-01,3.999999999999999556e+00,4.958809391059276761e-02,1.039972411341538776e-05
2.382000000000000000e+03,3.683029631860198494e-01,3.999999999999998668e+00,4.956372628502406230e-02,1.024031938240804481e-05
2.383000000000000000e+03,3.683019860634824671e-01,4.000000000000000000e+00,4.953937445946075130e-02,1.008195523694047680e-05
2.384000000000000000e+03,3.683010047117892816e-01,4.000000000000000000e+00,4.951503951573400786e-02,9.924634695126860961e-06
2.385000000000000000e+03,3.683000191819474911e-01,4.000000000000000000e+00,4.949072253455051584e-02,9.768360713387985600e-06
2.386000000000000000e+03,3.682990295257719260e-01,3.999999999999999112e+00,4.946642459535321307e-02,9.613136196499593510e-06
2.387000000000000000e+03,3.682980357958607898e-01,4.000000000000000000e+00,4.944214677618241627e-02,9.458964009646695867e-06
2.388000000000000000e+03,3.682970380455731219e-01,4.000000000000000888e+00,4.941789015353521830e-02,9.305846990605650903e-06
2.389000000000000000e+03,3.682960363290050387e-01,3.999999999999998668e+00,4.939365580222567637e-02,9.153787962485623137e-06
2.390000000000000000e+03,3.682950307009651425e-01,4.000000000000000888e+00,4.936944479524331408e-02,9.002789747627950191e-06
2.391000000000000000e+03,3.682940212169534822e-01,4.000000000000000000e+00,4.934525820361196358e-02,8.852855182299667369e-06
2.392000000000000000e+03,3.682930079331355744e-01,3.999999999999998668e+00,4.932109709624789284e-02,8.703987132436993959e-06
2.393000000000000000e+03,3.682919909063201436e-01,4.000000000000000000e+00,4.929696253981786375e-02,8.556188510128577440e-06
2.394000000000000000e+03,3.682909701939359182e-01,4.000000000000000000e+00,4.927285559859685693e-02,8.409462291368155482e-06
2.395000000000000000e+03,3.682899458540076498e-01,3.999999999999998224e+00,4.924877733432563021e-02,8.263811535249310168e-06
2.396000000000000000e+03,3.682889179451321882e-01,3.999999999999998224e+00,4.922472880606816592e-02,8.119239403806447378e-06
2.397000000000000000e+03,3.682878865264560542e-01,4.000000000000000000e+00,4.920071107006920158e-02,7.975749184060496196e-06
2.398000000000000000e+03,3.682868516576521811e-01,3.999999999999999112e+00,4.917672517961118456e-02,7.833344311086939824e-06
2.399000000000000000e+03,3.682858133988951010e-01,4.000000000000000000e+00,4.915277218487257294e-02,7.692028393402189221e-06
2.400000000000000000e+03,3.682847718108399060e-01,3.999999999999999556e+00,4.912885313278460286e-02,7.551805239176546552e-06
2.401000000000000000e+03,3.682837269545971570e-01,4.000000000000000000e+00,4.910496906688949920e-02,7.412678885495031194e-06
2.402000000000000000e+03,3.682826788917112903e-01,3.999999999999999112e+00,4.908112102719832531e-02,7.274653629304371361e-06
2.403000000000000000e+03,3.682816276841365255e-01,3.999999999999999112e+00,4.905731005004949907e-02,7.137734060849053718e-06
2.404000000000000000e+03,3.682805733942148274e-01,3.999999999999998668e+00,4.903353716796672590e-02,7.001925099913425430e-06
2.405000000000000000e+03,3.682795160846525362e-01,4.000000000000000000e+00,4.900980340951902742e-02,6.867232034668137925e-06
2.406000000000000000e+03,3.682784558184988843e-01,4.000000000000000000e+00,4.898610979917897290e-02,6.733660563952064811e-06
2.407000000000000000e+03,3.682773926591218494e-01,3.999999999999997780e+00,4.896245735718360997e-02,6.601216843032421677e-06
2.408000000000000000e+03,3.682763266701862825e-01,4.000000000000000888e+00,4.893884709939433364e-02,6.469907532843750156e-06
2.409000000000000000e+03,3.682752579156334805e-01,3.999999999999999556e+00,4.891528003715771983e-02,6.339739853904165412e-06
2.410000000000000000e+03,3.682741864596561499e-01,3.999999999999999112e+00,4.889175717716770508e-02,6.210721644735730963e-06
2.411000000000000000e+03,3.682731123666783679e-01,4.000000000000000000e+00,4.886827952132780095e-02,6.082861424718521597e-06
2.412000000000000000e+03,3.682720357013335999e-01,4.000000000000000000e+00,4.884484806661355816e-02,5.956168463364944450e-06
2.413000000000000000e+03,3.682709565284429387e-01,4.000000000000000000e+00,4.882146380493678633e-02,5.830652855094533650e-06
2.414000000000000000e+03,3.682698749129932891e-01,4.000000000000000888e+00,4.879812772301034968e-02,5.706325600965196172e-06
2.415000000000000000e+03,3.682687909201165510e-01,3.999999999999999112e+00,4.877484080221309443e-02,5.583198697692730654e-06
2.416000000000000000e+03,3.682677046150681921e-01,4.000000000000000000e+00,4.875160401845640701e-02,5.461285234916741355e-06
2.417000000000000000e+03,3.682666160632070418e-01,4.000000000000000888e+00,4.872841834205146605e-02,5.340599500943056458e-06
2.418000000000000000e+03,3.682655253299741416e-01,3.999999999999999112e+00,4.870528473757742421e-02,5.221157098531036397e-06
2.419000000000000000e+03,3.682644324808715952e-01,4.000000000000000000e+00,4.868220416375071413e-02,5.102975071158728878e-06
2.420000000000000000e+03,3.682633375814438614e-01,4.000000000000000000e+00,4.865917757329495108e-02,4.986072041211933690e-06
2.421000000000000000e+03,3.682622406972562712e-01,3.999999999999999112e+00,4.863620591281277161e-02,4.870468360902225399e-06
2.422000000000000000e+03,3.682611418938755987e-01,4.000000000000000000e+00,4.861329012265811628e-02,4.756186276862502381e-06
2.423000000000000000e+03,3.682600412368509657e-01,3.999999999999999556e+00,4.859043113680946990e-02,4.643250109845120607e-06
2.424000000000000000e+03,3.682589387916935797e-01,4.000000000000000888e+00,4.856762988274516968e-02,4.531686451304125737e-06
2.425000000000000000e+03,3.682578346238583600e-01,3.999999999999999556e+00,4.854488728131882425e-02,4.421524377289070910e-06
2.426000000000000000e+03,3.682567287987240645e-01,4.000000000000000000e+00,4.852220424663740428e-02,4.312795681997535802e-06
2.427000000000000000e+03,3.682556213815755819e-01,3.999999999999999112e+00,4.849958168593879876e-02,4.205535130786520033e-06
2.428000000000000000e+03,3.682545124375842249e-01,4.000000000000001776e+00,4.847702049947236191e-02,4.099780735741384441e-06
2.429000000000000000e+03,3.682534020317916879e-01,3.999999999999998668e+00,4.845452158037945323e-02,3.995574053435974762e-06
2.430000000000000000e+03,3.682522902290884526e-01,3.999999999999999112e+00,4.843208581457688483e-02,3.892960506536267917e-06
2.431000000000000000e+03,3.682511770941999663e-01,3.999999999999999112e+00,4.840971408063977216e-02,3.791989729250012554e-06
2.432000000000000000e+03,3.682500626916663800e-01,4.000000000000000000e+00,4.838740724968780549e-02,3.692715936822982740e-06
2.433000000000000000e+03,3.682489470858267833e-01,4.000000000000000000e+00,4.836516618527131328e-02,3.595198317782157042e-06
2.434000000000000000e+03,3.682478303408016629e-01,4.000000000000001776e+00,4.834299174325997622e-02,3.499501448551266698e-06
2.435000000000000000e+03,3.682467125204759162e-01,4.000000000000001776e+00,4.832088477173239471e-02,3.405695724408319442e-06
2.436000000000000000e+03,3.682455936884830860e-01,4.000000000000000000e+00,4.829884611086748825e-02,3.313857805306448349e-06
2.437000000000000000e+03,3.682444739081885410e-01,3.999999999999998668e+00,4.827687659283697724e-02,3.224071065778637303e-06
2.438000000000000000e+03,3.682433532426735989e-01,3.999999999999999112e+00,4.825497704170036289e-02,3.136426041563759791e-06
2.439000000000000000e+03,3.682422317547204837e-01,4.000000000000000000e+00,4.823314827330009436e-02,3.051020857275450295e-06
2.440000000000000000e+03,3.682411095067961160e-01,3.999999999999999556e+00,4.821139109515970578e-02,2.967961618320034990e-06
2.441000000000000000e+03,3.682399865610379019e-01,4.000000000000000000e+00,4.818970630638271663e-02,2.887362743273942882e-06
2.442000000000000000e+03,3.682388629792375800e-01,4.000000000000000000e+00,4.816809469755348183e-02,2.809347207684297774e-06
2.443000000000000000e+03,3.682377388228281201e-01,4.000000000000000000e+00,4.814655705063949215e-02,2.734046663413223295e-06
2.444000000000000000e+03,3.682366141528680137e-01,3.999999999999999556e+00,4.812509413889593662e-02,2.661601391436571502e-06
2.445000000000000000e+03,3.682354890300284511e-01,3.999999999999999112e+00,4.810370672677086179e-02,2.592160038491660298e-06
2.446000000000000000e+03,3.682343635145784999e-01,4.000000000000000888e+00,4.808239556981320356e-02,2.525879082444040468e-06
2.447000000000000000e+03,3.682332376663728923e-01,3.999999999999999556e+00,4.806116141458176283e-02,2.462921966805740957e-06
2.448000000000000000e+03,3.682321115448372595e-01,4.000000000000000000e+00,4.804000499855607537e-02,2.403457844618684211e-06
2.449000000000000000e+03,3.682309852089565849e-01,4.000000000000000888e+00,4.801892705004926626e-02,2.347659875627953186e-06
2.450000000000000000e+03,3.682298587172617710e-01,4.000000000000000000e+00,4.799792828812244477e-02,2.295703032361742662e-06
2.451000000000000000e+03,3.682287321278178149e-01,3.999999999999999112e+00,4.797700942250063966e-02,2.247761391171699212e-06
2.452000000000000000e+03,3.682276054982107083e-01,3.999999999999998224e+00,4.795617115349117693e-02,2.204004910932664391e-06
2.453000000000000000e+03,3.682264788855367788e-01,3.999999999999999112e+00,4.793541417190310544e-02,2.164595745919330297e-06
2.454000000000000000e+03,3.682253523463909217e-01,3.999999999999999556e+00,4.791473915896884983e-02,2.129684184181933710e-06
2.455000000000000000e+03,3.682242259368547210e-01,4.000000000000000888e+00,4.789414678626744554e-02,2.099404357214704000e-06
2.456000000000000000e+03,3.682230997124864569e-01,4.000000000000000000e+00,4.787363771564977222e-02,2.073869917159552411e-06
2.457000000000000000e+03,3.682219737283091709e-01,3.999999999999999112e+00,4.785321259916550801e-02,2.053169920778201603e-06
2.458000000000000000e+03,3.682208480388011740e-01,4.000000000000000000e+00,4.783287207899178384e-02,2.037365182653589976e-06
2.459000000000000000e+03,3.682197226978861093e-01,3.999999999999999556e+00,4.781261678736382914e-02,2.026485359297421997e-06
2.460000000000000000e+03,3.682185977589218506e-01,4.000000000000000000e+00,4.779244734650765769e-02,2.020526994271647545e-06
2.461000000000000000e+03,3.682174732746924528e-01,4.000000000000000000e+00,4.777236436857371094e-02,2.019452691539295622e-06
2.462000000000000000e+03,3.682163492973978824e-01,4.000000000000000000e+00,4.775236845557345039e-02,2.023191500307906682e-06
2.463000000000000000e+03,3.682152258786450250e-01,4.000000000000001776e+00,4.773246019931719208e-02,2.031640494065098603e-06
2.464000000000000000e+03,3.682141030694395800e-01,4.000000000000000000e+00,4.771264018135377288e-02,2.044667433077786434e-06
2.465000000000000000e+03,3.682129809201766246e-01,4.000000000000000000e+00,4.769290897291238868e-02,2.062114313880534221e-06
2.466000000000000000e+03,3.682118594806332856e-01,4.000000000000000000e+00,4.767326713484583423e-02,2.083801556691664226e-06
2.467000000000000000e+03,3.682107387999603021e-01,3.999999999999999556e+00,4.765371521757590101e-02,2.109532554882457153e-06
2.468000000000000000e+03,3.682096189266743647e-01,4.000000000000000000e+00,4.763425376104039877e-02,2.139098317709204719e-06
2.469000000000000000e+03,3.682084999086512322e-01,3.999999999999999112e+00,4.761488329464259178e-02,2.172281968373335025e-06
2.470000000000000000e+03,3.682073817931175164e-01,4.000000000000001776e+00,4.759560433720163436e-02,2.208862907040762565e-06
2.471000000000000000e+03,3.682062646266456851e-01,4.000000000000000888e+00,4.757641739690537941e-02,2.248620505419964553e-06
2.472000000000000000e+03,3.682051484551451814e-01,3.999999999999998224e+00,4.755732297126508828e-02,2.291337255380437778e-06
2.473000000000000000e+03,3.682040333238572605e-01,4.000000000000000888e+00,4.753832154707179208e-02,2.336801341391174116e-06
2.474000000000000000e+03,3.682029192773499382e-01,3.999999999999999556e+00,4.751941360035411704e-02,2.384808648803697098e-06
2.475000000000000000e+03,3.682018063595098867e-01,4.000000000000000000e+00,4.750059959633913531e-02,2.435164247091404599e-06
2.476000000000000000e+03,3.682006946135387704e-01,4.000000000000000000e+00,4.748187998941357651e-02,2.487683405677725212e-06
2.477000000000000000e+03,3.681995840819471955e-01,4.000000000000000000e+00,4.746325522308789124e-02,2.542192209120653485e-06
2.478000000000000000e+03,3.681984748065494362e-01,4.000000000000000000e+00,4.744472572996159127e-02,2.598527839826393783e-06
2.479000000000000000e+03,3.681973668284596046e-01,3.999999999999999556e+00,4.742629193169081714e-02,2.656538595622996785e-06
2.480000000000000000e+03,3.681962601880857111e-01,4.000000000000001776e+00,4.740795423895760585e-02,2.716083700849911464e-06
2.481000000000000000e+03,3.681951549251271660e-01,4.000000000000000000e+00,4.738971305144062951e-02,2.777032965035856057e-06
2.482000000000000000e+03,3.681940510785685072e-01,4.000000000000000888e+00,4.737156875778823772e-02,2.839266332693805026e-06
2.483000000000000000e+03,3.681929486866780121e-01,4.000000000000000888e+00,4.735352173559281841e-02,2.902673361752074202e-06
2.484000000000000000e+03,3.681918477870023687e-01,4.000000000000000888e+00,4.733557235136734431e-02,2.967152658520896619e-06
2.485000000000000000e+03,3.681907484163640110e-01,4.000000000000000888e+00,4.731772096052359183e-02,3.032611293810696267e-06
2.486000000000000000e+03,3.681896506108585099e-01,4.000000000000001776e+00,4.729996790735170598e-02,3.098964216237217186e-06
2.487000000000000000e+03,3.681885544058507431e-01,4.000000000000000888e+00,4.728231352500260332e-02,3.166133675686439239e-06
2.488000000000000000e+03,3.681874598359732298e-01,4.000000000000000000e+00,4.726475813547059007e-02,3.234048666925422891e-06
2.489000000000000000e+03,3.681863669351234103e-01,3.999999999999999112e+00,4.724730204957938717e-02,3.302644398131001538e-06
2.490000000000000000e+03,3.681852757364613149e-01,3.999999999999999556e+00,4.722994556696846064e-02,3.371861789185593439e-06
2.491000000000000000e+03,3.681841862724083425e-01,4.000000000000000000e+00,4.721268897608197485e-02,3.441647001033990940e-06
2.492000000000000000e+03,3.681830985746448182e-01,4.000000000000000000e+00,4.719553255415912668e-02,3.511950998040278870e-06
2.493000000000000000e+03,3.681820126741091048e-01,4.000000000000000888e+00,4.717847656722628374e-02,3.582729141688034019e-06
2.494000000000000000e+03,3.681809286009963822e-01,4.000000000000000000e+00,4.716152127009078793e-02,3.653940816349851404e-06
2.495000000000000000e+03,3.681798463847573144e-01,4.000000000000000000e+00,4.714466690633655616e-02,3.725549084210637524e-06
2.496000000000000000e+03,3.681787660540972729e-01,3.999999999999999112e+00,4.712791370832095789e-02,3.797520369204298572e-06
2.497000000000000000e+03,3.681776876369764473e-01,4.000000000000000888e+00,4.711126189717400325e-02,3.869824167216802200e-06
2.498000000000000000e+03,3.681766111606091241e-01,3.999999999999999556e+00,4.709471168279850267e-02,3.942432781117099713e-06
2.499000000000000000e+03,3.681755366514627426e-01,4.000000000000000000e+00,4.707826326387254401e-02,4.015321078839970312e-06
2.500000000000000000e+03,3.681744641352598935e-01,3.999999999999999556e+00,4.706191682785311470e-02,4.088466273215863655e-06
2.501000000000000000e+03,3.681733936369765425e-01,4.000000000000000000e+00,4.704567255098140305e-02,4.161847719983095766e-06
2.502000000000000000e+03,3.681723251808441399e-01,4.000000000000000000e+00,4.702953059828985510e-02,4.235446734617977923e-06
2.503000000000000000e+03,3.681712587903492873e-01,4.000000000000001776e+00,4.701349112361084825e-02,4.309246424863518772e-06
2.504000000000000000e+03,3.681701944882352917e-01,4.000000000000000000e+00,4.699755426958684978e-02,4.383231538386964960e-06
2.505000000000000000e+03,3.681691322965030544e-01,4.000000000000000000e+00,4.698172016768210196e-02,4.457388323854829863e-06
2.506000000000000000e+03,3.681680722364121250e-01,3.999999999999999556e+00,4.696598893819580595e-02,4.531704404301532342e-06
2.507000000000000000e+03,3.681670143284824781e-01,4.000000000000000000e+00,4.695036069027720693e-02,4.606168661157020187e-06
2.508000000000000000e+03,3.681659585924965672e-01,4.000000000000000000e+00,4.693483552194191444e-02,4.680771128978693651e-06
2.509000000000000000e+03,3.681649050475004348e-01,4.000000000000000000e+00,4.691941352008958260e-02,4.755502899042438118e-06
2.510000000000000000e+03,3.681638537118064325e-01,3.999999999999999556e+00,4.690409476052349175e-02,4.830356031578486880e-06
2.511000000000000000e+03,3.681628046029948309e-01,3.999999999999999556e+00,4.688887930797115688e-02,4.905323475171491978e-06
2.512000000000000000e+03,3.681617577379170392e-01,3.999999999999999112e+00,4.687376721610714975e-02,4.980398993341190637e-06
2.513000000000000000e+03,3.681607131326977145e-01,4.000000000000000000e+00,4.685875852757634408e-02,5.055577096743537656e-06
2.514000000000000000e+03,3.681596708027375930e-01,4.000000000000000888e+00,4.684385327401952015e-02,5.130852981863859134e-06
2.515000000000000000e+03,3.681586307627168209e-01,4.000000000000000888e+00,4.682905147609992685e-02,5.206222474170607063e-06
2.516000000000000000e+03,3.681575930265975072e-01,4.000000000000000888e+00,4.681435314353112748e-02,5.281681976668061263e-06
2.517000000000000000e+03,3.681565576076276103e-01,4.000000000000000000e+00,4.679975827510678837e-02,5.357228421874274167e-06
2.518000000000000000e+03,3.681555245183439351e-01,4.000000000000000888e+00,4.678526685873149460e-02,5.432859227968885956e-06
2.519000000000000000e+03,3.681544937705764076e-01,3.999999999999999556e+00,4.677087887145266881e-02,5.508572258700145607e-06
2.520000000000000000e+03,3.681534653754510722e-01,4.000000000000000000e+00,4.675659427949460656e-02,5.584365786100367935e-06
2.521000000000000000e+03,3.681524393433949216e-01,4.000000000000000000e+00,4.674241303829283767e-02,5.660238456660560534e-06
2.522000000000000000e+03,3.681514156841393381e-01,4.000000000000001776e+00,4.672833509253087464e-02,5.736189259415156603e-06
2.523000000000000000e+03,3.681503944067251455e-01,4.000000000000000000e+00,4.671436037617723858e-02,5.812217496937479083e-06
2.524000000000000000e+03,3.681493755195059947e-01,4.000000000000000000e+00,4.670048881252466394e-02,5.888322759167653328e-06
2.525000000000000000e+03,3.681483590301538600e-01,4.000000000000000000e+00,4.668672031423001800e-02,5.964504897545376247e-06
2.526000000000000000e+03,3.681473449456633684e-01,4.000000000000000000e+00,4.667305478335547625e-02,6.040764002641651499e-06
2.527000000000000000e+03,3.681463332723572957e-01,3.999999999999999112e+00,4.665949211141145331e-02,6.117100382878612201e-06
2.528000000000000000e+03,3.681453240158902851e-01,3.999999999999999112e+00,4.664603217940011676e-02,6.193514544880112445e-06
2.529000000000000000e+03,3.681443171812554538e-01,4.000000000000000000e+00,4.663267485786047606e-02,6.270007175043883490e-06
2.530000000000000000e+03,3.681433127727891108e-01,4.000000000000000888e+00,4.661942000691452620e-02,6.346579122545031617e-06
2.531000000000000000e+03,3.681423107941763084e-01,4.000000000000000000e+00,4.660626747631472361e-02,6.423231383948531839e-06
2.532000000000000000e+03,3.681413112484562822e-01,3.999999999999999556e+00,4.659321710549238493e-02,6.499965087857370675e-06
2.533000000000000000e+03,3.681403141380278354e-01,3.999999999999999556e+00,4.658026872360742504e-02,6.576781482326989264e-06
2.534000000000000000e+03,3.681393194646565004e-01,3.999999999999999556e+00,4.656742214959903869e-02,6.653681921431007091e-06
2.535000000000000000e+03,3.681383272294789788e-01,4.000000000000000000e+00,4.655467719223769368e-02,6.730667853495767488e-06
2.536000000000000000e+03,3.681373374330102477e-01,4.000000000000000000e+00,4.654203365017819255e-02,6.807740810432867372e-06
2.537000000000000000e+03,3.681363500751498874e-01,3.999999999999999112e+00,4.652949131201349064e-02,6.884902397288770521e-06
2.538000000000000000e+03,3.681353651551874107e-01,3.999999999999998224e+00,4.651704995632988116e-02,6.962154282655320577e-06
2.539000000000000000e+03,3.681343826718095347e-01,3.999999999999999556e+00,4.650470935176331116e-02,7.039498189828408598e-06
2.540000000000000000e+03,3.681334026231070644e-01,4.000000000000000000e+00,4.649246925705630140e-02,7.116935888316865021e-06
2.541000000000000000e+03,3.681324250065809989e-01,3.999999999999999556e+00,4.648032942111645499e-02,7.194469185819200109e-06
2.542000000000000000e+03,3.681314498191495255e-01,3.999999999999998668e+00,4.646828958307512580e-02,7.272099921221509532e-06
2.543000000000000000e+03,3.681304770571547369e-01,4.000000000000000000e+00,4.645634947234827949e-02,7.349829957818509596e-06
2.544000000000000000e+03,3.681295067163707913e-01,4.000000000000000000e+00,4.644450880869669535e-02,7.427661176392785097e-06
2.545000000000000000e+03,3.681285387920091856e-01,3.999999999999999556e+00,4.643276730228883264e-02,7.505595469470833590e-06
2.546000000000000000e+03,3.681275732787277488e-01,3.999999999999998224e+00,4.642112465376330849e-02,7.583634735648781515e-06
2.547000000000000000e+03,3.681266101706368588e-01,4.000000000000000000e+00,4.640958055429288825e-02,7.661780874191234558e-06
2.548000000000000000e+03,3.681256494613078800e-01,4.000000000000000000e+00,4.639813468564930876e-02,7.740035780113132467e-06
2.549000000000000000e+03,3.681246911437797142e-01,4.000000000000000888e+00,4.638678672026880223e-02,7.818401339489862298e-06
2.550000000000000000e+03,3.681237352105674598e-01,3.999999999999999112e+00,4.637553632131853620e-02,7.896879424593113272e-06
2.551000000000000000e+03,3.681227816536686293e-01,3.999999999999999556e+00,4.636438314276420530e-02,7.975471890464223620e-06
2.552000000000000000e+03,3.681218304645729744e-01,4.000000000000001776e+00,4.635332682943787280e-02,8.054180570301411947e-06
2.553000000000000000e+03,3.681208816342692036e-01,4.000000000000000000e+00,4.634236701710699874e-02,8.133007272045856680e-06
2.554000000000000000e+03,3.681199351532529751e-01,3.999999999999999556e+00,4.633150333254427294e-02,8.211953774991273899e-06
2.555000000000000000e+03,3.681189910115352237e-01,4.000000000000000000e+00,4.632073539359816972e-02,8.291021826214556076e-06
2.556000000000000000e+03,3.681180491986505432e-01,4.000000000000000000e+00,4.631006280926409924e-02,8.370213137474299947e-06
2.557000000000000000e+03,3.681171097036650131e-01,4.000000000000000000e+00,4.629948517975630146e-02,8.449529382529545748e-06
2.558000000000000000e+03,3.681161725151850805e-01,4.000000000000000888e+00,4.628900209658086407e-02,8.528972194139928709e-06
2.559000000000000000e+03,3.681152376213653321e-01,4.000000000000000000e+00,4.627861314260900416e-02,8.608543161149605509e-06
2.560000000000000000e+03,3.681143050099174863e-01,4.000000000000000000e+00,4.626831789215131441e-02,8.688243826570064653e-06
2.561000000000000000e+03,3.681133746681185537e-01,3.999999999999999556e+00,4.625811591103237003e-02,8.768075684807626700e-06
2.562000000000000000e+03,3.681124465828198855e-01,4.000000000000000000e+00,4.624800675666634886e-02,8.848040179606465411e-06
2.563000000000000000e+03,3.681115207404553336e-01,4.000000000000000000e+00,4.623798997813315798e-02,8.928138701549277791e-06
2.564000000000000000e+03,3.681105971270506871e-01,3.999999999999999556e+00,4.622806511625510151e-02,9.008372586346136932e-06
2.565000000000000000e+03,3.681096757282317777e-01,3.999999999999999112e+00,4.621823170367447831e-02,9.088743112909997580e-06
2.566000000000000000e+03,3.681087565292337493e-01,4.000000000000000000e+00,4.620848926493091591e-02,9.169251501511090964e-06
2.567000000000000000e+03,3.681078395149101068e-01,4.000000000000000000e+00,4.619883731654079312e-02,9.249898911765414670e-06
2.568000000000000000e+03,3.681069246697414865e-01,4.000000000000000000e+00,4.618927536707546216e-02,9.330686441277131950e-06
2.569000000000000000e+03,3.681060119778443163e-01,3.999999999999999112e+00,4.617980291724155251e-02,9.411615123799642866e-06
2.570000000000000000e+03,3.681051014229805851e-01,4.000000000000000888e+00,4.617041945996082364e-02,9.492685928198815959e-06
2.571000000000000000e+03,3.681041929885672248e-01,3.999999999999999112e+00,4.616112448045086442e-02,9.573899756049718612e-06
2.572000000000000000e+03,3.681032866576838258e-01,3.999999999999999112e+00,4.615191745630647241e-02,9.655257441453231028e-06
2.573000000000000000e+03,3.681023824130835731e-01,3.999999999999999112e+00,4.614279785758122754e-02,9.736759748907764141e-06
2.574000000000000000e+03,3.681014802372014616e-01,3.999999999999999556e+00,4.613376514686952368e-02,9.818407372127884128e-06
2.575000000000000000e+03,3.681005801121639553e-01,4.000000000000000000e+00,4.612481877938961333e-02,9.900200933170824933e-06
2.576000000000000000e+03,3.680996820197985908e-01,3.999999999999999556e+00,4.611595820306615967e-02,9.982140980921419066e-06
2.577000000000000000e+03,3.680987859416428032e-01,4.000000000000000000e+00,4.610718285861404447e-02,1.006422799042632632e-05
2.578000000000000000e+03,3.680978918589535298e-01,4.000000000000000000e+00,4.609849217962228018e-02,1.014646236132193723e-05
2.579000000000000000e+03,3.680969997527172577e-01,4.000000000000000888e+00,4.608988559263817175e-02,1.022884441705866538e-05
2.580000000000000000e+03,3.680961096036587943e-01,4.000000000000000000e+00,4.608136251725229032e-02,1.031137440388377435e-05
2.581000000000000000e+03,3.680952213922507044e-01,4.000000000000000000e+00,4.607292236618305836e-02,1.039405249019177796e-05
2.582000000000000000e+03,3.680943350987235241e-01,4.000000000000000888e+00,4.606456454536256295e-02,1.047687876515669216e-05
2.583000000000000000e+03,3.680934507030751424e-01,4.000000000000000000e+00,4.605628845402242461e-02,1.055985323806577411e-05
2.584000000000000000e+03,3.680925681850794051e-01,4.000000000000000000e+00,4.604809348477943709e-02,1.064297583761521773e-05
2.585000000000000000e+03,3.680916875242973285e-01,4.000000000000000000e+00,4.603997902372234524e-02,1.072624641088039028e-05
2.586000000000000000e+03,3.680908087000853701e-01,4.000000000000000000e+00,4.603194445049862971e-02,1.080966472259484981e-05
2.587000000000000000e+03,3.680899316916058095e-01,4.000000000000000000e+00,4.602398913840105577e-02,1.089323045457473376e-05
2.588000000000000000e+03,3.680890564778360741e-01,4.000000000000000000e+00,4.601611245445532544e-02,1.097694320515468072e-05
2.589000000000000000e+03,3.680881830375783981e-01,3.999999999999998668e+00,4.600831375950759083e-02,1.106080248762978114e-05
2.590000000000000000e+03,3.680873113494692594e-01,4.000000000000000000e+00,4.600059240831224500e-02,1.114480773076538605e-05
2.591000000000000000e+03,3.680864413919899270e-01,4.000000000000000000e+00,4.599294774961967813e-02,1.122895827699974391e-05
2.592000000000000000e+03,3.680855731434750089e-01,3.999999999999999556e+00,4.598537912626490809e-02,1.131325338302701500e-05
2.593000000000000000e+03,3.680847065821225561e-01,3.999999999999999556e+00,4.597788587525561410e-02,1.139769221815948581e-05
2.594000000000000000e+03,3.680838416860040541e-01,4.000000000000000000e+00,4.597046732786132933e-02,1.148227386431298991e-05
2.595000000000000000e+03,3.680829784330737486e-01,3.999999999999999112e+00,4.596312280970168279e-02,1.156699731545986865e-05
2.596000000000000000e+03,3.680821168011778055e-01,3.999999999999999556e+00,4.595585164083578616e-02,1.165186147670136340e-05
2.597000000000000000e+03,3.680812567680650238e-01,3.999999999999999556e+00,4.594865313585138472e-02,1.173686516415240713e-05
2.598000000000000000e+03,3.680803983113956068e-01,4.000000000000000000e+00,4.594152660395378618e-02,1.182200710432940772e-05
2.599000000000000000e+03,3.680795414087508766e-01,4.000000000000001776e+00,4.593447134905596224e-02,1.190728593361543467e-05
2.600000000000000000e+03,3.680786860376437097e-01,4.000000000000000000e+00,4.592748666986746359e-02,1.199270019779498801e-05
2.601000000000000000e+03,3.680778321755265869e-01,4.000000000000000000e+00,4.592057185998439650e-02,1.207824835172240347e-05
2.602000000000000000e+03,3.680769797998023618e-01,3.999999999999999112e+00,4.591372620797942034e-02,1.216392875891035040e-05
2.603000000000000000e+03,3.680761288878331428e-01,4.000000000000000000e+00,4.590694899749094698e-02,1.224973969091265469e-05
2.604000000000000000e+03,3.680752794169505626e-01,4.000000000000000000e+00,4.590023950731388774e-02,1.233567932726182337e-05
2.605000000000000000e+03,3.680744313644641053e-01,4.000000000000000000e+00,4.589359701148896381e-02,1.242174575462702436e-05
2.606000000000000000e+03,3.680735847076717082e-01,4.000000000000000000e+00,4.588702077939325885e-02,1.250793696705021728e-05
2.607000000000000000e+03,3.680727394238680894e-01,3.999999999999999556e+00,4.588051007582986951e-02,1.259425086534691316e-05
2.608000000000000000e+03,3.680718954903551277e-01,3.999999999999999112e+00,4.587406416111854124e-02,1.268068525659730590e-05
2.609000000000000000e+03,3.680710528844501894e-01,3.999999999999998224e+00,4.586768229118536738e-02,1.276723785405647827e-05
2.610000000000000000e+03,3.680702115834961763e-01,3.999999999999999112e+00,4.586136371765314051e-02,1.285390627694830355e-05
2.611000000000000000e+03,3.680693715648705733e-01,4.000000000000000000e+00,4.585510768793141928e-02,1.294068804997291961e-05
2.612000000000000000e+03,3.680685328059948302e-01,4.000000000000000000e+00,4.584891344530683810e-02,1.302758060320164429e-05
2.613000000000000000e+03,3.680676952843426886e-01,4.000000000000000000e+00,4.584278022903301442e-02,1.311458127187331650e-05
2.614000000000000000e+03,3.680668589774500621e-01,4.000000000000000000e+00,4.583670727442078208e-02,1.320168729601755119e-05
2.615000000000000000e+03,3.680660238629240855e-01,4.000000000000000000e+00,4.583069381292816102e-02,1.328889582053482637e-05
2.616000000000000000e+03,3.680651899184516629e-01,3.999999999999999556e+00,4.582473907225039639e-02,1.337620389469564601e-05
2.617000000000000000e+03,3.680643571218084609e-01,4.000000000000000000e+00,4.581884227640981022e-02,1.346360847216647963e-05
2.618000000000000000e+03,3.680635254508681231e-01,4.000000000000000000e+00,4.581300264584554915e-02,1.355110641106869545e-05
2.619000000000000000e+03,3.680626948836109857e-01,4.000000000000000000e+00,4.580721939750372756e-02,1.363869447331111703e-05
2.620000000000000000e+03,3.680618653981325705e-01,3.999999999999999112e+00,4.580149174492677278e-02,1.372636932499973148e-05
2.621000000000000000e+03,3.680610369726518005e-01,4.000000000000000000e+00,4.579581889834307556e-02,1.381412753612334362e-05
2.622000000000000000e+03,3.680602095855211031e-01,4.000000000000001776e+00,4.579020006475645332e-02,1.390196558044945868e-05
2.623000000000000000e+03,3.680593832152337375e-01,3.999999999999999112e+00,4.578463444803537730e-02,1.398987983556695250e-05
2.624000000000000000e+03,3.680585578404316216e-01,4.000000000000000000e+00,4.577912124900271329e-02,1.407786658297634824e-05
2.625000000000000000e+03,3.680577334399157685e-01,3.999999999999999556e+00,4.577365966552396359e-02,1.416592200797195344e-05
2.626000000000000000e+03,3.680569099926522814e-01,4.000000000000000000e+00,4.576824889259689666e-02,1.425404219925355646e-05
2.627000000000000000e+03,3.680560874777825675e-01,4.000000000000000000e+00,4.576288812243985843e-02,1.434222314966192543e-05
2.628000000000000000e+03,3.680552658746295558e-01,3.999999999999999112e+00,4.575757654458078444e-02,1.443046075592859141e-05
2.629000000000000000e+03,3.680544451627071889e-01,3.999999999999999556e+00,4.575231334594512256e-02,1.451875081875932513e-05
2.630000000000000000e+03,3.680536253217276954e-01,3.999999999999999112e+00,4.574709771094467858e-02,1.460708904250189851e-05
2.631000000000000000e+03,3.680528063316094167e-01,3.999999999999999112e+00,4.574192882156516426e-02,1.469547103620267182e-05
2.632000000000000000e+03,3.680519881724847453e-01,4.000000000000000000e+00,4.573680585745440452e-02,1.478389231291570623e-05
2.633000000000000000e+03,3.680511708247072855e-01,4.000000000000001776e+00,4.573172799600970506e-02,1.487234829014807612e-05
2.634000000000000000e+03,3.680503542688607355e-01,4.000000000000000888e+00,4.572669441246543509e-02,1.496083429011410599e-05
2.635000000000000000e+03,3.680495384857641605e-01,3.999999999999999112e+00,4.572170427998029085e-02,1.504934554007387872e-05
2.636000000000000000e+03,3.680487234564807086e-01,4.000000000000000888e+00,4.571675676972434404e-02,1.513787717220820677e-05
2.637000000000000000e+03,3.680479091623252708e-01,4.000000000000000000e+00,4.571185105096554208e-02,1.522642422383836940e-05
2.638000000000000000e+03,3.680470955848698100e-01,4.000000000000000000e+00,4.570698629115636791e-02,1.531498163837394599e-05
2.639000000000000000e+03,3.680462827059522990e-01,4.000000000000001776e+00,4.570216165602009745e-02,1.540354426496167340e-05
2.640000000000000000e+03,3.680454705076824928e-01,3.999999999999998224e+00,4.569737630963657815e-02,1.549210685902729296e-05
2.641000000000000000e+03,3.680446589724479800e-01,3.999999999999999556e+00,4.569262941452840315e-02,1.558066408275962138e-05
2.642000000000000000e+03,3.680438480829226755e-01,3.999999999999999112e+00,4.568792013174596128e-02,1.566921050496310254e-05
2.643000000000000000e+03,3.680430378220717058e-01,4.000000000000000000e+00,4.568324762095252178e-02,1.575774060226416885e-05
2.644000000000000000e+03,3.680422281731585699e-01,4.000000000000000000e+00,4.567861104050952720e-02,1.584624875899188411e-05
2.645000000000000000e+03,3.680414191197513007e-01,4.000000000000000000e+00,4.567400954756081072e-02,1.593472926793009517e-05
2.646000000000000000e+03,3.680406106457279058e-01,3.999999999999999112e+00,4.566944229811694539e-02,1.602317633046381625e-05
2.647000000000000000e+03,3.680398027352829171e-01,3.999999999999999112e+00,4.566490844713937125e-02,1.611158405730931368e-05
2.648000000000000000e+03,3.680389953729333863e-01,3.999999999999999556e+00,4.566040714862369676e-02,1.619994646931633759e-05
2.649000000000000000e+03,3.680381885435241029e-01,4.000000000000000000e+00,4.565593755568348594e-02,1.628825749715099617e-05
2.650000000000000000e+03,3.680373822322332567e-01,4.000000000000000000e+00,4.565149882063275488e-02,1.637651098335902631e-05
2.651000000000000000e+03,3.680365764245780436e-01,3.999999999999999112e+00,4.564709009506878051e-02,1.646470068163515986e-05
2.652000000000000000e+03,3.680357711064192738e-01,3.999999999999999556e+00,4.564271052995481220e-02,1.655282025795659946e-05
2.653000000000000000e+03,3.680349662639674224e-01,3.999999999999999556e+00,4.563835927570131928e-02,1.664086329130563588e-05
2.654000000000000000e+03,3.680341618837867368e-01,4.000000000000000000e+00,4.563403548224835571e-02,1.672882327439130653e-05
2.655000000000000000e+03,3.680333579528006216e-01,4.000000000000000000e+00,4.562973829914600266e-02,1.681669361448473937e-05
2.656000000000000000e+03,3.680325544582958575e-01,4.000000000000000000e+00,4.562546687563582420e-02,1.690446763390049799e-05
2.657000000000000000e+03,3.680317513879270974e-01,4.000000000000000000e+00,4.562122036073133075e-02,1.699213857099484724e-05
2.658000000000000000e+03,3.680309487297215298e-01,3.999999999999999556e+00,4.561699790329770687e-02,1.707969958092358343e-05
2.659000000000000000e+03,3.680301464720827087e-01,3.999999999999999112e+00,4.561279865213196949e-02,1.716714373650113918e-05
2.660000000000000000e+03,3.680293446037939953e-01,3.999999999999999556e+00,4.560862175604214752e-02,1.725446402923690791e-05
2.661000000000000000e+03,3.680285431140241093e-01,4.000000000000000000e+00,4.560446636392625347e-02,1.734165337003404603e-05
2.662000000000000000e+03,3.680277419923289051e-01,4.000000000000000000e+00,4.560033162485062352e-02,1.742870459026115256e-05
2.663000000000000000e+03,3.680269412286557573e-01,3.999999999999998668e+00,4.559621668812842421e-02,1.751561044250830705e-05
2.664000000000000000e+03,3.680261408133461143e-01,4.000000000000000888e+00,4.559212070339728473e-02,1.760236360204004615e-05
2.665000000000000000e+03,3.680253407371406604e-01,4.000000000000000000e+00,4.558804282069626318e-02,1.768895666735478483e-05
2.666000000000000000e+03,3.680245409911790944e-01,4.000000000000000000e+00,4.558398219054313194e-02,1.777538216157013542e-05
2.667000000000000000e+03,3.680237415670057910e-01,3.999999999999999556e+00,4.557993796401075409e-02,1.786163253347035864e-05
2.668000000000000000e+03,3.680229424565705787e-01,3.999999999999999556e+00,4.557590929280305042e-02,1.794770015848478836e-05
2.669000000000000000e+03,3.680221436522319034e-01,3.999999999999999556e+00,4.557189532933068887e-02,1.803357733997945181e-05
2.670000000000000000e+03,3.680213451467588270e-01,4.000000000000001776e+00,4.556789522678601073e-02,1.811925631036008600e-05
2.671000000000000000e+03,3.680205469333336921e-01,4.000000000000000888e+00,4.556390813921787353e-02,1.820472923232556019e-05
2.672000000000000000e+03,3.680197490055526766e-01,4.000000000000000888e+00,4.555993322160613312e-02,1.828998820031161980e-05
2.673000000000000000e+03,3.680189513574286253e-01,4.000000000000000000e+00,4.555596962993497395e-02,1.837502524133871219e-05
2.674000000000000000e+03,3.680181539833920490e-01,3.999999999999998668e+00,4.555201652126662087e-02,1.845983231673059617e-05
2.675000000000000000e+03,3.680173568782921234e-01,4.000000000000000000e+00,4.554807305381426002e-02,1.854440132328383364e-05
2.676000000000000000e+03,3.680165600373986878e-01,4.000000000000000888e+00,4.554413838701398126e-02,1.862872409445492317e-05
2.677000000000000000e+03,3.680157634564022451e-01,4.000000000000001776e+00,4.554021168159713001e-02,1.871279240218747886e-05
2.678000000000000000e+03,3.680149671314152937e-01,4.000000000000000000e+00,4.553629209966170155e-02,1.879659795806806096e-05
2.679000000000000000e+03,3.680141710589718285e-01,3.999999999999999112e+00,4.553237880474313160e-02,1.888013241471430705e-05
2.680000000000000000e+03,3.680133752360290056e-01,4.000000000000000000e+00,4.552847096188512160e-02,1.896338736742910944e-05
2.681000000000000000e+03,3.680125796599664212e-01,4.000000000000000000e+00,4.552456773770925669e-02,1.904635435559926310e-05
2.682000000000000000e+03,3.680117843285863333e-01,3.999999999999999556e+00,4.552066830048465129e-02,1.912902486445073474e-05
2.683000000000000000e+03,3.680109892401128291e-01,3.999999999999999112e+00,4.551677182019733120e-02,1.921139032659341714e-05
2.684000000000000000e+03,3.680101943931921582e-01,4.000000000000000000e+00,4.551287746861797795e-02,1.929344212310326456e-05
2.685000000000000000e+03,3.680093997868918443e-01,3.999999999999999556e+00,4.550898441937079736e-02,1.937517158586270915e-05
2.686000000000000000e+03,3.680086054206989088e-01,4.000000000000001776e+00,4.550509184800044515e-02,1.945656999883562511e-05
2.687000000000000000e+03,3.680078112945205371e-01,3.999999999999999112e+00,4.550119893203920240e-02,1.953762859993698109e-05
2.688000000000000000e+03,3.680070174086805812e-01,3.999999999999999556e+00,4.549730485107362360e-02,1.961833858256839579e-05
2.689000000000000000e+03,3.680062237639201150e-01,4.000000000000000888e+00,4.549340878681024797e-02,1.969869109753018266e-05
2.690000000000000000e+03,3.680054303613948807e-01,3.999999999999998224e+00,4.548950992314121367e-02,1.977867725449471628e-05
2.691000000000000000e+03,3.680046372026722912e-01,4.000000000000000000e+00,4.548560744620930296e-02,1.985828812438260711e-05
2.692000000000000000e+03,3.680038442897321516e-01,3.999999999999999112e+00,4.548170054447202293e-02,1.993751474057650991e-05
2.693000000000000000e+03,3.680030516249611638e-01,4.000000000000000000e+00,4.547778840876597756e-02,2.001634810101138073e-05
2.694000000000000000e+03,3.680022592111529822e-01,3.999999999999999556e+00,4.547387023236953291e-02,2.009477917027438013e-05
2.695000000000000000e+03,3.680014670515037167e-01,3.999999999999999556e+00,4.546994521106657167e-02,2.017279888107386876e-05
2.696000000000000000e+03,3.680006751496098794e-01,4.000000000000000000e+00,4.546601254320797175e-02,2.025039813645154578e-05
2.697000000000000000e+03,3.679998835094661080e-01,3.999999999999999112e+00,4.546207142977393145e-02,2.032756781157759622e-05
2.698000000000000000e+03,3.679990921354594491e-01,4.000000000000000000e+00,4.545812107443484434e-02,2.040429875604968078e-05
2.699000000000000000e+03,3.679983010323685244e-01,4.000000000000000000e+00,4.545416068361240319e-02,2.048058179540416450e-05
2.700000000000000000e+03,3.679975102053582026e-01,4.000000000000000000e+00,4.545018946653912179e-02,2.055640773343146442e-05
2.701000000000000000e+03,3.679967196599761570e-01,3.999999999999998668e+00,4.544620663531864779e-02,2.063176735415999386e-05
2.702000000000000000e+03,3.679959294021488692e-01,3.999999999999999112e+00,4.544221140498441724e-02,2.070665142403469729e-05
2.703000000000000000e+03,3.679951394381773544e-01,4.000000000000000888e+00,4.543820299355839920e-02,2.078105069374260622e-05
2.704000000000000000e+03,3.679943497747324432e-01,4.000000000000000000e+00,4.543418062210875102e-02,2.085495590051958433e-05
2.705000000000000000e+03,3.679935604188505072e-01,4.000000000000000000e+00,4.543014351480786223e-02,2.092835777012208131e-05
2.706000000000000000e+03,3.679927713779279630e-01,4.000000000000000888e+00,4.542609089898869829e-02,2.100124701909848217e-05
2.707000000000000000e+03,3.679919826597169985e-01,4.000000000000000000e+00,4.542202200520139427e-02,2.107361435695757256e-05
2.708000000000000000e+03,3.679911942723195772e-01,4.000000000000000000e+00,4.541793606726904353e-02,2.114545048821707781e-05
2.709000000000000000e+03,3.679904062241827756e-01,4.000000000000000000e+00,4.541383232234295214e-02,2.121674611475804183e-05
2.710000000000000000e+03,3.679896185240925655e-01,3.999999999999999112e+00,4.540971001095729653e-02,2.128749193792560434e-05
2.711000000000000000e+03,3.679888311811678747e-01,4.000000000000000000e+00,4.540556837708339261e-02,2.135767866069201466e-05
2.712000000000000000e+03,3.679880442048558686e-01,3.999999999999999556e+00,4.540140666818317378e-02,2.142729699029245264e-05
2.713000000000000000e+03,3.679872576049239008e-01,3.999999999999998668e+00,4.539722413526243311e-02,2.149633763984148252e-05
2.714000000000000000e+03,3.679864713914545171e-01,4.000000000000000888e+00,4.539302003292319115e-02,2.156479133110196983e-05
2.715000000000000000e+03,3.679856855748391276e-01,4.000000000000000000e+00,4.538879361941573765e-02,2.163264879671676581e-05
2.716000000000000000e+03,3.679849001657699015e-01,4.000000000000000888e+00,4.538454415669000014e-02,2.169990078225827649e-05
2.717000000000000000e+03,3.679841151752346606e-01,3.999999999999999112e+00,4.538027091044639916e-02,2.176653804883841846e-05
2.718000000000000000e+03,3.679833306145082750e-01,4.000000000000000000e+00,4.537597315018640498e-02,2.183255137524885435e-05
2.719000000000000000e+03,3.679825464951467784e-01,3.999999999999998668e+00,4.537165014926203971e-02,2.189793156053905615e-05
2.720000000000000000e+03,3.679817628289792086e-01,3.999999999999999112e+00,4.536730118492533076e-02,2.196266942558269955e-05
2.721000000000000000e+03,3.679809796281004464e-01,3.999999999999999112e+00,4.536292553837682068e-02,2.202675581667435891e-05
2.722000000000000000e+03,3.679801969048635546e-01,3.999999999999999556e+00,4.535852249481385490e-02,2.209018160669477395e-05
2.723000000000000000e+03,3.679794146718720071e-01,4.000000000000000000e+00,4.535409134347837684e-02,2.215293769860810302e-05
2.724000000000000000e+03,3.679786329419711954e-01,4.000000000000001776e+00,4.534963137770357811e-02,2.221501502665530449e-05
2.725000000000000000e+03,3.679778517282419337e-01,4.000000000000000888e+00,4.534514189496088171e-02,2.227640455963858829e-05
2.726000000000000000e+03,3.679770710439899117e-01,3.999999999999998668e+00,4.534062219690552370e-02,2.233709730266657145e-05
2.727000000000000000e+03,3.679762909027388118e-01,3.999999999999999112e+00,4.533607158942266901e-02,2.239708430035302348e-05
2.728000000000000000e+03,3.679755113182215931e-01,3.999999999999999112e+00,4.533148938267195921e-02,2.245635663833618598e-05
2.729000000000000000e+03,3.679747323043719431e-01,4.000000000000000000e+00,4.532687489113168544e-02,2.251490544617190518e-05
2.730000000000000000e+03,3.679739538753152295e-01,4.000000000000000888e+00,4.532222743364319739e-02,2.257272189943088886e-05
2.731000000000000000e+03,3.679731760453597289e-01,3.999999999999999556e+00,4.531754633345417421e-02,2.262979722251646651e-05
2.732000000000000000e+03,3.679723988289871905e-01,4.000000000000000000e+00,4.531283091826126402e-02,2.268612269080418439e-05
2.733000000000000000e+03,3.679716222408447313e-01,4.000000000000001776e+00,4.530808052025290383e-02,2.274168963296525754e-05
2.734000000000000000e+03,3.679708462957348991e-01,4.000000000000000888e+00,4.530329447615058513e-02,2.279648943323513410e-05
2.735000000000000000e+03,3.679700710086061255e-01,4.000000000000000888e+00,4.529847212725066075e-02,2.285051353414420416e-05
2.736000000000000000e+03,3.679692963945438988e-01,4.000000000000000000e+00,4.529361281946497203e-02,2.290375343890194680e-05
2.737000000000000000e+03,3.679685224687610501e-01,4.000000000000000000e+00,4.528871590336128877e-02,2.295620071358369469e-05
2.738000000000000000e+03,3.679677492465879274e-01,3.999999999999999112e+00,4.528378073420308986e-02,2.300784698950902811e-05
2.739000000000000000e+03,3.679669767434624594e-01,4.000000000000000888e+00,4.527880667198899006e-02,2.305868396558671108e-05
2.740000000000000000e+03,3.679662049749214958e-01,4.000000000000000888e+00,4.527379308149158399e-02,2.310870341081784315e-05
2.741000000000000000e+03,3.679654339565898713e-01,4.000000000000000000e+00,4.526873933229567243e-02,2.315789716653005110e-05
2.742000000000000000e+03,3.679646637041707469e-01,3.999999999999998224e+00,4.526364479883636383e-02,2.320625714887493510e-05
2.743000000000000000e+03,3.679638942334350071e-01,4.000000000000000000e+00,4.525850886043651655e-02,2.325377535106681404e-05
2.744000000000000000e+03,3.679631255602128226e-01,4.000000000000000000e+00,4.525333090134379260e-02,2.330044384543895222e-05
2.745000000000000000e+03,3.679623577003821588e-01,4.000000000000000000e+00,4.524811031076669821e-02,2.334625478620100058e-05
2.746000000000000000e+03,3.679615906698590067e-01,4.000000000000000000e+00,4.524284648291127670e-02,2.339120041161710806e-05
2.747000000000000000e+03,3.679608244845870013e-01,4.000000000000000000e+00,4.523753881701617074e-02,2.343527304582033728e-05
2.748000000000000000e+03,3.679600591605276527e-01,3.999999999999999556e+00,4.523218671738805235e-02,2.347846510200015120e-05
2.749000000000000000e+03,3.679592947136489656e-01,4.000000000000000888e+00,4.522678959343642835e-02,2.352076908381708350e-05
2.750000000000000000e+03,3.679585311599171127e-01,4.000000000000000000e+00,4.522134685970741197e-02,2.356217758783415341e-05
2.751000000000000000e+03,3.679577685152834454e-01,4.000000000000000000e+00,4.521585793591828550e-02,2.360268330596236843e-05
2.752000000000000000e+03,3.679570067956766111e-01,3.999999999999999556e+00,4.521032224699011309e-02,2.364227902771817217e-05
2.753000000000000000e+03,3.679562460169903404e-01,4.000000000000000000e+00,4.520473922308151232e-02,2.368095764192154889e-05
2.754000000000000000e+03,3.679554861950743994e-01,4.000000000000000000e+00,4.519910829962072579e-02,2.371871213930893039e-05
2.755000000000000000e+03,3.679547273457232093e-01,4.000000000000000888e+00,4.519342891733804657e-02,2.375553561448666071e-05
2.756000000000000000e+03,3.679539694846664100e-01,4.000000000000000888e+00,4.518770052229734852e-02,2.379142126789261596e-05
2.757000000000000000e+03,3.679532126275571469e-01,4.000000000000000000e+00,4.518192256592786643e-02,2.382636240845285882e-05
2.758000000000000000e+03,3.679524567899631893e-01,3.999999999999999112e+00,4.517609450505492147e-02,2.386035245498894312e-05
2.759000000000000000e+03,3.679517019873555506e-01,3.999999999999999556e+00,4.517021580193050778e-02,2.389338493866666576e-05
2.760000000000000000e+03,3.679509482350987737e-01,4.000000000000000000e+00,4.516428592426380978e-02,2.392545350464326455e-05
2.761000000000000000e+03,3.679501955484406062e-01,3.999999999999999556e+00,4.515830434525068549e-02,2.395655191464302522e-05
2.762000000000000000e+03,3.679494439425010643e-01,4.000000000000000000e+00,4.515227054360387154e-02,2.398667404836997649e-05
2.763000000000000000e+03,3.679486934322635516e-01,3.999999999999998668e+00,4.514618400358123146e-02,2.401581390577774865e-05
2.764000000000000000e+03,3.679479440325631456e-01,4.000000000000000000e+00,4.514004421501539160e-02,2.404396560877441032e-05
2.765000000000000000e+03,3.679471957580779939e-01,4.000000000000000000e+00,4.513385067334186457e-02,2.407112340311016945e-05
2.766000000000000000e+03,3.679464486233185450e-01,4.000000000000000000e+00,4.512760287962720024e-02,2.409728166028401401e-05
2.767000000000000000e+03,3.679457026426175559e-01,3.999999999999998668e+00,4.512130034059712996e-02,2.412243487947139634e-05
2.768000000000000000e+03,3.679449578301199897e-01,4.000000000000000000e+00,4.511494256866363517e-02,2.414657768936488997e-05
2.769000000000000000e+03,3.679442141997745219e-01,4.000000000000000000e+00,4.510852908195257110e-02,2.416970484952427541e-05
2.770000000000000000e+03,3.679434717653218279e-01,4.000000000000001776e+00,4.510205940433043015e-02,2.419181125227748877e-05
2.771000000000000000e+03,3.679427305402873660e-01,4.000000000000000888e+00,4.509553306543079287e-02,2.421289192441948863e-05
2.772000000000000000e+03,3.679419905379696099e-01,3.999999999999999112e+00,4.508894960068102198e-02,2.423294202921638345e-05
2.773000000000000000e+03,3.679412517714313879e-01,3.999999999999999112e+00,4.508230855132807496e-02,2.425195686754829923e-05
2.774000000000000000e+03,3.679405142534915574e-01,4.000000000000000000e+00,4.507560946446435846e-02,2.426993187952344481e-05
2.775000000000000000e+03,3.679397779967145676e-01,4.000000000000000888e+00,4.506885189305334660e-02,2.428686264613905883e-05
2.776000000000000000e+03,3.679390430134023005e-01,4.000000000000000000e+00,4.506203539595469293e-02,2.430274489069889901e-05
2.777000000000000000e+03,3.679383093155841888e-01,4.000000000000000000e+00,4.505515953794917566e-02,2.431757448054146039e-05
2.778000000000000000e+03,3.679375769150091680e-01,4.000000000000000888e+00,4.504822388976380959e-02,2.433134742815696788e-05
2.779000000000000000e+03,3.679368458231367933e-01,4.000000000000000000e+00,4.504122802809634035e-02,2.434405989264478793e-05
2.780000000000000000e+03,3.679361160511286921e-01,3.999999999999999112e+00,4.503417153563903097e-02,2.435570818093212253e-05
2.781000000000000000e+03,3.679353876098400145e-01,4.000000000000000000e+00,4.502705400110360023e-02,2.436628874948092299e-05
2.782000000000000000e+03,3.679346605098117173e-01,3.999999999999999112e+00,4.501987501924421126e-02,2.437579820503345165e-05
2.783000000000000000e+03,3.679339347612617384e-01,3.999999999999999112e+00,4.501263419088210455e-02,2.438423330616086145e-05
2.784000000000000000e+03,3.679332103740778903e-01,3.999999999999999112e+00,4.500533112292808002e-02,2.439159096425411942e-05
2.785000000000000000e+03,3.679324873578097010e-01,3.999999999999999556e+00,4.499796542840668601e-02,2.439786824480781724e-05
2.786000000000000000e+03,3.679317657216607529e-01,3.999999999999999112e+00,4.499053672647861102e-02,2.440306236824500179e-05
2.787000000000000000e+03,3.679310454744815218e-01,4.000000000000001776e+00,4.498304464246430379e-02,2.440717071157657704e-05
2.788000000000000000e+03,3.679303266247624382e-01,4.000000000000000000e+00,4.497548880786587239e-02,2.441019080841234600e-05
2.789000000000000000e+03,3.679296091806262270e-01,4.000000000000000000e+00,4.496786886039050996e-02,2.441212035082509303e-05
2.790000000000000000e+03,3.679288931498215787e-01,3.999999999999999112e+00,4.496018444397238689e-02,2.441295718961297435e-05
2.791000000000000000e+03,3.679281785397160998e-01,4.000000000000000000e+00,4.495243520879516064e-02,2.441269933571526922e-05
2.792000000000000000e+03,3.679274653572907061e-01,4.000000000000000000e+00,4.494462081131410380e-02,2.441134496030187746e-05
2.793000000000000000e+03,3.679267536091331281e-01,3.999999999999999112e+00,4.493674091427777434e-02,2.440889239644920797e-05
2.794000000000000000e+03,3.679260433014306386e-01,3.999999999999999556e+00,4.492879518675038653e-02,2.440534013902685259e-05
2.795000000000000000e+03,3.679253344399664449e-01,3.999999999999999112e+00,4.492078330413325216e-02,2.440068684579801053e-05
2.796000000000000000e+03,3.679246270301123056e-01,4.000000000000000000e+00,4.491270494818618703e-02,2.439493133785706230e-05
2.797000000000000000e+03,3.679239210768243673e-01,4.000000000000000000e+00,4.490455980704949335e-02,2.438807260033848881e-05
2.798000000000000000e+03,3.679232165846374469e-01,4.000000000000000000e+00,4.489634757526488051e-02,2.438010978305698770e-05
2.799000000000000000e+03,3.679225135576604799e-01,3.999999999999999112e+00,4.488806795379675363e-02,2.437104220031274731e-05
2.800000000000000000e+03,3.679218119995709690e-01,3.999999999999999556e+00,4.487972065005376571e-02,2.436086933224410739e-05
2.801000000000000000e+03,3.679211119136120423e-01,4.000000000000000000e+00,4.487130537790936374e-02,2.434959082467601143e-05
2.802000000000000000e+03,3.679204133025875123e-01,4.000000000000000000e+00,4.486282185772300785e-02,2.433720648943056276e-05
2.803000000000000000e+03,3.679197161688575468e-01,3.999999999999999556e+00,4.485426981636100180e-02,2.432371630464792811e-05
2.804000000000000000e+03,3.679190205143356707e-01,4.000000000000000000e+00,4.484564898721735832e-02,2.430912041540554577e-05
2.805000000000000000e+03,3.679183263404850468e-01,3.999999999999999112e+00,4.483695911023411612e-02,2.429341913304847490e-05
2.806000000000000000e+03,3.679176336483148679e-01,4.000000000000000888e+00,4.482819993192252439e-02,2.427661293638041194e-05
2.807000000000000000e+03,3.679169424383786913e-01,4.000000000000000000e+00,4.481937120538295738e-02,2.425870247065539279e-05
2.808000000000000000e+03,3.679162527107701641e-01,4.000000000000000000e+00,4.481047269032585600e-02,2.423968854841111056e-05
2.809000000000000000e+03,3.679155644651218027e-01,4.000000000000000000e+00,4.480150415309165635e-02,2.421957214926216499e-05
2.810000000000000000e+03,3.679148777006019388e-01,3.999999999999999556e+00,4.479246536667147449e-02,2.419835441950393906e-05
2.811000000000000000e+03,3.679141924159137211e-01,4.000000000000000000e+00,4.478335611072719463e-02,2.417603667222095479e-05
2.812000000000000000e+03,3.679135086092928941e-01,3.999999999999999112e+00,4.477417617161139063e-02,2.415262038732457302e-05
2.813000000000000000e+03,3.679128262785062997e-01,4.000000000000000000e+00,4.476492534238787208e-02,2.412810721094275356e-05
2.814000000000000000e+03,3.679121454208513775e-01,3.999999999999999112e+00,4.475560342285111320e-02,2.410249895528275460e-05
2.815000000000000000e+03,3.679114660331544440e-01,4.000000000000001776e+00,4.474621021954690997e-02,2.407579759865738727e-05
2.816000000000000000e+03,3.679107881117714696e-01,4.000000000000000888e+00,4.473674554579152446e-02,2.404800528427161391e-05
2.817000000000000000e+03,3.679101116525861359e-01,4.000000000000000888e+00,4.472720922169210606e-02,2.401912432082565918e-05
2.818000000000000000e+03,3.679094366510111125e-01,4.000000000000000000e+00,4.471760107416588442e-02,2.398915718138433634e-05
2.819000000000000000e+03,3.679087631019875571e-01,3.999999999999998224e+00,4.470792093696033392e-02,2.395810650304939788e-05
2.820000000000000000e+03,3.679080909999855598e-01,4.000000000000000000e+00,4.469816865067254008e-02,2.392597508638634842e-05
2.821000000000000000e+03,3.679074203390059195e-01,3.999999999999999112e+00,4.468834406276852439e-02,2.389276589471102605e-05
2.822000000000000000e+03,3.679067511125796996e-01,4.000000000000000000e+00,4.467844702760308262e-02,2.385848205361657852e-05
2.823000000000000000e+03,3.679060833137710040e-01,4.000000000000000000e+00,4.466847740643912351e-02,2.382312685035680968e-05
2.824000000000000000e+03,3.679054169351772541e-01,4.000000000000000000e+00,4.465843506746641073e-02,2.378670373261737185e-05
2.825000000000000000e+03,3.679047519689319645e-01,4.000000000000000888e+00,4.464831988582146360e-02,2.374921630814405728e-05
2.826000000000000000e+03,3.679040884067068529e-01,3.999999999999999556e+00,4.463813174360623665e-02,2.371066834384197181e-05
2.827000000000000000e+03,3.679034262397130051e-01,4.000000000000000000e+00,4.462787052990731945e-02,2.367106376453373377e-05
2.828000000000000000e+03,3.679027654587053164e-01,4.000000000000000000e+00,4.461753614081490071e-02,2.363040665261729637e-05
2.829000000000000000e+03,3.679021060539841015e-01,3.999999999999999556e+00,4.460712847944142689e-02,2.358870124668295976e-05
2.830000000000000000e+03,3.679014480153987021e-01,4.000000000000000000e+00,4.459664745594053847e-02,2.354595194025699414e-05
2.831000000000000000e+03,3.679007913323509293e-01,4.000000000000000888e+00,4.458609298752540251e-02,2.350216328147441738e-05
2.832000000000000000e+03,3.679001359937991711e-01,4.000000000000001776e+00,4.457546499848749622e-02,2.345733997142579341e-05
2.833000000000000000e+03,3.678994819882615008e-01,4.000000000000000000e+00,4.456476342021494647e-02,2.341148686283270306e-05
2.834000000000000000e+03,3.678988293038202295e-01,3.999999999999999556e+00,4.455398819121057091e-02,2.336460895946918667e-05
2.835000000000000000e+03,3.678981779281267905e-01,4.000000000000000000e+00,4.454313925711021749e-02,2.331671141434936805e-05
2.836000000000000000e+03,3.678975278484059031e-01,4.000000000000000888e+00,4.453221657070054879e-02,2.326779952873984792e-05
2.837000000000000000e+03,3.678968790514612897e-01,4.000000000000000000e+00,4.452122009193695829e-02,2.321787875078500671e-05
2.838000000000000000e+03,3.678962315236796177e-01,4.000000000000000000e+00,4.451014978796123678e-02,2.316695467416224829e-05
2.839000000000000000e+03,3.678955852510371605e-01,4.000000000000000000e+00,4.449900563311899593e-02,2.311503303666823082e-05
2.840000000000000000e+03,3.678949402191051266e-01,4.000000000000000000e+00,4.448778760897718898e-02,2.306211971850489557e-05
2.841000000000000000e+03,3.678942964130554327e-01,4.000000000000000000e+00,4.447649570434080574e-02,2.300822074137806125e-05
2.842000000000000000e+03,3.678936538176666993e-01,4.000000000000001776e+00,4.446512991527023367e-02,2.295334226652090653e-05
2.843000000000000000e+03,3.678930124173313554e-01,4.000000000000000000e+00,4.445369024509795985e-02,2.289749059327603344e-05
2.844000000000000000e+03,3.678923721960615234e-01,3.999999999999999556e+00,4.444217670444471080e-02,2.284067215775537321e-05
2.845000000000000000e+03,3.678917331374960131e-01,3.999999999999999112e+00,4.443058931123623767e-02,2.278289353077155220e-05
2.846000000000000000e+03,3.678910952249078159e-01,4.000000000000000888e+00,4.441892809071886633e-02,2.272416141645282705e-05
2.847000000000000000e+03,3.678904584412114320e-01,4.000000000000000000e+00,4.440719307547572048e-02,2.266448265048643998e-05
2.848000000000000000e+03,3.678898227689691991e-01,4.000000000000000000e+00,4.439538430544224396e-02,2.260386419858775918e-05
2.849000000000000000e+03,3.678891881904004513e-01,4.000000000000001776e+00,4.438350182792107773e-02,2.254231315446624781e-05
2.850000000000000000e+03,3.678885546873885692e-01,4.000000000000000888e+00,4.437154569759749895e-02,2.247983673805015067e-05
2.851000000000000000e+03,3.678879222414893624e-01,4.000000000000000888e+00,4.435951597655385381e-02,2.241644229404705661e-05
2.852000000000000000e+03,3.678872908339391179e-01,4.000000000000001776e+00,4.434741273428421254e-02,2.235213728981046643e-05
2.853000000000000000e+03,3.678866604456637046e-01,4.000000000000001776e+00,4.433523604770807369e-02,2.228692931334066304e-05
2.854000000000000000e+03,3.678860310572863446e-01,3.999999999999999556e+00,4.432298600118442233e-02,2.222082607181271726e-05
2.855000000000000000e+03,3.678854026491368279e-01,3.999999999999999112e+00,4.431066268652504581e-02,2.215383538910897240e-05
2.856000000000000000e+03,3.678847752012607830e-01,4.000000000000000000e+00,4.429826620300748863e-02,2.208596520456820023e-05
2.857000000000000000e+03,3.678841486934287253e-01,4.000000000000000000e+00,4.428579665738769516e-02,2.201722357037830485e-05
2.858000000000000000e+03,3.678835231051451604e-01,4.000000000000000000e+00,4.427325416391209023e-02,2.194761865000177987e-05
2.859000000000000000e+03,3.678828984156586324e-01,3.999999999999998668e+00,4.426063884433017320e-02,2.187715871565450808e-05
2.860000000000000000e+03,3.678822746039701608e-01,4.000000000000000000e+00,4.424795082790499573e-02,2.180585214699469338e-05
2.861000000000000000e+03,3.678816516488445654e-01,4.000000000000000000e+00,4.423519025142470112e-02,2.173370742852636937e-05
2.862000000000000000e+03,3.678810295288195142e-01,4.000000000000000000e+00,4.422235725921308536e-02,2.166073314768183532e-05
2.863000000000000000e+03,3.678804082222155714e-01,4.000000000000000000e+00,4.420945200313948498e-02,2.158693799270855631e-05
2.864000000000000000e+03,3.678797877071469102e-01,4.000000000000000000e+00,4.419647464262848463e-02,2.151233075046558331e-05
2.865000000000000000e+03,3.678791679615308619e-01,4.000000000000000888e+00,4.418342534466893762e-02,2.143692030453754285e-05
2.866000000000000000e+03,3.678785489630994610e-01,4.000000000000000000e+00,4.417030428382258400e-02,2.136071563283122165e-05
2.867000000000000000e+03,3.678779306894085499e-01,3.999999999999999556e+00,4.415711164223225238e-02,2.128372580565248001e-05
2.868000000000000000e+03,3.678773131178495470e-01,4.000000000000000000e+00,4.414384760962926368e-02,2.120595998338909826e-05
2.869000000000000000e+03,3.678766962256602713e-01,3.999999999999999556e+00,4.413051238334028681e-02,2.112742741412438347e-05
2.870000000000000000e+03,3.678760799899345457e-01,4.000000000000000000e+00,4.411710616829379872e-02,2.104813743171970701e-05
2.871000000000000000e+03,3.678754643876346320e-01,4.000000000000000000e+00,4.410362917702599639e-02,2.096809945373229774e-05
2.872000000000000000e+03,3.678748493956012222e-01,3.999999999999999112e+00,4.409008162968571648e-02,2.088732297873282414e-05
2.873000000000000000e+03,3.678742349905646525e-01,4.000000000000001776e+00,4.407646375403916073e-02,2.080581758478535981e-05
2.874000000000000000e+03,3.678736211491571151e-01,3.999999999999999112e+00,4.406277578547355273e-02,2.072359292602082352e-05
2.875000000000000000e+03,3.678730078479218735e-01,4.000000000000000000e+00,4.404901796700073230e-02,2.064065873158344637e-05
2.876000000000000000e+03,3.678723950633264739e-01,3.999999999999999556e+00,4.403519054925925102e-02,2.055702480278017054e-05
2.877000000000000000e+03,3.678717827717725153e-01,3.999999999999999556e+00,4.402129379051666208e-02,2.047270101120988889e-05
2.878000000000000000e+03,3.678711709496084725e-01,4.000000000000000888e+00,4.400732795667040842e-02,2.038769729587680074e-05
2.879000000000000000e+03,3.678705595731400213e-01,4.000000000000000000e+00,4.399329332124799624e-02,2.030202366142880020e-05
2.880000000000000000e+03,3.678699486186416956e-01,3.999999999999999112e+00,4.397919016540715459e-02,2.021569017572561066e-05
2.881000000000000000e+03,3.678693380623682674e-01,4.000000000000000888e+00,4.396501877793439206e-02,2.012870696778656967e-05
2.882000000000000000e+03,3.678687278805670147e-01,3.999999999999999112e+00,4.395077945524301227e-02,2.004108422516160130e-05
2.883000000000000000e+03,3.678681180494873248e-01,4.000000000000000000e+00,4.393647250137100446e-02,1.995283219195007047e-05
2.884000000000000000e+03,3.678675085453949056e-01,3.999999999999999556e+00,4.392209822797652624e-02,1.986396116600020397e-05
2.885000000000000000e+03,3.678668993445803337e-01,3.999999999999999112e+00,4.390765695433460764e-02,1.977448149761537309e-05
2.886000000000000000e+03,3.678662904233724884e-01,4.000000000000000888e+00,4.389314900733112118e-02,1.968440358653791424e-05
2.887000000000000000e+03,3.678656817581495986e-01,4.000000000000000000e+00,4.387857472145741816e-02,1.959373787984350335e-05
2.888000000000000000e+03,3.678650733253504002e-01,4.000000000000000000e+00,4.386393443880264725e-02,1.950249486958543187e-05
2.889000000000000000e+03,3.678644651014850164e-01,4.000000000000000000e+00,4.384922850904658664e-02,1.941068509104265123e-05
2.890000000000000000e+03,3.678638570631476701e-01,4.000000000000000888e+00,4.383445728945051245e-02,1.931831911979403301e-05
2.891000000000000000e+03,3.678632491870270083e-01,4.000000000000000000e+00,4.381962114484753285e-02,1.922540757009646680e-05
2.892000000000000000e+03,3.678626414499174269e-01,4.000000000000000000e+00,4.380472044763218664e-02,1.913196109218656224e-05
2.893000000000000000e+03,3.678620338287306724e-01,4.000000000000000000e+00,4.378975557774839045e-02,1.903799037033136531e-05
2.894000000000000000e+03,3.678614263005068330e-01,4.000000000000000000e+00,4.377472692267745519e-02,1.894350612072083197e-05
2.895000000000000000e+03,3.678608188424254966e-01,4.000000000000000888e+00,4.375963487742397240e-02,1.884851908893487771e-05
2.896000000000000000e+03,3.678602114318169636e-01,3.999999999999999556e+00,4.374447984450158949e-02,1.875304004805583246e-05
2.897000000000000000e+03,3.678596040461723504e-01,3.999999999999999112e+00,4.372926223391724460e-02,1.865707979639596634e-05
2.898000000000000000e+03,3.678589966631555241e-01,4.000000000000000888e+00,4.371398246315472830e-02,1.856064915544709058e-05
2.899000000000000000e+03,3.678583892606137606e-01,4.000000000000000000e+00,4.369864095715644825e-02,1.846375896733301107e-05
2.900000000000000000e+03,3.678577818165880142e-01,3.999999999999999112e+00,4.368323814830556151e-02,1.836642009351807073e-05
2.901000000000000000e+03,3.678571743093232427e-01,3.999999999999999556e+00,4.366777447640547705e-02,1.826864341171248422e-05
2.902000000000000000e+03,3.678565667172798426e-01,4.000000000000000000e+00,4.365225038865917784e-02,1.817043981465143136e-05
2.903000000000000000e+03,3.678559590191435857e-01,4.000000000000000000e+00,4.363666633964707192e-02,1.807182020748904512e-05
2.904000000000000000e+03,3.678553511938358889e-01,3.999999999999998668e+00,4.362102279130392057e-02,1.797279550586447272e-05
2.905000000000000000e+03,3.678547432205234724e-01,4.000000000000000000e+00,4.360532021289480198e-02,1.787337663415773659e-05
2.906000000000000000e+03,3.678541350786296293e-01,4.000000000000000000e+00,4.358955908098922222e-02,1.777357452282176011e-05
2.907000000000000000e+03,3.678535267478431625e-01,3.999999999999999112e+00,4.357373987943499033e-02,1.767340010734116086e-05
2.908000000000000000e+03,3.678529182081281546e-01,4.000000000000000000e+00,4.355786309933044886e-02,1.757286432544582732e-05
2.909000000000000000e+03,3.678523094397344595e-01,4.000000000000000000e+00,4.354192923899531664e-02,1.747197811551032812e-05
2.910000000000000000e+03,3.678517004232063070e-01,3.999999999999997780e+00,4.352593880394081682e-02,1.737075241467718183e-05
2.911000000000000000e+03,3.678510911393917393e-01,4.000000000000000000e+00,4.350989230683850045e-02,1.726919815695049067e-05
2.912000000000000000e+03,3.678504815694528252e-01,3.999999999999999556e+00,4.349379026748728672e-02,1.716732627111225987e-05
2.913000000000000000e+03,3.678498716948732650e-01,4.000000000000000000e+00,4.347763321278049625e-02,1.706514767911702622e-05
2.914000000000000000e+03,3.678492614974686603e-01,3.999999999999999112e+00,4.346142167667039341e-02,1.696267329427245167e-05
2.915000000000000000e+03,3.678486509593936749e-01,4.000000000000000000e+00,4.344515620013238849e-02,1.685991401939413657e-05
2.916000000000000000e+03,3.678480400631527480e-01,3.999999999999998224e+00,4.342883733112728323e-02,1.675688074488401022e-05
2.917000000000000000e+03,3.678474287916059238e-01,4.000000000000000000e+00,4.341246562456315544e-02,1.665358434725228216e-05
2.918000000000000000e+03,3.678468171279792864e-01,4.000000000000000888e+00,4.339604164225496080e-02,1.655003568723963781e-05
2.919000000000000000e+03,3.678462050558721774e-01,4.000000000000000888e+00,4.337956595288391254e-02,1.644624560847834029e-05
2.920000000000000000e+03,3.678455925592646336e-01,4.000000000000000000e+00,4.336303913195473786e-02,1.634222493532382274e-05
2.921000000000000000e+03,3.678449796225251589e-01,4.000000000000000000e+00,4.334646176175215720e-02,1.623798447167067508e-05
2.922000000000000000e+03,3.678443662304192729e-01,4.000000000000000888e+00,4.332983443129601736e-02,1.613353499911893973e-05
2.923000000000000000e+03,3.678437523681155064e-01,4.000000000000000000e+00,4.331315773629478005e-02,1.602888727549106531e-05
2.924000000000000000e+03,3.678431380211931723e-01,3.999999999999999112e+00,4.329643227909871911e-02,1.592405203365515425e-05
2.925000000000000000e+03,3.678425231756490277e-01,3.999999999999998224e+00,4.327965866865023103e-02,1.581903997947802976e-05
2.926000000000000000e+03,3.678419078179039348e-01,4.000000000000000000e+00,4.326283752043465214e-02,1.571386179077627701e-05
2.927000000000000000e+03,3.678412919348102439e-01,4.000000000000000000e+00,4.324596945642823070e-02,1.560852811560542629e-05
2.928000000000000000e+03,3.678406755136566231e-01,4.000000000000000000e+00,4.322905510504575222e-02,1.550304957136692619e-05
2.929000000000000000e+03,3.678400585421754965e-01,4.000000000000000000e+00,4.321209510108681151e-02,1.539743674303077032e-05
2.930000000000000000e+03,3.678394410085477628e-01,4.000000000000000000e+00,4.319509008568025304e-02,1.529170018184503583e-05
2.931000000000000000e+03,3.678388229014095678e-01,3.999999999999999112e+00,4.317804070622787566e-02,1.518585040447904354e-05
2.932000000000000000e+03,3.678382042098570226e-01,3.999999999999999112e+00,4.316094761634634014e-02,1.507989789137543497e-05
2.933000000000000000e+03,3.678375849234517547e-01,3.999999999999999556e+00,4.314381147580846620e-02,1.497385308578711455e-05
2.934000000000000000e+03,3.678369650322260709e-01,3.999999999999999556e+00,4.312663295048247553e-02,1.486772639242015883e-05
2.935000000000000000e+03,3.678363445266874532e-01,4.000000000000000000e+00,4.310941271227036048e-02,1.476152817661247403e-05
2.936000000000000000e+03,3.678357233978234442e-01,4.000000000000000000e+00,4.309215143904511491e-02,1.465526876299139455e-05
2.937000000000000000e+03,3.678351016371059767e-01,4.000000000000000000e+00,4.307484981458616080e-02,1.454895843473226649e-05
2.938000000000000000e+03,3.678344792364950933e-01,4.000000000000000000e+00,4.305750852851395610e-02,1.444260743224323257e-05
2.939000000000000000e+03,3.678338561884437752e-01,4.000000000000000000e+00,4.304012827622337445e-02,1.433622595253815325e-05
2.940000000000000000e+03,3.678332324859007740e-01,4.000000000000000000e+00,4.302270975881510723e-02,1.422982414807769287e-05
2.941000000000000000e+03,3.678326081223148858e-01,4.000000000000000000e+00,4.300525368302667018e-02,1.412341212610926418e-05
2.942000000000000000e+03,3.678319830916377264e-01,3.999999999999999112e+00,4.298776076116171685e-02,1.401699994764511525e-05
2.943000000000000000e+03,3.678313573883265075e-01,3.999999999999999112e+00,4.297023171101800598e-02,1.391059762708507792e-05
2.944000000000000000e+03,3.678307310073478664e-01,3.999999999999998668e+00,4.295266725581446676e-02,1.380421513093872378e-05
2.945000000000000000e+03,3.678301039441794207e-01,3.999999999999999112e+00,4.293506812411652940e-02,1.369786237750770135e-05
2.946000000000000000e+03,3.678294761948127656e-01,3.999999999999999112e+00,4.291743504976074097e-02,1.359154923621960229e-05
2.947000000000000000e+03,3.678288477557552505e-01,4.000000000000000000e+00,4.289976877177785475e-02,1.348528552696648629e-05
2.948000000000000000e+03,3.678282186240325324e-01,3.999999999999999556e+00,4.288207003431461495e-02,1.337908101950726031e-05
2.949000000000000000e+03,3.678275887971894087e-01,4.000000000000000000e+00,4.286433958655466725e-02,1.327294543326920525e-05
2.950000000000000000e+03,3.678269582732919818e-01,3.999999999999999112e+00,4.284657818263794965e-02,1.316688843636755223e-05
2.951000000000000000e+03,3.678263270509284366e-01,4.000000000000000000e+00,4.282878658157924373e-02,1.306091964581643957e-05
2.952000000000000000e+03,3.678256951292103727e-01,3.999999999999999556e+00,4.281096554718483854e-02,1.295504862682188417e-05
2.953000000000000000e+03,3.678250625077738589e-01,4.000000000000000000e+00,4.279311584796893775e-02,1.284928489252427844e-05
2.954000000000000000e+03,3.678244291867791005e-01,4.000000000000000888e+00,4.277523825706839450e-02,1.274363790388032241e-05
2.955000000000000000e+03,3.678237951669122152e-01,4.000000000000000000e+00,4.275733355215625281e-02,1.263811706926771677e-05
2.956000000000000000e+03,3.678231604493836793e-01,4.000000000000000888e+00,4.273940251535427587e-02,1.253273174455755546e-05
2.957000000000000000e+03,3.678225250359299370e-01,4.000000000000000000e+00,4.272144593314440575e-02,1.242749123299115855e-05
2.958000000000000000e+03,3.678218889288117355e-01,3.999999999999999112e+00,4.270346459627930719e-02,1.232240478489119169e-05
2.959000000000000000e+03,3.678212521308144023e-01,4.000000000000000000e+00,4.268545929969121133e-02,1.221748159820521562e-05
2.960000000000000000e+03,3.678206146452472347e-01,4.000000000000000000e+00,4.266743084240016970e-02,1.211273081795051366e-05
2.961000000000000000e+03,3.678199764759418344e-01,4.000000000000000888e+00,4.264938002742129503e-02,1.200816153677989276e-05
2.962000000000000000e+03,3.678193376272518300e-01,4.000000000000000000e+00,4.263130766167041313e-02,1.190378279522158193e-05
2.963000000000000000e+03,3.678186981040510450e-01,3.999999999999999112e+00,4.261321455586952051e-02,1.179960358141659096e-05
2.964000000000000000e+03,3.678180579117312221e-01,4.000000000000000000e+00,4.259510152445043080e-02,1.169563283222361752e-05
2.965000000000000000e+03,3.678174170562024115e-01,3.999999999999999556e+00,4.257696938545768583e-02,1.159187943264703053e-05
2.966000000000000000e+03,3.678167755438884745e-01,4.000000000000000000e+00,4.255881896045077967e-02,1.148835221718683406e-05
2.967000000000000000e+03,3.678161333817265843e-01,4.000000000000000000e+00,4.254065107440509891e-02,1.138505996976789085e-05
2.968000000000000000e+03,3.678154905771644501e-01,3.999999999999999112e+00,4.252246655561173205e-02,1.128201142435465320e-05
2.969000000000000000e+03,3.678148471381572082e-01,3.999999999999998668e+00,4.250426623557706368e-02,1.117921526566888100e-05
2.970000000000000000e+03,3.678142030731652579e-01,4.000000000000000000e+00,4.248605094892055761e-02,1.107668013005807077e-05
2.971000000000000000e+03,3.678135583911514850e-01,4.000000000000000000e+00,4.246782153327235965e-02,1.097441460561672538e-05
2.972000000000000000e+03,3.678129131015771547e-01,4.000000000000000888e+00,4.244957882916954028e-02,1.087242723376127116e-05
2.973000000000000000e+03,3.678122672143999128e-01,4.000000000000000000e+00,4.243132367995194887e-02,1.077072650969325791e-05
2.974000000000000000e+03,3.678116207400689008e-01,4.000000000000000000e+00,4.241305693165660362e-02,1.066932088349148929e-05
2.975000000000000000e+03,3.678109736895221471e-01,3.999999999999999556e+00,4.239477943291189432e-02,1.056821876094546089e-05
2.976000000000000000e+03,3.678103260741819036e-01,4.000000000000000888e+00,4.237649203483073029e-02,1.046742850491689622e-05
2.977000000000000000e+03,3.678096779059512045e-01,4.000000000000000000e+00,4.235819559090261976e-02,1.036695843622333423e-05
2.978000000000000000e+03,3.678090291972093695e-01,3.999999999999999112e+00,4.233989095688564519e-02,1.026681683519804550e-05
2.979000000000000000e+03,3.678083799608070636e-01,4.000000000000000000e+00,4.232157899069710627e-02,1.016701194276562179e-05
2.980000000000000000e+03,3.678077302100629664e-01,4.000000000000000000e+00,4.230326055230362869e-02,1.006755196173058591e-05
2.981000000000000000e+03,3.678070799587581652e-01,3.999999999999998668e+00,4.228493650361089817e-02,9.968445058711530442e-06
2.982000000000000000e+03,3.678064292211307151e-01,3.999999999999999112e+00,4.226660770835238834e-02,9.869699365258709963e-06
2.983000000000000000e+03,3.678057780118719755e-01,3.999999999999999112e+00,4.224827503197707557e-02,9.771322979779230048e-06
2.984000000000000000e+03,3.678051263461206144e-01,3.999999999999999112e+00,4.222993934153750073e-02,9.673323968783834026e-06
2.985000000000000000e+03,3.678044742394568356e-01,4.000000000000000000e+00,4.221160150557668606e-02,9.575710369400790040e-06
2.986000000000000000e+03,3.678038217078981043e-01,4.000000000000000000e+00,4.219326239401401807e-02,9.478490190526088943e-06
2.987000000000000000e+03,3.678031687678919859e-01,4.000000000000000888e+00,4.217492287803160239e-02,9.381671415401724503e-06
2.988000000000000000e+03,3.678025154363113169e-01,4.000000000000000000e+00,4.215658382995905729e-02,9.285262003463228109e-06
2.989000000000000000e+03,3.678018617304481541e-01,3.999999999999999556e+00,4.213824612315857088e-02,9.189269892046125068e-06
2.990000000000000000e+03,3.678012076680070574e-01,3.999999999999999556e+00,4.211991063190907714e-02,9.093702999357307549e-06
2.991000000000000000e+03,3.678005532670997613e-01,4.000000000000000000e+00,4.210157823129012655e-02,8.998569226290961410e-06
2.992000000000000000e+03,3.677998985462384574e-01,3.999999999999999556e+00,4.208324979706509067e-02,8.903876459203915393e-06
2.993000000000000000e+03,3.677992435243285785e-01,4.000000000000000000e+00,4.206492620556439438e-02,8.809632571978434011e-06
2.994000000000000000e+03,3.677985882206638024e-01,3.999999999999999556e+00,4.204660833356767963e-02,8.715845428976826017e-06
2.995000000000000000e+03,3.677979326549176142e-01,4.000000000000000000e+00,4.202829705818660055e-02,8.622522887763557577e-06
2.996000000000000000e+03,3.677972768471375886e-01,3.999999999999999556e+00,4.200999325674609208e-02,8.529672801791605397e-06
2.997000000000000000e+03,3.677966208177382290e-01,3.999999999999999112e+00,4.199169780666656138e-02,8.437303023284543931e-06
2.998000000000000000e+03,3.677959645874933070e-01,3.999999999999999112e+00,4.197341158534437233e-02,8.345421406471452297e-06
2.999000000000000000e+03,3.677953081775297006e-01,3.999999999999999556e+00,4.195513547003372479e-02,8.254035810316825229e-06
3.000000000000000000e+03,3.677946516093190676e-01,4.000000000000000888e+00,4.193687033772675044e-02,8.163154102014209601e-06
3.001000000000000000e+03,3.677939949046716839e-01,4.000000000000000000e+00,4.191861706503444140e-02,8.072784160141739269e-06
3.002000000000000000e+03,3.677933380857277279e-01,3.999999999999998668e+00,4.190037652806678781e-02,7.982933878270254875e-06
3.003000000000000000e+03,3.677926811749500091e-01,3.999999999999999556e+00,4.188214960231341488e-02,7.893611168307947267e-06
3.004000000000000000e+03,3.677920241951173619e-01,3.999999999999999556e+00,4.186393716252293645e-02,7.804823964036940282e-06
3.005000000000000000e+03,3.677913671693155973e-01,4.000000000000000888e+00,4.184574008258361288e-02,7.716580224907400345e-06
3.006000000000000000e+03,3.677907101209308971e-01,4.000000000000000000e+00,4.182755923540269066e-02,7.628887939977272208e-06
3.007000000000000000e+03,3.677900530736402662e-01,4.000000000000000000e+00,4.180939549278681749e-02,7.541755131815721020e-06
3.008000000000000000e+03,3.677893960514056482e-01,3.999999999999998224e+00,4.179124972532109045e-02,7.455189860059424719e-06
3.009000000000000000e+03,3.677887390784637112e-01,4.000000000000000000e+00,4.177312280224960289e-02,7.369200226033984097e-06
3.010000000000000000e+03,3.677880821793199084e-01,4.000000000000000000e+00,4.175501559135438856e-02,7.283794376647915375e-06
3.011000000000000000e+03,3.677874253787388747e-01,4.000000000000000888e+00,4.173692895883592685e-02,7.198980508680928982e-06
3.012000000000000000e+03,3.677867687017363774e-01,4.000000000000000000e+00,4.171886376919284323e-02,7.114766873390181970e-06
3.013000000000000000e+03,3.677861121735713223e-01,4.000000000000000000e+00,4.170082088510165125e-02,7.031161780261642940e-06
3.014000000000000000e+03,3.677854558197378165e-01,3.999999999999998668e+00,4.168280116729718154e-02,6.948173602079541882e-06
3.015000000000000000e+03,3.677847996659552310e-01,4.000000000000000000e+00,4.166480547445273325e-02,6.865810779475369933e-06
3.016000000000000000e+03,3.677841437381621503e-01,4.000000000000000000e+00,4.164683466306012133e-02,6.784081825024665189e-06
3.017000000000000000e+03,3.677834880625060476e-01,4.000000000000000000e+00,4.162888958731104233e-02,6.702995328301808872e-06
3.018000000000000000e+03,3.677828326653349023e-01,4.000000000000000000e+00,4.161097109897723273e-02,6.622559960386685302e-06
3.019000000000000000e+03,3.677821775731897613e-01,4.000000000000000000e+00,4.159308004729175834e-02,6.542784478444697464e-06
3.020000000000000000e+03,3.677815228127950808e-01,4.000000000000000000e+00,4.157521727883040086e-02,6.463677730694698252e-06
3.021000000000000000e+03,3.677808684110507320e-01,3.999999999999999556e+00,4.155738363739326646e-02,6.385248660662004729e-06
3.022000000000000000e+03,3.677802143950227864e-01,3.999999999999998668e+00,4.153957996388667889e-02,6.307506311920972025e-06
3.023000000000000000e+03,3.677795607919353005e-01,4.000000000000000000e+00,4.152180709620557214e-02,6.230459832902228029e-06
3.024000000000000000e+03,3.677789076291620995e-01,4.000000000000000888e+00,4.150406586911603579e-02,6.154118480992010463e-06
3.025000000000000000e+03,3.677782549342169527e-01,4.000000000000000000e+00,4.148635711413848487e-02,6.078491627346715707e-06
3.026000000000000000e+03,3.677776027347455234e-01,3.999999999999999556e+00,4.146868165943115581e-02,6.003588760628414898e-06
3.027000000000000000e+03,3.677769510585164880e-01,4.000000000000000000e+00,4.145104032967382446e-02,5.929419491789890423e-06
3.028000000000000000e+03,3.677762999334129868e-01,4.000000000000000888e+00,4.143343394595242618e-02,5.855993557232897375e-06
3.029000000000000000e+03,3.677756493874244081e-01,3.999999999999998224e+00,4.141586332564375222e-02,5.783320823052927709e-06
3.030000000000000000e+03,3.677749994486353979e-01,3.999999999999999112e+00,4.139832928230104819e-02,5.711411288224493736e-06
3.031000000000000000e+03,3.677743501452203634e-01,4.000000000000001776e+00,4.138083262553979291e-02,5.640275087695336087e-06
3.032000000000000000e+03,3.677737015054329262e-01,3.999999999999999112e+00,4.136337416092399771e-02,5.569922495130295472e-06
3.033000000000000000e+03,3.677730535575964299e-01,3.999999999999999556e+00,4.134595468985381023e-02,5.500363925311031555e-06
3.034000000000000000e+03,3.677724063300972235e-01,4.000000000000000000e+00,4.132857500945263246e-02,5.431609936003840715e-06
3.035000000000000000e+03,3.677717598513747244e-01,3.999999999999999556e+00,4.131123591245570298e-02,5.363671229393172918e-06
3.036000000000000000e+03,3.677711141499127034e-01,4.000000000000000888e+00,4.129393818709920644e-02,5.296558652684768297e-06
3.037000000000000000e+03,3.677704692542314024e-01,4.000000000000000888e+00,4.127668261700957741e-02,5.230283198212554409e-06
3.038000000000000000e+03,3.677698251928782636e-01,3.999999999999999556e+00,4.125946998109396996e-02,5.164856002977629066e-06
3.039000000000000000e+03,3.677691819944193252e-01,3.999999999999999112e+00,4.124230105343175412e-02,5.100288347376270966e-06
3.040000000000000000e+03,3.677685396874307844e-01,3.999999999999999112e+00,4.122517660316560306e-02,5.036591652647541423e-06
3.041000000000000000e+03,3.677678983004907254e-01,4.000000000000000000e+00,4.120809739439455083e-02,4.973777477520686465e-06
3.042000000000000000e+03,3.677672578621704602e-01,4.000000000000000000e+00,4.119106418606723052e-02,4.911857514490452590e-06
3.043000000000000000e+03,3.677666184010255357e-01,4.000000000000000000e+00,4.117407773187609088e-02,4.850843583768496495e-06
3.044000000000000000e+03,3.677659799455880174e-01,4.000000000000000000e+00,4.115713878015227201e-02,4.790747627092439891e-06
3.045000000000000000e+03,3.677653425243576635e-01,4.000000000000000000e+00,4.114024807376168158e-02,4.731581699421444145e-06
3.046000000000000000e+03,3.677647061657936534e-01,4.000000000000000888e+00,4.112340635000164002e-02,4.673357959645749624e-06
3.047000000000000000e+03,3.677640708983066498e-01,3.999999999999999112e+00,4.110661434049821955e-02,4.616088659547382539e-06
3.048000000000000000e+03,3.677634367502494728e-01,4.000000000000000888e+00,4.108987277110548453e-02,4.559786131437837826e-06
3.049000000000000000e+03,3.677628037499105496e-01,3.999999999999999112e+00,4.107318236180405174e-02,4.504462773441821051e-06
3.050000000000000000e+03,3.677621719255037558e-01,4.000000000000000000e+00,4.105654382660239854e-02,4.450131033574671396e-06
3.051000000000000000e+03,3.677615413051624205e-01,3.999999999999999112e+00,4.103995787343759499e-02,4.396803391700807217e-06
3.052000000000000000e+03,3.677609119169293894e-01,4.000000000000000000e+00,4.102342520407822185e-02,4.344492339396973772e-06
3.053000000000000000e+03,3.677602837887506970e-01,4.000000000000000000e+00,4.100694651402710805e-02,4.293210357520067237e-06
3.054000000000000000e+03,3.677596569484660183e-01,4.000000000000000000e+00,4.099052249242670504e-02,4.242969892292695961e-06
3.055000000000000000e+03,3.677590314238021185e-01,4.000000000000000000e+00,4.097415382196360756e-02,4.193783328377947860e-06
3.056000000000000000e+03,3.677584072423644157e-01,4.000000000000000000e+00,4.095784117877585701e-02,4.145662960180471662e-06
3.057000000000000000e+03,3.677577844316293199e-01,4.000000000000000000e+00,4.094158523236018921e-02,4.098620960494744147e-06
3.058000000000000000e+03,3.677571630189369611e-01,3.999999999999999556e+00,4.092538664548064226e-02,4.052669347192759340e-06
3.059000000000000000e+03,3.677565430314825856e-01,4.000000000000000888e+00,4.090924607407896846e-02,4.007819947464834341e-06
3.060000000000000000e+03,3.677559244963105600e-01,4.000000000000000888e+00,4.089316416718526831e-02,3.964084359623098182e-06
3.061000000000000000e+03,3.677553074403057676e-01,4.000000000000000888e+00,4.087714156682998451e-02,3.921473912854298668e-06
3.062000000000000000e+03,3.677546918901864470e-01,3.999999999999999112e+00,4.086117890795779029e-02,3.879999624813631501e-06
3.063000000000000000e+03,3.677540778724969761e-01,4.000000000000000000e+00,4.084527681834131813e-02,3.839672157327623410e-06
3.064000000000000000e+03,3.677534654136010994e-01,4.000000000000000888e+00,4.082943591849771264e-02,3.800501770120141181e-06
3.065000000000000000e+03,3.677528545396743231e-01,4.000000000000000888e+00,4.081365682160494751e-02,3.762498272523076786e-06
3.066000000000000000e+03,3.677522452766969208e-01,3.999999999999999112e+00,4.079794013342023795e-02,3.725670974740130317e-06
3.067000000000000000e+03,3.677516376504467721e-01,4.000000000000000000e+00,4.078228645219981324e-02,3.690028636981755593e-06
3.068000000000000000e+03,3.677510316864934792e-01,3.999999999999998668e+00,4.076669636861867535e-02,3.655579418373101788e-06
3.069000000000000000e+03,3.677504274101900950e-01,4.000000000000000888e+00,4.075117046569359802e-02,3.622330824661381149e-06
3.070000000000000000e+03,3.677498248466679609e-01,4.000000000000000000e+00,4.073570931870587608e-02,3.590289656647417689e-06
3.071000000000000000e+03,3.677492240208286578e-01,4.000000000000000000e+00,4.072031349512585802e-02,3.559461958373842055e-06
3.072000000000000000e+03,3.677486249573390098e-01,3.999999999999999556e+00,4.070498355453890105e-02,3.529852966060054774e-06
3.073000000000000000e+03,3.677480276806229798e-01,3.999999999999998668e+00,4.068972004857290131e-02,3.501467058108583690e-06
3.074000000000000000e+03,3.677474322148566177e-01,4.000000000000000000e+00,4.067452352082624734e-02,3.474307707221700319e-06
3.075000000000000000e+03,3.677468385839617881e-01,3.999999999999999112e+00,4.065939450679829925e-02,3.448377434295519606e-06
3.076000000000000000e+03,3.677462468115991201e-01,4.000000000000000000e+00,4.064433353382060354e-02,3.423677765051235390e-06
3.077000000000000000e+03,3.677456569211629556e-01,4.000000000000000000e+00,4.062934112098925271e-02,3.400209189818903249e-06
3.078000000000000000e+03,3.677450689357747438e-01,4.000000000000000888e+00,4.061441777909952783e-02,3.377971127174541380e-06
3.079000000000000000e+03,3.677444828782778785e-01,4.000000000000000000e+00,4.059956401058065906e-02,3.356961891786740443e-06
3.080000000000000000e+03,3.677438987712312590e-01,3.999999999999999112e+00,4.058478030943339643e-02,3.337178666177031058e-06
3.081000000000000000e+03,3.677433166369037942e-01,4.000000000000000000e+00,4.057006716116794837e-02,3.318617478304867867e-06
3.082000000000000000e+03,3.677427364972694068e-01,4.000000000000000888e+00,4.055542504274392557e-02,3.301273184249161706e-06
3.083000000000000000e+03,3.677421583740013711e-01,3.999999999999999112e+00,4.054085442251170041e-02,3.285139456537738952e-06
3.084000000000000000e+03,3.677415822884662067e-01,4.000000000000001776e+00,4.052635576015466840e-02,3.270208778336035672e-06
3.085000000000000000e+03,3.677410082617201259e-01,4.000000000000000000e+00,4.051192950663365377e-02,3.256472443998427127e-06
3.086000000000000000e+03,3.677404363145019284e-01,4.000000000000000000e+00,4.049757610413268205e-02,3.243920566035051323e-06
3.087000000000000000e+03,3.677398664672297812e-01,4.000000000000000000e+00,4.048329598600590440e-02,3.232542087568133228e-06
3.088000000000000000e+03,3.677392987399951685e-01,4.000000000000000000e+00,4.046908957672594453e-02,3.222324801991623711e-06
3.089000000000000000e+03,3.677387331525587277e-01,4.000000000000000000e+00,4.045495729183462563e-02,3.213255378442953687e-06
3.090000000000000000e+03,3.677381697243449765e-01,4.000000000000000000e+00,4.044089953789409275e-02,3.205319392988884790e-06
3.091000000000000000e+03,3.677376084744386486e-01,4.000000000000000000e+00,4.042691671243995449e-02,3.198501365937765987e-06
3.092000000000000000e+03,3.677370494215793650e-01,3.999999999999999112e+00,4.041300920393627039e-02,3.192784804198235451e-06
3.093000000000000000e+03,3.677364925841574150e-01,4.000000000000000000e+00,4.039917739173129463e-02,3.188152248697334087e-06
3.094000000000000000e+03,3.677359379802103145e-01,4.000000000000000000e+00,4.038542164601551659e-02,3.184585326386373546e-06
3.095000000000000000e+03,3.677353856274178101e-01,3.999999999999998224e+00,4.037174232778081157e-02,3.182064806231189613e-06
3.096000000000000000e+03,3.677348355430975491e-01,4.000000000000000888e+00,4.035813978878116659e-02,3.180570658675051122e-06
3.097000000000000000e+03,3.677342877442033031e-01,3.999999999999999556e+00,4.034461437149509250e-02,3.180082118234487928e-06
3.098000000000000000e+03,3.677337422473180850e-01,3.999999999999999556e+00,4.033116640908944450e-02,3.180577748221530297e-06
3.099000000000000000e+03,3.677331990686528718e-01,4.000000000000000000e+00,4.031779622538522040e-02,3.182035507348369760e-06
3.100000000000000000e+03,3.677326582240421082e-01,3.999999999999999556e+00,4.030450413482404570e-02,3.184432817374966546e-06
3.101000000000000000e+03,3.677321197289402654e-01,3.999999999999999112e+00,4.029129044243733027e-02,3.187746631745692074e-06
3.102000000000000000e+03,3.677315835984183434e-01,4.000000000000000000e+00,4.027815544381591756e-02,3.191953504019432203e-06
3.103000000000000000e+03,3.677310498471616507e-01,4.000000000000000888e+00,4.026509942508221113e-02,3.197029655852510445e-06
3.104000000000000000e+03,3.677305184894654744e-01,4.000000000000000888e+00,4.025212266286358476e-02,3.202951044109481072e-06
3.105000000000000000e+03,3.677299895392326379e-01,4.000000000000000000e+00,4.023922542426670163e-02,3.209693426733935444e-06
3.106000000000000000e+03,3.677294630099703920e-01,3.999999999999999112e+00,4.022640796685465758e-02,3.217232426502118990e-06
3.107000000000000000e+03,3.677289389147877507e-01,4.000000000000000000e+00,4.021367053862465873e-02,3.225543592921148353e-06
3.108000000000000000e+03,3.677284172663933814e-01,4.000000000000000000e+00,4.020101337798791252e-02,3.234602461247150926e-06
3.109000000000000000e+03,3.677278980770918304e-01,4.000000000000001776e+00,4.018843671375068455e-02,3.244384609046945724e-06
3.110000000000000000e+03,3.677273813587828011e-01,3.999999999999999556e+00,4.017594076509705542e-02,3.254865710180640659e-06
3.111000000000000000e+03,3.677268671229568797e-01,4.000000000000000000e+00,4.016352574157361355e-02,3.266021584796371583e-06
3.112000000000000000e+03,3.677263553806949803e-01,3.999999999999999112e+00,4.015119184307545247e-02,3.277828246394860456e-06
3.113000000000000000e+03,3.677258461426650138e-01,4.000000000000000000e+00,4.013893925983338939e-02,3.290261945635037109e-06
3.114000000000000000e+03,3.677253394191213332e-01,3.999999999999998668e+00,4.012676817240343197e-02,3.303299210830040287e-06
3.115000000000000000e+03,3.677248352199009584e-01,3.999999999999999112e+00,4.011467875165760505e-02,3.316916884734514577e-06
3.116000000000000000e+03,3.677243335544237435e-01,4.000000000000000000e+00,4.010267115877609589e-02,3.331092157875620304e-06
3.117000000000000000e+03,3.677238344316897667e-01,4.000000000000000000e+00,4.009074554524118955e-02,3.345802598803516746e-06
3.118000000000000000e+03,3.677233378602776659e-01,4.000000000000000000e+00,4.007890205283284879e-02,3.361026181100895690e-06
3.119000000000000000e+03,3.677228438483434725e-01,4.000000000000000000e+00,4.006714081362585528e-02,3.376741306843161497e-06
3.120000000000000000e+03,3.677223524036197788e-01,4.000000000000000000e+00,4.005546194998826220e-02,3.392926827444289281e-06
3.121000000000000000e+03,3.677218635334135177e-01,3.999999999999999556e+00,4.004386557458188001e-02,3.409562060630424971e-06
3.122000000000000000e+03,3.677213772446059070e-01,3.999999999999999556e+00,4.003235179036396252e-02,3.426626806453932984e-06
3.123000000000000000e+03,3.677208935436506176e-01,4.000000000000000000e+00,4.002092069059026702e-02,3.444101358744639196e-06
3.124000000000000000e+03,3.677204124365739402e-01,3.999999999999999556e+00,4.000957235882052904e-02,3.461966515071395806e-06
3.125000000000000000e+03,3.677199339289727864e-01,3.999999999999999112e+00,3.999830686892451304e-02,3.480203583845206025e-06
3.126000000000000000e+03,3.677194580260148005e-01,4.000000000000000000e+00,3.998712428509031136e-02,3.498794390184816284e-06
3.127000000000000000e+03,3.677189847324382477e-01,4.000000000000000000e+00,3.997602466183345499e-02,3.517721279128185741e-06
3.128000000000000000e+03,3.677185140525505158e-01,4.000000000000000888e+00,3.996500804400859863e-02,3.536967116733729493e-06
3.129000000000000000e+03,3.677180459902283371e-01,4.000000000000000888e+00,3.995407446682192054e-02,3.556515289877199222e-06
3.130000000000000000e+03,3.677175805489181770e-01,3.999999999999999556e+00,3.994322395584522928e-02,3.576349704675106280e-06
3.131000000000000000e+03,3.677171177316344020e-01,4.000000000000000888e+00,3.993245652703171500e-02,3.596454783481968715e-06
3.132000000000000000e+03,3.677166575409616112e-01,4.000000000000000888e+00,3.992177218673301220e-02,3.616815460228636221e-06
3.133000000000000000e+03,3.677161999790528601e-01,4.000000000000000000e+00,3.991117093171830943e-02,3.637417174692202036e-06
3.134000000000000000e+03,3.677157450476306044e-01,3.999999999999999112e+00,3.990065274919431249e-02,3.658245866618310457e-06
3.135000000000000000e+03,3.677152927479872546e-01,3.999999999999999112e+00,3.989021761682676193e-02,3.679287968054830190e-06
3.136000000000000000e+03,3.677148430809848434e-01,3.999999999999999112e+00,3.987986550276411551e-02,3.700530395378604047e-06
3.137000000000000000e+03,3.677143960470562467e-01,4.000000000000000000e+00,3.986959636566182741e-02,3.721960540285480290e-06
3.138000000000000000e+03,3.677139516462059610e-01,4.000000000000000000e+00,3.985941015470860493e-02,3.743566260696417403e-06
3.139000000000000000e+03,3.677135098780097699e-01,3.999999999999999112e+00,3.984930680965429600e-02,3.765335871097027171e-06
3.140000000000000000e+03,3.677130707416162436e-01,4.000000000000000888e+00,3.983928626083856062e-02,3.787258132288966871e-06
3.141000000000000000e+03,3.677126342357486810e-01,4.000000000000000000e+00,3.982934842922140201e-02,3.809322240662600304e-06
3.142000000000000000e+03,3.677122003587036114e-01,4.000000000000000000e+00,3.981949322641555739e-02,3.831517817966152265e-06
3.143000000000000000e+03,3.677117691083543471e-01,4.000000000000000888e+00,3.980972055471931198e-02,3.853834899921664090e-06
3.144000000000000000e+03,3.677113404821510390e-01,4.000000000000000000e+00,3.980003030715180412e-02,3.876263925667893056e-06
3.145000000000000000e+03,3.677109144771223415e-01,4.000000000000000000e+00,3.979042236748857320e-02,3.898795726602214808e-06
3.146000000000000000e+03,3.677104910898761903e-01,4.000000000000000000e+00,3.978089661029973051e-02,3.921421515087956392e-06
3.147000000000000000e+03,3.677100703166024109e-01,4.000000000000001776e+00,3.977145290098857422e-02,3.944132873165670526e-06
3.148000000000000000e+03,3.677096521530734408e-01,4.000000000000000888e+00,3.976209109583211249e-02,3.966921742328681363e-06
3.149000000000000000e+03,3.677092365946462715e-01,4.000000000000000000e+00,3.975281104202250948e-02,3.989780411462028195e-06
3.150000000000000000e+03,3.677088236362642260e-01,4.000000000000000000e+00,3.974361257771034245e-02,4.012701507002068659e-06
3.151000000000000000e+03,3.677084132724586230e-01,4.000000000000001776e+00,3.973449553204896206e-02,4.035677981423317234e-06
3.152000000000000000e+03,3.677080054973519974e-01,3.999999999999998224e+00,3.972545972524005320e-02,4.058703102948905835e-06
3.153000000000000000e+03,3.677076003046574337e-01,4.000000000000000000e+00,3.971650496858072227e-02,4.081770445261543314e-06
3.154000000000000000e+03,3.677071976876839510e-01,3.999999999999999556e+00,3.970763106451159763e-02,4.104873877255193529e-06
3.155000000000000000e+03,3.677067976393364468e-01,3.999999999999999556e+00,3.969883780666678269e-02,4.128007552679607129e-06
3.156000000000000000e+03,3.677064001521186398e-01,4.000000000000000000e+00,3.969012497992441962e-02,4.151165900560657597e-06
3.157000000000000000e+03,3.677060052181361227e-01,3.999999999999999112e+00,3.968149236045898781e-02,4.174343615851841050e-06
3.158000000000000000e+03,3.677056128290978054e-01,3.999999999999999556e+00,3.967293971579450435e-02,4.197535649567311412e-06
3.159000000000000000e+03,3.677052229763189128e-01,4.000000000000000888e+00,3.966446680485919557e-02,4.220737199805918006e-06
3.160000000000000000e+03,3.677048356507245375e-01,3.999999999999999112e+00,3.965607337804118171e-02,4.243943702809244755e-06
3.161000000000000000e+03,3.677044508428503056e-01,3.999999999999999112e+00,3.964775917724584764e-02,4.267150824196149864e-06
3.162000000000000000e+03,3.677040685428472067e-01,4.000000000000000888e+00,3.963952393595352591e-02,4.290354450774637229e-06
3.163000000000000000e+03,3.677036887404836474e-01,4.000000000000001776e+00,3.963136737927923370e-02,4.313550681964813525e-06
3.164000000000000000e+03,3.677033114251482271e-01,4.000000000000000888e+00,3.962328922403308973e-02,4.336735821933043792e-06
3.165000000000000000e+03,3.677029365858530685e-01,4.000000000000000000e+00,3.961528917878209821e-02,4.359906371619185207e-06
3.166000000000000000e+03,3.677025642112368153e-01,4.000000000000000888e+00,3.960736694391267521e-02,4.383059021531645222e-06
3.167000000000000000e+03,3.677021942895682405e-01,4.000000000000000000e+00,3.959952221169477093e-02,4.406190644558604462e-06
3.168000000000000000e+03,3.677018268087486330e-01,4.000000000000001776e+00,3.959175466634683865e-02,4.429298288000066731e-06
3.169000000000000000e+03,3.677014617563165721e-01,3.999999999999998224e+00,3.958406398410194149e-02,4.452379167556116363e-06
3.170000000000000000e+03,3.677010991194489264e-01,3.999999999999999112e+00,3.957644983327501809e-02,4.475430660238809299e-06
3.171000000000000000e+03,3.677007388849672376e-01,4.000000000000000000e+00,3.956891187433072415e-02,4.498450298213526120e-06
3.172000000000000000e+03,3.677003810393395522e-01,4.000000000000000000e+00,3.956144975995290469e-02,4.521435762366994335e-06
3.173000000000000000e+03,3.677000255686839747e-01,4.000000000000000000e+00,3.955406313511508620e-02,4.544384876086610646e-06
3.174000000000000000e+03,3.676996724587732746e-01,4.000000000000000000e+00,3.954675163715128117e-02,4.567295599466650044e-06
3.175000000000000000e+03,3.676993216950378840e-01,3.999999999999999112e+00,3.953951489582850642e-02,4.590166023977734155e-06
3.176000000000000000e+03,3.676989732625696172e-01,3.999999999999999112e+00,3.953235253342000932e-02,4.612994366870498961e-06
3.177000000000000000e+03,3.676986271461261668e-01,4.000000000000000888e+00,3.952526416477907673e-02,4.635778965268431916e-06
3.178000000000000000e+03,3.676982833301353226e-01,3.999999999999999112e+00,3.951824939741457182e-02,4.658518271884098529e-06
3.179000000000000000e+03,3.676979417986971921e-01,4.000000000000000000e+00,3.951130783156660276e-02,4.681210849424389801e-06
3.180000000000000000e+03,3.676976025355906952e-01,4.000000000000000000e+00,3.950443906028362068e-02,4.703855366358186576e-06
3.181000000000000000e+03,3.676972655242756183e-01,4.000000000000000888e+00,3.949764266949989944e-02,4.726450591997430001e-06
3.182000000000000000e+03,3.676969307478982762e-01,4.000000000000000000e+00,3.949091823811460428e-02,4.748995391981645631e-06
3.183000000000000000e+03,3.676965981892944546e-01,4.000000000000000888e+00,3.948426533807100625e-02,4.771488723565393472e-06
3.184000000000000000e+03,3.676962678309947941e-01,4.000000000000000000e+00,3.947768353443652928e-02,4.793929632636857692e-06
3.185000000000000000e+03,3.676959396552287318e-01,4.000000000000000000e+00,3.947117238548458057e-02,4.816317248655423765e-06
3.186000000000000000e+03,3.676956136439283318e-01,4.000000000000001776e+00,3.946473144277561768e-02,4.838650780576823200e-06
3.187000000000000000e+03,3.676952897787341135e-01,4.000000000000000000e+00,3.945836025124034585e-02,4.860929514221469081e-06
3.188000000000000000e+03,3.676949680409978827e-01,3.999999999999999112e+00,3.945205834926317212e-02,4.883152807327703190e-06
3.189000000000000000e+03,3.676946484117882830e-01,4.000000000000000000e+00,3.944582526876593692e-02,4.905320086925271351e-06
3.190000000000000000e+03,3.676943308718955139e-01,4.000000000000000000e+00,3.943966053529299881e-02,4.927430846019978877e-06
3.191000000000000000e+03,3.676940154018352169e-01,4.000000000000000000e+00,3.943356366809711716e-02,4.949484639371263514e-06
3.192000000000000000e+03,3.676937019818539154e-01,3.999999999999999556e+00,3.942753418022536260e-02,4.971481081033665373e-06
3.193000000000000000e+03,3.676933905919329004e-01,4.000000000000000000e+00,3.942157157860599198e-02,4.993419841383545618e-06
3.194000000000000000e+03,3.676930812117940595e-01,4.000000000000000000e+00,3.941567536413616291e-02,5.015300644001848521e-06
3.195000000000000000e+03,3.676927738209037066e-01,3.999999999999999556e+00,3.940984503177002995e-02,5.037123262383620709e-06
3.196000000000000000e+03,3.676924683984779119e-01,3.999999999999999112e+00,3.940408007060762496e-02,5.058887517838003045e-06
3.197000000000000000e+03,3.676921649234872747e-01,4.000000000000000000e+00,3.939837996398419528e-02,5.080593276337514538e-06
3.198000000000000000e+03,3.676918633746621978e-01,4.000000000000000000e+00,3.939274418955981960e-02,5.102240446609825192e-06
3.199000000000000000e+03,3.676915637304971618e-01,3.999999999999999556e+00,3.938717221941030744e-02,5.123828976816739708e-06
3.200000000000000000e+03,3.676912659692562202e-01,3.999999999999999556e+00,3.938166352011829296e-02,5.145358852327765463e-06
3.201000000000000000e+03,3.676909700689776628e-01,3.999999999999999112e+00,3.937621755286414144e-02,5.166830093875678779e-06
3.202000000000000000e+03,3.676906760074796221e-01,3.999999999999999556e+00,3.937083377351859731e-02,5.188242755182172141e-06
3.203000000000000000e+03,3.676903837623644034e-01,4.000000000000000000e+00,3.936551163273490500e-02,5.209596920350066760e-06
3.204000000000000000e+03,3.676900933110247571e-01,4.000000000000000000e+00,3.936025057604167904e-02,5.230892702249943506e-06
3.205000000000000000e+03,3.676898046306474876e-01,4.000000000000000000e+00,3.935505004393678730e-02,5.252130240052860445e-06
3.206000000000000000e+03,3.676895176982200031e-01,3.999999999999999112e+00,3.934990947198037381e-02,5.273309697995402522e-06
3.207000000000000000e+03,3.676892324905344234e-01,3.999999999999999112e+00,3.934482829088969263e-02,5.294431262743789565e-06
3.208000000000000000e+03,3.676889489841936309e-01,4.000000000000000888e+00,3.933980592663349068e-02,5.315495141953252812e-06
3.209000000000000000e+03,3.676886671556165442e-01,4.000000000000000888e+00,3.933484180052655710e-02,5.336501562335208223e-06
3.210000000000000000e+03,3.676883869810423922e-01,4.000000000000000000e+00,3.932993532932549385e-02,5.357450768078792785e-06
3.211000000000000000e+03,3.676881084365369867e-01,4.000000000000000888e+00,3.932508592532388964e-02,5.378343019286374339e-06
3.212000000000000000e+03,3.676878314979975526e-01,4.000000000000000000e+00,3.932029299644856923e-02,5.399178590452357480e-06
3.213000000000000000e+03,3.676875561411585003e-01,3.999999999999998668e+00,3.931555594635528089e-02,5.419957768531313167e-06
3.214000000000000000e+03,3.676872823415958669e-01,3.999999999999999556e+00,3.931087417452564653e-02,5.440680851748923187e-06
3.215000000000000000e+03,3.676870100747338665e-01,3.999999999999999556e+00,3.930624707636332094e-02,5.461348148275365623e-06
3.216000000000000000e+03,3.676867393158494979e-01,3.999999999999999112e+00,3.930167404329136527e-02,5.481959974768939957e-06
3.217000000000000000e+03,3.676864700400778174e-01,3.999999999999999112e+00,3.929715446284896829e-02,5.502516654966445852e-06
3.218000000000000000e+03,3.676862022224176019e-01,4.000000000000001776e+00,3.929268771878891703e-02,5.523018518228845370e-06
3.219000000000000000e+03,3.676859358377376208e-01,3.999999999999998668e+00,3.928827319117490779e-02,5.543465899124672682e-06
3.220000000000000000e+03,3.676856708607794677e-01,4.000000000000001776e+00,3.928391025647969687e-02,5.563859135253906483e-06
3.221000000000000000e+03,3.676854072661666084e-01,4.000000000000000888e+00,3.927959828768196049e-02,5.584198566594157112e-06
3.222000000000000000e+03,3.676851450284064904e-01,4.000000000000000000e+00,3.927533665436494514e-02,5.604484534363867876e-06
3.223000000000000000e+03,3.676848841218978703e-01,4.000000000000000000e+00,3.927112472281393124e-02,5.624717379871923175e-06
3.224000000000000000e+03,3.676846245209359765e-01,3.999999999999998668e+00,3.926696185611473766e-02,5.644897443742975888e-06
3.225000000000000000e+03,3.676843661997170054e-01,3.999999999999999556e+00,3.926284741425128955e-02,5.665025064583701674e-06
3.226000000000000000e+03,3.676841091323451161e-01,4.000000000000000000e+00,3.925878075420424773e-02,5.685100578252583721e-06
3.227000000000000000e+03,3.676838532928364822e-01,4.000000000000000000e+00,3.925476123004884715e-02,5.705124316792854525e-06
3.228000000000000000e+03,3.676835986551255653e-01,4.000000000000000000e+00,3.925078819305344996e-02,5.725096607876804157e-06
3.229000000000000000e+03,3.676833451930703323e-01,4.000000000000000000e+00,3.924686099177728676e-02,5.745017773692875535e-06
3.230000000000000000e+03,3.676830928804570853e-01,3.999999999999999112e+00,3.924297897216894038e-02,5.764888130242470375e-06
3.231000000000000000e+03,3.676828416910066788e-01,4.000000000000000888e+00,3.923914147766429522e-02,5.784707986301040409e-06
3.232000000000000000e+03,3.676825915983802928e-01,3.999999999999999556e+00,3.923534784928459085e-02,5.804477643216939934e-06
3.233000000000000000e+03,3.676823425761833186e-01,4.000000000000000000e+00,3.923159742573462117e-02,5.824197393837838656e-06
3.234000000000000000e+03,3.676820945979720756e-01,4.000000000000000888e+00,3.922788954350028140e-02,5.843867521696485855e-06
3.235000000000000000e+03,3.676818476372593070e-01,4.000000000000000000e+00,3.922422353694635794e-02,5.863488300585057698e-06
3.236000000000000000e+03,3.676816016675181764e-01,4.000000000000000888e+00,3.922059873841456795e-02,5.883059994115659792e-06
3.237000000000000000e+03,3.676813566621893736e-01,3.999999999999999112e+00,3.921701447832042636e-02,5.902582854715995986e-06
3.238000000000000000e+03,3.676811125946848891e-01,4.000000000000000000e+00,3.921347008525127159e-02,5.922057123176689396e-06
3.239000000000000000e+03,3.676808694383947307e-01,4.000000000000000888e+00,3.920996488606275782e-02,5.941483028177472509e-06
3.240000000000000000e+03,3.676806271666914760e-01,4.000000000000000000e+00,3.920649820597617297e-02,5.960860786046580691e-06
3.241000000000000000e+03,3.676803857529356567e-01,4.000000000000000888e+00,3.920306936867525710e-02,5.980190599465655759e-06
3.242000000000000000e+03,3.676801451704812540e-01,4.000000000000001776e+00,3.919967769640234773e-02,5.999472658084617355e-06
3.243000000000000000e+03,3.676799053926810279e-01,3.999999999999999556e+00,3.919632251005508022e-02,6.018707137150201412e-06
3.244000000000000000e+03,3.676796663928911801e-01,4.000000000000000888e+00,3.919300312928226254e-02,6.037894197309247760e-06
3.245000000000000000e+03,3.676794281444776269e-01,4.000000000000000000e+00,3.918971887257930581e-02,6.057033984678599831e-06
3.246000000000000000e+03,3.676791906208201066e-01,4.000000000000000888e+00,3.918646905738421699e-02,6.076126630202223589e-06
3.247000000000000000e+03,3.676789537953186193e-01,3.999999999999999112e+00,3.918325300017233559e-02,6.095172248730620782e-06
3.248000000000000000e+03,3.676787176413968128e-01,3.999999999999999556e+00,3.918007001655145899e-02,6.114170939450576192e-06
3.249000000000000000e+03,3.676784821325091990e-01,3.999999999999999112e+00,3.917691942135619748e-02,6.133122785529409728e-06
3.250000000000000000e+03,3.676782472421448178e-01,3.999999999999998668e+00,3.917380052874216978e-02,6.152027853279205623e-06
3.251000000000000000e+03,3.676780129438326217e-01,4.000000000000000000e+00,3.917071265227967114e-02,6.170886192053519314e-06
3.252000000000000000e+03,3.676777792111471932e-01,4.000000000000001776e+00,3.916765510504727904e-02,6.189697834414287820e-06
3.253000000000000000e+03,3.676775460177130750e-01,4.000000000000000000e+00,3.916462719972481354e-02,6.208462795404766310e-06
3.254000000000000000e+03,3.676773133372095992e-01,4.000000000000001776e+00,3.916162824868607562e-02,6.227181072806423029e-06
3.255000000000000000e+03,3.676770811433769381e-01,3.999999999999999556e+00,3.915865756409078746e-02,6.245852646371274185e-06
3.256000000000000000e+03,3.676768494100195461e-01,3.999999999999999556e+00,3.915571445797664391e-02,6.264477477928665161e-06
3.257000000000000000e+03,3.676766181110122655e-01,4.000000000000000000e+00,3.915279824235045475e-02,6.283055511220747913e-06
3.258000000000000000e+03,3.676763872203048233e-01,4.000000000000001776e+00,3.914990822927906511e-02,6.301586671793493242e-06
3.259000000000000000e+03,3.676761567119269380e-01,4.000000000000000000e+00,3.914704373097987328e-02,6.320070867011024288e-06
3.260000000000000000e+03,3.676759265599919280e-01,4.000000000000000888e+00,3.914420405991057839e-02,6.338507985132719919e-06
3.261000000000000000e+03,3.676756967387032615e-01,3.999999999999999556e+00,3.914138852885879621e-02,6.356897896192027515e-06
3.262000000000000000e+03,3.676754672223574993e-01,4.000000000000000888e+00,3.913859645103078683e-02,6.375240451736496688e-06
3.263000000000000000e+03,3.676752379853507335e-01,3.999999999999999556e+00,3.913582714013982833e-02,6.393535484232598038e-06
3.264000000000000000e+03,3.676750090021817519e-01,4.000000000000000000e+00,3.913307991049446571e-02,6.411782807223716817e-06
3.265000000000000000e+03,3.676747802474573668e-01,3.999999999999999556e+00,3.913035407708524011e-02,6.429982215369027503e-06
3.266000000000000000e+03,3.676745516958968008e-01,4.000000000000000000e+00,3.912764895567186207e-02,6.448133484567211439e-06
3.267000000000000000e+03,3.676743233223365159e-01,4.000000000000001776e+00,3.912496386286928168e-02,6.466236371755099309e-06
3.268000000000000000e+03,3.676740951017342107e-01,4.000000000000000000e+00,3.912229811623318260e-02,6.484290614745024718e-06
3.269000000000000000e+03,3.676738670091729277e-01,4.000000000000001776e+00,3.911965103434538599e-02,6.502295932475074150e-06
3.270000000000000000e+03,3.676736390198672710e-01,3.999999999999999112e+00,3.911702193689777646e-02,6.520252024977389299e-06
3.271000000000000000e+03,3.676734111091646828e-01,4.000000000000000000e+00,3.911441014477638062e-02,6.538158573317105314e-06
3.272000000000000000e+03,3.676731832525530486e-01,4.000000000000000888e+00,3.911181498014450891e-02,6.556015239657612987e-06
3.273000000000000000e+03,3.676729554256626953e-01,3.999999999999999112e+00,3.910923576652530070e-02,6.573821667444652901e-06
3.274000000000000000e+03,3.676727276042709436e-01,4.000000000000000000e+00,3.910667182888377669e-02,6.591577481071521419e-06
3.275000000000000000e+03,3.676724997643067705e-01,4.000000000000000888e+00,3.910412249370776722e-02,6.609282286622785091e-06
3.276000000000000000e+03,3.676722718818555835e-01,3.999999999999999556e+00,3.910158708908868797e-02,6.626935671512994851e-06
3.277000000000000000e+03,3.676720439331608303e-01,4.000000000000000000e+00,3.909906494480172578e-02,6.644537204225001956e-06
3.278000000000000000e+03,3.676718158946306048e-01,4.000000000000000888e+00,3.909655539238453270e-02,6.662086435268175025e-06
3.279000000000000000e+03,3.676715877428403112e-01,4.000000000000000000e+00,3.909405776521628073e-02,6.679582896812790970e-06
3.280000000000000000e+03,3.676713594545363839e-01,4.000000000000000888e+00,3.909157139859521790e-02,6.697026102731527753e-06
3.281000000000000000e+03,3.676711310066410610e-01,4.000000000000000000e+00,3.908909562981582181e-02,6.714415548888877755e-06
3.282000000000000000e+03,3.676709023762551043e-01,4.000000000000000000e+00,3.908662979824544664e-02,6.731750713001876929e-06
3.283000000000000000e+03,3.676706735406624071e-01,3.999999999999998224e+00,3.908417324539978366e-02,6.749031055287033830e-06
3.284000000000000000e+03,3.676704444773325475e-01,3.999999999999999112e+00,3.908172531501796776e-02,6.766256018380779673e-06
3.285000000000000000e+03,3.676702151639261174e-01,3.999999999999999112e+00,3.907928535313680979e-02,6.783425027350164665e-06
3.286000000000000000e+03,3.676699855782962767e-01,4.000000000000000888e+00,3.907685270816411982e-02,6.800537489906969300e-06
3.287000000000000000e+03,3.676697556984943049e-01,3.999999999999999112e+00,3.907442673095175290e-02,6.817592796975416330e-06
3.288000000000000000e+03,3.676695255027709885e-01,3.999999999999999556e+00,3.907200677486719759e-02,6.834590322018850726e-06
3.289000000000000000e+03,3.676692949695813395e-01,4.000000000000000888e+00,3.906959219586500498e-02,6.851529422546366496e-06
3.290000000000000000e+03,3.676690640775879260e-01,4.000000000000000888e+00,3.906718235255705191e-02,6.868409438909526083e-06
3.291000000000000000e+03,3.676688328056633148e-01,4.000000000000000000e+00,3.906477660628255438e-02,6.885229695452199965e-06
3.292000000000000000e+03,3.676686011328939019e-01,3.999999999999998668e+00,3.906237432117616593e-02,6.901989500262419884e-06
3.293000000000000000e+03,3.676683690385826320e-01,4.000000000000000000e+00,3.905997486423700565e-02,6.918688145719771346e-06
3.294000000000000000e+03,3.676681365022527181e-01,4.000000000000000888e+00,3.905757760539499412e-02,6.935324908400868979e-06
3.295000000000000000e+03,3.676679035036501952e-01,4.000000000000000000e+00,3.905518191757770957e-02,6.951899049500905353e-06
3.296000000000000000e+03,3.676676700227469174e-01,3.999999999999999112e+00,3.905278717677612005e-02,6.968409815016915868e-06
3.297000000000000000e+03,3.676674360397430563e-01,3.999999999999999112e+00,3.905039276210917065e-02,6.984856436159091185e-06
3.298000000000000000e+03,3.676672015350705980e-01,4.000000000000001776e+00,3.904799805588782952e-02,7.001238129166351891e-06
3.299000000000000000e+03,3.676669664893963962e-01,4.000000000000001776e+00,3.904560244367817623e-02,7.017554096085497684e-06
3.300000000000000000e+03,3.676667308836237269e-01,4.000000000000000888e+00,3.904320531436378944e-02,7.033803524416001568e-06
3.301000000000000000e+03,3.676664946988957849e-01,4.000000000000000000e+00,3.904080606020718380e-02,7.049985587974855056e-06
3.302000000000000000e+03,3.676662579165978495e-01,3.999999999999998668e+00,3.903840407691051145e-02,7.066099447043781647e-06
3.303000000000000000e+03,3.676660205183596708e-01,4.000000000000000000e+00,3.903599876367520177e-02,7.082144248121930311e-06
3.304000000000000000e+03,3.676657824860589674e-01,4.000000000000000888e+00,3.903358952326087955e-02,7.098119124866348879e-06
3.305000000000000000e+03,3.676655438018227584e-01,4.000000000000000000e+00,3.903117576204367944e-02,7.114023197971330124e-06
3.306000000000000000e+03,3.676653044480293620e-01,4.000000000000000000e+00,3.902875689007319349e-02,7.129855575537267509e-06
3.307000000000000000e+03,3.676650644073120588e-01,4.000000000000000000e+00,3.902633232112897449e-02,7.145615353379335164e-06
3.308000000000000000e+03,3.676648236625597588e-01,4.000000000000000000e+00,3.902390147277579741e-02,7.161301615329730423e-06
3.309000000000000000e+03,3.676645821969204420e-01,3.999999999999999112e+00,3.902146376641849046e-02,7.176913433445201974e-06
3.310000000000000000e+03,3.676643399938017698e-01,4.000000000000000000e+00,3.901901862735551035e-02,7.192449868405478912e-06
3.311000000000000000e+03,3.676640970368746930e-01,3.999999999999999556e+00,3.901656548483195541e-02,7.207909969605100122e-06
3.312000000000000000e+03,3.676638533100739514e-01,3.999999999999999112e+00,3.901410377209122565e-02,7.223292775961816597e-06
3.313000000000000000e+03,3.676636087976005718e-01,4.000000000000000888e+00,3.901163292642661345e-02,7.238597315352929123e-06
3.314000000000000000e+03,3.676633634839239773e-01,4.000000000000000000e+00,3.900915238923094441e-02,7.253822605713316574e-06
3.315000000000000000e+03,3.676631173537826536e-01,4.000000000000000888e+00,3.900666160604634308e-02,7.268967654971467983e-06
3.316000000000000000e+03,3.676628703921869246e-01,4.000000000000000000e+00,3.900416002661224318e-02,7.284031461452011234e-06
3.317000000000000000e+03,3.676626225844198403e-01,4.000000000000000000e+00,3.900164710491326597e-02,7.299013014124010604e-06
3.318000000000000000e+03,3.676623739160388982e-01,3.999999999999999112e+00,3.899912229922577328e-02,7.313911292838288456e-06
3.319000000000000000e+03,3.676621243728770416e-01,4.000000000000001776e+00,3.899658507216356707e-02,7.328725268767381775e-06
3.320000000000000000e+03,3.676618739410454362e-01,4.000000000000000888e+00,3.899403489072259671e-02,7.343453904787990247e-06
3.321000000000000000e+03,3.676616226069328586e-01,3.999999999999999556e+00,3.899147122632519447e-02,7.358096155652448767e-06
3.322000000000000000e+03,3.676613703572080283e-01,4.000000000000000000e+00,3.898889355486291619e-02,7.372650968114840472e-06
3.323000000000000000e+03,3.676611171788208288e-01,3.999999999999998668e+00,3.898630135673877839e-02,7.387117281827134740e-06
3.324000000000000000e+03,3.676608630590029181e-01,4.000000000000000000e+00,3.898369411690855157e-02,7.401494028888236155e-06
3.325000000000000000e+03,3.676606079852692277e-01,4.000000000000000000e+00,3.898107132492086707e-02,7.415780134884766934e-06
3.326000000000000000e+03,3.676603519454186841e-01,3.999999999999999112e+00,3.897843247495701852e-02,7.429974518580845336e-06
3.327000000000000000e+03,3.676600949275348196e-01,4.000000000000000000e+00,3.897577706586922291e-02,7.444076092690876179e-06
3.328000000000000000e+03,3.676598369199873817e-01,4.000000000000000000e+00,3.897310460121838904e-02,7.458083764212972650e-06
3.329000000000000000e+03,3.676595779114321116e-01,4.000000000000000888e+00,3.897041458931091440e-02,7.471996434308489585e-06
3.330000000000000000e+03,3.676593178908124093e-01,3.999999999999999556e+00,3.896770654323413602e-02,7.485812998879221368e-06
3.331000000000000000e+03,3.676590568473588894e-01,3.999999999999999112e+00,3.896497998089206577e-02,7.499532348836792288e-06
3.332000000000000000e+03,3.676587947705909909e-01,4.000000000000000000e+00,3.896223442503861378e-02,7.513153370494432993e-06
3.333000000000000000e+03,3.676585316503169221e-01,3.999999999999999556e+00,3.895946940331098535e-02,7.526674945983979046e-06
3.334000000000000000e+03,3.676582674766338821e-01,4.000000000000000000e+00,3.895668444826219656e-02,7.540095953474423217e-06
3.335000000000000000e+03,3.676580022399291714e-01,3.999999999999998668e+00,3.895387909739198018e-02,7.553415267008333083e-06
3.336000000000000000e+03,3.676577359308791371e-01,4.000000000000000000e+00,3.895105289317760122e-02,7.566631757692097500e-06
3.337000000000000000e+03,3.676574685404512821e-01,4.000000000000000888e+00,3.894820538310295177e-02,7.579744293507104317e-06
3.338000000000000000e+03,3.676572000599027668e-01,4.000000000000000000e+00,3.894533611968772902e-02,7.592751739381037685e-06
3.339000000000000000e+03,3.676569304807810745e-01,4.000000000000000000e+00,3.894244466051473286e-02,7.605652958247887274e-06
3.340000000000000000e+03,3.676566597949243453e-01,4.000000000000000000e+00,3.893953056825692760e-02,7.618446810419833527e-06
3.341000000000000000e+03,3.676563879944607094e-01,4.000000000000000000e+00,3.893659341070335872e-02,7.631132154669391550e-06
3.342000000000000000e+03,3.676561150718089532e-01,3.999999999999998668e+00,3.893363276078428553e-02,7.643707848140532786e-06
3.343000000000000000e+03,3.676558410196771876e-01,3.999999999999999556e+00,3.893064819659525222e-02,7.656172746848319261e-06
3.344000000000000000e+03,3.676555658310641794e-01,3.999999999999999556e+00,3.892763930142044415e-02,7.668525705871878862e-06
3.345000000000000000e+03,3.676552894992575760e-01,3.999999999999999556e+00,3.892460566375501724e-02,7.680765579648114014e-06
3.346000000000000000e+03,3.676550120178344594e-01,3.999999999999999556e+00,3.892154687732679585e-02,7.692891222361790846e-06
3.347000000000000000e+03,3.676547333806603479e-01,4.000000000000000000e+00,3.891846254111687442e-02,7.704901488214948180e-06
3.348000000000000000e+03,3.676544535818893622e-01,3.999999999999999112e+00,3.891535225937917813e-02,7.716795231643263633e-06
3.349000000000000000e+03,3.676541726159627266e-01,3.999999999999999112e+00,3.891221564165973923e-02,7.728571307623286014e-06
3.350000000000000000e+03,3.676538904776089356e-01,4.000000000000000888e+00,3.890905230281446747e-02,7.740228572166360567e-06
3.351000000000000000e+03,3.676536071618429768e-01,4.000000000000000888e+00,3.890586186302619903e-02,7.751765882434664016e-06
3.352000000000000000e+03,3.676533226639653318e-01,4.000000000000000000e+00,3.890264394782133595e-02,7.763182096960731784e-06
3.353000000000000000e+03,3.676530369795610320e-01,4.000000000000000000e+00,3.889939818808513944e-02,7.774476076216819991e-06
3.354000000000000000e+03,3.676527501044991597e-01,3.999999999999999556e+00,3.889612422007600323e-02,7.785646682507113735e-06
3.355000000000000000e+03,3.676524620349319594e-01,4.000000000000000000e+00,3.889282168543967133e-02,7.796692780579676205e-06
3.356000000000000000e+03,3.676521727672932838e-01,4.000000000000000888e+00,3.888949023122179743e-02,7.807613237920552079e-06
3.357000000000000000e+03,3.676518822982984269e-01,4.000000000000000000e+00,3.888612950987987288e-02,7.818406924950965260e-06
3.358000000000000000e+03,3.676515906249420151e-01,4.000000000000000000e+00,3.888273917929486317e-02,7.829072714971999157e-06
3.359000000000000000e+03,3.676512977444978403e-01,3.999999999999999112e+00,3.887931890278076980e-02,7.839609484920304229e-06
3.360000000000000000e+03,3.676510036545166393e-01,3.999999999999999556e+00,3.887586834909492750e-02,7.850016115733939994e-06
3.361000000000000000e+03,3.676507083528257613e-01,4.000000000000000000e+00,3.887238719244610896e-02,7.860291491987249609e-06
3.362000000000000000e+03,3.676504118375273356e-01,3.999999999999998224e+00,3.886887511250258082e-02,7.870434502591556024e-06
3.363000000000000000e+03,3.676501141069965506e-01,4.000000000000000000e+00,3.886533179439912583e-02,7.880444041273698325e-06
3.364000000000000000e+03,3.676498151598810438e-01,4.000000000000000000e+00,3.886175692874300341e-02,7.890319006345538822e-06
3.365000000000000000e+03,3.676495149950989028e-01,4.000000000000000000e+00,3.885815021161966032e-02,7.900058301217248075e-06
3.366000000000000000e+03,3.676492136118369447e-01,4.000000000000000888e+00,3.885451134459687317e-02,7.909660834700264865e-06
3.367000000000000000e+03,3.676489110095496615e-01,3.999999999999999556e+00,3.885084003472865505e-02,7.919125521246211995e-06
3.368000000000000000e+03,3.676486071879567219e-01,4.000000000000000000e+00,3.884713599455846822e-02,7.928451281131134433e-06
3.369000000000000000e+03,3.676483021470421386e-01,4.000000000000000888e+00,3.884339894212082700e-02,7.937637040829891258e-06
3.370000000000000000e+03,3.676479958870523257e-01,4.000000000000000000e+00,3.883962860094332392e-02,7.946681732895605934e-06
3.371000000000000000e+03,3.676476884084936003e-01,3.999999999999998668e+00,3.883582470004624809e-02,7.955584296793986984e-06
3.372000000000000000e+03,3.676473797121307396e-01,4.000000000000000000e+00,3.883198697394332072e-02,7.964343678630308947e-06
3.373000000000000000e+03,3.676470697989857039e-01,4.000000000000000000e+00,3.882811516264007140e-02,7.972958831932072508e-06
3.374000000000000000e+03,3.676467586703347501e-01,4.000000000000000000e+00,3.882420901163213117e-02,7.981428716963004380e-06
3.375000000000000000e+03,3.676464463277068773e-01,3.999999999999999112e+00,3.882026827190294266e-02,7.989752302053862950e-06
3.376000000000000000e+03,3.676461327728809403e-01,4.000000000000000000e+00,3.881629269992042941e-02,7.997928563348399546e-06
3.377000000000000000e+03,3.676458180078856497e-01,3.999999999999998668e+00,3.881228205763226358e-02,8.005956485068432319e-06
3.378000000000000000e+03,3.676455020349942981e-01,4.000000000000000888e+00,3.880823611246204952e-02,8.013835059125756072e-06
3.379000000000000000e+03,3.676451848567262037e-01,4.000000000000000000e+00,3.880415463730287062e-02,8.021563286475478987e-06
3.380000000000000000e+03,3.676448664758409368e-01,4.000000000000000000e+00,3.880003741051162719e-02,8.029140176627257511e-06
3.381000000000000000e+03,3.676445468953383200e-01,3.999999999999999556e+00,3.879588421590147301e-02,8.036564748151190171e-06
3.382000000000000000e+03,3.676442261184550420e-01,4.000000000000000000e+00,3.879169484273437690e-02,8.043836028635716650e-06
3.383000000000000000e+03,3.676439041486636028e-01,4.000000000000000000e+00,3.878746908571243518e-02,8.050953054857283567e-06
3.384000000000000000e+03,3.676435809896678730e-01,4.000000000000000888e+00,3.878320674496881643e-02,8.057914873454513245e-06
3.385000000000000000e+03,3.676432566454022055e-01,4.000000000000000888e+00,3.877890762605745723e-02,8.064720540793613566e-06
3.386000000000000000e+03,3.676429311200284933e-01,4.000000000000000000e+00,3.877457153994308403e-02,8.071369123071958242e-06
3.387000000000000000e+03,3.676426044179336161e-01,4.000000000000000000e+00,3.877019830298904929e-02,8.077859696732746711e-06
3.388000000000000000e+03,3.676422765437266094e-01,4.000000000000000000e+00,3.876578773694591001e-02,8.084191348828045846e-06
3.389000000000000000e+03,3.676419475022367767e-01,4.000000000000000000e+00,3.876133966893844512e-02,8.090363176655970172e-06
3.390000000000000000e+03,3.676416172985100261e-01,4.000000000000000000e+00,3.875685393145236746e-02,8.096374288234474821e-06
3.391000000000000000e+03,3.676412859378069831e-01,4.000000000000000888e+00,3.875233036232016148e-02,8.102223802917792234e-06
3.392000000000000000e+03,3.676409534256005474e-01,4.000000000000000888e+00,3.874776880470631735e-02,8.107910851013979845e-06
3.393000000000000000e+03,3.676406197675717857e-01,4.000000000000000000e+00,3.874316910709207917e-02,8.113434573988357064e-06
3.394000000000000000e+03,3.676402849696085440e-01,4.000000000000000000e+00,3.873853112325919418e-02,8.118794125091315932e-06
3.395000000000000000e+03,3.676399490378019497e-01,4.000000000000000000e+00,3.873385471227324545e-02,8.123988668926683301e-06
3.396000000000000000e+03,3.676396119784436367e-01,3.999999999999999556e+00,3.872913973846648511e-02,8.129017382309812638e-06
3.397000000000000000e+03,3.676392737980231362e-01,4.000000000000000000e+00,3.872438607141959893e-02,8.133879453934611986e-06
3.398000000000000000e+03,3.676389345032247125e-01,4.000000000000000000e+00,3.871959358594324885e-02,8.138574084522889429e-06
3.399000000000000000e+03,3.676385941009244762e-01,4.000000000000000000e+00,3.871476216205883142e-02,8.143100487342152797e-06
3.400000000000000000e+03,3.676382525981877203e-01,3.999999999999999556e+00,3.870989168497866728e-02,8.147457888046670717e-06
3.401000000000000000e+03,3.676379100022650337e-01,4.000000000000001776e+00,3.870498204508529549e-02,8.151645525053080894e-06
3.402000000000000000e+03,3.676375663205906363e-01,4.000000000000000888e+00,3.870003313791085808e-02,8.155662649622845390e-06
3.403000000000000000e+03,3.676372215607782712e-01,4.000000000000000888e+00,3.869504486411523558e-02,8.159508525736279877e-06
3.404000000000000000e+03,3.676368757306187618e-01,4.000000000000000000e+00,3.869001712946359278e-02,8.163182430685688462e-06
3.405000000000000000e+03,3.676365288380762375e-01,4.000000000000000888e+00,3.868494984480398691e-02,8.166683655121606601e-06
3.406000000000000000e+03,3.676361808912859130e-01,4.000000000000000888e+00,3.867984292604385171e-02,8.170011502834556287e-06
3.407000000000000000e+03,3.676358318985503137e-01,4.000000000000000000e+00,3.867469629412604443e-02,8.173165291359283776e-06
3.408000000000000000e+03,3.676354818683366110e-01,3.999999999999999112e+00,3.866950987500428899e-02,8.176144351917742414e-06
3.409000000000000000e+03,3.676351308092724590e-01,4.000000000000000888e+00,3.866428359961828626e-02,8.178948029251349619e-06
3.410000000000000000e+03,3.676347787301444403e-01,4.000000000000000000e+00,3.865901740386804702e-02,8.181575682391276948e-06
3.411000000000000000e+03,3.676344256398935695e-01,4.000000000000000000e+00,3.865371122858793362e-02,8.184026684291157978e-06
3.412000000000000000e+03,3.676340715476121845e-01,3.999999999999999556e+00,3.864836501951975090e-02,8.186300421953963678e-06
3.413000000000000000e+03,3.676337164625415044e-01,3.999999999999999556e+00,3.864297872728596900e-02,8.188396296745419843e-06
3.414000000000000000e+03,3.676333603940675210e-01,4.000000000000000000e+00,3.863755230736185681e-02,8.190313724441930526e-06
3.415000000000000000e+03,3.676330033517181128e-01,4.000000000000000000e+00,3.863208572004730307e-02,8.192052135346153990e-06
3.416000000000000000e+03,3.676326453451601584e-01,4.000000000000000000e+00,3.862657893043838081e-02,8.193610974363499947e-06
3.417000000000000000e+03,3.676322863841950395e-01,4.000000000000000888e+00,3.862103190839811379e-02,8.194989701043188632e-06
3.418000000000000000e+03,3.676319264787569763e-01,4.000000000000000888e+00,3.861544462852657678e-02,8.196187790060915589e-06
3.419000000000000000e+03,3.676315656389087527e-01,4.000000000000000000e+00,3.860981707013144693e-02,8.197204730696547439e-06
3.420000000000000000e+03,3.676312038748376088e-01,4.000000000000000000e+00,3.860414921719694525e-02,8.198040027307040701e-06
3.421000000000000000e+03,3.676308411968540191e-01,4.000000000000000000e+00,3.859844105835318062e-02,8.198693199536865106e-06
3.422000000000000000e+03,3.676304776153863640e-01,4.000000000000000888e+00,3.859269258684447368e-02,8.199163782135972830e-06
3.423000000000000000e+03,3.676301131409792644e-01,4.000000000000000888e+00,3.858690380049772245e-02,8.199451324976578216e-06
3.424000000000000000e+03,3.676297477842886408e-01,4.000000000000000000e+00,3.858107470169001157e-02,8.199555393474556661e-06
3.425000000000000000e+03,3.676293815560792710e-01,3.999999999999999556e+00,3.857520529731577053e-02,8.199475568390339367e-06
3.426000000000000000e+03,3.676290144672212934e-01,4.000000000000000888e+00,3.856929559875400815e-02,8.199211446092911476e-06
3.427000000000000000e+03,3.676286465286871530e-01,4.000000000000000888e+00,3.856334562183446474e-02,8.198762638637610361e-06
3.428000000000000000e+03,3.676282777515474942e-01,4.000000000000000000e+00,3.855735538680359065e-02,8.198128773338346880e-06
3.429000000000000000e+03,3.676279081469685517e-01,3.999999999999999112e+00,3.855132491829107305e-02,8.197309493670794912e-06
3.430000000000000000e+03,3.676275377262081534e-01,4.000000000000000000e+00,3.854525424527393412e-02,8.196304458657667361e-06
3.431000000000000000e+03,3.676271665006131117e-01,4.000000000000000888e+00,3.853914340104226677e-02,8.195113343215559208e-06
3.432000000000000000e+03,3.676267944816155597e-01,3.999999999999999112e+00,3.853299242316386014e-02,8.193735838063664464e-06
3.433000000000000000e+03,3.676264216807284546e-01,4.000000000000000000e+00,3.852680135344808965e-02,8.192171650060876646e-06
3.434000000000000000e+03,3.676260481095446897e-01,4.000000000000000888e+00,3.852057023790989021e-02,8.190420501914819412e-06
3.435000000000000000e+03,3.676256737797317653e-01,3.999999999999999556e+00,3.851429912673351441e-02,8.188482132495673957e-06
3.436000000000000000e+03,3.676252987030286246e-01,3.999999999999999556e+00,3.850798807423558290e-02,8.186356296652770972e-06
3.437000000000000000e+03,3.676249228912431555e-01,4.000000000000000000e+00,3.850163713882812783e-02,8.184042765366531411e-06
3.438000000000000000e+03,3.676245463562483051e-01,4.000000000000000888e+00,3.849524638298103263e-02,8.181541325848963567e-06
3.439000000000000000e+03,3.676241691099793041e-01,4.000000000000000000e+00,3.848881587318438158e-02,8.178851781487320131e-06
3.440000000000000000e+03,3.676237911644292256e-01,4.000000000000000888e+00,3.848234567991054567e-02,8.175973951662006436e-06
3.441000000000000000e+03,3.676234125316473200e-01,4.000000000000000888e+00,3.847583587757599788e-02,8.172907672362098974e-06
3.442000000000000000e+03,3.676230332237340748e-01,3.999999999999999112e+00,3.846928654450242763e-02,8.169652795897162762e-06
3.443000000000000000e+03,3.676226532528390489e-01,3.999999999999999556e+00,3.846269776287854214e-02,8.166209190316069854e-06
3.444000000000000000e+03,3.676222726311573763e-01,4.000000000000000000e+00,3.845606961872007762e-02,8.162576740481414887e-06
3.445000000000000000e+03,3.676218913709260461e-01,4.000000000000000000e+00,3.844940220183132307e-02,8.158755347334282020e-06
3.446000000000000000e+03,3.676215094844216824e-01,3.999999999999999556e+00,3.844269560576516614e-02,8.154744928386391403e-06
3.447000000000000000e+03,3.676211269839558260e-01,4.000000000000001776e+00,3.843594992778331942e-02,8.150545417146312277e-06
3.448000000000000000e+03,3.676207438818736017e-01,4.000000000000000888e+00,3.842916526881633849e-02,8.146156763659827653e-06
3.449000000000000000e+03,3.676203601905488338e-01,4.000000000000000000e+00,3.842234173342327919e-02,8.141578934464751871e-06
3.450000000000000000e+03,3.676199759223815478e-01,4.000000000000000000e+00,3.841547942975159780e-02,8.136811912343942574e-06
3.451000000000000000e+03,3.676195910897952501e-01,3.999999999999999556e+00,3.840857846949607274e-02,8.131855696259930090e-06
3.452000000000000000e+03,3.676192057052329876e-01,4.000000000000000888e+00,3.840163896785830228e-02,8.126710301595730596e-06
3.453000000000000000e+03,3.676188197811554037e-01,4.000000000000000000e+00,3.839466104350535564e-02,8.121375760123278895e-06
3.454000000000000000e+03,3.676184333300357987e-01,4.000000000000000000e+00,3.838764481852906946e-02,8.115852119848395970e-06
3.455000000000000000e+03,3.676180463643587970e-01,3.999999999999999556e+00,3.838059041840418545e-02,8.110139445055593644e-06
3.456000000000000000e+03,3.676176588966165726e-01,4.000000000000000888e+00,3.837349797194727213e-02,8.104237816346287622e-06
3.457000000000000000e+03,3.676172709393062399e-01,4.000000000000000000e+00,3.836636761127479311e-02,8.098147330654703079e-06
3.458000000000000000e+03,3.676168825049258571e-01,3.999999999999999556e+00,3.835919947176139738e-02,8.091868100988960398e-06
3.459000000000000000e+03,3.676164936059722055e-01,4.000000000000000000e+00,3.835199369199811248e-02,8.085400256517604676e-06
3.460000000000000000e+03,3.676161042549385138e-01,3.999999999999998224e+00,3.834475041375003806e-02,8.078743942737594375e-06
3.461000000000000000e+03,3.676157144643095731e-01,3.999999999999999112e+00,3.833746978191463622e-02,8.071899321156914689e-06
3.462000000000000000e+03,3.676153242465608484e-01,4.000000000000001776e+00,3.833015194447896012e-02,8.064866569460567205e-06
3.463000000000000000e+03,3.676149336141549262e-01,3.999999999999999112e+00,3.832279705247762513e-02,8.057645881233984844e-06
3.464000000000000000e+03,3.676145425795376287e-01,4.000000000000000000e+00,3.831540525995028729e-02,8.050237466157622436e-06
3.465000000000000000e+03,3.676141511551365704e-01,4.000000000000000888e+00,3.830797672389926051e-02,8.042641549862181846e-06
3.466000000000000000e+03,3.676137593533583825e-01,3.999999999999999556e+00,3.830051160424655099e-02,8.034858373836680106e-06
3.467000000000000000e+03,3.676133671865843833e-01,4.000000000000000000e+00,3.829301006379167566e-02,8.026888195688027734e-06
3.468000000000000000e+03,3.676129746671695786e-01,4.000000000000000000e+00,3.828547226816850918e-02,8.018731288474900012e-06
3.469000000000000000e+03,3.676125818074391649e-01,4.000000000000000000e+00,3.827789838580285958e-02,8.010387941068603508e-06
3.470000000000000000e+03,3.676121886196860866e-01,4.000000000000000000e+00,3.827028858786953730e-02,8.001858458153062524e-06
3.471000000000000000e+03,3.676117951161679831e-01,3.999999999999999556e+00,3.826264304824938955e-02,7.993143159980755028e-06
3.472000000000000000e+03,3.676114013091046906e-01,4.000000000000000888e+00,3.825496194348698004e-02,7.984242382293748846e-06
3.473000000000000000e+03,3.676110072106767435e-01,4.000000000000000000e+00,3.824724545274682530e-02,7.975156476389748216e-06
3.474000000000000000e+03,3.676106128330207667e-01,4.000000000000001776e+00,3.823949375777153936e-02,7.965885808953376680e-06
3.475000000000000000e+03,3.676102181882292541e-01,3.999999999999999556e+00,3.823170704283806315e-02,7.956430762170770479e-06
3.476000000000000000e+03,3.676098232883458494e-01,4.000000000000000000e+00,3.822388549471548991e-02,7.946791733154577012e-06
3.477000000000000000e+03,3.676094281453650137e-01,4.000000000000000000e+00,3.821602930262186365e-02,7.936969134430978451e-06
3.478000000000000000e+03,3.676090327712278616e-01,4.000000000000001776e+00,3.820813865818151189e-02,7.926963393785902749e-06
3.479000000000000000e+03,3.676086371778211626e-01,4.000000000000000000e+00,3.820021375538195513e-02,7.916774953604835990e-06
3.480000000000000000e+03,3.676082413769740653e-01,3.999999999999999556e+00,3.819225479053155875e-02,7.906404271601260566e-06
3.481000000000000000e+03,3.676078453804558777e-01,4.000000000000000888e+00,3.818426196221684499e-02,7.895851819999984969e-06
3.482000000000000000e+03,3.676074491999747895e-01,4.000000000000000000e+00,3.817623547125923583e-02,7.885118086111665909e-06
3.483000000000000000e+03,3.676070528471739873e-01,3.999999999999999556e+00,3.816817552067333641e-02,7.874203571760579964e-06
3.484000000000000000e+03,3.676066563336311543e-01,4.000000000000000000e+00,3.816008231562369873e-02,7.863108793211614421e-06
3.485000000000000000e+03,3.676062596708552510e-01,3.999999999999998668e+00,3.815195606338291773e-02,7.851834281256229257e-06
3.486000000000000000e+03,3.676058628702842945e-01,3.999999999999999556e+00,3.814379697328876967e-02,7.840380581173746048e-06
3.487000000000000000e+03,3.676054659432843597e-01,3.999999999999999112e+00,3.813560525670247475e-02,7.828748252317025181e-06
3.488000000000000000e+03,3.676050689011464145e-01,3.999999999999999112e+00,3.812738112696602982e-02,7.816937868449344419e-06
3.489000000000000000e+03,3.676046717550850440e-01,3.999999999999999112e+00,3.811912479936067910e-02,7.804950017257664962e-06
3.490000000000000000e+03,3.676042745162357850e-01,4.000000000000000000e+00,3.811083649106441346e-02,7.792785300094245748e-06
3.491000000000000000e+03,3.676038771956541829e-01,4.000000000000000000e+00,3.810251642111060072e-02,7.780444332580396674e-06
3.492000000000000000e+03,3.676034798043129603e-01,4.000000000000000000e+00,3.809416481034593599e-02,7.767927743743201254e-06
3.493000000000000000e+03,3.676030823531006853e-01,4.000000000000000000e+00,3.808578188138913440e-02,7.755236176225934847e-06
3.494000000000000000e+03,3.676026848528200497e-01,4.000000000000000000e+00,3.807736785858936712e-02,7.742370286361045017e-06
3.495000000000000000e+03,3.676022873141855940e-01,3.999999999999998668e+00,3.806892296798496111e-02,7.729330743599419041e-06
3.496000000000000000e+03,3.676018897478223191e-01,3.999999999999999112e+00,3.806044743726236940e-02,7.716118230718833633e-06
3.497000000000000000e+03,3.676014921642644095e-01,3.999999999999999556e+00,3.805194149571498874e-02,7.702733443475187432e-06
3.498000000000000000e+03,3.676010945739525693e-01,4.000000000000000888e+00,3.804340537420252549e-02,7.689177090823815471e-06
3.499000000000000000e+03,3.676006969872336327e-01,4.000000000000000000e+00,3.803483930511047939e-02,7.675449894385089305e-06
3.500000000000000000e+03,3.676002994143584002e-01,3.999999999999998668e+00,3.802624352230910693e-02,7.661552588416697021e-06
3.501000000000000000e+03,3.675999018654792505e-01,4.000000000000000000e+00,3.801761826111384884e-02,7.647485920022435157e-06
3.502000000000000000e+03,3.675995043506507520e-01,3.999999999999999112e+00,3.800896375824480700e-02,7.633250648666010100e-06
3.503000000000000000e+03,3.675991068798262207e-01,4.000000000000000000e+00,3.800028025178683877e-02,7.618847545781723956e-06
3.504000000000000000e+03,3.675987094628573870e-01,4.000000000000000000e+00,3.799156798115001926e-02,7.604277395465096933e-06
3.505000000000000000e+03,3.675983121094930084e-01,3.999999999999999112e+00,3.798282718703002020e-02,7.589540993642236342e-06
3.506000000000000000e+03,3.675979148293767595e-01,4.000000000000000888e+00,3.797405811136886356e-02,7.574639148051936245e-06
3.507000000000000000e+03,3.675975176320475102e-01,3.999999999999999112e+00,3.796526099731580006e-02,7.559572678186464776e-06
3.508000000000000000e+03,3.675971205269359388e-01,3.999999999999999556e+00,3.795643608918854855e-02,7.544342415120424516e-06
3.509000000000000000e+03,3.675967235233655872e-01,3.999999999999999112e+00,3.794758363243445898e-02,7.528949201757471173e-06
3.510000000000000000e+03,3.675963266305500854e-01,4.000000000000000000e+00,3.793870387359243868e-02,7.513393891611934612e-06
3.511000000000000000e+03,3.675959298575931511e-01,4.000000000000000000e+00,3.792979706025433051e-02,7.497677349789331488e-06
3.512000000000000000e+03,3.675955332134864806e-01,3.999999999999999556e+00,3.792086344102747753e-02,7.481800452356511548e-06
3.513000000000000000e+03,3.675951367071095266e-01,4.000000000000000888e+00,3.791190326549662842e-02,7.465764086092710412e-06
3.514000000000000000e+03,3.675947403472286101e-01,4.000000000000000000e+00,3.790291678418692550e-02,7.449569148687629078e-06
3.515000000000000000e+03,3.675943441424951996e-01,4.000000000000000000e+00,3.789390424852615014e-02,7.433216548040804684e-06
3.516000000000000000e+03,3.675939481014455779e-01,4.000000000000000000e+00,3.788486591080848093e-02,7.416707202675585160e-06
3.517000000000000000e+03,3.675935522324999538e-01,4.000000000000000888e+00,3.787580202415710695e-02,7.400042041440977866e-06
3.518000000000000000e+03,3.675931565439616855e-01,4.000000000000000000e+00,3.786671284248863123e-02,7.383222002883170625e-06
3.519000000000000000e+03,3.675927610440163917e-01,3.999999999999999112e+00,3.785759862047614888e-02,7.366248035682002719e-06
3.520000000000000000e+03,3.675923657407308420e-01,3.999999999999999556e+00,3.784845961351408772e-02,7.349121098088835709e-06
3.521000000000000000e+03,3.675919706420532340e-01,3.999999999999999112e+00,3.783929607768208442e-02,7.331842158196291924e-06
3.522000000000000000e+03,3.675915757558114727e-01,4.000000000000000888e+00,3.783010826971022061e-02,7.314412193228395959e-06
3.523000000000000000e+03,3.675911810897137810e-01,4.000000000000000000e+00,3.782089644694343333e-02,7.296832189709919428e-06
3.524000000000000000e+03,3.675907866513467015e-01,3.999999999999999556e+00,3.781166086730749359e-02,7.279103143140907714e-06
3.525000000000000000e+03,3.675903924481754848e-01,4.000000000000000000e+00,3.780240178927384703e-02,7.261226058221463023e-06
3.526000000000000000e+03,3.675899984875435900e-01,4.000000000000000000e+00,3.779311947182607129e-02,7.243201948193266906e-06
3.527000000000000000e+03,3.675896047766720187e-01,3.999999999999999556e+00,3.778381417442565338e-02,7.225031834736462465e-06
3.528000000000000000e+03,3.675892113226585933e-01,4.000000000000000000e+00,3.777448615697899525e-02,7.206716748237527676e-06
3.529000000000000000e+03,3.675888181324784565e-01,3.999999999999999112e+00,3.776513567980350344e-02,7.188257726978016882e-06
3.530000000000000000e+03,3.675884252129824059e-01,4.000000000000000000e+00,3.775576300359503867e-02,7.169655817544040229e-06
3.531000000000000000e+03,3.675880325708985596e-01,3.999999999999999556e+00,3.774636838939541411e-02,7.150912074093337922e-06
3.532000000000000000e+03,3.675876402128299691e-01,4.000000000000000000e+00,3.773695209856005317e-02,7.132027558789004290e-06
3.533000000000000000e+03,3.675872481452555629e-01,3.999999999999999556e+00,3.772751439272566815e-02,7.113003341080314463e-06
3.534000000000000000e+03,3.675868563745298689e-01,4.000000000000000888e+00,3.771805553377916703e-02,7.093840497845407070e-06
3.535000000000000000e+03,3.675864649068830703e-01,4.000000000000000000e+00,3.770857578382560971e-02,7.074540113240509835e-06
3.536000000000000000e+03,3.675860737484201723e-01,3.999999999999999556e+00,3.769907540515794742e-02,7.055103278238243095e-06
3.537000000000000000e+03,3.675856829051212249e-01,4.000000000000000000e+00,3.768955466022591572e-02,7.035531090780037444e-06
3.538000000000000000e+03,3.675852923828418217e-01,4.000000000000000888e+00,3.768001381160561436e-02,7.015824655388901616e-06
3.539000000000000000e+03,3.675849021873126565e-01,3.999999999999999112e+00,3.767045312196957291e-02,6.995985083008784378e-06
3.540000000000000000e+03,3.675845123241390788e-01,3.999999999999999112e+00,3.766087285405705226e-02,6.976013490874336435e-06
3.541000000000000000e+03,3.675841227988019821e-01,4.000000000000000888e+00,3.765127327064467233e-02,6.955911002306538328e-06
3.542000000000000000e+03,3.675837336166582481e-01,4.000000000000000000e+00,3.764165463451719235e-02,6.935678746742582054e-06
3.543000000000000000e+03,3.675833447829389700e-01,3.999999999999998668e+00,3.763201720843903364e-02,6.915317859133127509e-06
3.544000000000000000e+03,3.675829563027513958e-01,4.000000000000000888e+00,3.762236125512569140e-02,6.894829480002513821e-06
3.545000000000000000e+03,3.675825681810791501e-01,4.000000000000000888e+00,3.761268703721578482e-02,6.874214755406408553e-06
3.546000000000000000e+03,3.675821804227812351e-01,4.000000000000000000e+00,3.760299481724321130e-02,6.853474836444605362e-06
3.547000000000000000e+03,3.675817930325931959e-01,4.000000000000000000e+00,3.759328485760982108e-02,6.832610879350453735e-06
3.548000000000000000e+03,3.675814060151272322e-01,3.999999999999999112e+00,3.758355742055845272e-02,6.811624045145255152e-06
3.549000000000000000e+03,3.675810193748723087e-01,4.000000000000000000e+00,3.757381276814635712e-02,6.790515499616002208e-06
3.550000000000000000e+03,3.675806331161949325e-01,4.000000000000001776e+00,3.756405116221835094e-02,6.769286413049352672e-06
3.551000000000000000e+03,3.675802472433398749e-01,3.999999999999999112e+00,3.755427286438089290e-02,6.747937959686251231e-06
3.552000000000000000e+03,3.675798617604284502e-01,4.000000000000001776e+00,3.754447813597713152e-02,6.726471318313352456e-06
3.553000000000000000e+03,3.675794766714622908e-01,3.999999999999999112e+00,3.753466723806037075e-02,6.704887671612419031e-06
3.554000000000000000e+03,3.675790919803208490e-01,4.000000000000000000e+00,3.752484043137001291e-02,6.683188205637179805e-06
3.555000000000000000e+03,3.675787076907636175e-01,4.000000000000000888e+00,3.751499797630632183e-02,6.661374110549584383e-06
3.556000000000000000e+03,3.675783238064304626e-01,4.000000000000000000e+00,3.750514013290628945e-02,6.639446579661627596e-06
3.557000000000000000e+03,3.675779403308414572e-01,3.999999999999999556e+00,3.749526716081972438e-02,6.617406809502294752e-06
3.558000000000000000e+03,3.675775572673979363e-01,3.999999999999999112e+00,3.748537931928525718e-02,6.595255999601261609e-06
3.559000000000000000e+03,3.675771746193830514e-01,4.000000000000001776e+00,3.747547686710753917e-02,6.572995352389545029e-06
3.560000000000000000e+03,3.675767923899632139e-01,4.000000000000000000e+00,3.746556006263344896e-02,6.550626073269600889e-06
3.561000000000000000e+03,3.675764105821866523e-01,4.000000000000000000e+00,3.745562916373041534e-02,6.528149369700270151e-06
3.562000000000000000e+03,3.675760291989865758e-01,4.000000000000000000e+00,3.744568442776325529e-02,6.505566451713739161e-06
3.563000000000000000e+03,3.675756482431803418e-01,4.000000000000000000e+00,3.743572611157258700e-02,6.482878531730370628e-06
3.564000000000000000e+03,3.675752677174703442e-01,4.000000000000000000e+00,3.742575447145334716e-02,6.460086823874950672e-06
3.565000000000000000e+03,3.675748876244454566e-01,4.000000000000000888e+00,3.741576976313293335e-02,6.437192544177348393e-06
3.566000000000000000e+03,3.675745079665814208e-01,4.000000000000000000e+00,3.740577224175072740e-02,6.414196910050189611e-06
3.567000000000000000e+03,3.675741287462410134e-01,4.000000000000000000e+00,3.739576216183716773e-02,6.391101140857833465e-06
3.568000000000000000e+03,3.675737499656760443e-01,4.000000000000001776e+00,3.738573977729351544e-02,6.367906456871050744e-06
3.569000000000000000e+03,3.675733716270277451e-01,3.999999999999999112e+00,3.737570534137165529e-02,6.344614079508242777e-06
3.570000000000000000e+03,3.675729937323267693e-01,4.000000000000000000e+00,3.736565910665477080e-02,6.321225231532551931e-06
3.571000000000000000e+03,3.675726162834954680e-01,4.000000000000001776e+00,3.735560132503801256e-02,6.297741135992757871e-06
3.572000000000000000e+03,3.675722392823483897e-01,4.000000000000000888e+00,3.734553224770879171e-02,6.274163016737127553e-06
3.573000000000000000e+03,3.675718627305922803e-01,4.000000000000000000e+00,3.733545212512891925e-02,6.250492098137794945e-06
3.574000000000000000e+03,3.675714866298281369e-01,3.999999999999999112e+00,3.732536120701574617e-02,6.226729604805456605e-06
3.575000000000000000e+03,3.675711109815513189e-01,4.000000000000000888e+00,3.731525974232440673e-02,6.202876761462459049e-06
3.576000000000000000e+03,3.675707357871538239e-01,4.000000000000000000e+00,3.730514797922952763e-02,6.178934792704442826e-06
3.577000000000000000e+03,3.675703610479237882e-01,3.999999999999998224e+00,3.729502616510833868e-02,6.154904923085581140e-06
3.578000000000000000e+03,3.675699867650468189e-01,3.999999999999999556e+00,3.728489454652354068e-02,6.130788376545967792e-06
3.579000000000000000e+03,3.675696129396079925e-01,4.000000000000000000e+00,3.727475336920599291e-02,6.106586376564616737e-06
3.580000000000000000e+03,3.675692395725920769e-01,3.999999999999999556e+00,3.726460287803868426e-02,6.082300146079038003e-06
3.581000000000000000e+03,3.675688666648844194e-01,3.999999999999999556e+00,3.725444331704043377e-02,6.057930906846304645e-06
3.582000000000000000e+03,3.675684942172723346e-01,4.000000000000000000e+00,3.724427492934992423e-02,6.033479879754206908e-06
3.583000000000000000e+03,3.675681222304466589e-01,4.000000000000000000e+00,3.723409795721006887e-02,6.008948284685349180e-06
3.584000000000000000e+03,3.675677507050018056e-01,4.000000000000000000e+00,3.722391264195276661e-02,5.984337340088886747e-06
3.585000000000000000e+03,3.675673796414377636e-01,3.999999999999999112e+00,3.721371922398387239e-02,5.959648262667238797e-06
3.586000000000000000e+03,3.675670090401603751e-01,4.000000000000000888e+00,3.720351794276891694e-02,5.934882267695007336e-06
3.587000000000000000e+03,3.675666389014837776e-01,3.999999999999999556e+00,3.719330903681782735e-02,5.910040569046986029e-06
3.588000000000000000e+03,3.675662692256298492e-01,3.999999999999998224e+00,3.718309274367159051e-02,5.885124377848815536e-06
3.589000000000000000e+03,3.675659000127305398e-01,3.999999999999999112e+00,3.717286929988809080e-02,5.860134903621682475e-06
3.590000000000000000e+03,3.675655312628287597e-01,4.000000000000001776e+00,3.716263894102855153e-02,5.835073353614849833e-06
3.591000000000000000e+03,3.675651629758797667e-01,4.000000000000000000e+00,3.715240190164429551e-02,5.809940932792999753e-06
3.592000000000000000e+03,3.675647951517514445e-01,3.999999999999999556e+00,3.714215841526381096e-02,5.784738843220819208e-06
3.593000000000000000e+03,3.675644277902262447e-01,4.000000000000000000e+00,3.713190871438006024e-02,5.759468284531811560e-06
3.594000000000000000e+03,3.675640608910025198e-01,4.000000000000000000e+00,3.712165303043788583e-02,5.734130453576788049e-06
3.595000000000000000e+03,3.675636944536952444e-01,4.000000000000000000e+00,3.711139159382201291e-02,5.708726544335645080e-06
3.596000000000000000e+03,3.675633284778370702e-01,4.000000000000000888e+00,3.710112463384485082e-02,5.683257747493852829e-06
3.597000000000000000e+03,3.675629629628803796e-01,4.000000000000000888e+00,3.709085237873525204e-02,5.657725250615205073e-06
3.598000000000000000e+03,3.675625979081977857e-01,3.999999999999998668e+00,3.708057505562684097e-02,5.632130237886045731e-06
3.599000000000000000e+03,3.675622333130827979e-01,4.000000000000000000e+00,3.707029289054716154e-02,5.606473890101279271e-06
3.600000000000000000e+03,3.675618691767529866e-01,4.000000000000000000e+00,3.706000610840626958e-02,5.580757384168433765e-06
3.601000000000000000e+03,3.675615054983489838e-01,3.999999999999999556e+00,3.704971493298687274e-02,5.554981893567758171e-06
3.602000000000000000e+03,3.675611422769369252e-01,3.999999999999999556e+00,3.703941958693322128e-02,5.529148587882639134e-06
3.603000000000000000e+03,3.675607795115097276e-01,3.999999999999999112e+00,3.702912029174168507e-02,5.503258632433760669e-06
3.604000000000000000e+03,3.675604172009876436e-01,4.000000000000000888e+00,3.701881726775018561e-02,5.477313188584589992e-06
3.605000000000000000e+03,3.675600553442202600e-01,4.000000000000000000e+00,3.700851073412905756e-02,5.451313413550779853e-06
3.606000000000000000e+03,3.675596939399868313e-01,4.000000000000000000e+00,3.699820090887144530e-02,5.425260459905651221e-06
3.607000000000000000e+03,3.675593329869983883e-01,4.000000000000000000e+00,3.698788800878428928e-02,5.399155476157221777e-06
3.608000000000000000e+03,3.675589724838986827e-01,4.000000000000000000e+00,3.697757224947900712e-02,5.372999605822598800e-06
3.609000000000000000e+03,3.675586124292647972e-01,4.000000000000000888e+00,3.696725384536334036e-02,5.346793987950688279e-06
3.610000000000000000e+03,3.675582528216097544e-01,3.999999999999999112e+00,3.695693300963230621e-02,5.320539756635769309e-06
3.611000000000000000e+03,3.675578936593819068e-01,4.000000000000000000e+00,3.694660995426053002e-02,5.294238041270883988e-06
3.612000000000000000e+03,3.675575349409678783e-01,3.999999999999999112e+00,3.693628488999340514e-02,5.267889966002338042e-06
3.613000000000000000e+03,3.675571766646925642e-01,4.000000000000000000e+00,3.692595802634010549e-02,5.241496649767871516e-06
3.614000000000000000e+03,3.675568188288214078e-01,4.000000000000000888e+00,3.691562957156526575e-02,5.215059206594562798e-06
3.615000000000000000e+03,3.675564614315606771e-01,4.000000000000000000e+00,3.690529973268211889e-02,5.188578744929864028e-06
3.616000000000000000e+03,3.675561044710591307e-01,4.000000000000000000e+00,3.689496871544476614e-02,5.162056367763105427e-06
3.617000000000000000e+03,3.675557479454091281e-01,4.000000000000000000e+00,3.688463672434173779e-02,5.135493172724805678e-06
3.618000000000000000e+03,3.675553918526480168e-01,4.000000000000000000e+00,3.687430396258856852e-02,5.108890251720148061e-06
3.619000000000000000e+03,3.675550361907590213e-01,4.000000000000000000e+00,3.686397063212162872e-02,5.082248691027505635e-06
3.620000000000000000e+03,3.675546809576725193e-01,4.000000000000001776e+00,3.685363693359167830e-02,5.055569570720199797e-06
3.621000000000000000e+03,3.675543261512682069e-01,3.999999999999999556e+00,3.684330306635719837e-02,5.028853965596134184e-06
3.622000000000000000e+03,3.675539717693738773e-01,4.000000000000000000e+00,3.683296922847899973e-02,5.002102944104055056e-06
3.623000000000000000e+03,3.675536178097694173e-01,4.000000000000000000e+00,3.682263561671370034e-02,4.975317568625490445e-06
3.624000000000000000e+03,3.675532642701861974e-01,3.999999999999999112e+00,3.681230242650848639e-02,4.948498895305338486e-06
3.625000000000000000e+03,3.675529111483085143e-01,4.000000000000000000e+00,3.680196985199535309e-02,4.921647974504574335e-06
3.626000000000000000e+03,3.675525584417757008e-01,3.999999999999999112e+00,3.679163808598606006e-02,4.894765850101060053e-06
3.627000000000000000e+03,3.675522061481816816e-01,3.999999999999999556e+00,3.678130731996657327e-02,4.867853559200537806e-06
3.628000000000000000e+03,3.675518542650775267e-01,4.000000000000000888e+00,3.677097774409237435e-02,4.840912133181238333e-06
3.629000000000000000e+03,3.675515027899724507e-01,3.999999999999999112e+00,3.676064954718334665e-02,4.813942596239394929e-06
3.630000000000000000e+03,3.675511517203333689e-01,4.000000000000000888e+00,3.675032291671958412e-02,4.786945966516572305e-06
3.631000000000000000e+03,3.675508010535884496e-01,3.999999999999999112e+00,3.673999803883606224e-02,4.759923255145465333e-06
3.632000000000000000e+03,3.675504507871262261e-01,3.999999999999999112e+00,3.672967509831919636e-02,4.732875466820424867e-06
3.633000000000000000e+03,3.675501009182975398e-01,4.000000000000000000e+00,3.671935427860211626e-02,4.705803599386193599e-06
3.634000000000000000e+03,3.675497514444169833e-01,4.000000000000000000e+00,3.670903576176038491e-02,4.678708643883338367e-06
3.635000000000000000e+03,3.675494023627632889e-01,4.000000000000000000e+00,3.669871972850859143e-02,4.651591584460240043e-06
3.636000000000000000e+03,3.675490536705806055e-01,4.000000000000000000e+00,3.668840635819652085e-02,4.624453398504135460e-06
3.637000000000000000e+03,3.675487053650797753e-01,3.999999999999999112e+00,3.667809582880508790e-02,4.597295056189492148e-06
3.638000000000000000e+03,3.675483574434392220e-01,3.999999999999999556e+00,3.666778831694315899e-02,4.570117520931389495e-06
3.639000000000000000e+03,3.675480099028056724e-01,3.999999999999999556e+00,3.665748399784437422e-02,4.542921748924560880e-06
3.640000000000000000e+03,3.675476627402963214e-01,4.000000000000000888e+00,3.664718304536343507e-02,4.515708689545872385e-06
3.641000000000000000e+03,3.675473159529986100e-01,3.999999999999999556e+00,3.663688563197341902e-02,4.488479284586341741e-06
3.642000000000000000e+03,3.675469695379713908e-01,4.000000000000000888e+00,3.662659192876265013e-02,4.461234469171531952e-06
3.643000000000000000e+03,3.675466234922471487e-01,4.000000000000000000e+00,3.661630210543182634e-02,4.433975170793564580e-06
3.644000000000000000e+03,3.675462778128308905e-01,4.000000000000000888e+00,3.660601633029154228e-02,4.406702310134273994e-06
3.645000000000000000e+03,3.675459324967039199e-01,4.000000000000000000e+00,3.659573477025897942e-02,4.379416800586394036e-06
3.646000000000000000e+03,3.675455875408215611e-01,3.999999999999999112e+00,3.658545759085658766e-02,4.352119547848904977e-06
3.647000000000000000e+03,3.675452429421167677e-01,4.000000000000000000e+00,3.657518495620840082e-02,4.324811450758250664e-06
3.648000000000000000e+03,3.675448986974998444e-01,4.000000000000000000e+00,3.656491702903901658e-02,4.297493400680229848e-06
3.649000000000000000e+03,3.675445548038593913e-01,4.000000000000001776e+00,3.655465397067036992e-02,4.270166281760539213e-06
3.650000000000000000e+03,3.675442112580641352e-01,3.999999999999999556e+00,3.654439594102035227e-02,4.242830970635002562e-06
3.651000000000000000e+03,3.675438680569620975e-01,4.000000000000000000e+00,3.653414309860065351e-02,4.215488336684048306e-06
3.652000000000000000e+03,3.675435251973832584e-01,3.999999999999999112e+00,3.652389560051497175e-02,4.188139242210073935e-06
3.653000000000000000e+03,3.675431826761394460e-01,3.999999999999999112e+00,3.651365360245720920e-02,4.160784541503078040e-06
3.654000000000000000e+03,3.675428404900255019e-01,3.999999999999999556e+00,3.650341725870984155e-02,4.133425082175270839e-06
3.655000000000000000e+03,3.675424986358200030e-01,4.000000000000000000e+00,3.649318672214259957e-02,4.106061704109593731e-06
3.656000000000000000e+03,3.675421571102867047e-01,3.999999999999999556e+00,3.648296214421054007e-02,4.078695240069618596e-06
3.657000000000000000e+03,3.675418159101740967e-01,4.000000000000000000e+00,3.647274367495311614e-02,4.051326515283397119e-06
3.658000000000000000e+03,3.675414750322175683e-01,4.000000000000000000e+00,3.646253146299274078e-02,4.023956347646231160e-06
3.659000000000000000e+03,3.675411344731395191e-01,3.999999999999999112e+00,3.645232565553353093e-02,3.996585548152347001e-06
3.660000000000000000e+03,3.675407942296498587e-01,3.999999999999999556e+00,3.644212639836032913e-02,3.969214919904469888e-06
3.661000000000000000e+03,3.675404542984478384e-01,3.999999999999999556e+00,3.643193383583771122e-02,3.941845259297684711e-06
3.662000000000000000e+03,3.675401146762216076e-01,3.999999999999999556e+00,3.642174811090902187e-02,3.914477354904328136e-06
3.663000000000000000e+03,3.675397753596498784e-01,4.000000000000000000e+00,3.641156936509520187e-02,3.887111988630440153e-06
3.664000000000000000e+03,3.675394363454019819e-01,4.000000000000000888e+00,3.640139773849466326e-02,3.859749934836056831e-06
3.665000000000000000e+03,3.675390976301394774e-01,4.000000000000001776e+00,3.639123336978187379e-02,3.832391960938100414e-06
3.666000000000000000e+03,3.675387592105157641e-01,4.000000000000000000e+00,3.638107639620725281e-02,3.805038827175054517e-06
3.667000000000000000e+03,3.675384210831774690e-01,3.999999999999999112e+00,3.637092695359651906e-02,3.777691286700948352e-06
3.668000000000000000e+03,3.675380832447647239e-01,4.000000000000000000e+00,3.636078517634987184e-02,3.750350085760193653e-06
3.669000000000000000e+03,3.675377456919126651e-01,4.000000000000000000e+00,3.635065119744212286e-02,3.723015963425570279e-06
3.670000000000000000e+03,3.675374084212510439e-01,4.000000000000000888e+00,3.634052514842176645e-02,3.695689652214906429e-06
3.671000000000000000e+03,3.675370714294056151e-01,4.000000000000000000e+00,3.633040715941110443e-02,3.668371877413159641e-06
3.672000000000000000e+03,3.675367347129981921e-01,3.999999999999999112e+00,3.632029735910602408e-02,3.641063357605969193e-06
3.673000000000000000e+03,3.675363982686474795e-01,4.000000000000000888e+00,3.631019587477569976e-02,3.613764804868722752e-06
3.674000000000000000e+03,3.675360620929705724e-01,3.999999999999999112e+00,3.630010283226232232e-02,3.586476924370438878e-06
3.675000000000000000e+03,3.675357261825814015e-01,3.999999999999999556e+00,3.629001835598153619e-02,3.559200414862921771e-06
3.676000000000000000e+03,3.675353905340936755e-01,4.000000000000001776e+00,3.627994256892227293e-02,3.531935968507222009e-06
3.677000000000000000e+03,3.675350551441200486e-01,4.000000000000001776e+00,3.626987559264629318e-02,3.504684271012352594e-06
3.678000000000000000e+03,3.675347200092731192e-01,4.000000000000000000e+00,3.625981754728951206e-02,3.477446001941222852e-06
3.679000000000000000e+03,3.675343851261655970e-01,4.000000000000000000e+00,3.624976855156110400e-02,3.450221834509798449e-06
3.680000000000000000e+03,3.675340504914113571e-01,3.999999999999999556e+00,3.623972872274411339e-02,3.423012435726862255e-06
3.681000000000000000e+03,3.675337161016254406e-01,4.000000000000000000e+00,3.622969817669628723e-02,3.395818466629700410e-06
3.682000000000000000e+03,3.675333819534249979e-01,4.000000000000000000e+00,3.621967702784948534e-02,3.368640582509726919e-06
3.683000000000000000e+03,3.675330480434296221e-01,3.999999999999998668e+00,3.620966538921091549e-02,3.341479432502315987e-06
3.684000000000000000e+03,3.675327143682611819e-01,4.000000000000000000e+00,3.619966337236306397e-02,3.314335660404030848e-06
3.685000000000000000e+03,3.675323809245460427e-01,3.999999999999999556e+00,3.618967108746452832e-02,3.287209904012294665e-06
3.686000000000000000e+03,3.675320477089130122e-01,3.999999999999999112e+00,3.617968864325046136e-02,3.260102796265816205e-06
3.687000000000000000e+03,3.675317147179960608e-01,3.999999999999999556e+00,3.616971614703307775e-02,3.233014964255153717e-06
3.688000000000000000e+03,3.675313819484330446e-01,3.999999999999999556e+00,3.615975370470281280e-02,3.205947030331390428e-06
3.689000000000000000e+03,3.675310493968677594e-01,3.999999999999998668e+00,3.614980142072818370e-02,3.178899611759821306e-06
3.690000000000000000e+03,3.675307170599483308e-01,4.000000000000000000e+00,3.613985939815743398e-02,3.151873320577033617e-06
3.691000000000000000e+03,3.675303849343296014e-01,4.000000000000000000e+00,3.612992773861845724e-02,3.124868764730097632e-06
3.692000000000000000e+03,3.675300530166720758e-01,4.000000000000000000e+00,3.612000654232050412e-02,3.097886547154891015e-06
3.693000000000000000e+03,3.675297213036430866e-01,4.000000000000000000e+00,3.611009590805454306e-02,3.070927266927356783e-06
3.694000000000000000e+03,3.675293897919165720e-01,4.000000000000000000e+00,3.610019593319419712e-02,3.043991518450668468e-06
3.695000000000000000e+03,3.675290584781739645e-01,4.000000000000000888e+00,3.609030671369697213e-02,3.017079892814847594e-06
3.696000000000000000e+03,3.675287273591042458e-01,3.999999999999999556e+00,3.608042834410495059e-02,2.990192976919572967e-06
3.697000000000000000e+03,3.675283964314040586e-01,3.999999999999999112e+00,3.607056091754624189e-02,2.963331354154948678e-06
3.698000000000000000e+03,3.675280656917782607e-01,4.000000000000000000e+00,3.606070452573570395e-02,2.936495604798378851e-06
3.699000000000000000e+03,3.675277351369403145e-01,4.000000000000000000e+00,3.605085925897639348e-02,2.909686306028629658e-06
3.700000000000000000e+03,3.675274047636123420e-01,4.000000000000000888e+00,3.604102520616038474e-02,2.882904032249597503e-06
3.701000000000000000e+03,3.675270745685257356e-01,4.000000000000000000e+00,3.603120245477041406e-02,2.856149354869212665e-06
3.702000000000000000e+03,3.675267445484207141e-01,4.000000000000000000e+00,3.602139109088074720e-02,2.829422843900879603e-06
3.703000000000000000e+03,3.675264147000473214e-01,4.000000000000000000e+00,3.601159119915894880e-02,2.802725066424940706e-06
3.704000000000000000e+03,3.675260850201653717e-01,4.000000000000000888e+00,3.600180286286655540e-02,2.776056588545703572e-06
3.705000000000000000e+03,3.675257555055446712e-01,4.000000000000000888e+00,3.599202616386115716e-02,2.749417974279286742e-06
3.706000000000000000e+03,3.675254261529651290e-01,4.000000000000000000e+00,3.598226118259728601e-02,2.722809787283119104e-06
3.707000000000000000e+03,3.675250969592173123e-01,3.999999999999999112e+00,3.597250799812819894e-02,2.696232589854397123e-06
3.708000000000000000e+03,3.675247679211021135e-01,3.999999999999999112e+00,3.596276668810719640e-02,2.669686944205579241e-06
3.709000000000000000e+03,3.675244390354315271e-01,3.999999999999999556e+00,3.595303732878919745e-02,2.643173412404545542e-06
3.710000000000000000e+03,3.675241102990285391e-01,3.999999999999999112e+00,3.594331999503251607e-02,2.616692556887249193e-06
3.711000000000000000e+03,3.675237817087271264e-01,4.000000000000001776e+00,3.593361476030010326e-02,2.590244941150727040e-06
3.712000000000000000e+03,3.675234532613730898e-01,4.000000000000000000e+00,3.592392169666135116e-02,2.563831129520412882e-06
3.713000000000000000e+03,3.675231249538231659e-01,3.999999999999999112e+00,3.591424087479384158e-02,2.537451688305945689e-06
3.714000000000000000e+03,3.675227967829459153e-01,4.000000000000000000e+00,3.590457236398528901e-02,2.511107185670804881e-06
3.715000000000000000e+03,3.675224687456219996e-01,4.000000000000000000e+00,3.589491623213473398e-02,2.484798192585296929e-06
3.716000000000000000e+03,3.675221408387437938e-01,4.000000000000000000e+00,3.588527254575465952e-02,2.458525283249928262e-06
3.717000000000000000e+03,3.675218130592156074e-01,3.999999999999999112e+00,3.587564136997324626e-02,2.432289035334781855e-06
3.718000000000000000e+03,3.675214854039539625e-01,4.000000000000000000e+00,3.586602276853539939e-02,2.406090030974630596e-06
3.719000000000000000e+03,3.675211578698879267e-01,4.000000000000000000e+00,3.585641680380545482e-02,2.379928857039236511e-06
3.720000000000000000e+03,3.675208304539587245e-01,4.000000000000000000e+00,3.584682353676860861e-02,2.353806106205461964e-06
3.721000000000000000e+03,3.675205031531202371e-01,3.999999999999999112e+00,3.583724302703302639e-02,2.327722377102606959e-06
3.722000000000000000e+03,3.675201759643383914e-01,4.000000000000000000e+00,3.582767533283242462e-02,2.301678275576074721e-06
3.723000000000000000e+03,3.675198488845926592e-01,3.999999999999999556e+00,3.581812051102708366e-02,2.275674415115610385e-06
3.724000000000000000e+03,3.675195219108741695e-01,4.000000000000000000e+00,3.580857861710699808e-02,2.249711417652552116e-06
3.725000000000000000e+03,3.675191950401877072e-01,4.000000000000000000e+00,3.579904970519347945e-02,2.223789914498871319e-06
3.726000000000000000e+03,3.675188682695506026e-01,3.999999999999999556e+00,3.578953382804141159e-02,2.197910547309741729e-06
3.727000000000000000e+03,3.675185415959926205e-01,4.000000000000001776e+00,3.578003103704156806e-02,2.172073968994521647e-06
3.728000000000000000e+03,3.675182150165575701e-01,3.999999999999999556e+00,3.577054138222297841e-02,2.146280844649649353e-06
3.729000000000000000e+03,3.675178885283010843e-01,3.999999999999999112e+00,3.576106491225505835e-02,2.120531852561026123e-06
3.730000000000000000e+03,3.675175621282924521e-01,4.000000000000000000e+00,3.575160167445011472e-02,2.094827685788276169e-06
3.731000000000000000e+03,3.675172358136139517e-01,4.000000000000000000e+00,3.574215171476560066e-02,2.069169052754834252e-06
3.732000000000000000e+03,3.675169095813607956e-01,4.000000000000000000e+00,3.573271507780666212e-02,2.043556679230556743e-06
3.733000000000000000e+03,3.675165834286415190e-01,4.000000000000000000e+00,3.572329180682865674e-02,2.017991308879465640e-06
3.734000000000000000e+03,3.675162573525777576e-01,3.999999999999999112e+00,3.571388194373958241e-02,1.992473705738712038e-06
3.735000000000000000e+03,3.675159313503037484e-01,4.000000000000000000e+00,3.570448552910274187e-02,1.967004654746041334e-06
3.736000000000000000e+03,3.675156054189678834e-01,3.999999999999999556e+00,3.569510260213937247e-02,1.941584964231608302e-06
3.737000000000000000e+03,3.675152795557308227e-01,4.000000000000000000e+00,3.568573320073092914e-02,1.916215467082070567e-06
3.738000000000000000e+03,3.675149537577667158e-01,4.000000000000000888e+00,3.567637736142248439e-02,1.890897023339738217e-06
3.739000000000000000e+03,3.675146280222628681e-01,4.000000000000001776e+00,3.566703511942496269e-02,1.865630521298612196e-06
3.740000000000000000e+03,3.675143023464200187e-01,3.999999999999999556e+00,3.565770650861776331e-02,1.840416880712477340e-06
3.741000000000000000e+03,3.675139767274513969e-01,4.000000000000000000e+00,3.564839156155245881e-02,1.815257054136328759e-06
3.742000000000000000e+03,3.675136511625837210e-01,3.999999999999999112e+00,3.563909030945457135e-02,1.790152030742692971e-06
3.743000000000000000e+03,3.675133256490567546e-01,3.999999999999999556e+00,3.562980278222734054e-02,1.765102837065462800e-06
3.744000000000000000e+03,3.675130001841235283e-01,3.999999999999999112e+00,3.562052900845424919e-02,1.740110542463930523e-06
3.745000000000000000e+03,3.675126747650496739e-01,4.000000000000000000e+00,3.561126901540220824e-02,1.715176259475186190e-06
3.746000000000000000e+03,3.675123493891143678e-01,4.000000000000000000e+00,3.560202282902459603e-02,1.690301149609785346e-06
3.747000000000000000e+03,3.675120240536096095e-01,3.999999999999999556e+00,3.559279047396443629e-02,1.665486425063184603e-06
3.748000000000000000e+03,3.675116987558399440e-01,4.000000000000000888e+00,3.558357197355743740e-02,1.640733354108157312e-06
3.749000000000000000e+03,3.675113734931234610e-01,4.000000000000001776e+00,3.557436734983530913e-02,1.616043264009324237e-06
3.750000000000000000e+03,3.675110482627910735e-01,4.000000000000000888e+00,3.556517662352876030e-02,1.591417546887128560e-06
3.751000000000000000e+03,3.675107230621863508e-01,3.999999999999999112e+00,3.555599981407136373e-02,1.566857662947431477e-06
3.752000000000000000e+03,3.675103978886654077e-01,3.999999999999999556e+00,3.554683693960223462e-02,1.542365148001439574e-06
3.753000000000000000e+03,3.675100727395976818e-01,4.000000000000000888e+00,3.553768801697022167e-02,1.517941616913048244e-06
3.754000000000000000e+03,3.675097476123653784e-01,3.999999999999999556e+00,3.552855306173631489e-02,1.493588771759541019e-06
3.755000000000000000e+03,3.675094225043627483e-01,4.000000000000000000e+00,3.551943208817835013e-02,1.469308406889411972e-06
3.756000000000000000e+03,3.675090974129974208e-01,4.000000000000000000e+00,3.551032510929345160e-02,1.445102418471158080e-06
3.757000000000000000e+03,3.675087723356893488e-01,4.000000000000000000e+00,3.550123213680264622e-02,1.420972809886891323e-06
3.758000000000000000e+03,3.675084472698711413e-01,3.999999999999999112e+00,3.549215318115361839e-02,1.396921703068334570e-06
3.759000000000000000e+03,3.675081222129874536e-01,4.000000000000000888e+00,3.548308825152517859e-02,1.372951345631811223e-06
3.760000000000000000e+03,3.675077971624963746e-01,3.999999999999999556e+00,3.547403735583052470e-02,1.349064123702993842e-06
3.761000000000000000e+03,3.675074721158675950e-01,3.999999999999999112e+00,3.546500050072139837e-02,1.325262570306125756e-06
3.762000000000000000e+03,3.675071470705835730e-01,3.999999999999999112e+00,3.545597769159156837e-02,1.301549381010843328e-06
3.763000000000000000e+03,3.675068220241387573e-01,4.000000000000000000e+00,3.544696893258135473e-02,1.277927424125652079e-06
3.764000000000000000e+03,3.675064969740406418e-01,4.000000000000000000e+00,3.543797422658079288e-02,1.254399758915108752e-06
3.765000000000000000e+03,3.675061719178083774e-01,4.000000000000000000e+00,3.542899357523462273e-02,1.230969647862256095e-06
3.766000000000000000e+03,3.675058468529732170e-01,3.999999999999999112e+00,3.542002697894536950e-02,1.207640579307564667e-06
3.767000000000000000e+03,3.675055217770789029e-01,4.000000000000000000e+00,3.541107443687861733e-02,1.184416281517952306e-06
3.768000000000000000e+03,3.675051966876813347e-01,3.999999999999999112e+00,3.540213594696601379e-02,1.161300749835675791e-06
3.769000000000000000e+03,3.675048715823480694e-01,4.000000000000000888e+00,3.539321150591074466e-02,1.138298263916077270e-06
3.770000000000000000e+03,3.675045464586593202e-01,4.000000000000000000e+00,3.538430110919039279e-02,1.115413420863508928e-06
3.771000000000000000e+03,3.675042213142067360e-01,4.000000000000000000e+00,3.537540475106330101e-02,1.092651155246251206e-06
3.772000000000000000e+03,3.675038961465940668e-01,4.000000000000000888e+00,3.536652242457046652e-02,1.070016780687738887e-06
3.773000000000000000e+03,3.675035709534373307e-01,4.000000000000000000e+00,3.535765412154294463e-02,1.047516011785290050e-06
3.774000000000000000e+03,3.675032457323639257e-01,4.000000000000000000e+00,3.534879983260314634e-02,1.025155017438517565e-06
3.775000000000000000e+03,3.675029204810134065e-01,3.999999999999999112e+00,3.533995954717319282e-02,1.002940444709785369e-06
3.776000000000000000e+03,3.675025951970367633e-01,3.999999999999999556e+00,3.533113325347501943e-02,9.808794861148241247e-07
3.777000000000000000e+03,3.675022698780971986e-01,4.000000000000001776e+00,3.532232093854054816e-02,9.589799056308359413e-07
3.778000000000000000e+03,3.675019445218696834e-01,4.000000000000000000e+00,3.531352258821021661e-02,9.372501249350654304e-07
3.779000000000000000e+03,3.675016191260403464e-01,3.999999999999999112e+00,3.530473818714496836e-02,9.156992479169945819e-07
3.780000000000000000e+03,3.675012936883076398e-01,3.999999999999999556e+00,3.529596771882250600e-02,8.943371739938961936e-07
3.781000000000000000e+03,3.675009682063812844e-01,3.999999999999999112e+00,3.528721116555320197e-02,8.731746174835532117e-07
3.782000000000000000e+03,3.675006426779827140e-01,4.000000000000000000e+00,3.527846850847140420e-02,8.522232561297462267e-07
3.783000000000000000e+03,3.675003171008449643e-01,4.000000000000000000e+00,3.526973972755699516e-02,8.314957387850973677e-07
3.784000000000000000e+03,3.674999914727128947e-01,3.999999999999998668e+00,3.526102480162077168e-02,8.110058830769813209e-07
3.785000000000000000e+03,3.674996657913425779e-01,4.000000000000000888e+00,3.525232370833384504e-02,7.907686574657088043e-07
3.786000000000000000e+03,3.674993400545020217e-01,4.000000000000000000e+00,3.524363642420289683e-02,7.708004492842185514e-07
3.787000000000000000e+03,3.674990142599707243e-01,4.000000000000000000e+00,3.523496292461263807e-02,7.511189957043707605e-07
3.788000000000000000e+03,3.674986884055395642e-01,3.999999999999999556e+00,3.522630318378509179e-02,7.317437562951409337e-07
3.789000000000000000e+03,3.674983624890110212e-01,3.999999999999999112e+00,3.521765717484254266e-02,7.126957471430256426e-07
3.790000000000000000e+03,3.674980365081989553e-01,4.000000000000000000e+00,3.520902486974103462e-02,6.939980706187293321e-07
3.791000000000000000e+03,3.674977104609293277e-01,4.000000000000000000e+00,3.520040623936627339e-02,6.756755746463730238e-07
3.792000000000000000e+03,3.674973843450391464e-01,4.000000000000000000e+00,3.519180125342528942e-02,6.577556243240656369e-07
3.793000000000000000e+03,3.674970581583770768e-01,4.000000000000000000e+00,3.518320988059669280e-02,6.402674509380091725e-07
3.794000000000000000e+03,3.674967318988036080e-01,4.000000000000000888e+00,3.517463208835222566e-02,6.232433076244954681e-07
3.795000000000000000e+03,3.674964055641904981e-01,3.999999999999999556e+00,3.516606784319795120e-02,6.067172718397456279e-07
3.796000000000000000e+03,3.674960791524212178e-01,3.999999999999998668e+00,3.515751711037820582e-02,5.907270299508551708e-07
3.797000000000000000e+03,3.674957526613906733e-01,4.000000000000000000e+00,3.514897985427017230e-02,5.753117260089374637e-07
3.798000000000000000e+03,3.674954260890059832e-01,3.999999999999998668e+00,3.514045603788806121e-02,5.605148056878935560e-07
3.799000000000000000e+03,3.674950994331850351e-01,4.000000000000000888e+00,3.513194562353905148e-02,5.463802104319318191e-07
3.800000000000000000e+03,3.674947726918584845e-01,3.999999999999999112e+00,3.512344857198450992e-02,5.329570553566653381e-07
3.801000000000000000e+03,3.674944458629675337e-01,4.000000000000000888e+00,3.511496484354851427e-02,5.202929618190333234e-07
3.802000000000000000e+03,3.674941189444662082e-01,4.000000000000001776e+00,3.510649439668132171e-02,5.084419788893680714e-07
3.803000000000000000e+03,3.674937919343199133e-01,3.999999999999999556e+00,3.509803718985990417e-02,4.974529800193441227e-07
3.804000000000000000e+03,3.674934648305054896e-01,3.999999999999999112e+00,3.508959317909896014e-02,4.873834055321302685e-07
3.805000000000000000e+03,3.674931376310123232e-01,3.999999999999999556e+00,3.508116232125542411e-02,4.782791440040338724e-07
3.806000000000000000e+03,3.674928103338412355e-01,3.999999999999999112e+00,3.507274456966172349e-02,4.701987838982775878e-07
3.807000000000000000e+03,3.674924829370056489e-01,3.999999999999999112e+00,3.506433987994934942e-02,4.631787629835378172e-07
3.808000000000000000e+03,3.674921554385298661e-01,4.000000000000000000e+00,3.505594820229406688e-02,4.572765775439645057e-07
3.809000000000000000e+03,3.674918278364521784e-01,4.000000000000000000e+00,3.504756949181001696e-02,4.525102884293066379e-07
3.810000000000000000e+03,3.674915001288208694e-01,3.999999999999999112e+00,3.503920369461163697e-02,4.489357182855301215e-07
3.811000000000000000e+03,3.674911723136989883e-01,3.999999999999998668e+00,3.503085076659795405e-02,4.465410109055794258e-07
3.812000000000000000e+03,3.674908443891582444e-01,3.999999999999998224e+00,3.502251064809806802e-02,4.453842608799017198e-07
3.813000000000000000e+03,3.674905163532876662e-01,4.000000000000000000e+00,3.501418329823392100e-02,4.454088526982285093e-07
3.814000000000000000e+03,3.674901882041827217e-01,4.000000000000000000e+00,3.500586864824931088e-02,4.466877920208707024e-07
3.815000000000000000e+03,3.674898599399595289e-01,4.000000000000000000e+00,3.499756666512209707e-02,4.490990744564558849e-07
3.816000000000000000e+03,3.674895315587350386e-01,4.000000000000000000e+00,3.498927726464800408e-02,4.527576865266459735e-07
3.817000000000000000e+03,3.674892030586559000e-01,3.999999999999999112e+00,3.498100043058147146e-02,4.574436883614895575e-07
3.818000000000000000e+03,3.674888744378580485e-01,3.999999999999999112e+00,3.497273605089409876e-02,4.633641264242913232e-07
3.819000000000000000e+03,3.674885456945221618e-01,4.000000000000000000e+00,3.496448414349366540e-02,4.701445638074859139e-07
3.820000000000000000e+03,3.674882168267983862e-01,4.000000000000000000e+00,3.495624454423264943e-02,4.781720816673998953e-07
3.821000000000000000e+03,3.674878878329107534e-01,4.000000000000000000e+00,3.494801733939457283e-02,4.868158497876720755e-07
3.822000000000000000e+03,3.674875587110119080e-01,4.000000000000000000e+00,3.493980226455201121e-02,4.967973375208692821e-07
3.823000000000000000e+03,3.674872294593850008e-01,4.000000000000000000e+00,3.493159954248285098e-02,5.070465101669251237e-07
3.824000000000000000e+03,3.674869000761633586e-01,4.000000000000000888e+00,3.492340871206427166e-02,5.188971120341552539e-07
3.825000000000000000e+03,3.674865705597232246e-01,4.000000000000000888e+00,3.491523026955242748e-02,5.305205580875741816e-07
3.826000000000000000e+03,3.674862409081317560e-01,3.999999999999999112e+00,3.490706336219705913e-02,5.443855207641379828e-07
3.827000000000000000e+03,3.674859111199246797e-01,4.000000000000000000e+00,3.489890903799463401e-02,5.573800473336615152e-07
3.828000000000000000e+03,3.674855811930091698e-01,4.000000000000000000e+00,3.489076565455453971e-02,5.741578347105550600e-07
3.829000000000000000e+03,3.674852511262178267e-01,4.000000000000000000e+00,3.488263538249555817e-02,5.895988003766784370e-07
3.830000000000000000e+03,3.674849209171022202e-01,4.000000000000000000e+00,3.487451496914013155e-02,6.128541855322720357e-07
3.831000000000000000e+03,3.674845905650743760e-01,4.000000000000001776e+00,3.486640889048115560e-02,6.363873705576736662e-07
3.832000000000000000e+03,3.674842600669273596e-01,4.000000000000000000e+00,3.485831057500470703e-02,6.793244981173268038e-07
3.833000000000000000e+03,3.674839294232430387e-01,4.000000000000000000e+00,3.485022927835267764e-02,7.338524090332656577e-07
3.834000000000000000e+03,3.674835986292096512e-01,4.000000000000001776e+00,3.484215151870247162e-02,8.404043947470458818e-07
3.835000000000000000e+03,3.674832676878332371e-01,3.999999999999999112e+00,3.483409655730476673e-02,9.982281344647237992e-07
3.836000000000000000e+03,3.674829365909215717e-01,4.000000000000000000e+00,3.482603638033085480e-02,1.280417726515643572e-06
3.837000000000000000e+03,3.674826053466026532e-01,3.999999999999999112e+00,3.481801139780962839e-02,1.703088819712469101e-06
3.838000000000000000e+03,3.674822739395795512e-01,4.000000000000000888e+00,3.480996273627871840e-02,2.380637804948794257e-06
3.839000000000000000e+03,3.674819423890572923e-01,4.000000000000000000e+00,3.480197593960187435e-02,3.377965016441136279e-06
3.840000000000000000e+03,3.674816106649372305e-01,4.000000000000001776e+00,3.479392596926556003e-02,4.893269194279542971e-06
3.841000000000000000e+03,3.674812788111690987e-01,3.999999999999999556e+00,3.478599561456054146e-02,7.120163854764060555e-06
3.842000000000000000e+03,3.674809467677542241e-01,3.999999999999999112e+00,3.477791662553061242e-02,1.044815887320520937e-05
3.843000000000000000e+03,3.674806146369961057e-01,3.999999999999999112e+00,3.477008331839001598e-02,1.536444612199899630e-05
3.844000000000000000e+03,3.674802823040461686e-01,3.999999999999998668e+00,3.476191457135544005e-02,2.269278248534074919e-05
3.845000000000000000e+03,3.674799500222163395e-01,4.000000000000000000e+00,3.475426920498139033e-02,3.358214204691316351e-05
3.846000000000000000e+03,3.674796176078695686e-01,3.999999999999998668e+00,3.474587635092882959e-02,4.984739007324116947e-05
3.847000000000000000e+03,3.674792857652098288e-01,3.999999999999999112e+00,3.473862469911256218e-02,7.414463475427999475e-05
3.848000000000000000e+03,3.674789544221760407e-01,4.000000000000000000e+00,3.472970965128401727e-02,1.105644542572887471e-04
3.849000000000000000e+03,3.674786258886634793e-01,4.000000000000000000e+00,3.472332591291234921e-02,1.652220451506843774e-04
3.850000000000000000e+03,3.674783017055260337e-01,3.999999999999999112e+00,3.471323264517990614e-02,2.474432609824258516e-04
3.851000000000000000e+03,3.674779908932598871e-01,4.000000000000000000e+00,3.470884156405424498e-02,3.712538346972180190e-04
3.852000000000000000e+03,3.674777056306980372e-01,4.000000000000000000e+00,3.469617751485442464e-02,5.577729797176028334e-04
3.853000000000000000e+03,3.674774856282218005e-01,4.000000000000000000e+00,3.469656918015402020e-02,8.380923298263469236e-04
3.854000000000000000e+03,3.674773996925174702e-01,4.000000000000000000e+00,3.467870771593238588e-02,1.256095943641025387e-03
3.855000000000000000e+03,3.674776155990430726e-01,3.999999999999999556e+00,3.469105154069927061e-02,1.866510295876507367e-03
3.856000000000000000e+03,3.674783872018023145e-01,4.000000000000000888e+00,3.466453953256195403e-02,2.713791075932422362e-03
3.857000000000000000e+03,3.674799898283238053e-01,3.999999999999999556e+00,3.470314604047937401e-02,3.754445449496532361e-03
3.858000000000000000e+03,3.674818870464821030e-01,4.000000000000000000e+00,3.466201796789991629e-02,4.682504960028578862e-03
3.859000000000000000e+03,3.674818701604273263e-01,4.000000000000000000e+00,3.470786362886138510e-02,4.794638125338285262e-03
3.860000000000000000e+03,3.674782452832572321e-01,4.000000000000000888e+00,3.463637624882186239e-02,3.398625603612964903e-03
3.861000000000000000e+03,3.674747545466642284e-01,4.000000000000000000e+00,3.463301027080994271e-02,7.184405327072169740e-04
3.862000000000000000e+03,3.674754505149337436e-01,3.999999999999999556e+00,3.463835023845868166e-02,2.027151256125184903e-03
3.863000000000000000e+03,3.674774651159431471e-01,3.999999999999999112e+00,3.461366907656773101e-02,3.513102111025991070e-03
3.864000000000000000e+03,3.674761592293042667e-01,4.000000000000000000e+00,3.463600346271233227e-02,2.986776216409971554e-03
3.865000000000000000e+03,3.674734357867699419e-01,3.999999999999999556e+00,3.459386220693177333e-02,7.812791357331214234e-04
3.866000000000000000e+03,3.674737307543890497e-01,3.999999999999999556e+00,3.458477567352319371e-02,1.678823636447521065e-03
3.867000000000000000e+03,3.674749189041093267e-01,4.000000000000000000e+00,3.461071487201672348e-02,2.848524390393460462e-03
3.868000000000000000e+03,3.674734641674065605e-01,4.000000000000000000e+00,3.456956942768490276e-02,2.059179512975513153e-03
3.869000000000000000e+03,3.674719160089811032e-01,4.000000000000000888e+00,3.456599397831333631e-02,3.398371851888746441e-05
3.870000000000000000e+03,3.674726111183272970e-01,3.999999999999999112e+00,3.457487938377076797e-02,1.895413678820885876e-03
3.871000000000000000e+03,3.674726919185292151e-01,3.999999999999999112e+00,3.454670924467247162e-02,2.252916558758529669e-03
3.872000000000000000e+03,3.674711766720362704e-01,4.000000000000000888e+00,3.454999907575476842e-02,9.728410216022354137e-04
3.873000000000000000e+03,3.674707911125492110e-01,4.000000000000000000e+00,3.454157734961844223e-02,8.831670325132313882e-04
3.874000000000000000e+03,3.674712702190643387e-01,3.999999999999999112e+00,3.452315425370906105e-02,1.909835626132998015e-03
3.875000000000000000e+03,3.674704740722604668e-01,3.999999999999998668e+00,3.453125888299245216e-02,1.424530389107127185e-03
3.876000000000000000e+03,3.674695537235030396e-01,3.999999999999999112e+00,3.451282028146453185e-02,7.676510597730410899e-05
3.877000000000000000e+03,3.674697495620812826e-01,4.000000000000000000e+00,3.450019816707861064e-02,1.370799705966066441e-03
3.878000000000000000e+03,3.674695207905053218e-01,4.000000000000000888e+00,3.450907504830590805e-02,1.498611741021749341e-03
3.879000000000000000e+03,3.674685985859111881e-01,3.999999999999999556e+00,3.448718452860088240e-02,4.709083718368739253e-04
3.880000000000000000e+03,3.674683859640545114e-01,3.999999999999999112e+00,3.447832855282496889e-02,8.155365299930933095e-04
3.881000000000000000e+03,3.674683793160857803e-01,3.999999999999999112e+00,3.448463328265036210e-02,1.346599148961759133e-03
3.882000000000000000e+03,3.674676930143722653e-01,4.000000000000000000e+00,3.446319601497696561e-02,7.846298442838776314e-04
3.883000000000000000e+03,3.674672088620964394e-01,4.000000000000000000e+00,3.445723673233408446e-02,3.298329418086860614e-04
3.884000000000000000e+03,3.674671725508114051e-01,4.000000000000000888e+00,3.445923206649892379e-02,1.077077803325728706e-03
3.885000000000000000e+03,3.674667346944624491e-01,4.000000000000000000e+00,3.444001080502752388e-02,9.114807620044168080e-04
3.886000000000000000e+03,3.674661587083364322e-01,3.999999999999999556e+00,3.443638269069318469e-02,5.117119203802854743e-05
3.887000000000000000e+03,3.674659856491925281e-01,3.999999999999999556e+00,3.443376460823214386e-02,7.635153999331492983e-04
3.888000000000000000e+03,3.674657072434003302e-01,3.999999999999999112e+00,3.441726388260740038e-02,9.002164389872734139e-04
3.889000000000000000e+03,3.674651652890759124e-01,4.000000000000000000e+00,3.441530568359747744e-02,3.188491669362242395e-04
3.890000000000000000e+03,3.674648543470092621e-01,3.999999999999999556e+00,3.440870346761276677e-02,4.543117743387474136e-04
3.891000000000000000e+03,3.674646327204882934e-01,4.000000000000000000e+00,3.439484157013393550e-02,7.948145990329171526e-04
3.892000000000000000e+03,3.674641780620291898e-01,4.000000000000000888e+00,3.439374145404072713e-02,4.791289805858051521e-04
3.893000000000000000e+03,3.674637792771966449e-01,3.999999999999998668e+00,3.438422177037930849e-02,1.802989931196960049e-04
3.894000000000000000e+03,3.674635413690051089e-01,4.000000000000001776e+00,3.437270684312944413e-02,6.329652345092514091e-04
3.895000000000000000e+03,3.674631716330353237e-01,4.000000000000000888e+00,3.437161060278429159e-02,5.455816752093188560e-04
3.896000000000000000e+03,3.674627433689283684e-01,4.000000000000000000e+00,3.436032265312274209e-02,4.046856030925361083e-05
3.897000000000000000e+03,3.674624565604570625e-01,3.999999999999999112e+00,3.435082066629224079e-02,4.460104198159683866e-04
3.898000000000000000e+03,3.674621406941891433e-01,3.999999999999998224e+00,3.434897668062751597e-02,5.360538059913747553e-04
3.899000000000000000e+03,3.674617254037147451e-01,4.000000000000000000e+00,3.433692973395090914e-02,1.992972762974450735e-04
3.900000000000000000e+03,3.674613898683782853e-01,4.000000000000000888e+00,3.432910544409824988e-02,2.591186027011335973e-04
3.901000000000000000e+03,3.674610917559592016e-01,4.000000000000000000e+00,3.432598198439130305e-02,4.704002569405229444e-04
3.902000000000000000e+03,3.674607083183321077e-01,3.999999999999999112e+00,3.431395106748724028e-02,2.953296887568507517e-04
3.903000000000000000e+03,3.674603421305611128e-01,4.000000000000000000e+00,3.430745722320038132e-02,9.139834575547597538e-05
3.904000000000000000e+03,3.674600353341739289e-01,4.000000000000000000e+00,3.430279611386656546e-02,3.688164584917284165e-04
3.905000000000000000e+03,3.674596826536420391e-01,4.000000000000000888e+00,3.429130313701325705e-02,3.334251988899726202e-04
3.906000000000000000e+03,3.674593074158309380e-01,3.999999999999999112e+00,3.428576292452263641e-02,4.415581009941270185e-05
3.907000000000000000e+03,3.674589803731920790e-01,4.000000000000000000e+00,3.427957456538639064e-02,2.504266778164652182e-04
3.908000000000000000e+03,3.674586462925482633e-01,4.000000000000000000e+00,3.426892188217034452e-02,3.228814323458220267e-04
3.909000000000000000e+03,3.674582775969071347e-01,4.000000000000000000e+00,3.426393072896147252e-02,1.400492388206022647e-04
3.910000000000000000e+03,3.674579315131404345e-01,4.000000000000000888e+00,3.425643575149898284e-02,1.320508795508215909e-04
3.911000000000000000e+03,3.674576019837365592e-01,4.000000000000000000e+00,3.424675237136865641e-02,2.759090820974567800e-04
3.912000000000000000e+03,3.674572459420002435e-01,4.000000000000000000e+00,3.424190552345193067e-02,1.945729282062306879e-04
3.913000000000000000e+03,3.674568889346558898e-01,4.000000000000000000e+00,3.423345502519418992e-02,2.723348519845878110e-05
3.914000000000000000e+03,3.674565542017548259e-01,4.000000000000000000e+00,3.422474284945139361e-02,2.061069883924715820e-04
3.915000000000000000e+03,3.674562089231601103e-01,3.999999999999998668e+00,3.421967859388587441e-02,2.105743782552285919e-04
3.916000000000000000e+03,3.674558499019104918e-01,4.000000000000000000e+00,3.421066772259768324e-02,5.484602029937509898e-05
3.917000000000000000e+03,3.674555065981120472e-01,4.000000000000000000e+00,3.420283505929104517e-02,1.269677312741276432e-04
3.918000000000000000e+03,3.674551662230673976e-01,4.000000000000000000e+00,3.419728072499578220e-02,1.946634755339791674e-04
3.919000000000000000e+03,3.674548108758319831e-01,4.000000000000000000e+00,3.418808103530199954e-02,1.087734962996594337e-04
3.920000000000000000e+03,3.674544607377586702e-01,4.000000000000000000e+00,3.418096746198277802e-02,5.052968980619193399e-05
3.921000000000000000e+03,3.674541195284158346e-01,3.999999999999999112e+00,3.417476931139230845e-02,1.559427597329382140e-04
3.922000000000000000e+03,3.674537692099951181e-01,3.999999999999999556e+00,3.416568200651561721e-02,1.339412150295598018e-04
3.923000000000000000e+03,3.674534161624617434e-01,4.000000000000001776e+00,3.415907960246672426e-02,1.407114948684141795e-05
3.924000000000000000e+03,3.674530709683450080e-01,3.999999999999999112e+00,3.415221128133320155e-02,1.046221569757382506e-04
3.925000000000000000e+03,3.674527238899985560e-01,4.000000000000000000e+00,3.414344665801755802e-02,1.333038848311619341e-04
3.926000000000000000e+03,3.674523713119488000e-01,4.000000000000000000e+00,3.413712380738172930e-02,6.000696726513921503e-05
3.927000000000000000e+03,3.674520219451894443e-01,4.000000000000000000e+00,3.412966825511404984e-02,5.064874526402798086e-05
3.928000000000000000e+03,3.674516753137070380e-01,4.000000000000000000e+00,3.412134172705344470e-02,1.126670692856826707e-04
3.929000000000000000e+03,3.674513246238251818e-01,4.000000000000000888e+00,3.411507201863751143e-02,8.526457158244076353e-05
3.930000000000000000e+03,3.674509727285887317e-01,3.999999999999999112e+00,3.410718767068134094e-02,3.396422254943762250e-06
3.931000000000000000e+03,3.674506245199809507e-01,3.999999999999999112e+00,3.409932847240601528e-02,7.951297988337704232e-05
3.932000000000000000e+03,3.674502752566323194e-01,4.000000000000000000e+00,3.409292025489813610e-02,9.055925619826858501e-05
3.933000000000000000e+03,3.674499227408762336e-01,4.000000000000000888e+00,3.408479822626126615e-02,3.417803162683976173e-05
3.934000000000000000e+03,3.674495723997146523e-01,3.999999999999999556e+00,3.407736368668936450e-02,4.174511931816824817e-05
3.935000000000000000e+03,3.674492232161559180e-01,3.999999999999999556e+00,3.407068537002907321e-02,7.950214975984377995e-05
3.936000000000000000e+03,3.674488711665261920e-01,4.000000000000000000e+00,3.406251125532498009e-02,5.564355806700854143e-05
3.937000000000000000e+03,3.674485192760847951e-01,3.999999999999999556e+00,3.405540547473662194e-02,6.827651407102642067e-06
3.938000000000000000e+03,3.674481690168529546e-01,4.000000000000000888e+00,3.404839820026913516e-02,5.754519622225227871e-05
3.939000000000000000e+03,3.674478174699230548e-01,3.999999999999999556e+00,3.404032241153188976e-02,6.198450489552071829e-05
3.940000000000000000e+03,3.674474649420637062e-01,3.999999999999999112e+00,3.403341801679943268e-02,2.135730574285650397e-05
3.941000000000000000e+03,3.674471132049466071e-01,4.000000000000000000e+00,3.402609437465836661e-02,3.088053748808298788e-05
3.942000000000000000e+03,3.674467615799983933e-01,4.000000000000000000e+00,3.401821583460089976e-02,5.548402339191753916e-05
3.943000000000000000e+03,3.674464089812737866e-01,4.000000000000000888e+00,3.401137781073710481e-02,3.793972218542480122e-05
3.944000000000000000e+03,3.674460560437448065e-01,4.000000000000000000e+00,3.400380594919808624e-02,5.753986183182165288e-06
3.945000000000000000e+03,3.674457037513828572e-01,3.999999999999999112e+00,3.399616675293751222e-02,4.019833106257990118e-05
3.946000000000000000e+03,3.674453510974602932e-01,4.000000000000000888e+00,3.398927604937392738e-02,4.313066407640534503e-05
3.947000000000000000e+03,3.674449974813644992e-01,4.000000000000000000e+00,3.398155609380285047e-02,1.530629650686545266e-05
3.948000000000000000e+03,3.674446442906988963e-01,4.000000000000000000e+00,3.397414616523726505e-02,2.100663318084855109e-05
3.949000000000000000e+03,3.674442912582821519e-01,4.000000000000000000e+00,3.396711837573804932e-02,3.849015334326381964e-05
3.950000000000000000e+03,3.674439373218180149e-01,4.000000000000000000e+00,3.395935616338529445e-02,2.721257806420056150e-05
3.951000000000000000e+03,3.674435833560649733e-01,4.000000000000000000e+00,3.395212478376204851e-02,3.562989684999948522e-06
3.952000000000000000e+03,3.674432296292261535e-01,3.999999999999999556e+00,3.394492074603200349e-02,2.716870281809260132e-05
3.953000000000000000e+03,3.674428754246548690e-01,4.000000000000000000e+00,3.393720608363317431e-02,3.052261486161460225e-05
3.954000000000000000e+03,3.674425209287234262e-01,4.000000000000000000e+00,3.393007832220210768e-02,1.246575539514403310e-05
3.955000000000000000e+03,3.674421664100200324e-01,3.999999999999999556e+00,3.392270367661221614e-02,1.309819708216022519e-05
3.956000000000000000e+03,3.674418117959491470e-01,4.000000000000000888e+00,3.391509562094475322e-02,2.646381745628348118e-05
3.957000000000000000e+03,3.674414569152715804e-01,3.999999999999998224e+00,3.390799092102275009e-02,2.038858113591143857e-05
3.958000000000000000e+03,3.674411017126941181e-01,4.000000000000000000e+00,3.390048647682381705e-02,2.977462893605460680e-06
3.959000000000000000e+03,3.674407465487024016e-01,3.999999999999999112e+00,3.389300772426310365e-02,1.762168673747948401e-05
3.960000000000000000e+03,3.674403912667186800e-01,4.000000000000000000e+00,3.388585719863613371e-02,2.180872609546936932e-05
3.961000000000000000e+03,3.674400355478537605e-01,3.999999999999998668e+00,3.387828270004086123e-02,1.092931112893007885e-05
3.962000000000000000e+03,3.674396798055405422e-01,3.999999999999998668e+00,3.387092189818221438e-02,7.323804721725770600e-06
3.963000000000000000e+03,3.674393240256371151e-01,3.999999999999999556e+00,3.386368117244308029e-02,1.785798502824330710e-05
3.964000000000000000e+03,3.674389678900231160e-01,4.000000000000000000e+00,3.385609799699346861e-02,1.566656002024174012e-05
3.965000000000000000e+03,3.674386116337159391e-01,3.999999999999999112e+00,3.384881864624267322e-02,4.149279034129598785e-06
3.966000000000000000e+03,3.674382552924108092e-01,4.000000000000000000e+00,3.384147323626369303e-02,1.078521223358797925e-05
3.967000000000000000e+03,3.674378987459447909e-01,4.000000000000000000e+00,3.383392963845183177e-02,1.551861709547657867e-05
3.968000000000000000e+03,3.674375420489968680e-01,3.999999999999999556e+00,3.382668287350856090e-02,9.760357375010196408e-06
3.969000000000000000e+03,3.674371851637145414e-01,3.999999999999999556e+00,3.381924586092187324e-02,3.861560693356595831e-06
3.970000000000000000e+03,3.674368281734326502e-01,4.000000000000000888e+00,3.381176818725318417e-02,1.164961445256072283e-05
3.971000000000000000e+03,3.674364710612906260e-01,3.999999999999999556e+00,3.380450643621252249e-02,1.206490639867388333e-05
3.972000000000000000e+03,3.674361136996938670e-01,4.000000000000001776e+00,3.379700951167646100e-02,5.236124733945318814e-06
3.973000000000000000e+03,3.674357562539558586e-01,3.999999999999999556e+00,3.378959998431391859e-02,6.166937459086631802e-06
3.974000000000000000e+03,3.674353987110122732e-01,4.000000000000000000e+00,3.378228835534209662e-02,1.080749238793502431e-05
3.975000000000000000e+03,3.674350409349664281e-01,4.000000000000000000e+00,3.377476985739449183e-02,8.571134923757508056e-06
3.976000000000000000e+03,3.674346830582994050e-01,4.000000000000000000e+00,3.376741065168526595e-02,3.199824992422739610e-06
3.977000000000000000e+03,3.674343250697287289e-01,3.999999999999998224e+00,3.376003330757461340e-02,7.253384567274162867e-06
3.978000000000000000e+03,3.674339669079603743e-01,4.000000000000000000e+00,3.375252652281644089e-02,9.130500274158200358e-06
3.979000000000000000e+03,3.674336086368401588e-01,4.000000000000000000e+00,3.374518810780024330e-02,5.704382663899404434e-06
3.980000000000000000e+03,3.674332502169980197e-01,3.999999999999999112e+00,3.373774865300874226e-02,3.696482656525627007e-06
3.981000000000000000e+03,3.674328916768132558e-01,3.999999999999999112e+00,3.373027370803056979e-02,7.291197156514771589e-06
3.982000000000000000e+03,3.674325330342870788e-01,4.000000000000000000e+00,3.372292491042858109e-02,7.242461113629042643e-06
3.983000000000000000e+03,3.674321742216112852e-01,3.999999999999999556e+00,3.371544124119799785e-02,3.923144430236770477e-06
3.984000000000000000e+03,3.674318153128704467e-01,3.999999999999998668e+00,3.370800193214989332e-02,4.503873002064518804e-06
3.985000000000000000e+03,3.674314563069580597e-01,4.000000000000000888e+00,3.370061883739750019e-02,6.699828959202481019e-06
3.986000000000000000e+03,3.674310971418224270e-01,4.000000000000000888e+00,3.369311490625597622e-02,5.596390528954956648e-06
3.987000000000000000e+03,3.674307378863461149e-01,4.000000000000000000e+00,3.368570071343247180e-02,3.323102891119738275e-06
3.988000000000000000e+03,3.674303785257529986e-01,3.999999999999999556e+00,3.367827200086595529e-02,4.868483831077375146e-06
3.989000000000000000e+03,3.674300190368402497e-01,3.999999999999999112e+00,3.367076919845578969e-02,5.881047948203838450e-06
3.990000000000000000e+03,3.674296594608650879e-01,4.000000000000001776e+00,3.366336103730325352e-02,4.401609959849564460e-06
3.991000000000000000e+03,3.674292997669296734e-01,4.000000000000000000e+00,3.365588869532892824e-02,3.429626039316115943e-06
3.992000000000000000e+03,3.674289399742486917e-01,3.999999999999999556e+00,3.364839964347658696e-02,4.875199424071560686e-06
3.993000000000000000e+03,3.674285800992594941e-01,4.000000000000000000e+00,3.364097722170883431e-02,5.062734331755411041e-06
3.994000000000000000e+03,3.674282201036761508e-01,4.000000000000000888e+00,3.363347296354843308e-02,3.748464201279881109e-06
3.995000000000000000e+03,3.674278600276268958e-01,4.000000000000000000e+00,3.362599908486166300e-02,3.666560070668167084e-06
3.996000000000000000e+03,3.674274998708044748e-01,3.999999999999999112e+00,3.361854738066018256e-02,4.661633784304898108e-06
3.997000000000000000e+03,3.674271396060756478e-01,3.999999999999999112e+00,3.361102664068163492e-02,4.426767857842134862e-06
3.998000000000000000e+03,3.674267792707678337e-01,4.000000000000000000e+00,3.360355977113590326e-02,3.498836288559813594e-06
3.999000000000000000e+03,3.674264188518927554e-01,3.999999999999999556e+00,3.359607268015365328e-02,3.812109692103751691e-06
4.000000000000000000e+03,3.674260583459127982e-01,3.999999999999999112e+00,3.358854843330449230e-02,4.399030368631232440e-06
