step,population_reconstruction_mse,encoder_energy,tangent_gradient_norm,bias_gradient_norm
0.000000000000000000e+00,2.817705610284011453e-01,4.000000000000000000e+00,3.039911743850094439e-01,2.239252181370150752e-01
1.000000000000000000e+00,2.648696973414078615e-01,4.000000000000000000e+00,2.800139800917443855e-01,1.896346887559662020e-01
2.000000000000000000e+00,2.505567711918572082e-01,3.999999999999999556e+00,2.595487410643512183e-01,1.585451117425147050e-01
3.000000000000000000e+00,2.382074186434507967e-01,3.999999999999999112e+00,2.398670018649085578e-01,1.345497160061729092e-01
4.000000000000000000e+00,2.275510202190989539e-01,3.999999999999999112e+00,2.205355382561457467e-01,1.171355897783509376e-01
5.000000000000000000e+00,2.182324792668574598e-01,3.999999999999999556e+00,2.022478126877689519e-01,1.072808853553961494e-01
6.000000000000000000e+00,2.099270662306270685e-01,3.999999999999998224e+00,1.845321438812915771e-01,1.016859188065229180e-01
7.000000000000000000e+00,2.023847616726160981e-01,4.000000000000000000e+00,1.678240304186514320e-01,9.703927835656044054e-02
8.000000000000000000e+00,1.954721344450736087e-01,4.000000000000000000e+00,1.520482437088120364e-01,9.117698782599235885e-02
9.000000000000000000e+00,1.891520253934744766e-01,3.999999999999999556e+00,1.374961774452609364e-01,8.362806171034921354e-02
1.000000000000000000e+01,1.834587041704626442e-01,3.999999999999999556e+00,1.243015249088611218e-01,7.441345078894597009e-02
1.100000000000000000e+01,1.784232316402276086e-01,4.000000000000000888e+00,1.124870627031055587e-01,6.465967080263503031e-02
1.200000000000000000e+01,1.740571038786245806e-01,4.000000000000000000e+00,1.021206079550755069e-01,5.578275898696044566e-02
1.300000000000000000e+01,1.703119853537893857e-01,3.999999999999999112e+00,9.347262988517615612e-02,4.976420239701517811e-02
1.400000000000000000e+01,1.672084186076865930e-01,4.000000000000000000e+00,8.621858051791324307e-02,4.551641634324483238e-02
1.500000000000000000e+01,1.646668237848612493e-01,3.999999999999999112e+00,8.008333778925730284e-02,4.447155910144220264e-02
1.600000000000000000e+01,1.626107087891300318e-01,4.000000000000000000e+00,7.534264234822501960e-02,4.448273299767639688e-02
1.700000000000000000e+01,1.610205249153823515e-01,3.999999999999999112e+00,7.208936033450595582e-02,4.505116228879824797e-02
1.800000000000000000e+01,1.598213377862970352e-01,4.000000000000000888e+00,7.010922748346781752e-02,5.037407661833530337e-02
1.900000000000000000e+01,1.588966755640223438e-01,4.000000000000000888e+00,6.908492351526758501e-02,5.770292226018600146e-02
2.000000000000000000e+01,1.581196496442508759e-01,4.000000000000000000e+00,7.006958259737330885e-02,6.559356520558667913e-02
2.100000000000000000e+01,1.573587515062084274e-01,4.000000000000000000e+00,7.013534602263045425e-02,7.017928120967935335e-02
2.200000000000000000e+01,1.565585848170400474e-01,4.000000000000000000e+00,7.043664886737832642e-02,7.241241871438149069e-02
2.300000000000000000e+01,1.557070189778899383e-01,4.000000000000000888e+00,7.053839114872811900e-02,7.258813498022090305e-02
2.400000000000000000e+01,1.548151465278613803e-01,4.000000000000000000e+00,7.066852730211145572e-02,7.182236344559707331e-02
2.500000000000000000e+01,1.539046034621917580e-01,3.999999999999999112e+00,7.056889006699229583e-02,7.058993335500690636e-02
2.600000000000000000e+01,1.529954877407130320e-01,3.999999999999999556e+00,7.061891397764266665e-02,6.974773472782540285e-02
2.700000000000000000e+01,1.520978788548303928e-01,4.000000000000000000e+00,7.059018521343780883e-02,6.929343633713369588e-02
2.800000000000000000e+01,1.512155726880957118e-01,3.999999999999999112e+00,7.058656597798025623e-02,6.896384147182187119e-02
2.900000000000000000e+01,1.503386127891940816e-01,4.000000000000000000e+00,7.064545605053873523e-02,6.944088567217215902e-02
3.000000000000000000e+01,1.494540245652515864e-01,4.000000000000000000e+00,7.070508953202987723e-02,7.001051192882132290e-02
3.100000000000000000e+01,1.485470883852341994e-01,4.000000000000000000e+00,7.070802755842521548e-02,7.036920523580755815e-02
3.200000000000000000e+01,1.476086117426387845e-01,3.999999999999999112e+00,7.062386670378804909e-02,7.029961429262290840e-02
3.300000000000000000e+01,1.466391498087146195e-01,3.999999999999999112e+00,7.047692665671374812e-02,6.956360248226928222e-02
3.400000000000000000e+01,1.456439496011671664e-01,3.999999999999999556e+00,7.047422855325230495e-02,6.872961620397230464e-02
3.500000000000000000e+01,1.446295304921714209e-01,3.999999999999999556e+00,7.035623931315083956e-02,6.758950686598531876e-02
3.600000000000000000e+01,1.436051104575883641e-01,4.000000000000000000e+00,6.997524670227149579e-02,6.647903526701230692e-02
3.700000000000000000e+01,1.425793630900191733e-01,4.000000000000000000e+00,6.979635794615351996e-02,6.592406032450894016e-02
3.800000000000000000e+01,1.415539801027092814e-01,4.000000000000000888e+00,6.941081546053658180e-02,6.534437539220175339e-02
3.900000000000000000e+01,1.405336452314504825e-01,4.000000000000000000e+00,6.902978763998746103e-02,6.462369530460843059e-02
4.000000000000000000e+01,1.395452444413672333e-01,3.999999999999999112e+00,6.863408248995847560e-02,6.436589779509449549e-02
4.100000000000000000e+01,1.385727975656449174e-01,4.000000000000000000e+00,7.014377929696509473e-02,6.866146994203238541e-02
4.200000000000000000e+01,1.375458108542026991e-01,4.000000000000000888e+00,6.971795056631337195e-02,6.989031453719750375e-02
4.300000000000000000e+01,1.364962801140228443e-01,3.999999999999998224e+00,6.906286969980640622e-02,7.046322344356174827e-02
4.400000000000000000e+01,1.354253922462297921e-01,4.000000000000000000e+00,6.830764922953827534e-02,6.997236963001243759e-02
4.500000000000000000e+01,1.343349418498075709e-01,4.000000000000000888e+00,6.750455356363038728e-02,6.861944194628669114e-02
4.600000000000000000e+01,1.332307410281544091e-01,3.999999999999999112e+00,6.664172075853107280e-02,6.663563573684329333e-02
4.700000000000000000e+01,1.321243167157698517e-01,4.000000000000000888e+00,6.575205643029462255e-02,6.408296937614055278e-02
4.800000000000000000e+01,1.310324691316811230e-01,3.999999999999999556e+00,6.479455155356156348e-02,6.030562761809021149e-02
4.900000000000000000e+01,1.299745140871422233e-01,3.999999999999999112e+00,6.383712373965122477e-02,5.564639086261779360e-02
5.000000000000000000e+01,1.290142765174279449e-01,3.999999999999999112e+00,6.291204770434766225e-02,4.087516334495520931e-02
5.100000000000000000e+01,1.282049406000033420e-01,4.000000000000000000e+00,6.200923382966565256e-02,2.668316570326507292e-02
5.200000000000000000e+01,1.275410648553910731e-01,3.999999999999999556e+00,6.116885186847815375e-02,1.422370114094879262e-02
5.300000000000000000e+01,1.270037437997541818e-01,3.999999999999999112e+00,6.048218125786562066e-02,9.150869845392418239e-03
5.400000000000000000e+01,1.265704987415561256e-01,4.000000000000000888e+00,5.981192626622444664e-02,1.644617012414515203e-02
5.500000000000000000e+01,1.262120870889029689e-01,4.000000000000000888e+00,5.924036522359908685e-02,2.571050169308468705e-02
5.600000000000000000e+01,1.258967724413265210e-01,4.000000000000000000e+00,5.875397766155487922e-02,3.385131094063295598e-02
5.700000000000000000e+01,1.255954115552016248e-01,4.000000000000000000e+00,5.833294504941794606e-02,4.034314150415808931e-02
5.800000000000000000e+01,1.252840397036657227e-01,3.999999999999998668e+00,5.796632482481521575e-02,4.504747299525654891e-02
5.900000000000000000e+01,1.249466316081759010e-01,4.000000000000000888e+00,5.763326030715919951e-02,4.792908172464439842e-02
6.000000000000000000e+01,1.245748205511858636e-01,4.000000000000000000e+00,5.735500968569160612e-02,4.902923229439535430e-02
6.100000000000000000e+01,1.241680313770043148e-01,4.000000000000000000e+00,5.711018387176345495e-02,4.845362282343899235e-02
6.200000000000000000e+01,1.237320321298690240e-01,3.999999999999999112e+00,5.691256397863227179e-02,4.641382559065612007e-02
6.300000000000000000e+01,1.232768864755119376e-01,4.000000000000000888e+00,5.675791138233437366e-02,4.317875456450871730e-02
6.400000000000000000e+01,1.228150053741422637e-01,3.999999999999999112e+00,5.660745123209832280e-02,3.928720015487265765e-02
6.500000000000000000e+01,1.223584063558816187e-01,4.000000000000000000e+00,5.649297686273214991e-02,3.468483884040524101e-02
6.600000000000000000e+01,1.219160979631556951e-01,3.999999999999998668e+00,5.638174729733347323e-02,2.966898010571727626e-02
6.700000000000000000e+01,1.214931763841682333e-01,4.000000000000000000e+00,5.621429936173189673e-02,2.469856796848698618e-02
6.800000000000000000e+01,1.210940428192623652e-01,3.999999999999999112e+00,5.606350893896067805e-02,1.986239744354819509e-02
6.900000000000000000e+01,1.207196630148522909e-01,4.000000000000000000e+00,5.594136673940023480e-02,1.527666107587704811e-02
7.000000000000000000e+01,1.203662792923822500e-01,4.000000000000000000e+00,5.553921915419579580e-02,1.434016360032056361e-02
7.100000000000000000e+01,1.200331122211346913e-01,4.000000000000000888e+00,5.540678145035608793e-02,1.091347073746046226e-02
7.200000000000000000e+01,1.197235509267270265e-01,3.999999999999999556e+00,5.524084143616317388e-02,9.026081979939291206e-03
7.300000000000000000e+01,1.194352258059961647e-01,3.999999999999999112e+00,5.501762790819977184e-02,8.976708079000471005e-03
7.400000000000000000e+01,1.191640768492654989e-01,3.999999999999999556e+00,5.469702170339064973e-02,1.011441321578426984e-02
7.500000000000000000e+01,1.189086045362362232e-01,4.000000000000000000e+00,5.431075572897626352e-02,1.175506446443317331e-02
7.600000000000000000e+01,1.186667889187342922e-01,4.000000000000000888e+00,5.386084448965205995e-02,1.323824754067874990e-02
7.700000000000000000e+01,1.184361641231718165e-01,4.000000000000000888e+00,5.341843401795590141e-02,1.465814487160663551e-02
7.800000000000000000e+01,1.182152016082252122e-01,4.000000000000000000e+00,5.297572510490834718e-02,1.551571611235410923e-02
7.900000000000000000e+01,1.180026477507918337e-01,4.000000000000000000e+00,5.254063230877818735e-02,1.594898606745148023e-02
8.000000000000000000e+01,1.177973999682562639e-01,4.000000000000000888e+00,5.208033971234405507e-02,1.616686795558613249e-02
8.100000000000000000e+01,1.175994134790469270e-01,4.000000000000000000e+00,5.164157323515768117e-02,1.575212606835039997e-02
8.200000000000000000e+01,1.174087976182406207e-01,3.999999999999999556e+00,5.121623912002287726e-02,1.494039121564114114e-02
8.300000000000000000e+01,1.172257663436241104e-01,4.000000000000000000e+00,5.080028629168284460e-02,1.376376384482857519e-02
8.400000000000000000e+01,1.170508407165121723e-01,4.000000000000000888e+00,5.039880176042919185e-02,1.228513480878280252e-02
8.500000000000000000e+01,1.168846317261659495e-01,4.000000000000000000e+00,5.000767761985382143e-02,1.055079514050759511e-02
8.600000000000000000e+01,1.167273880560893567e-01,3.999999999999999112e+00,4.959779570352636918e-02,8.651651073834464370e-03
8.700000000000000000e+01,1.165771457771947461e-01,4.000000000000000000e+00,4.925641026990067867e-02,9.899403275487345805e-03
8.800000000000000000e+01,1.164287871344966141e-01,4.000000000000000000e+00,4.887755296124329102e-02,7.642232902262804072e-03
8.900000000000000000e+01,1.162901849877249066e-01,4.000000000000000000e+00,4.851133328184203952e-02,5.341984301002978761e-03
9.000000000000000000e+01,1.161609016039827358e-01,3.999999999999999112e+00,4.813348917252387171e-02,3.055170426570244253e-03
9.100000000000000000e+01,1.160405825307779248e-01,4.000000000000000888e+00,4.780770100125019545e-02,1.445474760955552454e-03
9.200000000000000000e+01,1.159252628584486328e-01,4.000000000000000000e+00,4.745939228192651294e-02,4.374514041186990804e-03
9.300000000000000000e+01,1.158118305891320809e-01,4.000000000000000000e+00,4.706689047949901006e-02,5.804197730358413160e-03
9.400000000000000000e+01,1.156993628289518655e-01,4.000000000000000888e+00,4.676611495448872863e-02,6.197799834861327135e-03
9.500000000000000000e+01,1.155920325982221220e-01,4.000000000000000888e+00,4.650618045821960922e-02,6.676675422803850062e-03
9.600000000000000000e+01,1.154891337894051601e-01,4.000000000000000888e+00,4.621091830755327118e-02,7.126114957728857391e-03
9.700000000000000000e+01,1.153910891313914416e-01,4.000000000000000000e+00,4.595906767985286079e-02,7.649109349564649218e-03
9.800000000000000000e+01,1.152967184072752338e-01,4.000000000000000888e+00,4.569668582911021876e-02,8.057227633126063868e-03
9.900000000000000000e+01,1.152046971779628892e-01,3.999999999999998224e+00,4.543629659335672588e-02,8.187285594045716139e-03
1.000000000000000000e+02,1.151152037171705583e-01,4.000000000000000000e+00,4.516400368772606477e-02,8.118769874959033683e-03
1.010000000000000000e+02,1.150286206741355094e-01,4.000000000000000000e+00,4.488207286072445901e-02,7.767692981310540291e-03
1.020000000000000000e+02,1.149452341098969599e-01,4.000000000000000000e+00,4.459689913501352354e-02,7.136025487317709456e-03
1.030000000000000000e+02,1.148654976280823470e-01,4.000000000000000000e+00,4.431154156967705843e-02,6.161213817441177701e-03
1.040000000000000000e+02,1.147896620038697246e-01,4.000000000000000888e+00,4.403287666634810721e-02,5.343713062975346227e-03
1.050000000000000000e+02,1.147185194323776247e-01,4.000000000000000000e+00,4.377033247021140661e-02,4.580885105283765898e-03
1.060000000000000000e+02,1.146517792479992692e-01,4.000000000000000000e+00,4.352476600700764392e-02,3.916884323003117993e-03
1.070000000000000000e+02,1.145889942561418434e-01,3.999999999999999112e+00,4.330079327447840243e-02,3.320279740017866629e-03
1.080000000000000000e+02,1.145296830912782421e-01,3.999999999999999556e+00,4.309799245692191860e-02,2.757314943498673145e-03
1.090000000000000000e+02,1.144735016190630283e-01,3.999999999999999556e+00,4.291326072646665934e-02,2.232398531090951186e-03
1.100000000000000000e+02,1.144201711197461446e-01,4.000000000000000000e+00,4.274360112552911400e-02,1.841465444478376009e-03
1.110000000000000000e+02,1.143694389630863367e-01,4.000000000000000000e+00,4.257159860178803129e-02,1.734849470203051304e-03
1.120000000000000000e+02,1.143210299180357492e-01,4.000000000000000000e+00,4.240262809305484631e-02,1.915475580286444147e-03
1.130000000000000000e+02,1.142745551474179111e-01,3.999999999999999112e+00,4.221183256634889608e-02,2.061276907028697716e-03
1.140000000000000000e+02,1.142296789541565605e-01,4.000000000000000888e+00,4.203943138841783472e-02,2.339750383639546596e-03
1.150000000000000000e+02,1.141861139692792182e-01,3.999999999999999112e+00,4.186250813888763023e-02,2.516915637268052775e-03
1.160000000000000000e+02,1.141436390485422309e-01,4.000000000000000000e+00,4.168035826068887395e-02,2.581598216472182680e-03
1.170000000000000000e+02,1.141020983081225404e-01,4.000000000000000000e+00,4.149524816046652742e-02,2.536611262078161504e-03
1.180000000000000000e+02,1.140613528403874033e-01,4.000000000000000888e+00,4.132744170526858607e-02,2.559547675474618204e-03
1.190000000000000000e+02,1.140213240711663162e-01,3.999999999999999112e+00,4.114193026236152850e-02,2.342207767668262955e-03
1.200000000000000000e+02,1.139819618385348593e-01,3.999999999999999556e+00,4.096151419790318438e-02,2.067058160611890197e-03
1.210000000000000000e+02,1.139431138296657930e-01,4.000000000000001776e+00,4.079938337485437133e-02,1.740056638690432164e-03
1.220000000000000000e+02,1.139047500316643369e-01,4.000000000000000000e+00,4.063511031796756406e-02,1.411037288866823875e-03
1.230000000000000000e+02,1.138669453794921155e-01,4.000000000000000888e+00,4.047933163528508183e-02,1.070310783006357116e-03
1.240000000000000000e+02,1.138296561092881493e-01,4.000000000000000000e+00,4.033066911742054506e-02,7.892009279399382063e-04
1.250000000000000000e+02,1.137928635798598764e-01,4.000000000000000000e+00,4.017278101247572647e-02,6.829654493735349153e-04
1.260000000000000000e+02,1.137565611586124348e-01,3.999999999999999112e+00,4.001574354438183767e-02,8.092714372791086179e-04
1.270000000000000000e+02,1.137206670254920227e-01,3.999999999999998224e+00,3.985714784126297150e-02,1.027888548766802855e-03
1.280000000000000000e+02,1.136851063893944136e-01,4.000000000000000000e+00,3.969531299160924259e-02,1.224793336101942347e-03
1.290000000000000000e+02,1.136498426010884022e-01,4.000000000000000000e+00,3.952602836087368288e-02,1.363621526979913673e-03
1.300000000000000000e+02,1.136148595968664021e-01,4.000000000000000000e+00,3.935227566687147377e-02,1.440902703404037472e-03
1.310000000000000000e+02,1.135801666400721860e-01,4.000000000000001776e+00,3.917684225927819952e-02,1.468069383791651685e-03
1.320000000000000000e+02,1.135457804005411686e-01,4.000000000000000000e+00,3.900342959299076678e-02,1.452628803758524226e-03
1.330000000000000000e+02,1.135117107135450720e-01,4.000000000000000000e+00,3.883241293058836696e-02,1.397115798762066461e-03
1.340000000000000000e+02,1.134780060893493814e-01,4.000000000000000000e+00,3.865658832985635618e-02,1.299100876735074595e-03
1.350000000000000000e+02,1.134446980826503276e-01,3.999999999999999556e+00,3.848243258789161431e-02,1.158278730356366529e-03
1.360000000000000000e+02,1.134118095753804678e-01,4.000000000000001776e+00,3.831121011781733754e-02,9.874306313179300864e-04
1.370000000000000000e+02,1.133793631789416778e-01,4.000000000000000000e+00,3.814502187618822038e-02,8.086869727737226602e-04
1.380000000000000000e+02,1.133473721505930260e-01,4.000000000000000888e+00,3.798459527286774523e-02,6.484182877204545557e-04
1.390000000000000000e+02,1.133158126126686399e-01,4.000000000000000000e+00,3.785236342072826471e-02,4.376063939839543453e-04
1.400000000000000000e+02,1.132846395670715212e-01,4.000000000000000888e+00,3.769974730763868409e-02,4.379599511907885951e-04
1.410000000000000000e+02,1.132538681721938223e-01,3.999999999999998668e+00,3.754778853520849419e-02,4.628112240532300005e-04
1.420000000000000000e+02,1.132234921512279002e-01,3.999999999999999112e+00,3.739618797226894331e-02,4.823395067289980406e-04
1.430000000000000000e+02,1.131935117602805713e-01,4.000000000000001776e+00,3.724696621869984930e-02,4.961422969793136259e-04
1.440000000000000000e+02,1.131639376605743097e-01,3.999999999999998668e+00,3.709912346943521760e-02,5.123820127435256642e-04
1.450000000000000000e+02,1.131347146840742529e-01,3.999999999999999112e+00,3.699493975060955814e-02,5.502201333704826542e-04
1.460000000000000000e+02,1.131058114476074239e-01,4.000000000000001776e+00,3.684942311475264409e-02,5.785949139729849519e-04
1.470000000000000000e+02,1.130772795319477941e-01,4.000000000000000888e+00,3.670500752960437901e-02,5.837983159769630833e-04
1.480000000000000000e+02,1.130491266301443809e-01,4.000000000000000000e+00,3.656331594688906617e-02,5.557288855562402246e-04
1.490000000000000000e+02,1.130213622177519001e-01,4.000000000000000000e+00,3.642591447578837072e-02,4.947724508611723833e-04
1.500000000000000000e+02,1.129939947229955666e-01,4.000000000000000000e+00,3.629316041920590402e-02,4.125880900723865349e-04
1.510000000000000000e+02,1.129670285595505003e-01,4.000000000000000888e+00,3.616377738095055694e-02,3.301590558531025872e-04
1.520000000000000000e+02,1.129404711467320299e-01,4.000000000000000000e+00,3.603071015871702615e-02,2.834261686373798646e-04
1.530000000000000000e+02,1.129143469017957896e-01,3.999999999999999556e+00,3.589747853204123401e-02,2.787628288984175676e-04
1.540000000000000000e+02,1.128886565135012732e-01,4.000000000000000888e+00,3.576750693717797164e-02,2.807637446807085451e-04
1.550000000000000000e+02,1.128633986667709338e-01,3.999999999999998224e+00,3.564076014828209543e-02,2.673534237281266013e-04
1.560000000000000000e+02,1.128385740353801125e-01,3.999999999999999112e+00,3.551632979767817971e-02,2.435602942480873546e-04
1.570000000000000000e+02,1.128141805533371123e-01,4.000000000000000888e+00,3.539473213916555921e-02,2.328732087337144268e-04
1.580000000000000000e+02,1.127902212181877417e-01,3.999999999999999112e+00,3.527075092652321581e-02,2.662253390439746781e-04
1.590000000000000000e+02,1.127667002491951759e-01,4.000000000000000000e+00,3.514656505423184585e-02,3.357272136180016711e-04
1.600000000000000000e+02,1.127436164839066834e-01,4.000000000000000000e+00,3.502363136891014500e-02,3.826487860805022584e-04
1.610000000000000000e+02,1.127209706411785167e-01,3.999999999999999112e+00,3.490293447332780408e-02,4.022077679029829747e-04
1.620000000000000000e+02,1.126987615565594736e-01,4.000000000000000000e+00,3.478417625360612914e-02,3.915442268143956789e-04
1.630000000000000000e+02,1.126769901896890885e-01,4.000000000000000000e+00,3.466718496232862323e-02,3.569500025062815620e-04
1.640000000000000000e+02,1.126556597505423279e-01,4.000000000000000000e+00,3.455019540762862412e-02,3.114449681171554203e-04
1.650000000000000000e+02,1.126347901980397498e-01,4.000000000000000000e+00,3.443097872645392576e-02,2.726392852664575130e-04
1.660000000000000000e+02,1.126143893603445689e-01,3.999999999999999112e+00,3.431519058496534935e-02,2.454478829257573914e-04
1.670000000000000000e+02,1.125944536546067964e-01,4.000000000000000000e+00,3.420224347848592472e-02,2.212546611884141251e-04
1.680000000000000000e+02,1.125749787921131173e-01,4.000000000000000000e+00,3.409148062686705866e-02,1.886163141361209901e-04
1.690000000000000000e+02,1.125559609574974668e-01,4.000000000000000000e+00,3.398255305597492476e-02,1.438778252374559442e-04
1.700000000000000000e+02,1.125373887942681950e-01,4.000000000000000000e+00,3.385294455899758720e-02,2.197752838848172267e-04
1.710000000000000000e+02,1.125192501917195581e-01,4.000000000000000000e+00,3.374903991869872277e-02,1.593052547709861210e-04
1.720000000000000000e+02,1.125015662616354328e-01,4.000000000000000000e+00,3.364782911671464899e-02,1.152215136936526516e-04
1.730000000000000000e+02,1.124843260716275883e-01,3.999999999999999556e+00,3.354900954462975565e-02,1.003631734485326644e-04
1.740000000000000000e+02,1.124675160831778709e-01,4.000000000000000888e+00,3.345406684222659160e-02,1.085911320997735071e-04
1.750000000000000000e+02,1.124511240963113196e-01,4.000000000000000000e+00,3.335955899958452375e-02,1.146609526298050265e-04
1.760000000000000000e+02,1.124350761959318767e-01,3.999999999999999112e+00,3.331233531948863541e-02,2.451160879968823257e-04
1.770000000000000000e+02,1.124193454224376998e-01,3.999999999999999112e+00,3.322149034977590204e-02,1.992150446362467211e-04
1.780000000000000000e+02,1.124039699124173841e-01,3.999999999999999112e+00,3.313204912463220408e-02,1.572642873123085514e-04
1.790000000000000000e+02,1.123889494092021185e-01,4.000000000000000000e+00,3.304446489242264529e-02,1.659340821107138317e-04
1.800000000000000000e+02,1.123742779000782011e-01,3.999999999999999112e+00,3.295919755449890770e-02,2.084311237985475823e-04
1.810000000000000000e+02,1.123599450701526226e-01,3.999999999999999112e+00,3.287672420653960093e-02,2.386865377661212366e-04
1.820000000000000000e+02,1.123459399250613111e-01,4.000000000000000000e+00,3.279719466019327678e-02,2.359282488839367837e-04
1.830000000000000000e+02,1.123322535909710845e-01,4.000000000000000888e+00,3.272034729854480378e-02,1.989425629219426957e-04
1.840000000000000000e+02,1.123188794171999516e-01,4.000000000000000000e+00,3.264577366864752916e-02,1.395725405098965227e-04
1.850000000000000000e+02,1.123058108400654398e-01,4.000000000000000000e+00,3.257318799002306697e-02,8.448502328767975612e-05
1.860000000000000000e+02,1.122930391013536033e-01,3.999999999999999112e+00,3.250245353524273267e-02,8.070959701491446365e-05
1.870000000000000000e+02,1.122805526414755034e-01,3.999999999999998224e+00,3.243330572783170718e-02,1.117447351493663829e-04
1.880000000000000000e+02,1.122683394709858840e-01,3.999999999999999112e+00,3.236543456547551212e-02,1.294040180609378734e-04
1.890000000000000000e+02,1.122563891554727994e-01,4.000000000000000000e+00,3.229857770435701908e-02,1.219411947980837815e-04
1.900000000000000000e+02,1.122446939036297053e-01,4.000000000000001776e+00,3.223274577975255434e-02,9.432065446965879729e-05
1.910000000000000000e+02,1.122332475740687036e-01,3.999999999999999556e+00,3.216817127648445573e-02,6.488277195174607626e-05
1.920000000000000000e+02,1.122220437671840737e-01,4.000000000000000000e+00,3.210512011939087307e-02,6.592001810066821404e-05
1.930000000000000000e+02,1.122110747062547154e-01,4.000000000000000000e+00,3.204368143740202179e-02,9.082806630249247286e-05
1.940000000000000000e+02,1.122003316816165552e-01,3.999999999999999556e+00,3.198384098731190534e-02,1.087211078796605454e-04
1.950000000000000000e+02,1.121897604241457180e-01,3.999999999999999556e+00,3.189060171575844316e-02,2.602843843948174666e-04
1.960000000000000000e+02,1.121794233122596351e-01,3.999999999999999556e+00,3.183390269863189959e-02,2.368387989140321363e-04
1.970000000000000000e+02,1.121693131056223508e-01,4.000000000000000000e+00,3.178192092370148852e-02,1.973086339464568415e-04
1.980000000000000000e+02,1.121594168795736063e-01,4.000000000000000000e+00,3.172851597666758589e-02,1.560198812376335092e-04
1.990000000000000000e+02,1.121497276627448497e-01,4.000000000000000000e+00,3.167637107764375431e-02,1.171691094259043754e-04
2.000000000000000000e+02,1.121402357667659055e-01,4.000000000000000000e+00,3.162735188434901562e-02,9.247931236605291165e-05
2.010000000000000000e+02,1.121309291579192652e-01,4.000000000000000888e+00,3.157734068545775541e-02,7.365801419224876764e-05
2.020000000000000000e+02,1.121218018369818104e-01,4.000000000000000888e+00,3.152840121598153578e-02,6.972874799515053987e-05
2.030000000000000000e+02,1.121128463170621981e-01,3.999999999999999112e+00,3.148052878819798672e-02,8.626770980032576707e-05
2.040000000000000000e+02,1.121040552340492047e-01,4.000000000000000888e+00,3.143371837505379296e-02,1.153186822057535136e-04
2.050000000000000000e+02,1.120954210706039955e-01,3.999999999999999112e+00,3.138803872295897746e-02,1.452472019671921977e-04
2.060000000000000000e+02,1.120869361546754789e-01,4.000000000000000000e+00,3.134361418716857806e-02,1.682823528018011054e-04
2.070000000000000000e+02,1.120785928813164967e-01,4.000000000000000000e+00,3.130051678052064162e-02,1.805542422202120203e-04
2.080000000000000000e+02,1.120703839917502331e-01,3.999999999999999112e+00,3.125869492426042867e-02,1.816312084991384963e-04
2.090000000000000000e+02,1.120623024284979480e-01,4.000000000000000888e+00,3.121645846218828665e-02,1.674862071628054397e-04
2.100000000000000000e+02,1.120543423330448152e-01,3.999999999999998668e+00,3.117460744423712973e-02,1.454246918703135452e-04
2.110000000000000000e+02,1.120464991766818297e-01,4.000000000000000888e+00,3.113370476360039635e-02,1.216937771798639640e-04
2.120000000000000000e+02,1.120387682608143531e-01,4.000000000000000000e+00,3.109363629376147783e-02,9.826752735300348237e-05
2.130000000000000000e+02,1.120311448105588414e-01,4.000000000000000888e+00,3.105424534493990765e-02,7.516328037946268757e-05
2.140000000000000000e+02,1.120236242779726193e-01,4.000000000000000000e+00,3.101538724038814532e-02,5.181155696219449990e-05
2.150000000000000000e+02,1.120162025495992919e-01,4.000000000000000888e+00,3.097699755570816962e-02,2.994257806850103852e-05
2.160000000000000000e+02,1.120088759050406474e-01,4.000000000000000000e+00,3.093909666585061696e-02,2.171092153853213652e-05
2.170000000000000000e+02,1.120016408180153633e-01,4.000000000000000000e+00,3.090171831685321197e-02,3.554784853507044515e-05
2.180000000000000000e+02,1.119944938080000701e-01,4.000000000000000888e+00,3.086485368867385518e-02,5.211998466520935484e-05
2.190000000000000000e+02,1.119874314104832569e-01,4.000000000000000000e+00,3.082851595208490822e-02,6.271886938557755828e-05
2.200000000000000000e+02,1.119804506959586055e-01,4.000000000000000888e+00,3.079271077410338300e-02,6.628405947498853710e-05
2.210000000000000000e+02,1.119735489342686685e-01,4.000000000000000000e+00,3.075747038237418990e-02,6.353877793752180157e-05
2.220000000000000000e+02,1.119667235760181401e-01,3.999999999999998668e+00,3.072279474082267869e-02,5.654459234588877592e-05
2.230000000000000000e+02,1.119599721228429212e-01,3.999999999999999556e+00,3.068863418943103272e-02,4.777340386615419485e-05
2.240000000000000000e+02,1.119532920856967928e-01,4.000000000000001776e+00,3.065492809252239048e-02,3.908239953601193680e-05
2.250000000000000000e+02,1.119466810181234673e-01,4.000000000000000888e+00,3.062165046332673488e-02,3.126606699226987409e-05
2.260000000000000000e+02,1.119401365429752992e-01,3.999999999999998224e+00,3.058880925800228426e-02,2.513351383526664799e-05
2.270000000000000000e+02,1.119336563332188894e-01,3.999999999999999556e+00,3.055641290831795712e-02,2.366830142187660203e-05
2.280000000000000000e+02,1.119272380717938054e-01,4.000000000000000888e+00,3.052445806061138134e-02,2.961870242815629005e-05
2.290000000000000000e+02,1.119208794189451850e-01,4.000000000000001776e+00,3.049295302439218938e-02,4.017016812652826667e-05
2.300000000000000000e+02,1.119145777990779578e-01,4.000000000000000000e+00,3.046178810447176116e-02,5.078126686038613179e-05
2.310000000000000000e+02,1.119083309719206693e-01,4.000000000000000888e+00,3.043130286172265539e-02,6.006611808223237764e-05
2.320000000000000000e+02,1.119021364338761149e-01,3.999999999999999556e+00,3.040136773645399013e-02,6.639971258054639389e-05
2.330000000000000000e+02,1.118959915352984447e-01,4.000000000000000000e+00,3.037196123005752799e-02,6.967523945031668415e-05
2.340000000000000000e+02,1.118898936002310496e-01,3.999999999999999556e+00,3.034304802836675780e-02,7.039632010178339928e-05
2.350000000000000000e+02,1.118838399463448763e-01,4.000000000000000000e+00,3.031459788698888033e-02,6.919485294889039307e-05
2.360000000000000000e+02,1.118778278811033838e-01,4.000000000000000000e+00,3.028657623812758617e-02,6.645324741054274564e-05
2.370000000000000000e+02,1.118718547137042552e-01,3.999999999999999556e+00,3.025892920890656604e-02,6.225117874653022924e-05
2.380000000000000000e+02,1.118659178079828426e-01,4.000000000000000888e+00,3.023159360554039665e-02,5.662322501626520637e-05
2.390000000000000000e+02,1.118600146467411682e-01,4.000000000000000888e+00,3.020452398874836145e-02,4.987976601416440687e-05
2.400000000000000000e+02,1.118541428570150598e-01,3.999999999999999556e+00,3.017770307423595436e-02,4.273832988618917611e-05
2.410000000000000000e+02,1.118483001851344055e-01,4.000000000000000000e+00,3.015112574798952880e-02,3.615387585221011208e-05
2.420000000000000000e+02,1.118424844711830846e-01,4.000000000000000000e+00,3.012477945273642557e-02,3.089333892884793596e-05
2.430000000000000000e+02,1.118366936543392087e-01,3.999999999999999112e+00,3.009864991792679523e-02,2.712764782596387294e-05
2.440000000000000000e+02,1.118309257829326331e-01,3.999999999999999112e+00,3.007273205885777068e-02,2.447916212866112703e-05
2.450000000000000000e+02,1.118251790139998814e-01,3.999999999999998668e+00,3.004702800938030202e-02,2.258938346661795970e-05
2.460000000000000000e+02,1.118194515917286386e-01,3.999999999999998668e+00,3.002152751136597658e-02,2.152125996128316144e-05
2.470000000000000000e+02,1.118137418309607112e-01,4.000000000000000000e+00,2.999619332594151769e-02,2.153220831839722729e-05
2.480000000000000000e+02,1.118080481422162181e-01,4.000000000000000000e+00,2.997100917362939890e-02,2.259923780482209365e-05
2.490000000000000000e+02,1.118023690289286637e-01,4.000000000000000888e+00,2.994595827777245950e-02,2.435926872517965296e-05
2.500000000000000000e+02,1.117967030832802550e-01,4.000000000000000888e+00,2.992103467296041222e-02,2.651780508442934644e-05
2.510000000000000000e+02,1.117910489724158463e-01,3.999999999999999556e+00,2.989622905086350771e-02,2.906902792051428824e-05
2.520000000000000000e+02,1.117854054332426683e-01,4.000000000000000000e+00,2.987152750621833303e-02,3.213591392604700015e-05
2.530000000000000000e+02,1.117797712601274196e-01,3.999999999999999556e+00,2.984690394825135346e-02,3.563066104248777322e-05
2.540000000000000000e+02,1.117741456685199947e-01,3.999999999999999556e+00,2.982272328030238090e-02,3.787870880988433421e-05
2.550000000000000000e+02,1.117685275248548604e-01,4.000000000000000000e+00,2.979865734505513647e-02,3.994480767525930386e-05
2.560000000000000000e+02,1.117629153328543179e-01,4.000000000000000888e+00,2.977469348219983353e-02,4.172519142606356297e-05
2.570000000000000000e+02,1.117573076853834169e-01,4.000000000000000000e+00,2.975083090186547360e-02,4.312751914628341871e-05
2.580000000000000000e+02,1.117517032668935290e-01,4.000000000000000000e+00,2.972705788580138481e-02,4.416418005893992541e-05
2.590000000000000000e+02,1.117461008491160285e-01,4.000000000000000888e+00,2.970336715580597364e-02,4.487479675573894516e-05
2.600000000000000000e+02,1.117404992781063922e-01,4.000000000000000000e+00,2.967974495653296491e-02,4.526891782460896568e-05
2.610000000000000000e+02,1.117348974721938115e-01,4.000000000000000888e+00,2.965616738719982839e-02,4.533422074695439021e-05
2.620000000000000000e+02,1.117292944347911404e-01,4.000000000000000000e+00,2.963260191489877973e-02,4.508564803754299262e-05
2.630000000000000000e+02,1.117236892671722992e-01,4.000000000000001776e+00,2.960903299576418679e-02,4.454689658464034232e-05
2.640000000000000000e+02,1.117180813073304635e-01,4.000000000000000888e+00,2.958543236305028259e-02,4.305149328832401172e-05
2.650000000000000000e+02,1.117124699813696748e-01,3.999999999999999112e+00,2.956183656880545171e-02,4.159884876190207388e-05
2.660000000000000000e+02,1.117068546662427636e-01,4.000000000000000000e+00,2.953823701792103462e-02,4.029986433062541118e-05
2.670000000000000000e+02,1.117012347992489135e-01,3.999999999999999556e+00,2.951462945300500212e-02,3.920632131373800360e-05
2.680000000000000000e+02,1.116956098738442205e-01,4.000000000000001776e+00,2.949101560612889597e-02,3.833986063361980378e-05
2.690000000000000000e+02,1.116899794238199184e-01,4.000000000000000888e+00,2.946739443428252406e-02,3.771461956912170664e-05
2.700000000000000000e+02,1.116843430153281053e-01,4.000000000000001776e+00,2.944375996930991002e-02,3.738639001413545965e-05
2.710000000000000000e+02,1.116787002495529674e-01,3.999999999999999556e+00,2.942010113528239698e-02,3.736900169634515260e-05
2.720000000000000000e+02,1.116730507662158783e-01,4.000000000000000000e+00,2.939641169983436483e-02,3.763914453704663452e-05
2.730000000000000000e+02,1.116673945127190232e-01,4.000000000000000888e+00,2.937271942910876787e-02,3.689599642805061678e-05
2.740000000000000000e+02,1.116617318001598413e-01,4.000000000000000888e+00,2.934899908588729442e-02,3.601583585510421314e-05
2.750000000000000000e+02,1.116560623279862496e-01,4.000000000000000000e+00,2.932523065708451948e-02,3.546158721054629246e-05
2.760000000000000000e+02,1.116503846609131767e-01,4.000000000000000000e+00,2.929895695706434544e-02,3.649822980586474888e-05
2.770000000000000000e+02,1.116447018244286771e-01,3.999999999999999556e+00,2.927514046232557871e-02,3.614261550956712288e-05
2.780000000000000000e+02,1.116390133210988928e-01,4.000000000000000888e+00,2.925130925339389926e-02,3.599499735359143243e-05
2.790000000000000000e+02,1.116333186342386014e-01,4.000000000000000000e+00,2.922745915378903436e-02,3.658162906165496737e-05
2.800000000000000000e+02,1.116276172742061840e-01,4.000000000000000000e+00,2.920355775118593442e-02,3.786711221823037645e-05
2.810000000000000000e+02,1.116219087839136898e-01,3.999999999999999112e+00,2.917957704579713513e-02,3.930833393426589028e-05
2.820000000000000000e+02,1.116161927945446969e-01,3.999999999999998668e+00,2.915552403217217675e-02,4.039332545945664406e-05
2.830000000000000000e+02,1.116104689963059310e-01,3.999999999999999556e+00,2.913139457721418413e-02,4.113331839341756842e-05
2.840000000000000000e+02,1.116047365621969795e-01,3.999999999999999112e+00,2.910507903114378792e-02,5.118950899236866651e-05
2.850000000000000000e+02,1.115989955852690896e-01,4.000000000000000000e+00,2.908089375372837487e-02,5.143605645328963431e-05
2.860000000000000000e+02,1.115932484621942056e-01,3.999999999999999112e+00,2.905671392692395910e-02,5.116141382059741829e-05
2.870000000000000000e+02,1.115874945221959486e-01,4.000000000000000000e+00,2.903254357234901634e-02,5.027580111837815348e-05
2.880000000000000000e+02,1.115817331067381624e-01,3.999999999999999556e+00,2.900837860488834907e-02,4.878361471143987570e-05
2.890000000000000000e+02,1.115759635737195860e-01,4.000000000000000000e+00,2.898419870708747112e-02,4.688541580348437230e-05
2.900000000000000000e+02,1.115701853131064875e-01,3.999999999999999556e+00,2.895997324464728157e-02,4.488875389544584821e-05
2.910000000000000000e+02,1.115643977668470399e-01,3.999999999999999556e+00,2.893568180190210504e-02,4.303258995840144414e-05
2.920000000000000000e+02,1.115586004428379963e-01,4.000000000000000888e+00,2.891131202851185411e-02,4.138218992595663282e-05
2.930000000000000000e+02,1.115527929161533177e-01,3.999999999999998668e+00,2.888685041141740573e-02,3.989926520677119506e-05
2.940000000000000000e+02,1.115469731075804938e-01,4.000000000000000000e+00,2.886058725765089719e-02,3.021199303230405337e-05
2.950000000000000000e+02,1.115411415584652705e-01,4.000000000000000000e+00,2.883590045875712368e-02,2.980141262700327970e-05
2.960000000000000000e+02,1.115353003478436189e-01,4.000000000000000000e+00,2.881111330984988811e-02,3.023273821322794403e-05
2.970000000000000000e+02,1.115294491550044564e-01,4.000000000000000000e+00,2.878623684208339237e-02,3.145926079703664736e-05
2.980000000000000000e+02,1.115235877154491101e-01,3.999999999999999112e+00,2.876127655583052972e-02,3.329154740955393498e-05
2.990000000000000000e+02,1.115177158089986492e-01,3.999999999999999556e+00,2.873622924029067133e-02,3.549111267141119179e-05
3.000000000000000000e+02,1.115118332531286754e-01,3.999999999999999112e+00,2.871109356111706951e-02,3.790371356647176561e-05
3.010000000000000000e+02,1.115059323190713825e-01,3.999999999999999556e+00,2.868067057102136053e-02,1.943670056580056981e-04
3.020000000000000000e+02,1.115000136677136294e-01,4.000000000000001776e+00,2.865344142818618614e-02,1.434229659805780893e-04
3.030000000000000000e+02,1.114940866157405064e-01,4.000000000000000000e+00,2.862530784381763990e-02,6.549368465562470647e-05
3.040000000000000000e+02,1.114881567869069889e-01,4.000000000000000888e+00,2.859697278905824758e-02,5.666085660555732982e-05
3.050000000000000000e+02,1.114822213530262118e-01,3.999999999999999112e+00,2.856879959233207464e-02,1.245143486070855211e-04
3.060000000000000000e+02,1.114762817125842798e-01,3.999999999999998668e+00,2.854194660375632825e-02,1.592187084783193115e-04
3.070000000000000000e+02,1.114703354379486949e-01,3.999999999999999556e+00,2.851618550421167880e-02,1.530348303767257122e-04
3.080000000000000000e+02,1.114643822844439969e-01,4.000000000000000000e+00,2.849127073446594896e-02,1.117342788323866888e-04
3.090000000000000000e+02,1.114584235696482184e-01,4.000000000000000888e+00,2.846691335403261913e-02,5.711017672482438396e-05
3.100000000000000000e+02,1.114524593571921685e-01,4.000000000000000000e+00,2.844255842034558793e-02,5.263215681983807388e-05
3.110000000000000000e+02,1.114464866177694718e-01,4.000000000000000888e+00,2.841680614142114494e-02,8.838057963272127340e-05
3.120000000000000000e+02,1.114405027427705919e-01,4.000000000000000000e+00,2.839104404537533266e-02,1.089426335310382326e-04
3.130000000000000000e+02,1.114345066988896571e-01,4.000000000000000000e+00,2.836289963567515532e-02,9.950932083482031190e-05
3.140000000000000000e+02,1.114285001787609086e-01,4.000000000000000000e+00,2.833538928384132446e-02,6.554917915814862208e-05
3.150000000000000000e+02,1.114224854498217232e-01,4.000000000000000000e+00,2.830769184745568490e-02,3.554532845951158927e-05
3.160000000000000000e+02,1.114164647140555575e-01,4.000000000000000000e+00,2.827943518160906319e-02,4.632496491267805081e-05
3.170000000000000000e+02,1.114104388524059103e-01,4.000000000000000000e+00,2.825140529603955078e-02,7.982559460562114453e-05
3.180000000000000000e+02,1.114044071622354859e-01,4.000000000000000000e+00,2.822384562256495880e-02,9.558965798131680697e-05
3.190000000000000000e+02,1.113983690428715922e-01,4.000000000000000000e+00,2.819681239361062838e-02,8.848782227256947333e-05
3.200000000000000000e+02,1.113923245660160127e-01,4.000000000000000000e+00,2.817017890246840961e-02,6.448970721162531976e-05
3.210000000000000000e+02,1.113862739694831128e-01,4.000000000000000000e+00,2.814368716499949033e-02,4.136342934586559257e-05
3.220000000000000000e+02,1.113802169128784436e-01,4.000000000000000888e+00,2.811703166424200928e-02,4.648791670575067362e-05
3.230000000000000000e+02,1.113741524001359839e-01,4.000000000000000000e+00,2.808994628952481490e-02,6.372836111903813902e-05
3.240000000000000000e+02,1.113680795110545407e-01,4.000000000000000000e+00,2.806227447706568720e-02,7.005201366394817335e-05
3.250000000000000000e+02,1.113619981900049599e-01,3.999999999999999112e+00,2.803399244623960146e-02,6.195202955582986243e-05
3.260000000000000000e+02,1.113559093547062673e-01,4.000000000000000000e+00,2.800523022672006188e-02,4.661026453460708570e-05
3.270000000000000000e+02,1.113498142843196009e-01,3.999999999999999556e+00,2.797619534683603443e-02,4.088753532265911560e-05
3.280000000000000000e+02,1.113437139258599967e-01,3.999999999999999112e+00,2.794711029948634268e-02,5.144657333662499041e-05
3.290000000000000000e+02,1.113376087116233482e-01,3.999999999999999112e+00,2.791814832165649338e-02,6.206996829766644552e-05
3.300000000000000000e+02,1.113314987946615042e-01,4.000000000000000000e+00,2.788940752903715237e-02,6.294998927730074024e-05
3.310000000000000000e+02,1.113253844045724722e-01,4.000000000000000000e+00,2.786078060669377326e-02,5.365636171130338839e-05
3.320000000000000000e+02,1.113192663193553200e-01,4.000000000000001776e+00,2.783133313358512190e-02,4.076030296415635571e-05
3.330000000000000000e+02,1.113131526784501835e-01,3.999999999999999556e+00,2.779831014118149327e-02,4.775992853641399167e-05
3.340000000000000000e+02,1.113070489507145544e-01,4.000000000000000000e+00,2.776612242181779322e-02,6.787004866909070210e-05
3.350000000000000000e+02,1.113009548108260249e-01,3.999999999999999556e+00,2.773323012151746383e-02,7.080154342628213848e-05
3.360000000000000000e+02,1.112948731353524678e-01,3.999999999999999112e+00,2.770032621907199746e-02,5.994933929602955708e-05
3.370000000000000000e+02,1.112888055821381061e-01,3.999999999999999112e+00,2.766732388578314883e-02,4.241504822089431820e-05
3.380000000000000000e+02,1.112827536258088335e-01,4.000000000000000000e+00,2.763415399795804070e-02,3.439534176357707251e-05
3.390000000000000000e+02,1.112767181730148769e-01,4.000000000000000888e+00,2.760069442155723904e-02,4.185208252167870455e-05
3.400000000000000000e+02,1.112706998896225707e-01,4.000000000000000888e+00,2.756716584455169358e-02,4.888732420141837787e-05
3.410000000000000000e+02,1.112647017613767053e-01,3.999999999999999556e+00,2.753083354228372942e-02,4.259704895739561118e-05
3.420000000000000000e+02,1.112587325740556077e-01,4.000000000000000000e+00,2.749351747418998793e-02,4.164029464415035399e-05
3.430000000000000000e+02,1.112527947512509385e-01,3.999999999999999556e+00,2.745640398984211181e-02,5.339700724711636309e-05
3.440000000000000000e+02,1.112468895477964487e-01,4.000000000000000888e+00,2.741952613028298194e-02,6.936838308028844206e-05
3.450000000000000000e+02,1.112410174550485659e-01,4.000000000000000888e+00,2.738184534785139193e-02,8.218212599502450633e-05
3.460000000000000000e+02,1.112351768524179052e-01,4.000000000000000000e+00,2.734633791950419682e-02,8.276711223461280043e-05
3.470000000000000000e+02,1.112293686614325011e-01,3.999999999999999556e+00,2.730978188707786081e-02,7.905832646046380625e-05
3.480000000000000000e+02,1.112235942625000029e-01,3.999999999999998224e+00,2.727322627539512795e-02,7.024536710705337687e-05
3.490000000000000000e+02,1.112178537976741682e-01,4.000000000000000888e+00,2.723670408548692010e-02,5.969968603865306991e-05
3.500000000000000000e+02,1.112121471550301111e-01,4.000000000000000888e+00,2.720014143855270863e-02,5.021965433575601725e-05
3.510000000000000000e+02,1.112064736747639115e-01,4.000000000000001776e+00,2.716402566461425042e-02,4.868106476275606113e-05
3.520000000000000000e+02,1.112008318532529960e-01,3.999999999999999112e+00,2.712768971873319446e-02,3.739995658154749260e-05
3.530000000000000000e+02,1.111952224165840830e-01,4.000000000000000000e+00,2.709158847834234468e-02,2.802155692192775206e-05
3.540000000000000000e+02,1.111896448423156381e-01,4.000000000000000000e+00,2.705571776385472249e-02,2.620534932295675128e-05
3.550000000000000000e+02,1.111840983684518197e-01,4.000000000000000000e+00,2.702003808244810706e-02,3.223589992207830936e-05
3.560000000000000000e+02,1.111785820500287986e-01,4.000000000000000000e+00,2.698449104058645021e-02,3.955514198165066938e-05
3.570000000000000000e+02,1.111730948709087341e-01,4.000000000000000000e+00,2.694901606740376585e-02,4.427978045454149589e-05
3.580000000000000000e+02,1.111676358525001407e-01,3.999999999999999556e+00,2.691355657900112303e-02,4.562806091740605896e-05
3.590000000000000000e+02,1.111622041142289186e-01,4.000000000000000000e+00,2.687809815313926126e-02,4.428217607347647135e-05
3.600000000000000000e+02,1.111567980606189832e-01,4.000000000000000000e+00,2.684103105708047013e-02,3.249118794251832357e-05
3.610000000000000000e+02,1.111514188007055315e-01,3.999999999999999556e+00,2.680564087746148405e-02,3.026752282189808954e-05
3.620000000000000000e+02,1.111460653854666886e-01,3.999999999999999112e+00,2.677035648805676377e-02,2.817504781226814589e-05
3.630000000000000000e+02,1.111407368411670149e-01,3.999999999999999556e+00,2.673521412261510577e-02,2.581625850633056699e-05
3.640000000000000000e+02,1.111354321708176024e-01,4.000000000000000000e+00,2.670022989477058642e-02,2.341348291345192058e-05
3.650000000000000000e+02,1.111301503453779732e-01,4.000000000000000000e+00,2.666539510669050511e-02,2.176407924433150859e-05
3.660000000000000000e+02,1.111248905063604575e-01,4.000000000000000000e+00,2.662926827140052466e-02,2.399304303512474510e-05
3.670000000000000000e+02,1.111196558640193538e-01,3.999999999999999556e+00,2.659044192121704647e-02,3.361971390272797399e-05
3.680000000000000000e+02,1.111144507888685851e-01,4.000000000000000000e+00,2.655190422323219085e-02,3.813400470646754716e-05
3.690000000000000000e+02,1.111092780362200882e-01,4.000000000000000888e+00,2.651369175109570889e-02,3.494499293931757627e-05
3.700000000000000000e+02,1.111041397251647800e-01,4.000000000000000888e+00,2.647578110438544158e-02,2.692627694138953872e-05
3.710000000000000000e+02,1.110990373541062143e-01,3.999999999999999112e+00,2.643808452944090837e-02,2.091929998783029286e-05
3.720000000000000000e+02,1.110939718272284521e-01,4.000000000000000000e+00,2.640050413459547191e-02,2.150731700695622731e-05
3.730000000000000000e+02,1.110889433215832278e-01,4.000000000000000000e+00,2.636111331927599999e-02,2.040321558471418806e-05
3.740000000000000000e+02,1.110839537417259854e-01,4.000000000000000000e+00,2.632373827001867339e-02,2.010414519930555410e-05
3.750000000000000000e+02,1.110790031097032005e-01,4.000000000000000000e+00,2.628652760327705729e-02,1.921794114226993056e-05
3.760000000000000000e+02,1.110740910332938258e-01,4.000000000000000000e+00,2.624949897783654049e-02,1.904140522956855873e-05
3.770000000000000000e+02,1.110692168727217544e-01,3.999999999999998668e+00,2.621270348786559207e-02,2.033773948624870623e-05
3.780000000000000000e+02,1.110643797492962132e-01,3.999999999999999556e+00,2.617610882600441766e-02,2.246268518140719629e-05
3.790000000000000000e+02,1.110595786346221803e-01,4.000000000000000000e+00,2.613975174072807189e-02,2.359536744933322217e-05
3.800000000000000000e+02,1.110548122798010878e-01,4.000000000000000000e+00,2.610362635832298023e-02,2.311442933690673759e-05
3.810000000000000000e+02,1.110500793004782771e-01,3.999999999999999556e+00,2.606771178538675252e-02,2.168359793200718276e-05
3.820000000000000000e+02,1.110453782089478314e-01,4.000000000000000000e+00,2.603197449972364033e-02,2.043420791050450135e-05
3.830000000000000000e+02,1.110407074503484276e-01,4.000000000000000888e+00,2.599637784711310642e-02,1.980092801364503199e-05
3.840000000000000000e+02,1.110360654510655770e-01,4.000000000000000000e+00,2.596089676299509832e-02,1.928240327795008568e-05
3.850000000000000000e+02,1.110314493399055802e-01,4.000000000000000000e+00,2.592753993000449300e-02,2.041104863102766984e-05
3.860000000000000000e+02,1.110268556354364472e-01,4.000000000000000000e+00,2.589213786611791607e-02,1.735564961207013886e-05
3.870000000000000000e+02,1.110222841765671209e-01,4.000000000000000000e+00,2.585678456393254721e-02,1.684806640279852801e-05
3.880000000000000000e+02,1.110177339794497647e-01,3.999999999999999556e+00,2.582166289979628132e-02,1.960058623563159789e-05
3.890000000000000000e+02,1.110132038604718097e-01,3.999999999999999112e+00,2.578654771287201136e-02,2.193307021427402264e-05
3.900000000000000000e+02,1.110086930164360802e-01,4.000000000000000000e+00,2.575137667436721775e-02,2.139093512439298303e-05
3.910000000000000000e+02,1.110042006832701322e-01,4.000000000000000888e+00,2.571626821152823983e-02,1.819336029394532690e-05
3.920000000000000000e+02,1.109997260508292782e-01,3.999999999999999556e+00,2.568128311021505850e-02,1.513421254819790001e-05
3.930000000000000000e+02,1.109952682382427391e-01,3.999999999999999556e+00,2.564645016311141792e-02,1.465498443417306191e-05
3.940000000000000000e+02,1.109908262448747879e-01,4.000000000000000888e+00,2.561159743317212301e-02,1.569277342258675948e-05
3.950000000000000000e+02,1.109863991614210565e-01,3.999999999999999556e+00,2.557661443501126411e-02,1.601041273103751231e-05
3.960000000000000000e+02,1.109819863020215513e-01,3.999999999999999112e+00,2.554161413060363622e-02,1.570785319935063453e-05
3.970000000000000000e+02,1.109775870510687212e-01,4.000000000000000000e+00,2.550672312220350624e-02,1.619965228637180259e-05
3.980000000000000000e+02,1.109732007099375334e-01,4.000000000000001776e+00,2.547189185847155424e-02,1.773914689788714535e-05
3.990000000000000000e+02,1.109688265649516059e-01,4.000000000000000000e+00,2.543708974759474953e-02,1.880326295408610355e-05
4.000000000000000000e+02,1.109644639478952755e-01,4.000000000000000888e+00,2.540240238056409861e-02,1.830708105969652158e-05
4.010000000000000000e+02,1.109601006669116430e-01,4.000000000000000888e+00,2.539995180731648497e-02,1.855270700496568855e-04
4.020000000000000000e+02,1.109557206655355371e-01,4.000000000000001776e+00,2.536300633952933564e-02,1.165684797278143707e-04
4.030000000000000000e+02,1.109513370069266508e-01,3.999999999999999556e+00,2.532479536209601007e-02,1.722672597448171288e-05
4.040000000000000000e+02,1.109469580583873488e-01,4.000000000000000888e+00,2.528675454655864019e-02,9.623778708240248879e-05
4.050000000000000000e+02,1.109425831181589522e-01,3.999999999999999556e+00,2.525007514420803123e-02,1.546871672582838338e-04
4.060000000000000000e+02,1.109382085891105207e-01,4.000000000000000000e+00,2.521522819119642600e-02,1.521378253336460955e-04
4.070000000000000000e+02,1.109338352378659021e-01,4.000000000000000888e+00,2.518197105980600828e-02,9.541130012094972419e-05
4.080000000000000000e+02,1.109294667896480319e-01,3.999999999999998668e+00,2.514955453107368261e-02,1.702098501810601108e-05
4.090000000000000000e+02,1.109251036750509567e-01,4.000000000000000000e+00,2.511694881684460937e-02,6.995690771833581849e-05
4.100000000000000000e+02,1.109207417516584193e-01,4.000000000000000000e+00,2.508322731717784956e-02,1.116898067445929984e-04
4.110000000000000000e+02,1.109163776036720950e-01,3.999999999999999556e+00,2.504798775157376922e-02,1.058407378563607442e-04
4.120000000000000000e+02,1.109120121255988828e-01,3.999999999999998224e+00,2.501298814446757321e-02,6.940598436551357047e-05
4.130000000000000000e+02,1.109076495444179938e-01,4.000000000000000000e+00,2.497582134814413032e-02,1.394036751904956836e-05
4.140000000000000000e+02,1.109032936958945226e-01,3.999999999999999556e+00,2.493880492116947248e-02,6.814106720625975997e-05
4.150000000000000000e+02,1.108989443898931587e-01,4.000000000000000000e+00,2.490265355528781255e-02,1.022768834359642429e-04
4.160000000000000000e+02,1.108946003126960317e-01,4.000000000000000888e+00,2.486772044522985933e-02,9.673986765908354783e-05
4.170000000000000000e+02,1.108902617442983629e-01,4.000000000000000000e+00,2.483382674507888729e-02,5.758479241197996901e-05
4.180000000000000000e+02,1.108859296498986846e-01,4.000000000000000888e+00,2.480248870215990067e-02,1.607954771821936083e-05
4.190000000000000000e+02,1.108816016352170419e-01,4.000000000000000000e+00,2.476864871501364973e-02,5.537202579530446167e-05
4.200000000000000000e+02,1.108772756977711854e-01,4.000000000000000000e+00,2.473403831151434890e-02,7.275269203113489522e-05
4.210000000000000000e+02,1.108729510707776172e-01,3.999999999999999112e+00,2.469839599599696345e-02,5.909315965978602093e-05
4.220000000000000000e+02,1.108686294797179839e-01,3.999999999999998668e+00,2.466203088470955013e-02,2.455085811522076777e-05
4.230000000000000000e+02,1.108643133790375157e-01,4.000000000000000888e+00,2.462544929551188644e-02,2.510356065501220297e-05
4.240000000000000000e+02,1.108600040185528102e-01,4.000000000000000000e+00,2.458920497425213028e-02,5.525614674726328122e-05
4.250000000000000000e+02,1.108557013528922580e-01,3.999999999999999556e+00,2.455363934048913205e-02,6.477525687996367324e-05
4.260000000000000000e+02,1.108514052550144124e-01,4.000000000000000000e+00,2.451877506976080090e-02,5.088862643931856824e-05
4.270000000000000000e+02,1.108471160040760406e-01,3.999999999999999112e+00,2.448438668125938605e-02,2.257748159044019261e-05
4.280000000000000000e+02,1.108428335833776951e-01,4.000000000000000000e+00,2.445009676222543310e-02,1.837083275812991534e-05
4.290000000000000000e+02,1.108385572102036226e-01,4.000000000000000000e+00,2.441550026152302169e-02,3.860424618952282028e-05
4.300000000000000000e+02,1.108342860351223119e-01,4.000000000000000888e+00,2.438034420909000397e-02,4.296974701781711934e-05
4.310000000000000000e+02,1.108300201385046257e-01,3.999999999999999556e+00,2.434461108566731910e-02,2.998644718176618926e-05
4.320000000000000000e+02,1.108257605676498114e-01,4.000000000000000000e+00,2.430854770654402447e-02,1.196996539480727597e-05
4.330000000000000000e+02,1.108215084268401041e-01,3.999999999999999556e+00,2.427249202738721023e-02,2.504807598828171519e-05
4.340000000000000000e+02,1.108172642251119416e-01,3.999999999999999112e+00,2.423673318741122878e-02,3.925878600459497685e-05
4.350000000000000000e+02,1.108130280264805756e-01,4.000000000000000888e+00,2.420144086817573384e-02,3.973350584513583264e-05
4.360000000000000000e+02,1.108087858762841771e-01,4.000000000000000000e+00,2.422152676910096364e-02,1.688270148127668459e-04
4.370000000000000000e+02,1.108044838170901963e-01,4.000000000000000888e+00,2.418399601771727483e-02,1.121626162519744459e-04
4.380000000000000000e+02,1.108001478712911103e-01,4.000000000000000000e+00,2.414492393637365439e-02,1.888459021794438412e-05
4.390000000000000000e+02,1.107957912444303000e-01,4.000000000000000000e+00,2.410568803132188964e-02,8.249262688407143617e-05
4.400000000000000000e+02,1.107914187334460981e-01,3.999999999999999556e+00,2.406745297329287298e-02,1.378665197091941076e-04
4.410000000000000000e+02,1.107870317779609814e-01,3.999999999999999556e+00,2.403089824909636699e-02,1.351071397571223306e-04
4.420000000000000000e+02,1.107826352332946795e-01,4.000000000000000000e+00,2.399575237465723446e-02,8.196878105699502589e-05
4.430000000000000000e+02,1.107782359688273544e-01,4.000000000000000888e+00,2.396130671647674418e-02,1.282645561030028467e-05
4.440000000000000000e+02,1.107738373979611224e-01,3.999999999999999556e+00,2.392652497601126943e-02,6.857570575124691259e-05
4.450000000000000000e+02,1.107694387619573700e-01,4.000000000000001776e+00,2.389062231298752156e-02,1.023553112468528811e-04
4.460000000000000000e+02,1.107650400932925633e-01,4.000000000000000000e+00,2.385334504351172349e-02,9.077368862024771761e-05
4.470000000000000000e+02,1.107606456383703475e-01,4.000000000000000888e+00,2.381486345423259807e-02,4.291923496484222013e-05
4.480000000000000000e+02,1.107562616386335436e-01,4.000000000000000888e+00,2.377590097890169493e-02,2.421647630761591732e-05
4.490000000000000000e+02,1.107518918592667045e-01,3.999999999999999112e+00,2.373742604141408641e-02,7.179775244663248485e-05
4.500000000000000000e+02,1.107475370361831052e-01,4.000000000000000000e+00,2.370005138778683712e-02,8.946512996051591193e-05
4.510000000000000000e+02,1.107431976251124356e-01,4.000000000000000000e+00,2.366389295374994942e-02,7.160322832826974211e-05
4.520000000000000000e+02,1.107388751558129880e-01,4.000000000000000000e+00,2.362861186951226503e-02,2.962209527148032274e-05
4.530000000000000000e+02,1.107345713907490203e-01,4.000000000000000000e+00,2.359149147190209295e-02,2.487800991147530463e-05
4.540000000000000000e+02,1.107302882445941744e-01,4.000000000000000000e+00,2.355266353796752268e-02,5.545986726546126114e-05
4.550000000000000000e+02,1.107260272606675200e-01,4.000000000000000888e+00,2.351367672733914102e-02,6.312058039297935568e-05
4.560000000000000000e+02,1.107217904319812707e-01,4.000000000000000000e+00,2.347514196578230627e-02,4.257822255012517695e-05
4.570000000000000000e+02,1.107175802261468472e-01,3.999999999999999556e+00,2.343574918818913319e-02,1.270033960530982154e-05
4.580000000000000000e+02,1.107133992226083663e-01,4.000000000000000888e+00,2.339563439922606389e-02,3.459411209477399556e-05
4.590000000000000000e+02,1.107092492668850792e-01,4.000000000000000888e+00,2.335711455895995298e-02,5.496576704983602155e-05
4.600000000000000000e+02,1.107051302605926435e-01,4.000000000000000000e+00,2.332032614550837504e-02,5.303184983024380225e-05
4.610000000000000000e+02,1.107010414389465597e-01,3.999999999999999112e+00,2.328350028116252246e-02,3.219561613118413721e-05
4.620000000000000000e+02,1.106969828342730111e-01,4.000000000000000000e+00,2.324700602884199885e-02,1.138276362638113145e-05
4.630000000000000000e+02,1.106929538227927057e-01,3.999999999999999112e+00,2.321156310088041269e-02,2.742957972195098036e-05
4.640000000000000000e+02,1.106889524029650851e-01,3.999999999999999556e+00,2.317596717333349210e-02,3.889612575793135964e-05
4.650000000000000000e+02,1.106849768549191260e-01,4.000000000000000888e+00,2.314126854372523107e-02,3.344232493765447029e-05
4.660000000000000000e+02,1.106810255077631394e-01,4.000000000000000000e+00,2.310487394296133895e-02,1.701206692790256032e-05
4.670000000000000000e+02,1.106770987887060326e-01,3.999999999999999112e+00,2.306908840008759301e-02,1.530728054267168177e-05
4.680000000000000000e+02,1.106731958737230959e-01,3.999999999999999112e+00,2.303334348628975625e-02,3.099037704877793492e-05
4.690000000000000000e+02,1.106693157219411916e-01,3.999999999999999556e+00,2.299779097148797052e-02,3.584971108151990105e-05
4.700000000000000000e+02,1.106654574993122808e-01,4.000000000000000000e+00,2.296340030636322138e-02,2.747191102207760928e-05
4.710000000000000000e+02,1.106616198739266282e-01,4.000000000000000000e+00,2.292974702589701402e-02,1.326007282768894452e-05
4.720000000000000000e+02,1.106578011150366470e-01,4.000000000000000888e+00,2.289577284976359456e-02,1.488854975816853766e-05
4.730000000000000000e+02,1.106539998160626093e-01,4.000000000000000000e+00,2.286170419730340977e-02,2.469003154491220282e-05
4.740000000000000000e+02,1.106502147218680343e-01,3.999999999999999112e+00,2.282796558949561419e-02,2.490370897987337034e-05
4.750000000000000000e+02,1.106464446246828714e-01,4.000000000000000888e+00,2.279396732178736590e-02,1.755098703330798123e-05
4.760000000000000000e+02,1.106426888198754899e-01,3.999999999999999112e+00,2.275953704326725766e-02,1.312733487539398389e-05
4.770000000000000000e+02,1.106389470267291480e-01,4.000000000000000000e+00,2.272553175713477522e-02,2.006078057885428431e-05
4.780000000000000000e+02,1.106352185366941410e-01,4.000000000000000000e+00,2.269216831344579230e-02,2.450877105584310569e-05
4.790000000000000000e+02,1.106315022694607103e-01,4.000000000000000888e+00,2.265887915549819401e-02,2.148279751475572750e-05
4.800000000000000000e+02,1.106277974352215809e-01,4.000000000000000000e+00,2.262569669303724634e-02,1.324693803910085260e-05
4.810000000000000000e+02,1.106241031106671158e-01,3.999999999999999112e+00,2.259545190610257395e-02,1.451566363987408349e-05
4.820000000000000000e+02,1.106204159600365500e-01,4.000000000000000888e+00,2.256259898757182608e-02,1.818529767601287047e-05
4.830000000000000000e+02,1.106167360096051711e-01,3.999999999999999556e+00,2.252925707448976897e-02,1.451378296529915742e-05
4.840000000000000000e+02,1.106130633588830597e-01,4.000000000000000888e+00,2.249587711195187231e-02,8.191024897040500891e-06
4.850000000000000000e+02,1.106093981595158149e-01,3.999999999999999112e+00,2.246277189098702318e-02,1.140755849375055584e-05
4.860000000000000000e+02,1.106057402781619459e-01,4.000000000000000000e+00,2.242969652388304702e-02,1.758534786458858031e-05
4.870000000000000000e+02,1.106020895925321074e-01,3.999999999999999112e+00,2.239672830777223247e-02,1.841893822246588327e-05
4.880000000000000000e+02,1.105984460374944411e-01,4.000000000000000888e+00,2.236421158784334534e-02,1.357329686063646581e-05
4.890000000000000000e+02,1.105948093207058253e-01,4.000000000000000888e+00,2.233192534263832643e-02,7.849510905775121587e-06
4.900000000000000000e+02,1.105911790435486208e-01,4.000000000000000888e+00,2.229946423864762398e-02,9.399993629968385103e-06
4.910000000000000000e+02,1.105875550027584642e-01,4.000000000000000000e+00,2.226693965730540403e-02,1.256240676607419032e-05
4.920000000000000000e+02,1.105839371004717631e-01,3.999999999999998668e+00,2.223447918729211034e-02,1.180995094877863668e-05
4.930000000000000000e+02,1.105803252727083075e-01,4.000000000000000000e+00,2.220185814669047367e-02,9.489902400629486722e-06
4.940000000000000000e+02,1.105767196460484547e-01,4.000000000000000888e+00,2.216906927299609059e-02,1.104442398507302584e-05
4.950000000000000000e+02,1.105731204814777158e-01,4.000000000000000000e+00,2.213655419292862372e-02,1.412918620892777818e-05
4.960000000000000000e+02,1.105695275951723983e-01,3.999999999999999112e+00,2.210590196284440562e-02,9.971848157760375612e-06
4.970000000000000000e+02,1.105659402696621274e-01,3.999999999999999556e+00,2.207354116029851612e-02,1.002659563351639999e-05
4.980000000000000000e+02,1.105623587898132421e-01,4.000000000000000888e+00,2.204124449150087275e-02,1.016788814248171956e-05
4.990000000000000000e+02,1.105587833033234990e-01,4.000000000000000000e+00,2.200916584743487295e-02,9.714193821281643138e-06
5.000000000000000000e+02,1.105552138219824676e-01,3.999999999999999112e+00,2.197713138216804765e-02,8.933788748078407477e-06
5.010000000000000000e+02,1.105516503791808131e-01,4.000000000000000888e+00,2.194507363926970211e-02,8.179421930330373048e-06
5.020000000000000000e+02,1.105480930792887007e-01,4.000000000000000888e+00,2.191315141435319289e-02,7.597960208632844153e-06
5.030000000000000000e+02,1.105445416709776307e-01,3.999999999999999112e+00,2.188428285436192985e-02,1.222646272192232352e-05
5.040000000000000000e+02,1.105409940445849087e-01,4.000000000000000888e+00,2.185223250360285654e-02,8.944100742045100260e-06
5.050000000000000000e+02,1.105374511154045836e-01,4.000000000000000000e+00,2.182010934309366879e-02,7.615455554315771024e-06
5.060000000000000000e+02,1.105339134178506127e-01,4.000000000000000000e+00,2.178811916321584871e-02,1.151064927244700594e-05
5.070000000000000000e+02,1.105303813196477081e-01,4.000000000000000000e+00,2.175626771333396409e-02,1.415883278895838454e-05
5.080000000000000000e+02,1.105268550952142464e-01,3.999999999999999556e+00,2.172454802891086653e-02,1.300523696331068486e-05
5.090000000000000000e+02,1.105233349847372371e-01,4.000000000000000000e+00,2.169305408350186148e-02,9.378351162307198884e-06
5.100000000000000000e+02,1.105198210995695374e-01,4.000000000000000000e+00,2.166169130806580925e-02,7.583782785997743662e-06
5.110000000000000000e+02,1.105163134689623738e-01,4.000000000000000000e+00,2.163026743303162955e-02,9.156000089129433294e-06
5.120000000000000000e+02,1.105128121961291843e-01,3.999999999999999112e+00,2.159879153019127890e-02,9.879788411942209210e-06
5.130000000000000000e+02,1.105093174631726766e-01,4.000000000000000000e+00,2.156733541711606389e-02,8.764136204795026092e-06
5.140000000000000000e+02,1.105058294699100274e-01,4.000000000000000000e+00,2.153586801556599262e-02,8.471790103178970574e-06
5.150000000000000000e+02,1.105023484414073554e-01,4.000000000000000888e+00,2.150447578831940140e-02,1.001909648368764038e-05
5.160000000000000000e+02,1.104988745589323418e-01,3.999999999999999556e+00,2.147321608233463547e-02,1.149002147342464003e-05
5.170000000000000000e+02,1.104954079362071018e-01,4.000000000000000000e+00,2.144214763325060988e-02,1.093641925005961944e-05
5.180000000000000000e+02,1.104919485986754213e-01,4.000000000000000000e+00,2.141117948543113172e-02,9.059681538799416566e-06
5.190000000000000000e+02,1.104884965688010395e-01,4.000000000000001776e+00,2.138025526745356009e-02,7.948686545845667128e-06
5.200000000000000000e+02,1.104850518698418382e-01,4.000000000000000000e+00,2.134941855745183664e-02,8.163553634787148791e-06
5.210000000000000000e+02,1.104816144888747798e-01,4.000000000000000000e+00,2.131857421441795200e-02,8.325042334862817786e-06
5.220000000000000000e+02,1.104781844700425120e-01,4.000000000000000000e+00,2.128771037537246363e-02,7.854917393582495084e-06
5.230000000000000000e+02,1.104747619232319400e-01,3.999999999999999556e+00,2.125691798679412228e-02,7.750321823832955479e-06
5.240000000000000000e+02,1.104713469348676813e-01,4.000000000000000888e+00,2.122622040992750217e-02,8.606759478580874108e-06
5.250000000000000000e+02,1.104679395546738357e-01,3.999999999999999112e+00,2.119560886262880986e-02,9.385177443447499329e-06
5.260000000000000000e+02,1.104645398176398313e-01,3.999999999999998224e+00,2.116514019641509495e-02,9.143407160930934230e-06
5.270000000000000000e+02,1.104611477106300088e-01,4.000000000000000888e+00,2.113482635953283992e-02,8.146182962519398760e-06
5.280000000000000000e+02,1.104577631663317683e-01,4.000000000000000000e+00,2.110458907846941498e-02,7.473264228152905040e-06
5.290000000000000000e+02,1.104543861207380739e-01,4.000000000000000000e+00,2.107439361830654168e-02,7.510246557040326297e-06
5.300000000000000000e+02,1.104510165313158376e-01,4.000000000000000000e+00,2.104439140785488785e-02,7.690941497233173344e-06
5.310000000000000000e+02,1.104476542696464780e-01,3.999999999999999112e+00,2.101429050848512003e-02,7.534188771616533085e-06
5.320000000000000000e+02,1.104442993570493164e-01,4.000000000000000888e+00,2.098421656947295488e-02,7.734640181237479651e-06
5.330000000000000000e+02,1.104409518314979771e-01,3.999999999999999556e+00,2.095423636807693807e-02,8.402665820735800718e-06
5.340000000000000000e+02,1.104376117050275413e-01,4.000000000000000888e+00,2.092438472417478337e-02,8.839925417764000039e-06
5.350000000000000000e+02,1.104342789475957209e-01,4.000000000000000000e+00,2.089463737393101872e-02,8.613432903179983502e-06
5.360000000000000000e+02,1.104309535154109068e-01,4.000000000000000000e+00,2.086499465567875564e-02,7.963955610488023136e-06
5.370000000000000000e+02,1.104276353496090601e-01,3.999999999999999556e+00,2.083545707611617059e-02,7.464532176645333330e-06
5.380000000000000000e+02,1.104243243715531675e-01,3.999999999999999556e+00,2.080597646647416865e-02,7.359101909597973520e-06
5.390000000000000000e+02,1.104210205187430988e-01,4.000000000000000000e+00,2.077652421429166188e-02,7.376177056476189627e-06
5.400000000000000000e+02,1.104177237641484899e-01,3.999999999999999556e+00,2.074712829559701571e-02,7.362866584510275693e-06
5.410000000000000000e+02,1.104144340913492534e-01,3.999999999999999556e+00,2.071779955340815119e-02,7.526863967404451601e-06
5.420000000000000000e+02,1.104111514843816172e-01,3.999999999999999556e+00,2.068853542701912240e-02,7.893462343847681124e-06
5.430000000000000000e+02,1.104078759300117091e-01,4.000000000000000000e+00,2.065937646055546889e-02,8.083460925907774749e-06
5.440000000000000000e+02,1.104046073926016752e-01,4.000000000000000000e+00,2.063032488367383399e-02,7.896950674590721153e-06
5.450000000000000000e+02,1.104013458169789963e-01,4.000000000000000888e+00,2.060136073400769055e-02,7.508200395696951642e-06
5.460000000000000000e+02,1.103980911429395251e-01,4.000000000000000000e+00,2.057246744789057585e-02,7.219838809051117972e-06
5.470000000000000000e+02,1.103948433154302300e-01,3.999999999999999112e+00,2.054364668766192614e-02,7.103651169079007486e-06
5.480000000000000000e+02,1.103916022807643615e-01,4.000000000000000000e+00,2.051487956540979860e-02,7.087001841008274963e-06
5.490000000000000000e+02,1.103883679999647649e-01,3.999999999999999556e+00,2.048615556312612801e-02,7.157695694637247385e-06
5.500000000000000000e+02,1.103851404545020121e-01,4.000000000000000888e+00,2.045749902498920567e-02,7.329810646374331363e-06
5.510000000000000000e+02,1.103819196259931967e-01,3.999999999999999556e+00,2.042892534620746950e-02,7.532142546996347304e-06
5.520000000000000000e+02,1.103787052454436729e-01,4.000000000000000000e+00,2.040356928349458879e-02,1.007985869170726236e-05
5.530000000000000000e+02,1.103754951235128290e-01,3.999999999999999112e+00,2.037498440656862822e-02,7.508632422441615524e-06
5.540000000000000000e+02,1.103722898176071332e-01,4.000000000000001776e+00,2.034640048206002791e-02,7.775472169258304897e-06
5.550000000000000000e+02,1.103690896960425605e-01,3.999999999999999556e+00,2.031786242021799138e-02,1.088529465258082433e-05
5.560000000000000000e+02,1.103658950711069731e-01,4.000000000000001776e+00,2.028946118377113542e-02,1.202484351339881893e-05
5.570000000000000000e+02,1.103627061727551484e-01,4.000000000000000000e+00,2.026124351550178185e-02,1.016864067159591921e-05
5.580000000000000000e+02,1.103595231509482133e-01,3.999999999999999556e+00,2.023316225748370001e-02,7.390299147795937985e-06
5.590000000000000000e+02,1.103563460920051476e-01,4.000000000000000888e+00,2.020513734947575191e-02,7.020122342386044448e-06
5.600000000000000000e+02,1.103531750583057608e-01,3.999999999999998668e+00,2.017710989283831233e-02,7.918541532121607638e-06
5.610000000000000000e+02,1.103500101392980715e-01,4.000000000000000000e+00,2.014905379808335645e-02,7.492244202461443290e-06
5.620000000000000000e+02,1.103468514796677596e-01,3.999999999999998224e+00,2.012098241614593969e-02,6.569635663501961936e-06
5.630000000000000000e+02,1.103436992568052472e-01,4.000000000000000000e+00,2.009295400598324829e-02,7.452618939560888068e-06
5.640000000000000000e+02,1.103405536248180246e-01,4.000000000000000000e+00,2.006503497882540510e-02,9.101339888448837107e-06
5.650000000000000000e+02,1.103374146790448151e-01,3.999999999999999112e+00,2.003725840056059387e-02,9.409990151032975061e-06
5.660000000000000000e+02,1.103342824583593285e-01,3.999999999999999556e+00,2.000962340285102753e-02,8.182203642941253996e-06
5.670000000000000000e+02,1.103311569552214155e-01,4.000000000000000000e+00,1.998210164229070537e-02,6.822659825090162610e-06
5.680000000000000000e+02,1.103280381272038480e-01,4.000000000000000000e+00,1.995464172504005443e-02,6.638242445432741454e-06
5.690000000000000000e+02,1.103249259276096461e-01,4.000000000000000000e+00,1.992720041939943787e-02,6.851467841087580755e-06
5.700000000000000000e+02,1.103218203389589452e-01,3.999999999999999556e+00,1.989976987323722676e-02,6.587183891937631929e-06
5.710000000000000000e+02,1.103186270334850921e-01,4.000000000000000000e+00,2.027716960127556520e-02,3.673280311659486968e-03
5.720000000000000000e+02,1.103127158865028351e-01,3.999999999999999112e+00,2.020725321682726588e-02,2.208309518263086840e-03
5.730000000000000000e+02,1.103072677188291495e-01,3.999999999999999556e+00,2.013798193710198553e-02,1.852428141991823720e-04
5.740000000000000000e+02,1.103038848139111378e-01,4.000000000000000888e+00,2.010380698615140543e-02,1.695750157733295384e-03
5.750000000000000000e+02,1.103007854036714003e-01,3.999999999999999112e+00,2.003771143140742686e-02,2.888497681889941934e-03
5.760000000000000000e+02,1.102959671860121171e-01,3.999999999999999556e+00,2.000378759739411538e-02,2.822633165131852809e-03
5.770000000000000000e+02,1.102897384852982721e-01,3.999999999999999112e+00,1.999241789826401022e-02,1.638340167452639927e-03
5.780000000000000000e+02,1.102840946259537047e-01,4.000000000000001776e+00,1.999215821863167819e-02,7.369556182775085845e-05
5.790000000000000000e+02,1.102797358626507324e-01,4.000000000000000888e+00,1.998891298428578933e-02,1.581444317939319395e-03
5.800000000000000000e+02,1.102753896803949224e-01,4.000000000000000000e+00,1.996456269609521092e-02,2.299779402837130466e-03
5.810000000000000000e+02,1.102699432454430084e-01,3.999999999999998668e+00,1.991528632888551337e-02,2.023466998283307387e-03
5.820000000000000000e+02,1.102639716150299876e-01,4.000000000000000000e+00,1.984351367594931401e-02,9.433600986502287946e-04
5.830000000000000000e+02,1.102586871881883201e-01,3.999999999999999556e+00,1.976580164378412274e-02,4.185526745393441808e-04
5.840000000000000000e+02,1.102539838614410017e-01,4.000000000000000888e+00,1.973266113787049830e-02,1.277926829570581692e-03
5.850000000000000000e+02,1.102492680494266686e-01,4.000000000000000000e+00,1.967888651552536505e-02,1.725331645178829719e-03
5.860000000000000000e+02,1.102439738745286113e-01,3.999999999999999112e+00,1.969472988954885234e-02,1.242379698786421141e-03
5.870000000000000000e+02,1.102386065671256965e-01,4.000000000000000888e+00,1.967122694773764877e-02,4.844572992757628497e-04
5.880000000000000000e+02,1.102336299263713265e-01,3.999999999999999112e+00,1.965128047455895824e-02,3.896611247449237227e-04
5.890000000000000000e+02,1.102289707099309152e-01,3.999999999999999556e+00,1.962765660510646173e-02,1.022584228336627810e-03
5.900000000000000000e+02,1.102242248424508408e-01,4.000000000000000888e+00,1.959285753507930203e-02,1.171685039525991855e-03
5.910000000000000000e+02,1.102192815826903149e-01,3.999999999999999556e+00,1.954328080601546239e-02,8.146429622760490699e-04
5.920000000000000000e+02,1.102144342656528470e-01,3.999999999999999112e+00,1.948922057350649037e-02,1.660532218263485672e-04
5.930000000000000000e+02,1.102099033040522813e-01,4.000000000000000888e+00,1.943751265943978804e-02,4.910603075880417114e-04
5.940000000000000000e+02,1.102055676068661727e-01,3.999999999999999112e+00,1.938959637420495027e-02,8.959554859514650858e-04
5.950000000000000000e+02,1.102011937721259771e-01,4.000000000000000888e+00,1.935222230852567601e-02,8.990060190995443658e-04
5.960000000000000000e+02,1.101967873174240775e-01,3.999999999999999556e+00,1.932421566688816497e-02,5.380414183906435900e-04
5.970000000000000000e+02,1.101925381693787676e-01,4.000000000000000888e+00,1.930138839229085870e-02,1.328935631713120203e-05
5.980000000000000000e+02,1.101885141465838575e-01,4.000000000000000000e+00,1.927771819471699177e-02,4.866117938971178795e-04
5.990000000000000000e+02,1.101845797490859369e-01,4.000000000000000000e+00,1.924860512161354065e-02,7.172999092717517690e-04
6.000000000000000000e+02,1.101806143192899934e-01,4.000000000000000888e+00,1.921238584363440388e-02,6.265769815220520022e-04
6.010000000000000000e+02,1.101766651274978109e-01,3.999999999999999112e+00,1.917342031197947008e-02,2.942707207913476826e-04
6.020000000000000000e+02,1.101728546399754899e-01,3.999999999999999556e+00,1.913052875886711579e-02,1.403312935334271065e-04
6.030000000000000000e+02,1.101691864199564885e-01,3.999999999999998668e+00,1.914940394479242719e-02,2.827307307943968651e-04
6.040000000000000000e+02,1.101654724935746538e-01,4.000000000000000000e+00,1.911243764379550597e-02,4.723485256372127769e-04
6.050000000000000000e+02,1.101617623087596531e-01,4.000000000000000000e+00,1.908295058542460940e-02,4.411204439852217749e-04
6.060000000000000000e+02,1.101580687296997985e-01,4.000000000000000000e+00,1.905570327689140586e-02,2.417713158622983663e-04
6.070000000000000000e+02,1.101544406682318511e-01,3.999999999999999112e+00,1.903023003225813234e-02,3.595026050838513385e-05
6.080000000000000000e+02,1.101508876509613849e-01,4.000000000000000000e+00,1.900399580741345823e-02,2.658262937040130813e-04
6.090000000000000000e+02,1.101473711595208627e-01,4.000000000000000000e+00,1.897486939122980040e-02,3.611048944107011051e-04
6.100000000000000000e+02,1.101438654784248211e-01,3.999999999999999112e+00,1.894227007592242523e-02,2.942167067201482532e-04
6.110000000000000000e+02,1.101403902862602563e-01,4.000000000000000000e+00,1.890744492470383328e-02,1.098494731295079549e-04
6.120000000000000000e+02,1.101369729794398483e-01,3.999999999999999556e+00,1.887601334691987529e-02,9.595219479107201766e-05
6.130000000000000000e+02,1.101336075660238195e-01,4.000000000000001776e+00,1.884233158135193917e-02,2.515508997950865458e-04
6.140000000000000000e+02,1.101302733214934160e-01,4.000000000000000888e+00,1.881178222876649098e-02,2.886618750553457359e-04
6.150000000000000000e+02,1.101269617634885456e-01,3.999999999999999556e+00,1.878407940101935181e-02,2.039927301864237301e-04
6.160000000000000000e+02,1.101236873309085623e-01,3.999999999999999112e+00,1.875829931602240527e-02,4.490748634106257818e-05
6.170000000000000000e+02,1.101204598318747119e-01,3.999999999999999112e+00,1.873281397851568955e-02,1.167148724929624481e-04
6.180000000000000000e+02,1.101172679976239188e-01,4.000000000000000000e+00,1.870609955759629586e-02,2.106070879848252341e-04
6.190000000000000000e+02,1.101140962466449352e-01,4.000000000000000000e+00,1.867742538029738483e-02,2.052580977749628686e-04
6.200000000000000000e+02,1.101109453462190274e-01,4.000000000000000000e+00,1.864709133988969036e-02,1.127473814333169755e-04
6.210000000000000000e+02,1.101078270457644254e-01,4.000000000000000000e+00,1.861617266622364597e-02,2.142320716777151867e-05
6.220000000000000000e+02,1.101047448543948371e-01,4.000000000000000000e+00,1.858594843938320487e-02,1.322885931982723407e-04
6.230000000000000000e+02,1.101016903576830519e-01,4.000000000000000000e+00,1.855741419950824797e-02,1.789323730765586876e-04
6.240000000000000000e+02,1.100986567679835965e-01,4.000000000000000000e+00,1.853082684440808883e-02,1.467784853029247417e-04
6.250000000000000000e+02,1.100956468823014595e-01,4.000000000000000888e+00,1.850569207562230076e-02,5.721647744637463405e-05
6.260000000000000000e+02,1.100926650931853545e-01,4.000000000000000888e+00,1.848107078136109263e-02,4.740272474213807265e-05
6.270000000000000000e+02,1.100897071283403750e-01,3.999999999999999112e+00,1.845885780591948258e-02,1.298477285114171180e-04
6.280000000000000000e+02,1.100867643479150337e-01,4.000000000000000000e+00,1.843255931029844433e-02,1.390985868794653967e-04
6.290000000000000000e+02,1.100838358133316291e-01,4.000000000000001776e+00,1.840512863181634207e-02,8.751299119934494446e-05
6.300000000000000000e+02,1.100809262704898484e-01,3.999999999999999112e+00,1.837718377363214972e-02,7.434383481978563643e-06
6.310000000000000000e+02,1.100780382646507072e-01,4.000000000000000000e+00,1.834966430893660017e-02,7.547537329532229787e-05
6.320000000000000000e+02,1.100751687897358055e-01,4.000000000000000000e+00,1.832303439888435803e-02,1.147630535109306978e-04
6.330000000000000000e+02,1.100723142765017704e-01,4.000000000000000888e+00,1.829767080230308013e-02,1.022598802327415657e-04
6.340000000000000000e+02,1.100694743341470994e-01,4.000000000000000000e+00,1.827703537434139519e-02,3.834236384204590812e-05
6.350000000000000000e+02,1.100666489319572783e-01,4.000000000000000000e+00,1.825299841393825812e-02,2.682648445056641417e-05
6.360000000000000000e+02,1.100638374579241685e-01,4.000000000000000000e+00,1.822867630391420898e-02,7.210033576956250811e-05
6.370000000000000000e+02,1.100610369872497690e-01,4.000000000000000888e+00,1.820368853713300386e-02,8.170211562507557926e-05
6.380000000000000000e+02,1.100582466087290101e-01,4.000000000000000000e+00,1.817802295788475617e-02,5.481945759501050624e-05
6.390000000000000000e+02,1.100554678848607026e-01,4.000000000000000000e+00,1.815201574545591973e-02,8.534439913769833753e-06
6.400000000000000000e+02,1.100527019154262237e-01,4.000000000000000000e+00,1.812630040619768110e-02,4.071212306263251193e-05
6.410000000000000000e+02,1.100499479048533680e-01,4.000000000000000888e+00,1.810097725102628036e-02,6.610749932799156133e-05
6.420000000000000000e+02,1.100472045354054518e-01,4.000000000000001776e+00,1.807639526428140436e-02,6.138823620486658160e-05
6.430000000000000000e+02,1.100444716395818368e-01,4.000000000000000888e+00,1.805242366157471662e-02,3.160788084789103704e-05
6.440000000000000000e+02,1.100417495995655581e-01,4.000000000000000000e+00,1.802873490801331843e-02,1.007280575040204275e-05
6.450000000000000000e+02,1.100390378550956810e-01,3.999999999999999112e+00,1.800495004422441106e-02,4.060314375522363077e-05
6.460000000000000000e+02,1.100363349541265551e-01,3.999999999999998668e+00,1.798417244375255172e-02,5.175806172948360710e-05
6.470000000000000000e+02,1.100336384993242100e-01,4.000000000000000000e+00,1.795941375156769396e-02,3.819684887242887669e-05
6.480000000000000000e+02,1.100309494234738561e-01,4.000000000000000000e+00,1.793442900560892825e-02,1.106112658802240588e-05
6.490000000000000000e+02,1.100282685541694727e-01,4.000000000000001776e+00,1.790942385272325729e-02,2.362991363836492492e-05
6.500000000000000000e+02,1.100255959226491692e-01,4.000000000000000888e+00,1.788485437214220458e-02,4.124844268243727918e-05
6.510000000000000000e+02,1.100229310833309576e-01,4.000000000000000888e+00,1.786086711589296785e-02,4.041277130199443315e-05
6.520000000000000000e+02,1.100202738602626545e-01,3.999999999999999112e+00,1.783754358130393985e-02,2.272450515769292614e-05
6.530000000000000000e+02,1.100176241869318117e-01,4.000000000000000000e+00,1.781419739522360421e-02,6.587307307598113629e-06
6.540000000000000000e+02,1.100149817964844318e-01,3.999999999999999556e+00,1.779071235987643093e-02,2.386441522509541679e-05
6.550000000000000000e+02,1.100123461380023426e-01,3.999999999999999556e+00,1.776689832647324399e-02,3.143076771895107638e-05
6.560000000000000000e+02,1.100097169753020965e-01,4.000000000000000000e+00,1.774275217144178837e-02,2.485650610437941407e-05
6.570000000000000000e+02,1.100070945960716917e-01,3.999999999999999556e+00,1.771844480512085179e-02,1.045621233460560315e-05
6.580000000000000000e+02,1.100044793823869299e-01,4.000000000000000888e+00,1.769422192882880163e-02,1.449503219821016183e-05
6.590000000000000000e+02,1.100018713854031688e-01,4.000000000000000000e+00,1.767027640696843677e-02,2.510012502583962318e-05
6.600000000000000000e+02,1.099992704071017513e-01,4.000000000000000888e+00,1.764667436585017415e-02,2.552177158282257211e-05
6.610000000000000000e+02,1.099966762874130255e-01,4.000000000000001776e+00,1.762333968916904650e-02,1.602443044095074338e-05
6.620000000000000000e+02,1.099940889353252516e-01,4.000000000000001776e+00,1.760010048283713532e-02,5.172415846792732957e-06
6.630000000000000000e+02,1.099915081732615874e-01,3.999999999999999556e+00,1.757679091149774372e-02,1.383040148417933853e-05
6.640000000000000000e+02,1.099889337460037975e-01,4.000000000000000000e+00,1.755329896696863901e-02,1.933787329194921705e-05
6.650000000000000000e+02,1.099863655314106403e-01,4.000000000000001776e+00,1.752988009246347206e-02,1.689375504864588923e-05
6.660000000000000000e+02,1.099838023326670799e-01,4.000000000000001776e+00,1.750885329525876319e-02,1.238916229932257602e-05
6.670000000000000000e+02,1.099812438555913818e-01,4.000000000000000888e+00,1.748519063218263378e-02,1.210295671285260016e-05
6.680000000000000000e+02,1.099786907265515451e-01,4.000000000000000000e+00,1.746169803595925413e-02,1.694747507441092104e-05
6.690000000000000000e+02,1.099761430038336957e-01,3.999999999999999112e+00,1.743840286076456594e-02,1.713585192528198543e-05
6.700000000000000000e+02,1.099736007182793018e-01,3.999999999999999112e+00,1.741525894761011481e-02,1.133659818415392811e-05
6.710000000000000000e+02,1.099710639175484339e-01,4.000000000000000888e+00,1.739216564757171263e-02,5.005493383432998167e-06
6.720000000000000000e+02,1.099685326194786150e-01,4.000000000000000888e+00,1.736903472167965895e-02,1.008025160349759179e-05
6.730000000000000000e+02,1.099660068083238296e-01,4.000000000000000000e+00,1.734581323716125750e-02,1.438867218450693724e-05
6.740000000000000000e+02,1.099634865540076167e-01,4.000000000000000000e+00,1.732231058758304520e-02,1.371446878980546471e-05
6.750000000000000000e+02,1.099609721474088808e-01,4.000000000000000000e+00,1.729872014223940088e-02,1.024454700371459369e-05
6.760000000000000000e+02,1.099584582682233413e-01,3.999999999999999556e+00,1.731542359655423302e-02,1.863799538356798182e-04
6.770000000000000000e+02,1.099559303410996836e-01,4.000000000000000000e+00,1.729194163796534192e-02,1.650972080601535328e-04
6.780000000000000000e+02,1.099533949708507846e-01,4.000000000000000000e+00,1.726853701451993087e-02,1.262239393981050002e-04
6.790000000000000000e+02,1.099508522278165451e-01,3.999999999999999112e+00,1.730016536913167244e-02,2.689003528408823022e-04
6.800000000000000000e+02,1.099482656622547544e-01,4.000000000000000888e+00,1.727653181604064947e-02,1.911802133948287401e-04
6.810000000000000000e+02,1.099456611592216221e-01,3.999999999999999556e+00,1.724729581687393237e-02,8.541015215872883751e-05
6.820000000000000000e+02,1.099430492266545295e-01,4.000000000000000000e+00,1.721723284264101150e-02,2.605186446956078678e-05
6.830000000000000000e+02,1.099404352797956064e-01,3.999999999999999112e+00,1.718710263463108304e-02,1.221483255972932779e-04
6.840000000000000000e+02,1.099378217053316592e-01,4.000000000000000000e+00,1.715707593349489329e-02,1.974258306017562259e-04
6.850000000000000000e+02,1.099352095814982444e-01,3.999999999999999112e+00,1.712734016851134508e-02,2.437593068149607482e-04
6.860000000000000000e+02,1.099326003479376146e-01,4.000000000000000000e+00,1.709799792827248338e-02,2.582623760202836915e-04
6.870000000000000000e+02,1.099299967734560096e-01,3.999999999999998668e+00,1.706906303535361130e-02,2.421985137990579067e-04
6.880000000000000000e+02,1.099274014013993939e-01,4.000000000000000000e+00,1.704421323640839189e-02,1.902805468177690986e-04
6.890000000000000000e+02,1.099248184231692294e-01,3.999999999999999112e+00,1.701599115962130343e-02,1.317287426479266717e-04
6.900000000000000000e+02,1.099222521252618268e-01,3.999999999999999112e+00,1.698796351393244003e-02,6.522837500232471790e-05
6.910000000000000000e+02,1.099197051044540352e-01,4.000000000000000888e+00,1.696005933607972610e-02,7.168631505092337288e-06
6.920000000000000000e+02,1.099171784872477187e-01,3.999999999999999556e+00,1.693220617996655381e-02,5.889148789819075703e-05
6.930000000000000000e+02,1.099146723701498185e-01,4.000000000000000000e+00,1.690434538926707808e-02,1.014683081903075144e-04
6.940000000000000000e+02,1.099121865178154522e-01,4.000000000000000000e+00,1.687642144110110265e-02,1.256715080201995535e-04
6.950000000000000000e+02,1.099097209265191416e-01,3.999999999999998668e+00,1.684860523845925842e-02,1.309616780391172520e-04
6.960000000000000000e+02,1.099072760285477734e-01,4.000000000000000888e+00,1.682086435017553575e-02,1.180488000839970798e-04
6.970000000000000000e+02,1.099048529776082694e-01,4.000000000000000000e+00,1.679309548017305156e-02,8.979436607651182446e-05
6.980000000000000000e+02,1.099024529336906641e-01,4.000000000000000000e+00,1.676438254777897624e-02,5.184766754087540046e-05
6.990000000000000000e+02,1.099000779944250966e-01,4.000000000000000000e+00,1.673329657134343951e-02,1.630405753344927252e-05
7.000000000000000000e+02,1.098977302509637488e-01,4.000000000000000000e+00,1.670237070674500390e-02,3.659842051711606036e-05
7.010000000000000000e+02,1.098954107378854461e-01,4.000000000000000000e+00,1.667183335088416943e-02,6.925071397177584153e-05
7.020000000000000000e+02,1.098931197974011426e-01,4.000000000000000000e+00,1.664463756731082364e-02,9.307205347051664894e-05
7.030000000000000000e+02,1.098908562729289662e-01,4.000000000000001776e+00,1.661485997912076629e-02,1.042949055978804320e-04
7.040000000000000000e+02,1.098886206810661820e-01,3.999999999999998668e+00,1.658552947339474171e-02,1.037720241524743000e-04
7.050000000000000000e+02,1.098864134434441309e-01,4.000000000000000888e+00,1.655676953620744546e-02,9.276232472761707364e-05
7.060000000000000000e+02,1.098842348423646059e-01,3.999999999999999112e+00,1.652883897562448107e-02,7.307446110398488142e-05
7.070000000000000000e+02,1.098820849368351560e-01,4.000000000000000000e+00,1.650127549779306993e-02,4.760722693222292504e-05
7.080000000000000000e+02,1.098799635679387349e-01,4.000000000000000888e+00,1.647412412188435649e-02,2.060044894074813192e-05
7.090000000000000000e+02,1.098778702320521578e-01,3.999999999999999556e+00,1.644722683337339689e-02,9.795827243880390078e-06
7.100000000000000000e+02,1.098758041742449731e-01,4.000000000000000000e+00,1.642047634614130988e-02,2.856775842253580895e-05
7.110000000000000000e+02,1.098737645599201368e-01,4.000000000000000000e+00,1.639385614427325485e-02,4.273855247019967782e-05
7.120000000000000000e+02,1.098717505875895228e-01,4.000000000000000000e+00,1.636741590710955041e-02,4.985353374997767253e-05
7.130000000000000000e+02,1.098697615149665519e-01,4.000000000000000000e+00,1.634124763392408655e-02,4.947012453722647758e-05
7.140000000000000000e+02,1.098677966391786165e-01,4.000000000000000000e+00,1.631541091526258688e-02,4.187054417005467677e-05
7.150000000000000000e+02,1.098658552793229382e-01,3.999999999999999556e+00,1.628991467514841890e-02,2.852319798934653742e-05
7.160000000000000000e+02,1.098639367222361690e-01,4.000000000000000888e+00,1.626470121839164798e-02,1.260596569582327691e-05
7.170000000000000000e+02,1.098620401748588993e-01,4.000000000000000000e+00,1.623969655947096399e-02,9.579769013551710138e-06
7.180000000000000000e+02,1.098601647738035730e-01,4.000000000000000000e+00,1.621485765619030614e-02,2.347184986754753146e-05
7.190000000000000000e+02,1.098583096429834038e-01,3.999999999999999112e+00,1.619018130702275238e-02,3.523463630911848217e-05
7.200000000000000000e+02,1.098564739452000671e-01,4.000000000000001776e+00,1.616571293944269946e-02,4.272808615863544416e-05
7.210000000000000000e+02,1.098546568920413524e-01,3.999999999999998668e+00,1.614151593032802853e-02,4.527956893780836207e-05
7.220000000000000000e+02,1.098528577364311365e-01,4.000000000000000000e+00,1.611761998662941675e-02,4.284776114581048765e-05
7.230000000000000000e+02,1.098510757697891832e-01,4.000000000000000000e+00,1.609400774240033610e-02,3.621907946988561463e-05
7.240000000000000000e+02,1.098493103099028312e-01,3.999999999999999556e+00,1.607061943812044397e-02,2.697965295305750519e-05
7.250000000000000000e+02,1.098475606830438961e-01,3.999999999999999112e+00,1.604739023354464708e-02,1.718993859240041002e-05
7.260000000000000000e+02,1.098458262247291456e-01,3.999999999999999112e+00,1.602423465692100896e-02,9.757248458304509790e-06
7.270000000000000000e+02,1.098441063176755911e-01,4.000000000000000888e+00,1.600113771314882680e-02,9.743582855148295499e-06
7.280000000000000000e+02,1.098424003971165408e-01,4.000000000000000000e+00,1.597810583612633423e-02,1.421530406285039037e-05
7.290000000000000000e+02,1.098407079471837300e-01,4.000000000000000000e+00,1.595517043730678569e-02,1.743444316187969673e-05
7.300000000000000000e+02,1.098390284900376823e-01,4.000000000000000000e+00,1.593235735522583602e-02,1.779471262185902355e-05
7.310000000000000000e+02,1.098373615813009185e-01,3.999999999999999556e+00,1.590966535342854329e-02,1.518710193983804442e-05
7.320000000000000000e+02,1.098357068088189337e-01,4.000000000000000888e+00,1.588707443991274268e-02,1.030521991943057054e-05
7.330000000000000000e+02,1.098340637881705384e-01,4.000000000000000000e+00,1.586455355895668648e-02,4.536305504277064202e-06
7.340000000000000000e+02,1.098324321645851448e-01,3.999999999999999556e+00,1.584207828377536681e-02,4.625595396775907640e-06
7.350000000000000000e+02,1.098308116193936201e-01,3.999999999999999112e+00,1.581965119676624620e-02,1.064427721530108880e-05
7.360000000000000000e+02,1.098292018667107600e-01,4.000000000000000888e+00,1.579729467068718279e-02,1.617344073488331113e-05
7.370000000000000000e+02,1.098276026435423963e-01,3.999999999999999112e+00,1.577503833710332606e-02,2.009174526917131162e-05
7.380000000000000000e+02,1.098260137023748251e-01,3.999999999999999112e+00,1.575290732946982644e-02,2.186322199124609187e-05
7.390000000000000000e+02,1.098244348081007515e-01,3.999999999999999556e+00,1.573090402451262498e-02,2.140944824902958385e-05
7.400000000000000000e+02,1.098228657397171681e-01,4.000000000000000000e+00,1.570900955142356600e-02,1.906510412832041515e-05
7.410000000000000000e+02,1.098213062931314710e-01,4.000000000000000000e+00,1.568719743290419161e-02,1.538835643303328136e-05
7.420000000000000000e+02,1.098197562838498093e-01,3.999999999999999112e+00,1.566544200075871418e-02,1.101577113080434136e-05
7.430000000000000000e+02,1.098182155505202928e-01,4.000000000000000000e+00,1.564373179220685320e-02,6.726449869755684723e-06
7.440000000000000000e+02,1.098166839528374877e-01,4.000000000000000888e+00,1.562207277088003936e-02,3.916242387787883370e-06
7.450000000000000000e+02,1.098151613633789464e-01,3.999999999999999112e+00,1.560047566264756089e-02,4.216762967289717492e-06
7.460000000000000000e+02,1.098136476620697327e-01,3.999999999999999112e+00,1.557895161210080121e-02,5.437196784553913374e-06
7.470000000000000000e+02,1.098121427332731520e-01,3.999999999999999556e+00,1.555750479720387387e-02,5.883759163217955646e-06
7.480000000000000000e+02,1.098106464652421205e-01,4.000000000000000888e+00,1.553612583493957193e-02,5.549619775250890772e-06
7.490000000000000000e+02,1.098091587538825298e-01,3.999999999999999556e+00,1.551480315218164985e-02,4.989157903375316797e-06
7.500000000000000000e+02,1.098076795065454636e-01,3.999999999999999112e+00,1.549353078592274197e-02,5.050605277656762196e-06
7.510000000000000000e+02,1.098062086462543580e-01,3.999999999999999556e+00,1.547225496095835234e-02,6.343064690172719245e-06
7.520000000000000000e+02,1.098047461381057577e-01,4.000000000000000000e+00,1.545100842700629883e-02,8.289361381406007648e-06
7.530000000000000000e+02,1.098032919523446865e-01,4.000000000000000000e+00,1.542984261121168113e-02,1.011216928052769971e-05
7.540000000000000000e+02,1.098018460515771816e-01,4.000000000000000888e+00,1.540876775053517597e-02,1.137382878761817627e-05
7.550000000000000000e+02,1.098004083906829187e-01,3.999999999999999556e+00,1.538778801658457172e-02,1.189014891348789412e-05
7.560000000000000000e+02,1.097989789173213077e-01,4.000000000000001776e+00,1.536689857055759285e-02,1.166058162541155166e-05
7.570000000000000000e+02,1.097975575751415633e-01,4.000000000000000000e+00,1.534608908259719150e-02,1.078556556655677037e-05
7.580000000000000000e+02,1.097961443085005984e-01,4.000000000000000888e+00,1.532535309815052926e-02,9.437332438621476099e-06
7.590000000000000000e+02,1.097947390642965981e-01,3.999999999999999556e+00,1.530468824514165556e-02,7.885592625619106729e-06
7.600000000000000000e+02,1.097933417913422721e-01,3.999999999999999556e+00,1.528409690570475474e-02,6.479216787869166511e-06
7.610000000000000000e+02,1.097919524017439141e-01,4.000000000000000000e+00,1.526381368818772143e-02,5.187766558546992423e-06
7.620000000000000000e+02,1.097905707767039690e-01,4.000000000000000000e+00,1.524328369286475325e-02,4.993224435274274901e-06
7.630000000000000000e+02,1.097891969407324142e-01,4.000000000000000000e+00,1.522279468431097030e-02,5.104316456989020198e-06
7.640000000000000000e+02,1.097878308960184152e-01,4.000000000000000888e+00,1.520238445460215387e-02,5.162289100551373935e-06
7.650000000000000000e+02,1.097864726342918790e-01,4.000000000000000888e+00,1.518204834075949188e-02,5.099177162481563833e-06
7.660000000000000000e+02,1.097851221414744699e-01,4.000000000000000888e+00,1.516178489780653331e-02,5.055463993529112113e-06
7.670000000000000000e+02,1.097837793991207206e-01,3.999999999999999556e+00,1.514159776065253371e-02,5.266615281490687412e-06
7.680000000000000000e+02,1.097824443812381173e-01,4.000000000000000000e+00,1.512168344406344955e-02,5.446965259090544412e-06
7.690000000000000000e+02,1.097811169462826197e-01,3.999999999999999556e+00,1.510166249551581422e-02,6.212150724325061575e-06
7.700000000000000000e+02,1.097797971080821944e-01,4.000000000000000000e+00,1.508173232698343733e-02,7.015836896835493638e-06
7.710000000000000000e+02,1.097784848285600079e-01,4.000000000000000000e+00,1.506190198517350781e-02,7.661914696939646065e-06
7.720000000000000000e+02,1.097771769184828772e-01,4.000000000000000000e+00,1.512640775265955938e-02,1.862348390816689935e-04
7.730000000000000000e+02,1.097758244767782221e-01,4.000000000000000000e+00,1.510569013701710921e-02,1.602223407441615499e-04
7.740000000000000000e+02,1.097744491910668252e-01,4.000000000000000888e+00,1.508427934392756083e-02,1.146131114817190201e-04
7.750000000000000000e+02,1.097730572819027445e-01,4.000000000000000000e+00,1.506231035942490366e-02,5.745353908595732506e-05
7.760000000000000000e+02,1.097716540383359557e-01,4.000000000000000000e+00,1.503997553931151789e-02,6.745641650342088174e-06
7.770000000000000000e+02,1.097702433920491327e-01,4.000000000000000000e+00,1.501745509175124969e-02,5.841148252846035125e-05
7.780000000000000000e+02,1.097688280640647523e-01,3.999999999999998668e+00,1.499485892311458457e-02,1.012232963723079917e-04
7.790000000000000000e+02,1.097674101245093709e-01,4.000000000000000888e+00,1.497233206810172357e-02,1.275778503457370772e-04
7.800000000000000000e+02,1.097659915527021551e-01,3.999999999999999556e+00,1.495022257332274430e-02,1.349969462241170108e-04
7.810000000000000000e+02,1.097645744873926160e-01,4.000000000000000000e+00,1.492799321751685226e-02,1.253572134298562395e-04
7.820000000000000000e+02,1.097631615806172467e-01,4.000000000000000888e+00,1.490596109647260130e-02,1.011144499017374414e-04
7.830000000000000000e+02,1.097617554038842480e-01,4.000000000000000000e+00,1.488409809034926465e-02,6.691453654335706967e-05
7.840000000000000000e+02,1.097603581539282336e-01,4.000000000000001776e+00,1.486237833697563390e-02,2.835750738403237155e-05
7.850000000000000000e+02,1.097589714123322208e-01,3.999999999999999556e+00,1.484080380795418236e-02,1.041134058802641220e-05
7.860000000000000000e+02,1.097575961186219584e-01,3.999999999999999556e+00,1.481933362289150971e-02,4.149405721197703769e-05
7.870000000000000000e+02,1.097562327163903728e-01,3.999999999999998668e+00,1.479820362803364701e-02,6.409875812457869419e-05
7.880000000000000000e+02,1.097548814841568660e-01,4.000000000000000000e+00,1.477694138672082207e-02,7.459217045608635928e-05
7.890000000000000000e+02,1.097535428270605684e-01,3.999999999999999112e+00,1.475577395320964297e-02,7.324639930041979225e-05
7.900000000000000000e+02,1.097522172730986678e-01,4.000000000000000000e+00,1.473473691325253611e-02,6.142517589845018593e-05
7.910000000000000000e+02,1.097509054027382552e-01,4.000000000000000000e+00,1.471386069944238817e-02,4.177640768166194244e-05
7.920000000000000000e+02,1.097496076988867530e-01,3.999999999999999556e+00,1.469317047876313349e-02,1.787614718684378765e-05
7.930000000000000000e+02,1.097483244196126445e-01,4.000000000000000000e+00,1.467272464930432195e-02,8.446707838181922992e-06
7.940000000000000000e+02,1.097470555388245228e-01,3.999999999999999556e+00,1.465255029633921215e-02,2.999148237286925308e-05
7.950000000000000000e+02,1.097458008009002395e-01,4.000000000000000888e+00,1.463266961957826462e-02,4.675623495183086980e-05
7.960000000000000000e+02,1.097445598340089645e-01,3.999999999999999556e+00,1.461310782552417524e-02,5.644534886689061599e-05
7.970000000000000000e+02,1.097433322557858082e-01,4.000000000000000888e+00,1.459384911045109520e-02,5.840832505006103245e-05
7.980000000000000000e+02,1.097421177443318047e-01,4.000000000000000000e+00,1.457488385587921154e-02,5.312403420783453755e-05
7.990000000000000000e+02,1.097409160335999084e-01,3.999999999999999556e+00,1.455619530017669694e-02,4.201103138473841718e-05
8.000000000000000000e+02,1.097397268614359739e-01,3.999999999999999112e+00,1.453774435338697768e-02,2.716933946309865960e-05
8.010000000000000000e+02,1.097385499142328469e-01,3.999999999999999556e+00,1.451974766818758811e-02,1.117869979182889204e-05
8.020000000000000000e+02,1.097373846843384959e-01,4.000000000000000000e+00,1.450169141626237411e-02,6.167253857318487803e-06
8.030000000000000000e+02,1.097362307236163098e-01,4.000000000000000000e+00,1.448378493875183103e-02,1.784993578566406418e-05
8.040000000000000000e+02,1.097350875510356982e-01,4.000000000000000000e+00,1.446602328059023307e-02,2.596800834195642460e-05
8.050000000000000000e+02,1.097339546996323745e-01,4.000000000000000000e+00,1.444838689470735911e-02,2.919781685112298201e-05
8.060000000000000000e+02,1.097328317552699328e-01,4.000000000000001776e+00,1.443086446383149563e-02,2.754648285887619787e-05
8.070000000000000000e+02,1.097317183636379034e-01,4.000000000000000888e+00,1.441346431746191523e-02,2.176429186553526020e-05
8.080000000000000000e+02,1.097306142116829669e-01,3.999999999999999112e+00,1.439615751707455128e-02,1.308370151543173468e-05
8.090000000000000000e+02,1.097295190090058215e-01,3.999999999999999556e+00,1.437896396352175872e-02,4.012219029859055510e-06
8.100000000000000000e+02,1.097284324572174730e-01,4.000000000000000000e+00,1.436189569948161972e-02,8.566978446598544233e-06
8.110000000000000000e+02,1.097273542427827098e-01,4.000000000000000000e+00,1.434495853237727041e-02,1.703142991546421418e-05
8.120000000000000000e+02,1.097262840484557189e-01,4.000000000000000000e+00,1.432816633214907022e-02,2.320812653862548312e-05
8.130000000000000000e+02,1.097252215674297537e-01,4.000000000000000888e+00,1.431152424374816136e-02,2.629878877157617608e-05
8.140000000000000000e+02,1.097241665190625548e-01,4.000000000000000000e+00,1.429500574912740546e-02,2.615508601538780840e-05
8.150000000000000000e+02,1.097231186651294599e-01,4.000000000000000000e+00,1.427861211029161394e-02,2.310524023067809637e-05
8.160000000000000000e+02,1.097220777994025454e-01,4.000000000000000888e+00,1.426232475046688812e-02,1.786542967630142488e-05
8.170000000000000000e+02,1.097210437397286437e-01,4.000000000000000000e+00,1.424613373080576249e-02,1.143015189092237317e-05
8.180000000000000000e+02,1.097200163153371627e-01,4.000000000000000000e+00,1.423003025391239053e-02,5.174508376596450177e-06
8.190000000000000000e+02,1.097189953600285206e-01,3.999999999999999112e+00,1.421400144872109195e-02,3.722202438249769973e-06
8.200000000000000000e+02,1.097179807156592607e-01,4.000000000000000000e+00,1.419804367711962646e-02,7.430257243384639192e-06
8.210000000000000000e+02,1.097169722366060085e-01,3.999999999999999556e+00,1.418214777325207086e-02,9.993863121783037585e-06
8.220000000000000000e+02,1.097159697982987570e-01,4.000000000000000000e+00,1.416630625313699925e-02,1.057996868711662791e-05
8.230000000000000000e+02,1.097149733019822521e-01,4.000000000000000000e+00,1.415051986458411640e-02,9.259297588660464359e-06
8.240000000000000000e+02,1.097139826715279459e-01,3.999999999999999556e+00,1.413478234532085202e-02,6.512637951140102891e-06
8.250000000000000000e+02,1.097129978504275405e-01,4.000000000000000000e+00,1.411910476975249823e-02,3.533364323689229215e-06
8.260000000000000000e+02,1.097120187910643058e-01,3.999999999999999556e+00,1.410349601631357037e-02,4.110421431163354525e-06
8.270000000000000000e+02,1.097110454484304387e-01,4.000000000000000000e+00,1.408796060894750533e-02,7.496263880417464389e-06
8.280000000000000000e+02,1.097100777837580199e-01,4.000000000000000888e+00,1.407240339755781028e-02,1.075787375550974160e-05
8.290000000000000000e+02,1.097091158020720575e-01,4.000000000000000000e+00,1.405691469425398958e-02,1.295272259312494392e-05
8.300000000000000000e+02,1.097081595064754445e-01,4.000000000000000000e+00,1.404151237162010527e-02,1.377451898151271003e-05
8.310000000000000000e+02,1.097072089012028351e-01,4.000000000000000888e+00,1.402619811553685626e-02,1.322208545788366551e-05
8.320000000000000000e+02,1.097062639912923243e-01,4.000000000000000888e+00,1.401096824215399862e-02,1.151121758039435211e-05
8.330000000000000000e+02,1.097053247821897504e-01,3.999999999999999556e+00,1.399582203547817399e-02,9.021505477513990821e-06
8.340000000000000000e+02,1.097043912765613416e-01,3.999999999999999556e+00,1.398075806917704889e-02,6.258982562057046587e-06
8.350000000000000000e+02,1.097034634719784019e-01,4.000000000000000000e+00,1.396577169893853214e-02,3.894300853622684149e-06
8.360000000000000000e+02,1.097025413616534439e-01,3.999999999999999112e+00,1.395086143657434802e-02,2.878669098113280061e-06
8.370000000000000000e+02,1.097016249350198647e-01,3.999999999999998668e+00,1.393602301078898480e-02,3.273574260920438621e-06
8.380000000000000000e+02,1.097007141805970143e-01,4.000000000000000888e+00,1.392125379876286116e-02,3.718249230001067154e-06
8.390000000000000000e+02,1.096998090879826582e-01,3.999999999999999556e+00,1.390655485100093097e-02,3.610423364708808426e-06
8.400000000000000000e+02,1.096989096475563807e-01,3.999999999999999112e+00,1.389192646059815052e-02,3.060360351450269392e-06
8.410000000000000000e+02,1.096980158501780767e-01,4.000000000000001776e+00,1.387737322385588189e-02,2.716318882431317469e-06
8.420000000000000000e+02,1.096971276847621551e-01,3.999999999999999112e+00,1.386289942065783987e-02,3.392567226397843586e-06
8.430000000000000000e+02,1.096962451365668945e-01,4.000000000000000000e+00,1.384850770302971899e-02,4.796162671070050190e-06
8.440000000000000000e+02,1.096953681870001945e-01,4.000000000000000000e+00,1.383420200031570436e-02,6.245890191172617147e-06
8.450000000000000000e+02,1.096944968132972237e-01,4.000000000000000888e+00,1.381998285828517532e-02,7.358146160936527545e-06
8.460000000000000000e+02,1.096936309899965295e-01,3.999999999999999556e+00,1.380585098686614408e-02,7.946394604402181585e-06
8.470000000000000000e+02,1.096927706898667976e-01,4.000000000000000000e+00,1.379180722098408661e-02,7.956035204413507877e-06
8.480000000000000000e+02,1.096919158840693742e-01,3.999999999999998668e+00,1.377785026833485207e-02,7.439084632290855662e-06
8.490000000000000000e+02,1.096910665426534676e-01,4.000000000000000000e+00,1.376398028402525502e-02,6.528427313456946655e-06
8.500000000000000000e+02,1.096902226338016817e-01,4.000000000000000000e+00,1.375019560993600599e-02,5.414051693214377651e-06
8.510000000000000000e+02,1.096893841238354428e-01,3.999999999999998224e+00,1.373649376989121047e-02,4.313132920809233501e-06
8.520000000000000000e+02,1.096885509776946294e-01,4.000000000000001776e+00,1.372287314092042118e-02,3.428863198123766357e-06
8.530000000000000000e+02,1.096877231592080504e-01,3.999999999999999556e+00,1.370933066651664964e-02,2.884651835561845820e-06
8.540000000000000000e+02,1.096869006323974161e-01,4.000000000000000000e+00,1.369585118528878973e-02,2.657735624394948205e-06
8.550000000000000000e+02,1.096860833700794013e-01,3.999999999999999112e+00,1.368239100112249654e-02,2.653267694482303089e-06
8.560000000000000000e+02,1.096852713577294025e-01,3.999999999999999556e+00,1.366921501291116538e-02,2.756573104288875773e-06
8.570000000000000000e+02,1.096844645136247354e-01,4.000000000000000000e+00,1.365590150254898660e-02,3.140305216384371373e-06
8.580000000000000000e+02,1.096836628367019867e-01,4.000000000000000000e+00,1.364266561820054804e-02,3.755969811702683695e-06
8.590000000000000000e+02,1.096828663197827736e-01,3.999999999999999112e+00,1.362951693047627887e-02,4.428971044927120616e-06
8.600000000000000000e+02,1.096820749485742930e-01,3.999999999999998668e+00,1.361646091614511327e-02,4.989128689304182664e-06
8.610000000000000000e+02,1.096812887008656590e-01,4.000000000000001776e+00,1.360349508210628028e-02,5.376222228492813970e-06
8.620000000000000000e+02,1.096805075487846670e-01,4.000000000000000000e+00,1.359061333955371466e-02,5.570448145092672719e-06
8.630000000000000000e+02,1.096797314619853414e-01,3.999999999999999112e+00,1.357780925339003089e-02,5.546610089358970908e-06
8.640000000000000000e+02,1.096789604106915561e-01,3.999999999999999112e+00,1.356508012435492933e-02,5.314024266323707197e-06
8.650000000000000000e+02,1.096781943666798737e-01,3.999999999999999112e+00,1.355242884065407938e-02,4.938861642097181608e-06
8.660000000000000000e+02,1.096774333014983449e-01,3.999999999999999112e+00,1.353985965339995004e-02,4.497037894184453200e-06
8.670000000000000000e+02,1.096766771844333854e-01,4.000000000000000000e+00,1.352737572846248251e-02,4.036352865586901108e-06
8.680000000000000000e+02,1.096759259812857823e-01,3.999999999999998668e+00,1.351497644690969994e-02,3.608704285742169045e-06
8.690000000000000000e+02,1.096751796548297575e-01,4.000000000000000000e+00,1.350265673558962397e-02,3.288372323516259183e-06
8.700000000000000000e+02,1.096744381669762652e-01,4.000000000000000000e+00,1.349041116881064505e-02,3.117323038109366062e-06
8.710000000000000000e+02,1.096737014808863708e-01,3.999999999999999556e+00,1.347823587178776338e-02,3.086135938446363607e-06
8.720000000000000000e+02,1.096729695623697293e-01,4.000000000000000888e+00,1.346613119118831442e-02,3.179123508890359869e-06
8.730000000000000000e+02,1.096722423793528578e-01,3.999999999999999112e+00,1.345410068714003940e-02,3.376659534535550728e-06
8.740000000000000000e+02,1.096715199001056240e-01,4.000000000000000888e+00,1.344214797458325415e-02,3.629426895959897733e-06
8.750000000000000000e+02,1.096708020918149978e-01,4.000000000000000000e+00,1.343027517789146044e-02,3.883131737745520673e-06
8.760000000000000000e+02,1.096700886606946923e-01,4.000000000000000888e+00,1.342278833075631617e-02,7.067689497145139541e-06
8.770000000000000000e+02,1.096693784248043563e-01,4.000000000000000000e+00,1.341103036248580786e-02,5.426267491518512020e-06
8.780000000000000000e+02,1.096686715749556063e-01,4.000000000000000000e+00,1.339931105205561905e-02,3.084312410924924161e-06
8.790000000000000000e+02,1.096679682545129708e-01,4.000000000000000000e+00,1.338763874130336796e-02,2.461776277338059855e-06
8.800000000000000000e+02,1.096672685913569617e-01,4.000000000000000000e+00,1.337602202782122406e-02,4.956532966429301966e-06
8.810000000000000000e+02,1.096665726967817334e-01,4.000000000000000888e+00,1.336447136097664717e-02,7.590698443825916819e-06
8.820000000000000000e+02,1.096658806654055990e-01,4.000000000000000888e+00,1.335299444970798263e-02,9.487620915718471314e-06
8.830000000000000000e+02,1.096651925770250890e-01,3.999999999999999112e+00,1.334159429784204445e-02,1.036792470075605960e-05
8.840000000000000000e+02,1.096645084996271113e-01,4.000000000000000888e+00,1.333027163264081071e-02,1.018458248959109620e-05
8.850000000000000000e+02,1.096638284913277195e-01,4.000000000000000000e+00,1.331902318441186873e-02,9.067986864539097545e-06
8.860000000000000000e+02,1.096631526021244057e-01,4.000000000000000000e+00,1.330784641144848630e-02,7.285474294748763667e-06
8.870000000000000000e+02,1.096624808739916634e-01,4.000000000000000000e+00,1.329673944555176228e-02,5.205310918145720117e-06
8.880000000000000000e+02,1.096618133405252576e-01,3.999999999999999556e+00,1.328570065505869924e-02,3.290214287672449411e-06
8.890000000000000000e+02,1.096611500271685996e-01,4.000000000000000000e+00,1.327472990434901134e-02,2.167819875671727636e-06
8.900000000000000000e+02,1.096604909516345761e-01,3.999999999999999112e+00,1.326382526585955825e-02,2.176033037529517872e-06
8.910000000000000000e+02,1.096598361257660748e-01,3.999999999999999112e+00,1.325298511983718543e-02,2.455085885927423519e-06
8.920000000000000000e+02,1.096591854716781334e-01,4.000000000000000000e+00,1.324702204388340798e-02,1.021608993914651842e-05
8.930000000000000000e+02,1.096585369987440606e-01,4.000000000000000888e+00,1.323607204241828220e-02,3.933622335600169577e-06
8.940000000000000000e+02,1.096578912082405988e-01,4.000000000000000000e+00,1.322510257111013214e-02,5.419809382776795829e-06
8.950000000000000000e+02,1.096572484235195932e-01,4.000000000000000000e+00,1.321429275627740603e-02,9.940723025340670246e-06
8.960000000000000000e+02,1.096566088588977750e-01,4.000000000000000000e+00,1.320372339170977453e-02,8.649334217993790152e-06
8.970000000000000000e+02,1.096559726827877751e-01,4.000000000000000000e+00,1.319334794490452378e-02,5.223790957245069485e-06
8.980000000000000000e+02,1.096553400009622758e-01,3.999999999999999112e+00,1.318303176943966953e-02,7.763204185865657395e-06
8.990000000000000000e+02,1.096547108616780508e-01,3.999999999999999556e+00,1.317265243570867050e-02,9.616265771898650474e-06
9.000000000000000000e+02,1.096540853577652463e-01,3.999999999999999556e+00,1.316218392016339778e-02,7.563897451260741179e-06
9.010000000000000000e+02,1.096534636659000084e-01,4.000000000000000000e+00,1.315169900741956950e-02,5.872523819222184579e-06
9.020000000000000000e+02,1.096528459611621209e-01,4.000000000000000000e+00,1.314132131346260231e-02,7.637699408991974813e-06
9.030000000000000000e+02,1.096522323500733753e-01,3.999999999999999112e+00,1.313113492965014249e-02,7.461387362339350983e-06
9.040000000000000000e+02,1.096516228867386866e-01,4.000000000000000000e+00,1.312114939333943256e-02,4.223548330796680301e-06
9.050000000000000000e+02,1.096510175803196707e-01,4.000000000000000888e+00,1.311125844463217893e-02,3.191680083821281173e-06
9.060000000000000000e+02,1.096504164071429310e-01,3.999999999999999112e+00,1.310137582029120319e-02,5.203482534987430973e-06
9.070000000000000000e+02,1.096498193524964304e-01,4.000000000000000000e+00,1.309145396191064258e-02,4.438263135789540721e-06
9.080000000000000000e+02,1.096492264443150455e-01,4.000000000000000000e+00,1.308171790264491680e-02,2.236163222634076234e-06
9.090000000000000000e+02,1.096486376666697682e-01,4.000000000000000000e+00,1.307183453656589507e-02,3.645180665028320452e-06
9.100000000000000000e+02,1.096480530779941343e-01,4.000000000000000000e+00,1.306208656016338149e-02,5.382854426990331669e-06
9.110000000000000000e+02,1.096474726892053553e-01,3.999999999999998668e+00,1.305250369624113942e-02,4.529888146953802738e-06
9.120000000000000000e+02,1.096468964786857653e-01,3.999999999999999556e+00,1.304305309968782634e-02,3.387374886037292868e-06
9.130000000000000000e+02,1.096463243958646083e-01,4.000000000000000000e+00,1.303366285663109039e-02,4.703125332804327990e-06
9.140000000000000000e+02,1.096457563825325027e-01,4.000000000000000000e+00,1.302427621633630607e-02,5.373404023085559608e-06
9.150000000000000000e+02,1.096451924094837549e-01,3.999999999999999556e+00,1.301488673521459909e-02,4.588377174637381680e-06
9.160000000000000000e+02,1.096446324804777883e-01,4.000000000000000000e+00,1.300553655111367710e-02,4.404378909382336447e-06
9.170000000000000000e+02,1.096440765992258842e-01,4.000000000000000000e+00,1.299628487059456550e-02,5.081330729289566614e-06
9.180000000000000000e+02,1.096435247450153749e-01,3.999999999999999112e+00,1.298716562241908172e-02,4.700012806160028212e-06
9.190000000000000000e+02,1.096429768725275256e-01,4.000000000000000000e+00,1.297816814794037869e-02,3.414683547913258884e-06
9.200000000000000000e+02,1.096424329170273410e-01,3.999999999999999112e+00,1.296924653355235185e-02,3.156282433613009895e-06
9.210000000000000000e+02,1.096418928064352982e-01,4.000000000000000888e+00,1.296035109881915094e-02,3.480222217070409786e-06
9.220000000000000000e+02,1.096413564848239264e-01,4.000000000000000000e+00,1.295146390710465167e-02,2.877599629070948767e-06
9.230000000000000000e+02,1.096408239224415798e-01,4.000000000000000888e+00,1.294260417501101601e-02,2.322127977188887417e-06
9.240000000000000000e+02,1.096402951005221033e-01,3.999999999999999112e+00,1.293381260362511109e-02,2.991153801243472279e-06
9.250000000000000000e+02,1.096397699905307388e-01,4.000000000000000000e+00,1.292512064274529276e-02,3.294446557425012301e-06
9.260000000000000000e+02,1.096392485474759204e-01,4.000000000000000888e+00,1.291653100585667818e-02,2.838593890625887347e-06
9.270000000000000000e+02,1.096387307124326027e-01,4.000000000000000000e+00,1.290801854086317743e-02,2.794638163003141165e-06
9.280000000000000000e+02,1.096382164113548635e-01,4.000000000000000000e+00,1.289949963488701105e-02,3.146328764307710976e-06
9.290000000000000000e+02,1.096377055910310316e-01,3.999999999999999112e+00,1.289105194874454879e-02,3.291830435039583490e-06
9.300000000000000000e+02,1.096371982195950140e-01,3.999999999999999556e+00,1.288263346529857842e-02,3.217186140330180217e-06
9.310000000000000000e+02,1.096366942683396212e-01,4.000000000000000888e+00,1.287426777899172009e-02,3.507604225035346330e-06
9.320000000000000000e+02,1.096361937072433679e-01,3.999999999999999556e+00,1.286598121898985606e-02,3.742544361503719950e-06
9.330000000000000000e+02,1.096356964960328584e-01,4.000000000000000888e+00,1.285777996703473154e-02,3.498633410549097278e-06
9.340000000000000000e+02,1.096352025847270040e-01,4.000000000000000000e+00,1.284965155848511245e-02,3.131302509505862565e-06
9.350000000000000000e+02,1.096347119179101326e-01,3.999999999999999556e+00,1.284157076759164309e-02,3.001265075685634640e-06
9.360000000000000000e+02,1.096342244439789670e-01,4.000000000000000888e+00,1.283351886334007166e-02,2.802370168212962553e-06
9.370000000000000000e+02,1.096337401230338127e-01,4.000000000000000000e+00,1.282549514620514100e-02,2.435403314763588305e-06
9.380000000000000000e+02,1.096332589256372725e-01,4.000000000000000000e+00,1.281751312673722054e-02,2.336348849914405141e-06
9.390000000000000000e+02,1.096327808247675173e-01,4.000000000000001776e+00,1.280959278628660512e-02,2.473057525722436584e-06
9.400000000000000000e+02,1.096323057835151271e-01,3.999999999999999556e+00,1.280201778112198714e-02,2.280064167462716018e-06
9.410000000000000000e+02,1.096318336358373252e-01,4.000000000000000000e+00,1.279421903866310301e-02,2.337663321851129952e-06
9.420000000000000000e+02,1.096313643706186003e-01,3.999999999999999556e+00,1.278646452884751872e-02,2.473773305645386987e-06
9.430000000000000000e+02,1.096308979633763697e-01,4.000000000000000000e+00,1.277874881595847389e-02,2.615506062957520727e-06
9.440000000000000000e+02,1.096304343923689695e-01,3.999999999999999556e+00,1.277107206651871031e-02,2.718979414046563734e-06
9.450000000000000000e+02,1.096299736380528245e-01,3.999999999999998668e+00,1.276343789341841985e-02,2.787445851465224138e-06
9.460000000000000000e+02,1.096295156812018973e-01,3.999999999999999556e+00,1.275585227692695514e-02,2.801101637427715287e-06
9.470000000000000000e+02,1.096290604915255706e-01,4.000000000000000000e+00,1.274848508591478434e-02,2.720856190484966354e-06
9.480000000000000000e+02,1.096286079947360742e-01,4.000000000000000888e+00,1.274098744688253841e-02,2.631520356816496843e-06
9.490000000000000000e+02,1.096281581795724991e-01,3.999999999999999112e+00,1.273353130739783741e-02,2.546971307486563808e-06
9.500000000000000000e+02,1.096277110302287389e-01,4.000000000000000000e+00,1.272612144348683576e-02,2.473753071810478025e-06
9.510000000000000000e+02,1.096272665281119996e-01,3.999999999999999556e+00,1.271876102458345016e-02,2.388017055757579892e-06
9.520000000000000000e+02,1.096268245787583723e-01,3.999999999999999556e+00,1.271765566849186908e-02,8.410202206923847107e-06
9.530000000000000000e+02,1.096263829812433171e-01,3.999999999999999112e+00,1.271031561829412231e-02,6.900248685503648244e-06
9.540000000000000000e+02,1.096259420928512307e-01,3.999999999999999112e+00,1.270295512334721974e-02,4.239349097309866589e-06
9.550000000000000000e+02,1.096255021745334846e-01,4.000000000000000000e+00,1.269558097545562050e-02,1.566440846889137143e-06
9.560000000000000000e+02,1.096250634684960701e-01,4.000000000000000888e+00,1.268821122216522851e-02,3.330237293807773786e-06
9.570000000000000000e+02,1.096246261927621007e-01,4.000000000000000888e+00,1.268085657649025734e-02,6.202444540908521930e-06
9.580000000000000000e+02,1.096241905420211743e-01,4.000000000000000000e+00,1.267353318204877261e-02,8.281472000599537017e-06
9.590000000000000000e+02,1.096237566871186425e-01,3.999999999999999556e+00,1.266624567895744194e-02,9.237206617420008081e-06
9.600000000000000000e+02,1.096233247789494269e-01,4.000000000000000000e+00,1.265899708013897701e-02,9.015689585073426477e-06
9.610000000000000000e+02,1.096228949505209660e-01,4.000000000000000000e+00,1.265178688271823698e-02,7.763015781399106263e-06
9.620000000000000000e+02,1.096224673181833975e-01,4.000000000000000888e+00,1.264461221837240995e-02,5.782393586166296420e-06
9.630000000000000000e+02,1.096220419824941034e-01,4.000000000000000000e+00,1.263747613223330755e-02,3.497904511727737628e-06
9.640000000000000000e+02,1.096216190263275270e-01,4.000000000000000000e+00,1.263037712776122340e-02,1.588049645463720752e-06
9.650000000000000000e+02,1.096211985161588409e-01,4.000000000000000000e+00,1.262331936410632759e-02,1.689622077561367091e-06
9.660000000000000000e+02,1.096207805018570430e-01,4.000000000000000000e+00,1.261630017360652715e-02,2.700380068947420883e-06
9.670000000000000000e+02,1.096203650202140084e-01,3.999999999999999112e+00,1.260931946098355419e-02,3.152415311900197227e-06
9.680000000000000000e+02,1.096199520969493718e-01,3.999999999999999556e+00,1.260237504433777377e-02,2.896064366281005949e-06
9.690000000000000000e+02,1.096195417490564150e-01,3.999999999999999112e+00,1.259570963134174978e-02,2.137001699199654514e-06
9.700000000000000000e+02,1.096191338843600094e-01,4.000000000000000000e+00,1.258882883430433725e-02,1.257421250710037465e-06
9.710000000000000000e+02,1.096187285363359465e-01,3.999999999999999112e+00,1.258198741375414487e-02,1.834563533936228206e-06
9.720000000000000000e+02,1.096183257112637033e-01,3.999999999999999112e+00,1.257520172834980347e-02,3.110401881212314579e-06
9.730000000000000000e+02,1.096179254009384957e-01,4.000000000000000888e+00,1.256847606702324489e-02,4.164061721814721210e-06
9.740000000000000000e+02,1.096175275839387925e-01,4.000000000000000888e+00,1.256180799788066474e-02,4.811335482157584297e-06
9.750000000000000000e+02,1.096171322285290350e-01,3.999999999999999112e+00,1.255518585408166125e-02,4.985333014941350968e-06
9.760000000000000000e+02,1.096167392985027550e-01,4.000000000000000000e+00,1.254861245323249212e-02,4.662364837031892337e-06
9.770000000000000000e+02,1.096163487524903779e-01,3.999999999999999112e+00,1.254206324007990127e-02,3.929519217648505328e-06
9.780000000000000000e+02,1.096159605547236682e-01,4.000000000000000888e+00,1.253555370266258399e-02,3.005689607769969433e-06
9.790000000000000000e+02,1.096155746660009700e-01,4.000000000000000888e+00,1.252909114769130625e-02,2.111691774055729747e-06
9.800000000000000000e+02,1.096151910409665642e-01,4.000000000000000000e+00,1.252267597013200819e-02,1.426519170451088982e-06
9.810000000000000000e+02,1.096148096284478429e-01,3.999999999999999112e+00,1.251630419100249574e-02,1.156109987401543751e-06
9.820000000000000000e+02,1.096144303732016906e-01,3.999999999999999112e+00,1.250996498810055986e-02,1.224365805899897148e-06
9.830000000000000000e+02,1.096140532203362383e-01,4.000000000000000000e+00,1.250365183996878828e-02,1.234786490451252707e-06
9.840000000000000000e+02,1.096136781176825642e-01,3.999999999999999556e+00,1.249736189718316480e-02,1.112697592887746543e-06
9.850000000000000000e+02,1.096133050165155748e-01,4.000000000000000000e+00,1.249109995445705883e-02,1.141088476694618355e-06
9.860000000000000000e+02,1.096129338690128713e-01,4.000000000000000000e+00,1.248487182289110750e-02,1.492916227224075183e-06
9.870000000000000000e+02,1.096125646258916397e-01,3.999999999999999112e+00,1.247868088304452706e-02,1.985876621142092864e-06
9.880000000000000000e+02,1.096121972354465041e-01,4.000000000000000000e+00,1.247252570539216648e-02,2.462221758725425544e-06
9.890000000000000000e+02,1.096118316444553431e-01,3.999999999999999112e+00,1.246640023857786481e-02,2.821121012274638962e-06
9.900000000000000000e+02,1.096114678007368420e-01,4.000000000000000888e+00,1.246029978710308864e-02,2.978787325541998852e-06
9.910000000000000000e+02,1.096111056548329243e-01,4.000000000000000000e+00,1.245422128745829644e-02,2.911513207572399603e-06
9.920000000000000000e+02,1.096107451607909733e-01,4.000000000000000888e+00,1.244816716747974839e-02,2.661258046692884705e-06
9.930000000000000000e+02,1.096103862744277069e-01,4.000000000000001776e+00,1.244213907617644672e-02,2.292780096086895097e-06
9.940000000000000000e+02,1.096100289522143473e-01,3.999999999999999556e+00,1.243613771214642852e-02,1.868079831505033394e-06
9.950000000000000000e+02,1.096096731504557220e-01,3.999999999999999112e+00,1.243016179090388092e-02,1.471222480717102128e-06
9.960000000000000000e+02,1.096093188254440021e-01,4.000000000000000000e+00,1.242420690076021308e-02,1.197740371961138873e-06
9.970000000000000000e+02,1.096089659347857376e-01,4.000000000000000000e+00,1.241826789490855718e-02,1.071588228181769783e-06
9.980000000000000000e+02,1.096086144389816358e-01,3.999999999999999556e+00,1.241234270296791460e-02,1.039904400649415357e-06
9.990000000000000000e+02,1.096082643016721703e-01,4.000000000000000000e+00,1.240643229784434490e-02,1.076728095745016887e-06
1.000000000000000000e+03,1.096079154886973328e-01,4.000000000000000888e+00,1.240053914334239560e-02,1.178174483208969464e-06
1.001000000000000000e+03,1.096075679667630060e-01,4.000000000000000888e+00,1.239466536750572813e-02,1.328467501756729518e-06
1.002000000000000000e+03,1.096072217024416651e-01,4.000000000000000000e+00,1.238881014944646919e-02,1.516490737042393757e-06
1.003000000000000000e+03,1.096068766624481300e-01,4.000000000000000888e+00,1.238297150909689961e-02,1.717006978598726870e-06
1.004000000000000000e+03,1.096065328142679096e-01,3.999999999999998668e+00,1.237714621608381436e-02,1.882793545262365473e-06
1.005000000000000000e+03,1.096061901272520067e-01,4.000000000000000000e+00,1.237133350387701995e-02,1.973135925257548825e-06
1.006000000000000000e+03,1.096058485725677073e-01,3.999999999999999556e+00,1.236553344301695272e-02,1.975648560402052821e-06
1.007000000000000000e+03,1.096055081228299033e-01,4.000000000000000000e+00,1.235974811152863902e-02,1.893406234714402526e-06
1.008000000000000000e+03,1.096051687509208283e-01,4.000000000000000888e+00,1.235397784479809469e-02,1.740484506939140387e-06
1.009000000000000000e+03,1.096048304296502462e-01,3.999999999999999112e+00,1.234822225604561251e-02,1.547447766936261144e-06
1.010000000000000000e+03,1.096044931316426524e-01,3.999999999999999112e+00,1.234247855584059105e-02,1.359393198212468215e-06
1.011000000000000000e+03,1.096041568301826113e-01,3.999999999999999112e+00,1.233674461478077855e-02,1.211686209614224279e-06
1.012000000000000000e+03,1.096038214996850058e-01,4.000000000000000000e+00,1.233101864322846269e-02,1.120399520553596865e-06
1.013000000000000000e+03,1.096034871160499746e-01,4.000000000000000000e+00,1.232530110450459279e-02,1.084941429626507517e-06
1.014000000000000000e+03,1.096031536561030001e-01,4.000000000000000888e+00,1.231959277101413001e-02,1.092247417165798074e-06
1.015000000000000000e+03,1.096028210970498157e-01,4.000000000000000000e+00,1.231389470407138510e-02,1.124634434445559629e-06
1.016000000000000000e+03,1.096024894158915131e-01,4.000000000000000000e+00,1.230820644957534606e-02,1.177464070411661457e-06
1.017000000000000000e+03,1.096021585895198824e-01,4.000000000000000000e+00,1.230252696263072626e-02,1.250821543862006649e-06
1.018000000000000000e+03,1.096018285950063204e-01,4.000000000000000000e+00,1.229685467000193703e-02,1.334030724422559453e-06
1.019000000000000000e+03,1.096014994100837359e-01,3.999999999999999556e+00,1.229118895603621871e-02,1.407342215746436127e-06
1.020000000000000000e+03,1.096011710131939154e-01,4.000000000000000000e+00,1.228552991563865680e-02,1.453655815049787612e-06
1.021000000000000000e+03,1.096008433832647011e-01,4.000000000000000000e+00,1.227987782840925593e-02,1.460802215296265383e-06
1.022000000000000000e+03,1.096005164994428849e-01,4.000000000000000000e+00,1.227423308268586581e-02,1.424651296988627241e-06
1.023000000000000000e+03,1.096001903407765599e-01,4.000000000000000888e+00,1.226859600135907051e-02,1.352234077554012274e-06
1.024000000000000000e+03,1.095998648859203839e-01,4.000000000000000000e+00,1.226296478518507094e-02,1.262408977091816288e-06
1.025000000000000000e+03,1.095995401137218744e-01,4.000000000000000000e+00,1.225733877296843535e-02,1.174063488131533436e-06
1.026000000000000000e+03,1.095992160032382146e-01,4.000000000000000000e+00,1.225171625105228243e-02,1.103555354474501026e-06
1.027000000000000000e+03,1.095988925342338827e-01,4.000000000000000000e+00,1.224609805818251823e-02,1.056548945176073327e-06
1.028000000000000000e+03,1.095985696865726666e-01,3.999999999999999112e+00,1.224048335064741033e-02,1.032823219378874380e-06
1.029000000000000000e+03,1.095982474404426227e-01,4.000000000000000888e+00,1.223487363698510036e-02,1.022907390304330786e-06
1.030000000000000000e+03,1.095979257755581304e-01,4.000000000000000000e+00,1.222926702614278265e-02,1.026015447763036528e-06
1.031000000000000000e+03,1.095976046718961094e-01,3.999999999999999112e+00,1.222366453834871670e-02,1.039923781603424116e-06
1.032000000000000000e+03,1.095972841090806088e-01,3.999999999999998668e+00,1.221806314088441647e-02,1.067584272455641965e-06
1.033000000000000000e+03,1.095969640675776013e-01,3.999999999999999112e+00,1.221246486936714698e-02,1.098782691409838338e-06
1.034000000000000000e+03,1.095966445276025658e-01,4.000000000000000000e+00,1.220686663125062320e-02,1.129410934086886734e-06
1.035000000000000000e+03,1.095963254703755940e-01,4.000000000000001776e+00,1.220127231854297063e-02,1.143846149956270944e-06
1.036000000000000000e+03,1.095960068762557027e-01,4.000000000000000000e+00,1.219567753917878521e-02,1.142564183423268573e-06
1.037000000000000000e+03,1.095956887266217317e-01,4.000000000000001776e+00,1.219008734700488192e-02,1.117140681542444497e-06
1.038000000000000000e+03,1.095953710014693494e-01,4.000000000000000000e+00,1.218449434319365463e-02,1.084375524774317381e-06
1.039000000000000000e+03,1.095950536825762295e-01,4.000000000000000000e+00,1.217890590819457539e-02,1.039689872585532992e-06
1.040000000000000000e+03,1.095947367499827407e-01,4.000000000000000000e+00,1.217331127037299919e-02,1.007673930965925653e-06
1.041000000000000000e+03,1.095944201866370926e-01,3.999999999999999556e+00,1.216772292253303668e-02,9.705410666768095629e-07
1.042000000000000000e+03,1.095941039726023025e-01,4.000000000000000000e+00,1.216212483588800450e-02,9.569721136673601737e-07
1.043000000000000000e+03,1.095937880921086793e-01,4.000000000000000888e+00,1.215653709828055234e-02,9.286267104872744449e-07
1.044000000000000000e+03,1.095934725244070984e-01,3.999999999999998668e+00,1.215093365883094384e-02,9.330332003877294890e-07
1.045000000000000000e+03,1.095931572553193317e-01,3.999999999999999556e+00,1.214534674071258979e-02,9.110702666446922116e-07
1.046000000000000000e+03,1.095928422626477744e-01,3.999999999999999112e+00,1.213973360308680596e-02,9.437926710586530715e-07
1.047000000000000000e+03,1.095925275351603556e-01,3.999999999999999556e+00,1.213414829378603975e-02,9.301736657079856903e-07
1.048000000000000000e+03,1.095922130482514523e-01,4.000000000000000000e+00,1.212852000720607108e-02,9.977069014947061384e-07
1.049000000000000000e+03,1.095918987954782042e-01,3.999999999999999556e+00,1.212294092802006923e-02,9.820720556763857145e-07
1.050000000000000000e+03,1.095915847472508781e-01,3.999999999999999112e+00,1.211729003285316221e-02,1.094380451918895412e-06
1.051000000000000000e+03,1.095912709047775491e-01,4.000000000000000000e+00,1.211172633237643861e-02,1.087362849112310615e-06
1.052000000000000000e+03,1.095909572289877759e-01,3.999999999999999556e+00,1.210603834646171648e-02,1.306048838327695864e-06
1.053000000000000000e+03,1.095906437347145268e-01,4.000000000000000888e+00,1.210050626515855703e-02,1.391260491690658873e-06
1.054000000000000000e+03,1.095903303656931282e-01,3.999999999999999556e+00,1.209475449263249826e-02,1.835542830137392747e-06
1.055000000000000000e+03,1.095900171616985413e-01,4.000000000000000000e+00,1.208928668515591408e-02,2.170628354837728886e-06
1.056000000000000000e+03,1.095897040343206952e-01,3.999999999999999112e+00,1.208342299621724923e-02,3.006401957692982568e-06
1.057000000000000000e+03,1.095893910692560952e-01,4.000000000000000888e+00,1.207808428081454111e-02,3.838101950422235148e-06
1.058000000000000000e+03,1.095890781171547645e-01,4.000000000000000000e+00,1.207201662737087712e-02,5.373964372988837761e-06
1.059000000000000000e+03,1.095887653506722736e-01,3.999999999999999112e+00,1.206693329308305106e-02,7.162827162947830198e-06
1.060000000000000000e+03,1.095884525047695068e-01,4.000000000000000888e+00,1.206048119331890392e-02,1.004052700469303724e-05
1.061000000000000000e+03,1.095881399214309604e-01,4.000000000000000000e+00,1.205590386379506995e-02,1.371411567759902988e-05
1.062000000000000000e+03,1.095878271150389216e-01,4.000000000000000000e+00,1.204870994649515775e-02,1.925830840554452848e-05
1.063000000000000000e+03,1.095875147668007032e-01,4.000000000000000000e+00,1.204514362122586710e-02,2.672284657701811555e-05
1.064000000000000000e+03,1.095872019732244546e-01,3.999999999999999556e+00,1.203648768008417323e-02,3.767777234058931592e-05
1.065000000000000000e+03,1.095868901246789540e-01,4.000000000000000888e+00,1.203496081848912970e-02,5.289714095589354188e-05
1.066000000000000000e+03,1.095865775558783894e-01,3.999999999999999112e+00,1.202336743416653787e-02,7.500333102481845037e-05
1.067000000000000000e+03,1.095862672426025364e-01,4.000000000000000000e+00,1.202600315570579066e-02,1.063154979732362830e-04
1.068000000000000000e+03,1.095859562990012387e-01,4.000000000000000888e+00,1.200841004399170672e-02,1.517155985000392352e-04
1.069000000000000000e+03,1.095856516306474154e-01,4.000000000000000000e+00,1.201965153752073030e-02,2.168395736516011039e-04
1.070000000000000000e+03,1.095853492844636734e-01,4.000000000000001776e+00,1.198963163471121994e-02,3.114086586814148014e-04
1.071000000000000000e+03,1.095850673467642089e-01,4.000000000000000000e+00,1.201887128569229662e-02,4.480515991389215098e-04
1.072000000000000000e+03,1.095848059052389467e-01,4.000000000000000000e+00,1.196288743976360591e-02,6.463160419256323147e-04
1.073000000000000000e+03,1.095846188171210739e-01,4.000000000000000888e+00,1.202988307761651381e-02,9.317796016581601261e-04
1.074000000000000000e+03,1.095845365611919364e-01,4.000000000000000000e+00,1.192020000558756399e-02,1.338073696071088092e-03
1.075000000000000000e+03,1.095847136343021944e-01,3.999999999999999112e+00,1.206393138181096648e-02,1.896820573256377063e-03
1.076000000000000000e+03,1.095852225376789113e-01,3.999999999999999556e+00,1.185258881176875535e-02,2.610635608026765260e-03
1.077000000000000000e+03,1.095861423661549650e-01,4.000000000000001776e+00,1.212399061326340476e-02,3.376252268842376038e-03
1.078000000000000000e+03,1.095867461754581329e-01,3.999999999999999112e+00,1.178684599296226168e-02,3.877753981815212740e-03
1.079000000000000000e+03,1.095859374052529644e-01,3.999999999999999112e+00,1.212361120279355393e-02,3.605097055417215771e-03
1.080000000000000000e+03,1.095835144355044727e-01,3.999999999999999556e+00,1.184280883782212052e-02,2.255469003635263928e-03
1.081000000000000000e+03,1.095818887575059353e-01,4.000000000000000000e+00,1.194702674065819745e-02,1.870165954186465973e-04
1.082000000000000000e+03,1.095823801905694700e-01,3.999999999999999556e+00,1.201463952527892683e-02,1.751544838893106084e-03
1.083000000000000000e+03,1.095832366212043801e-01,3.999999999999999112e+00,1.180358854599119697e-02,2.760764434434418747e-03
1.084000000000000000e+03,1.095824718462611869e-01,3.999999999999999112e+00,1.203445597828348493e-02,2.405685142313044884e-03
1.085000000000000000e+03,1.095808259043356964e-01,3.999999999999999556e+00,1.187500967602921585e-02,8.857181686606677542e-04
1.086000000000000000e+03,1.095805411487915798e-01,4.000000000000000000e+00,1.186651907926120075e-02,9.455928525379019099e-04
1.087000000000000000e+03,1.095811596698659102e-01,4.000000000000001776e+00,1.199531078025526526e-02,2.092230586832131110e-03
1.088000000000000000e+03,1.095807030015442107e-01,4.000000000000000000e+00,1.180228425299352513e-02,1.979095940419654202e-03
1.089000000000000000e+03,1.095795287174687049e-01,3.999999999999999112e+00,1.192030182582808073e-02,7.492048196517018220e-04
1.090000000000000000e+03,1.095792388403086931e-01,4.000000000000000000e+00,1.191677490162174752e-02,7.950387755588140832e-04
1.091000000000000000e+03,1.095795252528337371e-01,4.000000000000000888e+00,1.179690155345178987e-02,1.718092449112891898e-03
1.092000000000000000e+03,1.095790706243607582e-01,4.000000000000000888e+00,1.193968245566790799e-02,1.521303927071068242e-03
1.093000000000000000e+03,1.095781905067930301e-01,3.999999999999999112e+00,1.184418783481316559e-02,4.161398382982174583e-04
1.094000000000000000e+03,1.095780201511653840e-01,4.000000000000000888e+00,1.181957507951945409e-02,8.362533323571226355e-04
1.095000000000000000e+03,1.095780927360797408e-01,4.000000000000000000e+00,1.191920986336807500e-02,1.445478392375733724e-03
1.096000000000000000e+03,1.095775346367650754e-01,3.999999999999998668e+00,1.179690880261166815e-02,1.089993033459293100e-03
1.097000000000000000e+03,1.095769252450191078e-01,4.000000000000000000e+00,1.184427830370439819e-02,8.040667503893183187e-05
1.098000000000000000e+03,1.095768246129859569e-01,4.000000000000000000e+00,1.187553574802632274e-02,8.797961809387214345e-04
1.099000000000000000e+03,1.095766701382728525e-01,4.000000000000000000e+00,1.177553953428588096e-02,1.184927293676307780e-03
1.100000000000000000e+03,1.095761341057954474e-01,4.000000000000000888e+00,1.185569612393425065e-02,7.010651809349070958e-04
1.101000000000000000e+03,1.095757022374482248e-01,4.000000000000000000e+00,1.182608461902619895e-02,1.852624502838308678e-04
1.102000000000000000e+03,1.095755737003081959e-01,3.999999999999999556e+00,1.177261838145479168e-02,8.645200502672554426e-04
1.103000000000000000e+03,1.095752999313354542e-01,4.000000000000000000e+00,1.184846856365384671e-02,9.193224083416488834e-04
1.104000000000000000e+03,1.095747961331591525e-01,4.000000000000000888e+00,1.178308241148101100e-02,3.753885255261576841e-04
1.105000000000000000e+03,1.095744809130435871e-01,3.999999999999999556e+00,1.177803396110423638e-02,3.574595517161067407e-04
1.106000000000000000e+03,1.095743037001451481e-01,4.000000000000000000e+00,1.182464470522257699e-02,7.863774416003795238e-04
1.107000000000000000e+03,1.095739350055039418e-01,3.999999999999999112e+00,1.175227619338086935e-02,6.652411982467897620e-04
1.108000000000000000e+03,1.095735131817617419e-01,4.000000000000000888e+00,1.178221639165058336e-02,1.260838336749127192e-04
1.109000000000000000e+03,1.095732462625365888e-01,4.000000000000000000e+00,1.179063733154499596e-02,4.406638550114293251e-04
1.110000000000000000e+03,1.095729891554930585e-01,4.000000000000000000e+00,1.173408829729426749e-02,6.674626233759844724e-04
1.111000000000000000e+03,1.095726128902243385e-01,3.999999999999998668e+00,1.177851220067900780e-02,4.418229792041282358e-04
1.112000000000000000e+03,1.095722416901957624e-01,4.000000000000001776e+00,1.175417792127287329e-02,4.527693442528500368e-05
1.113000000000000000e+03,1.095719737061507243e-01,3.999999999999998668e+00,1.172529228919796940e-02,4.551499668719357207e-04
1.114000000000000000e+03,1.095716801137189139e-01,3.999999999999999556e+00,1.176423486155866484e-02,5.326963563158276837e-04
1.115000000000000000e+03,1.095712985891051927e-01,3.999999999999999556e+00,1.172164456816778173e-02,2.624048354969035855e-04
1.116000000000000000e+03,1.095709660128770524e-01,4.000000000000000888e+00,1.172058327051204128e-02,1.487183402174262746e-04
1.117000000000000000e+03,1.095706891199182548e-01,4.000000000000000000e+00,1.174053581496773031e-02,4.240948289684767303e-04
1.118000000000000000e+03,1.095703573803912395e-01,3.999999999999999556e+00,1.169651285655176794e-02,4.034190571388033674e-04
1.119000000000000000e+03,1.095699993341316125e-01,3.999999999999999112e+00,1.171442796889435832e-02,1.292002214274261956e-04
1.120000000000000000e+03,1.095696822667590886e-01,4.000000000000000000e+00,1.171130183616845080e-02,1.990228348213421883e-04
1.121000000000000000e+03,1.095693803959837676e-01,4.000000000000000000e+00,1.167908655615138708e-02,3.697294855017091582e-04
1.122000000000000000e+03,1.095690462177397878e-01,4.000000000000000888e+00,1.170283106393016359e-02,2.912640739174796219e-04
1.123000000000000000e+03,1.095686974099596145e-01,3.999999999999999112e+00,1.168137720223343112e-02,3.876104493535609225e-05
1.124000000000000000e+03,1.095683825356507657e-01,4.000000000000000000e+00,1.166705872432216226e-02,2.132079634167035177e-04
1.125000000000000000e+03,1.095680726284276318e-01,4.000000000000000888e+00,1.168438786525826702e-02,3.072956176836934370e-04
1.126000000000000000e+03,1.095677293169564082e-01,3.999999999999999112e+00,1.165474204236274791e-02,2.019912581899991635e-04
1.127000000000000000e+03,1.095673931885835367e-01,4.000000000000000888e+00,1.165666454640736267e-02,1.789691700852978225e-05
1.128000000000000000e+03,1.095670784120637425e-01,4.000000000000000000e+00,1.166035581900900543e-02,2.045964222920613768e-04
1.129000000000000000e+03,1.095667535536450077e-01,4.000000000000000888e+00,1.163354823089523919e-02,2.476262498247566702e-04
1.130000000000000000e+03,1.095664167366579567e-01,4.000000000000000000e+00,1.164443681650041348e-02,1.347764631768571099e-04
1.131000000000000000e+03,1.095660839472165082e-01,4.000000000000000000e+00,1.163399555150446650e-02,4.866102034337570681e-05
1.132000000000000000e+03,1.095657624456797680e-01,4.000000000000000888e+00,1.161688410325135805e-02,1.846244745187714301e-04
1.133000000000000000e+03,1.095654369033048081e-01,3.999999999999999112e+00,1.162766203086720504e-02,1.951996583108378753e-04
1.134000000000000000e+03,1.095650981232304672e-01,3.999999999999999112e+00,1.160827072818379317e-02,8.745885705049020369e-05
1.135000000000000000e+03,1.095647678521768364e-01,3.999999999999999112e+00,1.160288091401750696e-02,6.236834215466256347e-05
1.136000000000000000e+03,1.095644450599760067e-01,4.000000000000000000e+00,1.160644226774189443e-02,1.597194060226109929e-04
1.137000000000000000e+03,1.095641126254869868e-01,4.000000000000000000e+00,1.158566460393304839e-02,1.525841809331046953e-04
1.138000000000000000e+03,1.095637782123126680e-01,4.000000000000000000e+00,1.158852668630495387e-02,5.534191566323125024e-05
1.139000000000000000e+03,1.095634479638131487e-01,3.999999999999999112e+00,1.158236389222710126e-02,6.468230146587387245e-05
1.140000000000000000e+03,1.095631196554305853e-01,4.000000000000000000e+00,1.156670238071101989e-02,1.349724952761668343e-04
1.141000000000000000e+03,1.095627889404739985e-01,4.000000000000000000e+00,1.157163673612629159e-02,1.188368003939190151e-04
1.142000000000000000e+03,1.095624533084235547e-01,4.000000000000000000e+00,1.155802549292587848e-02,3.519530600035514537e-05
1.143000000000000000e+03,1.095621221975926762e-01,4.000000000000000000e+00,1.155054184423908413e-02,6.093655229491537522e-05
1.144000000000000000e+03,1.095617935086953543e-01,4.000000000000000888e+00,1.155173872325602341e-02,1.118871553935635847e-04
1.145000000000000000e+03,1.095614590180252340e-01,4.000000000000000000e+00,1.153573649949773267e-02,9.350378337498475628e-05
1.146000000000000000e+03,1.095611248952818861e-01,3.999999999999999556e+00,1.153435699599110811e-02,2.292164752962071929e-05
1.147000000000000000e+03,1.095607927387286934e-01,3.999999999999999556e+00,1.152909256569441612e-02,5.352435597073858784e-05
1.148000000000000000e+03,1.095604601537190498e-01,4.000000000000000888e+00,1.151581673600726718e-02,9.211062408293997303e-05
1.149000000000000000e+03,1.095601267977192039e-01,4.000000000000000888e+00,1.151668281384860514e-02,7.426040054197903019e-05
1.150000000000000000e+03,1.095597910954049237e-01,4.000000000000000000e+00,1.150584471734017802e-02,1.650274936206985195e-05
1.151000000000000000e+03,1.095594573281900297e-01,4.000000000000000000e+00,1.149781166305592454e-02,4.515161141950268256e-05
1.152000000000000000e+03,1.095591246217166304e-01,4.000000000000000000e+00,1.149653009697138885e-02,7.503079133273691896e-05
1.153000000000000000e+03,1.095587887658853316e-01,3.999999999999999112e+00,1.148365062593471354e-02,6.034760716125229526e-05
1.154000000000000000e+03,1.095584534717892189e-01,4.000000000000000000e+00,1.148025322997058874e-02,1.329480692539925977e-05
1.155000000000000000e+03,1.095581188557073760e-01,4.000000000000000000e+00,1.147454835040254660e-02,3.620455103126700311e-05
1.156000000000000000e+03,1.095577836741533501e-01,4.000000000000000888e+00,1.146337033071193230e-02,6.107046120667026319e-05
1.157000000000000000e+03,1.095574484655160025e-01,3.999999999999999112e+00,1.146160607550898020e-02,4.963823043782460560e-05
1.158000000000000000e+03,1.095571117901905644e-01,4.000000000000000000e+00,1.145198891983048237e-02,1.253931165691417332e-05
1.159000000000000000e+03,1.095567759430718241e-01,4.000000000000000000e+00,1.144448437963987812e-02,2.806979559030534823e-05
1.160000000000000000e+03,1.095564406626280546e-01,3.999999999999999556e+00,1.144118251719872942e-02,4.907339241123794660e-05
1.161000000000000000e+03,1.095561036429412993e-01,3.999999999999999556e+00,1.143025596324127348e-02,4.182514407249201453e-05
1.162000000000000000e+03,1.095557669875167478e-01,3.999999999999998668e+00,1.142590106030325417e-02,1.254397564348019011e-05
1.163000000000000000e+03,1.095554303496394793e-01,3.999999999999998668e+00,1.141941761691080658e-02,2.028201795392794594e-05
1.164000000000000000e+03,1.095550933760819773e-01,3.999999999999999112e+00,1.140986980296723914e-02,3.931333284277076153e-05
1.165000000000000000e+03,1.095547565784980582e-01,4.000000000000000000e+00,1.140639513213003581e-02,3.532357098053196659e-05
1.166000000000000000e+03,1.095544187072914483e-01,4.000000000000000000e+00,1.139732957350011663e-02,1.342709012569258265e-05
1.167000000000000000e+03,1.095540812067019865e-01,4.000000000000000888e+00,1.139045266431510869e-02,1.374429115608919718e-05
1.168000000000000000e+03,1.095537439602202179e-01,4.000000000000000000e+00,1.138559072189702578e-02,3.063677109314375967e-05
1.169000000000000000e+03,1.095534057500283931e-01,4.000000000000000000e+00,1.137594996460617423e-02,3.023317429200135693e-05
1.170000000000000000e+03,1.095530677572342099e-01,4.000000000000000000e+00,1.137104893340801920e-02,1.391659598246368269e-05
1.171000000000000000e+03,1.095527294642850424e-01,3.999999999999998668e+00,1.136385872165948489e-02,7.743201484286383238e-06
1.172000000000000000e+03,1.095523910332966699e-01,4.000000000000000888e+00,1.135553319379294102e-02,2.349239566957423076e-05
1.173000000000000000e+03,1.095520527701255714e-01,4.000000000000000000e+00,1.135082680586093837e-02,2.540521041933801197e-05
1.174000000000000000e+03,1.095517137206915431e-01,4.000000000000000888e+00,1.134209698406854136e-02,1.453232647308224390e-05
1.175000000000000000e+03,1.095513748557858380e-01,3.999999999999999112e+00,1.133570434755709448e-02,3.085604812734139371e-06
1.176000000000000000e+03,1.095510359954945390e-01,4.000000000000000000e+00,1.132965729956031224e-02,1.689893648217941438e-05
1.177000000000000000e+03,1.095506966344944183e-01,4.000000000000000000e+00,1.132097575256181543e-02,2.127905789129972932e-05
1.178000000000000000e+03,1.095503574124622181e-01,3.999999999999999112e+00,1.131562014946895477e-02,1.431956447107844336e-05
1.179000000000000000e+03,1.095500177765062477e-01,4.000000000000000000e+00,1.130794961375705503e-02,1.593796186086893113e-06
1.180000000000000000e+03,1.095496781158816491e-01,3.999999999999999112e+00,1.130051178623194853e-02,1.151023316541465594e-05
1.181000000000000000e+03,1.095493385302275663e-01,4.000000000000001776e+00,1.129481556110725933e-02,1.696258239908568185e-05
1.182000000000000000e+03,1.095489984239942788e-01,4.000000000000001776e+00,1.128643115088424215e-02,1.390886586585668329e-05
1.183000000000000000e+03,1.095486584271357783e-01,4.000000000000000000e+00,1.128051472919502571e-02,4.145530505815565213e-06
1.184000000000000000e+03,1.095483181644392595e-01,3.999999999999999112e+00,1.127359875438873997e-02,6.529760359211107317e-06
1.185000000000000000e+03,1.095479776147273016e-01,4.000000000000001776e+00,1.126568053898330604e-02,1.317523753197631681e-05
1.186000000000000000e+03,1.095476370916333986e-01,4.000000000000000000e+00,1.125980944501890450e-02,1.257487589761372344e-05
1.187000000000000000e+03,1.095472961419639013e-01,3.999999999999999556e+00,1.125193750257735652e-02,6.381432030673657102e-06
1.188000000000000000e+03,1.095469551837324473e-01,4.000000000000000000e+00,1.124507744657696207e-02,2.743207376750081896e-06
1.189000000000000000e+03,1.095466141510770541e-01,4.000000000000000000e+00,1.123856294180290878e-02,9.112360446916827696e-06
1.190000000000000000e+03,1.095462728065902530e-01,4.000000000000000000e+00,1.123059609899262901e-02,1.097306761875324107e-05
1.191000000000000000e+03,1.095459315185533106e-01,3.999999999999999556e+00,1.122433925976445111e-02,7.264143728958613292e-06
1.192000000000000000e+03,1.095455899922342102e-01,3.999999999999999112e+00,1.121690220774096414e-02,1.470098454747569910e-06
1.193000000000000000e+03,1.095452484141653943e-01,4.000000000000000888e+00,1.120960746784820106e-02,5.802826387848431245e-06
1.194000000000000000e+03,1.095449068564372241e-01,4.000000000000000888e+00,1.120317859346241750e-02,8.614667480195483832e-06
1.195000000000000000e+03,1.095445650460929732e-01,3.999999999999999112e+00,1.119537282762888587e-02,7.590345625946380384e-06
1.196000000000000000e+03,1.095442232955941980e-01,4.000000000000000000e+00,1.118874908488375931e-02,3.008571772596047737e-06
1.197000000000000000e+03,1.095438814348790868e-01,4.000000000000000000e+00,1.118161801015091911e-02,2.526616589813645466e-06
1.198000000000000000e+03,1.095435394888788633e-01,4.000000000000000888e+00,1.117411734877973330e-02,6.366147890824352577e-06
1.199000000000000000e+03,1.095431976045436601e-01,3.999999999999999556e+00,1.116759100743983449e-02,6.788816270665888235e-06
1.200000000000000000e+03,1.095428555489609546e-01,4.000000000000000888e+00,1.115998149280525084e-02,4.518770355418345312e-06
1.201000000000000000e+03,1.095425135439649506e-01,4.000000000000000000e+00,1.115307076914433086e-02,9.408435377651078332e-07
1.202000000000000000e+03,1.095421715118782002e-01,3.999999999999997780e+00,1.114610782188436497e-02,3.666606574335268446e-06
1.203000000000000000e+03,1.095418293907694934e-01,3.999999999999999556e+00,1.113856524836592810e-02,5.639896993011612387e-06
1.204000000000000000e+03,1.095414873440932330e-01,4.000000000000000888e+00,1.113188549020313611e-02,4.741695560423519699e-06
1.205000000000000000e+03,1.095411451959020649e-01,4.000000000000000000e+00,1.112444144259002246e-02,2.371738768321351289e-06
1.206000000000000000e+03,1.095408030849736869e-01,4.000000000000000000e+00,1.111733176681271862e-02,1.797228302912745434e-06
1.207000000000000000e+03,1.095404609982759403e-01,4.000000000000000000e+00,1.111042010394584605e-02,3.787137019405817140e-06
1.208000000000000000e+03,1.095401188433599571e-01,4.000000000000000888e+00,1.110291217611079559e-02,4.515450122456742529e-06
1.209000000000000000e+03,1.095397767668918332e-01,4.000000000000000888e+00,1.109608981615002772e-02,3.064993261135555654e-06
1.210000000000000000e+03,1.095394346423714110e-01,4.000000000000000000e+00,1.108876918351949653e-02,1.193149584115299117e-06
1.211000000000000000e+03,1.095390925457367104e-01,4.000000000000000000e+00,1.108154447686225848e-02,2.255759542628078375e-06
1.212000000000000000e+03,1.095387505013575014e-01,4.000000000000000000e+00,1.107461356954640014e-02,3.389491750843392659e-06
1.213000000000000000e+03,1.095384084178743500e-01,3.999999999999999112e+00,1.106715639738292678e-02,3.455781055407642237e-06
1.214000000000000000e+03,1.095380664160165579e-01,4.000000000000000000e+00,1.106021463772198336e-02,1.964584511771678817e-06
1.215000000000000000e+03,1.095377244089131424e-01,4.000000000000000000e+00,1.105297250599410717e-02,9.810746365452038921e-07
1.216000000000000000e+03,1.095373824312325106e-01,4.000000000000000000e+00,1.104569768430784318e-02,2.257362285319851568e-06
1.217000000000000000e+03,1.095370405220354310e-01,3.999999999999999112e+00,1.103872378221693734e-02,2.802620037956853112e-06
1.218000000000000000e+03,1.095366986020843425e-01,4.000000000000001776e+00,1.103131488705845833e-02,2.617269187266702351e-06
1.219000000000000000e+03,1.095363567666831905e-01,4.000000000000000000e+00,1.102427958770198051e-02,1.405576980497788843e-06
1.220000000000000000e+03,1.095360149593847116e-01,3.999999999999999112e+00,1.101707368853370624e-02,1.118722096646250439e-06
1.221000000000000000e+03,1.095356731930075267e-01,4.000000000000000000e+00,1.100978329166406484e-02,2.078939920971619298e-06
1.222000000000000000e+03,1.095353315085030033e-01,4.000000000000000000e+00,1.100276408304764857e-02,2.259394859448969822e-06
1.223000000000000000e+03,1.095349898403503858e-01,3.999999999999999112e+00,1.099539792080355197e-02,2.014075379124502474e-06
1.224000000000000000e+03,1.095346482614900363e-01,4.000000000000000000e+00,1.098829779882871775e-02,1.165051353552828022e-06
1.225000000000000000e+03,1.095343067361083667e-01,3.999999999999999112e+00,1.098109987769687115e-02,1.192256988694391300e-06
1.226000000000000000e+03,1.095339652682676829e-01,4.000000000000000000e+00,1.097380706331378165e-02,1.860932838449898320e-06
1.227000000000000000e+03,1.095336238959879610e-01,4.000000000000000000e+00,1.096674422398464209e-02,1.853461930142483106e-06
1.228000000000000000e+03,1.095332825671465476e-01,3.999999999999999112e+00,1.095941199214478697e-02,1.634739829580483273e-06
1.229000000000000000e+03,1.095329413367149285e-01,4.000000000000000888e+00,1.095227293111906627e-02,1.048208280722309617e-06
1.230000000000000000e+03,1.095326001806551930e-01,4.000000000000000000e+00,1.094507153020478699e-02,1.138271271265762562e-06
1.231000000000000000e+03,1.095322591004382340e-01,3.999999999999999112e+00,1.093778328453812870e-02,1.634075471454472789e-06
1.232000000000000000e+03,1.095319181291267707e-01,3.999999999999999112e+00,1.093068044474937960e-02,1.578297753662619045e-06
1.233000000000000000e+03,1.095315772272104221e-01,4.000000000000000888e+00,1.092337051271177750e-02,1.438606840102387557e-06
1.234000000000000000e+03,1.095312364371722746e-01,3.999999999999999556e+00,1.091620880727602397e-02,1.034705592450137425e-06
1.235000000000000000e+03,1.095308957412292894e-01,3.999999999999999112e+00,1.090900080441713563e-02,1.080286597720569484e-06
1.236000000000000000e+03,1.095305551406778877e-01,4.000000000000000000e+00,1.090172335132683773e-02,1.431773136012569713e-06
1.237000000000000000e+03,1.095302146621217193e-01,3.999999999999998224e+00,1.089458855147492668e-02,1.383557791118232104e-06
1.238000000000000000e+03,1.095298742764615474e-01,4.000000000000000000e+00,1.088729283795610361e-02,1.335165165790521762e-06
1.239000000000000000e+03,1.095295340179536364e-01,4.000000000000000000e+00,1.088011665337574978e-02,1.055228270632589329e-06
1.240000000000000000e+03,1.095291938726924430e-01,4.000000000000000000e+00,1.087290006652468465e-02,1.052294123041475639e-06
1.241000000000000000e+03,1.095288538434733006e-01,4.000000000000000888e+00,1.086563640606734958e-02,1.276559918786082638e-06
1.242000000000000000e+03,1.095285139501268740e-01,3.999999999999999556e+00,1.085847855182099295e-02,1.237006313646603250e-06
1.243000000000000000e+03,1.095281741714580759e-01,4.000000000000000000e+00,1.085119458015621624e-02,1.255629216368220035e-06
1.244000000000000000e+03,1.095278345356456018e-01,4.000000000000000000e+00,1.084400965302333847e-02,1.066235605488511577e-06
1.245000000000000000e+03,1.095274950313564755e-01,4.000000000000000000e+00,1.083678396057618024e-02,1.053785557450694364e-06
1.246000000000000000e+03,1.095271556639697691e-01,3.999999999999999556e+00,1.082953395313815750e-02,1.183647710029941390e-06
1.247000000000000000e+03,1.095268164474169637e-01,4.000000000000001776e+00,1.082235942556614844e-02,1.150321535256482109e-06
1.248000000000000000e+03,1.095264773667483788e-01,3.999999999999999112e+00,1.081508772608401683e-02,1.198555645160134528e-06
1.249000000000000000e+03,1.095261384449258413e-01,3.999999999999999556e+00,1.080789928651829622e-02,1.061328899765330920e-06
1.250000000000000000e+03,1.095257996721294008e-01,4.000000000000000000e+00,1.080066698440969482e-02,1.055737390231099398e-06
1.251000000000000000e+03,1.095254610563045072e-01,3.999999999999999112e+00,1.079342996223728660e-02,1.125913404047257253e-06
1.252000000000000000e+03,1.095251226066411704e-01,4.000000000000000000e+00,1.078624249318996253e-02,1.105149392930107647e-06
1.253000000000000000e+03,1.095247843137676647e-01,4.000000000000000000e+00,1.077898362573137189e-02,1.163974430183075573e-06
1.254000000000000000e+03,1.095244461961382004e-01,4.000000000000000000e+00,1.077179497657131980e-02,1.059288257213398974e-06
1.255000000000000000e+03,1.095241082450346543e-01,3.999999999999999556e+00,1.076456057277928348e-02,1.058205869143132786e-06
1.256000000000000000e+03,1.095237704701445824e-01,4.000000000000001776e+00,1.075733700511160608e-02,1.083108385654280945e-06
1.257000000000000000e+03,1.095234328766888920e-01,3.999999999999999112e+00,1.075014013654785293e-02,1.076246048790731861e-06
1.258000000000000000e+03,1.095230954603291229e-01,3.999999999999999556e+00,1.074289490631299450e-02,1.137470952783471376e-06
1.259000000000000000e+03,1.095227582356071983e-01,3.999999999999999112e+00,1.073570720415855696e-02,1.062446461597906014e-06
1.260000000000000000e+03,1.095224211952624399e-01,4.000000000000000888e+00,1.072847532044016866e-02,1.067872092055270340e-06
1.261000000000000000e+03,1.095220843423973384e-01,4.000000000000000000e+00,1.072762412162389656e-02,1.081269437942680877e-05
1.262000000000000000e+03,1.095217457030286112e-01,4.000000000000000000e+00,1.072034987203977774e-02,8.799380625040275041e-06
1.263000000000000000e+03,1.095214056103779032e-01,4.000000000000000888e+00,1.071298917305520820e-02,5.388337599393309856e-06
1.264000000000000000e+03,1.095210643326300359e-01,4.000000000000000888e+00,1.070562584768922944e-02,1.518891459001789161e-06
1.265000000000000000e+03,1.095207220993064945e-01,4.000000000000000000e+00,1.069819587660823454e-02,2.733222501441337338e-06
1.266000000000000000e+03,1.095203791293395401e-01,4.000000000000000000e+00,1.069077837617296231e-02,5.518861934480978330e-06
1.267000000000000000e+03,1.095200356082106086e-01,4.000000000000000000e+00,1.068334824529915995e-02,6.949500856287373556e-06
1.268000000000000000e+03,1.095196917065508063e-01,3.999999999999999112e+00,1.067590915934215484e-02,6.833282299307131317e-06
1.269000000000000000e+03,1.095193475835581215e-01,4.000000000000000888e+00,1.066850028034266318e-02,5.334733931761344856e-06
1.270000000000000000e+03,1.095190033734279172e-01,3.999999999999999556e+00,1.066106521730629010e-02,2.936974361211547390e-06
1.271000000000000000e+03,1.095186592052199148e-01,4.000000000000000888e+00,1.065366010234357688e-02,8.703387054302874011e-07
1.272000000000000000e+03,1.095183151800179222e-01,4.000000000000000000e+00,1.064623696590517345e-02,2.840482195109905969e-06
1.273000000000000000e+03,1.095179713903527696e-01,3.999999999999998224e+00,1.063881269637733523e-02,4.724337776346530969e-06
1.274000000000000000e+03,1.095176279161782784e-01,4.000000000000000000e+00,1.063139421437904117e-02,5.634457610008112223e-06
1.275000000000000000e+03,1.095172848258117448e-01,4.000000000000000000e+00,1.062395189724234766e-02,5.475125465817659372e-06
1.276000000000000000e+03,1.095169421890611061e-01,4.000000000000000000e+00,1.061653254578888601e-02,4.371331069119651790e-06
1.277000000000000000e+03,1.095166000601352080e-01,4.000000000000000000e+00,1.060909799578428278e-02,2.679881308025649342e-06
1.278000000000000000e+03,1.095162584922949600e-01,3.999999999999999556e+00,1.060168542984505670e-02,1.025196194425998816e-06
1.279000000000000000e+03,1.095159175242091942e-01,4.000000000000001776e+00,1.059428688846063976e-02,1.514359075881380076e-06
1.280000000000000000e+03,1.095155771851986926e-01,4.000000000000000000e+00,1.058689965080480966e-02,2.671526321990609521e-06
1.281000000000000000e+03,1.095152374987869853e-01,3.999999999999999112e+00,1.057954972943908438e-02,3.196684950280361200e-06
1.282000000000000000e+03,1.095148984756011412e-01,4.000000000000000000e+00,1.057220586731386948e-02,3.006306638771927871e-06
1.283000000000000000e+03,1.095145601266537122e-01,3.999999999999999556e+00,1.056489937475281818e-02,2.200102376633524373e-06
1.284000000000000000e+03,1.095142224517303281e-01,3.999999999999999112e+00,1.055760347408195299e-02,1.149747056743682431e-06
1.285000000000000000e+03,1.095138854492354596e-01,4.000000000000000000e+00,1.055032599330364175e-02,1.071486837459020530e-06
1.286000000000000000e+03,1.095135491126345006e-01,3.999999999999999556e+00,1.054306668736494645e-02,2.052118244293754749e-06
1.287000000000000000e+03,1.095132134307728183e-01,4.000000000000000000e+00,1.053580712745777470e-02,2.848368691206915059e-06
1.288000000000000000e+03,1.095128783951037216e-01,4.000000000000000888e+00,1.052856858981848949e-02,3.162533424867650910e-06
1.289000000000000000e+03,1.095125439921894317e-01,3.999999999999999556e+00,1.052132630387694195e-02,2.978326956810096683e-06
1.290000000000000000e+03,1.095122102132380371e-01,4.000000000000000000e+00,1.051410070862118795e-02,2.378320287000269105e-06
1.291000000000000000e+03,1.095118770462698704e-01,4.000000000000001776e+00,1.050688179469167968e-02,1.574594500532253149e-06
1.292000000000000000e+03,1.095115444799412419e-01,4.000000000000000000e+00,1.049967218213581494e-02,9.392259506290907872e-07
1.293000000000000000e+03,1.095112125026126010e-01,3.999999999999999112e+00,1.049248192212938122e-02,9.811858262124604929e-07
1.294000000000000000e+03,1.095108810992014431e-01,4.000000000000000000e+00,1.048529698833761820e-02,1.335760977568004189e-06
1.295000000000000000e+03,1.095105502570107442e-01,3.999999999999999556e+00,1.047813572252187173e-02,1.466238500625371563e-06
1.296000000000000000e+03,1.095102199593590286e-01,3.999999999999998668e+00,1.047098122614259497e-02,1.321331514501396839e-06
1.297000000000000000e+03,1.095098901920746048e-01,4.000000000000000000e+00,1.046384382163765246e-02,1.006238734840302744e-06
1.298000000000000000e+03,1.095095609391479735e-01,4.000000000000000000e+00,1.045673020029372867e-02,8.641578206498375463e-07
1.299000000000000000e+03,1.095092321804939928e-01,3.999999999999999112e+00,1.044960817157897237e-02,1.185048135976178259e-06
1.300000000000000000e+03,1.095089039042003859e-01,3.999999999999999112e+00,1.044249824404677729e-02,1.618993383928624782e-06
1.301000000000000000e+03,1.095085760876629843e-01,4.000000000000000888e+00,1.043524836393167066e-02,2.103766744466662789e-06
1.302000000000000000e+03,1.095082487680564542e-01,4.000000000000000888e+00,1.042815225116592442e-02,2.086697860517472052e-06
1.303000000000000000e+03,1.095079219296285350e-01,3.999999999999999556e+00,1.042107488983031426e-02,1.844282865243689326e-06
1.304000000000000000e+03,1.095075955529545286e-01,4.000000000000000888e+00,1.041398783277420331e-02,1.487352135604832614e-06
1.305000000000000000e+03,1.095072696268744872e-01,4.000000000000001776e+00,1.040690651111392598e-02,1.121851006956568654e-06
1.306000000000000000e+03,1.095069441410350120e-01,3.999999999999999112e+00,1.039982854910934638e-02,8.636344342233148918e-07
1.307000000000000000e+03,1.095066190873731915e-01,3.999999999999999556e+00,1.039276261284554324e-02,7.916989942418904071e-07
1.308000000000000000e+03,1.095062944569954871e-01,3.999999999999999556e+00,1.038569997395731061e-02,8.955379206730939468e-07
1.309000000000000000e+03,1.095059702433806431e-01,4.000000000000000888e+00,1.037864959156177547e-02,1.008499958074735005e-06
1.310000000000000000e+03,1.095056464389942141e-01,4.000000000000000888e+00,1.037160343838464116e-02,1.060847579726835987e-06
1.311000000000000000e+03,1.095053230381773796e-01,4.000000000000000888e+00,1.036456579768570835e-02,1.056177099220363228e-06
1.312000000000000000e+03,1.095050000353628428e-01,4.000000000000000888e+00,1.035753501334322688e-02,1.077563495738625536e-06
1.313000000000000000e+03,1.095046774255307859e-01,4.000000000000000888e+00,1.035050814761957934e-02,1.181832574482929332e-06
1.314000000000000000e+03,1.095043552050581487e-01,4.000000000000000000e+00,1.034348844585885469e-02,1.315618853995221619e-06
1.315000000000000000e+03,1.095040333703852231e-01,4.000000000000000888e+00,1.033646811993796724e-02,1.406998052803680068e-06
1.316000000000000000e+03,1.095037119206994786e-01,4.000000000000000000e+00,1.032945293512071983e-02,1.403646451814924935e-06
1.317000000000000000e+03,1.095033908556268393e-01,3.999999999999999112e+00,1.032243729220058692e-02,1.328559904126659698e-06
1.318000000000000000e+03,1.095030701771139703e-01,4.000000000000000000e+00,1.031542662258399211e-02,1.222536338535092356e-06
1.319000000000000000e+03,1.095027498872929300e-01,4.000000000000000888e+00,1.030842024957831331e-02,1.128060774159800660e-06
1.320000000000000000e+03,1.095024299887527724e-01,3.999999999999999112e+00,1.030141892348174389e-02,1.052281746908510735e-06
1.321000000000000000e+03,1.095021104843114934e-01,4.000000000000001776e+00,1.029442509399157782e-02,9.789255608159354354e-07
1.322000000000000000e+03,1.095017913762303396e-01,3.999999999999999556e+00,1.028743490341056839e-02,9.145400975269915702e-07
1.323000000000000000e+03,1.095014726676565020e-01,3.999999999999999112e+00,1.028045267155401968e-02,8.681866435025986916e-07
1.324000000000000000e+03,1.095011543610674570e-01,4.000000000000000888e+00,1.027347374409667835e-02,8.725756921657476574e-07
1.325000000000000000e+03,1.095008364599655976e-01,3.999999999999999112e+00,1.026650203738828371e-02,9.244573850315368344e-07
1.326000000000000000e+03,1.095005189674066182e-01,4.000000000000000000e+00,1.025953452598160794e-02,1.017403775485263508e-06
1.327000000000000000e+03,1.095002018870625815e-01,4.000000000000000000e+00,1.025257225255237631e-02,1.123951764137660320e-06
1.328000000000000000e+03,1.094998852227402619e-01,4.000000000000000000e+00,1.024561495681970691e-02,1.213800520652025962e-06
1.329000000000000000e+03,1.094995689784143411e-01,4.000000000000001776e+00,1.023866135810060779e-02,1.261228184437245450e-06
1.330000000000000000e+03,1.094992531586324869e-01,4.000000000000000000e+00,1.023171421445108129e-02,1.248170719267270182e-06
1.331000000000000000e+03,1.094989377675285314e-01,4.000000000000000000e+00,1.022477115373620661e-02,1.185389439297719831e-06
1.332000000000000000e+03,1.094986228097219183e-01,4.000000000000000888e+00,1.021783567660550576e-02,1.091568806854339648e-06
1.333000000000000000e+03,1.094983082891178711e-01,4.000000000000000000e+00,1.021090505407456182e-02,1.003053399128789474e-06
1.334000000000000000e+03,1.094979942099748443e-01,4.000000000000000888e+00,1.020398159229252665e-02,9.392781960710771266e-07
1.335000000000000000e+03,1.094976805761345290e-01,3.999999999999999556e+00,1.019706388619016392e-02,9.116856930110586239e-07
1.336000000000000000e+03,1.094973673915990015e-01,4.000000000000000888e+00,1.019015288037396390e-02,9.160907481833962978e-07
1.337000000000000000e+03,1.094970546602265227e-01,4.000000000000000000e+00,1.018324920857880192e-02,9.448916382603849146e-07
1.338000000000000000e+03,1.094967423855498501e-01,4.000000000000000000e+00,1.017635212529045818e-02,9.904757621051562203e-07
1.339000000000000000e+03,1.094964305710657976e-01,3.999999999999999556e+00,1.016946318430979324e-02,1.037560681384397120e-06
1.340000000000000000e+03,1.094961192197018152e-01,4.000000000000000888e+00,1.016258024491033599e-02,1.078719283987892098e-06
1.341000000000000000e+03,1.094958083345947408e-01,4.000000000000000888e+00,1.015570511605294775e-02,1.102582994523603341e-06
1.342000000000000000e+03,1.094954979184490640e-01,3.999999999999999112e+00,1.014883578534645989e-02,1.109910910064511653e-06
1.343000000000000000e+03,1.094951879742757234e-01,3.999999999999998668e+00,1.014197396915149200e-02,1.098396806932706726e-06
1.344000000000000000e+03,1.094948785047989981e-01,3.999999999999999112e+00,1.013511857876278968e-02,1.074251526910101490e-06
1.345000000000000000e+03,1.094945695128874685e-01,4.000000000000000000e+00,1.012827046182140402e-02,1.043463323795025215e-06
1.346000000000000000e+03,1.094942610012807210e-01,4.000000000000000888e+00,1.012142951579674509e-02,1.015386953801458393e-06
1.347000000000000000e+03,1.094939529726663696e-01,4.000000000000000000e+00,1.011459565742337668e-02,9.968280389573445789e-07
1.348000000000000000e+03,1.094936454297382317e-01,4.000000000000000000e+00,1.010776984260250075e-02,9.868366782150841986e-07
1.349000000000000000e+03,1.094933383749017719e-01,4.000000000000000000e+00,1.010095138223414922e-02,9.837067152613432350e-07
1.350000000000000000e+03,1.094930318105648698e-01,4.000000000000001776e+00,1.009414166076623605e-02,9.818785234947919575e-07
1.351000000000000000e+03,1.094927257386952846e-01,3.999999999999999112e+00,1.008733939209531874e-02,9.844235925731294682e-07
1.352000000000000000e+03,1.094924201613155790e-01,4.000000000000000000e+00,1.008054566538411738e-02,9.909970508300685838e-07
1.353000000000000000e+03,1.094921150801389798e-01,4.000000000000000000e+00,1.007375912649655612e-02,1.004394307466513205e-06
1.354000000000000000e+03,1.094918104970614842e-01,3.999999999999999112e+00,1.006698062233081850e-02,1.019675089077422314e-06
1.355000000000000000e+03,1.094915064138619887e-01,4.000000000000000888e+00,1.006020943573369790e-02,1.033520656255401507e-06
1.356000000000000000e+03,1.094912028324637465e-01,4.000000000000000000e+00,1.005344613005168530e-02,1.040837275945936812e-06
1.357000000000000000e+03,1.094908997547376361e-01,4.000000000000000000e+00,1.004669059405943927e-02,1.039946379385783682e-06
1.358000000000000000e+03,1.094905971825568813e-01,4.000000000000000000e+00,1.003994285211716637e-02,1.031071296971553378e-06
1.359000000000000000e+03,1.094902951178004652e-01,4.000000000000000888e+00,1.003320323116199328e-02,1.015651373068939982e-06
1.360000000000000000e+03,1.094899935622603016e-01,4.000000000000000888e+00,1.002647138091570037e-02,9.978722822089660397e-07
1.361000000000000000e+03,1.094896925177870073e-01,4.000000000000000000e+00,1.001974802578676181e-02,9.803435468223865660e-07
1.362000000000000000e+03,1.094893919860653597e-01,4.000000000000000888e+00,1.001303257377285198e-02,9.679281358867852327e-07
1.363000000000000000e+03,1.094890919688521619e-01,3.999999999999999112e+00,1.000632581406670461e-02,9.613158344282546273e-07
1.364000000000000000e+03,1.094887924677230007e-01,4.000000000000000000e+00,9.999626951731357960e-03,9.628567036482488053e-07
1.365000000000000000e+03,1.094884934843686070e-01,3.999999999999999112e+00,9.992936679327846586e-03,9.699813442617536278e-07
1.366000000000000000e+03,1.094881950203569210e-01,4.000000000000000000e+00,9.986254286049140935e-03,9.814686207537762444e-07
1.367000000000000000e+03,1.094878970773862231e-01,4.000000000000000000e+00,9.979580424039591682e-03,9.922167510632126860e-07
1.368000000000000000e+03,1.094875996570568583e-01,3.999999999999999112e+00,9.972914614302150205e-03,9.996428112624001158e-07
1.369000000000000000e+03,1.094873027610457766e-01,4.000000000000000000e+00,9.966257322280522649e-03,1.000635564934972379e-06
1.370000000000000000e+03,1.094870063909508251e-01,4.000000000000000000e+00,9.959608213741272947e-03,9.958194503356900587e-07
1.371000000000000000e+03,1.094867105484182424e-01,3.999999999999999556e+00,9.952967507005500147e-03,9.864896499545259134e-07
1.372000000000000000e+03,1.094864152350757125e-01,3.999999999999998224e+00,9.946335089933321799e-03,9.754976144376744644e-07
1.373000000000000000e+03,1.094861204525837683e-01,4.000000000000001776e+00,9.939711069806124802e-03,9.651537495503267595e-07
1.374000000000000000e+03,1.094858262026119078e-01,4.000000000000000000e+00,9.933095585118281376e-03,9.570029781021889230e-07
1.375000000000000000e+03,1.094855324868043156e-01,3.999999999999999112e+00,9.926488604394137841e-03,9.520478001476672956e-07
1.376000000000000000e+03,1.094852393068062590e-01,3.999999999999999112e+00,9.919890364379206280e-03,9.498380034688720134e-07
1.377000000000000000e+03,1.094849466641943797e-01,4.000000000000000000e+00,9.913300651609828484e-03,9.501891503268939967e-07
1.378000000000000000e+03,1.094846545605612509e-01,4.000000000000000000e+00,9.906719770723439525e-03,9.514080127865273281e-07
1.379000000000000000e+03,1.094843629974183719e-01,4.000000000000000000e+00,9.900147415849509108e-03,9.531080562145002199e-07
1.380000000000000000e+03,1.094840719763106873e-01,3.999999999999998668e+00,9.893583970559475735e-03,9.536762619302245427e-07
1.381000000000000000e+03,1.094837814986922842e-01,3.999999999999999112e+00,9.887029050353325979e-03,9.535117435353175065e-07
1.382000000000000000e+03,1.094834915660680696e-01,3.999999999999999112e+00,9.880483067191480478e-03,9.516144012822690305e-07
1.383000000000000000e+03,1.094832021798584215e-01,3.999999999999998668e+00,9.873945574094076388e-03,9.490709678055509660e-07
1.384000000000000000e+03,1.094829133415598371e-01,4.000000000000000000e+00,9.867417059288771664e-03,9.450860749888802083e-07
1.385000000000000000e+03,1.094826250525831740e-01,4.000000000000000000e+00,9.860897088456872447e-03,9.409312688997655023e-07
1.386000000000000000e+03,1.094823373144107881e-01,4.000000000000000000e+00,9.854386256571220568e-03,9.356599379897711660e-07
1.387000000000000000e+03,1.094820501284019809e-01,4.000000000000000888e+00,9.847884091063453110e-03,9.307117261368181763e-07
1.388000000000000000e+03,1.094817634959676378e-01,4.000000000000000888e+00,9.841391223980748559e-03,9.251787299441208946e-07
1.389000000000000000e+03,1.094814774183654749e-01,4.000000000000000000e+00,9.834907062322246693e-03,9.209229579422690933e-07
1.390000000000000000e+03,1.094811918969154224e-01,3.999999999999999556e+00,9.828432293727840455e-03,9.168725138628068059e-07
1.391000000000000000e+03,1.094809069327749157e-01,3.999999999999999556e+00,9.821966210642029543e-03,9.148432063324219326e-07
1.392000000000000000e+03,1.094806225271905548e-01,3.999999999999999556e+00,9.815509634090904822e-03,9.128909854688064686e-07
1.393000000000000000e+03,1.094803386810983131e-01,4.000000000000000888e+00,9.809080384079396295e-03,9.081564753033214647e-07
1.394000000000000000e+03,1.094800553897111728e-01,3.999999999999999556e+00,9.802641186184910330e-03,9.110031786170328290e-07
1.395000000000000000e+03,1.094797726555062634e-01,4.000000000000000888e+00,9.796210433956571706e-03,9.151803045989424606e-07
1.396000000000000000e+03,1.094794903626624821e-01,3.999999999999999112e+00,9.790574486740668408e-03,1.044274840631739386e-05
1.397000000000000000e+03,1.094792082644514414e-01,3.999999999999998668e+00,9.784167005387880978e-03,6.319056298044915468e-06
1.398000000000000000e+03,1.094789264448716160e-01,3.999999999999999112e+00,9.777777799664358685e-03,8.552926430499248463e-07
1.399000000000000000e+03,1.094786449503170334e-01,4.000000000000000000e+00,9.771367260539043018e-03,5.602159924645175905e-06
1.400000000000000000e+03,1.094783638058124675e-01,4.000000000000000888e+00,9.764960709155256699e-03,8.326664644489713271e-06
1.401000000000000000e+03,1.094780830348069528e-01,4.000000000000000000e+00,9.758508617283591369e-03,7.432861449759806172e-06
1.402000000000000000e+03,1.094778026969540630e-01,3.999999999999999112e+00,9.752079326992554864e-03,3.646573018070326722e-06
1.403000000000000000e+03,1.094775228512334803e-01,4.000000000000000000e+00,9.745608808350927216e-03,1.669771890837133438e-06
1.404000000000000000e+03,1.094772435535727728e-01,4.000000000000001776e+00,9.739203247757630480e-03,5.378036510450112137e-06
1.405000000000000000e+03,1.094769648212016722e-01,3.999999999999999112e+00,9.732755628409549276e-03,6.810106536365735506e-06
1.406000000000000000e+03,1.094766866880642897e-01,4.000000000000000000e+00,9.726410222698166769e-03,5.428743946447861225e-06
1.407000000000000000e+03,1.094764091654831240e-01,3.999999999999999112e+00,9.719989822103152974e-03,2.282850016695459937e-06
1.408000000000000000e+03,1.094761322912728568e-01,3.999999999999999556e+00,9.713702013075082090e-03,2.133717207436954073e-06
1.409000000000000000e+03,1.094758560498938216e-01,3.999999999999999112e+00,9.707272873033325616e-03,4.661148240744370662e-06
1.410000000000000000e+03,1.094755804698424595e-01,3.999999999999999556e+00,9.701027398230128648e-03,5.166629571433068909e-06
1.411000000000000000e+03,1.094753055266159125e-01,4.000000000000000000e+00,9.694552277652838598e-03,3.867082695711835700e-06
1.412000000000000000e+03,1.094750312819185445e-01,4.000000000000000888e+00,9.688370827919165484e-03,2.196194437849271949e-06
1.413000000000000000e+03,1.094747576993857496e-01,3.999999999999999112e+00,9.681837486043287644e-03,3.676210653876935805e-06
1.414000000000000000e+03,1.094744848549057403e-01,3.999999999999999112e+00,9.675787980606307889e-03,5.206320611411175987e-06
1.415000000000000000e+03,1.094742126630540990e-01,3.999999999999999112e+00,9.669171349140456839e-03,5.930565396136516155e-06
1.416000000000000000e+03,1.094739412340382245e-01,4.000000000000001776e+00,9.663334745038941118e-03,5.957685788260340077e-06
1.417000000000000000e+03,1.094736704247758763e-01,4.000000000000000888e+00,9.656540480383815975e-03,7.295825197111574903e-06
1.418000000000000000e+03,1.094734004123399662e-01,4.000000000000000000e+00,9.651018295672244424e-03,9.461942922469003460e-06
1.419000000000000000e+03,1.094731309530552477e-01,3.999999999999999556e+00,9.643865894237147601e-03,1.260217575732202357e-05
1.420000000000000000e+03,1.094728623512105647e-01,3.999999999999999112e+00,9.638854653649301871e-03,1.600641248251721011e-05
1.421000000000000000e+03,1.094725942126133778e-01,4.000000000000000000e+00,9.631053904312859501e-03,2.101334144554209806e-05
1.422000000000000000e+03,1.094723270789892400e-01,4.000000000000000000e+00,9.626943805297199369e-03,2.750004788013359845e-05
1.423000000000000000e+03,1.094720602854282049e-01,4.000000000000000000e+00,9.617989225030373207e-03,3.672465543136865318e-05
1.424000000000000000e+03,1.094717947940481717e-01,3.999999999999999556e+00,9.615498184950874161e-03,4.865545590319094588e-05
1.425000000000000000e+03,1.094715294817782542e-01,4.000000000000000000e+00,9.604443760120588702e-03,6.518516863613685417e-05
1.426000000000000000e+03,1.094712661398478948e-01,3.999999999999999112e+00,9.604879392239815475e-03,8.721129479371536055e-05
1.427000000000000000e+03,1.094710029338388513e-01,3.999999999999999556e+00,9.589933288045967424e-03,1.176841681516507457e-04
1.428000000000000000e+03,1.094707433944357711e-01,4.000000000000000000e+00,9.595739646086070759e-03,1.588920784813929027e-04
1.429000000000000000e+03,1.094704847925389163e-01,4.000000000000000888e+00,9.573516321909029611e-03,2.157961646056666947e-04
1.430000000000000000e+03,1.094702346881057942e-01,4.000000000000000000e+00,9.589361592137688947e-03,2.935450636625279767e-04
1.431000000000000000e+03,1.094699901790190111e-01,4.000000000000000000e+00,9.553438403747728860e-03,4.010082296373003929e-04
1.432000000000000000e+03,1.094697691787569899e-01,4.000000000000000000e+00,9.588279943490039467e-03,5.485400178163649500e-04
1.433000000000000000e+03,1.094695734720896041e-01,4.000000000000000000e+00,9.526490209558858419e-03,7.516233697912599876e-04
1.434000000000000000e+03,1.094694488727756959e-01,3.999999999999999112e+00,9.597211286624949059e-03,1.028018666323908059e-03
1.435000000000000000e+03,1.094694171963536827e-01,4.000000000000000888e+00,9.487420485548245588e-03,1.398690655566034143e-03
1.436000000000000000e+03,1.094695809249896790e-01,4.000000000000000000e+00,9.622998043561587292e-03,1.876770550676339208e-03
1.437000000000000000e+03,1.094699574871399322e-01,3.999999999999999112e+00,9.432888106552315965e-03,2.449204613711349933e-03
1.438000000000000000e+03,1.094705556608559782e-01,4.000000000000000000e+00,9.663870397318098313e-03,3.030572878698378856e-03
1.439000000000000000e+03,1.094709256719882950e-01,4.000000000000000000e+00,9.383129271228113355e-03,3.415131563556019628e-03
1.440000000000000000e+03,1.094704756176109878e-01,3.999999999999999112e+00,9.663959144955425878e-03,3.290822142278393599e-03
1.441000000000000000e+03,1.094689094908406352e-01,4.000000000000001776e+00,9.409703178223632197e-03,2.433441714442423787e-03
1.442000000000000000e+03,1.094673551132278599e-01,3.999999999999999112e+00,9.546003584405606326e-03,9.600866043682235130e-04
1.443000000000000000e+03,1.094669742013075625e-01,4.000000000000000888e+00,9.527219187231572226e-03,6.678698838510651161e-04
1.444000000000000000e+03,1.094675597892683094e-01,4.000000000000000000e+00,9.412555201877158620e-03,1.919366098423968886e-03
1.445000000000000000e+03,1.094678662057651519e-01,4.000000000000000000e+00,9.592644130044850753e-03,2.398743159400641613e-03
1.446000000000000000e+03,1.094670842514655629e-01,4.000000000000000888e+00,9.399502589656686877e-03,1.950656963386050019e-03
1.447000000000000000e+03,1.094660014639243090e-01,4.000000000000000888e+00,9.508134514174626170e-03,7.751570007382199831e-04
1.448000000000000000e+03,1.094656854467781354e-01,4.000000000000000000e+00,9.494595853948207057e-03,6.005172547965057905e-04
1.449000000000000000e+03,1.094659950600217341e-01,4.000000000000000000e+00,9.396428812076359355e-03,1.591229112035931958e-03
1.450000000000000000e+03,1.094659532259495416e-01,4.000000000000000000e+00,9.536248414206433682e-03,1.810520712422092164e-03
1.451000000000000000e+03,1.094652177029740298e-01,3.999999999999998668e+00,9.400078854079814764e-03,1.215265657829854053e-03
1.452000000000000000e+03,1.094645899277125467e-01,4.000000000000000000e+00,9.450760340469814558e-03,1.314350689028773048e-04
1.453000000000000000e+03,1.094645533007042593e-01,3.999999999999998668e+00,9.478335985954326054e-03,9.040476295319260997e-04
1.454000000000000000e+03,1.094646124126416598e-01,4.000000000000000000e+00,9.374003289089362367e-03,1.423735449642167224e-03
1.455000000000000000e+03,1.094642402308881046e-01,4.000000000000000000e+00,9.480968503874793660e-03,1.231145914194139122e-03
1.456000000000000000e+03,1.094636471810951084e-01,4.000000000000000000e+00,9.401535337235035830e-03,4.773376559961192830e-04
1.457000000000000000e+03,1.094633882638719330e-01,3.999999999999999556e+00,9.397747530702486862e-03,4.288369875464268888e-04
1.458000000000000000e+03,1.094633828198065817e-01,4.000000000000001776e+00,9.455010974866628198e-03,1.040437567672870042e-03
1.459000000000000000e+03,1.094631577069296313e-01,4.000000000000000000e+00,9.358456682890601078e-03,1.094098423887505988e-03
1.460000000000000000e+03,1.094627032588174481e-01,3.999999999999999112e+00,9.424778155717872599e-03,6.142272819358632861e-04
1.461000000000000000e+03,1.094623600425890936e-01,4.000000000000000000e+00,9.397536811448718719e-03,1.154818539600725919e-04
1.462000000000000000e+03,1.094622430288680198e-01,3.999999999999999112e+00,9.356692608034679684e-03,7.170070542582441392e-04
1.463000000000000000e+03,1.094620875567258594e-01,4.000000000000000000e+00,9.420229133086453766e-03,9.106464265402683649e-04
1.464000000000000000e+03,1.094617277756274459e-01,4.000000000000000888e+00,9.348265169311979067e-03,6.422524447831040682e-04
1.465000000000000000e+03,1.094613807266368449e-01,3.999999999999998224e+00,9.373179371904563281e-03,8.673884643575902997e-05
1.466000000000000000e+03,1.094611914249703777e-01,4.000000000000000000e+00,9.383177862396693478e-03,4.554728691523715536e-04
1.467000000000000000e+03,1.094610266079695249e-01,4.000000000000000000e+00,9.327685487820924770e-03,7.225169400990062154e-04
1.468000000000000000e+03,1.094607506429030042e-01,4.000000000000000888e+00,9.378356194407614158e-03,6.110466723752367227e-04
1.469000000000000000e+03,1.094604195548691539e-01,3.999999999999999112e+00,9.337481536361678935e-03,2.134720329728918376e-04
1.470000000000000000e+03,1.094601824435188359e-01,4.000000000000000000e+00,9.330272972406813622e-03,2.487439124671955520e-04
1.471000000000000000e+03,1.094600062016859165e-01,4.000000000000001776e+00,9.358246642219581954e-03,5.440473262214206218e-04
1.472000000000000000e+03,1.094597624675244518e-01,4.000000000000000888e+00,9.306378847302251497e-03,5.471447119286856594e-04
1.473000000000000000e+03,1.094594686757146829e-01,4.000000000000000000e+00,9.335727288428262438e-03,2.851169794601414909e-04
1.474000000000000000e+03,1.094592092038921827e-01,4.000000000000000000e+00,9.321650222148166950e-03,8.801382129354063495e-05
1.475000000000000000e+03,1.094590047663120819e-01,4.000000000000000000e+00,9.296194158025026036e-03,3.821069825031725192e-04
1.476000000000000000e+03,1.094587877081531352e-01,4.000000000000000000e+00,9.326259525677166665e-03,4.635094320715513585e-04
1.477000000000000000e+03,1.094585164474978778e-01,4.000000000000000000e+00,9.287629446533253452e-03,3.156275001459825911e-04
1.478000000000000000e+03,1.094582544355809789e-01,4.000000000000000000e+00,9.296550644486156062e-03,3.160001588063273515e-05
1.479000000000000000e+03,1.094580329004956332e-01,3.999999999999998668e+00,9.299663393026890226e-03,2.388366673915948981e-04
1.480000000000000000e+03,1.094578148750682545e-01,4.000000000000000000e+00,9.268418133294965833e-03,3.697362148335098264e-04
1.481000000000000000e+03,1.094575712240127008e-01,3.999999999999999112e+00,9.291506680827114895e-03,3.128725060459291280e-04
1.482000000000000000e+03,1.094573116679353753e-01,3.999999999999999556e+00,9.267804264484603635e-03,1.149444819481008288e-04
1.483000000000000000e+03,1.094570766203302459e-01,4.000000000000000000e+00,9.262073538774295151e-03,1.175154067843644417e-04
1.484000000000000000e+03,1.094568591037932692e-01,4.000000000000000000e+00,9.272863197535249555e-03,2.716807475959159466e-04
1.485000000000000000e+03,1.094566245480514677e-01,4.000000000000000000e+00,9.243865449352642316e-03,2.846911031396983901e-04
1.486000000000000000e+03,1.094563782257474971e-01,4.000000000000000000e+00,9.257095960549400343e-03,1.642775381650361886e-04
1.487000000000000000e+03,1.094561372491842655e-01,4.000000000000000888e+00,9.245400455471973478e-03,1.952770396682996652e-05
1.488000000000000000e+03,1.094559115912975694e-01,4.000000000000001776e+00,9.231605652077760210e-03,1.764578585647249653e-04
1.489000000000000000e+03,1.094556871598768300e-01,3.999999999999999112e+00,9.243380746071627047e-03,2.367865595881032915e-04
1.490000000000000000e+03,1.094554475753608674e-01,4.000000000000000000e+00,9.220154451139260868e-03,1.837453054727869277e-04
1.491000000000000000e+03,1.094552086495955284e-01,3.999999999999999112e+00,9.224467180957278759e-03,5.234192672684571327e-05
1.492000000000000000e+03,1.094549788874180085e-01,4.000000000000000888e+00,9.220456421975543188e-03,8.923872329489935834e-05
1.493000000000000000e+03,1.094547531746706409e-01,4.000000000000000888e+00,9.203769158670237205e-03,1.770437735170117468e-04
1.494000000000000000e+03,1.094545240511213685e-01,4.000000000000000000e+00,9.213028046542908259e-03,1.766063795511969457e-04
1.495000000000000000e+03,1.094542873331836863e-01,4.000000000000000000e+00,9.195986478856738727e-03,9.799842211022111800e-05
1.496000000000000000e+03,1.094540556030521861e-01,4.000000000000000000e+00,9.193855366500030754e-03,1.659227354926240744e-05
1.497000000000000000e+03,1.094538301209408565e-01,4.000000000000000888e+00,9.193715883220649268e-03,1.120840845611636468e-04
1.498000000000000000e+03,1.094536029106051300e-01,3.999999999999999556e+00,9.177287320855175012e-03,1.492888580962979271e-04
1.499000000000000000e+03,1.094533732918396285e-01,4.000000000000000000e+00,9.182899890945976293e-03,1.172239323529546736e-04
1.500000000000000000e+03,1.094531414938595404e-01,4.000000000000000000e+00,9.170918830572047029e-03,3.777860869700178889e-05
1.501000000000000000e+03,1.094529141610659506e-01,3.999999999999999556e+00,9.164893306501518955e-03,5.049376711473304945e-05
1.502000000000000000e+03,1.094526899412167353e-01,4.000000000000000888e+00,9.166010410831551547e-03,1.078726747993533444e-04
1.503000000000000000e+03,1.094524626509278120e-01,4.000000000000000000e+00,9.151293300408985462e-03,1.137298373277932374e-04
1.504000000000000000e+03,1.094522348144149615e-01,4.000000000000000888e+00,9.153469207836995025e-03,7.015881597460167673e-05
1.505000000000000000e+03,1.094520072136479227e-01,4.000000000000000000e+00,9.145008664136530102e-03,1.639668053839903043e-06
1.506000000000000000e+03,1.094517823189979921e-01,3.999999999999998668e+00,9.137061301462412466e-03,6.127633916372028937e-05
1.507000000000000000e+03,1.094515588201695200e-01,4.000000000000000000e+00,9.137967755272606921e-03,9.174995521881545546e-05
1.508000000000000000e+03,1.094513327876230485e-01,4.000000000000000000e+00,9.125322752813275207e-03,8.125967566430616386e-05
1.509000000000000000e+03,1.094511073185269467e-01,3.999999999999999112e+00,9.124812862089297025e-03,3.767143791628807650e-05
1.510000000000000000e+03,1.094508827543019674e-01,4.000000000000000000e+00,9.118502805433768843e-03,1.678539875227768363e-05
1.511000000000000000e+03,1.094506582520954341e-01,4.000000000000000000e+00,9.112153971714406428e-03,2.022159190578456435e-04
1.512000000000000000e+03,1.094504235859419389e-01,4.000000000000000888e+00,9.112687231109030742e-03,1.304472683737309326e-04
1.513000000000000000e+03,1.094501884606591119e-01,4.000000000000000000e+00,9.102260422005735083e-03,5.749115410754865107e-05
1.514000000000000000e+03,1.094499588352968733e-01,4.000000000000000000e+00,9.100329249272643209e-03,1.222223517858640393e-04
1.515000000000000000e+03,1.094497275408426451e-01,4.000000000000000000e+00,9.095276089927092911e-03,1.660243608059361754e-04
1.516000000000000000e+03,1.094494893654212320e-01,4.000000000000000000e+00,9.086364443559999046e-03,1.422047979406325369e-04
1.517000000000000000e+03,1.094492489982102079e-01,3.999999999999999112e+00,9.084946017569430279e-03,7.240068045720883354e-05
1.518000000000000000e+03,1.094490111222675838e-01,4.000000000000000000e+00,9.074969511641396355e-03,6.272480291765530013e-05
1.519000000000000000e+03,1.094487766618135460e-01,4.000000000000000000e+00,9.070990279134829096e-03,1.152301734632984461e-04
1.520000000000000000e+03,1.094485406994385734e-01,3.999999999999999556e+00,9.066183132176599754e-03,1.251451389403608800e-04
1.521000000000000000e+03,1.094483022623131407e-01,4.000000000000000000e+00,9.058069442950416120e-03,8.683190058472784096e-05
1.522000000000000000e+03,1.094480655872805130e-01,3.999999999999998668e+00,9.056519169999735497e-03,4.180174809438686801e-05
1.523000000000000000e+03,1.094478313931707553e-01,3.999999999999999556e+00,9.048497289668678764e-03,7.344585788030520441e-05
1.524000000000000000e+03,1.094475983897433558e-01,4.000000000000000888e+00,9.044315417680876684e-03,1.012844012447435547e-04
1.525000000000000000e+03,1.094473640143125287e-01,4.000000000000000888e+00,9.039599543186022795e-03,8.930999482728404950e-05
1.526000000000000000e+03,1.094471291514721722e-01,3.999999999999999112e+00,9.031542106772816325e-03,4.950558404061501845e-05
1.527000000000000000e+03,1.094468967566390866e-01,3.999999999999999112e+00,9.028489353343341350e-03,4.032365875282542105e-05
1.528000000000000000e+03,1.094466660024991655e-01,4.000000000000000000e+00,9.020650418893312247e-03,7.107590773101489946e-05
1.529000000000000000e+03,1.094464358861637204e-01,4.000000000000000000e+00,9.015878403790056686e-03,7.750615847829857188e-05
1.530000000000000000e+03,1.094462057432560448e-01,4.000000000000000000e+00,9.011282644175203430e-03,5.403551162533107017e-05
1.531000000000000000e+03,1.094459765783275251e-01,4.000000000000000000e+00,9.004240257349162974e-03,2.685169748077245603e-05
1.532000000000000000e+03,1.094457495539956082e-01,3.999999999999999112e+00,9.001126776893240630e-03,4.639847475835570792e-05
1.533000000000000000e+03,1.094455230806914980e-01,4.000000000000001776e+00,8.994167052562737977e-03,6.387561636910231736e-05
1.534000000000000000e+03,1.094452967275554162e-01,4.000000000000000000e+00,8.989234374392021318e-03,5.566386413369472051e-05
1.535000000000000000e+03,1.094450707454219379e-01,4.000000000000000000e+00,8.984143610747244435e-03,2.866699238056136603e-05
1.536000000000000000e+03,1.094448459154744591e-01,4.000000000000000888e+00,8.977064780827312407e-03,2.394975611830678778e-05
1.537000000000000000e+03,1.094446226607457134e-01,4.000000000000000000e+00,8.973059453763388219e-03,4.540183146837846343e-05
1.538000000000000000e+03,1.094443997862430684e-01,4.000000000000001776e+00,8.966262579678148381e-03,4.993241932021498676e-05
1.539000000000000000e+03,1.094441774910202697e-01,3.999999999999999556e+00,8.961391679034596755e-03,3.350965368360741344e-05
1.540000000000000000e+03,1.094439561175956227e-01,4.000000000000000000e+00,8.956443416592024462e-03,1.049676272085385950e-05
1.541000000000000000e+03,1.094437358293963575e-01,4.000000000000000000e+00,8.950132475133230903e-03,2.772761886874697349e-05
1.542000000000000000e+03,1.094435164928089094e-01,4.000000000000000000e+00,8.946016004638866759e-03,4.121964578821688078e-05
1.543000000000000000e+03,1.094432972761819334e-01,4.000000000000000000e+00,8.939502040600453767e-03,3.676286050937074780e-05
1.544000000000000000e+03,1.094430786624549790e-01,4.000000000000000000e+00,8.934442473796993731e-03,1.722910789345953112e-05
1.545000000000000000e+03,1.094428609355933418e-01,4.000000000000000000e+00,8.929018157203549161e-03,8.863290882701250188e-06
1.546000000000000000e+03,1.094426441126224864e-01,4.000000000000000000e+00,8.922775515138953173e-03,2.741099099854878965e-05
1.547000000000000000e+03,1.094424280982893294e-01,3.999999999999999556e+00,8.918266575156557144e-03,3.253628870830687644e-05
1.548000000000000000e+03,1.094422124711276895e-01,3.999999999999999112e+00,8.912042496345003520e-03,2.328186028601548626e-05
1.549000000000000000e+03,1.094419976707655118e-01,4.000000000000001776e+00,8.907241137294245187e-03,4.952489360296758800e-06
1.550000000000000000e+03,1.094417836602848276e-01,4.000000000000000000e+00,8.901946766782879369e-03,1.416977010596915533e-05
1.551000000000000000e+03,1.094415702722730394e-01,4.000000000000000888e+00,8.896190479977231572e-03,2.499864582758996791e-05
1.552000000000000000e+03,1.094413574108189929e-01,4.000000000000000888e+00,8.891499173049606519e-03,2.407823112350594258e-05
1.553000000000000000e+03,1.094411448890098004e-01,4.000000000000000888e+00,8.885364574545109168e-03,1.370092350827363031e-05
1.554000000000000000e+03,1.094409330880005971e-01,4.000000000000001776e+00,8.880407685852364369e-03,5.519453862775803381e-06
1.555000000000000000e+03,1.094407219046446278e-01,3.999999999999999112e+00,8.874853350159228257e-03,1.536335378392597123e-05
1.556000000000000000e+03,1.094405112768461752e-01,4.000000000000000000e+00,8.869287755470583665e-03,1.942010312175340573e-05
1.557000000000000000e+03,1.094403011873870957e-01,3.999999999999999556e+00,8.864473533525247737e-03,1.504609436552841009e-05
1.558000000000000000e+03,1.094400915246519640e-01,3.999999999999998668e+00,8.858684998419880108e-03,7.317548808983091690e-06
1.559000000000000000e+03,1.094398823549181110e-01,3.999999999999998668e+00,8.853064713714872691e-03,4.753307743691783359e-06
1.560000000000000000e+03,1.094396735792492192e-01,4.000000000000000000e+00,8.847621267014793914e-03,9.391498057277793601e-06
1.561000000000000000e+03,1.094394653728002903e-01,3.999999999999998668e+00,8.842370744888033637e-03,1.522349473487974173e-05
1.562000000000000000e+03,1.094392576251566329e-01,4.000000000000000000e+00,8.837400885916040644e-03,1.436785263860543590e-05
1.563000000000000000e+03,1.094390502360893663e-01,4.000000000000001776e+00,8.831743937603433667e-03,8.481604828396820930e-06
1.564000000000000000e+03,1.094388433555488205e-01,4.000000000000000000e+00,8.826887636598227532e-03,5.213784545394463357e-06
1.565000000000000000e+03,1.094386368492265560e-01,4.000000000000000888e+00,8.821382622220756697e-03,1.004295287880475899e-05
1.566000000000000000e+03,1.094384305922821987e-01,4.000000000000000000e+00,8.815897061590622849e-03,2.162109279125357136e-05
1.567000000000000000e+03,1.094382246309483914e-01,3.999999999999999112e+00,8.810901671460268786e-03,1.347304741454461238e-05
1.568000000000000000e+03,1.094380189964074684e-01,3.999999999999999112e+00,8.805610729504949677e-03,3.924795654009304449e-06
1.569000000000000000e+03,1.094378137374945881e-01,3.999999999999999556e+00,8.800879693063673459e-03,1.326082769697686175e-05
1.570000000000000000e+03,1.094376086068054171e-01,4.000000000000000000e+00,8.795536637773819499e-03,1.853125442415835936e-05
1.571000000000000000e+03,1.094374035637434850e-01,4.000000000000000888e+00,8.790588792597343881e-03,1.528365353928278281e-05
1.572000000000000000e+03,1.094371985798116703e-01,4.000000000000000888e+00,8.785411258447287791e-03,5.866514121221845076e-06
1.573000000000000000e+03,1.094369937303816265e-01,3.999999999999999556e+00,8.780143437239913348e-03,5.618655589993723630e-06
1.574000000000000000e+03,1.094367890255247139e-01,3.999999999999999112e+00,8.775209986090626649e-03,1.279028375390807353e-05
1.575000000000000000e+03,1.094365843270815597e-01,4.000000000000000000e+00,8.769888287427172330e-03,1.363759837026032997e-05
1.576000000000000000e+03,1.094363796676807582e-01,4.000000000000001776e+00,8.765025664555434193e-03,8.113711587972907680e-06
1.577000000000000000e+03,1.094361750020110269e-01,3.999999999999999556e+00,8.759879083877104844e-03,1.267923318777975681e-06
1.578000000000000000e+03,1.094359703430054925e-01,4.000000000000000000e+00,8.754831356214444471e-03,8.375289066550078472e-06
1.579000000000000000e+03,1.094357655871415064e-01,3.999999999999999112e+00,8.758253075555711559e-03,1.511886077277619367e-05
1.580000000000000000e+03,1.094355584811461113e-01,4.000000000000000000e+00,8.752863947603883865e-03,1.202021129146499663e-05
1.581000000000000000e+03,1.094353495225390965e-01,3.999999999999999112e+00,8.747678237009169286e-03,4.914991798490855227e-06
1.582000000000000000e+03,1.094351389856729334e-01,4.000000000000000888e+00,8.742108789650123238e-03,4.126027562358929999e-06
1.583000000000000000e+03,1.094349271745980456e-01,3.999999999999999112e+00,8.736730816991708504e-03,9.632802357249288882e-06
1.584000000000000000e+03,1.094347142741211171e-01,3.999999999999999112e+00,8.731274499139901960e-03,1.137357658892758327e-05
1.585000000000000000e+03,1.094345004852592673e-01,4.000000000000000000e+00,8.725773068171344474e-03,9.636096073636683747e-06
1.586000000000000000e+03,1.094342860211016816e-01,4.000000000000000000e+00,8.720455611429386508e-03,7.196099100270334940e-06
1.587000000000000000e+03,1.094340710124041272e-01,4.000000000000000000e+00,8.714891105591607290e-03,7.165092966399883743e-06
1.588000000000000000e+03,1.094338556239603799e-01,4.000000000000000000e+00,8.709526499013126380e-03,7.467063676536231991e-06
1.589000000000000000e+03,1.094336399461417753e-01,4.000000000000000000e+00,8.703945981385534728e-03,6.195248823372150030e-06
1.590000000000000000e+03,1.094334241310533501e-01,4.000000000000000888e+00,8.698401674056740682e-03,4.624601835111529395e-06
1.591000000000000000e+03,1.094332083021360147e-01,3.999999999999999112e+00,8.692853857403506218e-03,5.429286676147156939e-06
1.592000000000000000e+03,1.094329925550234783e-01,4.000000000000000000e+00,8.687180530285824875e-03,6.495988528383224000e-06
1.593000000000000000e+03,1.094327770018860418e-01,4.000000000000000000e+00,8.681675207153573617e-03,5.410271121993959556e-06
1.594000000000000000e+03,1.094325617016884689e-01,4.000000000000000000e+00,8.676006810937076166e-03,2.648121838409267178e-06
1.595000000000000000e+03,1.094323467536674199e-01,4.000000000000000000e+00,8.670494926312504944e-03,2.752231233456436192e-06
1.596000000000000000e+03,1.094321321925584567e-01,4.000000000000000000e+00,8.664913364191053832e-03,5.625430726808826078e-06
1.597000000000000000e+03,1.094319180595640234e-01,3.999999999999999112e+00,8.659351077720190554e-03,6.733164533949591863e-06
1.598000000000000000e+03,1.094317043902501840e-01,4.000000000000000888e+00,8.653858604696000253e-03,5.659927976249274659e-06
1.599000000000000000e+03,1.094314912071718410e-01,4.000000000000000888e+00,8.648273358871897201e-03,3.458628119847613007e-06
1.600000000000000000e+03,1.094312785499260421e-01,4.000000000000000000e+00,8.642907100230032627e-03,2.707592118902872027e-06
1.601000000000000000e+03,1.094310663973208780e-01,4.000000000000000888e+00,8.637370705085415518e-03,3.429600996585743154e-06
1.602000000000000000e+03,1.094308547727422254e-01,4.000000000000000000e+00,8.631938431259870287e-03,3.141037860250863829e-06
1.603000000000000000e+03,1.094306436684179124e-01,3.999999999999999556e+00,8.626480932514810768e-03,2.295773327517446096e-06
1.604000000000000000e+03,1.094304330839457606e-01,4.000000000000000888e+00,8.621013987037469406e-03,2.559981928888999761e-06
1.605000000000000000e+03,1.094302230172250479e-01,4.000000000000000000e+00,8.615600919147125766e-03,3.272533432955967047e-06
1.606000000000000000e+03,1.094300134493520205e-01,3.999999999999998668e+00,8.610101361417698065e-03,3.220179323295080609e-06
1.607000000000000000e+03,1.094298043891934885e-01,4.000000000000000000e+00,8.604694709221986232e-03,2.370317188085364909e-06
1.608000000000000000e+03,1.094295958211664449e-01,3.999999999999999556e+00,8.599218789305843394e-03,2.328671035064675520e-06
1.609000000000000000e+03,1.094293877487975269e-01,4.000000000000000000e+00,8.593816663332623854e-03,3.137685266471845381e-06
1.610000000000000000e+03,1.094291801526608432e-01,3.999999999999999112e+00,8.588419317099329348e-03,3.429471198240791001e-06
1.611000000000000000e+03,1.094289730146380257e-01,4.000000000000000000e+00,8.583033116026591441e-03,2.739911826228909100e-06
1.612000000000000000e+03,1.094287663173326708e-01,3.999999999999999556e+00,8.577708389055615709e-03,1.506318702359696096e-06
1.613000000000000000e+03,1.094285600283253918e-01,4.000000000000000000e+00,8.572334322564175921e-03,1.493600777992957606e-06
1.614000000000000000e+03,1.094283541300965085e-01,4.000000000000000000e+00,8.567026022575040950e-03,2.135085838806949846e-06
1.615000000000000000e+03,1.094281485881645199e-01,4.000000000000000000e+00,8.561656493187982594e-03,2.192124848350405329e-06
1.616000000000000000e+03,1.094279433894624343e-01,4.000000000000000000e+00,8.556321213633975506e-03,1.434768961387922421e-06
1.617000000000000000e+03,1.094277385136607494e-01,4.000000000000000000e+00,8.550966201429558919e-03,5.380775506784808730e-07
1.618000000000000000e+03,1.094275339469124309e-01,4.000000000000000000e+00,8.545607855159875407e-03,9.721392502977378523e-07
1.619000000000000000e+03,1.094273296756659575e-01,4.000000000000000888e+00,8.540306486751865489e-03,1.405920503719688218e-06
1.620000000000000000e+03,1.094271256726014885e-01,4.000000000000000000e+00,8.534951071319921145e-03,1.618292676817188946e-06
1.621000000000000000e+03,1.094269219273544258e-01,3.999999999999999112e+00,8.529648932375769391e-03,1.805993556321601121e-06
1.622000000000000000e+03,1.094267184153313310e-01,3.999999999999999556e+00,8.524310008888640044e-03,2.176655629297637779e-06
1.623000000000000000e+03,1.094265151239149081e-01,4.000000000000000888e+00,8.519005972176694683e-03,2.250460739661545308e-06
1.624000000000000000e+03,1.094263120325019017e-01,3.999999999999999112e+00,8.513681828422492437e-03,1.880748470982005012e-06
1.625000000000000000e+03,1.094261091287622584e-01,3.999999999999998668e+00,8.508359211310252343e-03,1.153189111699487666e-06
1.626000000000000000e+03,1.094259064011971205e-01,4.000000000000000000e+00,8.503045189561955416e-03,4.796155671993812482e-07
1.627000000000000000e+03,1.094257038362252271e-01,4.000000000000000888e+00,8.497707462822927729e-03,6.530089480067166447e-07
1.628000000000000000e+03,1.094255014268596254e-01,4.000000000000000000e+00,8.492397577321791555e-03,6.388724749518383758e-07
1.629000000000000000e+03,1.094252991584216406e-01,4.000000000000000000e+00,8.487055257318909529e-03,4.843232973781146413e-07
1.630000000000000000e+03,1.094250970256748778e-01,3.999999999999999556e+00,8.481737890299595808e-03,6.022789769186430267e-07
1.631000000000000000e+03,1.094248923785575145e-01,4.000000000000000888e+00,8.449935428968127077e-03,1.925696582263592338e-04
1.632000000000000000e+03,1.094246844035838273e-01,4.000000000000000000e+00,8.445510755864396937e-03,1.011861312641153032e-04
1.633000000000000000e+03,1.094244855825933643e-01,4.000000000000000000e+00,8.441895356906245484e-03,2.933827436331269770e-05
1.634000000000000000e+03,1.094242973082464876e-01,4.000000000000001776e+00,8.438353938315379388e-03,1.339357766237523522e-04
1.635000000000000000e+03,1.094241098392027822e-01,4.000000000000000000e+00,8.434844258290139646e-03,1.661676146097716830e-04
1.636000000000000000e+03,1.094239182923887888e-01,3.999999999999999112e+00,8.430856085766821190e-03,1.180650847698206274e-04
1.637000000000000000e+03,1.094237284160542722e-01,4.000000000000000000e+00,8.426888572128546362e-03,2.012302769020106417e-05
1.638000000000000000e+03,1.094235448272600913e-01,4.000000000000000000e+00,8.422952247146377192e-03,7.685124553816763816e-05
1.639000000000000000e+03,1.094233634633935137e-01,4.000000000000000000e+00,8.419479032575109823e-03,1.273338018372924545e-04
1.640000000000000000e+03,1.094231789496956375e-01,4.000000000000000000e+00,8.416416093854925048e-03,1.128081104109984674e-04
1.641000000000000000e+03,1.094229925395460434e-01,4.000000000000001776e+00,8.413738504789667130e-03,4.554293011886669765e-05
1.642000000000000000e+03,1.094228081153812981e-01,4.000000000000000000e+00,8.411250581344672378e-03,3.711048344769089221e-05
1.643000000000000000e+03,1.094226246255400742e-01,4.000000000000000000e+00,8.408440942497895365e-03,9.465997528450809074e-05
1.644000000000000000e+03,1.094224378538080356e-01,3.999999999999999112e+00,8.405336219075755164e-03,1.024563911322264026e-04
1.645000000000000000e+03,1.094222469292287503e-01,4.000000000000000000e+00,8.401665728641571559e-03,6.173620419938710159e-05
1.646000000000000000e+03,1.094220546802505134e-01,4.000000000000000000e+00,8.397802239669689695e-03,3.581572802627747931e-06
1.647000000000000000e+03,1.094218622679375835e-01,3.999999999999998668e+00,8.393788040930648744e-03,6.012467221799526625e-05
1.648000000000000000e+03,1.094216676290901968e-01,4.000000000000000000e+00,8.389912417363134742e-03,8.218326252908596328e-05
1.649000000000000000e+03,1.094214692584578458e-01,3.999999999999999556e+00,8.386168674821736085e-03,6.272870179054162716e-05
1.650000000000000000e+03,1.094212683703776195e-01,4.000000000000000888e+00,8.382450107241954523e-03,1.509800882913825172e-05
1.651000000000000000e+03,1.094210663076926604e-01,4.000000000000000000e+00,8.378643799431307465e-03,3.539989801516673566e-05
1.652000000000000000e+03,1.094208622169378364e-01,3.999999999999998668e+00,8.374449178141014916e-03,6.451781250810102145e-05
1.653000000000000000e+03,1.094206547247896233e-01,4.000000000000000000e+00,8.369914407602038059e-03,6.056915912313903143e-05
1.654000000000000000e+03,1.094204442262932536e-01,4.000000000000000000e+00,8.364922214676441883e-03,2.869770513931557972e-05
1.655000000000000000e+03,1.094202321545870160e-01,4.000000000000000000e+00,8.359766818895292967e-03,1.328969786470643806e-05
1.656000000000000000e+03,1.094200188260124468e-01,4.000000000000000000e+00,8.354481687071440080e-03,4.439117526290205337e-05
1.657000000000000000e+03,1.094198035385212653e-01,3.999999999999999556e+00,8.349287791466167286e-03,5.097986679166632346e-05
1.658000000000000000e+03,1.094195861996928587e-01,3.999999999999999112e+00,8.344128023384739593e-03,3.235618445638117229e-05
1.659000000000000000e+03,1.094193673163214586e-01,3.999999999999999556e+00,8.339920270694110155e-03,1.006945820487705212e-05
1.660000000000000000e+03,1.094191472801357978e-01,3.999999999999999112e+00,8.334643421796076451e-03,2.435169912717363841e-05
1.661000000000000000e+03,1.094189261016477732e-01,4.000000000000001776e+00,8.329123621825642101e-03,4.407700851297332423e-05
1.662000000000000000e+03,1.094187033379844798e-01,3.999999999999999112e+00,8.323345480433614121e-03,4.117834033088383364e-05
1.663000000000000000e+03,1.094184793810566991e-01,4.000000000000000000e+00,8.317291511199855977e-03,1.927245072028949181e-05
1.664000000000000000e+03,1.094182550919800823e-01,3.999999999999999112e+00,8.311134274123756216e-03,9.364262308609953009e-06
1.665000000000000000e+03,1.094180307855781853e-01,4.000000000000000000e+00,8.304934756419701108e-03,3.034545680199432407e-05
1.666000000000000000e+03,1.094178062817306452e-01,3.999999999999999112e+00,8.298844403068137560e-03,3.445784160975619574e-05
1.667000000000000000e+03,1.094175815397840368e-01,4.000000000000000000e+00,8.290929162709926095e-03,3.159107985220379103e-05
1.668000000000000000e+03,1.094173571823518903e-01,3.999999999999999112e+00,8.285030303993530520e-03,4.481449400945419674e-06
1.669000000000000000e+03,1.094171339864215414e-01,3.999999999999999556e+00,8.279128873321290466e-03,2.253880479974505890e-05
1.670000000000000000e+03,1.094169116544159576e-01,4.000000000000001776e+00,8.273119630157116378e-03,3.575810890854511104e-05
1.671000000000000000e+03,1.094166898609203326e-01,3.999999999999999112e+00,8.266990906410882217e-03,3.133252956122738626e-05
1.672000000000000000e+03,1.094164688510278899e-01,3.999999999999999556e+00,8.260738973185008382e-03,1.264583900827168514e-05
1.673000000000000000e+03,1.094162490729802539e-01,3.999999999999998668e+00,8.254490549979407246e-03,9.997145365930951562e-06
1.674000000000000000e+03,1.094160305792234861e-01,4.000000000000000000e+00,8.248292426120434895e-03,2.526181628244582954e-05
1.675000000000000000e+03,1.094158131538719714e-01,4.000000000000000888e+00,8.242258061829070212e-03,2.660538506969791978e-05
1.676000000000000000e+03,1.094155967772573734e-01,4.000000000000000000e+00,8.236325434620179325e-03,1.477273903116663494e-05
1.677000000000000000e+03,1.094153816385254746e-01,3.999999999999999112e+00,8.230499263852485495e-03,3.354943782248793116e-06
1.678000000000000000e+03,1.094151677409949536e-01,4.000000000000000000e+00,8.224638209800501018e-03,1.821107286019853206e-05
1.679000000000000000e+03,1.094149548718947040e-01,4.000000000000000000e+00,8.218738207015630071e-03,2.315533965862034968e-05
1.680000000000000000e+03,1.094147429160846757e-01,4.000000000000000000e+00,8.212738303131201373e-03,1.672802290099183940e-05
1.681000000000000000e+03,1.094145320010523892e-01,4.000000000000000888e+00,8.206715903328689471e-03,3.237703200308825779e-06
1.682000000000000000e+03,1.094143222439940694e-01,4.000000000000000000e+00,8.200699384057213645e-03,1.043982124320836720e-05
1.683000000000000000e+03,1.094141135846815049e-01,4.000000000000000000e+00,8.194771622387391624e-03,1.731685321383523776e-05
1.684000000000000000e+03,1.094139059112657908e-01,4.000000000000000000e+00,8.188936166851835258e-03,1.494025334282691535e-05
1.685000000000000000e+03,1.094136992179600143e-01,3.999999999999999556e+00,8.183187442317869584e-03,5.395444167536685859e-06
1.686000000000000000e+03,1.094134935217542098e-01,4.000000000000000888e+00,8.177472527991738738e-03,6.157438361146707207e-06
1.687000000000000000e+03,1.094132887365940193e-01,4.000000000000000000e+00,8.171739352308485249e-03,1.370043862165484664e-05
1.688000000000000000e+03,1.094130847337989182e-01,3.999999999999999112e+00,8.165962689978682396e-03,1.412025178394317060e-05
1.689000000000000000e+03,1.094128814764259300e-01,4.000000000000000888e+00,8.160134515911717304e-03,7.915534063870343574e-06
1.690000000000000000e+03,1.094126790097426360e-01,4.000000000000001776e+00,8.154301692367497620e-03,1.633107470920122862e-06
1.691000000000000000e+03,1.094124773387854521e-01,4.000000000000000000e+00,8.148487881631704538e-03,8.820358331101675305e-06
1.692000000000000000e+03,1.094122764040280499e-01,3.999999999999999556e+00,8.142742408761312681e-03,1.102615430407709845e-05
1.693000000000000000e+03,1.094120761498041106e-01,3.999999999999999556e+00,8.137047756470994903e-03,7.499550047608332190e-06
1.694000000000000000e+03,1.094118765595065851e-01,4.000000000000001776e+00,8.131409773830403434e-03,1.023536501192779172e-06
1.695000000000000000e+03,1.094116775960416038e-01,3.999999999999999112e+00,8.125763997921774118e-03,6.381623481014198780e-06
1.696000000000000000e+03,1.094114791866876157e-01,4.000000000000000000e+00,8.120110316147951396e-03,9.548883889242773689e-06
1.697000000000000000e+03,1.094112812670392787e-01,3.999999999999999112e+00,8.114403522662761228e-03,8.011573054676965209e-06
1.698000000000000000e+03,1.094110838295056509e-01,3.999999999999999556e+00,8.108688487437978182e-03,3.020022186064290755e-06
1.699000000000000000e+03,1.094108868811253243e-01,4.000000000000000000e+00,8.102953593569989579e-03,3.019808926410559260e-06
1.700000000000000000e+03,1.094106904080219544e-01,3.999999999999999112e+00,8.097263736362936282e-03,6.532572923448796244e-06
1.701000000000000000e+03,1.094104943713960360e-01,4.000000000000000000e+00,8.091591340217692968e-03,6.418547444987196768e-06
1.702000000000000000e+03,1.094102987471596011e-01,4.000000000000000000e+00,8.085976435059812756e-03,3.081440017665178413e-06
1.703000000000000000e+03,1.094101035106866959e-01,3.999999999999999556e+00,8.080352348223790795e-03,2.024281781752624899e-06
1.704000000000000000e+03,1.094099086295820533e-01,3.999999999999999556e+00,8.074747183437060855e-03,5.421464399683916237e-06
1.705000000000000000e+03,1.094097140572048710e-01,3.999999999999999112e+00,8.069088076351569466e-03,6.219283082859908846e-06
1.706000000000000000e+03,1.094095197743199244e-01,4.000000000000000000e+00,8.063435048004947980e-03,4.158953556273890635e-06
1.707000000000000000e+03,1.094093257761439564e-01,4.000000000000000000e+00,8.057730921576598815e-03,1.068218120463490157e-06
1.708000000000000000e+03,1.094091320685959823e-01,3.999999999999999556e+00,8.052071023415466669e-03,3.055572087662412042e-06
1.709000000000000000e+03,1.094089386342155523e-01,3.999999999999999556e+00,8.046383217946260699e-03,4.374052673159853676e-06
1.710000000000000000e+03,1.094087454633782819e-01,3.999999999999998668e+00,8.040770408152170950e-03,3.318099701923669650e-06
1.711000000000000000e+03,1.094085525352788690e-01,4.000000000000000000e+00,8.035111899272069300e-03,1.164764723589951343e-06
1.712000000000000000e+03,1.094083598426228709e-01,3.999999999999999556e+00,8.029523090457485468e-03,2.615537581492370558e-06
1.713000000000000000e+03,1.094081673539552824e-01,4.000000000000000000e+00,8.023838788587726520e-03,4.181717648544392930e-06
1.714000000000000000e+03,1.094079750637677595e-01,4.000000000000000888e+00,8.018228737020422631e-03,3.837011932783369467e-06
1.715000000000000000e+03,1.094077829545307828e-01,4.000000000000000000e+00,8.012488709205381823e-03,2.226814835082369437e-06
1.716000000000000000e+03,1.094075910467172119e-01,3.999999999999999556e+00,8.006874472918335331e-03,1.492033071063307107e-06
1.717000000000000000e+03,1.094073993228529551e-01,3.999999999999999112e+00,8.001106002114413696e-03,2.847063540427897442e-06
1.718000000000000000e+03,1.094072078023094335e-01,4.000000000000000000e+00,7.995539747375480372e-03,2.994440747543784328e-06
1.719000000000000000e+03,1.094070164525157152e-01,3.999999999999998224e+00,7.989754778910292121e-03,2.514697230065663419e-06
1.720000000000000000e+03,1.094068253009700259e-01,3.999999999999999556e+00,7.984251957953134721e-03,2.502046574630233701e-06
1.721000000000000000e+03,1.094066342989581941e-01,4.000000000000000888e+00,7.978402789203788148e-03,3.852580140220241831e-06
1.722000000000000000e+03,1.094064434874868763e-01,3.999999999999999556e+00,7.972955597507996525e-03,4.470550921646935150e-06
1.723000000000000000e+03,1.094062528034588505e-01,3.999999999999999112e+00,7.966980382565852503e-03,4.977998183288041495e-06
1.724000000000000000e+03,1.094060620766537095e-01,3.999999999999999556e+00,7.960760792325221810e-03,1.104510288767659247e-05
1.725000000000000000e+03,1.094058716233143186e-01,3.999999999999999112e+00,7.954679217845098821e-03,9.185710988330948094e-06
1.726000000000000000e+03,1.094056815708884384e-01,4.000000000000000000e+00,7.949637271264610450e-03,8.512784867130891470e-06
1.727000000000000000e+03,1.094054917457590176e-01,3.999999999999999112e+00,7.943350504848695898e-03,1.271355830780147801e-05
1.728000000000000000e+03,1.094053022717069168e-01,3.999999999999999112e+00,7.938618159511917280e-03,1.616994290839339702e-05
1.729000000000000000e+03,1.094051128796686423e-01,4.000000000000000888e+00,7.931849091466889115e-03,1.883652441900438398e-05
1.730000000000000000e+03,1.094049238717012262e-01,3.999999999999999112e+00,7.927599791908289395e-03,2.226766822887765975e-05
1.731000000000000000e+03,1.094047349011839365e-01,3.999999999999999112e+00,7.920100996406085475e-03,2.893241737684501669e-05
1.732000000000000000e+03,1.094045464555530589e-01,4.000000000000000000e+00,7.916795277337001363e-03,3.722589691040790614e-05
1.733000000000000000e+03,1.094043579400450494e-01,3.999999999999999112e+00,7.908160851961439780e-03,4.808198548528630766e-05
1.734000000000000000e+03,1.094041701959106577e-01,3.999999999999999556e+00,7.906487610897601839e-03,6.179936967824649276e-05
1.735000000000000000e+03,1.094039823150124296e-01,4.000000000000000000e+00,7.895815508487545945e-03,8.084542984445113273e-05
1.736000000000000000e+03,1.094037958136521438e-01,3.999999999999999556e+00,7.896854478535646898e-03,1.055948931100385399e-04
1.737000000000000000e+03,1.094036093303082935e-01,4.000000000000000000e+00,7.882520635614367194e-03,1.389064480678992724e-04
1.738000000000000000e+03,1.094034258178591679e-01,4.000000000000000000e+00,7.888299566355613107e-03,1.827286455567528865e-04
1.739000000000000000e+03,1.094032435740250886e-01,3.999999999999999112e+00,7.867527882822258900e-03,2.419772179465139086e-04
1.740000000000000000e+03,1.094030687780952749e-01,4.000000000000000000e+00,7.881864475435285469e-03,3.208796114584594288e-04
1.741000000000000000e+03,1.094029003102997555e-01,4.000000000000000888e+00,7.849693086612166693e-03,4.273214176940845445e-04
1.742000000000000000e+03,1.094027523113351302e-01,4.000000000000000888e+00,7.879479450160748952e-03,5.695921813672760736e-04
1.743000000000000000e+03,1.094026284923896863e-01,3.999999999999999112e+00,7.826901909761580997e-03,7.605220309245424616e-04
1.744000000000000000e+03,1.094025630312217556e-01,3.999999999999999556e+00,7.884335531912364109e-03,1.013430928991849653e-03
1.745000000000000000e+03,1.094025749848376583e-01,4.000000000000000000e+00,7.795919483902682794e-03,1.344046080778370971e-03
1.746000000000000000e+03,1.094027344665652601e-01,3.999999999999999556e+00,7.900796924883617470e-03,1.760550095079459112e-03
1.747000000000000000e+03,1.094030565306481767e-01,4.000000000000000000e+00,7.755039094316728068e-03,2.252630840402978802e-03
1.748000000000000000e+03,1.094035480371315372e-01,4.000000000000000000e+00,7.927812166327758217e-03,2.759330435717358403e-03
1.749000000000000000e+03,1.094039343901691552e-01,3.999999999999999112e+00,7.716240145862020457e-03,3.138559511238793020e-03
1.750000000000000000e+03,1.094038032758434809e-01,4.000000000000000000e+00,7.932148995419585277e-03,3.162746644664285629e-03
1.751000000000000000e+03,1.094027865400589161e-01,3.999999999999999112e+00,7.720675209539931173e-03,2.625594242040687597e-03
1.752000000000000000e+03,1.094014077624133607e-01,3.999999999999999112e+00,7.856931406708362459e-03,1.519772306735426518e-03
1.753000000000000000e+03,1.094006150223038043e-01,3.999999999999999112e+00,7.791994950924449430e-03,1.164081278154504580e-04
1.754000000000000000e+03,1.094007887282157920e-01,4.000000000000000000e+00,7.750024712006338759e-03,1.180201573356014656e-03
1.755000000000000000e+03,1.094013085785940920e-01,4.000000000000000000e+00,7.858092285318970388e-03,2.012387121196514660e-03
1.756000000000000000e+03,1.094012700134747162e-01,4.000000000000000000e+00,7.706945041955010414e-03,2.156101881202861659e-03
1.757000000000000000e+03,1.094005293789828415e-01,3.999999999999999556e+00,7.830071190150682606e-03,1.579707471619525624e-03
1.758000000000000000e+03,1.093997529873737412e-01,3.999999999999998668e+00,7.749477543177641162e-03,5.117280197960771349e-04
1.759000000000000000e+03,1.093996045742518519e-01,4.000000000000000000e+00,7.739601572488551823e-03,6.326963984759160836e-04
1.760000000000000000e+03,1.093998617960015157e-01,3.999999999999999112e+00,7.807225485978355750e-03,1.436031069066371485e-03
1.761000000000000000e+03,1.093998308157924926e-01,3.999999999999999556e+00,7.694960929603558014e-03,1.635464895503909192e-03
1.762000000000000000e+03,1.093993286727294179e-01,3.999999999999998668e+00,7.786777324027022162e-03,1.197305055827559443e-03
1.763000000000000000e+03,1.093987952613791337e-01,4.000000000000000000e+00,7.726533729634363183e-03,3.389526543906031236e-04
1.764000000000000000e+03,1.093986659482490686e-01,4.000000000000000000e+00,7.712987190376585298e-03,5.671513202566162617e-04
1.765000000000000000e+03,1.093987565215260166e-01,4.000000000000000888e+00,7.767923455039637409e-03,1.160262828577290559e-03
1.766000000000000000e+03,1.093986154645066738e-01,4.000000000000000000e+00,7.679212482048013849e-03,1.235724895969744471e-03
1.767000000000000000e+03,1.093982085575980479e-01,4.000000000000000000e+00,7.743480097085199756e-03,8.065076023445052556e-04
1.768000000000000000e+03,1.093978560285551183e-01,3.999999999999998668e+00,7.706068398300301540e-03,9.265832977892148926e-05
1.769000000000000000e+03,1.093977619958211717e-01,4.000000000000000000e+00,7.683431045211820513e-03,5.883595419301989541e-04
1.770000000000000000e+03,1.093977367765148478e-01,4.000000000000000000e+00,7.731640057586015510e-03,9.617573226800724823e-04
1.771000000000000000e+03,1.093975236226700926e-01,3.999999999999999556e+00,7.661357627240185722e-03,9.052579848230493057e-04
1.772000000000000000e+03,1.093971924617215957e-01,4.000000000000000000e+00,7.702916093863210363e-03,4.811890297686066643e-04
1.773000000000000000e+03,1.093969532381985077e-01,4.000000000000000000e+00,7.683787430870938837e-03,9.897468767262956543e-05
1.774000000000000000e+03,1.093968579070320607e-01,4.000000000000000000e+00,7.654878483332257406e-03,5.810703353237019024e-04
1.775000000000000000e+03,1.093967512730133207e-01,4.000000000000001776e+00,7.695952969613641809e-03,7.756152113262506677e-04
1.776000000000000000e+03,1.093965155164093039e-01,4.000000000000000888e+00,7.641702729336311180e-03,6.314674305603511836e-04
1.777000000000000000e+03,1.093962496171811960e-01,4.000000000000000000e+00,7.665596349147691876e-03,2.403503472550417935e-04
1.778000000000000000e+03,1.093960677490151412e-01,4.000000000000000000e+00,7.658803485352223307e-03,2.106007930577439831e-04
1.779000000000000000e+03,1.093959502384598825e-01,4.000000000000000000e+00,7.627862390973064698e-03,5.305282710546255220e-04
1.780000000000000000e+03,1.093957962985965537e-01,4.000000000000001776e+00,7.660868184147841438e-03,6.005115781423305292e-04
1.781000000000000000e+03,1.093955677085914485e-01,3.999999999999999112e+00,7.620162441395469423e-03,4.176964420691516369e-04
1.782000000000000000e+03,1.093953480935651035e-01,4.000000000000000000e+00,7.631335651877861094e-03,8.152615767635706999e-05
1.783000000000000000e+03,1.093951872445037554e-01,4.000000000000000888e+00,7.631520734389406202e-03,2.540636864134575507e-04
1.784000000000000000e+03,1.093950464060919336e-01,4.000000000000001776e+00,7.601787525471455885e-03,4.533856007619310301e-04
1.785000000000000000e+03,1.093948717683311256e-01,4.000000000000000000e+00,7.626768888918079685e-03,4.486028227248337204e-04
1.786000000000000000e+03,1.093946599890210647e-01,4.000000000000000000e+00,7.596719006373105210e-03,2.632266980507306934e-04
1.787000000000000000e+03,1.093944674471737932e-01,4.000000000000000000e+00,7.599540653472169720e-03,1.038394644925535508e-05
1.788000000000000000e+03,1.093943065075152071e-01,3.999999999999999556e+00,7.635821176857003970e-03,3.173931295344160864e-04
1.789000000000000000e+03,1.093941292263305581e-01,4.000000000000001776e+00,7.608443523775321182e-03,3.817456569318761509e-04
1.790000000000000000e+03,1.093939262913633942e-01,4.000000000000000000e+00,7.628106696869094497e-03,3.311972170807159048e-04
1.791000000000000000e+03,1.093937066564465571e-01,4.000000000000000000e+00,7.604927129685034454e-03,2.186418382483444037e-04
1.792000000000000000e+03,1.093934942951556022e-01,4.000000000000000000e+00,7.601672992040130888e-03,1.733096386187728982e-04
1.793000000000000000e+03,1.093932902733344703e-01,4.000000000000000000e+00,7.603474989914643135e-03,2.450642925674138416e-04
1.794000000000000000e+03,1.093930799039625895e-01,3.999999999999999556e+00,7.576532995826588263e-03,2.931464061291133463e-04
1.795000000000000000e+03,1.093928588001569224e-01,4.000000000000000000e+00,7.586632104506320536e-03,2.604652327084137171e-04
1.796000000000000000e+03,1.093926288021093290e-01,4.000000000000000000e+00,7.566807917116879882e-03,1.641806862167098017e-04
1.797000000000000000e+03,1.093924067112536092e-01,4.000000000000000888e+00,7.560544049613862269e-03,1.105850807975854454e-04
1.798000000000000000e+03,1.093921958804320027e-01,4.000000000000000888e+00,7.562782079613885461e-03,1.900706295569398925e-04
1.799000000000000000e+03,1.093919838067866634e-01,3.999999999999999112e+00,7.541396020801316089e-03,2.408142431780297169e-04
1.800000000000000000e+03,1.093917651272598573e-01,4.000000000000000000e+00,7.548010165340479118e-03,2.056865795803907695e-04
1.801000000000000000e+03,1.093915421413741568e-01,4.000000000000000000e+00,7.531948319862780475e-03,1.017106063484910568e-04
1.802000000000000000e+03,1.093913286241663396e-01,3.999999999999999112e+00,7.523462492031541236e-03,6.717059533659705940e-05
1.803000000000000000e+03,1.093911254617629114e-01,4.000000000000000888e+00,7.522829480083352387e-03,1.622716255095006058e-04
1.804000000000000000e+03,1.093909213600559871e-01,3.999999999999999112e+00,7.503714362298413362e-03,1.958482222928311278e-04
1.805000000000000000e+03,1.093907145423241856e-01,4.000000000000000000e+00,7.507214826998485219e-03,1.480257243270738854e-04
1.806000000000000000e+03,1.093905088878958931e-01,4.000000000000000888e+00,7.494745702911455310e-03,4.591629405279056583e-05
1.807000000000000000e+03,1.093903124915180242e-01,3.999999999999999556e+00,7.487974332265722420e-03,6.570694729672163969e-05
1.808000000000000000e+03,1.093901227718142299e-01,4.000000000000000000e+00,7.487407422269124792e-03,1.384558576065658968e-04
1.809000000000000000e+03,1.093899317917503416e-01,4.000000000000000000e+00,7.471844208172462830e-03,1.498754568106576846e-04
1.810000000000000000e+03,1.093897408834900997e-01,3.999999999999999556e+00,7.472791112119585646e-03,1.038875732712867813e-04
1.811000000000000000e+03,1.093895526343365288e-01,4.000000000000000000e+00,7.461120156853706144e-03,4.037335155649176405e-05
1.812000000000000000e+03,1.093893707689779921e-01,4.000000000000000888e+00,7.454120315513620282e-03,6.565521721633986614e-05
1.813000000000000000e+03,1.093891932046902882e-01,3.999999999999999112e+00,7.452237977339373071e-03,1.046365628923563756e-04
1.814000000000000000e+03,1.093890161302835673e-01,4.000000000000001776e+00,7.439715830943509703e-03,1.083084600140043401e-04
1.815000000000000000e+03,1.093888410181432236e-01,4.000000000000000888e+00,7.440346154540094722e-03,8.236942738395810885e-05
1.816000000000000000e+03,1.093886677106282179e-01,4.000000000000000000e+00,7.430888555391543596e-03,5.163855328875621036e-05
1.817000000000000000e+03,1.093884978133922714e-01,4.000000000000000000e+00,7.425190151307862856e-03,5.083700719288161338e-05
1.818000000000000000e+03,1.093883307142801409e-01,4.000000000000000888e+00,7.422152206624056843e-03,7.091726370338023017e-05
1.819000000000000000e+03,1.093881647467821183e-01,4.000000000000000000e+00,7.411038307959651704e-03,8.198104729307704726e-05
1.820000000000000000e+03,1.093880005274799616e-01,4.000000000000001776e+00,7.409975458628399216e-03,7.328650081979751468e-05
1.821000000000000000e+03,1.093878370615851553e-01,4.000000000000000000e+00,7.400998501636545449e-03,4.718961211848591544e-05
1.822000000000000000e+03,1.093876759303013951e-01,4.000000000000000888e+00,7.396231399487977060e-03,2.438102126350461454e-05
1.823000000000000000e+03,1.093875171932427448e-01,3.999999999999999556e+00,7.392928062082763409e-03,4.630857821217606012e-05
1.824000000000000000e+03,1.093872533219186483e-01,3.999999999999999112e+00,8.529659826902798170e-03,3.652478380195232736e-03
1.825000000000000000e+03,1.093837586037263998e-01,3.999999999999999112e+00,8.510253463470625335e-03,1.722248849318133842e-03
1.826000000000000000e+03,1.093820057949604907e-01,3.999999999999999556e+00,8.551843152799557674e-03,7.571893448712941916e-04
1.827000000000000000e+03,1.093821155983816656e-01,4.000000000000000888e+00,8.617293668682678501e-03,2.578023386051934811e-03
1.828000000000000000e+03,1.093808653717471546e-01,3.999999999999999556e+00,8.574013995558776163e-03,3.042529275354232451e-03
1.829000000000000000e+03,1.093771476843302115e-01,4.000000000000000888e+00,8.524840346825324211e-03,1.864670872848543355e-03
1.830000000000000000e+03,1.093738410161511077e-01,4.000000000000000000e+00,8.484660860483073455e-03,1.756074538945817383e-04
1.831000000000000000e+03,1.093722378898711045e-01,4.000000000000000888e+00,8.435350873066942839e-03,1.906708173888431879e-03
1.832000000000000000e+03,1.093702175498628693e-01,4.000000000000000000e+00,8.378492883876069094e-03,2.453298397163491355e-03
1.833000000000000000e+03,1.093666473185462146e-01,4.000000000000000888e+00,8.308386216892572548e-03,1.641968666494022676e-03
1.834000000000000000e+03,1.093632153419710484e-01,4.000000000000000000e+00,8.244009496023800218e-03,6.542211664734613144e-05
1.835000000000000000e+03,1.093610356852152826e-01,3.999999999999999112e+00,8.183272257153616225e-03,1.417346418387967167e-03
1.836000000000000000e+03,1.093589069017831678e-01,3.999999999999999556e+00,8.117362466223706705e-03,2.008516425022217628e-03
1.837000000000000000e+03,1.093558331660332839e-01,4.000000000000000888e+00,8.058161029261431269e-03,1.482843469964331955e-03
1.838000000000000000e+03,1.093527612092097534e-01,4.000000000000000888e+00,7.999348555906109215e-03,2.309865941197413331e-04
1.839000000000000000e+03,1.093506055401889110e-01,4.000000000000000000e+00,7.941885298408266070e-03,1.013469002403866084e-03
1.840000000000000000e+03,1.093486970195437363e-01,3.999999999999999556e+00,7.888150249354259486e-03,1.590821894548811836e-03
1.841000000000000000e+03,1.093462620926867745e-01,4.000000000000000000e+00,7.829741982376925771e-03,1.262039021221798363e-03
1.842000000000000000e+03,1.093437950576405249e-01,4.000000000000000888e+00,7.786036037263007435e-03,3.008196327465920139e-04
1.843000000000000000e+03,1.093419599307664247e-01,4.000000000000000000e+00,7.736867204137433222e-03,7.383544387567387169e-04
1.844000000000000000e+03,1.093403731383298383e-01,4.000000000000000000e+00,7.849001319663779369e-03,1.092378757662541616e-03
1.845000000000000000e+03,1.093384636488501371e-01,4.000000000000000000e+00,7.803968167788822435e-03,1.008583714818383700e-03
1.846000000000000000e+03,1.093364612576301215e-01,4.000000000000000000e+00,7.756751322141836741e-03,4.010809585489404192e-04
1.847000000000000000e+03,1.093347633224573262e-01,4.000000000000000000e+00,7.713134195130235717e-03,3.556438566634177712e-04
1.848000000000000000e+03,1.093333183482008558e-01,3.999999999999999112e+00,7.669232183347616388e-03,8.428916250130268116e-04
1.849000000000000000e+03,1.093318054274816237e-01,4.000000000000000888e+00,7.628447651706661732e-03,8.286757840500290741e-04
1.850000000000000000e+03,1.093302412172151433e-01,4.000000000000000000e+00,7.598919329844316777e-03,3.805979443382581325e-04
1.851000000000000000e+03,1.093288770437539636e-01,3.999999999999999556e+00,7.572277311026854099e-03,2.289317574577190320e-04
1.852000000000000000e+03,1.093277220738031741e-01,3.999999999999998668e+00,7.540493520629815843e-03,6.672775282489518253e-04
1.853000000000000000e+03,1.093265573754967912e-01,3.999999999999999112e+00,7.506916695358188327e-03,7.086682711386197743e-04
1.854000000000000000e+03,1.093253574482410534e-01,3.999999999999999556e+00,7.474098201579128589e-03,3.697610246644098095e-04
1.855000000000000000e+03,1.093242949014210791e-01,4.000000000000000888e+00,7.442424287237088716e-03,1.311999741752481214e-04
1.856000000000000000e+03,1.093233973511512636e-01,4.000000000000000000e+00,7.411632812085745467e-03,5.092272250614773843e-04
1.857000000000000000e+03,1.093225225172841375e-01,4.000000000000000000e+00,7.385212474826144055e-03,5.746289502301543152e-04
1.858000000000000000e+03,1.093216339485554578e-01,4.000000000000001776e+00,7.360973724293605816e-03,3.235758575660725072e-04
1.859000000000000000e+03,1.093208387521245745e-01,4.000000000000000000e+00,7.341105926619902015e-03,7.834842100479861204e-05
1.860000000000000000e+03,1.093201650653038842e-01,4.000000000000000000e+00,7.321742414267891699e-03,3.995434900397292063e-04
1.861000000000000000e+03,1.093195197891318748e-01,4.000000000000000888e+00,7.302176236151267444e-03,4.761175777186258903e-04
1.862000000000000000e+03,1.093188670852291156e-01,4.000000000000000000e+00,7.281780249574972518e-03,2.908542951837989033e-04
1.863000000000000000e+03,1.093182743009660507e-01,4.000000000000000888e+00,7.260521103016483180e-03,3.199789083756500273e-05
1.864000000000000000e+03,1.093177695893980256e-01,4.000000000000000000e+00,7.241835275205612057e-03,3.028672797009379332e-04
1.865000000000000000e+03,1.093172954265097530e-01,4.000000000000000000e+00,7.225055930363616201e-03,3.834358007421234367e-04
1.866000000000000000e+03,1.093168215301184715e-01,4.000000000000000888e+00,7.212049044582092248e-03,2.484345887960345660e-04
1.867000000000000000e+03,1.093163876958617720e-01,3.999999999999999112e+00,7.201183798172183619e-03,8.114653199328673933e-06
1.868000000000000000e+03,1.093160150057137375e-01,4.000000000000000000e+00,7.190996261390423042e-03,2.355256439760660683e-04
1.869000000000000000e+03,1.093156664276733747e-01,3.999999999999999556e+00,7.180598314183196662e-03,3.142073816406172702e-04
1.870000000000000000e+03,1.093153175668875737e-01,4.000000000000000000e+00,7.168252630640413112e-03,2.162782235628385485e-04
1.871000000000000000e+03,1.093149930833574729e-01,4.000000000000001776e+00,7.156007480995252128e-03,1.262311789670652121e-05
1.872000000000000000e+03,1.093147106323348744e-01,4.000000000000000000e+00,7.144079805809750751e-03,1.778570072876335922e-04
1.873000000000000000e+03,1.093144485443706404e-01,4.000000000000000000e+00,7.134338244689347394e-03,2.519761813164183152e-04
1.874000000000000000e+03,1.093141887548133989e-01,4.000000000000000888e+00,7.126908706260592918e-03,1.818910086908380312e-04
1.875000000000000000e+03,1.093139450258568957e-01,4.000000000000000888e+00,7.120880198480955200e-03,2.020697319813557970e-05
1.876000000000000000e+03,1.093137293018453526e-01,4.000000000000000000e+00,7.115806965175724627e-03,1.373453894648501614e-04
1.877000000000000000e+03,1.093135273751313363e-01,4.000000000000000888e+00,7.109572542252634922e-03,2.047651999315990630e-04
1.878000000000000000e+03,1.093133258442461619e-01,4.000000000000000000e+00,7.102577596769477260e-03,1.548026370728071595e-04
1.879000000000000000e+03,1.093131330756861169e-01,3.999999999999999556e+00,7.094613525066534136e-03,2.615476015757973568e-05
1.880000000000000000e+03,1.093129586113749663e-01,4.000000000000000000e+00,7.086993929574453635e-03,1.036343523353096003e-04
1.881000000000000000e+03,1.093127947249865339e-01,3.999999999999998668e+00,7.080686228809833158e-03,1.639336584176340574e-04
1.882000000000000000e+03,1.093126320938655888e-01,3.999999999999999112e+00,7.075606257728492970e-03,1.289123763652283319e-04
1.883000000000000000e+03,1.093124751655795424e-01,4.000000000000000888e+00,7.071995972144987097e-03,2.717413591523597612e-05
1.884000000000000000e+03,1.093123298327812187e-01,3.999999999999999112e+00,7.068348295377532668e-03,7.963084302337789346e-05
1.885000000000000000e+03,1.093121908796842873e-01,3.999999999999999556e+00,7.064396495549416302e-03,1.324221913876527288e-04
1.886000000000000000e+03,1.093120515467706916e-01,3.999999999999999112e+00,7.059374042499633357e-03,1.079784688242577242e-04
1.887000000000000000e+03,1.093119145633888456e-01,4.000000000000001776e+00,7.053673628286316090e-03,2.726304679064488876e-05
1.888000000000000000e+03,1.093117846864306159e-01,4.000000000000000000e+00,7.048106402117718626e-03,6.024904393913853366e-05
1.889000000000000000e+03,1.093116593546163973e-01,4.000000000000000888e+00,7.042999292034396973e-03,1.060169314578151580e-04
1.890000000000000000e+03,1.093115342078695429e-01,4.000000000000000888e+00,7.039080019832418336e-03,8.925140744932635677e-05
1.891000000000000000e+03,1.093114105247401380e-01,4.000000000000000000e+00,7.035666017565892633e-03,2.534159424414007432e-05
1.892000000000000000e+03,1.093112911073860632e-01,3.999999999999999112e+00,7.032591270702201469e-03,4.620335112015706977e-05
1.893000000000000000e+03,1.093111740289727934e-01,4.000000000000000000e+00,7.029018625809740559e-03,8.535553740730333547e-05
1.894000000000000000e+03,1.093110561311011059e-01,3.999999999999999112e+00,7.024736297871807256e-03,7.395645380102879951e-05
1.895000000000000000e+03,1.093109382854664385e-01,4.000000000000000888e+00,7.019992959440128112e-03,2.326993309141244876e-05
1.896000000000000000e+03,1.093108227857831349e-01,4.000000000000000000e+00,7.015011108069469856e-03,3.517374808836721672e-05
1.897000000000000000e+03,1.093107089401531146e-01,4.000000000000000888e+00,7.010572444729149845e-03,6.838766804061437090e-05
1.898000000000000000e+03,1.093105947975194087e-01,4.000000000000000000e+00,7.006568022506425020e-03,6.075656620062513458e-05
1.899000000000000000e+03,1.093104807508388926e-01,4.000000000000000000e+00,7.003163792768213672e-03,2.050026344886134570e-05
1.900000000000000000e+03,1.093103680510867926e-01,4.000000000000000000e+00,6.999800262810045026e-03,2.706328407666195199e-05
1.901000000000000000e+03,1.093102560191489825e-01,4.000000000000000000e+00,6.996157757050758264e-03,5.503277924064181153e-05
1.902000000000000000e+03,1.093101432401024364e-01,4.000000000000001776e+00,6.992071881526070766e-03,4.998890378335635770e-05
1.903000000000000000e+03,1.093100300051036422e-01,4.000000000000000000e+00,6.987489976911174724e-03,1.799901322599811479e-05
1.904000000000000000e+03,1.093099174528612133e-01,3.999999999999998668e+00,6.982917177280676194e-03,2.076863440946398291e-05
1.905000000000000000e+03,1.093098054530012853e-01,3.999999999999999112e+00,6.978445758905464300e-03,4.413886451104423702e-05
1.906000000000000000e+03,1.093096932261417853e-01,4.000000000000000000e+00,6.974457020523609600e-03,4.083779548967649957e-05
1.907000000000000000e+03,1.093095808823276588e-01,4.000000000000000000e+00,6.970720636655202210e-03,1.532416722418733518e-05
1.908000000000000000e+03,1.093094689949101334e-01,3.999999999999998668e+00,6.967095614543757434e-03,1.616530097224855311e-05
1.909000000000000000e+03,1.093093573171943916e-01,3.999999999999999112e+00,6.963298810438325534e-03,3.559916637288901276e-05
1.910000000000000000e+03,1.093092452304305212e-01,4.000000000000000000e+00,6.959130458288221611e-03,3.347056339175602101e-05
1.911000000000000000e+03,1.093091328689558273e-01,4.000000000000000888e+00,6.954753717352571592e-03,1.309566126540663111e-05
1.912000000000000000e+03,1.093090207811503178e-01,3.999999999999999556e+00,6.950216431043503354e-03,1.252068240539481630e-05
1.913000000000000000e+03,1.093089090210357384e-01,4.000000000000000000e+00,6.945895613533503189e-03,2.856691624059406705e-05
1.914000000000000000e+03,1.093087972773555683e-01,3.999999999999998668e+00,6.941767689268471021e-03,2.718183071898912123e-05
1.915000000000000000e+03,1.093086856068224838e-01,4.000000000000000000e+00,6.937906478258716245e-03,1.084502921118951485e-05
1.916000000000000000e+03,1.093085742550207462e-01,4.000000000000000000e+00,6.934095164519723728e-03,9.947065564629647912e-06
1.917000000000000000e+03,1.093084631264975154e-01,3.999999999999999112e+00,6.930167844834964237e-03,2.316178193036472666e-05
1.918000000000000000e+03,1.093083519581495300e-01,3.999999999999999112e+00,6.926061484709799924e-03,2.225364075350695999e-05
1.919000000000000000e+03,1.093082408109234682e-01,3.999999999999998224e+00,6.921732239107164508e-03,9.138779116797537968e-06
1.920000000000000000e+03,1.093081299694899783e-01,3.999999999999999556e+00,6.917406594431173630e-03,7.768261979864215068e-06
1.921000000000000000e+03,1.093080194913390452e-01,4.000000000000000000e+00,6.913125233631862120e-03,1.857696763604725352e-05
1.922000000000000000e+03,1.093079092754085657e-01,4.000000000000000000e+00,6.909070838596786425e-03,1.794433365286717875e-05
1.923000000000000000e+03,1.093077993406677412e-01,4.000000000000000000e+00,6.905139988589831766e-03,7.355737138339187967e-06
1.924000000000000000e+03,1.093076897932835773e-01,3.999999999999999556e+00,6.901286610394015246e-03,6.361261521064523633e-06
1.925000000000000000e+03,1.093075805839435338e-01,3.999999999999998224e+00,6.897367529997490941e-03,1.518057972633684162e-05
1.926000000000000000e+03,1.093074715941662750e-01,3.999999999999999556e+00,6.893310091255351948e-03,1.471970496847943684e-05
1.927000000000000000e+03,1.093073628613248083e-01,4.000000000000000000e+00,6.889165744800326494e-03,6.156819855651552772e-06
1.928000000000000000e+03,1.093072545214642394e-01,4.000000000000000000e+00,6.884965851213009636e-03,5.003818435321661096e-06
1.929000000000000000e+03,1.093071466263260960e-01,4.000000000000000000e+00,6.880874593862299979e-03,1.214470153417025088e-05
1.930000000000000000e+03,1.093070391365046634e-01,4.000000000000000000e+00,6.876877317070425460e-03,1.176335971132511916e-05
1.931000000000000000e+03,1.093069320660148558e-01,4.000000000000001776e+00,6.873025780766177893e-03,4.804059760429234815e-06
1.932000000000000000e+03,1.093068254476214918e-01,3.999999999999999112e+00,6.869197347507745299e-03,4.258870313586888155e-06
1.933000000000000000e+03,1.093067192524227460e-01,4.000000000000000000e+00,6.865351484909232131e-03,1.003670561746947343e-05
1.934000000000000000e+03,1.093066134226403086e-01,3.999999999999999112e+00,6.861423306374085998e-03,9.694089377967870637e-06
1.935000000000000000e+03,1.093065079770090126e-01,3.999999999999998224e+00,6.857427026475062734e-03,4.030510502288317282e-06
1.936000000000000000e+03,1.093064029857646891e-01,3.999999999999999556e+00,6.853434406712954376e-03,3.337270505533833890e-06
1.937000000000000000e+03,1.093062984768767842e-01,4.000000000000000888e+00,6.849481779847891270e-03,7.985055725359562322e-06
1.938000000000000000e+03,1.093061944420127135e-01,4.000000000000000000e+00,6.845643696639635949e-03,7.649955682061479755e-06
1.939000000000000000e+03,1.093060908810487286e-01,4.000000000000000000e+00,6.841866556875063690e-03,3.029474177934577819e-06
1.940000000000000000e+03,1.093059878042802052e-01,4.000000000000000888e+00,6.838148485954390933e-03,2.981765004280013085e-06
1.941000000000000000e+03,1.093058851864688874e-01,3.999999999999999556e+00,6.834395878094347287e-03,6.701038744145042348e-06
1.942000000000000000e+03,1.093057830004710851e-01,3.999999999999999112e+00,6.830614045137549557e-03,6.365252572970190026e-06
1.943000000000000000e+03,1.093056812544817985e-01,4.000000000000000000e+00,6.826786438724632630e-03,2.573612654551179341e-06
1.944000000000000000e+03,1.093055799843697107e-01,4.000000000000000000e+00,6.822966707759086334e-03,2.314094433604081059e-06
1.945000000000000000e+03,1.093054792072498810e-01,3.999999999999999556e+00,6.819192713704545945e-03,5.271316682129131010e-06
1.946000000000000000e+03,1.093053789203415060e-01,4.000000000000000000e+00,6.815483049444020711e-03,4.932966990992475214e-06
1.947000000000000000e+03,1.093052791235009230e-01,3.999999999999999112e+00,6.811842767413926920e-03,1.824157587059605741e-06
1.948000000000000000e+03,1.093051798129898722e-01,4.000000000000000000e+00,6.808220921405571877e-03,2.176138388616010778e-06
1.949000000000000000e+03,1.093050809738372597e-01,4.000000000000001776e+00,6.804606603431263660e-03,4.514037722971403366e-06
1.950000000000000000e+03,1.093049825888778859e-01,4.000000000000000888e+00,6.800954885142827637e-03,4.172587906751435582e-06
1.951000000000000000e+03,1.093048846652495965e-01,3.999999999999998668e+00,6.797299749122729697e-03,1.614925076368176530e-06
1.952000000000000000e+03,1.093047872199028880e-01,3.999999999999999112e+00,6.793641663625120571e-03,1.665261129269471346e-06
1.953000000000000000e+03,1.093046902646473278e-01,4.000000000000000888e+00,6.790031758243411826e-03,3.494574088057947632e-06
1.954000000000000000e+03,1.093045937985224481e-01,3.999999999999999556e+00,6.786465671939825167e-03,3.149877210964522164e-06
1.955000000000000000e+03,1.093044978205064410e-01,3.999999999999999112e+00,6.782951135829236484e-03,1.062500316761079088e-06
1.956000000000000000e+03,1.093044023250048374e-01,4.000000000000000000e+00,6.779457404372866806e-03,1.635331195537903416e-06
1.957000000000000000e+03,1.093043073011284588e-01,4.000000000000000888e+00,6.775965520831519519e-03,3.071406889206630130e-06
1.958000000000000000e+03,1.093042127406368969e-01,3.999999999999998668e+00,6.772464753626309536e-03,2.728583289396204172e-06
1.959000000000000000e+03,1.093041186469628778e-01,4.000000000000000888e+00,6.768956097034962982e-03,1.013905104536262944e-06
1.960000000000000000e+03,1.093040250310480799e-01,4.000000000000000000e+00,6.765465859758180468e-03,1.221868663127734305e-06
1.961000000000000000e+03,1.093039318988556496e-01,4.000000000000000888e+00,6.762001478095121774e-03,2.324608220873585217e-06
1.962000000000000000e+03,1.093038392520192248e-01,4.000000000000000000e+00,6.758584965120464222e-03,1.989417754812071015e-06
1.963000000000000000e+03,1.093037470878409495e-01,4.000000000000000000e+00,6.755196432198531942e-03,6.385084013582736430e-07
1.964000000000000000e+03,1.093036554024551660e-01,3.999999999999999556e+00,6.751836289486535213e-03,1.266905624728730147e-06
1.965000000000000000e+03,1.093035641877270064e-01,3.999999999999999556e+00,6.748474157164617224e-03,2.116535568405790022e-06
1.966000000000000000e+03,1.093034734402184294e-01,4.000000000000000000e+00,6.745118122829078106e-03,1.792457612968280173e-06
1.967000000000000000e+03,1.093033831617918200e-01,3.999999999999999556e+00,6.741759113034997974e-03,6.672030636093861402e-07
1.968000000000000000e+03,1.093032933594125095e-01,4.000000000000000000e+00,6.738422073014343691e-03,9.187353945249580402e-07
1.969000000000000000e+03,1.093032040366449520e-01,4.000000000000000888e+00,6.735108116562684918e-03,1.548469093416747926e-06
1.970000000000000000e+03,1.093031151947577995e-01,4.000000000000000000e+00,6.731831730059021669e-03,1.246796314845321561e-06
1.971000000000000000e+03,1.093030268315655640e-01,4.000000000000000000e+00,6.728580841490763853e-03,4.446086030110188103e-07
1.972000000000000000e+03,1.093029389435278692e-01,4.000000000000000000e+00,6.725351245865836443e-03,1.004397888290663415e-06
1.973000000000000000e+03,1.093028515256490585e-01,4.000000000000000888e+00,6.722128741569510617e-03,1.479009053158021474e-06
1.974000000000000000e+03,1.093027645757992383e-01,4.000000000000000000e+00,6.718912535117605236e-03,1.195576516355308276e-06
1.975000000000000000e+03,1.093026780956925792e-01,4.000000000000000000e+00,6.715705111445727411e-03,4.910280888378955492e-07
1.976000000000000000e+03,1.093025920890141334e-01,4.000000000000000000e+00,6.712515150324845949e-03,7.105815157006974085e-07
1.977000000000000000e+03,1.093025065582607924e-01,4.000000000000000888e+00,6.709351517566740017e-03,1.038601591079889233e-06
1.978000000000000000e+03,1.093024215034809343e-01,4.000000000000000000e+00,6.706214756056662861e-03,7.909587081050062063e-07
1.979000000000000000e+03,1.093023369230816388e-01,4.000000000000000000e+00,6.703104420784215291e-03,3.999513289488914429e-07
1.980000000000000000e+03,1.093022528136431415e-01,4.000000000000000000e+00,6.700009535618326427e-03,8.138379146057789491e-07
1.981000000000000000e+03,1.093021691721196287e-01,4.000000000000000000e+00,6.696928544384359201e-03,1.056373757465232369e-06
1.982000000000000000e+03,1.093020859967286235e-01,4.000000000000000000e+00,6.693854246821571811e-03,8.258760391567442002e-07
1.983000000000000000e+03,1.093020032887606491e-01,3.999999999999999112e+00,6.690795779702095672e-03,4.186223173455168225e-07
1.984000000000000000e+03,1.093019210497549465e-01,3.999999999999999556e+00,6.687752446739876795e-03,5.697914921106565774e-07
1.985000000000000000e+03,1.093018392811817285e-01,3.999999999999999112e+00,6.684736347338120221e-03,7.154811891379160455e-07
1.986000000000000000e+03,1.093017579821083246e-01,4.000000000000000888e+00,6.681740938037281780e-03,5.382593435479658392e-07
1.987000000000000000e+03,1.093016771511013258e-01,4.000000000000000000e+00,6.678771774953923962e-03,4.072715747349441365e-07
1.988000000000000000e+03,1.093015967848622871e-01,3.999999999999999112e+00,6.675814893739430086e-03,6.757900663576273883e-07
1.989000000000000000e+03,1.093015168813586818e-01,3.999999999999999556e+00,6.672876260674219517e-03,7.807065808073312847e-07
1.990000000000000000e+03,1.093014374387085430e-01,4.000000000000000888e+00,6.669944386349457334e-03,6.092753809958426435e-07
1.991000000000000000e+03,1.093013584577420538e-01,4.000000000000000000e+00,6.667033520446663357e-03,3.904086493120554968e-07
1.992000000000000000e+03,1.093012799383534656e-01,3.999999999999999556e+00,6.664134723537935671e-03,4.794761428319709913e-07
1.993000000000000000e+03,1.093012018813419584e-01,3.999999999999999556e+00,6.661265316001536117e-03,5.234773273031329397e-07
1.994000000000000000e+03,1.093011242847148623e-01,4.000000000000000888e+00,6.658409700442103306e-03,4.294617749242534059e-07
1.995000000000000000e+03,1.093010471474092637e-01,4.000000000000000000e+00,6.655583543655483117e-03,4.186708251715435521e-07
1.996000000000000000e+03,1.093009704657300352e-01,3.999999999999999556e+00,6.652763280945361499e-03,5.856682537541499530e-07
1.997000000000000000e+03,1.093008942387043853e-01,4.000000000000000000e+00,6.649969574552891741e-03,6.120311683610257811e-07
1.998000000000000000e+03,1.093008184634984697e-01,4.000000000000000000e+00,6.647175882433280919e-03,5.099692582026934638e-07
1.999000000000000000e+03,1.093007431413130365e-01,3.999999999999998224e+00,6.644414548427175597e-03,3.970185807451528053e-07
2.000000000000000000e+03,1.093006682698488968e-01,4.000000000000000888e+00,6.641652932836199404e-03,4.632436821286769308e-07
2.001000000000000000e+03,1.093005938506036029e-01,4.000000000000000000e+00,6.638933995513669403e-03,4.596346518942669759e-07
2.002000000000000000e+03,1.093005198793021160e-01,4.000000000000000000e+00,6.636209224926000252e-03,4.715002524833803363e-07
2.003000000000000000e+03,1.093004463569262202e-01,4.000000000000000000e+00,6.633534036237350752e-03,4.972367036510760328e-07
2.004000000000000000e+03,1.093003732772391962e-01,4.000000000000000888e+00,6.630838275057875791e-03,6.362165347514496093e-07
2.005000000000000000e+03,1.093003006426119944e-01,4.000000000000000000e+00,6.628201669311757291e-03,6.485869971014184033e-07
2.006000000000000000e+03,1.093002284460855011e-01,4.000000000000000000e+00,6.625526962215385132e-03,7.029535140002516944e-07
2.007000000000000000e+03,1.093001566931594282e-01,3.999999999999999112e+00,6.622933175027587160e-03,7.244916838969473430e-07
2.008000000000000000e+03,1.093000853748924139e-01,3.999999999999999556e+00,6.620279378639405167e-03,9.064995099092413133e-07
2.009000000000000000e+03,1.093000144995619621e-01,3.999999999999999112e+00,6.617740432998955695e-03,1.022013888950471869e-06
2.010000000000000000e+03,1.092999440534342948e-01,4.000000000000000000e+00,6.615102926970520617e-03,1.285901493564583733e-06
2.011000000000000000e+03,1.092998740487527987e-01,4.000000000000000000e+00,6.612627763619502094e-03,1.522309703122111617e-06
2.012000000000000000e+03,1.092998044651763423e-01,4.000000000000000000e+00,6.609989171019663851e-03,1.937840951698356962e-06
2.013000000000000000e+03,1.092997353229154256e-01,3.999999999999999112e+00,6.607589180069795530e-03,2.339161591648654116e-06
2.014000000000000000e+03,1.092996665925313193e-01,4.000000000000000000e+00,6.604925483192424646e-03,2.968504229592542349e-06
2.015000000000000000e+03,1.092995983075358973e-01,3.999999999999999112e+00,6.602628947859682379e-03,3.670383378401300592e-06
2.016000000000000000e+03,1.092995304229464754e-01,4.000000000000001776e+00,6.599907973903529346e-03,4.694598254868992842e-06
2.017000000000000000e+03,1.092994629927468708e-01,3.999999999999999556e+00,6.597764839877322089e-03,5.903862426810342226e-06
2.018000000000000000e+03,1.092993959455682007e-01,3.999999999999999112e+00,6.594927639488345518e-03,7.585417607151640351e-06
2.019000000000000000e+03,1.092993293697663570e-01,4.000000000000000000e+00,6.593015637555397178e-03,9.660618901014949439e-06
2.020000000000000000e+03,1.092992631514675267e-01,3.999999999999999112e+00,6.589954783831005608e-03,1.247851538853469586e-05
2.021000000000000000e+03,1.092991974394214028e-01,4.000000000000001776e+00,6.588407682569963342e-03,1.605610683708532462e-05
2.022000000000000000e+03,1.092991320509070774e-01,4.000000000000000000e+00,6.584940456202859407e-03,2.086458184023430655e-05
2.023000000000000000e+03,1.092990672419548170e-01,4.000000000000000000e+00,6.583999745818520759e-03,2.709421672980759482e-05
2.024000000000000000e+03,1.092990027181097584e-01,4.000000000000000888e+00,6.579808719965185050e-03,3.543883088643525196e-05
2.025000000000000000e+03,1.092989389332594125e-01,4.000000000000000000e+00,6.579903972487101058e-03,4.640330959288084832e-05
2.026000000000000000e+03,1.092988754214408442e-01,4.000000000000000888e+00,6.574418345972059437e-03,6.110189061093917388e-05
2.027000000000000000e+03,1.092988130268103264e-01,4.000000000000000000e+00,6.576317207773999321e-03,8.062483565653770739e-05
2.028000000000000000e+03,1.092987510597969170e-01,3.999999999999999112e+00,6.568501928287211016e-03,1.068782042812397128e-04
2.029000000000000000e+03,1.092986912028297286e-01,4.000000000000000000e+00,6.573603309144431320e-03,1.420491842424211461e-04
2.030000000000000000e+03,1.092986326313327705e-01,3.999999999999999556e+00,6.561571725174997725e-03,1.895385176951365155e-04
2.031000000000000000e+03,1.092985790231091880e-01,4.000000000000000000e+00,6.572457519384544353e-03,2.535878446235910076e-04
2.032000000000000000e+03,1.092985302037103312e-01,4.000000000000000888e+00,6.552740899107252666e-03,3.403786001940935484e-04
2.033000000000000000e+03,1.092984951124261750e-01,4.000000000000000000e+00,6.574203952942114793e-03,4.578801803935934824e-04
2.034000000000000000e+03,1.092984776748417985e-01,3.999999999999999112e+00,6.540424309083561240e-03,6.170903216868022390e-04
2.035000000000000000e+03,1.092985014293450380e-01,3.999999999999999556e+00,6.581318987054936114e-03,8.317948545715742699e-04
2.036000000000000000e+03,1.092985853883298303e-01,4.000000000000000000e+00,6.522072147568206205e-03,1.118868344508654753e-03
2.037000000000000000e+03,1.092987881318105148e-01,3.999999999999999112e+00,6.597968701855661325e-03,1.494925530221602765e-03
2.038000000000000000e+03,1.092991538190324352e-01,4.000000000000000000e+00,6.495105378833596586e-03,1.968449210790698418e-03
2.039000000000000000e+03,1.092997505652278656e-01,4.000000000000000888e+00,6.627579667109577410e-03,2.518751588616536651e-03
2.040000000000000000e+03,1.093004748903829704e-01,4.000000000000000000e+00,6.463698998703369496e-03,3.059676064704303436e-03
2.041000000000000000e+03,1.093010053809406051e-01,3.999999999999998224e+00,6.653999868885982112e-03,3.400284462687216177e-03
2.042000000000000000e+03,1.093007066629252677e-01,4.000000000000000000e+00,6.454597474646267020e-03,3.269216660379709819e-03
2.043000000000000000e+03,1.092994605032231031e-01,3.999999999999999112e+00,6.617750715169420581e-03,2.473691218694595070e-03
2.044000000000000000e+03,1.092981133398431282e-01,3.999999999999999112e+00,6.505679328873901525e-03,1.108190425991235992e-03
2.045000000000000000e+03,1.092977863906884339e-01,4.000000000000000000e+00,6.522455211174253351e-03,4.395768309538092408e-04
2.046000000000000000e+03,1.092984455164782431e-01,4.000000000000000000e+00,6.586113905519093946e-03,1.704152535423864761e-03
2.047000000000000000e+03,1.092990376309332795e-01,4.000000000000000000e+00,6.467581425949000921e-03,2.323945106444795256e-03
2.048000000000000000e+03,1.092987501990058397e-01,3.999999999999999112e+00,6.595748367502825282e-03,2.118075052137769875e-03
2.049000000000000000e+03,1.092978762474640375e-01,3.999999999999999556e+00,6.493771349363778971e-03,1.178984310044882888e-03
2.050000000000000000e+03,1.092974614953444723e-01,4.000000000000000000e+00,6.522243809718317187e-03,1.054125658546584040e-04
2.051000000000000000e+03,1.092977985675890329e-01,4.000000000000000000e+00,6.560790734970776451e-03,1.222235619002540533e-03
2.052000000000000000e+03,1.092981614694003983e-01,4.000000000000000000e+00,6.472324821534545039e-03,1.761786298409193617e-03
2.053000000000000000e+03,1.092979340019832046e-01,4.000000000000000000e+00,6.567594230020946250e-03,1.555298357603759852e-03
2.054000000000000000e+03,1.092973841273858632e-01,4.000000000000000888e+00,6.496392748464430329e-03,7.377108340767452076e-04
2.055000000000000000e+03,1.092972130916406992e-01,4.000000000000000888e+00,6.506904702176350037e-03,3.034447959716109330e-04
2.056000000000000000e+03,1.092974650124619446e-01,3.999999999999999556e+00,6.547891807452949249e-03,1.115077940357415325e-03
2.057000000000000000e+03,1.092975814773100018e-01,3.999999999999999556e+00,6.473059950895550425e-03,1.380245143656149689e-03
2.058000000000000000e+03,1.092973139479505862e-01,4.000000000000000888e+00,6.541608187585783683e-03,1.033265631713345270e-03
2.059000000000000000e+03,1.092969993363179099e-01,4.000000000000000000e+00,6.500272142623234918e-03,2.761340913327119378e-04
2.060000000000000000e+03,1.092969996299210100e-01,4.000000000000000000e+00,6.491287454870490331e-03,5.251231610539878070e-04
2.061000000000000000e+03,1.092971516059733084e-01,4.000000000000000888e+00,6.535697800881265854e-03,1.019498152595323939e-03
2.062000000000000000e+03,1.092970979937607223e-01,4.000000000000000888e+00,6.473729879359176737e-03,1.021781582329610782e-03
2.063000000000000000e+03,1.092968634009402473e-01,3.999999999999999556e+00,6.518404451889405447e-03,5.762299389514476686e-04
2.064000000000000000e+03,1.092967264922737325e-01,3.999999999999999112e+00,6.501659141948809388e-03,7.844894767739436791e-05
2.065000000000000000e+03,1.092967787830197574e-01,4.000000000000000000e+00,6.479264221839454996e-03,6.335602475918518861e-04
2.066000000000000000e+03,1.092968182663380805e-01,4.000000000000000000e+00,6.521686098080783575e-03,8.550755644989961124e-04
2.067000000000000000e+03,1.092966945884578933e-01,3.999999999999999112e+00,6.474512625475465667e-03,6.780109148625387480e-04
2.068000000000000000e+03,1.092965389456670572e-01,4.000000000000000888e+00,6.498851587661596402e-03,2.190882194276795722e-04
2.069000000000000000e+03,1.092964996684937240e-01,3.999999999999999112e+00,6.499278633622366207e-03,2.908169041081908220e-04
2.070000000000000000e+03,1.092965286057590441e-01,4.000000000000000000e+00,6.470939997856130395e-03,6.220238942449970391e-04
2.071000000000000000e+03,1.092964907478682079e-01,3.999999999999999112e+00,6.506663014874784767e-03,6.467184649296512126e-04
2.072000000000000000e+03,1.092963696665584100e-01,4.000000000000000000e+00,6.474339287163310454e-03,3.845228340523659523e-04
2.073000000000000000e+03,1.092962837446740110e-01,4.000000000000000000e+00,6.483254442504025536e-03,2.064450516435520239e-05
2.074000000000000000e+03,1.092962738949030260e-01,4.000000000000000000e+00,6.493417839732775962e-03,3.764037304085939939e-04
2.075000000000000000e+03,1.092962620066977864e-01,4.000000000000000888e+00,6.465109655928896401e-03,5.323556417191073042e-04
2.076000000000000000e+03,1.092961932361909555e-01,3.999999999999999556e+00,6.492055272587997361e-03,4.405509421232963710e-04
2.077000000000000000e+03,1.092961015049834644e-01,3.999999999999999556e+00,6.472392084063380811e-03,1.660678996947230403e-04
2.078000000000000000e+03,1.092960538203628790e-01,4.000000000000001776e+00,6.471140790898201323e-03,1.532682535296537294e-04
2.079000000000000000e+03,1.092960390358456296e-01,4.000000000000000000e+00,6.485183724581738626e-03,3.744786651127173720e-04
2.080000000000000000e+03,1.092959992101818212e-01,4.000000000000000000e+00,6.460421222969200440e-03,4.122334802727924239e-04
2.081000000000000000e+03,1.092959289263739919e-01,4.000000000000000888e+00,6.478808477735138738e-03,2.688738894805569571e-04
2.082000000000000000e+03,1.092958638664322801e-01,4.000000000000000000e+00,6.468510581722126430e-03,2.450856614283876894e-05
2.083000000000000000e+03,1.092958290600723192e-01,3.999999999999999112e+00,6.461620719200572745e-03,2.060591124407455980e-04
2.084000000000000000e+03,1.092958015486021617e-01,3.999999999999999112e+00,6.475788373137934296e-03,3.259643736595747832e-04
2.085000000000000000e+03,1.092957504530597812e-01,4.000000000000000000e+00,6.455889182016573934e-03,2.957690907234240872e-04
2.086000000000000000e+03,1.092956889204230175e-01,3.999999999999999112e+00,6.467224235983527574e-03,1.435493517002375135e-04
2.087000000000000000e+03,1.092956395200626735e-01,4.000000000000000000e+00,6.463024121540671997e-03,5.391973324133669685e-05
2.088000000000000000e+03,1.092956053859815424e-01,4.000000000000000888e+00,6.453773655488923879e-03,2.091772215411648957e-04
2.089000000000000000e+03,1.092955685699013163e-01,3.999999999999999112e+00,6.466145645830868351e-03,2.616363897801117651e-04
2.090000000000000000e+03,1.092955162974527245e-01,4.000000000000000888e+00,6.450993282160478494e-03,2.001270636400709726e-04
2.091000000000000000e+03,1.092954635106110212e-01,3.999999999999999556e+00,6.457170654374094765e-03,6.181770582135013214e-05
2.092000000000000000e+03,1.092954210239996810e-01,3.999999999999999556e+00,6.456449390889236299e-03,8.818784718643197010e-05
2.093000000000000000e+03,1.092953842889206884e-01,4.000000000000000888e+00,6.446866263185776005e-03,1.871019044846503271e-04
2.094000000000000000e+03,1.092953430860741509e-01,4.000000000000000000e+00,6.456783496889817280e-03,1.996704360019318147e-04
2.095000000000000000e+03,1.092952934275155802e-01,4.000000000000000000e+00,6.445573241368979939e-03,1.297627554011318736e-04
2.096000000000000000e+03,1.092952465023526998e-01,4.000000000000000000e+00,6.448329090699171304e-03,1.419936691244819413e-05
2.097000000000000000e+03,1.092952063427687776e-01,3.999999999999999556e+00,6.449270278672428018e-03,9.556406326156766454e-05
2.098000000000000000e+03,1.092951674014320529e-01,4.000000000000000000e+00,6.440408277328594014e-03,1.560740935372667418e-04
2.099000000000000000e+03,1.092951250185769663e-01,3.999999999999999556e+00,6.447922581767250721e-03,1.481646182494458601e-04
2.100000000000000000e+03,1.092950784589290236e-01,3.999999999999999556e+00,6.439674580063296273e-03,8.213687149526713391e-05
2.101000000000000000e+03,1.092950348645737313e-01,4.000000000000000888e+00,6.440360011883673741e-03,9.877970053312594773e-06
2.102000000000000000e+03,1.092949952602304403e-01,4.000000000000000000e+00,6.441843762541253279e-03,8.880888056411811668e-05
2.103000000000000000e+03,1.092949552331955593e-01,3.999999999999999112e+00,6.434118083830125956e-03,1.250974344467573355e-04
2.104000000000000000e+03,1.092949131426482756e-01,3.999999999999999112e+00,6.439593752968606269e-03,1.089275016338826758e-04
2.105000000000000000e+03,1.092948690649465926e-01,4.000000000000000888e+00,6.433423083306947024e-03,5.209235518807322346e-05
2.106000000000000000e+03,1.092948272728029996e-01,4.000000000000000888e+00,6.432980001614472046e-03,1.925257607291741094e-05
2.107000000000000000e+03,1.092947877645211313e-01,4.000000000000000888e+00,6.434391541504634777e-03,7.606352161917020029e-05
2.108000000000000000e+03,1.092947474891941689e-01,4.000000000000000000e+00,6.427859386812773829e-03,9.814853719900524620e-05
2.109000000000000000e+03,1.092947061545786330e-01,3.999999999999999112e+00,6.431735375883023548e-03,8.064096082461842240e-05
2.110000000000000000e+03,1.092946638336520226e-01,4.000000000000000000e+00,6.426950740069448283e-03,3.435555018594053375e-05
2.111000000000000000e+03,1.092946230671714425e-01,3.999999999999999112e+00,6.425980736100624438e-03,2.030373369025496213e-05
2.112000000000000000e+03,1.092945836379404234e-01,4.000000000000000000e+00,6.427028580632408034e-03,6.188151395357021289e-05
2.113000000000000000e+03,1.092945435486368799e-01,4.000000000000000000e+00,6.421581067509568239e-03,7.626738152141020145e-05
2.114000000000000000e+03,1.092945029935693674e-01,3.999999999999999112e+00,6.424254458884352294e-03,6.089296812514849493e-05
2.115000000000000000e+03,1.092944618782610011e-01,4.000000000000000000e+00,6.420363693571903146e-03,2.459512146195663989e-05
2.116000000000000000e+03,1.092944217682862013e-01,4.000000000000000888e+00,6.419220681810932153e-03,1.715302492375945378e-05
2.117000000000000000e+03,1.092943824800998998e-01,4.000000000000000000e+00,6.419799473110701128e-03,4.845252699024392656e-05
2.118000000000000000e+03,1.092943427342479012e-01,4.000000000000000000e+00,6.415273814868120011e-03,5.905937748584335625e-05
2.119000000000000000e+03,1.092943028361091085e-01,3.999999999999999112e+00,6.417057700107002202e-03,4.724188075075846189e-05
2.120000000000000000e+03,1.092942625554075148e-01,3.999999999999999556e+00,6.413734506277738411e-03,1.964386727889902147e-05
2.121000000000000000e+03,1.092942229153638645e-01,3.999999999999999112e+00,6.412607340117304836e-03,1.226037142427027134e-05
2.122000000000000000e+03,1.092941838009780231e-01,3.999999999999999112e+00,6.412708427330425856e-03,3.660213164921404493e-05
2.123000000000000000e+03,1.092941444077084878e-01,4.000000000000000888e+00,6.408944045324595391e-03,4.560446424931347036e-05
2.124000000000000000e+03,1.092941050150098847e-01,4.000000000000000888e+00,6.410064273153759200e-03,3.765057011932760239e-05
2.125000000000000000e+03,1.092940653199817591e-01,3.999999999999998668e+00,6.407106267412893130e-03,1.734540575613181961e-05
2.126000000000000000e+03,1.092940260334634706e-01,4.000000000000000000e+00,6.406080015227215950e-03,7.001183910380332469e-06
2.127000000000000000e+03,1.092939870833655597e-01,4.000000000000000888e+00,6.405739408554339369e-03,2.647414557240981663e-05
2.128000000000000000e+03,1.092939479837636979e-01,3.999999999999999556e+00,6.402599874237160232e-03,3.493233574698190343e-05
2.129000000000000000e+03,1.092939089519202600e-01,3.999999999999999112e+00,6.403208567697308944e-03,3.058444481731009202e-05
2.130000000000000000e+03,1.092938696640936985e-01,4.000000000000000888e+00,6.400500215130189643e-03,1.629582777879392787e-05
2.131000000000000000e+03,1.092938306373014701e-01,4.000000000000000000e+00,6.399596974052031324e-03,2.116964476834002308e-06
2.132000000000000000e+03,1.092937918114200435e-01,4.000000000000000000e+00,6.398868517458602273e-03,1.794220213533660808e-05
2.133000000000000000e+03,1.092937529196990887e-01,4.000000000000000888e+00,6.396244908937969743e-03,2.623252044786259055e-05
2.134000000000000000e+03,1.092937141171290844e-01,3.999999999999999112e+00,6.396438649871605264e-03,2.496641992452322518e-05
2.135000000000000000e+03,1.092936750955656178e-01,3.999999999999999112e+00,6.393922556977723291e-03,1.560682557959261384e-05
2.136000000000000000e+03,1.092936362396896011e-01,4.000000000000000000e+00,6.393126772131428083e-03,2.048677529030593647e-06
2.137000000000000000e+03,1.092935974802531629e-01,4.000000000000000888e+00,6.392070682461960772e-03,1.083155304394999468e-05
2.138000000000000000e+03,1.092935587027590860e-01,4.000000000000000000e+00,6.389876351969833550e-03,1.892361219041766764e-05
2.139000000000000000e+03,1.092935200092867154e-01,4.000000000000000888e+00,6.389713911531011252e-03,2.009359826308838740e-05
2.140000000000000000e+03,1.092934811322814337e-01,4.000000000000000000e+00,6.387369605954542132e-03,1.473335393473511641e-05
2.141000000000000000e+03,1.092934423576673308e-01,3.999999999999999112e+00,6.386643183317664875e-03,5.200308990277093064e-06
2.142000000000000000e+03,1.092934035977996959e-01,4.000000000000000000e+00,6.385322624439202302e-03,5.021602596852788550e-06
2.143000000000000000e+03,1.092933648411605063e-01,3.999999999999999112e+00,6.383484865602069222e-03,1.265635852453751564e-05
2.144000000000000000e+03,1.092933261461114663e-01,4.000000000000000888e+00,6.383002876376928959e-03,1.556141642069233048e-05
2.145000000000000000e+03,1.092932873020257961e-01,4.000000000000000000e+00,6.380831009052916405e-03,1.336829862009679644e-05
2.146000000000000000e+03,1.092932485165393902e-01,4.000000000000000000e+00,6.380122924216826558e-03,7.252712084837458333e-06
2.147000000000000000e+03,1.092932096847239465e-01,4.000000000000000888e+00,6.378603809793500536e-03,5.174172723880012169e-07
2.148000000000000000e+03,1.092931708588510825e-01,4.000000000000000888e+00,6.377055369919462646e-03,7.287505911115526032e-06
2.149000000000000000e+03,1.092931320603400258e-01,4.000000000000000000e+00,6.376281522512886393e-03,1.120696681475371418e-05
2.150000000000000000e+03,1.092930931437517128e-01,3.999999999999998668e+00,6.374291287614476317e-03,1.139006156862491120e-05
2.151000000000000000e+03,1.092930542528427196e-01,4.000000000000001776e+00,6.373545076139919448e-03,8.137031442531738169e-06
2.152000000000000000e+03,1.092930152745798800e-01,3.999999999999998668e+00,6.371896025700996176e-03,2.820377184091342295e-06
2.153000000000000000e+03,1.092929762930295590e-01,4.000000000000000888e+00,6.370568417097963870e-03,2.838907910647111721e-06
2.154000000000000000e+03,1.092929372979639518e-01,4.000000000000000888e+00,6.369532102900954049e-03,7.065455643412891799e-06
2.155000000000000000e+03,1.092928982088202383e-01,3.999999999999999112e+00,6.367730480589615244e-03,8.842986020162350359e-06
2.156000000000000000e+03,1.092928591168096236e-01,3.999999999999999112e+00,6.366891626746631547e-03,7.874198112339743076e-06
2.157000000000000000e+03,1.092928199148632817e-01,4.000000000000000888e+00,6.365181972668586437e-03,4.766948021070837863e-06
2.158000000000000000e+03,1.092927806936998675e-01,3.999999999999999556e+00,6.364001969675650745e-03,6.293114735669305449e-07
2.159000000000000000e+03,1.092927414174791473e-01,4.000000000000000888e+00,6.362741883389787419e-03,3.326502028585016844e-06
2.160000000000000000e+03,1.092927020616351330e-01,3.999999999999999112e+00,6.361124501220638029e-03,5.928142454216884578e-06
2.161000000000000000e+03,1.092926626742198870e-01,4.000000000000000000e+00,6.360148567119470672e-03,6.603528794303127275e-06
2.162000000000000000e+03,1.092926231688143845e-01,4.000000000000000000e+00,6.358443364468937750e-03,5.406340565280532966e-06
2.163000000000000000e+03,1.092925836249511035e-01,4.000000000000000000e+00,6.357333755119387760e-03,2.828697778453145161e-06
2.164000000000000000e+03,1.092925439900320483e-01,4.000000000000000000e+00,6.355901359414095446e-03,3.387984245642230890e-07
2.165000000000000000e+03,1.092925042797352198e-01,4.000000000000000888e+00,6.354445816190810482e-03,2.982120902111264145e-06
2.166000000000000000e+03,1.092924645072156087e-01,4.000000000000000000e+00,6.353306735388297537e-03,4.609182795631206634e-06
2.167000000000000000e+03,1.092924246171859959e-01,3.999999999999999112e+00,6.351658935915029981e-03,4.868428246757801437e-06
2.168000000000000000e+03,1.092923846674595939e-01,3.999999999999999556e+00,6.350544086154428711e-03,3.796619166462350457e-06
2.169000000000000000e+03,1.092923446008090271e-01,4.000000000000000000e+00,6.349001752831744810e-03,1.860867484687501960e-06
2.170000000000000000e+03,1.092923044541048022e-01,4.000000000000000000e+00,6.347665135554300155e-03,4.593020602897120537e-07
2.171000000000000000e+03,1.092922642140759515e-01,4.000000000000000000e+00,6.346361695844618921e-03,2.316038664068319563e-06
2.172000000000000000e+03,1.092922238590770395e-01,4.000000000000000000e+00,6.344803048869335216e-03,3.453946612296164409e-06
2.173000000000000000e+03,1.092921834211270649e-01,3.999999999999999112e+00,6.343618575739682144e-03,3.583509466115812175e-06
2.174000000000000000e+03,1.092921428516139271e-01,4.000000000000000888e+00,6.342031859591977169e-03,2.818479024366619500e-06
2.175000000000000000e+03,1.092921021906735068e-01,3.999999999999999112e+00,6.340754367744888022e-03,1.411730601249757312e-06
2.176000000000000000e+03,1.092920614087811437e-01,4.000000000000000888e+00,6.339312044950048616e-03,3.000243008758509570e-07
2.177000000000000000e+03,1.092920205115862076e-01,3.999999999999998668e+00,6.337845843557946522e-03,1.632018228401434380e-06
2.178000000000000000e+03,1.092919795065208782e-01,3.999999999999999556e+00,6.336549857329725789e-03,2.481437020855587669e-06
2.179000000000000000e+03,1.092919383636735409e-01,4.000000000000000000e+00,6.334974998933319036e-03,2.671025888101935990e-06
2.180000000000000000e+03,1.092918971132892658e-01,4.000000000000000000e+00,6.333690444951544686e-03,2.182721580044962428e-06
2.181000000000000000e+03,1.092918557216637221e-01,4.000000000000000000e+00,6.332155931733525304e-03,1.251944124861521449e-06
2.182000000000000000e+03,1.092918142092471900e-01,4.000000000000000000e+00,6.330755621447510181e-03,2.284378352590471408e-07
2.183000000000000000e+03,1.092917725645442539e-01,3.999999999999999112e+00,6.329337169742249754e-03,9.884372292501298705e-07
2.184000000000000000e+03,1.092917307792040937e-01,3.999999999999999112e+00,6.327807430257049136e-03,1.711271443059970876e-06
2.185000000000000000e+03,1.092916888670089071e-01,4.000000000000000000e+00,6.326458846648156178e-03,1.956415371942893765e-06
2.186000000000000000e+03,1.092916468016868758e-01,4.000000000000000000e+00,6.324886561256786756e-03,1.757352821251848477e-06
2.187000000000000000e+03,1.092916046048707790e-01,4.000000000000000888e+00,6.323503408050787887e-03,1.166361548656634367e-06
2.188000000000000000e+03,1.092915622554271882e-01,3.999999999999999556e+00,6.321983018056074634e-03,4.301267617793391369e-07
2.189000000000000000e+03,1.092915197612387840e-01,4.000000000000001776e+00,6.320499672431618456e-03,4.794368974880603087e-07
2.190000000000000000e+03,1.092914771197644325e-01,3.999999999999999112e+00,6.319054929780782912e-03,1.055828415152901907e-06
2.191000000000000000e+03,1.092914343191300763e-01,4.000000000000000000e+00,6.317488553208685902e-03,1.392042896237820739e-06
2.192000000000000000e+03,1.092913913722177721e-01,4.000000000000000000e+00,6.316068357296266561e-03,1.378926671562797828e-06
2.193000000000000000e+03,1.092913482589838448e-01,4.000000000000000000e+00,6.314487410546445502e-03,1.102220830340023562e-06
2.194000000000000000e+03,1.092913049932139752e-01,4.000000000000001776e+00,6.313021365827647946e-03,6.134031534137353899e-07
2.195000000000000000e+03,1.092912615618523292e-01,4.000000000000000888e+00,6.311481338447929267e-03,2.140971750971524961e-07
2.196000000000000000e+03,1.092912179667978601e-01,3.999999999999999112e+00,6.309937596716738359e-03,5.477205463034013311e-07
2.197000000000000000e+03,1.092911742086528359e-01,3.999999999999999112e+00,6.308441275273475590e-03,8.768098945121441915e-07
2.198000000000000000e+03,1.092911302765307707e-01,3.999999999999999556e+00,6.306841980059305942e-03,1.034722917624888853e-06
2.199000000000000000e+03,1.092910861802294104e-01,4.000000000000000000e+00,6.305348400113984161e-03,9.529922559112761477e-07
2.200000000000000000e+03,1.092910419051187354e-01,3.999999999999999112e+00,6.303741401340276843e-03,7.242635341638783858e-07
2.201000000000000000e+03,1.092909974598150480e-01,3.999999999999999556e+00,6.302205048640658301e-03,3.814845127998066329e-07
2.202000000000000000e+03,1.092909528356852400e-01,3.999999999999999556e+00,6.300623319925481927e-03,2.200691822435396362e-07
2.203000000000000000e+03,1.092909080325960847e-01,3.999999999999999556e+00,6.299027617036069386e-03,4.617216019618709399e-07
2.204000000000000000e+03,1.092908630514384527e-01,4.000000000000000000e+00,6.297468710169842714e-03,6.574925051265533673e-07
2.205000000000000000e+03,1.092908178836976829e-01,4.000000000000000000e+00,6.295831204847581603e-03,7.518107212588414913e-07
2.206000000000000000e+03,1.092907725361326604e-01,4.000000000000000888e+00,6.294266412254660714e-03,6.820027192125705502e-07
2.207000000000000000e+03,1.092907269980801788e-01,4.000000000000000000e+00,6.292618973539766854e-03,5.325101455412897793e-07
2.208000000000000000e+03,1.092906812752080514e-01,4.000000000000000000e+00,6.291018503551560476e-03,3.111694674840153505e-07
2.209000000000000000e+03,1.092906353610745840e-01,4.000000000000000000e+00,6.289382346744294347e-03,2.132453522973882727e-07
2.210000000000000000e+03,1.092905892554252301e-01,3.999999999999998668e+00,6.287735362018123837e-03,3.428781732459978501e-07
2.211000000000000000e+03,1.092905429583508614e-01,4.000000000000000000e+00,6.286109065869308933e-03,4.677091526648859151e-07
2.212000000000000000e+03,1.092904964638539561e-01,4.000000000000000000e+00,6.284426456356240198e-03,5.472644191895776541e-07
2.213000000000000000e+03,1.092904497762487853e-01,3.999999999999999556e+00,6.282791666746348480e-03,5.130877009326682614e-07
2.214000000000000000e+03,1.092904028877282469e-01,4.000000000000000000e+00,6.281094062545945940e-03,4.370711974211747285e-07
2.215000000000000000e+03,1.092903558023215899e-01,3.999999999999999112e+00,6.279430740745070225e-03,2.997043845247492836e-07
2.216000000000000000e+03,1.092903085146901127e-01,4.000000000000000888e+00,6.277733178154609739e-03,2.187892144750132677e-07
2.217000000000000000e+03,1.092902610251866302e-01,4.000000000000001776e+00,6.276032294425564623e-03,2.495527892592450349e-07
2.218000000000000000e+03,1.092902133328588210e-01,3.999999999999999556e+00,6.274336021716562725e-03,3.230625295058461681e-07
2.219000000000000000e+03,1.092901654340060341e-01,4.000000000000000000e+00,6.272602451408118736e-03,3.973830263096668221e-07
2.220000000000000000e+03,1.092901173310110163e-01,4.000000000000000000e+00,6.270897093891252515e-03,3.965684206702189449e-07
2.221000000000000000e+03,1.092900690183073453e-01,3.999999999999998668e+00,6.269143460555631417e-03,3.777869223133670931e-07
2.222000000000000000e+03,1.092900204988552781e-01,4.000000000000000000e+00,6.267415583773934713e-03,3.004982878158374690e-07
2.223000000000000000e+03,1.092899717680777538e-01,4.000000000000000000e+00,6.265653041842930530e-03,2.452169023305715019e-07
2.224000000000000000e+03,1.092899228270227535e-01,4.000000000000000888e+00,6.263894425399910496e-03,2.140356696139807409e-07
2.225000000000000000e+03,1.092898736738414089e-01,3.999999999999999112e+00,6.262126532508705337e-03,2.347545693554145598e-07
2.226000000000000000e+03,1.092898243068182451e-01,3.999999999999999112e+00,6.260337477857981850e-03,2.874236804315327114e-07
2.227000000000000000e+03,1.092897747267510405e-01,4.000000000000000000e+00,6.258559827879646258e-03,3.045036100413694858e-07
2.228000000000000000e+03,1.092897249300548990e-01,3.999999999999999112e+00,6.256746946742323956e-03,3.225921835881250018e-07
2.229000000000000000e+03,1.092896749187263344e-01,4.000000000000000888e+00,6.254951251048799718e-03,2.901895559910683128e-07
2.230000000000000000e+03,1.092896246890560086e-01,4.000000000000000000e+00,6.253122402288613726e-03,2.685872010772719664e-07
2.231000000000000000e+03,1.092895742424994099e-01,4.000000000000000888e+00,6.251301634239999835e-03,2.274039260088645031e-07
2.232000000000000000e+03,1.092895235767033513e-01,3.999999999999999112e+00,6.249461470533242136e-03,2.162925282790201157e-07
2.233000000000000000e+03,1.092894726915226988e-01,4.000000000000000000e+00,6.247613078428317611e-03,2.256023052499581311e-07
2.234000000000000000e+03,1.092894215864870788e-01,4.000000000000000888e+00,6.245761355267088165e-03,2.378012789520795140e-07
2.235000000000000000e+03,1.092893702598541350e-01,4.000000000000000000e+00,6.243887414714572627e-03,2.648055962354679720e-07
2.236000000000000000e+03,1.092893187125705545e-01,4.000000000000000888e+00,6.242020170684077149e-03,2.605385548875880093e-07
2.237000000000000000e+03,1.092892669421112323e-01,4.000000000000000000e+00,6.240125232337226727e-03,2.673872709647895429e-07
2.238000000000000000e+03,1.092892149498357890e-01,4.000000000000001776e+00,6.238237474545207592e-03,2.435434720127461690e-07
2.239000000000000000e+03,1.092891627334806465e-01,4.000000000000000000e+00,6.236325786324982585e-03,2.364799038348941209e-07
2.240000000000000000e+03,1.092891102938709641e-01,4.000000000000000888e+00,6.234413978130079817e-03,2.194103896072977008e-07
2.241000000000000000e+03,1.092890576297424893e-01,4.000000000000000000e+00,6.232487568940428720e-03,2.178607125697115366e-07
2.242000000000000000e+03,1.092890047409147969e-01,4.000000000000001776e+00,6.230550814996534299e-03,2.247743186272109968e-07
2.243000000000000000e+03,1.092889516272986666e-01,4.000000000000000000e+00,6.228609079345015336e-03,2.274130164006813436e-07
2.244000000000000000e+03,1.092888982878078008e-01,3.999999999999999556e+00,6.226648837359555384e-03,2.421963947028643730e-07
2.245000000000000000e+03,1.092888447231993715e-01,4.000000000000000000e+00,6.224689382236291493e-03,2.365750608085878077e-07
2.246000000000000000e+03,1.092887909319712192e-01,3.999999999999999556e+00,6.222708246813406056e-03,2.440904433503069689e-07
2.247000000000000000e+03,1.092887369151532562e-01,4.000000000000000000e+00,6.220728273761424142e-03,2.308813768719433412e-07
2.248000000000000000e+03,1.092886826714091625e-01,3.999999999999999112e+00,6.218728617112997611e-03,2.316461572378645555e-07
2.249000000000000000e+03,1.092886282015139432e-01,3.999999999999999112e+00,6.216726104766511982e-03,2.217302755589588742e-07
2.250000000000000000e+03,1.092885735047169349e-01,4.000000000000001776e+00,6.214709177325183735e-03,2.217146148403701065e-07
2.251000000000000000e+03,1.092885185812519505e-01,3.999999999999999556e+00,6.212683441887267323e-03,2.224445387996781635e-07
2.252000000000000000e+03,1.092884634310910541e-01,4.000000000000000000e+00,6.210649157341937600e-03,2.225135702091339485e-07
2.253000000000000000e+03,1.092884080539293645e-01,4.000000000000000000e+00,6.208600754405165824e-03,2.301373964030425741e-07
2.254000000000000000e+03,1.092883524503356629e-01,3.999999999999999112e+00,6.206548038744715001e-03,2.270784536538908989e-07
2.255000000000000000e+03,1.092882966196846023e-01,4.000000000000000000e+00,6.204478241167278238e-03,2.345913586707280299e-07
2.256000000000000000e+03,1.092882405628625986e-01,3.999999999999999556e+00,6.202405644995421033e-03,2.278940437399175970e-07
2.257000000000000000e+03,1.092881842792262775e-01,4.000000000000000000e+00,6.200315817390026837e-03,2.324260202371335036e-07
2.258000000000000000e+03,1.092881277696818171e-01,4.000000000000000000e+00,6.198222089571357903e-03,2.254325567009457126e-07
2.259000000000000000e+03,1.092880710338313410e-01,4.000000000000000000e+00,6.196113213401797590e-03,2.276048440529445046e-07
2.260000000000000000e+03,1.092880140723862803e-01,4.000000000000000888e+00,6.193997647872690089e-03,2.241578723074687248e-07
2.261000000000000000e+03,1.092879568853440259e-01,4.000000000000000888e+00,6.191870112928795147e-03,2.249342403673975148e-07
2.262000000000000000e+03,1.092878994731356079e-01,4.000000000000000000e+00,6.189732623227100876e-03,2.261363004530247031e-07
2.263000000000000000e+03,1.092878418361735438e-01,3.999999999999999556e+00,6.187586269937453594e-03,2.254125948770973141e-07
2.264000000000000000e+03,1.092877839746423385e-01,4.000000000000000000e+00,6.185427254152576007e-03,2.295779800097684601e-07
2.265000000000000000e+03,1.092877258892885339e-01,3.999999999999999556e+00,6.183261572434103383e-03,2.270224484235759944e-07
2.266000000000000000e+03,1.092876675801616737e-01,4.000000000000001776e+00,6.181081678710689808e-03,2.318663852757391485e-07
2.267000000000000000e+03,1.092876090482093332e-01,4.000000000000000000e+00,6.178896051116224662e-03,2.279597889354330475e-07
2.268000000000000000e+03,1.092875502934833182e-01,4.000000000000000888e+00,6.176695947116242480e-03,2.320900158164463333e-07
2.269000000000000000e+03,1.092874913169969570e-01,4.000000000000000000e+00,6.174489849733224775e-03,2.280870334025740705e-07
2.270000000000000000e+03,1.092874321189241105e-01,3.999999999999999112e+00,6.172270061470669367e-03,2.310500564896039551e-07
2.271000000000000000e+03,1.092873727002406092e-01,4.000000000000001776e+00,6.170043179671185971e-03,2.282437281620101206e-07
2.272000000000000000e+03,1.092873130613202654e-01,4.000000000000000000e+00,6.167804020902255442e-03,2.300057013726137663e-07
2.273000000000000000e+03,1.092872532030458310e-01,3.999999999999999112e+00,6.165556277555151593e-03,2.290786290090514870e-07
2.274000000000000000e+03,1.092871931260197549e-01,3.999999999999999112e+00,6.163297857174913387e-03,2.296731878585367512e-07
2.275000000000000000e+03,1.092871328310217882e-01,4.000000000000000000e+00,6.161029376546830333e-03,2.305587950644901944e-07
2.276000000000000000e+03,1.092870723188719972e-01,3.999999999999999112e+00,6.158751654481818202e-03,2.300488283501369859e-07
2.277000000000000000e+03,1.092870115902708911e-01,4.000000000000000000e+00,6.156462693881516179e-03,2.322161920263461670e-07
2.278000000000000000e+03,1.092869506462181561e-01,4.000000000000000888e+00,6.154165554086816863e-03,2.307796192947688423e-07
2.279000000000000000e+03,1.092868894873774283e-01,4.000000000000001776e+00,6.151856431529914918e-03,2.336008601825312295e-07
2.280000000000000000e+03,1.092868281148795806e-01,4.000000000000000888e+00,6.149539748319798362e-03,2.315559917119313835e-07
2.281000000000000000e+03,1.092867665293976304e-01,3.999999999999999112e+00,6.147210784600658923e-03,2.345246957000791327e-07
2.282000000000000000e+03,1.092867047321459811e-01,4.000000000000000000e+00,6.144874469543870621e-03,2.322611718894297811e-07
2.283000000000000000e+03,1.092866427238477905e-01,4.000000000000000888e+00,6.142525952321583813e-03,2.350454204609298788e-07
2.284000000000000000e+03,1.092865805057632728e-01,4.000000000000000000e+00,6.140169978661224118e-03,2.329218712013204431e-07
2.285000000000000000e+03,1.092865180786947860e-01,4.000000000000000000e+00,6.137802147868995188e-03,2.353338197891180357e-07
2.286000000000000000e+03,1.092864554439218205e-01,4.000000000000000888e+00,6.135426555902493556e-03,2.336045991186163574e-07
2.287000000000000000e+03,1.092863926023433518e-01,3.999999999999999112e+00,6.133039605171839576e-03,2.355553496304573853e-07
2.288000000000000000e+03,1.092863295552438108e-01,4.000000000000000000e+00,6.130644494909952627e-03,2.343492241474726662e-07
2.289000000000000000e+03,1.092862663036248683e-01,3.999999999999999556e+00,6.128238582350809330e-03,2.358149701896433130e-07
2.290000000000000000e+03,1.092862028487711218e-01,3.999999999999999112e+00,6.125824099950230583e-03,2.351545842534593266e-07
2.291000000000000000e+03,1.092861391917852726e-01,4.000000000000000000e+00,6.123399362435024557e-03,2.361541973559274645e-07
2.292000000000000000e+03,1.092860753339533059e-01,4.000000000000000888e+00,6.120965685428199354e-03,2.359939149583979485e-07
2.293000000000000000e+03,1.092860112764727915e-01,3.999999999999999112e+00,6.118522252266004463e-03,2.365724845733971714e-07
2.294000000000000000e+03,1.092859470206352657e-01,3.999999999999999112e+00,6.116069576674305550e-03,2.368360711974553279e-07
2.295000000000000000e+03,1.092858825677246737e-01,4.000000000000000000e+00,6.113607580519170130e-03,2.370506292344030808e-07
2.296000000000000000e+03,1.092858179190444590e-01,3.999999999999999112e+00,6.111136111208685141e-03,2.376591021995299897e-07
2.297000000000000000e+03,1.092857530759557411e-01,4.000000000000000888e+00,6.108655695569038292e-03,2.375658223862246974e-07
2.298000000000000000e+03,1.092856880397787001e-01,4.000000000000000000e+00,6.106165639922099889e-03,2.384540426483956933e-07
2.299000000000000000e+03,1.092856228119444689e-01,4.000000000000000000e+00,6.103666963619157337e-03,2.380980128718501485e-07
2.300000000000000000e+03,1.092855573937933783e-01,4.000000000000000000e+00,6.101158527872887517e-03,2.392232370638887672e-07
2.301000000000000000e+03,1.092854917868207598e-01,3.999999999999999556e+00,6.098641767276921817e-03,2.386316918695181314e-07
2.302000000000000000e+03,1.092854259923884963e-01,4.000000000000000000e+00,6.096115154576669214e-03,2.399778420916920205e-07
2.303000000000000000e+03,1.092853600120527319e-01,3.999999999999999112e+00,6.093580504602945716e-03,2.391559558918685946e-07
2.304000000000000000e+03,1.092852938471960411e-01,4.000000000000000000e+00,6.091035913819811340e-03,2.407363329167873868e-07
2.305000000000000000e+03,1.092852274994340622e-01,3.999999999999998224e+00,6.088483588629199639e-03,2.396641152773368129e-07
2.306000000000000000e+03,1.092851609701666338e-01,4.000000000000000000e+00,6.085921213049282422e-03,2.415253463164592630e-07
2.307000000000000000e+03,1.092850942610704423e-01,4.000000000000000000e+00,6.083351447280236149e-03,2.401546178653280209e-07
2.308000000000000000e+03,1.092850273735567201e-01,4.000000000000000000e+00,6.080771472345376794e-03,2.423846675011289571e-07
2.309000000000000000e+03,1.092849603093674488e-01,3.999999999999999556e+00,6.078184523695530882e-03,2.406351134631289985e-07
2.310000000000000000e+03,1.092848930699154009e-01,4.000000000000000000e+00,6.075587122954583495e-03,2.433784698562121949e-07
2.311000000000000000e+03,1.092848256570164572e-01,4.000000000000000888e+00,6.072983277040360818e-03,2.411322703247679614e-07
2.312000000000000000e+03,1.092847580720712058e-01,4.000000000000000000e+00,6.070368605251486548e-03,2.446173904297439504e-07
2.313000000000000000e+03,1.092846903169827077e-01,3.999999999999999556e+00,6.067748184012653617e-03,2.417141084705071461e-07
2.314000000000000000e+03,1.092846223931189520e-01,4.000000000000000000e+00,6.065116365845557578e-03,2.463028857337548489e-07
2.315000000000000000e+03,1.092845543024913990e-01,4.000000000000000000e+00,6.062479741425516426e-03,2.425413829421380022e-07
2.316000000000000000e+03,1.092844860464064621e-01,4.000000000000000000e+00,6.059830853302410059e-03,2.488187032224372385e-07
2.317000000000000000e+03,1.092844176270157952e-01,4.000000000000000000e+00,6.057178470546063787e-03,2.439849005396954385e-07
2.318000000000000000e+03,1.092843490455212840e-01,4.000000000000000000e+00,6.054512511598866310e-03,2.529216583815802397e-07
2.319000000000000000e+03,1.092842803042639865e-01,4.000000000000000000e+00,6.051844924368893729e-03,2.468917838643287431e-07
2.320000000000000000e+03,1.092842114042772289e-01,3.999999999999999556e+00,6.049161769790801363e-03,2.601397252628498948e-07
2.321000000000000000e+03,1.092841423481667046e-01,4.000000000000000888e+00,6.046479699807737369e-03,2.531780861570208898e-07
2.322000000000000000e+03,1.092840731367004936e-01,4.000000000000000888e+00,6.043779025282749844e-03,2.735764938772202245e-07
2.323000000000000000e+03,1.092840037728662062e-01,3.999999999999999112e+00,6.041083458221103465e-03,2.670640695485654305e-07
2.324000000000000000e+03,1.092839342570164768e-01,4.000000000000000000e+00,6.038364616205270027e-03,2.993930466107885440e-07
2.325000000000000000e+03,1.092838645927049074e-01,4.000000000000000000e+00,6.035656960201761338e-03,2.972709464580598584e-07
2.326000000000000000e+03,1.092837947796347076e-01,4.000000000000000000e+00,6.032918775073426408e-03,3.490756656843182863e-07
2.327000000000000000e+03,1.092837248222176538e-01,4.000000000000000000e+00,6.030201125020197978e-03,3.598562354390298773e-07
2.328000000000000000e+03,1.092836547191348984e-01,3.999999999999999556e+00,6.027441549932933962e-03,4.421044398729144927e-07
2.329000000000000000e+03,1.092835844761274877e-01,4.000000000000000000e+00,6.024717133096647165e-03,4.805657217366002430e-07
2.330000000000000000e+03,1.092835140902535251e-01,3.999999999999999112e+00,6.021932668455146943e-03,6.090445314649588092e-07
2.331000000000000000e+03,1.092834435693513101e-01,3.999999999999999556e+00,6.019206604379723387e-03,6.979500109510392323e-07
2.332000000000000000e+03,1.092833729078750427e-01,4.000000000000000000e+00,6.016391300898620530e-03,8.976933459401250422e-07
2.333000000000000000e+03,1.092833021170296348e-01,3.999999999999999112e+00,6.013671912034911082e-03,1.072570589037002682e-06
2.334000000000000000e+03,1.092832311870435419e-01,3.999999999999999112e+00,6.010815641921094486e-03,1.386750320747091102e-06
2.335000000000000000e+03,1.092831601346157394e-01,4.000000000000000000e+00,6.008116739873708284e-03,1.706669585178300646e-06
2.336000000000000000e+03,1.092830889430388697e-01,3.999999999999998224e+00,6.005202164574167945e-03,2.211492358773363040e-06
2.337000000000000000e+03,1.092830176381272833e-01,4.000000000000000000e+00,6.002547083499135995e-03,2.778738554192215130e-06
2.338000000000000000e+03,1.092829461916667300e-01,4.000000000000000000e+00,5.999544275037206435e-03,3.609270593000321720e-06
2.339000000000000000e+03,1.092828746448596955e-01,4.000000000000000000e+00,5.996973067844238101e-03,4.604396009690246029e-06
2.340000000000000000e+03,1.092828029502327103e-01,3.999999999999999112e+00,5.993829861002740456e-03,6.001405963886028198e-06
2.341000000000000000e+03,1.092827311754724640e-01,3.999999999999999556e+00,5.991412283060948592e-03,7.747074724859010116e-06
2.342000000000000000e+03,1.092826592407132313e-01,4.000000000000000000e+00,5.988036777977726044e-03,1.014360558228640035e-05
2.343000000000000000e+03,1.092825872603084003e-01,4.000000000000000000e+00,5.985895975681821551e-03,1.322290390421221461e-05
2.344000000000000000e+03,1.092825151000735018e-01,4.000000000000000000e+00,5.982124457911388617e-03,1.740600337694935733e-05
2.345000000000000000e+03,1.092824429591977703e-01,4.000000000000000000e+00,5.980480671632483827e-03,2.288437136246012767e-05
2.346000000000000000e+03,1.092823706141899803e-01,3.999999999999999556e+00,5.976018170175892950e-03,3.030022265290820697e-05
2.347000000000000000e+03,1.092822984254594731e-01,3.999999999999999556e+00,5.975270261444475851e-03,4.014611124637453043e-05
2.348000000000000000e+03,1.092822260311996641e-01,4.000000000000000000e+00,5.969579288317936397e-03,5.348122160716734809e-05
2.349000000000000000e+03,1.092821541185969303e-01,3.999999999999999112e+00,5.970458509284848336e-03,7.137080291788768351e-05
2.350000000000000000e+03,1.092820821473622361e-01,4.000000000000000000e+00,5.962548914564473439e-03,9.566809846793259873e-05
2.351000000000000000e+03,1.092820115291175120e-01,3.999999999999999556e+00,5.966411996542275373e-03,1.285348941956408178e-04
2.352000000000000000e+03,1.092819416453993248e-01,4.000000000000000000e+00,5.954441487760721123e-03,1.733450286650257987e-04
2.353000000000000000e+03,1.092818757012603975e-01,4.000000000000000888e+00,5.963833980757254905e-03,2.343596667028565611e-04
2.354000000000000000e+03,1.092818138058554017e-01,3.999999999999999112e+00,5.944349314922276438e-03,3.178422613012712940e-04
2.355000000000000000e+03,1.092817641165991366e-01,4.000000000000000000e+00,5.964088468169263975e-03,4.319780517040580441e-04
2.356000000000000000e+03,1.092817310868365033e-01,3.999999999999999112e+00,5.930616848528378303e-03,5.882318765795311157e-04
2.357000000000000000e+03,1.092817374166208388e-01,4.000000000000000000e+00,5.969807092346077551e-03,8.013072215858110239e-04
2.358000000000000000e+03,1.092818042975461645e-01,3.999999999999999112e+00,5.910492686859840535e-03,1.089841574739905004e-03
2.359000000000000000e+03,1.092819927205632147e-01,3.999999999999999112e+00,5.985671615253794660e-03,1.473629095338694576e-03
2.360000000000000000e+03,1.092823589299670856e-01,3.999999999999999112e+00,5.880887416900529296e-03,1.966518020711799462e-03
2.361000000000000000e+03,1.092829907851147475e-01,3.999999999999999112e+00,6.016572040888392044e-03,2.555329180665929113e-03
2.362000000000000000e+03,1.092838154543565171e-01,4.000000000000000000e+00,5.845188053302472105e-03,3.160113013674328581e-03
2.363000000000000000e+03,1.092845013648868213e-01,3.999999999999999556e+00,6.047697325374279051e-03,3.583469171998925236e-03
2.364000000000000000e+03,1.092842977502208462e-01,4.000000000000000888e+00,5.830858936064515358e-03,3.520050111952080247e-03
2.365000000000000000e+03,1.092829292273864855e-01,4.000000000000000000e+00,6.010710534123448433e-03,2.723943874248458720e-03
2.366000000000000000e+03,1.092813214369920960e-01,3.999999999999999112e+00,5.881980989756679587e-03,1.265722314335614336e-03
2.367000000000000000e+03,1.092808763364833680e-01,4.000000000000000000e+00,5.902815843703314302e-03,4.283833268232201878e-04
2.368000000000000000e+03,1.092816282853360382e-01,3.999999999999998668e+00,5.970647709343009611e-03,1.821355519111938744e-03
2.369000000000000000e+03,1.092823043542516248e-01,4.000000000000000000e+00,5.840763847668256452e-03,2.490738450210886953e-03
2.370000000000000000e+03,1.092819123113197982e-01,4.000000000000001776e+00,5.978528111088166758e-03,2.227832507388800148e-03
2.371000000000000000e+03,1.092808779197725760e-01,3.999999999999999112e+00,5.870209680364169881e-03,1.152355981804658279e-03
2.372000000000000000e+03,1.092804754310573723e-01,3.999999999999998668e+00,5.892563010228907099e-03,2.692963571596016762e-04
2.373000000000000000e+03,1.092809305604858922e-01,4.000000000000000000e+00,5.943078087588329894e-03,1.442132525341707034e-03
2.374000000000000000e+03,1.092812668011716032e-01,3.999999999999999112e+00,5.840588225663768777e-03,1.914926473413500413e-03
2.375000000000000000e+03,1.092808580026120580e-01,4.000000000000000000e+00,5.940304029038716294e-03,1.539932768472924117e-03
2.376000000000000000e+03,1.092802330565838531e-01,3.999999999999999112e+00,5.872681687100126183e-03,5.374090488232315674e-04
2.377000000000000000e+03,1.092801771542240841e-01,4.000000000000000000e+00,5.867828278160304098e-03,6.008880227787742525e-04
2.378000000000000000e+03,1.092804973821042136e-01,3.999999999999999112e+00,5.925381118057626573e-03,1.361430364320592419e-03
2.379000000000000000e+03,1.092804761251869872e-01,4.000000000000000000e+00,5.838202435715966580e-03,1.440886674371041811e-03
2.380000000000000000e+03,1.092800544370951532e-01,4.000000000000000000e+00,5.903142171731988984e-03,8.601172886466654666e-04
2.381000000000000000e+03,1.092797847387819987e-01,4.000000000000001776e+00,5.875189731289607274e-03,5.684221316274365031e-05
2.382000000000000000e+03,1.092798998918381864e-01,4.000000000000000000e+00,5.845375819536290270e-03,8.565279847078245516e-04
2.383000000000000000e+03,1.092800025869875707e-01,4.000000000000000000e+00,5.904396849218744928e-03,1.182141473001375965e-03
2.384000000000000000e+03,1.092797825688152369e-01,4.000000000000000000e+00,5.837309133203711677e-03,9.268835468559135076e-04
2.385000000000000000e+03,1.092795022538968208e-01,4.000000000000000000e+00,5.869332683860525174e-03,2.634116021497835019e-04
2.386000000000000000e+03,1.092794641366965080e-01,4.000000000000000000e+00,5.872270987668207383e-03,4.574275746811241362e-04
2.387000000000000000e+03,1.092795407316966005e-01,4.000000000000000000e+00,5.829155474835447798e-03,8.923456309797927295e-04
2.388000000000000000e+03,1.092794559679961808e-01,4.000000000000000888e+00,5.878987214280547748e-03,8.650411274207512376e-04
2.389000000000000000e+03,1.092792312758533585e-01,4.000000000000000000e+00,5.836282885925809204e-03,4.328824922401114579e-04
2.390000000000000000e+03,1.092791141024300888e-01,4.000000000000000888e+00,5.841266682848289538e-03,1.606509623703617070e-04
2.391000000000000000e+03,1.092791340651579762e-01,3.999999999999999556e+00,5.862059111509287240e-03,6.193402789509973002e-04
2.392000000000000000e+03,1.092790998646084866e-01,4.000000000000000888e+00,5.818192138736372893e-03,7.409700604156372033e-04
2.393000000000000000e+03,1.092789485557427304e-01,4.000000000000000000e+00,5.852249754186717758e-03,5.013224156443029473e-04
2.394000000000000000e+03,1.092788069458146133e-01,3.999999999999999112e+00,5.832348595075609668e-03,4.935401003487809555e-05
2.395000000000000000e+03,1.092787684947547633e-01,4.000000000000000000e+00,5.819436183203627495e-03,3.809438653279434840e-04
2.396000000000000000e+03,1.092787479484435276e-01,4.000000000000000000e+00,5.845801818172602880e-03,5.895985703663267482e-04
2.397000000000000000e+03,1.092786454224626003e-01,3.999999999999999556e+00,5.809776173856849926e-03,5.012812379411491111e-04
2.398000000000000000e+03,1.092785144497480376e-01,3.999999999999999556e+00,5.827215343256541419e-03,1.869428155185049942e-04
2.399000000000000000e+03,1.092784387007984942e-01,3.999999999999999556e+00,5.824029985912194431e-03,1.833708210820014361e-04
2.400000000000000000e+03,1.092784023113366199e-01,3.999999999999999112e+00,5.802584664881895588e-03,4.315138879120279875e-04
2.401000000000000000e+03,1.092783337455072445e-01,4.000000000000000000e+00,5.826208498194216170e-03,4.543944790359229083e-04
2.402000000000000000e+03,1.092782212676758347e-01,4.000000000000000888e+00,5.801340350651881979e-03,2.643821240516856623e-04
2.403000000000000000e+03,1.092781281507942681e-01,4.000000000000000000e+00,5.805274169439079111e-03,2.911557086191291139e-05
2.404000000000000000e+03,1.092780736076170711e-01,4.000000000000000888e+00,5.811573872764378562e-03,2.798900690987301881e-04
2.405000000000000000e+03,1.092780138737338980e-01,3.999999999999998668e+00,5.788761172558940134e-03,3.771862225214142757e-04
2.406000000000000000e+03,1.092779246338308613e-01,4.000000000000000000e+00,5.805766865438056687e-03,2.918647475254513386e-04
2.407000000000000000e+03,1.092778280005126113e-01,4.000000000000000000e+00,5.791345432641089447e-03,8.175281397463823364e-05
2.408000000000000000e+03,1.092777562635984245e-01,4.000000000000000000e+00,5.786371104553984616e-03,1.447751249754648546e-04
2.409000000000000000e+03,1.092776971263501318e-01,4.000000000000000888e+00,5.796221572429671211e-03,2.829792033225073111e-04
2.410000000000000000e+03,1.092776203073633073e-01,3.999999999999999112e+00,5.776184007602158665e-03,2.795663122377697375e-04
2.411000000000000000e+03,1.092775311079732664e-01,4.000000000000000888e+00,5.785983023005553810e-03,1.503931016009330923e-04
2.412000000000000000e+03,1.092774499238635399e-01,3.999999999999999556e+00,5.779341819065121622e-03,3.338423533076006436e-05
2.413000000000000000e+03,1.092773828347726878e-01,4.000000000000000888e+00,5.769731006711081508e-03,1.840280404886881474e-04
2.414000000000000000e+03,1.092773141615463184e-01,4.000000000000000000e+00,5.779353211332681484e-03,2.375662646144175447e-04
2.415000000000000000e+03,1.092772318955402000e-01,4.000000000000000000e+00,5.763644711859419560e-03,1.803676473313274738e-04
2.416000000000000000e+03,1.092771491071926337e-01,4.000000000000000000e+00,5.767421785142782392e-03,4.896024613257823226e-05
2.417000000000000000e+03,1.092770754658137361e-01,3.999999999999999112e+00,5.765589780810453403e-03,9.085761124095909362e-05
2.418000000000000000e+03,1.092770058501245922e-01,4.000000000000000000e+00,5.754447679362882997e-03,1.769715863956283135e-04
2.419000000000000000e+03,1.092769312520411040e-01,4.000000000000000000e+00,5.762007774884669864e-03,1.770471822375732044e-04
2.420000000000000000e+03,1.092768500178451230e-01,3.999999999999999556e+00,5.750539310808334623e-03,1.000985716001823232e-04
2.421000000000000000e+03,1.092767724355427489e-01,4.000000000000000000e+00,5.750059399204672864e-03,1.271082237098492394e-05
2.422000000000000000e+03,1.092767005806178637e-01,4.000000000000000000e+00,5.750625261004579589e-03,1.087070238016318364e-04
2.423000000000000000e+03,1.092766277544347936e-01,4.000000000000000000e+00,5.739789321321873104e-03,1.484806651189359353e-04
2.424000000000000000e+03,1.092765511821315594e-01,3.999999999999999556e+00,5.744781233029278185e-03,1.205894866769477452e-04
2.425000000000000000e+03,1.092764725831509576e-01,4.000000000000000000e+00,5.736706641587836081e-03,4.411542901228700621e-05
2.426000000000000000e+03,1.092763975920415659e-01,4.000000000000000000e+00,5.733620048174339554e-03,4.358671356462944147e-05
2.427000000000000000e+03,1.092763252318695727e-01,3.999999999999999112e+00,5.734970941604709826e-03,1.040277411460298682e-04
2.428000000000000000e+03,1.092762505771152221e-01,4.000000000000000000e+00,5.725284565085019331e-03,1.147288403187598105e-04
2.429000000000000000e+03,1.092761740938163056e-01,3.999999999999999112e+00,5.727921600689748344e-03,7.615035148530503468e-05
2.430000000000000000e+03,1.092760976266967943e-01,4.000000000000000000e+00,5.722228871160054027e-03,9.704263620381804495e-06
2.431000000000000000e+03,1.092760235190443907e-01,4.000000000000000888e+00,5.717788435236556555e-03,5.426250023162929530e-05
2.432000000000000000e+03,1.092759503355337503e-01,3.999999999999999112e+00,5.719014066453376351e-03,8.930497662708196448e-05
2.433000000000000000e+03,1.092758751204654100e-01,4.000000000000000000e+00,5.710690297345117315e-03,8.414935373363855527e-05
2.434000000000000000e+03,1.092757993561258301e-01,4.000000000000000888e+00,5.711468881423663151e-03,4.488611098300114701e-05
2.435000000000000000e+03,1.092757241867261253e-01,4.000000000000000888e+00,5.707277735347366515e-03,8.714449022808291463e-06
2.436000000000000000e+03,1.092756502674316066e-01,4.000000000000000000e+00,5.702307575605533932e-03,5.352705852682552090e-05
2.437000000000000000e+03,1.092755765866663398e-01,3.999999999999999556e+00,5.702993187365657662e-03,7.212215152558854286e-05
2.438000000000000000e+03,1.092755014992952273e-01,3.999999999999999556e+00,5.695919419919327417e-03,5.990047788045129449e-05
2.439000000000000000e+03,1.092754264640675571e-01,4.000000000000000888e+00,5.695367664540507482e-03,2.477585020063543142e-05
2.440000000000000000e+03,1.092753520223160024e-01,3.999999999999999556e+00,5.692026211238114010e-03,1.665376088539621490e-05
2.441000000000000000e+03,1.092752781532004697e-01,4.000000000000001776e+00,5.687003755375278323e-03,4.743396946026603013e-05
2.442000000000000000e+03,1.092752043376508525e-01,4.000000000000000888e+00,5.687031909194913311e-03,5.629653337783598922e-05
2.443000000000000000e+03,1.092751296457467186e-01,4.000000000000000000e+00,5.680972196056665972e-03,4.220880155242935628e-05
2.444000000000000000e+03,1.092750552050155144e-01,4.000000000000000000e+00,5.679536159443895373e-03,1.289183472372115605e-05
2.445000000000000000e+03,1.092749812131221798e-01,4.000000000000000000e+00,5.676611978879211005e-03,1.844474408899115860e-05
2.446000000000000000e+03,1.092749074583535263e-01,4.000000000000000000e+00,5.671776462574814291e-03,3.959545350489282830e-05
2.447000000000000000e+03,1.092748337524224317e-01,4.000000000000000000e+00,5.671180912528328566e-03,4.325492619114937901e-05
2.448000000000000000e+03,1.092747595242911096e-01,4.000000000000000000e+00,5.665887390030007083e-03,3.001864660300422564e-05
2.449000000000000000e+03,1.092746855700562486e-01,4.000000000000000000e+00,5.663899777644830491e-03,6.525961102866382144e-06
2.450000000000000000e+03,1.092746119301958724e-01,4.000000000000000000e+00,5.661131170420475277e-03,1.702527802610591214e-05
2.451000000000000000e+03,1.092745383897163192e-01,4.000000000000000000e+00,5.656577398382788002e-03,3.187340646376657995e-05
2.452000000000000000e+03,1.092744649331473389e-01,4.000000000000000888e+00,5.655451685193341009e-03,3.313751276445021503e-05
2.453000000000000000e+03,1.092743911705908039e-01,3.999999999999999556e+00,5.650713784317499752e-03,2.194274915743884725e-05
2.454000000000000000e+03,1.092743176492920049e-01,4.000000000000000000e+00,5.648402645665755520e-03,3.585365955697908000e-06
2.455000000000000000e+03,1.092742443489246040e-01,4.000000000000000888e+00,5.645645362166676340e-03,1.419333893107604492e-05
2.456000000000000000e+03,1.092741711060163795e-01,4.000000000000000000e+00,5.641390496404279260e-03,2.504592433039079066e-05
2.457000000000000000e+03,1.092740979767427567e-01,4.000000000000000000e+00,5.639838493156731046e-03,2.552013429425638240e-05
2.458000000000000000e+03,1.092740246715408342e-01,4.000000000000000000e+00,5.635496625819766056e-03,1.671008723252358723e-05
2.459000000000000000e+03,1.092739515691931868e-01,4.000000000000000000e+00,5.633007985206284381e-03,2.611559788661213763e-06
2.460000000000000000e+03,1.092738786287334452e-01,3.999999999999999556e+00,5.630191848767875963e-03,1.094998023200885028e-05
2.461000000000000000e+03,1.092738057439342492e-01,4.000000000000000000e+00,5.626217077947815066e-03,1.930329536452829448e-05
2.462000000000000000e+03,1.092737329894159781e-01,4.000000000000000888e+00,5.624330629429734330e-03,1.981925446417735103e-05
2.463000000000000000e+03,1.092736601401494978e-01,4.000000000000000000e+00,5.620272965934379299e-03,1.331769590869493417e-05
2.464000000000000000e+03,1.092735874643608607e-01,4.000000000000000000e+00,5.617694226592936588e-03,2.656807572254649509e-06
2.465000000000000000e+03,1.092735149139828360e-01,4.000000000000000888e+00,5.614792728485609903e-03,7.800857623853622275e-06
2.466000000000000000e+03,1.092734424313410724e-01,3.999999999999999112e+00,5.611066340658711800e-03,1.456555856779337096e-05
2.467000000000000000e+03,1.092733700853551621e-01,3.999999999999999556e+00,5.608918237128708226e-03,1.548559724906892486e-05
2.468000000000000000e+03,1.092732976990099802e-01,3.999999999999999112e+00,5.605071387094652871e-03,1.103773758471918197e-05
2.469000000000000000e+03,1.092732254671648917e-01,3.999999999999999556e+00,5.602450409063501960e-03,3.136697407836788494e-06
2.470000000000000000e+03,1.092731533381903070e-01,3.999999999999999112e+00,5.599461493254278589e-03,4.974665854305256279e-06
2.471000000000000000e+03,1.092730812918559502e-01,4.000000000000000000e+00,5.595949931556837113e-03,1.066352126958116415e-05
2.472000000000000000e+03,1.092730093821735887e-01,4.000000000000000000e+00,5.593594496871923290e-03,1.207740163074801052e-05
2.473000000000000000e+03,1.092729374717040514e-01,4.000000000000000888e+00,5.589913390154106244e-03,9.370399732445903109e-06
2.474000000000000000e+03,1.092728657046945218e-01,3.999999999999999556e+00,5.587272341961597825e-03,3.699536525641114308e-06
2.475000000000000000e+03,1.092727940269910547e-01,3.999999999999999112e+00,5.584207250270589729e-03,2.563986077565543711e-06
2.476000000000000000e+03,1.092727224455605495e-01,3.999999999999999112e+00,5.580879185327998135e-03,7.430766969103562486e-06
2.477000000000000000e+03,1.092726509971689020e-01,4.000000000000000888e+00,5.578356040451581781e-03,9.274687426222778377e-06
2.478000000000000000e+03,1.092725795789184495e-01,4.000000000000000000e+00,5.574815053153049996e-03,7.988422588417963985e-06
2.479000000000000000e+03,1.092725082981908236e-01,4.000000000000000000e+00,5.572159907475148118e-03,4.135671833795472205e-06
2.480000000000000000e+03,1.092724370996396299e-01,4.000000000000000000e+00,5.569037148265188093e-03,6.234021495893118412e-07
2.481000000000000000e+03,1.092723660085327952e-01,3.999999999999999556e+00,5.565863930401459755e-03,4.743511693337048329e-06
2.482000000000000000e+03,1.092722950449769997e-01,4.000000000000000888e+00,5.563202651405255855e-03,6.869706931067441082e-06
2.483000000000000000e+03,1.092722241368765668e-01,3.999999999999999556e+00,5.559788390908839556e-03,6.691865554598808697e-06
2.484000000000000000e+03,1.092721533631764164e-01,4.000000000000000000e+00,5.557115409856237115e-03,4.323419661908048157e-06
2.485000000000000000e+03,1.092720826696780834e-01,4.000000000000000000e+00,5.553957577064783969e-03,9.412236386060957705e-07
2.486000000000000000e+03,1.092720120922687083e-01,4.000000000000000000e+00,5.550912163772955127e-03,2.532296827141348532e-06
2.487000000000000000e+03,1.092719416362584184e-01,4.000000000000001776e+00,5.548136761585918848e-03,4.750505332684589763e-06
2.488000000000000000e+03,1.092718712567742889e-01,4.000000000000000000e+00,5.544842285098949136e-03,5.377291504805008943e-06
2.489000000000000000e+03,1.092718010097308567e-01,4.000000000000000000e+00,5.542142727384946448e-03,4.201130798995723244e-06
2.490000000000000000e+03,1.092717308452648417e-01,3.999999999999999112e+00,5.538974566870731239e-03,1.958836843052271375e-06
2.491000000000000000e+03,1.092716608033089953e-01,3.999999999999999112e+00,5.536030211620642828e-03,7.868374178964225093e-07
2.492000000000000000e+03,1.092715908770004046e-01,3.999999999999999556e+00,5.533162916042156515e-03,2.883611204484279439e-06
2.493000000000000000e+03,1.092715210445937696e-01,4.000000000000000888e+00,5.529983065252330916e-03,4.018680840780507946e-06
2.494000000000000000e+03,1.092714513427552464e-01,4.000000000000000000e+00,5.527247006985336678e-03,3.757061324374180496e-06
2.495000000000000000e+03,1.092713817294129197e-01,3.999999999999998224e+00,5.524093679465874075e-03,2.507003614609538114e-06
2.496000000000000000e+03,1.092713122431225037e-01,4.000000000000000000e+00,5.521223194947682579e-03,5.820258694979547096e-07
2.497000000000000000e+03,1.092712428681727188e-01,4.000000000000000000e+00,5.518287198579050097e-03,1.297927157082656479e-06
2.498000000000000000e+03,1.092711736010314461e-01,4.000000000000000000e+00,5.515214911388999913e-03,2.654540052285333824e-06
2.499000000000000000e+03,1.092711044621589439e-01,4.000000000000000000e+00,5.512434651831041484e-03,3.029005608742853975e-06
2.500000000000000000e+03,1.092710354202076906e-01,4.000000000000000000e+00,5.509319606087831334e-03,2.595351779579391134e-06
2.501000000000000000e+03,1.092709665082176873e-01,4.000000000000000888e+00,5.506495714501163236e-03,1.384358291717996409e-06
2.502000000000000000e+03,1.092708977056242037e-01,4.000000000000001776e+00,5.503516542633923869e-03,2.044060045075192444e-07
2.503000000000000000e+03,1.092708290214674111e-01,4.000000000000000888e+00,5.500540277934979662e-03,1.375883789902551288e-06
2.504000000000000000e+03,1.092707604629290091e-01,4.000000000000000000e+00,5.497713354918757137e-03,2.105775220606096674e-06
2.505000000000000000e+03,1.092706920109718649e-01,4.000000000000000000e+00,5.494655671511832450e-03,2.278674563184200064e-06
2.506000000000000000e+03,1.092706236904002204e-01,4.000000000000000000e+00,5.491852670832894634e-03,1.723912914465460452e-06
2.507000000000000000e+03,1.092705554801775281e-01,4.000000000000000888e+00,5.488857869539597208e-03,8.581625450523534887e-07
2.508000000000000000e+03,1.092704873960187589e-01,4.000000000000000888e+00,5.485960518581714691e-03,3.394880193933932209e-07
2.509000000000000000e+03,1.092704194350915536e-01,4.000000000000000888e+00,5.483091936996253857e-03,1.124139734903302505e-06
2.510000000000000000e+03,1.092703515903154510e-01,3.999999999999998224e+00,5.480103472566593553e-03,1.663656088729432805e-06
2.511000000000000000e+03,1.092702838770429757e-01,3.999999999999999556e+00,5.477300067010979281e-03,1.627136013137892027e-06
2.512000000000000000e+03,1.092702162778718955e-01,3.999999999999999112e+00,5.474317086667616038e-03,1.263420098842062669e-06
2.513000000000000000e+03,1.092701488097503754e-01,3.999999999999999112e+00,5.471476807961897330e-03,5.393422032057681868e-07
2.514000000000000000e+03,1.092700814636528017e-01,4.000000000000000000e+00,5.468579789661746036e-03,2.911571463899075741e-07
2.515000000000000000e+03,1.092700142420693632e-01,4.000000000000000000e+00,5.465662906147243649e-03,9.103769544030828014e-07
2.516000000000000000e+03,1.092699471512164761e-01,4.000000000000000000e+00,5.462845544437287815e-03,1.197669140105939318e-06
2.517000000000000000e+03,1.092698801802325925e-01,4.000000000000000000e+00,5.459898125480340016e-03,1.251311820356818648e-06
2.518000000000000000e+03,1.092698133430532598e-01,3.999999999999999556e+00,5.457091295188449057e-03,9.061091776693865647e-07
2.519000000000000000e+03,1.092697466286518676e-01,4.000000000000000888e+00,5.454185847474003583e-03,4.800195883867111656e-07
2.520000000000000000e+03,1.092696800452141043e-01,4.000000000000000000e+00,5.451332799247693775e-03,2.578372448217471539e-07
2.521000000000000000e+03,1.092696135916091105e-01,3.999999999999999112e+00,5.448498344242275714e-03,6.081410463967994405e-07
2.522000000000000000e+03,1.092695472644114596e-01,3.999999999999998668e+00,5.445602354792144356e-03,9.159295227867672246e-07
2.523000000000000000e+03,1.092694810720555021e-01,4.000000000000000000e+00,5.442808205157649050e-03,8.984778486459297081e-07
2.524000000000000000e+03,1.092694150053876850e-01,4.000000000000000000e+00,5.439917240684375918e-03,7.654556377768169091e-07
2.525000000000000000e+03,1.092693490739753137e-01,4.000000000000000000e+00,5.437112176939713770e-03,4.030787137644433408e-07
2.526000000000000000e+03,1.092692832723365787e-01,3.999999999999999556e+00,5.434268458556442728e-03,1.981899882197267383e-07
2.527000000000000000e+03,1.092692176031370421e-01,3.999999999999999112e+00,5.431428769121417026e-03,4.395090393842167431e-07
2.528000000000000000e+03,1.092691520688375273e-01,3.999999999999999112e+00,5.428634406855462405e-03,6.058696823792708832e-07
2.529000000000000000e+03,1.092690866647099690e-01,4.000000000000000888e+00,5.425778072627718968e-03,7.196119621875007416e-07
2.530000000000000000e+03,1.092690213981489800e-01,4.000000000000000000e+00,5.423001879211232674e-03,5.870193124398280160e-07
2.531000000000000000e+03,1.092689562628580829e-01,4.000000000000000888e+00,5.420165012278210792e-03,4.379335704352590347e-07
2.532000000000000000e+03,1.092688912646215538e-01,4.000000000000000000e+00,5.417375200881407310e-03,2.088286554464989021e-07
2.533000000000000000e+03,1.092688264013430971e-01,4.000000000000000000e+00,5.414578943412511926e-03,2.461239384170065764e-07
2.534000000000000000e+03,1.092687616731712608e-01,3.999999999999999556e+00,5.411768981365509650e-03,4.445553784459643496e-07
2.535000000000000000e+03,1.092686970834653715e-01,4.000000000000000000e+00,5.409005861726528391e-03,4.905451303774753870e-07
2.536000000000000000e+03,1.092686326281013670e-01,4.000000000000000888e+00,5.406194375045367609e-03,5.240673182987176227e-07
2.537000000000000000e+03,1.092685683126545515e-01,3.999999999999998668e+00,5.403440366210289329e-03,3.809607558321598201e-07
2.538000000000000000e+03,1.092685041331474260e-01,4.000000000000001776e+00,5.400651327395581368e-03,2.811107831073678735e-07
2.539000000000000000e+03,1.092684400929914562e-01,3.999999999999999112e+00,5.397888060525624435e-03,2.002901246539854849e-07
2.540000000000000000e+03,1.092683761916975749e-01,4.000000000000000000e+00,5.395131330668974899e-03,2.552861278381719085e-07
2.541000000000000000e+03,1.092683124286483454e-01,4.000000000000001776e+00,5.392358943172443665e-03,3.816134936249412846e-07
2.542000000000000000e+03,1.092682488068934948e-01,3.999999999999999556e+00,5.389625933465422465e-03,3.755854047550465399e-07
2.543000000000000000e+03,1.092681853233578027e-01,3.999999999999999112e+00,5.386859074865538166e-03,3.892408843503893008e-07
2.544000000000000000e+03,1.092681219820472172e-01,4.000000000000000000e+00,5.384133151648829059e-03,2.768090138635297823e-07
2.545000000000000000e+03,1.092680587804682191e-01,4.000000000000000000e+00,5.381387173613908469e-03,2.279192150115231983e-07
2.546000000000000000e+03,1.092679957207853131e-01,4.000000000000000000e+00,5.378657575497362668e-03,2.049109263862005403e-07
2.547000000000000000e+03,1.092679328030561475e-01,4.000000000000000888e+00,5.375937373082197851e-03,2.323892960684300637e-07
2.548000000000000000e+03,1.092678700266883351e-01,3.999999999999999112e+00,5.373205706456022843e-03,3.139462584049397776e-07
2.549000000000000000e+03,1.092678073940556160e-01,4.000000000000000000e+00,5.370504579147044460e-03,2.938935982040815461e-07
2.550000000000000000e+03,1.092677449030290682e-01,4.000000000000000000e+00,5.367781078146542477e-03,3.102309829410991933e-07
2.551000000000000000e+03,1.092676825564920379e-01,3.999999999999998668e+00,5.365087967575769660e-03,2.334349406838661248e-07
2.552000000000000000e+03,1.092676203527937762e-01,3.999999999999999556e+00,5.362382635721547192e-03,2.142681551949881522e-07
2.553000000000000000e+03,1.092675582935178913e-01,4.000000000000000000e+00,5.359690676316268033e-03,1.997330890115243707e-07
2.554000000000000000e+03,1.092674963787541864e-01,4.000000000000000000e+00,5.357006640997728081e-03,2.085150529496229719e-07
2.555000000000000000e+03,1.092674346082115333e-01,3.999999999999999556e+00,5.354316893446280957e-03,2.613599302362392525e-07
2.556000000000000000e+03,1.092673729835668545e-01,4.000000000000000000e+00,5.351649895656476058e-03,2.432764956212402047e-07
2.557000000000000000e+03,1.092673115034280135e-01,4.000000000000000000e+00,5.348968971040862254e-03,2.656171313565142493e-07
2.558000000000000000e+03,1.092672501698983833e-01,4.000000000000000000e+00,5.346311802232369369e-03,2.158681269714286475e-07
2.559000000000000000e+03,1.092671889817962289e-01,3.999999999999999556e+00,5.343646450291336843e-03,2.122059747880468163e-07
2.560000000000000000e+03,1.092671279404427570e-01,4.000000000000001776e+00,5.340994231968083580e-03,1.942423970576450761e-07
2.561000000000000000e+03,1.092670670457637494e-01,3.999999999999998668e+00,5.338347117123725880e-03,1.951544122929834429e-07
2.562000000000000000e+03,1.092670062978174234e-01,4.000000000000000888e+00,5.335699867548885332e-03,2.254446601666499759e-07
2.563000000000000000e+03,1.092669456976598230e-01,4.000000000000000000e+00,5.333068880868496904e-03,2.134520090832164118e-07
2.564000000000000000e+03,1.092668852444704936e-01,4.000000000000000000e+00,5.330430462761784338e-03,2.378162536099984347e-07
2.565000000000000000e+03,1.092668249397650282e-01,4.000000000000000888e+00,5.327811095696732661e-03,2.066829847467870679e-07
2.566000000000000000e+03,1.092667647826637278e-01,4.000000000000000000e+00,5.325186104166224239e-03,2.125819616214116479e-07
2.567000000000000000e+03,1.092667047743287601e-01,4.000000000000000888e+00,5.322574677111654128e-03,1.923580250878694169e-07
2.568000000000000000e+03,1.092666449144951146e-01,4.000000000000000000e+00,5.319965643698073426e-03,1.925592557532748133e-07
2.569000000000000000e+03,1.092665852035218932e-01,4.000000000000000000e+00,5.317361273223965637e-03,2.035973421930820501e-07
2.570000000000000000e+03,1.092665256419353276e-01,3.999999999999999112e+00,5.314767728799378241e-03,1.971054325903519169e-07
2.571000000000000000e+03,1.092664662293799105e-01,3.999999999999999112e+00,5.312172229570495847e-03,2.174180362555693153e-07
2.572000000000000000e+03,1.092664069668663335e-01,4.000000000000000888e+00,5.309591676125928472e-03,1.993270480042303315e-07
2.573000000000000000e+03,1.092663478537792138e-01,4.000000000000000000e+00,5.307007990207525221e-03,2.109126516483870273e-07
2.574000000000000000e+03,1.092662888911000718e-01,4.000000000000001776e+00,5.304437743829441138e-03,1.926081318892900697e-07
2.575000000000000000e+03,1.092662300784432716e-01,4.000000000000000000e+00,5.301868144186561507e-03,1.959997616598656267e-07
2.576000000000000000e+03,1.092661714163622316e-01,4.000000000000000888e+00,5.299306821928908770e-03,1.931248380345902300e-07
2.577000000000000000e+03,1.092661129049604940e-01,4.000000000000001776e+00,5.296751910998529801e-03,1.909962401485531103e-07
2.578000000000000000e+03,1.092660545442609432e-01,3.999999999999999556e+00,5.294199870282154802e-03,2.018620725370734240e-07
2.579000000000000000e+03,1.092659963348057428e-01,4.000000000000000000e+00,5.291658684513603217e-03,1.928726915745512626e-07
2.580000000000000000e+03,1.092659382762645737e-01,4.000000000000000000e+00,5.289117468503165380e-03,2.050593544341922093e-07
2.581000000000000000e+03,1.092658803693548064e-01,3.999999999999999556e+00,5.286588339072373528e-03,1.919657879445423294e-07
2.582000000000000000e+03,1.092658226136968280e-01,4.000000000000001776e+00,5.284059674383460338e-03,1.991504033710630974e-07
2.583000000000000000e+03,1.092657650098839278e-01,4.000000000000000000e+00,5.281541212683748057e-03,1.900807925470054663e-07
2.584000000000000000e+03,1.092657075577426196e-01,4.000000000000000000e+00,5.279026171320611374e-03,1.920755977717759222e-07
2.585000000000000000e+03,1.092656502575565514e-01,3.999999999999999556e+00,5.276517869598426787e-03,1.923524601370078458e-07
2.586000000000000000e+03,1.092655931094579369e-01,4.000000000000000000e+00,5.274016549171321559e-03,1.896180861058626197e-07
2.587000000000000000e+03,1.092655361134079461e-01,4.000000000000000000e+00,5.271518820098835406e-03,1.965537198426113698e-07
2.588000000000000000e+03,1.092654792697795862e-01,4.000000000000000888e+00,5.269030546975755555e-03,1.896560642220464131e-07
2.589000000000000000e+03,1.092654225783358662e-01,4.000000000000000000e+00,5.266544340130551935e-03,1.974717315836862349e-07
2.590000000000000000e+03,1.092653660395291465e-01,3.999999999999999112e+00,5.264068158020820606e-03,1.891393057645151878e-07
2.591000000000000000e+03,1.092653096530986356e-01,4.000000000000000000e+00,5.261594442143292111e-03,1.944148559835026747e-07
2.592000000000000000e+03,1.092652534194098884e-01,3.999999999999998224e+00,5.259129591854743574e-03,1.887360169520278247e-07
2.593000000000000000e+03,1.092651973383179653e-01,4.000000000000000000e+00,5.256668964050392398e-03,1.905901084038789505e-07
2.594000000000000000e+03,1.092651414099995444e-01,4.000000000000000000e+00,5.254215153359455791e-03,1.899127755058847027e-07
2.595000000000000000e+03,1.092650856344829641e-01,4.000000000000000888e+00,5.251767702164213993e-03,1.884365475415344805e-07
2.596000000000000000e+03,1.092650300117431472e-01,3.999999999999999112e+00,5.249325115151104795e-03,1.918537461838597479e-07
2.597000000000000000e+03,1.092649745419537466e-01,4.000000000000000000e+00,5.246890519374262062e-03,1.877085654745942946e-07
2.598000000000000000e+03,1.092649192249473267e-01,4.000000000000000888e+00,5.244459637488700643e-03,1.926194005950362061e-07
2.599000000000000000e+03,1.092648640609618776e-01,3.999999999999999556e+00,5.242037392843706088e-03,1.873137977442845259e-07
2.600000000000000000e+03,1.092648090497789493e-01,4.000000000000000000e+00,5.239618752327247081e-03,1.915229740700148952e-07
2.601000000000000000e+03,1.092647541916087761e-01,3.999999999999999556e+00,5.237208401780486626e-03,1.870472713122569731e-07
2.602000000000000000e+03,1.092646994862649101e-01,4.000000000000000888e+00,5.234802397158400122e-03,1.894417564345700665e-07
2.603000000000000000e+03,1.092646449338618847e-01,4.000000000000001776e+00,5.232403679170254812e-03,1.872732202818725168e-07
2.604000000000000000e+03,1.092645905342934098e-01,3.999999999999999556e+00,5.230010469867175764e-03,1.875510404136109222e-07
2.605000000000000000e+03,1.092645362875508397e-01,4.000000000000000888e+00,5.227623356854979413e-03,1.879550351108002863e-07
2.606000000000000000e+03,1.092644821936142041e-01,4.000000000000000000e+00,5.225242877926614821e-03,1.863273928601510961e-07
2.607000000000000000e+03,1.092644282523637239e-01,4.000000000000000888e+00,5.222867525635021581e-03,1.885229736377778332e-07
2.608000000000000000e+03,1.092643744638388814e-01,4.000000000000000000e+00,5.220499566587581512e-03,1.856059299667698771e-07
2.609000000000000000e+03,1.092643208278455680e-01,4.000000000000000000e+00,5.218136219047546549e-03,1.884465813800435486e-07
2.610000000000000000e+03,1.092642673444396556e-01,4.000000000000000000e+00,5.215780523610806345e-03,1.851267528152412739e-07
2.611000000000000000e+03,1.092642140133967821e-01,4.000000000000000888e+00,5.213429418155112426e-03,1.876517261708336055e-07
2.612000000000000000e+03,1.092641608347470483e-01,4.000000000000000000e+00,5.211085766971516528e-03,1.848157738614503240e-07
2.613000000000000000e+03,1.092641078082729339e-01,4.000000000000000888e+00,5.208747068544823146e-03,1.864441428578743973e-07
2.614000000000000000e+03,1.092640549339480571e-01,4.000000000000000888e+00,5.206415325336267302e-03,1.846901859403623238e-07
2.615000000000000000e+03,1.092640022115841242e-01,3.999999999999998668e+00,5.204089099960746562e-03,1.851944647746940567e-07
2.616000000000000000e+03,1.092639496410840322e-01,3.999999999999999112e+00,5.201769219790724000e-03,1.846932112670523583e-07
2.617000000000000000e+03,1.092638972222939875e-01,4.000000000000000000e+00,5.199455441710457669e-03,1.841173848040269903e-07
2.618000000000000000e+03,1.092638449550483726e-01,4.000000000000000000e+00,5.197147451776538973e-03,1.846715256301280572e-07
2.619000000000000000e+03,1.092637928392197755e-01,4.000000000000000000e+00,5.194846030869709926e-03,1.832513974666286921e-07
2.620000000000000000e+03,1.092637408745858046e-01,3.999999999999999556e+00,5.192549998393773333e-03,1.844680493580157337e-07
2.621000000000000000e+03,1.092636890610302058e-01,4.000000000000000888e+00,5.190260813598842303e-03,1.825485178880227482e-07
2.622000000000000000e+03,1.092636373982907166e-01,3.999999999999999556e+00,5.187976813655224319e-03,1.840079021294810604e-07
2.623000000000000000e+03,1.092635858862447268e-01,4.000000000000000000e+00,5.185699741760657448e-03,1.819545485389653887e-07
2.624000000000000000e+03,1.092635345246065759e-01,4.000000000000000888e+00,5.183427833093181246e-03,1.833134741724004214e-07
2.625000000000000000e+03,1.092634833132320182e-01,4.000000000000000000e+00,5.181162767483335138e-03,1.814346668950880008e-07
2.626000000000000000e+03,1.092634322518251377e-01,4.000000000000000000e+00,5.178902979257598606e-03,1.824644058914239045e-07
2.627000000000000000e+03,1.092633813402089371e-01,3.999999999999999112e+00,5.176649837828730186e-03,1.809639473920585944e-07
2.628000000000000000e+03,1.092633305780854186e-01,3.999999999999999112e+00,5.174402166362765398e-03,1.815475567055929335e-07
2.629000000000000000e+03,1.092632799652389075e-01,3.999999999999999556e+00,5.172160890816006329e-03,1.805149335305602034e-07
2.630000000000000000e+03,1.092632295013728772e-01,3.999999999999999556e+00,5.169925303298886568e-03,1.806260191157173614e-07
2.631000000000000000e+03,1.092631791862316154e-01,3.999999999999999112e+00,5.167695853201367991e-03,1.800562690717431389e-07
2.632000000000000000e+03,1.092631290195192062e-01,4.000000000000000000e+00,5.165472294936880419e-03,1.797319794839712409e-07
2.633000000000000000e+03,1.092630790009415098e-01,4.000000000000000000e+00,5.163254639800383614e-03,1.795595292073672312e-07
2.634000000000000000e+03,1.092630291302007089e-01,4.000000000000001776e+00,5.161043042128240707e-03,1.788736507342313116e-07
2.635000000000000000e+03,1.092629794069677474e-01,3.999999999999999556e+00,5.158837153871158321e-03,1.790059641022867823e-07
2.636000000000000000e+03,1.092629298309385488e-01,4.000000000000000000e+00,5.156637440922229657e-03,1.780457256494914041e-07
2.637000000000000000e+03,1.092628804017529431e-01,3.999999999999999112e+00,5.154443288018881186e-03,1.783889337249973027e-07
2.638000000000000000e+03,1.092628311190969037e-01,4.000000000000000888e+00,5.152255381496973451e-03,1.772374677729100080e-07
2.639000000000000000e+03,1.092627819825830321e-01,4.000000000000000888e+00,5.150072925211369654e-03,1.777118982367094954e-07
2.640000000000000000e+03,1.092627329918837431e-01,4.000000000000000000e+00,5.147896747138430013e-03,1.764371784944791642e-07
2.641000000000000000e+03,1.092626841465870469e-01,3.999999999999999112e+00,5.145725939638326647e-03,1.769844611262543866e-07
2.642000000000000000e+03,1.092626354463492599e-01,4.000000000000000000e+00,5.143561413455848171e-03,1.756340935427072602e-07
2.643000000000000000e+03,1.092625868907361047e-01,3.999999999999999112e+00,5.141402197307774063e-03,1.762185543765664114e-07
2.644000000000000000e+03,1.092625384793861065e-01,4.000000000000000888e+00,5.139249247883670435e-03,1.748189161769725375e-07
2.645000000000000000e+03,1.092624902118437824e-01,4.000000000000000000e+00,5.137101556365223677e-03,1.754259828703220780e-07
2.646000000000000000e+03,1.092624420877291447e-01,4.000000000000000888e+00,5.134960109448724434e-03,1.739838366069246951e-07
2.647000000000000000e+03,1.092623941065657411e-01,3.999999999999999112e+00,5.132823867187301901e-03,1.746174359270690350e-07
2.648000000000000000e+03,1.092623462679551544e-01,4.000000000000000000e+00,5.130693848742784793e-03,1.731222932771534527e-07
2.649000000000000000e+03,1.092622985713995604e-01,4.000000000000000000e+00,5.128568972309475137e-03,1.738026920170319059e-07
2.650000000000000000e+03,1.092622510164829586e-01,4.000000000000000000e+00,5.126450308039535129e-03,1.722286454066067405e-07
2.651000000000000000e+03,1.092622036026849319e-01,4.000000000000000000e+00,5.124336706244355701e-03,1.729916906629830427e-07
2.652000000000000000e+03,1.092621563295733955e-01,3.999999999999999112e+00,5.122229321512128397e-03,1.712978008443172195e-07
2.653000000000000000e+03,1.092621091966036462e-01,4.000000000000000000e+00,5.120126895221601727e-03,1.721963144136524206e-07
2.654000000000000000e+03,1.092620622033296518e-01,4.000000000000000000e+00,5.118030715533733802e-03,1.703249396236251506e-07
2.655000000000000000e+03,1.092620153491801333e-01,3.999999999999999556e+00,5.115939356852806756e-03,1.714330805090460453e-07
2.656000000000000000e+03,1.092619686336976786e-01,4.000000000000000888e+00,5.113854309073352991e-03,1.693056448857632374e-07
2.657000000000000000e+03,1.092619220562813104e-01,4.000000000000000000e+00,5.111773899692362289e-03,1.707274453089192855e-07
2.658000000000000000e+03,1.092618756164664695e-01,4.000000000000001776e+00,5.109699914235549777e-03,1.682371121420660424e-07
2.659000000000000000e+03,1.092618293136177754e-01,3.999999999999999556e+00,5.107630322625616483e-03,1.701212406427914815e-07
2.660000000000000000e+03,1.092617831472689344e-01,4.000000000000000000e+00,5.105567337034645943e-03,1.671219754062252964e-07
2.661000000000000000e+03,1.092617371167436680e-01,4.000000000000000000e+00,5.103508413965337359e-03,1.696864519315713052e-07
2.662000000000000000e+03,1.092616912215822328e-01,4.000000000000000000e+00,5.101456378560484915e-03,1.659784307482759503e-07
2.663000000000000000e+03,1.092616454610580434e-01,4.000000000000000000e+00,5.099407950055714900e-03,1.695520804773016439e-07
2.664000000000000000e+03,1.092615998347290507e-01,4.000000000000000888e+00,5.097366836790032975e-03,1.648654646102296700e-07
2.665000000000000000e+03,1.092615543418050950e-01,4.000000000000000000e+00,5.095328693056262216e-03,1.699584841419384767e-07
2.666000000000000000e+03,1.092615089818785024e-01,4.000000000000000000e+00,5.093298509470389063e-03,1.639443534741838261e-07
2.667000000000000000e+03,1.092614637540753053e-01,4.000000000000000888e+00,5.091270387358148332e-03,1.713699933155382815e-07
2.668000000000000000e+03,1.092614186580473795e-01,4.000000000000000000e+00,5.089251198779912166e-03,1.636268265762699098e-07
2.669000000000000000e+03,1.092613736928065571e-01,3.999999999999999112e+00,5.087232753712720400e-03,1.747098079207795222e-07
2.670000000000000000e+03,1.092613288581018721e-01,4.000000000000000000e+00,5.085224718968818676e-03,1.649247141676024069e-07
2.671000000000000000e+03,1.092612841527843270e-01,4.000000000000000000e+00,5.083215479504164108e-03,1.818381558614960049e-07
2.672000000000000000e+03,1.092612395767591088e-01,4.000000000000000888e+00,5.081218909033705274e-03,1.702291374646216086e-07
2.673000000000000000e+03,1.092611951286435179e-01,3.999999999999999112e+00,5.079218202464825214e-03,1.964511737917907907e-07
2.674000000000000000e+03,1.092611508085902794e-01,4.000000000000000000e+00,5.077233653988100226e-03,1.848090444397870748e-07
2.675000000000000000e+03,1.092611066148682641e-01,4.000000000000000000e+00,5.075240483130491302e-03,2.255086085638741661e-07
2.676000000000000000e+03,1.092610625480235076e-01,3.999999999999999112e+00,5.073268920957338737e-03,2.188726079787345873e-07
2.677000000000000000e+03,1.092610186057932503e-01,3.999999999999999556e+00,5.071281757765413317e-03,2.809847372684377608e-07
2.678000000000000000e+03,1.092609747893499711e-01,4.000000000000000000e+00,5.069324821111836563e-03,2.890535973163549302e-07
2.679000000000000000e+03,1.092609310956036556e-01,4.000000000000001776e+00,5.067341257070635992e-03,3.818266519788155505e-07
2.680000000000000000e+03,1.092608875267337132e-01,3.999999999999999112e+00,5.065401717095977842e-03,4.196399348977486113e-07
2.681000000000000000e+03,1.092608440783381374e-01,3.999999999999999112e+00,5.063417864329526966e-03,5.575789681488901901e-07
2.682000000000000000e+03,1.092608007542306275e-01,4.000000000000000000e+00,5.061500411400711268e-03,6.477685838583137630e-07
2.683000000000000000e+03,1.092607575478960896e-01,3.999999999999998668e+00,5.059509865278617215e-03,8.565966630290793284e-07
2.684000000000000000e+03,1.092607144658328394e-01,3.999999999999998224e+00,5.057622480228985383e-03,1.035796578429549438e-06
2.685000000000000000e+03,1.092606714980698668e-01,4.000000000000000000e+00,5.055614502443609229e-03,1.361758346164166335e-06
2.686000000000000000e+03,1.092606286555746764e-01,3.999999999999999556e+00,5.053770871583466821e-03,1.692769449003298290e-06
2.687000000000000000e+03,1.092605859226526283e-01,4.000000000000000000e+00,5.051727172841104924e-03,2.218314086842644537e-06
2.688000000000000000e+03,1.092605433178184260e-01,4.000000000000000000e+00,5.049950988170347731e-03,2.811616980117614843e-06
2.689000000000000000e+03,1.092605008157957747e-01,4.000000000000000000e+00,5.047839968837195511e-03,3.683806407383713382e-06
2.690000000000000000e+03,1.092604584480603158e-01,4.000000000000000000e+00,5.046172669199524598e-03,4.736455870167561430e-06
2.691000000000000000e+03,1.092604161731760837e-01,3.999999999999999556e+00,5.043938997720102263e-03,6.219471179204897350e-06
2.692000000000000000e+03,1.092603740453312183e-01,3.999999999999999112e+00,5.042453856655641081e-03,8.086881747401045948e-06
2.693000000000000000e+03,1.092603319958002084e-01,4.000000000000000000e+00,5.039999409948032853e-03,1.065995467259148767e-05
2.694000000000000000e+03,1.092602901196366438e-01,4.000000000000000000e+00,5.038827453223839598e-03,1.399016274453531451e-05
2.695000000000000000e+03,1.092602483025208460e-01,4.000000000000000000e+00,5.035976093256311695e-03,1.853189986326108055e-05
2.696000000000000000e+03,1.092602067158085777e-01,3.999999999999999556e+00,5.035354299267259977e-03,2.451937343688549673e-05
2.697000000000000000e+03,1.092601651717996364e-01,4.000000000000000000e+00,5.031786114606418003e-03,3.265800759493485157e-05
2.698000000000000000e+03,1.092601239922538214e-01,3.999999999999999112e+00,5.032148034508336469e-03,4.352816668759013655e-05
2.699000000000000000e+03,1.092600828835162685e-01,4.000000000000000888e+00,5.027275398450939230e-03,5.831326396592478379e-05
2.700000000000000000e+03,1.092600424878830551e-01,4.000000000000000888e+00,5.029423384289133381e-03,7.825553209573059710e-05
2.701000000000000000e+03,1.092600024096119921e-01,4.000000000000000000e+00,5.022155411867583810e-03,1.054560483122361710e-04
2.702000000000000000e+03,1.092599640484247653e-01,4.000000000000000000e+00,5.027591369256205998e-03,1.424310680372021663e-04
2.703000000000000000e+03,1.092599271427677210e-01,4.000000000000000000e+00,5.015884023669081419e-03,1.930498324163753188e-04
2.704000000000000000e+03,1.092598951035093358e-01,4.000000000000000888e+00,5.027449796602481702e-03,2.622766429197506753e-04
2.705000000000000000e+03,1.092598690678014406e-01,4.000000000000000000e+00,5.007449963454024648e-03,3.573472327268851188e-04
2.706000000000000000e+03,1.092598583568234749e-01,4.000000000000000000e+00,5.030565339622069046e-03,4.877849197077512586e-04
2.707000000000000000e+03,1.092598706724464408e-01,3.999999999999999112e+00,4.995033496436322891e-03,6.668027032747523208e-04
2.708000000000000000e+03,1.092599333304848930e-01,4.000000000000000888e+00,5.039992636703041935e-03,9.112122701348293304e-04
2.709000000000000000e+03,1.092600770925194337e-01,3.999999999999999112e+00,4.975759206378535526e-03,1.241615590785439399e-03
2.710000000000000000e+03,1.092603747633012212e-01,3.999999999999999112e+00,5.061104939424826421e-03,1.678033966762074039e-03
2.711000000000000000e+03,1.092608944405252247e-01,4.000000000000000000e+00,4.947164230435840103e-03,2.228615117164896905e-03
2.712000000000000000e+03,1.092617041016691326e-01,4.000000000000001776e+00,5.098234372309804613e-03,2.860176032594515493e-03
2.713000000000000000e+03,1.092626303802184395e-01,3.999999999999999556e+00,4.915974727783616396e-03,3.448445616145759916e-03
2.714000000000000000e+03,1.092631389201466352e-01,3.999999999999998224e+00,5.126728893050915004e-03,3.734511495669252858e-03
2.715000000000000000e+03,1.092624457557828943e-01,4.000000000000000888e+00,4.913611517105687283e-03,3.390072429798691479e-03
2.716000000000000000e+03,1.092607369570187115e-01,3.999999999999999112e+00,5.069793794709503455e-03,2.259345064218330149e-03
2.717000000000000000e+03,1.092594425015498000e-01,4.000000000000000888e+00,4.979166916545985089e-03,5.816435301633101317e-04
2.718000000000000000e+03,1.092596366730473334e-01,3.999999999999999112e+00,4.962926426239071265e-03,1.109613907038857613e-03
2.719000000000000000e+03,1.092606428371230287e-01,4.000000000000000000e+00,5.065040350630604232e-03,2.279855674010469301e-03
2.720000000000000000e+03,1.092609615130701178e-01,4.000000000000001776e+00,4.922966267046375438e-03,2.566463101232651766e-03
2.721000000000000000e+03,1.092601299190991693e-01,4.000000000000000000e+00,5.047887793790939263e-03,1.882748631513753677e-03
2.722000000000000000e+03,1.092592303867842424e-01,3.999999999999999112e+00,4.971650290102953146e-03,5.286706659827671625e-04
2.723000000000000000e+03,1.092593318270634328e-01,3.999999999999999556e+00,4.959501682376057409e-03,9.037501910905395902e-04
2.724000000000000000e+03,1.092599567893671464e-01,4.000000000000000000e+00,5.040553414303093269e-03,1.825457979561959489e-03
2.725000000000000000e+03,1.092599791044873148e-01,3.999999999999999556e+00,4.930219252578139401e-03,1.893446858277273489e-03
2.726000000000000000e+03,1.092593416338126927e-01,4.000000000000000888e+00,5.014388547403388074e-03,1.135051823932311469e-03
2.727000000000000000e+03,1.092589638861914542e-01,4.000000000000000000e+00,4.979377397415570179e-03,5.132981696853466833e-05
2.728000000000000000e+03,1.092592386635915097e-01,3.999999999999999556e+00,4.945404024655177672e-03,1.096770510160765362e-03
2.729000000000000000e+03,1.092595141316723695e-01,3.999999999999999556e+00,5.022279149054676740e-03,1.544547898832502415e-03
2.730000000000000000e+03,1.092592502601281296e-01,4.000000000000000000e+00,4.938022958100857576e-03,1.241716002774784222e-03
2.731000000000000000e+03,1.092588497068391201e-01,4.000000000000000888e+00,4.982406304128129786e-03,3.918460121523576812e-04
2.732000000000000000e+03,1.092588525860770932e-01,4.000000000000000000e+00,4.985637165796142668e-03,5.567305978858554799e-04
2.733000000000000000e+03,1.092590777123784163e-01,4.000000000000000000e+00,4.935155670391835891e-03,1.150053807730664094e-03
2.734000000000000000e+03,1.092590379247310173e-01,4.000000000000000000e+00,5.000368735933500598e-03,1.142175908821852241e-03
2.735000000000000000e+03,1.092587468712200027e-01,3.999999999999999112e+00,4.946806481184329134e-03,5.918627711067491652e-04
2.736000000000000000e+03,1.092586265664315104e-01,4.000000000000000000e+00,4.956516393566342930e-03,1.867431781169159486e-04
2.737000000000000000e+03,1.092587480891498569e-01,4.000000000000000888e+00,4.984246443218603648e-03,7.984876980363127394e-04
2.738000000000000000e+03,1.092587859269894823e-01,3.999999999999999556e+00,4.931263565052401536e-03,9.673160887098726382e-04
2.739000000000000000e+03,1.092586171373800541e-01,3.999999999999998224e+00,4.976275081018326218e-03,6.544928405909582842e-04
2.740000000000000000e+03,1.092584667464022719e-01,4.000000000000000000e+00,4.953231931142641070e-03,5.745500824377661062e-05
2.741000000000000000e+03,1.092584952177336893e-01,4.000000000000000000e+00,4.938631160892291427e-03,5.079192423336912135e-04
2.742000000000000000e+03,1.092585482595212210e-01,4.000000000000000888e+00,4.974652906023508368e-03,7.726242567833816344e-04
2.743000000000000000e+03,1.092584592115937447e-01,3.999999999999998224e+00,4.931487776844346686e-03,6.391656258675212443e-04
2.744000000000000000e+03,1.092583272731150468e-01,4.000000000000000888e+00,4.954115059501295638e-03,2.108941825461646980e-04
2.745000000000000000e+03,1.092582981903564010e-01,4.000000000000001776e+00,4.954310990201988077e-03,2.762007258942685136e-04
2.746000000000000000e+03,1.092583285109864771e-01,3.999999999999999112e+00,4.927844328405949804e-03,5.822424163098379075e-04
2.747000000000000000e+03,1.092582915734922056e-01,3.999999999999999112e+00,4.959939377687185361e-03,5.784765139605365335e-04
2.748000000000000000e+03,1.092581884703493628e-01,4.000000000000001776e+00,4.932364415414325180e-03,2.978352684503481431e-04
2.749000000000000000e+03,1.092581306872862923e-01,4.000000000000000000e+00,4.936371823460121433e-03,9.753732785807599963e-05
2.750000000000000000e+03,1.092581351111712451e-01,3.999999999999999556e+00,4.949516320010358648e-03,4.069135129446365936e-04
2.751000000000000000e+03,1.092581167268188297e-01,3.999999999999999112e+00,4.921690257009062736e-03,4.918099309279943664e-04
2.752000000000000000e+03,1.092580466074404982e-01,3.999999999999999112e+00,4.943865642458082806e-03,3.343768019525351931e-04
2.753000000000000000e+03,1.092579799833969245e-01,3.999999999999999556e+00,4.931272659174900860e-03,3.404811909417432465e-05
2.754000000000000000e+03,1.092579591100275305e-01,4.000000000000000000e+00,4.923253785694980261e-03,2.525798406820735516e-04
2.755000000000000000e+03,1.092579465033282349e-01,4.000000000000000000e+00,4.940374346173578499e-03,3.914883371006031313e-04
2.756000000000000000e+03,1.092578973823028765e-01,4.000000000000000000e+00,4.917525652261279558e-03,3.325217152381193921e-04
2.757000000000000000e+03,1.092578361074090509e-01,3.999999999999999112e+00,4.928947268455067567e-03,1.233292081371665302e-04
2.758000000000000000e+03,1.092577992290414690e-01,3.999999999999999112e+00,4.927198527948901431e-03,1.226487958306309912e-04
2.759000000000000000e+03,1.092577795682072167e-01,4.000000000000000000e+00,4.913637528578738284e-03,2.870568739455411499e-04
2.760000000000000000e+03,1.092577458858374762e-01,3.999999999999999556e+00,4.929037315444226124e-03,3.016434433010916748e-04
2.761000000000000000e+03,1.092576927034669965e-01,4.000000000000000000e+00,4.913381890433297927e-03,1.751214245437873111e-04
2.762000000000000000e+03,1.092576483169250823e-01,4.000000000000000888e+00,4.916137225136242225e-03,1.975986150744736948e-05
2.763000000000000000e+03,1.092576209635877510e-01,4.000000000000000000e+00,4.920433453886638442e-03,1.860703038791944710e-04
2.764000000000000000e+03,1.092575911919433512e-01,4.000000000000000888e+00,4.906059457992164967e-03,2.506027152640069827e-04
2.765000000000000000e+03,1.092575486672947571e-01,4.000000000000000888e+00,4.917222489702912508e-03,1.941211465456146802e-04
2.766000000000000000e+03,1.092575027286314809e-01,4.000000000000000000e+00,4.908227086981123942e-03,5.494334569326174851e-05
2.767000000000000000e+03,1.092574678095139112e-01,3.999999999999999112e+00,4.905338837553041217e-03,9.539515857553813481e-05
2.768000000000000000e+03,1.092574386080585463e-01,4.000000000000000000e+00,4.911860004187555348e-03,1.875688670550754329e-04
2.769000000000000000e+03,1.092574015723485614e-01,4.000000000000000888e+00,4.899294008709893268e-03,1.861825119177322040e-04
2.770000000000000000e+03,1.092573591967800489e-01,4.000000000000000000e+00,4.905884063783966936e-03,1.013074729631783713e-04
2.771000000000000000e+03,1.092573201704921393e-01,4.000000000000000888e+00,4.901802653342004004e-03,2.032654287366196991e-05
2.772000000000000000e+03,1.092572874108793113e-01,4.000000000000000000e+00,4.896005041754800287e-03,1.208862833822033311e-04
2.773000000000000000e+03,1.092572542112672934e-01,4.000000000000000000e+00,4.902373370666488622e-03,1.577333422141368455e-04
2.774000000000000000e+03,1.092572149271018311e-01,4.000000000000000000e+00,4.892554078919590828e-03,1.212983502976823437e-04
2.775000000000000000e+03,1.092571753867169204e-01,4.000000000000000000e+00,4.895347084053131188e-03,3.501309111723993151e-05
2.776000000000000000e+03,1.092571397899758379e-01,3.999999999999999556e+00,4.894293323228480520e-03,5.795223563960535235e-05
2.777000000000000000e+03,1.092571060748905309e-01,3.999999999999999112e+00,4.887534478301915238e-03,1.164427537892619873e-04
2.778000000000000000e+03,1.092570703737715393e-01,4.000000000000000000e+00,4.892613565292780985e-03,1.183849571540942884e-04
2.779000000000000000e+03,1.092570315794105656e-01,4.000000000000000000e+00,4.885458909231303604e-03,6.893434072243270435e-05
2.780000000000000000e+03,1.092569943371051733e-01,4.000000000000000000e+00,4.885570481429663166e-03,5.420986691269333143e-06
2.781000000000000000e+03,1.092569596457872161e-01,3.999999999999999112e+00,4.886035486315284428e-03,6.996142630806732811e-05
2.782000000000000000e+03,1.092569246228535934e-01,4.000000000000000000e+00,4.879453997330458412e-03,9.822755701077083394e-05
2.783000000000000000e+03,1.092568880562865274e-01,4.000000000000000000e+00,4.882932750367948750e-03,8.173883598792113664e-05
2.784000000000000000e+03,1.092568504145347563e-01,4.000000000000000888e+00,4.877905905145768321e-03,3.228806314448883733e-05
2.785000000000000000e+03,1.092568143357529054e-01,3.999999999999999556e+00,4.876364762332350243e-03,2.597041918073155536e-05
2.786000000000000000e+03,1.092567794995238095e-01,4.000000000000000000e+00,4.877343921606941933e-03,6.741757824704580854e-05
2.787000000000000000e+03,1.092567436951944609e-01,4.000000000000000000e+00,4.871460275440508275e-03,7.657534838752136450e-05
2.788000000000000000e+03,1.092567071139192436e-01,4.000000000000000888e+00,4.873467890314881097e-03,5.278708491550159284e-05
2.789000000000000000e+03,1.092566703913283310e-01,4.000000000000000000e+00,4.869938706678340716e-03,9.520725723525641957e-06
2.790000000000000000e+03,1.092566347113978070e-01,3.999999999999999556e+00,4.867521593371689111e-03,3.346342722406930100e-05
2.791000000000000000e+03,1.092565995225197317e-01,4.000000000000000000e+00,4.868444963358394342e-03,5.830179820959240669e-05
2.792000000000000000e+03,1.092565634296334409e-01,3.999999999999999556e+00,4.863392711426341684e-03,5.684531133108639472e-05
2.793000000000000000e+03,1.092565270845975156e-01,3.999999999999998224e+00,4.864230394776741448e-03,3.224019764322171776e-05
2.794000000000000000e+03,1.092564908960776682e-01,4.000000000000000000e+00,4.861652635764760443e-03,2.937978331845660683e-06
2.795000000000000000e+03,1.092564552702434688e-01,4.000000000000000000e+00,4.858870897640212537e-03,3.350862666062894506e-05
2.796000000000000000e+03,1.092564198083160049e-01,3.999999999999999556e+00,4.859473036035221252e-03,4.745318376899396726e-05
2.797000000000000000e+03,1.092563836854652526e-01,3.999999999999999556e+00,4.855186357979173264e-03,4.106312686045661804e-05
2.798000000000000000e+03,1.092563475614463930e-01,4.000000000000000888e+00,4.855174916678100909e-03,1.882853838927025565e-05
2.799000000000000000e+03,1.092563116246129534e-01,3.999999999999999112e+00,4.853142406309460428e-03,8.592232094634420303e-06
2.800000000000000000e+03,1.092562759449301063e-01,4.000000000000000000e+00,4.850294314750561338e-03,2.996894531800027505e-05
2.801000000000000000e+03,1.092562403187495590e-01,4.000000000000000000e+00,4.850492908315335791e-03,3.732980667295875159e-05
2.802000000000000000e+03,1.092562042504384434e-01,3.999999999999999112e+00,4.846829498618437752e-03,2.940928843072620832e-05
2.803000000000000000e+03,1.092561682641567389e-01,3.999999999999999112e+00,4.846240653772596746e-03,1.071533752435388093e-05
2.804000000000000000e+03,1.092561324178576293e-01,4.000000000000000000e+00,4.844481136663284296e-03,1.019521773521457789e-05
2.805000000000000000e+03,1.092560966675842071e-01,3.999999999999999556e+00,4.841718444876828148e-03,2.516817496823355632e-05
2.806000000000000000e+03,1.092560609445449027e-01,3.999999999999999556e+00,4.841525469030379808e-03,2.888093943481761762e-05
2.807000000000000000e+03,1.092560249303641540e-01,4.000000000000000000e+00,4.838334071607373367e-03,2.125005138792805334e-05
2.808000000000000000e+03,1.092559890052134663e-01,4.000000000000000000e+00,4.837371353269726872e-03,6.193560437201111705e-06
2.809000000000000000e+03,1.092559531664946404e-01,4.000000000000000888e+00,4.835717108202191791e-03,9.629071195518632838e-06
2.810000000000000000e+03,1.092559173495575020e-01,4.000000000000000888e+00,4.833101979635326222e-03,2.032696147238289568e-05
2.811000000000000000e+03,1.092558815568924480e-01,3.999999999999999112e+00,4.832568031084666718e-03,2.223731134740480496e-05
2.812000000000000000e+03,1.092558455670937928e-01,4.000000000000000000e+00,4.829718617420107434e-03,1.573046475193634424e-05
2.813000000000000000e+03,1.092558096479184088e-01,4.000000000000000000e+00,4.828522242581001316e-03,3.933085975370455081e-06
2.814000000000000000e+03,1.092557737735272011e-01,3.999999999999999112e+00,4.826878066397005673e-03,8.061862540422381354e-06
2.815000000000000000e+03,1.092557378908599608e-01,4.000000000000000888e+00,4.824423642962660103e-03,1.597802016964280309e-05
2.816000000000000000e+03,1.092557020315074040e-01,4.000000000000000000e+00,4.823607575667849048e-03,1.716262924848409459e-05
2.817000000000000000e+03,1.092556660317439421e-01,3.999999999999999556e+00,4.821000146530855790e-03,1.205661177412540539e-05
2.818000000000000000e+03,1.092556300805589409e-01,4.000000000000000888e+00,4.819660328441883849e-03,2.997426842461473767e-06
2.819000000000000000e+03,1.092555941447467677e-01,3.999999999999999556e+00,4.817977375435642841e-03,6.158441332886567987e-06
2.820000000000000000e+03,1.092555581904647577e-01,4.000000000000000000e+00,4.815673292552509477e-03,1.227538439633563423e-05
2.821000000000000000e+03,1.092555222556124417e-01,4.000000000000000888e+00,4.814628186071934386e-03,1.330901199131877995e-05
2.822000000000000000e+03,1.092554862150435235e-01,4.000000000000000888e+00,4.812191263702983446e-03,9.594886140295966380e-06
2.823000000000000000e+03,1.092554502044032483e-01,4.000000000000000000e+00,4.810762176743161450e-03,2.769896664524209331e-06
2.824000000000000000e+03,1.092554141885781482e-01,4.000000000000000000e+00,4.809019469727764812e-03,4.266776771055830563e-06
2.825000000000000000e+03,1.092553781519387673e-01,3.999999999999999556e+00,4.806846179099879927e-03,9.193924026256067260e-06
2.826000000000000000e+03,1.092553421281231701e-01,4.000000000000000000e+00,4.805614639088517936e-03,1.034162523644324797e-05
2.827000000000000000e+03,1.092553060207716864e-01,4.000000000000000000e+00,4.803299937801684856e-03,7.880792081776450929e-06
2.828000000000000000e+03,1.092552699291395590e-01,4.000000000000000888e+00,4.801811247209481631e-03,2.862464296776875528e-06
2.829000000000000000e+03,1.092552338177290722e-01,3.999999999999998668e+00,4.800003810011350264e-03,2.553998034277172780e-06
2.830000000000000000e+03,1.092551976856434848e-01,4.000000000000000000e+00,4.797939641931127375e-03,6.644568372549415981e-06
2.831000000000000000e+03,1.092551615582008223e-01,3.999999999999998668e+00,4.796553829319768515e-03,7.987991591263153757e-06
2.832000000000000000e+03,1.092551253622897345e-01,4.000000000000000888e+00,4.794330280019977984e-03,6.592773925743204466e-06
2.833000000000000000e+03,1.092550891714938743e-01,4.000000000000000000e+00,4.792795632850173175e-03,3.037847574253111175e-06
2.834000000000000000e+03,1.092550529505183499e-01,4.000000000000000000e+00,4.790927446444041837e-03,1.095451444623551962e-06
2.835000000000000000e+03,1.092550167093151448e-01,4.000000000000000000e+00,4.788951421252757128e-03,4.533959854279941400e-06
2.836000000000000000e+03,1.092549804639453975e-01,3.999999999999999112e+00,4.787435094478180095e-03,6.049529535926923766e-06
2.837000000000000000e+03,1.092549441609782096e-01,3.999999999999999556e+00,4.785283503693997520e-03,5.519449343293228401e-06
2.838000000000000000e+03,1.092549078549877734e-01,3.999999999999999556e+00,4.783706465519553010e-03,3.153847783627105917e-06
2.839000000000000000e+03,1.092548715116524877e-01,3.999999999999999556e+00,4.781786514954867486e-03,1.404915226507862641e-07
2.840000000000000000e+03,1.092548351480820690e-01,4.000000000000000888e+00,4.779878914645527277e-03,2.790973549671119153e-06
2.841000000000000000e+03,1.092547987715597885e-01,3.999999999999998668e+00,4.778250079661602347e-03,4.397046917968579041e-06
2.842000000000000000e+03,1.092547623456269212e-01,4.000000000000000000e+00,4.776158744548525230e-03,4.532022123195243501e-06
2.843000000000000000e+03,1.092547259100347390e-01,3.999999999999998668e+00,4.774536928484351267e-03,3.128762440066853481e-06
2.844000000000000000e+03,1.092546894326409113e-01,4.000000000000000000e+00,4.772576985595093114e-03,9.734000097842997820e-07
2.845000000000000000e+03,1.092546529343707412e-01,4.000000000000000000e+00,4.770718973850450982e-03,1.375020832618117146e-06
2.846000000000000000e+03,1.092546164148848892e-01,4.000000000000000000e+00,4.768992455801951413e-03,2.960851819040450615e-06
2.847000000000000000e+03,1.092545798522369382e-01,4.000000000000000000e+00,4.766953643480965550e-03,3.564732617119510409e-06
2.848000000000000000e+03,1.092545432741011124e-01,3.999999999999999556e+00,4.765281730655114220e-03,2.923009664513038663e-06
2.849000000000000000e+03,1.092545066520334285e-01,4.000000000000000000e+00,4.763294934247214694e-03,1.543584794245545569e-06
2.850000000000000000e+03,1.092544700078472708e-01,4.000000000000000888e+00,4.761468008449255655e-03,2.863950287802622270e-07
2.851000000000000000e+03,1.092544333351582186e-01,3.999999999999999112e+00,4.759657589831311868e-03,1.719535772239331667e-06
2.852000000000000000e+03,1.092543966239663406e-01,3.999999999999999556e+00,4.757664736388982768e-03,2.601904870290584508e-06
2.853000000000000000e+03,1.092543598918432057e-01,4.000000000000000000e+00,4.755936896933051806e-03,2.531594503757292879e-06
2.854000000000000000e+03,1.092543231155739952e-01,4.000000000000000000e+00,4.753936513290436469e-03,1.809894372819752286e-06
2.855000000000000000e+03,1.092542863154250254e-01,3.999999999999999112e+00,4.752122270677399882e-03,5.450135844955694493e-07
2.856000000000000000e+03,1.092542494808950715e-01,3.999999999999998224e+00,4.750242181014722315e-03,6.896631974125418378e-07
2.857000000000000000e+03,1.092542126111099021e-01,3.999999999999999112e+00,4.748287751849602882e-03,1.668390437673812085e-06
2.858000000000000000e+03,1.092541757151844206e-01,4.000000000000000000e+00,4.746499717019508381e-03,1.982268465774462042e-06
2.859000000000000000e+03,1.092541387763006772e-01,4.000000000000000000e+00,4.744497753910881938e-03,1.788558775387419714e-06
2.860000000000000000e+03,1.092541018113262208e-01,4.000000000000000000e+00,4.742678264157512875e-03,1.016382247540362549e-06
2.861000000000000000e+03,1.092540648078467874e-01,4.000000000000000000e+00,4.740743833458624552e-03,1.665685697454739739e-07
2.862000000000000000e+03,1.092540277710807861e-01,4.000000000000001776e+00,4.738817919648708951e-03,8.205741328857435197e-07
2.863000000000000000e+03,1.092539907033176494e-01,4.000000000000000000e+00,4.736968710447405154e-03,1.334532568719767171e-06
2.864000000000000000e+03,1.092539535945837997e-01,4.000000000000000888e+00,4.734974329293559735e-03,1.521888779546201198e-06
2.865000000000000000e+03,1.092539164571632582e-01,4.000000000000000000e+00,4.733133211312167028e-03,1.182194550514921507e-06
2.866000000000000000e+03,1.092538792790126168e-01,3.999999999999999556e+00,4.731160541491530314e-03,6.495816539753576295e-07
2.867000000000000000e+03,1.092538420684103645e-01,4.000000000000001776e+00,4.729250386162586230e-03,1.653491421498172248e-07
2.868000000000000000e+03,1.092538048226444902e-01,3.999999999999998668e+00,4.727343477076289234e-03,6.760474518647444460e-07
2.869000000000000000e+03,1.092537675380869655e-01,4.000000000000000888e+00,4.725361407748374099e-03,1.083406152736789229e-06
2.870000000000000000e+03,1.092537302219830919e-01,3.999999999999999112e+00,4.723485482952243658e-03,1.074919390350707749e-06
2.871000000000000000e+03,1.092536928646755945e-01,4.000000000000000000e+00,4.721490123627138102e-03,8.782988797183245769e-07
2.872000000000000000e+03,1.092536554747883942e-01,3.999999999999999112e+00,4.719580775651875323e-03,3.903228663320681339e-07
2.873000000000000000e+03,1.092536180466883583e-01,4.000000000000000000e+00,4.717624329001846722e-03,1.502043984270770832e-07
2.874000000000000000e+03,1.092535805816631234e-01,4.000000000000000000e+00,4.715653734602229079e-03,5.771617788471192443e-07
2.875000000000000000e+03,1.092535430822225567e-01,3.999999999999999112e+00,4.713734852356411820e-03,7.680156196956837312e-07
2.876000000000000000e+03,1.092535055424135870e-01,4.000000000000000000e+00,4.711729712234023065e-03,8.412572147495424286e-07
2.877000000000000000e+03,1.092534679691367083e-01,4.000000000000000888e+00,4.709805844400669246e-03,6.080804579052127747e-07
2.878000000000000000e+03,1.092534303560338538e-01,4.000000000000000000e+00,4.707811682028975077e-03,3.485197744338978426e-07
2.879000000000000000e+03,1.092533927072382588e-01,4.000000000000001776e+00,4.705846045530634458e-03,1.574753784529957815e-07
2.880000000000000000e+03,1.092533550215585014e-01,3.999999999999999556e+00,4.703882411117517141e-03,3.749073772545451808e-07
2.881000000000000000e+03,1.092533172970288624e-01,3.999999999999999556e+00,4.701875482916443270e-03,6.065429182187849846e-07
2.882000000000000000e+03,1.092532795376567056e-01,3.999999999999999112e+00,4.699924064900300701e-03,5.855723945943737896e-07
2.883000000000000000e+03,1.092532417383035026e-01,4.000000000000000000e+00,4.697905307679264494e-03,5.230137866673388700e-07
2.884000000000000000e+03,1.092532039037474589e-01,3.999999999999999112e+00,4.695933805582669374e-03,2.670135846850171283e-07
2.885000000000000000e+03,1.092531660307018149e-01,4.000000000000000000e+00,4.693930040958765697e-03,1.323307938325096268e-07
2.886000000000000000e+03,1.092531281203880655e-01,4.000000000000000000e+00,4.691922829251500213e-03,2.924965360279463032e-07
2.887000000000000000e+03,1.092530901737633342e-01,3.999999999999999112e+00,4.689935879733380004e-03,3.879165281059641398e-07
2.888000000000000000e+03,1.092530521881280581e-01,4.000000000000000000e+00,4.687903695944834956e-03,4.851932707198441433e-07
2.889000000000000000e+03,1.092530141671333721e-01,4.000000000000000000e+00,4.685914097497410544e-03,3.805444206799133312e-07
2.890000000000000000e+03,1.092529761072186939e-01,4.000000000000000000e+00,4.683879492024220145e-03,3.007574630967440895e-07
2.891000000000000000e+03,1.092529380112398363e-01,4.000000000000000888e+00,4.681867088482179196e-03,1.373602274168914419e-07
2.892000000000000000e+03,1.092528998778794641e-01,4.000000000000000888e+00,4.679843371785674666e-03,1.592804904253985659e-07
2.893000000000000000e+03,1.092528617070372687e-01,3.999999999999999112e+00,4.677803879850664023e-03,3.052717438003044718e-07
2.894000000000000000e+03,1.092528235003275006e-01,4.000000000000000000e+00,4.675786292386329042e-03,3.171102385221640235e-07
2.895000000000000000e+03,1.092527852554115303e-01,4.000000000000000888e+00,4.673731356668303812e-03,3.567285855824307015e-07
2.896000000000000000e+03,1.092527469750936980e-01,4.000000000000000888e+00,4.671704686802518117e-03,2.432671067503834352e-07
2.897000000000000000e+03,1.092527086571602607e-01,4.000000000000000888e+00,4.669649277580836463e-03,1.933555192663823360e-07
2.898000000000000000e+03,1.092526703032662555e-01,3.999999999999999556e+00,4.667602004523406685e-03,1.420682773469354019e-07
2.899000000000000000e+03,1.092526319131006118e-01,4.000000000000000000e+00,4.665552059425794040e-03,1.706092887051668153e-07
2.900000000000000000e+03,1.092525934862027537e-01,4.000000000000000000e+00,4.663484445590822779e-03,2.678370702390104174e-07
2.901000000000000000e+03,1.092525550241544019e-01,4.000000000000000000e+00,4.661434253846158393e-03,2.438658238963353085e-07
2.902000000000000000e+03,1.092525165252546115e-01,4.000000000000000000e+00,4.659355622760681138e-03,2.675090300500599844e-07
2.903000000000000000e+03,1.092524779915648447e-01,4.000000000000000000e+00,4.657294616439330327e-03,1.774435564242560803e-07
2.904000000000000000e+03,1.092524394217776196e-01,4.000000000000000000e+00,4.655214456625386341e-03,1.588436360112139412e-07
2.905000000000000000e+03,1.092524008169519362e-01,4.000000000000000000e+00,4.653136071807948901e-03,1.509376067733663577e-07
2.906000000000000000e+03,1.092523621771923775e-01,3.999999999999998668e+00,4.651057050492001313e-03,1.601188322894413807e-07
2.907000000000000000e+03,1.092523235021208572e-01,3.999999999999999556e+00,4.648962641114360791e-03,2.255906884575572766e-07
2.908000000000000000e+03,1.092522847930682828e-01,3.999999999999999112e+00,4.646880161877592862e-03,1.937522651330774607e-07
2.909000000000000000e+03,1.092522460489245562e-01,4.000000000000000888e+00,4.644776333415520653e-03,2.167892271433587111e-07
2.910000000000000000e+03,1.092522072712436287e-01,4.000000000000000000e+00,4.642683369565742471e-03,1.545904401953986602e-07
2.911000000000000000e+03,1.092521684592682452e-01,4.000000000000000000e+00,4.640576224468905692e-03,1.522746099818676915e-07
2.912000000000000000e+03,1.092521296138282000e-01,4.000000000000000888e+00,4.638468740145264280e-03,1.498294103863456929e-07
2.913000000000000000e+03,1.092520907351490073e-01,4.000000000000000000e+00,4.636359803849056382e-03,1.487186329652684615e-07
2.914000000000000000e+03,1.092520518230916532e-01,3.999999999999998668e+00,4.634238871230992457e-03,1.932107640088650332e-07
2.915000000000000000e+03,1.092520128787162759e-01,3.999999999999999112e+00,4.632125077428012744e-03,1.659086835912665529e-07
2.916000000000000000e+03,1.092519739013853436e-01,3.999999999999999556e+00,4.629995065206878556e-03,1.903463783154250084e-07
2.917000000000000000e+03,1.092519348923343819e-01,3.999999999999999112e+00,4.627871810347339993e-03,1.485522805937059620e-07
2.918000000000000000e+03,1.092518958511388971e-01,4.000000000000000000e+00,4.625736820181478373e-03,1.536288882375212165e-07
2.919000000000000000e+03,1.092518567785797923e-01,4.000000000000000000e+00,4.623601312007930529e-03,1.467427172345251970e-07
2.920000000000000000e+03,1.092518176748841219e-01,4.000000000000000888e+00,4.621462625914710479e-03,1.437077389176501979e-07
2.921000000000000000e+03,1.092517785401792979e-01,4.000000000000000000e+00,4.619315286855467037e-03,1.716672659933456397e-07
2.922000000000000000e+03,1.092517393752925892e-01,4.000000000000000888e+00,4.617171208061965869e-03,1.523525267859614108e-07
2.923000000000000000e+03,1.092517001799602344e-01,4.000000000000000888e+00,4.615014730424387389e-03,1.758048821386697494e-07
2.924000000000000000e+03,1.092516609552091345e-01,4.000000000000000000e+00,4.612862316914523829e-03,1.473511664209244208e-07
2.925000000000000000e+03,1.092516217008411838e-01,3.999999999999999112e+00,4.610699547862859467e-03,1.568209723373905899e-07
2.926000000000000000e+03,1.092515824176527595e-01,3.999999999999999556e+00,4.608536694615722462e-03,1.454025428053727713e-07
2.927000000000000000e+03,1.092515431058435349e-01,4.000000000000000888e+00,4.606368934447189339e-03,1.447885469590840055e-07
2.928000000000000000e+03,1.092515037657843663e-01,3.999999999999998668e+00,4.604195462056917196e-03,1.584637538487073058e-07
2.929000000000000000e+03,1.092514643981125633e-01,3.999999999999999112e+00,4.602022084156618190e-03,1.468762278692937679e-07
2.930000000000000000e+03,1.092514250028741307e-01,4.000000000000000888e+00,4.599839445989515815e-03,1.661294311840293890e-07
2.931000000000000000e+03,1.092513855809353618e-01,4.000000000000000000e+00,4.597658721414623478e-03,1.471302985443105621e-07
2.932000000000000000e+03,1.092513461322893453e-01,3.999999999999998668e+00,4.595468853338594353e-03,1.591538605354444846e-07
2.933000000000000000e+03,1.092513066577450870e-01,4.000000000000000000e+00,4.593279198998758035e-03,1.459580408924098806e-07
2.934000000000000000e+03,1.092512671574955851e-01,3.999999999999999556e+00,4.591083382059897751e-03,1.492444728957960528e-07
2.935000000000000000e+03,1.092512276321058046e-01,4.000000000000001776e+00,4.588884226925967272e-03,1.514488724531469375e-07
2.936000000000000000e+03,1.092511880820678793e-01,3.999999999999999556e+00,4.586682586065061844e-03,1.464747176824933285e-07
2.937000000000000000e+03,1.092511485076920752e-01,3.999999999999999112e+00,4.584474483474403582e-03,1.585897708272448866e-07
2.938000000000000000e+03,1.092511089096990240e-01,4.000000000000000000e+00,4.582266225198122073e-03,1.471507126640785748e-07
2.939000000000000000e+03,1.092510692882754930e-01,3.999999999999999112e+00,4.580050350183997691e-03,1.590259132661589670e-07
2.940000000000000000e+03,1.092510296442045781e-01,4.000000000000000000e+00,4.577834418878787802e-03,1.472007709131537505e-07
2.941000000000000000e+03,1.092509899777216742e-01,3.999999999999999112e+00,4.575611874469393860e-03,1.538756233862214838e-07
2.942000000000000000e+03,1.092509502895168266e-01,3.999999999999999556e+00,4.573387579513710395e-03,1.489181345526249083e-07
2.943000000000000000e+03,1.092509105799921304e-01,3.999999999999998668e+00,4.571158914148403321e-03,1.494228027608746588e-07
2.944000000000000000e+03,1.092508708496730541e-01,4.000000000000000000e+00,4.568926222184498294e-03,1.531631756450378034e-07
2.945000000000000000e+03,1.092508310991480575e-01,4.000000000000000888e+00,4.566691339416673913e-03,1.481529951563997351e-07
2.946000000000000000e+03,1.092507913288049692e-01,4.000000000000000000e+00,4.564450780161259658e-03,1.563600170001735762e-07
2.947000000000000000e+03,1.092507515393532358e-01,3.999999999999999112e+00,4.562209177315916520e-03,1.482911625627106349e-07
2.948000000000000000e+03,1.092507117311322384e-01,3.999999999999999556e+00,4.559961513010298700e-03,1.559513150732948950e-07
2.949000000000000000e+03,1.092506719048716712e-01,4.000000000000000888e+00,4.557712646927500506e-03,1.488647252034971360e-07
2.950000000000000000e+03,1.092506320609596682e-01,4.000000000000000888e+00,4.555458523107967610e-03,1.532188384923617085e-07
2.951000000000000000e+03,1.092505922000628349e-01,4.000000000000000000e+00,4.553202101272318773e-03,1.505077260916781334e-07
2.952000000000000000e+03,1.092505523226775521e-01,4.000000000000000000e+00,4.550941840761060786e-03,1.507921681245404373e-07
2.953000000000000000e+03,1.092505124293733365e-01,4.000000000000000000e+00,4.548677929843415908e-03,1.529736309430426876e-07
2.954000000000000000e+03,1.092504725207612826e-01,4.000000000000000000e+00,4.546411519566355419e-03,1.497436731178352257e-07
2.955000000000000000e+03,1.092504325973310264e-01,3.999999999999999556e+00,4.544140476189163086e-03,1.547506605031450000e-07
2.956000000000000000e+03,1.092503926597709618e-01,3.999999999999999112e+00,4.541867697699960953e-03,1.496384198958038512e-07
2.957000000000000000e+03,1.092503527085397080e-01,4.000000000000000000e+00,4.539590001011468284e-03,1.548316892942309263e-07
2.958000000000000000e+03,1.092503127443478911e-01,3.999999999999999556e+00,4.537310609836567657e-03,1.500576609172059379e-07
2.959000000000000000e+03,1.092502727676768343e-01,4.000000000000000000e+00,4.535026691943127089e-03,1.536067158170820794e-07
2.960000000000000000e+03,1.092502327792110040e-01,4.000000000000000000e+00,4.532740560074358799e-03,1.510070431316528162e-07
2.961000000000000000e+03,1.092501927794912869e-01,4.000000000000000888e+00,4.530450701476325046e-03,1.521374512347221496e-07
2.962000000000000000e+03,1.092501527691511348e-01,3.999999999999999112e+00,4.528157878748171120e-03,1.523310553013467183e-07
2.963000000000000000e+03,1.092501127488016421e-01,4.000000000000000000e+00,4.525862189356989577e-03,1.511371491233574545e-07
2.964000000000000000e+03,1.092500727190263976e-01,3.999999999999999112e+00,4.523562884789637459e-03,1.534910240682952761e-07
2.965000000000000000e+03,1.092500326804939220e-01,4.000000000000000000e+00,4.521261351920768945e-03,1.507126189841837528e-07
2.966000000000000000e+03,1.092499926337581195e-01,3.999999999999999556e+00,4.518955865804625757e-03,1.539804120106962448e-07
2.967000000000000000e+03,1.092499525795187637e-01,4.000000000000000000e+00,4.516648431804741980e-03,1.507160894613068648e-07
2.968000000000000000e+03,1.092499125183276631e-01,3.999999999999999556e+00,4.514337077253420885e-03,1.537134227134013405e-07
2.969000000000000000e+03,1.092498724508879360e-01,4.000000000000000888e+00,4.512023710952014696e-03,1.510360938863071881e-07
2.970000000000000000e+03,1.092498323777734009e-01,4.000000000000000000e+00,4.509706754689769490e-03,1.529855063658999415e-07
2.971000000000000000e+03,1.092497922996702453e-01,3.999999999999999556e+00,4.507387494833921086e-03,1.515866759686378991e-07
2.972000000000000000e+03,1.092497522171882729e-01,3.999999999999999556e+00,4.505065130485888525e-03,1.521798467577770894e-07
2.973000000000000000e+03,1.092497121309877195e-01,3.999999999999999112e+00,4.502740096037816456e-03,1.522125120683550207e-07
2.974000000000000000e+03,1.092496720417169553e-01,4.000000000000000000e+00,4.500412448016005880e-03,1.515408575677996466e-07
2.975000000000000000e+03,1.092496319500118884e-01,4.000000000000000888e+00,4.498081822709015624e-03,1.527068438633290986e-07
2.976000000000000000e+03,1.092495918565530855e-01,4.000000000000000000e+00,4.495748969618432352e-03,1.511399816051229309e-07
2.977000000000000000e+03,1.092495517619608419e-01,4.000000000000001776e+00,4.493412973721131083e-03,1.529142963693744225e-07
2.978000000000000000e+03,1.092495116669360278e-01,3.999999999999999556e+00,4.491074978028444971e-03,1.509527466257765001e-07
2.979000000000000000e+03,1.092494715720954135e-01,4.000000000000000888e+00,4.488733839629175174e-03,1.528005880633402310e-07
2.980000000000000000e+03,1.092494314781475157e-01,4.000000000000000888e+00,4.486390773122181548e-03,1.509288212715500016e-07
2.981000000000000000e+03,1.092493913857167376e-01,4.000000000000000888e+00,4.484044707032562235e-03,1.524391979621044966e-07
2.982000000000000000e+03,1.092493512955087509e-01,3.999999999999999112e+00,4.481696666561265675e-03,1.510140385107567482e-07
2.983000000000000000e+03,1.092493112081630580e-01,4.000000000000000000e+00,4.479345863838508565e-03,1.519486274506724060e-07
2.984000000000000000e+03,1.092492711243764902e-01,4.000000000000000888e+00,4.476992976546585734e-03,1.511480770955618197e-07
2.985000000000000000e+03,1.092492310448071741e-01,4.000000000000000000e+00,4.474637603623099480e-03,1.514339063601551082e-07
2.986000000000000000e+03,1.092491909701405195e-01,4.000000000000000888e+00,4.472280024015928487e-03,1.512670034731938557e-07
2.987000000000000000e+03,1.092491509010530826e-01,4.000000000000000888e+00,4.469920228243757718e-03,1.509596279489326983e-07
2.988000000000000000e+03,1.092491108382202258e-01,3.999999999999999556e+00,4.467558130697046014e-03,1.513157957249256841e-07
2.989000000000000000e+03,1.092490707823337015e-01,3.999999999999999112e+00,4.465194048662263042e-03,1.505511432171140511e-07
2.990000000000000000e+03,1.092490307340614197e-01,4.000000000000000888e+00,4.462827618756320426e-03,1.512609781561256091e-07
2.991000000000000000e+03,1.092489906941068317e-01,4.000000000000000000e+00,4.460459384433759951e-03,1.502078850022445286e-07
2.992000000000000000e+03,1.092489506631342255e-01,3.999999999999999556e+00,4.458088811481028882e-03,1.510945097259653731e-07
2.993000000000000000e+03,1.092489106418536304e-01,4.000000000000001776e+00,4.455716562472631162e-03,1.499163980973328124e-07
2.994000000000000000e+03,1.092488706309294039e-01,4.000000000000000888e+00,4.453342034396473408e-03,1.508285609804045305e-07
2.995000000000000000e+03,1.092488306310746005e-01,4.000000000000000000e+00,4.450965915638545323e-03,1.496585905026567193e-07
2.996000000000000000e+03,1.092487906429561173e-01,4.000000000000000000e+00,4.448587616355898118e-03,1.504858890281000626e-07
2.997000000000000000e+03,1.092487506672872033e-01,4.000000000000000000e+00,4.446207781497876592e-03,1.494160666390224546e-07
2.998000000000000000e+03,1.092487107047390438e-01,3.999999999999999556e+00,4.443825890351797703e-03,1.500908943995132570e-07
2.999000000000000000e+03,1.092486707560231668e-01,3.999999999999998668e+00,4.441442501431601408e-03,1.491723995041499856e-07
3.000000000000000000e+03,1.092486308218156010e-01,4.000000000000000888e+00,4.439057193957813945e-03,1.496639651128296207e-07
3.001000000000000000e+03,1.092485909028253904e-01,4.000000000000000000e+00,4.436670420102043627e-03,1.489144460338852974e-07
3.002000000000000000e+03,1.092485509997336429e-01,4.000000000000000000e+00,4.434281869442038317e-03,1.492192484986081486e-07
3.003000000000000000e+03,1.092485111132460301e-01,3.999999999999999556e+00,4.431891885207081550e-03,1.486330100219505823e-07
3.004000000000000000e+03,1.092484712440483369e-01,4.000000000000000000e+00,4.429500263640299106e-03,1.487648277938140294e-07
3.005000000000000000e+03,1.092484313928430567e-01,4.000000000000000000e+00,4.427107247424707029e-03,1.483228185743464649e-07
3.006000000000000000e+03,1.092483915603199296e-01,4.000000000000000000e+00,4.424712727696007535e-03,1.483040224079924007e-07
3.007000000000000000e+03,1.092483517471785487e-01,3.999999999999999112e+00,4.422316860443642472e-03,1.479819908551407447e-07
3.008000000000000000e+03,1.092483119541114711e-01,3.999999999999999556e+00,4.419919616748198971e-03,1.478369309625201057e-07
3.009000000000000000e+03,1.092482721818154867e-01,4.000000000000000000e+00,4.417521081016530932e-03,1.476111688382315715e-07
3.010000000000000000e+03,1.092482324309855951e-01,4.000000000000000000e+00,4.415121289627301458e-03,1.473617591229154314e-07
3.011000000000000000e+03,1.092481927023159494e-01,4.000000000000001776e+00,4.412720268986466965e-03,1.472126592111828797e-07
3.012000000000000000e+03,1.092481529965030618e-01,3.999999999999999112e+00,4.410318108590012727e-03,1.468757523066248133e-07
3.013000000000000000e+03,1.092481133142385874e-01,4.000000000000000000e+00,4.407914787270282575e-03,1.467897180685910495e-07
3.014000000000000000e+03,1.092480736562197602e-01,4.000000000000000000e+00,4.405510439101037283e-03,1.463757569781404142e-07
3.015000000000000000e+03,1.092480340231360564e-01,3.999999999999999556e+00,4.403105001793181095e-03,1.463461248374626451e-07
3.016000000000000000e+03,1.092479944156848348e-01,4.000000000000000000e+00,4.400698649664777466e-03,1.458584520203690579e-07
3.017000000000000000e+03,1.092479548345530044e-01,4.000000000000001776e+00,4.398291281379748847e-03,1.458860429835357283e-07
3.018000000000000000e+03,1.092479152804382986e-01,4.000000000000000000e+00,4.395883111698594553e-03,1.453203283669360812e-07
3.019000000000000000e+03,1.092478757540243511e-01,4.000000000000000000e+00,4.393473997606143697e-03,1.454141686541967200e-07
3.020000000000000000e+03,1.092478362560088817e-01,4.000000000000000000e+00,4.391064199444602405e-03,1.447574601658935251e-07
3.021000000000000000e+03,1.092477967870722350e-01,3.999999999999999112e+00,4.388653524615567306e-03,1.449361817679984633e-07
3.022000000000000000e+03,1.092477573479120057e-01,4.000000000000001776e+00,4.386242289920534027e-03,1.441650843711033532e-07
3.023000000000000000e+03,1.092477179392045972e-01,4.000000000000000000e+00,4.383830238894826682e-03,1.444595669868611976e-07
3.024000000000000000e+03,1.092476785616479928e-01,3.999999999999999556e+00,4.381417762917070094e-03,1.435370098231758702e-07
3.025000000000000000e+03,1.092476392159131282e-01,4.000000000000000000e+00,4.379004518995787895e-03,1.439949939711959214e-07
3.026000000000000000e+03,1.092475999026994715e-01,3.999999999999999556e+00,4.376591001063373336e-03,1.428648307051779519e-07
3.027000000000000000e+03,1.092475606226711443e-01,4.000000000000000000e+00,4.374176745175477332e-03,1.435586722661191933e-07
3.028000000000000000e+03,1.092475213765302100e-01,4.000000000000001776e+00,4.371762389997305674e-03,1.421370542249868349e-07
3.029000000000000000e+03,1.092474821649319500e-01,4.000000000000000000e+00,4.369347298904096774e-03,1.431765167955178097e-07
3.030000000000000000e+03,1.092474429885830212e-01,3.999999999999999112e+00,4.366932318707860035e-03,1.413384552595157023e-07
3.031000000000000000e+03,1.092474038481268117e-01,3.999999999999999112e+00,4.364516562153539572e-03,1.428918941208287661e-07
3.032000000000000000e+03,1.092473647442776669e-01,4.000000000000000888e+00,4.362101180161252409e-03,1.404508375265433765e-07
3.033000000000000000e+03,1.092473256776630292e-01,4.000000000000000000e+00,4.359684916321699029e-03,1.427807326539358195e-07
3.034000000000000000e+03,1.092472866490097755e-01,4.000000000000001776e+00,4.357269372402563200e-03,1.394586619494188681e-07
3.035000000000000000e+03,1.092472476589226582e-01,4.000000000000000888e+00,4.354852740540393098e-03,1.429824579459865584e-07
3.036000000000000000e+03,1.092472087081490240e-01,4.000000000000000888e+00,4.352437300460919832e-03,1.383694958015198904e-07
3.037000000000000000e+03,1.092471697972604988e-01,4.000000000000000000e+00,4.350020408938322890e-03,1.437660468120197814e-07
3.038000000000000000e+03,1.092471309270373891e-01,4.000000000000000000e+00,4.347605379623729199e-03,1.372771455625974461e-07
3.039000000000000000e+03,1.092470920980023324e-01,3.999999999999999112e+00,4.345188286109997501e-03,1.456755379671701728e-07
3.040000000000000000e+03,1.092470533109881625e-01,4.000000000000000000e+00,4.342774041070845276e-03,1.365440911243084055e-07
3.041000000000000000e+03,1.092470145664432707e-01,4.000000000000000000e+00,4.340356719480233279e-03,1.498533698954777530e-07
3.042000000000000000e+03,1.092469758652847012e-01,3.999999999999999112e+00,4.337943741610252729e-03,1.373037146228939124e-07
3.043000000000000000e+03,1.092469372078460760e-01,3.999999999999999112e+00,4.335526026239815145e-03,1.587349039214744284e-07
3.044000000000000000e+03,1.092468985951797755e-01,3.999999999999999112e+00,4.333114980621754694e-03,1.427259205426977462e-07
3.045000000000000000e+03,1.092468600274387608e-01,4.000000000000000000e+00,4.330696470695236458e-03,1.773834142894451214e-07
3.046000000000000000e+03,1.092468215058955833e-01,3.999999999999999112e+00,4.328288329790029067e-03,1.605554360141634669e-07
3.047000000000000000e+03,1.092467830304128390e-01,3.999999999999999556e+00,4.325868224522679169e-03,2.155345204710100708e-07
3.048000000000000000e+03,1.092467446026248040e-01,4.000000000000000000e+00,4.323464485761800528e-03,2.059942813583900410e-07
3.049000000000000000e+03,1.092467062219207863e-01,3.999999999999999112e+00,4.321041296226432564e-03,2.899656917629706792e-07
3.050000000000000000e+03,1.092466678905355815e-01,3.999999999999999556e+00,4.318644364305865811e-03,3.025251078395149294e-07
3.051000000000000000e+03,1.092466296070745413e-01,4.000000000000000000e+00,4.316215404574715725e-03,4.277669269578073249e-07
3.052000000000000000e+03,1.092465913747824729e-01,4.000000000000000000e+00,4.313829270365351562e-03,4.846925071829138230e-07
3.053000000000000000e+03,1.092465531909491971e-01,4.000000000000000000e+00,4.311389749112718578e-03,6.738530952339282847e-07
3.054000000000000000e+03,1.092465150605382712e-01,4.000000000000000000e+00,4.309021208277337769e-03,8.104300427609957131e-07
3.055000000000000000e+03,1.092464769786049422e-01,4.000000000000000000e+00,4.306562589736846053e-03,1.106933481993375836e-06
3.056000000000000000e+03,1.092464389530787283e-01,4.000000000000000000e+00,4.304223453468832179e-03,1.384367040874024404e-06
3.057000000000000000e+03,1.092464009751777237e-01,4.000000000000000000e+00,4.301730468632483650e-03,1.869110067668420398e-06
3.058000000000000000e+03,1.092463630580285533e-01,4.000000000000000000e+00,4.299441616849798871e-03,2.397997744677530247e-06
3.059000000000000000e+03,1.092463251862073464e-01,3.999999999999999112e+00,4.296886756018630273e-03,3.220228216846793625e-06
3.060000000000000000e+03,1.092462873821124225e-01,3.999999999999999556e+00,4.294685647100999863e-03,4.203772676758594953e-06
3.061000000000000000e+03,1.092462496187827370e-01,4.000000000000000000e+00,4.292018905773328612e-03,5.639945089923765207e-06
3.062000000000000000e+03,1.092462119355455674e-01,4.000000000000000000e+00,4.289973637178521627e-03,7.455683436896326968e-06
3.063000000000000000e+03,1.092461742855178469e-01,4.000000000000000000e+00,4.287103228735057378e-03,1.002236222967464232e-05
3.064000000000000000e+03,1.092461367399486932e-01,4.000000000000000000e+00,4.285339140306830379e-03,1.337908344635095776e-05
3.065000000000000000e+03,1.092460992184391827e-01,4.000000000000000000e+00,4.282094854516196696e-03,1.805120359191157947e-05
3.066000000000000000e+03,1.092460618553823259e-01,4.000000000000000000e+00,4.280845396289683497e-03,2.429346795576262644e-05
3.067000000000000000e+03,1.092460245181540585e-01,3.999999999999999556e+00,4.276908318453052395e-03,3.293006521461446846e-05
3.068000000000000000e+03,1.092459874752893800e-01,3.999999999999999112e+00,4.276613358223400885e-03,4.463481302349938805e-05
3.069000000000000000e+03,1.092459505308466527e-01,3.999999999999999112e+00,4.271379867471087645e-03,6.081683302468329273e-05
3.070000000000000000e+03,1.092459142682560280e-01,3.999999999999999112e+00,4.272877758655704676e-03,8.297214425858614670e-05
3.071000000000000000e+03,1.092458784970468250e-01,4.000000000000000000e+00,4.265194439695897677e-03,1.136632737066259395e-04
3.072000000000000000e+03,1.092458446356362467e-01,4.000000000000000888e+00,4.270101363224603278e-03,1.560098113186129357e-04
3.073000000000000000e+03,1.092458129709637515e-01,4.000000000000000000e+00,4.257746672968038687e-03,2.148542709543830350e-04
3.074000000000000000e+03,1.092457874214091129e-01,3.999999999999999112e+00,4.269212655836301593e-03,2.965115636266816841e-04
3.075000000000000000e+03,1.092457709453330539e-01,3.999999999999999556e+00,4.247891827928479414e-03,4.102605290305288217e-04
3.076000000000000000e+03,1.092457756349543702e-01,3.999999999999999112e+00,4.272105552027799340e-03,5.684607477839720207e-04
3.077000000000000000e+03,1.092458158642631433e-01,3.999999999999998668e+00,4.233587629051846664e-03,7.882831406707192963e-04
3.078000000000000000e+03,1.092459304320778923e-01,4.000000000000000000e+00,4.282624018386449113e-03,1.091414132839806398e-03
3.079000000000000000e+03,1.092461718279221783e-01,3.999999999999999556e+00,4.211879860432931472e-03,1.503248989407184651e-03
3.080000000000000000e+03,1.092466422784537372e-01,4.000000000000000888e+00,4.307579914851151180e-03,2.044261856612483112e-03
3.081000000000000000e+03,1.092474289321366809e-01,4.000000000000000000e+00,4.181864093085997658e-03,2.707827970286041941e-03
3.082000000000000000e+03,1.092485246791289888e-01,4.000000000000000000e+00,4.349551567169373210e-03,3.409373714056517738e-03
3.083000000000000000e+03,1.092494605440400279e-01,4.000000000000000888e+00,4.155986831840774616e-03,3.918591973752248887e-03
3.084000000000000000e+03,1.092493092940338140e-01,4.000000000000000000e+00,4.361240101587256571e-03,3.858461113482424074e-03
3.085000000000000000e+03,1.092475986495444057e-01,4.000000000000000000e+00,4.168460775465874374e-03,2.921472185876416300e-03
3.086000000000000000e+03,1.092457099601292642e-01,3.999999999999999556e+00,4.267205596978879134e-03,1.208472534105278816e-03
3.087000000000000000e+03,1.092454299694344821e-01,4.000000000000001776e+00,4.250717693742659016e-03,7.302503202932596844e-04
3.088000000000000000e+03,1.092465555353658718e-01,4.000000000000000888e+00,4.175037344428090581e-03,2.229510756833320926e-03
3.089000000000000000e+03,1.092472615328190511e-01,4.000000000000000888e+00,4.311178609944642248e-03,2.788817350332019763e-03
3.090000000000000000e+03,1.092464659262667448e-01,4.000000000000000000e+00,4.170692552446020503e-03,2.214362377488246058e-03
3.091000000000000000e+03,1.092453035466577904e-01,4.000000000000000000e+00,4.242588642204343785e-03,7.739055286545140156e-04
3.092000000000000000e+03,1.092453033895183917e-01,3.999999999999999556e+00,4.242661578284317135e-03,8.569272081395729089e-04
3.093000000000000000e+03,1.092460711251626027e-01,4.000000000000000000e+00,4.169250088314087159e-03,1.951095249860758732e-03
3.094000000000000000e+03,1.092461567476512158e-01,4.000000000000001776e+00,4.275153363581274749e-03,2.062080422433084162e-03
3.095000000000000000e+03,1.092453814520922412e-01,3.999999999999999112e+00,4.181370208173881137e-03,1.203013589237051035e-03
3.096000000000000000e+03,1.092449728164092693e-01,4.000000000000000000e+00,4.205452400297408216e-03,1.448562374060751422e-04
3.097000000000000000e+03,1.092453693678945847e-01,4.000000000000000000e+00,4.243854129996612462e-03,1.288722630835202826e-03
3.098000000000000000e+03,1.092456471548419183e-01,3.999999999999999112e+00,4.163284889045814133e-03,1.692931746701953908e-03
3.099000000000000000e+03,1.092452534509280593e-01,3.999999999999999112e+00,4.237122004799880395e-03,1.219885374126707459e-03
3.100000000000000000e+03,1.092448347712208639e-01,3.999999999999999112e+00,4.195226402123914712e-03,1.810614766914766225e-04
3.101000000000000000e+03,1.092449782290232652e-01,3.999999999999999112e+00,4.176050047727628001e-03,8.459933827402140501e-04
3.102000000000000000e+03,1.092452302582085227e-01,4.000000000000000000e+00,4.233866982999669702e-03,1.341729712085916329e-03
3.103000000000000000e+03,1.092450390227042711e-01,3.999999999999999112e+00,4.165286706184197739e-03,1.102207552787624932e-03
3.104000000000000000e+03,1.092447133490352662e-01,3.999999999999999556e+00,4.199460926996897124e-03,3.175623765481135649e-04
3.105000000000000000e+03,1.092447327420523195e-01,3.999999999999999112e+00,4.203763964378142565e-03,5.534072981847175951e-04
3.106000000000000000e+03,1.092449058115640692e-01,4.000000000000000000e+00,4.159635069385617979e-03,1.050920389689898949e-03
3.107000000000000000e+03,1.092448215208020323e-01,4.000000000000000000e+00,4.210686285274502748e-03,9.522620877665736831e-04
3.108000000000000000e+03,1.092445826657223035e-01,4.000000000000000000e+00,4.172040716218595839e-03,3.658054581429856511e-04
3.109000000000000000e+03,1.092445459998478280e-01,3.999999999999999556e+00,4.170066725025937775e-03,3.539073293299202527e-04
3.110000000000000000e+03,1.092446551078079531e-01,3.999999999999999112e+00,4.199862679074794179e-03,8.167274495391928192e-04
3.111000000000000000e+03,1.092446144871103142e-01,4.000000000000000000e+00,4.154162120038555790e-03,8.059830122928336596e-04
3.112000000000000000e+03,1.092444476698188338e-01,4.000000000000000888e+00,4.182714488569065983e-03,3.733788138458837532e-04
3.113000000000000000e+03,1.092443885805741699e-01,3.999999999999998668e+00,4.175997669482677498e-03,2.120361207140958922e-04
3.114000000000000000e+03,1.092444454115619190e-01,3.999999999999999112e+00,4.151765551193967174e-03,6.281636277376758011e-04
3.115000000000000000e+03,1.092444285198271164e-01,4.000000000000000000e+00,4.184387250994001106e-03,6.739381105170952693e-04
3.116000000000000000e+03,1.092443087834009396e-01,4.000000000000000000e+00,4.153986046398864054e-03,3.623685087551789465e-04
3.117000000000000000e+03,1.092442438788132075e-01,4.000000000000000000e+00,4.158365293890724061e-03,1.078877590293760735e-04
3.118000000000000000e+03,1.092442669532505961e-01,4.000000000000000000e+00,4.171982834519065257e-03,4.749150193820985896e-04
3.119000000000000000e+03,1.092442547531185804e-01,4.000000000000000000e+00,4.142277541378448780e-03,5.579887348791735032e-04
3.120000000000000000e+03,1.092441712242245982e-01,4.000000000000000000e+00,4.163797770949662080e-03,3.422097053537715957e-04
3.121000000000000000e+03,1.092441069444700374e-01,3.999999999999999112e+00,4.153059852446672889e-03,2.990870760057083168e-05
3.122000000000000000e+03,1.092441050301222877e-01,4.000000000000000000e+00,4.140872659541221419e-03,3.495640736903024115e-04
3.123000000000000000e+03,1.092440952548133781e-01,4.000000000000000000e+00,4.160272870692600065e-03,4.564849429833860942e-04
3.124000000000000000e+03,1.092440329563026113e-01,4.000000000000000000e+00,4.137258805355217839e-03,3.171568605456500083e-04
3.125000000000000000e+03,1.092439740534403986e-01,3.999999999999999112e+00,4.144110140829829897e-03,2.818386823394413926e-05
3.126000000000000000e+03,1.092439570158424827e-01,4.000000000000000000e+00,4.147798566108687988e-03,2.464246682364617407e-04
3.127000000000000000e+03,1.092439429631930498e-01,4.000000000000000000e+00,4.129326175663324168e-03,3.675092813971456780e-04
3.128000000000000000e+03,1.092438972583526374e-01,4.000000000000000000e+00,4.144535330830007025e-03,2.885992308701703182e-04
3.129000000000000000e+03,1.092438435840496352e-01,4.000000000000000000e+00,4.132653437949954968e-03,7.046577379251844713e-05
3.130000000000000000e+03,1.092438164242796050e-01,3.999999999999999112e+00,4.128051925347191869e-03,1.618691416743889950e-04
3.131000000000000000e+03,1.092437993897063808e-01,4.000000000000000888e+00,4.137949132634678555e-03,2.889455375652055986e-04
3.132000000000000000e+03,1.092437618274308408e-01,4.000000000000000000e+00,4.121185834056149098e-03,2.574166996215446744e-04
3.133000000000000000e+03,1.092437150323439382e-01,4.000000000000000888e+00,4.128418974808997430e-03,9.919637687953516557e-05
3.134000000000000000e+03,1.092436824359421105e-01,4.000000000000000000e+00,4.126074311720973227e-03,9.303871384398034524e-05
3.135000000000000000e+03,1.092436603096690328e-01,4.000000000000000000e+00,4.115635378186189262e-03,2.196220415055188491e-04
3.136000000000000000e+03,1.092436291813535243e-01,3.999999999999999112e+00,4.125271007654091569e-03,2.238651206008174580e-04
3.137000000000000000e+03,1.092435872180973766e-01,4.000000000000000000e+00,4.114003451842059185e-03,1.163304535343494592e-04
3.138000000000000000e+03,1.092435522295362310e-01,3.999999999999999556e+00,4.113903181408527440e-03,3.830883273219449277e-05
3.139000000000000000e+03,1.092435268328970505e-01,4.000000000000000000e+00,4.117017345160663665e-03,1.585276784891595178e-04
3.140000000000000000e+03,1.092434974991572522e-01,4.000000000000000888e+00,4.105649905237858041e-03,1.887222583227155404e-04
3.141000000000000000e+03,1.092434608323994277e-01,3.999999999999999112e+00,4.111766687674476596e-03,1.231066232507588331e-04
3.142000000000000000e+03,1.092434251913287080e-01,4.000000000000000000e+00,4.106232095715649406e-03,3.818334339957944801e-06
3.143000000000000000e+03,1.092433965688687225e-01,4.000000000000000000e+00,4.101411091616441115e-03,1.055427809491336758e-04
3.144000000000000000e+03,1.092433686858016451e-01,3.999999999999999556e+00,4.106158203772376954e-03,1.526067552309614368e-04
3.145000000000000000e+03,1.092433348879999905e-01,4.000000000000001776e+00,4.096751515993194391e-03,1.210997325435416957e-04
3.146000000000000000e+03,1.092433003576311207e-01,4.000000000000000000e+00,4.098737394849817639e-03,3.415211522248374294e-05
3.147000000000000000e+03,1.092432699829097298e-01,4.000000000000000000e+00,4.097327107827880739e-03,6.050061571666398108e-05
3.148000000000000000e+03,1.092432414588884876e-01,3.999999999999999112e+00,4.090526851807795017e-03,1.167928476282587496e-04
3.149000000000000000e+03,1.092432105222521516e-01,3.999999999999999112e+00,4.094484429914445854e-03,1.115810698513769353e-04
3.150000000000000000e+03,1.092431770757890108e-01,4.000000000000000888e+00,4.087983917438397716e-03,5.382397243806957886e-05
3.151000000000000000e+03,1.092431458280223033e-01,4.000000000000000000e+00,4.086685530911477598e-03,2.380700165321826688e-05
3.152000000000000000e+03,1.092431169986281120e-01,3.999999999999999556e+00,4.087424765312698723e-03,8.237481476693426705e-05
3.153000000000000000e+03,1.092430869970111157e-01,3.999999999999999556e+00,4.080606503418146222e-03,9.638153368587744363e-05
3.154000000000000000e+03,1.092430554140906979e-01,3.999999999999999556e+00,4.082768077841580912e-03,6.367115073684842584e-05
3.155000000000000000e+03,1.092430240068857916e-01,3.999999999999999556e+00,4.078884656668463164e-03,4.514441180812950263e-06
3.156000000000000000e+03,1.092429944569969225e-01,3.999999999999999556e+00,4.075593896452943746e-03,5.093648455082777415e-05
3.157000000000000000e+03,1.092429653904755521e-01,4.000000000000000888e+00,4.076934642576719205e-03,7.714192585661844900e-05
3.158000000000000000e+03,1.092429348147957863e-01,4.000000000000000000e+00,4.071109364683113407e-03,6.513422595551966569e-05
3.159000000000000000e+03,1.092429040673728313e-01,3.999999999999999112e+00,4.071424713216879356e-03,2.422979140601333911e-05
3.160000000000000000e+03,1.092428742777438455e-01,3.999999999999999556e+00,4.069367899559453786e-03,2.365102758199189443e-05
3.161000000000000000e+03,1.092428451922619059e-01,3.999999999999999112e+00,4.065226138056395218e-03,5.602474793144899043e-05
3.162000000000000000e+03,1.092428158379098735e-01,4.000000000000000000e+00,4.066257936284214426e-03,5.957471200429797749e-05
3.163000000000000000e+03,1.092427856643979900e-01,4.000000000000000000e+00,4.061705680696426832e-03,3.580659393636140563e-05
3.164000000000000000e+03,1.092427559846749358e-01,3.999999999999999556e+00,4.060584508745229866e-03,1.862733721933101874e-06
3.165000000000000000e+03,1.092427270614654555e-01,4.000000000000000000e+00,4.059546090889003603e-03,3.486614904019165456e-05
3.166000000000000000e+03,1.092426981102723599e-01,4.000000000000001776e+00,4.055322296764573078e-03,4.901753851467054781e-05
3.167000000000000000e+03,1.092426689100968046e-01,4.000000000000000888e+00,4.055670167960300117e-03,3.977946087008664108e-05
3.168000000000000000e+03,1.092426395159037944e-01,4.000000000000000000e+00,4.052256199957468726e-03,1.382599225211635407e-05
3.169000000000000000e+03,1.092426106573256700e-01,3.999999999999999112e+00,4.050217542008547472e-03,1.574901786120831229e-05
3.170000000000000000e+03,1.092425822021372284e-01,3.999999999999999556e+00,4.049588142537881470e-03,3.535063566756768135e-05
3.171000000000000000e+03,1.092425535022555350e-01,4.000000000000000888e+00,4.045686154158153851e-03,3.752243227089078521e-05
3.172000000000000000e+03,1.092425247680268718e-01,4.000000000000000000e+00,4.045314065347437905e-03,2.296402103585081837e-05
3.173000000000000000e+03,1.092424961441953724e-01,4.000000000000000000e+00,4.042745480864929838e-03,1.252004190193372798e-07
3.174000000000000000e+03,1.092424678789579717e-01,4.000000000000000888e+00,4.040234499131798579e-03,2.089002859550204274e-05
3.175000000000000000e+03,1.092424398048637141e-01,3.999999999999999112e+00,4.039641833439421709e-03,3.049944938243483235e-05
3.176000000000000000e+03,1.092424115298096521e-01,4.000000000000000000e+00,4.036202523310723767e-03,2.607349609582926498e-05
3.177000000000000000e+03,1.092423833711520798e-01,3.999999999999998224e+00,4.035237730810901056e-03,1.082113656728563117e-05
3.178000000000000000e+03,1.092423554068387148e-01,4.000000000000000888e+00,4.033217115941747054e-03,7.470849597448533518e-06
3.179000000000000000e+03,1.092423276372291030e-01,3.999999999999999112e+00,4.030544939302132222e-03,2.082993139676011572e-05
3.180000000000000000e+03,1.092422999826544450e-01,4.000000000000000000e+00,4.029808005136605725e-03,2.395497102207601051e-05
3.181000000000000000e+03,1.092422722325266660e-01,4.000000000000000000e+00,4.026821263150570651e-03,1.672085446697121059e-05
3.182000000000000000e+03,1.092422446544334957e-01,4.000000000000000888e+00,4.025437670140806327e-03,3.105308405923261296e-06
3.183000000000000000e+03,1.092422172647280199e-01,3.999999999999999556e+00,4.023730060638303074e-03,1.038820920164507800e-05
3.184000000000000000e+03,1.092421899777648864e-01,4.000000000000000000e+00,4.021081013943494063e-03,1.827343603949592191e-05
3.185000000000000000e+03,1.092421627958767016e-01,4.000000000000000000e+00,4.020143346644251825e-03,1.771633094457333513e-05
3.186000000000000000e+03,1.092421356043345726e-01,4.000000000000000000e+00,4.017533038053563120e-03,9.956265437431042104e-06
3.187000000000000000e+03,1.092421085855497243e-01,4.000000000000000888e+00,4.015890129965704256e-03,1.201678290397931515e-06
3.188000000000000000e+03,1.092420817303064173e-01,4.000000000000000000e+00,4.014336500790886483e-03,1.068529768101891716e-05
3.189000000000000000e+03,1.092420549425229120e-01,4.000000000000000000e+00,4.011801074287189850e-03,1.493170794343665081e-05
3.190000000000000000e+03,1.092420282681350469e-01,4.000000000000000888e+00,4.010673292639221205e-03,1.261946188388616159e-05
3.191000000000000000e+03,1.092420016369739927e-01,3.999999999999999112e+00,4.008348699167950217e-03,5.496870215273152772e-06
3.192000000000000000e+03,1.092419751609859657e-01,4.000000000000000000e+00,4.006568893776628511e-03,3.199167347922533690e-06
3.193000000000000000e+03,1.092419488285656659e-01,4.000000000000000000e+00,4.005074592012340153e-03,9.679026276159464137e-06
3.194000000000000000e+03,1.092419225581195974e-01,4.000000000000000000e+00,4.002684405602007986e-03,1.171413827244381829e-05
3.195000000000000000e+03,1.092418964085594968e-01,3.999999999999999112e+00,4.001405093456020245e-03,8.824067354036597632e-06
3.196000000000000000e+03,1.092418703307560662e-01,4.000000000000000888e+00,3.999285865200557025e-03,2.794128132179956431e-06
3.197000000000000000e+03,1.092418443903397790e-01,4.000000000000000888e+00,3.997452911100644879e-03,3.802970801661711999e-06
3.198000000000000000e+03,1.092418185813030240e-01,3.999999999999999556e+00,3.995968946891108840e-03,8.185877165020215198e-06
3.199000000000000000e+03,1.092417928402514143e-01,4.000000000000000000e+00,3.993724004219292162e-03,8.999959669803135823e-06
3.200000000000000000e+03,1.092417672229930720e-01,3.999999999999998668e+00,3.992337341306531097e-03,6.171292544028487998e-06
3.201000000000000000e+03,1.092417416920045820e-01,4.000000000000000000e+00,3.990361863158962269e-03,1.300809192829137887e-06
3.202000000000000000e+03,1.092417162858030921e-01,4.000000000000000888e+00,3.988528051533116181e-03,3.651994403299727754e-06
3.203000000000000000e+03,1.092416910040042988e-01,4.000000000000000000e+00,3.987033938093471029e-03,6.646792735852250721e-06
3.204000000000000000e+03,1.092416657987502759e-01,4.000000000000000888e+00,3.984920472301959130e-03,6.869421996553917613e-06
3.205000000000000000e+03,1.092416407168870368e-01,4.000000000000000888e+00,3.983465679439806770e-03,4.399338665573082514e-06
3.206000000000000000e+03,1.092416157286099365e-01,4.000000000000000888e+00,3.981590895886188280e-03,5.771267153529420875e-07
3.207000000000000000e+03,1.092415908575862654e-01,4.000000000000000000e+00,3.979786182127037324e-03,3.149736544034600974e-06
3.208000000000000000e+03,1.092415661066701571e-01,4.000000000000000000e+00,3.978277257593047268e-03,5.260787440982212482e-06
3.209000000000000000e+03,1.092415414400464274e-01,4.000000000000000888e+00,3.976277823664481521e-03,5.261832475473545971e-06
3.210000000000000000e+03,1.092415168948872861e-01,3.999999999999999556e+00,3.974785633643974740e-03,3.251606729788340000e-06
3.211000000000000000e+03,1.092414924470870297e-01,3.999999999999999112e+00,3.972983556737785457e-03,3.081296748101850840e-07
3.212000000000000000e+03,1.092414681125027653e-01,4.000000000000000000e+00,3.971223433887136577e-03,2.527355568116238660e-06
3.213000000000000000e+03,1.092414438949505101e-01,4.000000000000000000e+00,3.969702675188061143e-03,4.089737350523175149e-06
3.214000000000000000e+03,1.092414197678027860e-01,4.000000000000000888e+00,3.967801047247662347e-03,4.068121793268191622e-06
3.215000000000000000e+03,1.092413957597853924e-01,4.000000000000000000e+00,3.966293694603119022e-03,2.518458887526387513e-06
3.216000000000000000e+03,1.092413718511370951e-01,3.999999999999999556e+00,3.964547305783107725e-03,2.814483169973708678e-07
3.217000000000000000e+03,1.092413480537004766e-01,4.000000000000000000e+00,3.962838572940083175e-03,1.904767505501286305e-06
3.218000000000000000e+03,1.092413243707633930e-01,3.999999999999999112e+00,3.961311885322916018e-03,3.128165456288065337e-06
3.219000000000000000e+03,1.092413007827928995e-01,4.000000000000000000e+00,3.959494857743103141e-03,3.177552710758151297e-06
3.220000000000000000e+03,1.092412773116911429e-01,4.000000000000000000e+00,3.957987486941758233e-03,2.044481932371508831e-06
3.221000000000000000e+03,1.092412539410544947e-01,4.000000000000000000e+00,3.956287231228288424e-03,3.675490813219763151e-07
3.222000000000000000e+03,1.092412306806516409e-01,4.000000000000000888e+00,3.954631757311416820e-03,1.337093128979866701e-06
3.223000000000000000e+03,1.092412075324857013e-01,3.999999999999999112e+00,3.953105582422102894e-03,2.344491023480078267e-06
3.224000000000000000e+03,1.092411844826022826e-01,4.000000000000001776e+00,3.951363185923667358e-03,2.497017771209741626e-06
3.225000000000000000e+03,1.092411615475141068e-01,4.000000000000001776e+00,3.949865560152086494e-03,1.721295672658942199e-06
3.226000000000000000e+03,1.092411387134891998e-01,4.000000000000000888e+00,3.948206729176325334e-03,4.915658524398669508e-07
3.227000000000000000e+03,1.092411159891385486e-01,4.000000000000000000e+00,3.946603716669704401e-03,8.456855853940202683e-07
3.228000000000000000e+03,1.092410933749288771e-01,4.000000000000000000e+00,3.945084024885076382e-03,1.702856449398053736e-06
3.229000000000000000e+03,1.092410708613578696e-01,3.999999999999999112e+00,3.943409031831981645e-03,1.956131759852029074e-06
3.230000000000000000e+03,1.092410484606550908e-01,4.000000000000000000e+00,3.941927092167745242e-03,1.476643540073321233e-06
3.231000000000000000e+03,1.092410261613310785e-01,4.000000000000000000e+00,3.940308014107268310e-03,6.079357767397940297e-07
3.232000000000000000e+03,1.092410039711952108e-01,4.000000000000000000e+00,3.938755246697263693e-03,4.372990100902929581e-07
3.233000000000000000e+03,1.092409818892356305e-01,3.999999999999999112e+00,3.937247292764066084e-03,1.173230990177941316e-06
3.234000000000000000e+03,1.092409599095207906e-01,3.999999999999999112e+00,3.935634491143963527e-03,1.506115793663976715e-06
3.235000000000000000e+03,1.092409380408104758e-01,3.999999999999999112e+00,3.934171613457845482e-03,1.264567248659341798e-06
3.236000000000000000e+03,1.092409162736246719e-01,3.999999999999999112e+00,3.932592450005834191e-03,6.899393947890437165e-07
3.237000000000000000e+03,1.092408946150247029e-01,4.000000000000000888e+00,3.931086942763574975e-03,1.221033647895026433e-07
3.238000000000000000e+03,1.092408730627590641e-01,4.000000000000000000e+00,3.929595368173232489e-03,7.350873216965966364e-07
3.239000000000000000e+03,1.092408516137319680e-01,3.999999999999999112e+00,3.928040827482651674e-03,1.116674865918301054e-06
3.240000000000000000e+03,1.092408302738349934e-01,4.000000000000000000e+00,3.926598812785605207e-03,1.058181955773668209e-06
3.241000000000000000e+03,1.092408090354898970e-01,4.000000000000000000e+00,3.925060738687881877e-03,7.229254475059278859e-07
3.242000000000000000e+03,1.092407879049096808e-01,4.000000000000000000e+00,3.923599070567669600e-03,1.561546458875961577e-07
3.243000000000000000e+03,1.092407668789489861e-01,4.000000000000000000e+00,3.922128133008540365e-03,3.781232567495956299e-07
3.244000000000000000e+03,1.092407459566902550e-01,4.000000000000000000e+00,3.920628557625305093e-03,7.726577544400817814e-07
3.245000000000000000e+03,1.092407251416330494e-01,3.999999999999999556e+00,3.919208401112958366e-03,8.450098528518031324e-07
3.246000000000000000e+03,1.092407044280443718e-01,4.000000000000000000e+00,3.917713007302334703e-03,7.007388027452369069e-07
3.247000000000000000e+03,1.092406838211273101e-01,4.000000000000000000e+00,3.916291538396904880e-03,3.141451298147306077e-07
3.248000000000000000e+03,1.092406633172501307e-01,4.000000000000000888e+00,3.914845312561824643e-03,1.088962752530712128e-07
3.249000000000000000e+03,1.092406429170535570e-01,4.000000000000000000e+00,3.913397529001595015e-03,4.710574434999447061e-07
3.250000000000000000e+03,1.092406226220660054e-01,3.999999999999999112e+00,3.912000030940682854e-03,6.241250414692463813e-07
3.251000000000000000e+03,1.092406024283275046e-01,4.000000000000000000e+00,3.910548830984706195e-03,6.245877435166543388e-07
3.252000000000000000e+03,1.092405823398737985e-01,3.999999999999999556e+00,3.909163920918222977e-03,3.975928020676244124e-07
3.253000000000000000e+03,1.092405623530162823e-01,4.000000000000000000e+00,3.907746393598923555e-03,1.322466347925628810e-07
3.254000000000000000e+03,1.092405424693564941e-01,3.999999999999999556e+00,3.906347001678488196e-03,2.191796504968063258e-07
3.255000000000000000e+03,1.092405226888716885e-01,4.000000000000000888e+00,3.904973232479211180e-03,4.042507669012668351e-07
3.256000000000000000e+03,1.092405030092303692e-01,3.999999999999999556e+00,3.903567227303701183e-03,5.031334023313816678e-07
3.257000000000000000e+03,1.092404834331989899e-01,4.000000000000000000e+00,3.902215516187537703e-03,4.069370142113478336e-07
3.258000000000000000e+03,1.092404639574371672e-01,4.000000000000000888e+00,3.900830518727655110e-03,2.519021133235367422e-07
3.259000000000000000e+03,1.092404445839448290e-01,4.000000000000000000e+00,3.899475744060098160e-03,6.148088690032099747e-08
3.260000000000000000e+03,1.092404253115948631e-01,3.999999999999999556e+00,3.898127347598187142e-03,2.027402533854402173e-07
3.261000000000000000e+03,1.092404061394326997e-01,4.000000000000000000e+00,3.896766650861677780e-03,3.526965968672323159e-07
3.262000000000000000e+03,1.092403870689503953e-01,3.999999999999999556e+00,3.895445406785056144e-03,3.526109689775858143e-07
3.263000000000000000e+03,1.092403680974808888e-01,4.000000000000000888e+00,3.894096373672086865e-03,3.001456613493931309e-07
3.264000000000000000e+03,1.092403492269266863e-01,4.000000000000000000e+00,3.892782147422337805e-03,1.375499246800665007e-07
3.265000000000000000e+03,1.092403304555290833e-01,4.000000000000000888e+00,3.891461436942530473e-03,6.357390243399325134e-08
3.266000000000000000e+03,1.092403117833501691e-01,3.999999999999999112e+00,3.890145021306939954e-03,1.971071309812281267e-07
3.267000000000000000e+03,1.092402932107248564e-01,4.000000000000000000e+00,3.888852496372160322e-03,2.534891439805344886e-07
3.268000000000000000e+03,1.092402747358477144e-01,4.000000000000000000e+00,3.887542084255698246e-03,2.806375550762361699e-07
3.269000000000000000e+03,1.092402563601394261e-01,4.000000000000001776e+00,3.886264355579033183e-03,1.958427263877301530e-07
3.270000000000000000e+03,1.092402380816755725e-01,4.000000000000000000e+00,3.884974152985484330e-03,1.152174508116138376e-07
3.271000000000000000e+03,1.092402199010972380e-01,4.000000000000000000e+00,3.883699802641701372e-03,7.465052168151784627e-08
3.272000000000000000e+03,1.092402018178285777e-01,3.999999999999999112e+00,3.882435493529662503e-03,1.378015665225589436e-07
3.273000000000000000e+03,1.092401838309356860e-01,4.000000000000000888e+00,3.881165157148028320e-03,2.111228346709871124e-07
3.274000000000000000e+03,1.092401659411297299e-01,4.000000000000000888e+00,3.879920380747537909e-03,1.919265475347377691e-07
3.275000000000000000e+03,1.092401481467172586e-01,4.000000000000000000e+00,3.878663591720640010e-03,1.675552827114956959e-07
3.276000000000000000e+03,1.092401304484694330e-01,4.000000000000000000e+00,3.877428141886933664e-03,8.108936656111564903e-08
3.277000000000000000e+03,1.092401128452482745e-01,4.000000000000000000e+00,3.876192818387559202e-03,5.932266281243024119e-08
3.278000000000000000e+03,1.092400953368195538e-01,4.000000000000000000e+00,3.874962498818303094e-03,1.208090598305000112e-07
3.279000000000000000e+03,1.092400779231423869e-01,4.000000000000000000e+00,3.873748166703087307e-03,1.408079125513138908e-07
3.280000000000000000e+03,1.092400606030096699e-01,4.000000000000000888e+00,3.872527160713883781e-03,1.647364716422372566e-07
3.281000000000000000e+03,1.092400433769464135e-01,4.000000000000000000e+00,3.871327040560488923e-03,1.186310983719990134e-07
3.282000000000000000e+03,1.092400262436400288e-01,4.000000000000000888e+00,3.870122436128816366e-03,9.039705438058439305e-08
3.283000000000000000e+03,1.092400092032473624e-01,3.999999999999998668e+00,3.868930537280948490e-03,5.930841763775611464e-08
3.284000000000000000e+03,1.092399922551159086e-01,4.000000000000000000e+00,3.867745550791467680e-03,7.607772133946055868e-08
3.285000000000000000e+03,1.092399753985862643e-01,3.999999999999998668e+00,3.866561523372516029e-03,1.205522967959853634e-07
3.286000000000000000e+03,1.092399586337108736e-01,4.000000000000000888e+00,3.865393502572997929e-03,1.124417253688082603e-07
3.287000000000000000e+03,1.092399419593373944e-01,3.999999999999999112e+00,3.864221657138101462e-03,1.161293981183876592e-07
3.288000000000000000e+03,1.092399253756602961e-01,4.000000000000000000e+00,3.863065434622889923e-03,7.406255694017083421e-08
3.289000000000000000e+03,1.092399088816891906e-01,4.000000000000000000e+00,3.861910102342359496e-03,6.123323367478788549e-08
3.290000000000000000e+03,1.092398924771781354e-01,4.000000000000000000e+00,3.860762675952896308e-03,6.913897776681670751e-08
3.291000000000000000e+03,1.092398761616767966e-01,4.000000000000000000e+00,3.859624578904550900e-03,7.703429208949840175e-08
3.292000000000000000e+03,1.092398599343800264e-01,4.000000000000000000e+00,3.858486987567311295e-03,1.026680095197819628e-07
3.293000000000000000e+03,1.092398437952369072e-01,3.999999999999999556e+00,3.857363324235359853e-03,8.523655175778945998e-08
3.294000000000000000e+03,1.092398277432263809e-01,4.000000000000000000e+00,3.856238867621981318e-03,8.477342979609584863e-08
3.295000000000000000e+03,1.092398117782568123e-01,3.999999999999999556e+00,3.855126174011416773e-03,5.872977847434182455e-08
3.296000000000000000e+03,1.092397958995234564e-01,4.000000000000000000e+00,3.854017245520453307e-03,5.640334148304177857e-08
3.297000000000000000e+03,1.092397801065617541e-01,3.999999999999998668e+00,3.852914129470881317e-03,6.997385599835913393e-08
3.298000000000000000e+03,1.092397643989507228e-01,4.000000000000001776e+00,3.851820459282490668e-03,6.965788639215101318e-08
3.299000000000000000e+03,1.092397487758650643e-01,3.999999999999999556e+00,3.850728122468556006e-03,8.505209662535643475e-08
3.300000000000000000e+03,1.092397332371002339e-01,4.000000000000000000e+00,3.849647445368367064e-03,6.865238881185179396e-08
3.301000000000000000e+03,1.092397177817425041e-01,3.999999999999999112e+00,3.848568120743703358e-03,6.930478113743143703e-08
3.302000000000000000e+03,1.092397024094977631e-01,3.999999999999999112e+00,3.847498187917271564e-03,5.580344999882309204e-08
3.303000000000000000e+03,1.092396871196370106e-01,4.000000000000000000e+00,3.846433159418747097e-03,5.564299049312085763e-08
3.304000000000000000e+03,1.092396719115880932e-01,3.999999999999999112e+00,3.845373278884752551e-03,6.578753350675116533e-08
3.305000000000000000e+03,1.092396567848805400e-01,4.000000000000000888e+00,3.844322042213777890e-03,6.245590571446853201e-08
3.306000000000000000e+03,1.092396417387063168e-01,4.000000000000000000e+00,3.843273135851409898e-03,7.272528461362533803e-08
3.307000000000000000e+03,1.092396267727182846e-01,4.000000000000000000e+00,3.842234034135264854e-03,6.063682698960220410e-08
3.308000000000000000e+03,1.092396118860650550e-01,4.000000000000000888e+00,3.841197527334439324e-03,6.260372399163663556e-08
3.309000000000000000e+03,1.092395970783186510e-01,4.000000000000001776e+00,3.840169053385464066e-03,5.506200634358081857e-08
3.310000000000000000e+03,1.092395823487596757e-01,3.999999999999999112e+00,3.839145663127636540e-03,5.496183424896343055e-08
3.311000000000000000e+03,1.092395676967634205e-01,4.000000000000000000e+00,3.838127355955476237e-03,6.107318787242742885e-08
3.312000000000000000e+03,1.092395531217831284e-01,4.000000000000000888e+00,3.837116642264503091e-03,5.769220505457755603e-08
3.313000000000000000e+03,1.092395386230313181e-01,3.999999999999999112e+00,3.836109060795780176e-03,6.501766829299630021e-08
3.314000000000000000e+03,1.092395242000416822e-01,4.000000000000000000e+00,3.835109860491876712e-03,5.694768888034492130e-08
3.315000000000000000e+03,1.092395098519912122e-01,4.000000000000000000e+00,3.834113877980866066e-03,5.954558244089011371e-08
3.316000000000000000e+03,1.092394955783602684e-01,4.000000000000000888e+00,3.833125114746646373e-03,5.440383579666504525e-08
3.317000000000000000e+03,1.092394813784069024e-01,3.999999999999999112e+00,3.832141167954732867e-03,5.448390933257946059e-08
3.318000000000000000e+03,1.092394672514778176e-01,3.999999999999999112e+00,3.831162414793260005e-03,5.738116005526937708e-08
3.319000000000000000e+03,1.092394531969459320e-01,4.000000000000000000e+00,3.830190206843612794e-03,5.497581524519856751e-08
3.320000000000000000e+03,1.092394392140383363e-01,4.000000000000000888e+00,3.829221700433410331e-03,6.012578582406295508e-08
3.321000000000000000e+03,1.092394253021904682e-01,4.000000000000000000e+00,3.828260433970346200e-03,5.498146538668881164e-08
3.322000000000000000e+03,1.092394114605879096e-01,4.000000000000000000e+00,3.827302668534046139e-03,5.776137376842001793e-08
3.323000000000000000e+03,1.092393976886416596e-01,3.999999999999999556e+00,3.826351531228349909e-03,5.376317621914088293e-08
3.324000000000000000e+03,1.092393839855767546e-01,3.999999999999998668e+00,3.825404788179232081e-03,5.429623248661611341e-08
3.325000000000000000e+03,1.092393703507183178e-01,3.999999999999999112e+00,3.824463330233889447e-03,5.487498076951842804e-08
3.326000000000000000e+03,1.092393567833654100e-01,4.000000000000000888e+00,3.823527444653751928e-03,5.355864626679906275e-08
3.327000000000000000e+03,1.092393432827533095e-01,4.000000000000000000e+00,3.822595649406313259e-03,5.677030616782374599e-08
3.328000000000000000e+03,1.092393298482328134e-01,4.000000000000000000e+00,3.821670091944223604e-03,5.367269544637518532e-08
3.329000000000000000e+03,1.092393164789915994e-01,3.999999999999999556e+00,3.820748176150576443e-03,5.627346440571997992e-08
3.330000000000000000e+03,1.092393031743795900e-01,4.000000000000000888e+00,3.819832322402653621e-03,5.316069373320674085e-08
3.331000000000000000e+03,1.092392899335917211e-01,4.000000000000000000e+00,3.818920450037263919e-03,5.419265569333688683e-08
3.332000000000000000e+03,1.092392767559300371e-01,4.000000000000000000e+00,3.818013836453278478e-03,5.332267425223244465e-08
3.333000000000000000e+03,1.092392636406305378e-01,3.999999999999999112e+00,3.817111929019069341e-03,5.293822127767985469e-08
3.334000000000000000e+03,1.092392505869307917e-01,4.000000000000000888e+00,3.816214356814786116e-03,5.436119210965102347e-08
3.335000000000000000e+03,1.092392375941079602e-01,3.999999999999999112e+00,3.815322079295606437e-03,5.272108834773845870e-08
3.336000000000000000e+03,1.092392246613509560e-01,4.000000000000000888e+00,3.814433549504007287e-03,5.472335887897065676e-08
3.337000000000000000e+03,1.092392117879513735e-01,4.000000000000000000e+00,3.813550433782625457e-03,5.253463828840373755e-08
3.338000000000000000e+03,1.092391989730829155e-01,4.000000000000000000e+00,3.812670992143632216e-03,5.385903631896617551e-08
3.339000000000000000e+03,1.092391862160183857e-01,4.000000000000000000e+00,3.811796597150399982e-03,5.239204240717763528e-08
3.340000000000000000e+03,1.092391735159457256e-01,4.000000000000000000e+00,3.810926192923801137e-03,5.272878681382521890e-08
3.341000000000000000e+03,1.092391608720978541e-01,4.000000000000000000e+00,3.810060209994156708e-03,5.271439460076959706e-08
3.342000000000000000e+03,1.092391482836889138e-01,4.000000000000000000e+00,3.809198636281874162e-03,5.212583094054934031e-08
3.343000000000000000e+03,1.092391357499106624e-01,4.000000000000000000e+00,3.808340901907497373e-03,5.315087675223066808e-08
3.344000000000000000e+03,1.092391232699965881e-01,4.000000000000000000e+00,3.807487825108830243e-03,5.189933225151935997e-08
3.345000000000000000e+03,1.092391108431115809e-01,3.999999999999999556e+00,3.806638259791259027e-03,5.308126587081540804e-08
3.346000000000000000e+03,1.092390984684904615e-01,4.000000000000001776e+00,3.805793300033190156e-03,5.173629307882477186e-08
3.347000000000000000e+03,1.092390861452914447e-01,4.000000000000000000e+00,3.804951822303234612e-03,5.249166033403465108e-08
3.348000000000000000e+03,1.092390738727326005e-01,3.999999999999999112e+00,3.804114633429288121e-03,5.168950067269045965e-08
3.349000000000000000e+03,1.092390616499806788e-01,4.000000000000000000e+00,3.803281095508966123e-03,5.183469059805531616e-08
3.350000000000000000e+03,1.092390494762269237e-01,3.999999999999999112e+00,3.802451408446266921e-03,5.183204856787935535e-08
3.351000000000000000e+03,1.092390373506524487e-01,3.999999999999999556e+00,3.801625576447171563e-03,5.140710736077746060e-08
3.352000000000000000e+03,1.092390252724218802e-01,4.000000000000000000e+00,3.800803196974268227e-03,5.197099032297264313e-08
3.353000000000000000e+03,1.092390132407263376e-01,3.999999999999999556e+00,3.799984771926203254e-03,5.117008149163016184e-08
3.354000000000000000e+03,1.092390012547125450e-01,4.000000000000000000e+00,3.799169546621360832e-03,5.187117091944065513e-08
3.355000000000000000e+03,1.092389893135714829e-01,4.000000000000000000e+00,3.798358205971484169e-03,5.101494323816701903e-08
3.356000000000000000e+03,1.092389774164435057e-01,3.999999999999999556e+00,3.797549979603942558e-03,5.152395935143344257e-08
3.357000000000000000e+03,1.092389655625092409e-01,4.000000000000001776e+00,3.796745416334705234e-03,5.093211044948401999e-08
3.358000000000000000e+03,1.092389537509120129e-01,4.000000000000000000e+00,3.795944000456638080e-03,5.110077636393619284e-08
3.359000000000000000e+03,1.092389419808161288e-01,3.999999999999998668e+00,3.795145944960521926e-03,5.092922443456860343e-08
3.360000000000000000e+03,1.092389302513715743e-01,4.000000000000000000e+00,3.794351106842609907e-03,5.074940664747474144e-08
3.361000000000000000e+03,1.092389185617257952e-01,4.000000000000000000e+00,3.793559328143686436e-03,5.094044186567583454e-08
3.362000000000000000e+03,1.092389069110349387e-01,4.000000000000000000e+00,3.792770798362377939e-03,5.050090178445062096e-08
3.363000000000000000e+03,1.092388952984329475e-01,4.000000000000000000e+00,3.791985090342992089e-03,5.087057696562836935e-08
3.364000000000000000e+03,1.092388837230777454e-01,4.000000000000000000e+00,3.791202580754891686e-03,5.032386858435581992e-08
3.365000000000000000e+03,1.092388721840957810e-01,3.999999999999998668e+00,3.790422742899152674e-03,5.068307211539121344e-08
3.366000000000000000e+03,1.092388606806412588e-01,4.000000000000000000e+00,3.789645965508588784e-03,5.019503036133733687e-08
3.367000000000000000e+03,1.092388492118390453e-01,4.000000000000000000e+00,3.788871786610705904e-03,5.041760629943339497e-08
3.368000000000000000e+03,1.092388377768356567e-01,4.000000000000000888e+00,3.788100466598692817e-03,5.010697712305660502e-08
3.369000000000000000e+03,1.092388263747580968e-01,4.000000000000000888e+00,3.787331716097179068e-03,5.014085205741076614e-08
3.370000000000000000e+03,1.092388150047432366e-01,4.000000000000000888e+00,3.786565596506581959e-03,5.004376136961984782e-08
3.371000000000000000e+03,1.092388036659217160e-01,4.000000000000000000e+00,3.785802023964202588e-03,4.989719182853545968e-08
3.372000000000000000e+03,1.092387923574212327e-01,4.000000000000001776e+00,3.785040863168661913e-03,4.997444427606017120e-08
3.373000000000000000e+03,1.092387810783756880e-01,3.999999999999998668e+00,3.784282203539130786e-03,4.969764165264018365e-08
3.374000000000000000e+03,1.092387698279054659e-01,4.000000000000000000e+00,3.783525768612968666e-03,4.987045279674636245e-08
3.375000000000000000e+03,1.092387586051457998e-01,3.999999999999999556e+00,3.782771749880788851e-03,4.953551769981491779e-08
3.376000000000000000e+03,1.092387474092133826e-01,4.000000000000000000e+00,3.782019809209191154e-03,4.972271490521251972e-08
3.377000000000000000e+03,1.092387362392419903e-01,3.999999999999999112e+00,3.781270159421427652e-03,4.940198485973650532e-08
3.378000000000000000e+03,1.092387250943473720e-01,4.000000000000000000e+00,3.780522476967646071e-03,4.954251462862204047e-08
3.379000000000000000e+03,1.092387139736606672e-01,4.000000000000000000e+00,3.779776928901652528e-03,4.929010442244568506e-08
3.380000000000000000e+03,1.092387028762987489e-01,4.000000000000000000e+00,3.779033261216149190e-03,4.935023013139890660e-08
3.381000000000000000e+03,1.092386918013889402e-01,4.000000000000000000e+00,3.778291554232053508e-03,4.919244886177434991e-08
3.382000000000000000e+03,1.092386807480505845e-01,4.000000000000000000e+00,3.777551650112539409e-03,4.916358331582741667e-08
3.383000000000000000e+03,1.092386697154073688e-01,4.000000000000000000e+00,3.776813529693077119e-03,4.909990120946952845e-08
3.384000000000000000e+03,1.092386587025816203e-01,3.999999999999998668e+00,3.776077131706224131e-03,4.899240763425551169e-08
3.385000000000000000e+03,1.092386477086938201e-01,4.000000000000000000e+00,3.775342347636742851e-03,4.900367689930754842e-08
3.386000000000000000e+03,1.092386367328691821e-01,4.000000000000000000e+00,3.774609194505666732e-03,4.883950193623178564e-08
3.387000000000000000e+03,1.092386257742267164e-01,3.999999999999999556e+00,3.773877498645073717e-03,4.889823257520161183e-08
3.388000000000000000e+03,1.092386148318935518e-01,3.999999999999998668e+00,3.773147327653365510e-03,4.870372241130466194e-08
3.389000000000000000e+03,1.092386039049884350e-01,3.999999999999998668e+00,3.772418471997399103e-03,4.878252368203378551e-08
3.390000000000000000e+03,1.092385929926402433e-01,4.000000000000000888e+00,3.771691020878284537e-03,4.858253658909359734e-08
3.391000000000000000e+03,1.092385820939689722e-01,4.000000000000000000e+00,3.770964756278850222e-03,4.865918270096908791e-08
3.392000000000000000e+03,1.092385712081047761e-01,3.999999999999999112e+00,3.770239764386132397e-03,4.847323775639506785e-08
3.393000000000000000e+03,1.092385603341695516e-01,3.999999999999999112e+00,3.769515839986756559e-03,4.853262448808136925e-08
3.394000000000000000e+03,1.092385494712949101e-01,3.999999999999999556e+00,3.768793048793948365e-03,4.837328734360746606e-08
3.395000000000000000e+03,1.092385386186058432e-01,3.999999999999998224e+00,3.768071212059368770e-03,4.840728682261274565e-08
3.396000000000000000e+03,1.092385277752350864e-01,4.000000000000000000e+00,3.767350365164302481e-03,4.828044902104191346e-08
3.397000000000000000e+03,1.092385169403114059e-01,4.000000000000000000e+00,3.766630362296483590e-03,4.828660412021133313e-08
3.398000000000000000e+03,1.092385061129694107e-01,4.000000000000000888e+00,3.765911205145623837e-03,4.819292723843835194e-08
3.399000000000000000e+03,1.092384952923418084e-01,3.999999999999999112e+00,3.765192781678036640e-03,4.817272697386380543e-08
3.400000000000000000e+03,1.092384844775653174e-01,4.000000000000001776e+00,3.764475061198376427e-03,4.810949747625819816e-08
3.401000000000000000e+03,1.092384736677772944e-01,3.999999999999999556e+00,3.763757962612140125e-03,4.806670190252242324e-08
3.402000000000000000e+03,1.092384628621171083e-01,4.000000000000000888e+00,3.763041426875919550e-03,4.802957023859790100e-08
3.403000000000000000e+03,1.092384520597267789e-01,3.999999999999999556e+00,3.762325399140987146e-03,4.796880000497210329e-08
3.404000000000000000e+03,1.092384412597491861e-01,4.000000000000000000e+00,3.761609797129334288e-03,4.795312313923843453e-08
3.405000000000000000e+03,1.092384304613311513e-01,4.000000000000000000e+00,3.760894587131179481e-03,4.787883754092539039e-08
3.406000000000000000e+03,1.092384196636198013e-01,3.999999999999999556e+00,3.760179668615857337e-03,4.788055621970941564e-08
3.407000000000000000e+03,1.092384088657669949e-01,3.999999999999999112e+00,3.759465024467369132e-03,4.779641494052638554e-08
3.408000000000000000e+03,1.092383980669242582e-01,4.000000000000000000e+00,3.758750539994863867e-03,4.781253420495771011e-08
3.409000000000000000e+03,1.092383872662492927e-01,4.000000000000000000e+00,3.758036211256940515e-03,4.772104856366288865e-08
3.410000000000000000e+03,1.092383764628985926e-01,4.000000000000000000e+00,3.757321912206880443e-03,4.774985784991638455e-08
3.411000000000000000e+03,1.092383656560358268e-01,3.999999999999999112e+00,3.756607650048739578e-03,4.765224870001794685e-08
3.412000000000000000e+03,1.092383548448228880e-01,3.999999999999999556e+00,3.755893288735184365e-03,4.769338231034718582e-08
3.413000000000000000e+03,1.092383440284298013e-01,3.999999999999999112e+00,3.755178846065438270e-03,4.758954258596031748e-08
3.414000000000000000e+03,1.092383332060244544e-01,3.999999999999999556e+00,3.754464175850083952e-03,4.764400685058932254e-08
3.415000000000000000e+03,1.092383223767835476e-01,4.000000000000000888e+00,3.753749307446581016e-03,4.753245114469278183e-08
3.416000000000000000e+03,1.092383115398814913e-01,3.999999999999999112e+00,3.753034082838920329e-03,4.760271665121091566e-08
3.417000000000000000e+03,1.092383006945020912e-01,4.000000000000000000e+00,3.752318545500116578e-03,4.748046169328186630e-08
3.418000000000000000e+03,1.092382898398262248e-01,4.000000000000000888e+00,3.751602522223333302e-03,4.757068099041264963e-08
3.419000000000000000e+03,1.092382789750457883e-01,4.000000000000000888e+00,3.750886074962146016e-03,4.743297359647583686e-08
3.420000000000000000e+03,1.092382680993483346e-01,4.000000000000000000e+00,3.750169009961664118e-03,4.754943517816005375e-08
3.421000000000000000e+03,1.092382572119342810e-01,3.999999999999999112e+00,3.749451414266690395e-03,4.738924277756775482e-08
3.422000000000000000e+03,1.092382463119981606e-01,3.999999999999998224e+00,3.748733065634141538e-03,4.754117816126741595e-08
3.423000000000000000e+03,1.092382353987493143e-01,3.999999999999999556e+00,3.748014085830223170e-03,4.734835511947066751e-08
3.424000000000000000e+03,1.092382244713895056e-01,4.000000000000000000e+00,3.747294212602463818e-03,4.754928859653295567e-08
3.425000000000000000e+03,1.092382135291381229e-01,4.000000000000000888e+00,3.746573616360641783e-03,4.730928375567739113e-08
3.426000000000000000e+03,1.092382025712037574e-01,3.999999999999999556e+00,3.745851978131111391e-03,4.757926336434627229e-08
3.427000000000000000e+03,1.092381915968166917e-01,4.000000000000000000e+00,3.745129537208334927e-03,4.727119781048204638e-08
3.428000000000000000e+03,1.092381806051921089e-01,3.999999999999999556e+00,3.744405893447747772e-03,4.764050254402221948e-08
3.429000000000000000e+03,1.092381695955725734e-01,3.999999999999999556e+00,3.743681384787078074e-03,4.723444571769550702e-08
3.430000000000000000e+03,1.092381585671790278e-01,3.999999999999999112e+00,3.742955493705553936e-03,4.774985693282295333e-08
3.431000000000000000e+03,1.092381475192681084e-01,4.000000000000000000e+00,3.742228701112352857e-03,4.720327026668792897e-08
3.432000000000000000e+03,1.092381364510652542e-01,4.000000000000000000e+00,3.741500317786133380e-03,4.793898718351759834e-08
3.433000000000000000e+03,1.092381253618436299e-01,3.999999999999999556e+00,3.740771034537565889e-03,4.719292660568746648e-08
3.434000000000000000e+03,1.092381142508307146e-01,4.000000000000000888e+00,3.740039907837681889e-03,4.827015788180346630e-08
3.435000000000000000e+03,1.092381031173199901e-01,4.000000000000000888e+00,3.739307940823592951e-03,4.724794687592990303e-08
3.436000000000000000e+03,1.092380919605376172e-01,4.000000000000001776e+00,3.738573808371493685e-03,4.887103569022607471e-08
3.437000000000000000e+03,1.092380807798020992e-01,4.000000000000000888e+00,3.737838984774585500e-03,4.748841234230094999e-08
3.438000000000000000e+03,1.092380695743328661e-01,4.000000000000000000e+00,3.737101564610040196e-03,5.001207768784375178e-08
3.439000000000000000e+03,1.092380583434814367e-01,4.000000000000000888e+00,3.736363742842929454e-03,4.822477855923082420e-08
3.440000000000000000e+03,1.092380470864511011e-01,4.000000000000000000e+00,3.735622719554172830e-03,5.227484618976129455e-08
3.441000000000000000e+03,1.092380358026390219e-01,3.999999999999999556e+00,3.734881807407639670e-03,5.022709842803335144e-08
3.442000000000000000e+03,1.092380244912171672e-01,4.000000000000000888e+00,3.734136808835683205e-03,5.688907372659454431e-08
3.443000000000000000e+03,1.092380131516483555e-01,4.000000000000000000e+00,3.733392793969309009e-03,5.526890232585242203e-08
3.444000000000000000e+03,1.092380017830486966e-01,4.000000000000000000e+00,3.732643351696995643e-03,6.629268422703700582e-08
3.445000000000000000e+03,1.092379903849787642e-01,4.000000000000000000e+00,3.731896353475427919e-03,6.690793789333150585e-08
3.446000000000000000e+03,1.092379789564582176e-01,4.000000000000000000e+00,3.731141835132483018e-03,8.481630965969134091e-08
3.447000000000000000e+03,1.092379674971983572e-01,4.000000000000001776e+00,3.730392193760524028e-03,9.108265550931512913e-08
3.448000000000000000e+03,1.092379560060550564e-01,4.000000000000000000e+00,3.729631685829907801e-03,1.194183405708337212e-07
3.449000000000000000e+03,1.092379444829785773e-01,3.999999999999998668e+00,3.728880117335821136e-03,1.366898504399988880e-07
3.450000000000000000e+03,1.092379329265471960e-01,4.000000000000001776e+00,3.728112220129815423e-03,1.811346491168146952e-07
3.451000000000000000e+03,1.092379213370994473e-01,4.000000000000000000e+00,3.727360088795506846e-03,2.177934492160743306e-07
3.452000000000000000e+03,1.092379097127433307e-01,4.000000000000000000e+00,3.726582553985349332e-03,2.884843405763104906e-07
3.453000000000000000e+03,1.092378980544601169e-01,4.000000000000000000e+00,3.725832356400205891e-03,3.586659499619396806e-07
3.454000000000000000e+03,1.092378863595565852e-01,3.999999999999998668e+00,3.725041439420660565e-03,4.739878282513015270e-07
3.455000000000000000e+03,1.092378746300990688e-01,3.999999999999999556e+00,3.724297673740324058e-03,6.026363364354204084e-07
3.456000000000000000e+03,1.092378628620184478e-01,3.999999999999999556e+00,3.723486964619769288e-03,7.958493357103929729e-07
3.457000000000000000e+03,1.092378510592449115e-01,3.999999999999999112e+00,3.722757708100802535e-03,1.027823942227074664e-06
3.458000000000000000e+03,1.092378392153286748e-01,3.999999999999999112e+00,3.721915998580764204e-03,1.359301839542998785e-06
3.459000000000000000e+03,1.092378273374559061e-01,4.000000000000000888e+00,3.721215800576568953e-03,1.776201130067353207e-06
3.460000000000000000e+03,1.092378154150316499e-01,4.000000000000000000e+00,3.720323152836353155e-03,2.356407904403478092e-06
3.461000000000000000e+03,1.092378034610367865e-01,4.000000000000000000e+00,3.719678395561709389e-03,3.108194879290853225e-06
3.462000000000000000e+03,1.092377914576341535e-01,4.000000000000000000e+00,3.718698821853685683e-03,4.141216182874130261e-06
3.463000000000000000e+03,1.092377794283518055e-01,4.000000000000000000e+00,3.718157757202025186e-03,5.506355176752326563e-06
3.464000000000000000e+03,1.092377673427531726e-01,4.000000000000000888e+00,3.717025450793880626e-03,7.373131764604542874e-06
3.465000000000000000e+03,1.092377552441501087e-01,4.000000000000000000e+00,3.716677187104397342e-03,9.874094340860817824e-06
3.466000000000000000e+03,1.092377430806356770e-01,3.999999999999999556e+00,3.715270366849678790e-03,1.329308118432038786e-05
3.467000000000000000e+03,1.092377309342939945e-01,4.000000000000000000e+00,3.715281161068185230e-03,1.792035297892950673e-05
3.468000000000000000e+03,1.092377187187980880e-01,4.000000000000001776e+00,3.713371910343440854e-03,2.426058216749941366e-05
3.469000000000000000e+03,1.092377065973666461e-01,4.000000000000000000e+00,3.714055272352723668e-03,3.291120303758625267e-05
3.470000000000000000e+03,1.092376944379236936e-01,4.000000000000001776e+00,3.711212473498191802e-03,4.480796534167704424e-05
3.471000000000000000e+03,1.092376825901233833e-01,3.999999999999998668e+00,3.713166055133357898e-03,6.115172271509353836e-05
3.472000000000000000e+03,1.092376709032211179e-01,4.000000000000000888e+00,3.708566097040016593e-03,8.372746412420889353e-05
3.473000000000000000e+03,1.092376602091950227e-01,3.999999999999999112e+00,3.712941985589903078e-03,1.149301606472626628e-04
3.474000000000000000e+03,1.092376505750059512e-01,4.000000000000000000e+00,3.704997783079404076e-03,1.582282237800759078e-04
3.475000000000000000e+03,1.092376442467229425e-01,4.000000000000000888e+00,3.714042078246301663e-03,2.183853315501624369e-04
3.476000000000000000e+03,1.092376426713665832e-01,4.000000000000000888e+00,3.699677767940536856e-03,3.021948014256960842e-04
3.477000000000000000e+03,1.092376526911236490e-01,4.000000000000000000e+00,3.717815273922883690e-03,4.190435314043172710e-04
3.478000000000000000e+03,1.092376820166911233e-01,4.000000000000000000e+00,3.691082130796131781e-03,5.820310085467677837e-04
3.479000000000000000e+03,1.092377531156494552e-01,4.000000000000000000e+00,3.727064199039570834e-03,8.087749701977855598e-04
3.480000000000000000e+03,1.092378975601561997e-01,4.000000000000000000e+00,3.676748858893449066e-03,1.122068600171905817e-03
3.481000000000000000e+03,1.092381852134534231e-01,4.000000000000000888e+00,3.747393630964206135e-03,1.547901232811031485e-03
3.482000000000000000e+03,1.092387058156411711e-01,3.999999999999999112e+00,3.654419746976677024e-03,2.107056515809422898e-03
3.483000000000000000e+03,1.092395744533835866e-01,3.999999999999999112e+00,3.786440085780490641e-03,2.789929653481426110e-03
3.484000000000000000e+03,1.092407342121219510e-01,4.000000000000000000e+00,3.628948736573497837e-03,3.503053803826123181e-03
3.485000000000000000e+03,1.092417018785543925e-01,4.000000000000000000e+00,3.828752224127597928e-03,3.998030000732222082e-03
3.486000000000000000e+03,1.092414413422840014e-01,4.000000000000000888e+00,3.621898790122931623e-03,3.881659097698252243e-03
3.487000000000000000e+03,1.092396201301725628e-01,4.000000000000000000e+00,3.785297378656746550e-03,2.855874136600776263e-03
3.488000000000000000e+03,1.092377599449215475e-01,4.000000000000001776e+00,3.671144367032143276e-03,1.064180926838310384e-03
3.489000000000000000e+03,1.092376635066564655e-01,4.000000000000000000e+00,3.673980359233248050e-03,9.027591352821017585e-04
3.490000000000000000e+03,1.092389075151965899e-01,4.000000000000000000e+00,3.765905847959307752e-03,2.365243644328092129e-03
3.491000000000000000e+03,1.092395218417207686e-01,3.999999999999999556e+00,3.633478475757537414e-03,2.829086241533180796e-03
3.492000000000000000e+03,1.092386056952904527e-01,4.000000000000000000e+00,3.756435658762741648e-03,2.132398844153579696e-03
3.493000000000000000e+03,1.092374914783471179e-01,4.000000000000000888e+00,3.677540155841482056e-03,6.024838215680797466e-04
3.494000000000000000e+03,1.092376651552247335e-01,4.000000000000000000e+00,3.666402638955732103e-03,1.038135436783187019e-03
3.495000000000000000e+03,1.092384813006087446e-01,3.999999999999999556e+00,3.751257105552080993e-03,2.056274204667050531e-03
3.496000000000000000e+03,1.092384444574653057e-01,3.999999999999999112e+00,3.643407272663079163e-03,2.038213019390147131e-03
3.497000000000000000e+03,1.092376381412495101e-01,4.000000000000001776e+00,3.718564981145988831e-03,1.059928161324690931e-03
3.498000000000000000e+03,1.092373579496065394e-01,4.000000000000000000e+00,3.697055255418642272e-03,3.331614022264750043e-04
3.499000000000000000e+03,1.092378466033925022e-01,4.000000000000000000e+00,3.653256676559538119e-03,1.425334682417622950e-03
3.500000000000000000e+03,1.092380676897663494e-01,4.000000000000000888e+00,3.735535786515537492e-03,1.707532127659280169e-03
3.501000000000000000e+03,1.092376068069898787e-01,4.000000000000000000e+00,3.658453044769869548e-03,1.105815884868072054e-03
3.502000000000000000e+03,1.092372729215806693e-01,4.000000000000000888e+00,3.684505192051981768e-03,1.293002778959225071e-06
3.503000000000000000e+03,1.092375190809524721e-01,3.999999999999998668e+00,3.711071981746860704e-03,9.939227158017927867e-04
3.504000000000000000e+03,1.092377432099013862e-01,4.000000000000000000e+00,3.649581440621158315e-03,1.379846472021689857e-03
3.505000000000000000e+03,1.092375006063358855e-01,4.000000000000000000e+00,3.709732283263009710e-03,1.012432735597825449e-03
3.506000000000000000e+03,1.092372223499273320e-01,3.999999999999999556e+00,3.676752209957253985e-03,1.524091649569797135e-04
3.507000000000000000e+03,1.092373307976904490e-01,4.000000000000000888e+00,3.662187802956364067e-03,7.019293170077533887e-04
3.508000000000000000e+03,1.092375080962161016e-01,3.999999999999998224e+00,3.709538833139138046e-03,1.102892987305358194e-03
3.509000000000000000e+03,1.092373771715789976e-01,4.000000000000000000e+00,3.655999008346431673e-03,8.828811621572792145e-04
3.510000000000000000e+03,1.092371715816741473e-01,4.000000000000000000e+00,3.682619880199168583e-03,2.173503336898077981e-04
3.511000000000000000e+03,1.092372097909709017e-01,3.999999999999998668e+00,3.689277574702642601e-03,4.971022633756539940e-04
3.512000000000000000e+03,1.092373310300279177e-01,4.000000000000000000e+00,3.653223800532193633e-03,8.771556985711451713e-04
3.513000000000000000e+03,1.092372652710368736e-01,3.999999999999999112e+00,3.694552934979091798e-03,7.541350887841288819e-04
3.514000000000000000e+03,1.092371158257525315e-01,3.999999999999999112e+00,3.666708735001891675e-03,2.425900601304458901e-04
3.515000000000000000e+03,1.092371171528902785e-01,4.000000000000000000e+00,3.663092096212460912e-03,3.469821429826236447e-04
3.516000000000000000e+03,1.092371980404487214e-01,3.999999999999999112e+00,3.689872431282550762e-03,6.937232877944146409e-04
3.517000000000000000e+03,1.092371624719081086e-01,4.000000000000000888e+00,3.653955605657488968e-03,6.380389719264515985e-04
3.518000000000000000e+03,1.092370578662466701e-01,4.000000000000000888e+00,3.675596542480556728e-03,2.493600257542644551e-04
3.519000000000000000e+03,1.092370407706001467e-01,3.999999999999999112e+00,3.674144168825104785e-03,2.327666796011944935e-04
3.520000000000000000e+03,1.092370884158163080e-01,3.999999999999999556e+00,3.653225346045993471e-03,5.438172314353163740e-04
3.521000000000000000e+03,1.092370723088265522e-01,3.999999999999999112e+00,3.680435430193112166e-03,5.366753050964252498e-04
3.522000000000000000e+03,1.092369968494672217e-01,4.000000000000000000e+00,3.658571269845862887e-03,2.470986124932511162e-04
3.523000000000000000e+03,1.092369711454585640e-01,4.000000000000000000e+00,3.660182644547463251e-03,1.438536540533089558e-04
3.524000000000000000e+03,1.092369973231210878e-01,4.000000000000000888e+00,3.674146324146102850e-03,4.202646970090324679e-04
3.525000000000000000e+03,1.092369876971156228e-01,4.000000000000000000e+00,3.650442469720256017e-03,4.488292067959381024e-04
3.526000000000000000e+03,1.092369351429096080e-01,4.000000000000000000e+00,3.667165684494658445e-03,2.395793508157722021e-04
3.527000000000000000e+03,1.092369059038571788e-01,4.000000000000000000e+00,3.661712917274407599e-03,7.395619127139883343e-05
3.528000000000000000e+03,1.092369151023526302e-01,4.000000000000000888e+00,3.650583385538750877e-03,3.177865387163814233e-04
3.529000000000000000e+03,1.092369100280054101e-01,4.000000000000000000e+00,3.667623674728666232e-03,3.722028190353526941e-04
3.530000000000000000e+03,1.092368711549805832e-01,3.999999999999998668e+00,3.650739080239125741e-03,2.282887991406196387e-04
3.531000000000000000e+03,1.092368420822089486e-01,4.000000000000000000e+00,3.655056004101498932e-03,1.938516839742511900e-05
3.532000000000000000e+03,1.092368406373200596e-01,4.000000000000000000e+00,3.660656599973691801e-03,2.323773684478255819e-04
3.533000000000000000e+03,1.092368345298485588e-01,3.999999999999999112e+00,3.645616287516357471e-03,3.047305678748600554e-04
3.534000000000000000e+03,1.092368067438154178e-01,3.999999999999998668e+00,3.658011062146383167e-03,2.135986756431878652e-04
3.535000000000000000e+03,1.092367787490809705e-01,4.000000000000000000e+00,3.650696267987196385e-03,2.234564282612533812e-05
3.536000000000000000e+03,1.092367693308031046e-01,4.000000000000000888e+00,3.646024688767759720e-03,1.612947817592849697e-04
3.537000000000000000e+03,1.092367625369243950e-01,4.000000000000000000e+00,3.655598319185428009e-03,2.446481886026030238e-04
3.538000000000000000e+03,1.092367403701262341e-01,4.000000000000000000e+00,3.642966232417637739e-03,1.957686575984977635e-04
3.539000000000000000e+03,1.092367151059459029e-01,4.000000000000000000e+00,3.648307714006206962e-03,5.281108924096469500e-05
3.540000000000000000e+03,1.092367009460597227e-01,3.999999999999999112e+00,3.648517217767144154e-03,1.024811830920632630e-04
3.541000000000000000e+03,1.092366911978716465e-01,3.999999999999999112e+00,3.639789620557977445e-03,1.909013011630997692e-04
3.542000000000000000e+03,1.092366736564656104e-01,4.000000000000000000e+00,3.648227850847583342e-03,1.749513583622114732e-04
3.543000000000000000e+03,1.092366503985340298e-01,4.000000000000000888e+00,3.640587109000639927e-03,7.334310930677355846e-05
3.544000000000000000e+03,1.092366333241313325e-01,4.000000000000000888e+00,3.639952717240223928e-03,5.465702059526031501e-05
3.545000000000000000e+03,1.092366215471633761e-01,4.000000000000000888e+00,3.644014761269612126e-03,1.427921776172200966e-04
3.546000000000000000e+03,1.092366053781420321e-01,4.000000000000000000e+00,3.635200241849948378e-03,1.516533020005424322e-04
3.547000000000000000e+03,1.092365848101570364e-01,4.000000000000000888e+00,3.640221601278029011e-03,8.492817172254210785e-05
3.548000000000000000e+03,1.092365662259444786e-01,4.000000000000000000e+00,3.637293858609808896e-03,1.679696116581101787e-05
3.549000000000000000e+03,1.092365519219976044e-01,3.999999999999999112e+00,3.633111978470826564e-03,1.002167911257960896e-04
3.550000000000000000e+03,1.092365368713732049e-01,3.999999999999999556e+00,3.637894933887933589e-03,1.264526742354495233e-04
3.551000000000000000e+03,1.092365176650472308e-01,3.999999999999999112e+00,3.631112603247189756e-03,8.868967191540651023e-05
3.552000000000000000e+03,1.092364987942732735e-01,4.000000000000000000e+00,3.632566867002253678e-03,1.171613823596735677e-05
3.553000000000000000e+03,1.092364828599157456e-01,4.000000000000000888e+00,3.632757760168528298e-03,6.321112252786109578e-05
3.554000000000000000e+03,1.092364672537657344e-01,4.000000000000000000e+00,3.627332810047574629e-03,1.003298151797773260e-04
3.555000000000000000e+03,1.092364495984169959e-01,4.000000000000000000e+00,3.631015587618562773e-03,8.565515096719849197e-05
3.556000000000000000e+03,1.092364306611826180e-01,4.000000000000000000e+00,3.626770502940918593e-03,3.158927146817021417e-05
3.557000000000000000e+03,1.092364134476577209e-01,3.999999999999999112e+00,3.625577727931284314e-03,3.215825692105677574e-05
3.558000000000000000e+03,1.092363974400079457e-01,4.000000000000000888e+00,3.627181133595922240e-03,7.428060364061114319e-05
3.559000000000000000e+03,1.092363800799046186e-01,3.999999999999999112e+00,3.622041017948195770e-03,7.716622660632756041e-05
3.560000000000000000e+03,1.092363617273041931e-01,4.000000000000000000e+00,3.623990576203239312e-03,4.341313781685634209e-05
3.561000000000000000e+03,1.092363437625846756e-01,4.000000000000000000e+00,3.621848662733556830e-03,7.298781681674433298e-06
3.562000000000000000e+03,1.092363268362421813e-01,3.999999999999999112e+00,3.619167041615065517e-03,4.959051488505707340e-05
3.563000000000000000e+03,1.092363098244562847e-01,4.000000000000000000e+00,3.620943923340462414e-03,6.455091409561664734e-05
3.564000000000000000e+03,1.092362916178638149e-01,3.999999999999999556e+00,3.616790538123604206e-03,4.812318454263032246e-05
3.565000000000000000e+03,1.092362734216499459e-01,4.000000000000000000e+00,3.617117486371185069e-03,1.105560609355477487e-05
3.566000000000000000e+03,1.092362558707404840e-01,4.000000000000000000e+00,3.616325801463945652e-03,2.737322627608582726e-05
3.567000000000000000e+03,1.092362384624883664e-01,4.000000000000000000e+00,3.613100615036258633e-03,4.946085364975872734e-05
3.568000000000000000e+03,1.092362206400404184e-01,4.000000000000000000e+00,3.614382403036164523e-03,4.671014180773651797e-05
3.569000000000000000e+03,1.092362022491832202e-01,3.999999999999999556e+00,3.611328738513248839e-03,2.300898858820080013e-05
3.570000000000000000e+03,1.092361841953249924e-01,3.999999999999999556e+00,3.610462454039290153e-03,8.807599471007197716e-06
3.571000000000000000e+03,1.092361665035458534e-01,3.999999999999999112e+00,3.610325754666628834e-03,3.343780828609385045e-05
3.572000000000000000e+03,1.092361485203925953e-01,4.000000000000000000e+00,3.607149981639249953e-03,4.060698036841486414e-05
3.573000000000000000e+03,1.092361302582408877e-01,3.999999999999999112e+00,3.607710499966814560e-03,2.881613078325359116e-05
3.574000000000000000e+03,1.092361118541601839e-01,3.999999999999999112e+00,3.605563807043213505e-03,5.369348051028563981e-06
3.575000000000000000e+03,1.092360937064822540e-01,4.000000000000001776e+00,3.603972416326432088e-03,1.817341911808453435e-05
3.576000000000000000e+03,1.092360756523335363e-01,3.999999999999999112e+00,3.604001033853481122e-03,3.127739668311194863e-05
3.577000000000000000e+03,1.092360572464947943e-01,3.999999999999999556e+00,3.601154110544364968e-03,2.931023255917509211e-05
3.578000000000000000e+03,1.092360387439676034e-01,4.000000000000000888e+00,3.601027690616816473e-03,1.460912574232462878e-05
3.579000000000000000e+03,1.092360202616224907e-01,4.000000000000000000e+00,3.599501350222066368e-03,4.986713652997646433e-06
3.580000000000000000e+03,1.092360018675779115e-01,3.999999999999999556e+00,3.597558188424432139e-03,2.049725760268851621e-05
3.581000000000000000e+03,1.092359834427244769e-01,3.999999999999998668e+00,3.597474794859415511e-03,2.551538873928133058e-05
3.582000000000000000e+03,1.092359647503561709e-01,3.999999999999999112e+00,3.595025086444623985e-03,1.903235302335429317e-05
3.583000000000000000e+03,1.092359460559496620e-01,3.999999999999999112e+00,3.594357834969655330e-03,4.948288046360492736e-06
3.584000000000000000e+03,1.092359274017653814e-01,4.000000000000000888e+00,3.593188762057523186e-03,9.816822778569675410e-06
3.585000000000000000e+03,1.092359087186509647e-01,4.000000000000000888e+00,3.591138909218000597e-03,1.895616837209934333e-05
3.586000000000000000e+03,1.092358899773916148e-01,3.999999999999999112e+00,3.590825735830833511e-03,1.907011425388958841e-05
3.587000000000000000e+03,1.092358710627186619e-01,4.000000000000000000e+00,3.588729792264035330e-03,1.112692613271212565e-05
3.588000000000000000e+03,1.092358521662151055e-01,4.000000000000000000e+00,3.587686981918095964e-03,7.712359482776030657e-07
3.589000000000000000e+03,1.092358332871897209e-01,4.000000000000000000e+00,3.586680194793093624e-03,1.111397790428991409e-05
3.590000000000000000e+03,1.092358143273264581e-01,3.999999999999999556e+00,3.584657945358530814e-03,1.581637022152955247e-05
3.591000000000000000e+03,1.092357953177538199e-01,3.999999999999999556e+00,3.584094612711583201e-03,1.340870613287541432e-05
3.592000000000000000e+03,1.092357761983093478e-01,4.000000000000000000e+00,3.582267419217717054e-03,5.713750020939433866e-06
3.593000000000000000e+03,1.092357570845717968e-01,4.000000000000000000e+00,3.580989138599063350e-03,3.623805425151113665e-06
3.594000000000000000e+03,1.092357379654773919e-01,4.000000000000000000e+00,3.580020377669500872e-03,1.049408523535249948e-05
3.595000000000000000e+03,1.092357187542544877e-01,4.000000000000000000e+00,3.578082964706603888e-03,1.241992457215061693e-05
3.596000000000000000e+03,1.092356995058017810e-01,4.000000000000000000e+00,3.577297179249098753e-03,9.036415888420921622e-06
3.597000000000000000e+03,1.092356801824424239e-01,3.999999999999999112e+00,3.575651853840566396e-03,2.359272777364971930e-06
3.598000000000000000e+03,1.092356608467266454e-01,4.000000000000001776e+00,3.574239810550306016e-03,4.654786593246042593e-06
3.599000000000000000e+03,1.092356414921183405e-01,3.999999999999999112e+00,3.573240568140274940e-03,9.047627951899615752e-06
3.600000000000000000e+03,1.092356220516047388e-01,4.000000000000000888e+00,3.571399875977346924e-03,9.415742230263040571e-06
3.601000000000000000e+03,1.092356025813524950e-01,4.000000000000000000e+00,3.570435789774248879e-03,5.938179631181236752e-06
3.602000000000000000e+03,1.092355830537799083e-01,3.999999999999999112e+00,3.568900899903982779e-03,4.921769593505230759e-07
3.603000000000000000e+03,1.092355635005023140e-01,4.000000000000000000e+00,3.567421139417889433e-03,4.658120129687920338e-06
3.604000000000000000e+03,1.092355439221010666e-01,3.999999999999998668e+00,3.566360276221451717e-03,7.408587095887469432e-06
3.605000000000000000e+03,1.092355242687594458e-01,4.000000000000000000e+00,3.564606013602134287e-03,7.021548328137263808e-06
3.606000000000000000e+03,1.092355045885651244e-01,3.999999999999998668e+00,3.563507356963601519e-03,3.881851939933917657e-06
3.607000000000000000e+03,1.092354848599646766e-01,4.000000000000000888e+00,3.562031012069108524e-03,4.152312488985494057e-07
3.608000000000000000e+03,1.092354650984388859e-01,4.000000000000000888e+00,3.560522435899595058e-03,4.163109245318194254e-06
3.609000000000000000e+03,1.092354453094855904e-01,4.000000000000000000e+00,3.559390788701179836e-03,5.889262726266071880e-06
3.610000000000000000e+03,1.092354254561613558e-01,4.000000000000000888e+00,3.557704773209126141e-03,5.229096198341004894e-06
3.611000000000000000e+03,1.092354055765628468e-01,4.000000000000000000e+00,3.556507815132025664e-03,2.589571479997694842e-06
3.612000000000000000e+03,1.092353856536090184e-01,3.999999999999999112e+00,3.555055548677571366e-03,7.289053607810162417e-07
3.613000000000000000e+03,1.092353656951027541e-01,4.000000000000000000e+00,3.553538797693068033e-03,3.484043937641906180e-06
3.614000000000000000e+03,1.092353457086364943e-01,4.000000000000000000e+00,3.552338454214281575e-03,4.606243067601194016e-06
3.615000000000000000e+03,1.092353256666208638e-01,3.999999999999999556e+00,3.550702169200204827e-03,3.936245689023569259e-06
3.616000000000000000e+03,1.092353055982956955e-01,4.000000000000000000e+00,3.549434135181305135e-03,1.816103124424763485e-06
3.617000000000000000e+03,1.092352854900483922e-01,3.999999999999999112e+00,3.547984777761764401e-03,7.240617524477285290e-07
3.618000000000000000e+03,1.092352653464188084e-01,4.000000000000000888e+00,3.546469347925075913e-03,2.787125233327865612e-06
3.619000000000000000e+03,1.092352451750652764e-01,4.000000000000000000e+00,3.545207078869257785e-03,3.572576206811341289e-06
3.620000000000000000e+03,1.092352249552956123e-01,4.000000000000000000e+00,3.543604925833274740e-03,3.019501714863247834e-06
3.621000000000000000e+03,1.092352047093812506e-01,3.999999999999999112e+00,3.542284939444917836e-03,1.373090572506859148e-06
3.622000000000000000e+03,1.092351844263227123e-01,4.000000000000000000e+00,3.540826555694510762e-03,5.641456279689362861e-07
3.623000000000000000e+03,1.092351641095557907e-01,4.000000000000000000e+00,3.539315716268208283e-03,2.147875861424992224e-06
3.624000000000000000e+03,1.092351437656894769e-01,4.000000000000001776e+00,3.537999432043540272e-03,2.755807289206306327e-06
3.625000000000000000e+03,1.092351233792621251e-01,3.999999999999999112e+00,3.536419596837483362e-03,2.367311815313328452e-06
3.626000000000000000e+03,1.092351029673012536e-01,3.999999999999999556e+00,3.535060428548957630e-03,1.127283434549204129e-06
3.627000000000000000e+03,1.092350825207268339e-01,4.000000000000000000e+00,3.533587105728698292e-03,3.466309559229789248e-07
3.628000000000000000e+03,1.092350620428442498e-01,4.000000000000001776e+00,3.532080958805141127e-03,1.592143710213253805e-06
3.629000000000000000e+03,1.092350415387510487e-01,3.999999999999999112e+00,3.530718068401979357e-03,2.110271104036194291e-06
3.630000000000000000e+03,1.092350209970647107e-01,3.999999999999999556e+00,3.529152261524458149e-03,1.891246993904962902e-06
3.631000000000000000e+03,1.092350004308863115e-01,4.000000000000000000e+00,3.527762074707505632e-03,9.893758336161784662e-07
3.632000000000000000e+03,1.092349798325607385e-01,4.000000000000000000e+00,3.526271653420290191e-03,1.317534337147769162e-07
3.633000000000000000e+03,1.092349592056297836e-01,4.000000000000000888e+00,3.524768867431123196e-03,1.122134058373031728e-06
3.634000000000000000e+03,1.092349385535977685e-01,3.999999999999999556e+00,3.523365726595339975e-03,1.592853296404885578e-06
3.635000000000000000e+03,1.092349178683421906e-01,4.000000000000000000e+00,3.521808491498970399e-03,1.526582343154623037e-06
3.636000000000000000e+03,1.092348971599632346e-01,4.000000000000000000e+00,3.520392286219022233e-03,9.017440600827191569e-07
3.637000000000000000e+03,1.092348764219299578e-01,4.000000000000000000e+00,3.518884879813475447e-03,1.043056303243380763e-07
3.638000000000000000e+03,1.092348556580770153e-01,4.000000000000000000e+00,3.517383563363001443e-03,7.314380922152529931e-07
3.639000000000000000e+03,1.092348348704331451e-01,4.000000000000000888e+00,3.515945479657030161e-03,1.169355077303522153e-06
3.640000000000000000e+03,1.092348140535260026e-01,3.999999999999999112e+00,3.514393427595679555e-03,1.228912418288856599e-06
3.641000000000000000e+03,1.092347932150820461e-01,4.000000000000000000e+00,3.512954129405146311e-03,8.284149176158225858e-07
3.642000000000000000e+03,1.092347723495508127e-01,3.999999999999999556e+00,3.511431201811217231e-03,2.530622028690492507e-07
3.643000000000000000e+03,1.092347514609575548e-01,4.000000000000000000e+00,3.509929285303723962e-03,4.130759835962637383e-07
3.644000000000000000e+03,1.092347305500706856e-01,4.000000000000000000e+00,3.508460759200073172e-03,8.160866177083796435e-07
3.645000000000000000e+03,1.092347096135863338e-01,4.000000000000000000e+00,3.506911872123884971e-03,9.700754999128476121e-07
3.646000000000000000e+03,1.092346886572827941e-01,4.000000000000000000e+00,3.505451134527776211e-03,7.480866075601366388e-07
3.647000000000000000e+03,1.092346676765544450e-01,4.000000000000000000e+00,3.503914923947290972e-03,3.646094066385462128e-07
3.648000000000000000e+03,1.092346466754372525e-01,3.999999999999998668e+00,3.502410290934469730e-03,1.656015151355281737e-07
3.649000000000000000e+03,1.092346256537038984e-01,3.999999999999998668e+00,3.500915325021239366e-03,5.193464186597652699e-07
3.650000000000000000e+03,1.092346046098080226e-01,4.000000000000000888e+00,3.499368366943887698e-03,7.346678293964371608e-07
3.651000000000000000e+03,1.092345835478833738e-01,3.999999999999999112e+00,3.497887169749471295e-03,6.498685373308936545e-07
3.652000000000000000e+03,1.092345624642925839e-01,4.000000000000000888e+00,3.496340303591219563e-03,4.267092136260654949e-07
3.653000000000000000e+03,1.092345413628722922e-01,4.000000000000000000e+00,3.494830828883649636e-03,7.175050624674507805e-08
3.654000000000000000e+03,1.092345202426928813e-01,4.000000000000000000e+00,3.493313206730588004e-03,2.744977888865697446e-07
3.655000000000000000e+03,1.092344991035848201e-01,4.000000000000001776e+00,3.491767253148359267e-03,5.173779808659239750e-07
3.656000000000000000e+03,1.092344779482810196e-01,4.000000000000000000e+00,3.490266367303203159e-03,5.309930276900614244e-07
3.657000000000000000e+03,1.092344567741481420e-01,4.000000000000000000e+00,3.488711557453036231e-03,4.382812716969397505e-07
3.658000000000000000e+03,1.092344355846180254e-01,3.999999999999999112e+00,3.487195153448504562e-03,1.781187663019014483e-07
3.659000000000000000e+03,1.092344143783666038e-01,3.999999999999998668e+00,3.485658632590708534e-03,9.220294306954448890e-08
3.660000000000000000e+03,1.092343931562280712e-01,4.000000000000001776e+00,3.484112717588798858e-03,3.210042579948421151e-07
3.661000000000000000e+03,1.092343719197652052e-01,3.999999999999999112e+00,3.482593078731376860e-03,3.956819712562397053e-07
3.662000000000000000e+03,1.092343506673537079e-01,3.999999999999999112e+00,3.481032838231254596e-03,4.030279180553049462e-07
3.663000000000000000e+03,1.092343294018489341e-01,4.000000000000000000e+00,3.479507562639740960e-03,2.440626534209263180e-07
3.664000000000000000e+03,1.092343081218380557e-01,3.999999999999999112e+00,3.477955946716559769e-03,9.694371687011675222e-08
3.665000000000000000e+03,1.092342868287885516e-01,4.000000000000000888e+00,3.476408842189838110e-03,1.559960514317835044e-07
3.666000000000000000e+03,1.092342655233394660e-01,3.999999999999999556e+00,3.474871835495865671e-03,2.545555512566614442e-07
3.667000000000000000e+03,1.092342442048182677e-01,3.999999999999998668e+00,3.473308202494300011e-03,3.297575721525673525e-07
3.668000000000000000e+03,1.092342228753913763e-01,4.000000000000000000e+00,3.471772447931285518e-03,2.559243144814985359e-07
3.669000000000000000e+03,1.092342015338339384e-01,4.000000000000000888e+00,3.470209514919298747e-03,1.757815641049078217e-07
3.670000000000000000e+03,1.092341801818916547e-01,3.999999999999999556e+00,3.468659665995508547e-03,6.066494828198250012e-08
3.671000000000000000e+03,1.092341588195546997e-01,4.000000000000000000e+00,3.467107297653940212e-03,1.256529552936522036e-07
3.672000000000000000e+03,1.092341374469638082e-01,4.000000000000000000e+00,3.465541590399899476e-03,2.329130914879084494e-07
3.673000000000000000e+03,1.092341160655651844e-01,4.000000000000000888e+00,3.463994337825767114e-03,2.212995904742132200e-07
3.674000000000000000e+03,1.092340946745363472e-01,4.000000000000000000e+00,3.462423628345337630e-03,2.076667708841429848e-07
3.675000000000000000e+03,1.092340732755863186e-01,3.999999999999999112e+00,3.460869263259887078e-03,9.860481086747428832e-08
3.676000000000000000e+03,1.092340518683528605e-01,4.000000000000001776e+00,3.459304175807432265e-03,5.951075027040837538e-08
3.677000000000000000e+03,1.092340304535729667e-01,4.000000000000000888e+00,3.457736838552348969e-03,1.330993609369471111e-07
3.678000000000000000e+03,1.092340090320348955e-01,3.999999999999999556e+00,3.456177914132126279e-03,1.557458219456085072e-07
3.679000000000000000e+03,1.092339876034356533e-01,4.000000000000000888e+00,3.454602420615976270e-03,1.926935534973700022e-07
3.680000000000000000e+03,1.092339661692070529e-01,4.000000000000000000e+00,3.453041830323135344e-03,1.308567974694425437e-07
3.681000000000000000e+03,1.092339447289235599e-01,3.999999999999998224e+00,3.451467124029139553e-03,1.004944442144046017e-07
3.682000000000000000e+03,1.092339232836494617e-01,3.999999999999999112e+00,3.449897738085191002e-03,6.430050237913004924e-08
3.683000000000000000e+03,1.092339018336682122e-01,3.999999999999999112e+00,3.448327980409771759e-03,8.487132701987368368e-08
3.684000000000000000e+03,1.092338803791942370e-01,3.999999999999999112e+00,3.446749823925718704e-03,1.448568711882295342e-07
3.685000000000000000e+03,1.092338589212462074e-01,4.000000000000000888e+00,3.445181757056806418e-03,1.233878514606328568e-07
3.686000000000000000e+03,1.092338374595728384e-01,4.000000000000001776e+00,3.443600619705455574e-03,1.291087924783049550e-07
3.687000000000000000e+03,1.092338159952936372e-01,3.999999999999999556e+00,3.442028135908112643e-03,6.944548896922697325e-08
3.688000000000000000e+03,1.092337945284049955e-01,3.999999999999999112e+00,3.440449368991907713e-03,5.983120997429476919e-08
3.689000000000000000e+03,1.092337730595207834e-01,3.999999999999999112e+00,3.438869591073381426e-03,8.809502883025856290e-08
3.690000000000000000e+03,1.092337515892338184e-01,4.000000000000000000e+00,3.437293648350290675e-03,8.872976329624441482e-08
3.691000000000000000e+03,1.092337301176063286e-01,4.000000000000000000e+00,3.435708864495175090e-03,1.217615368278855157e-07
3.692000000000000000e+03,1.092337086455927864e-01,4.000000000000000000e+00,3.434132053781499549e-03,8.512651347088971493e-08
3.693000000000000000e+03,1.092336871731382913e-01,4.000000000000000000e+00,3.432546795582223226e-03,8.533648500944734529e-08
3.694000000000000000e+03,1.092336657010589407e-01,4.000000000000000888e+00,3.430965395432921446e-03,5.796587513431932915e-08
3.695000000000000000e+03,1.092336442296233390e-01,3.999999999999999556e+00,3.429382263013132891e-03,5.880958272312876354e-08
3.696000000000000000e+03,1.092336227592200365e-01,3.999999999999999556e+00,3.427795753537981986e-03,9.069112926110292799e-08
3.697000000000000000e+03,1.092336012905210929e-01,4.000000000000000888e+00,3.426213774605028559e-03,7.651895766460073941e-08
3.698000000000000000e+03,1.092335798236092476e-01,4.000000000000000000e+00,3.424624702239288231e-03,9.607024752417937320e-08
3.699000000000000000e+03,1.092335583592909665e-01,4.000000000000000000e+00,3.423040989682365597e-03,6.360621757691464358e-08
3.700000000000000000e+03,1.092335368976853904e-01,4.000000000000000000e+00,3.421452360745449311e-03,6.594195812019800092e-08
3.701000000000000000e+03,1.092335154394051822e-01,4.000000000000000000e+00,3.419864950986307387e-03,6.198567300970423311e-08
3.702000000000000000e+03,1.092334939848458447e-01,3.999999999999999112e+00,3.418277836163162962e-03,5.894917400831527268e-08
3.703000000000000000e+03,1.092334725343145352e-01,4.000000000000000888e+00,3.416687157194120850e-03,8.298067925895570073e-08
3.704000000000000000e+03,1.092334510884541143e-01,4.000000000000000000e+00,3.415100362307377149e-03,6.482655696113754255e-08
3.705000000000000000e+03,1.092334296474142818e-01,3.999999999999999112e+00,3.413508494777294216e-03,7.865019379247185414e-08
3.706000000000000000e+03,1.092334082118659039e-01,4.000000000000000000e+00,3.411920069367426443e-03,5.673648535350216458e-08
3.707000000000000000e+03,1.092333867820370757e-01,4.000000000000000000e+00,3.410328895746759983e-03,5.956304035188199886e-08
3.708000000000000000e+03,1.092333653584266762e-01,3.999999999999998668e+00,3.408737881702417032e-03,6.289873334398919594e-08
3.709000000000000000e+03,1.092333439414656243e-01,4.000000000000000000e+00,3.407147802333149265e-03,5.690192864637541384e-08
3.710000000000000000e+03,1.092333225314474077e-01,3.999999999999999556e+00,3.405554838734739954e-03,7.426030655074127511e-08
3.711000000000000000e+03,1.092333011289512434e-01,4.000000000000000000e+00,3.403964886671358072e-03,5.815284718155995602e-08
3.712000000000000000e+03,1.092332797341870887e-01,4.000000000000000000e+00,3.402371491709013304e-03,6.898983220768400544e-08
3.713000000000000000e+03,1.092332583477263752e-01,3.999999999999999556e+00,3.400780427343862503e-03,5.523083171583286657e-08
3.714000000000000000e+03,1.092332369698501976e-01,4.000000000000000000e+00,3.399187800865237537e-03,5.743578616929614120e-08
3.715000000000000000e+03,1.092332156009996336e-01,4.000000000000000888e+00,3.397595154348946600e-03,6.112816679592918289e-08
3.716000000000000000e+03,1.092331942415959017e-01,4.000000000000000000e+00,3.396003481135305944e-03,5.499036486027342380e-08
3.717000000000000000e+03,1.092331728919412048e-01,4.000000000000000000e+00,3.394409808622113420e-03,6.744473104770446847e-08
3.718000000000000000e+03,1.092331515525498675e-01,3.999999999999999112e+00,3.392818436134893961e-03,5.505738659933860170e-08
3.719000000000000000e+03,1.092331302236720092e-01,4.000000000000000888e+00,3.391224799458027964e-03,6.382766292883373699e-08
3.720000000000000000e+03,1.092331089058102139e-01,3.999999999999999112e+00,3.389632954296289621e-03,5.453601462981775091e-08
3.721000000000000000e+03,1.092330875992636313e-01,3.999999999999999556e+00,3.388040172494769485e-03,5.654795774651951858e-08
3.722000000000000000e+03,1.092330663044438765e-01,4.000000000000000000e+00,3.386447593379816098e-03,5.859292553557829054e-08
3.723000000000000000e+03,1.092330450217437049e-01,3.999999999999999112e+00,3.384855829957986433e-03,5.386983283675933560e-08
3.724000000000000000e+03,1.092330237514778507e-01,4.000000000000000888e+00,3.383262911583590025e-03,6.252717213373169574e-08
3.725000000000000000e+03,1.092330024941030320e-01,4.000000000000000000e+00,3.381671790599857438e-03,5.355962932332780398e-08
3.726000000000000000e+03,1.092329812498926966e-01,4.000000000000000888e+00,3.380079263477483130e-03,6.074372028288319098e-08
3.727000000000000000e+03,1.092329600192993022e-01,4.000000000000000000e+00,3.378488308143255507e-03,5.371129635941964959e-08
3.728000000000000000e+03,1.092329388026221371e-01,4.000000000000000000e+00,3.376896776524452269e-03,5.607018223601661548e-08
3.729000000000000000e+03,1.092329176002546504e-01,4.000000000000000000e+00,3.375305808813607554e-03,5.616689468532744429e-08
3.730000000000000000e+03,1.092328964125560409e-01,3.999999999999999556e+00,3.373715475844022826e-03,5.335341235608781402e-08
3.731000000000000000e+03,1.092328752398508407e-01,3.999999999999998668e+00,3.372124735173854734e-03,5.884872646786340479e-08
3.732000000000000000e+03,1.092328540825449196e-01,4.000000000000000888e+00,3.370535439833017254e-03,5.266738157557278767e-08
3.733000000000000000e+03,1.092328329409249787e-01,4.000000000000000888e+00,3.368945417801832987e-03,5.845187343732397965e-08
3.734000000000000000e+03,1.092328118154022726e-01,4.000000000000000000e+00,3.367356882872895186e-03,5.277969049392131015e-08
3.735000000000000000e+03,1.092327907062692338e-01,4.000000000000000000e+00,3.365768045489356524e-03,5.563878837203477530e-08
3.736000000000000000e+03,1.092327696139035326e-01,3.999999999999998224e+00,3.364180134824492317e-03,5.409874764195142348e-08
3.737000000000000000e+03,1.092327485386317132e-01,4.000000000000000888e+00,3.362592725215793419e-03,5.316400505271536388e-08
3.738000000000000000e+03,1.092327274807833593e-01,4.000000000000000000e+00,3.361005557081642777e-03,5.591026726045700458e-08
3.739000000000000000e+03,1.092327064407195014e-01,3.999999999999999556e+00,3.359419572672368501e-03,5.207162877421860553e-08
3.740000000000000000e+03,1.092326854187337798e-01,3.999999999999999112e+00,3.357833460911524397e-03,5.634169669513080145e-08
3.741000000000000000e+03,1.092326644151997150e-01,4.000000000000000000e+00,3.356248773281902097e-03,5.187565957788215471e-08
3.742000000000000000e+03,1.092326434304022320e-01,4.000000000000000000e+00,3.354664073526459050e-03,5.497627965994704147e-08
3.743000000000000000e+03,1.092326224647002242e-01,4.000000000000000000e+00,3.353080587632040286e-03,5.242114360688346897e-08
3.744000000000000000e+03,1.092326015183928689e-01,3.999999999999999556e+00,3.351497557570679454e-03,5.305332315324510062e-08
3.745000000000000000e+03,1.092325805918080706e-01,4.000000000000000000e+00,3.349915313697492646e-03,5.349116756761546824e-08
3.746000000000000000e+03,1.092325596852674191e-01,4.000000000000000888e+00,3.348334058663610981e-03,5.170884908198520389e-08
3.747000000000000000e+03,1.092325387990682184e-01,4.000000000000000000e+00,3.346753237989070345e-03,5.420265208922543880e-08
3.748000000000000000e+03,1.092325179335466301e-01,4.000000000000001776e+00,3.345173748021002674e-03,5.112041344685823314e-08
3.749000000000000000e+03,1.092324970889825692e-01,3.999999999999999556e+00,3.343594604302267594e-03,5.387592409008126018e-08
3.750000000000000000e+03,1.092324762657106429e-01,4.000000000000000000e+00,3.342016839521379668e-03,5.111360005447497369e-08
3.751000000000000000e+03,1.092324554640097256e-01,4.000000000000000000e+00,3.340439610997296763e-03,5.273427345460410340e-08
3.752000000000000000e+03,1.092324346841987287e-01,3.999999999999999112e+00,3.338863579816374241e-03,5.155281222381254608e-08
3.753000000000000000e+03,1.092324139265660188e-01,4.000000000000000000e+00,3.337288430046369495e-03,5.148376976855527401e-08
3.754000000000000000e+03,1.092323931914085389e-01,3.999999999999998668e+00,3.335714224080472100e-03,5.210897043447022162e-08
3.755000000000000000e+03,1.092323724790260076e-01,3.999999999999999112e+00,3.334141232330731144e-03,5.059975657134921806e-08
3.756000000000000000e+03,1.092323517896957447e-01,3.999999999999999556e+00,3.332569013137040570e-03,5.230724606793362937e-08
3.757000000000000000e+03,1.092323311237228672e-01,4.000000000000001776e+00,3.330998205357755919e-03,5.016516331317745731e-08
3.758000000000000000e+03,1.092323104813737178e-01,3.999999999999999112e+00,3.329428162289362232e-03,5.192081197749265886e-08
3.759000000000000000e+03,1.092322898629490974e-01,4.000000000000000888e+00,3.327859557431435498e-03,5.010379385784517729e-08
3.760000000000000000e+03,1.092322692687135166e-01,4.000000000000000888e+00,3.326291863492647060e-03,5.112049183905036798e-08
3.761000000000000000e+03,1.092322486989559943e-01,3.999999999999999112e+00,3.324725510365192978e-03,5.028933885456623635e-08
3.762000000000000000e+03,1.092322281539447187e-01,4.000000000000000000e+00,3.323160295933568365e-03,5.025129398795479332e-08
3.763000000000000000e+03,1.092322076339533599e-01,4.000000000000000000e+00,3.321596287364914860e-03,5.051273640046845464e-08
3.764000000000000000e+03,1.092321871392552546e-01,3.999999999999999556e+00,3.320033637924253364e-03,4.956206082717442190e-08
3.765000000000000000e+03,1.092321666701099037e-01,4.000000000000000000e+00,3.318472102676404099e-03,5.054377475545812413e-08
3.766000000000000000e+03,1.092321462267922955e-01,4.000000000000000888e+00,3.316912074687812777e-03,4.913200263234097887e-08
3.767000000000000000e+03,1.092321258095526604e-01,4.000000000000000000e+00,3.315353156760622328e-03,5.026941730227972369e-08
3.768000000000000000e+03,1.092321054186623092e-01,4.000000000000001776e+00,3.313795800117164819e-03,4.893656713652172080e-08
3.769000000000000000e+03,1.092320850543674338e-01,3.999999999999999112e+00,3.312239637232212552e-03,4.974543103207707964e-08
3.770000000000000000e+03,1.092320647169311848e-01,3.999999999999999556e+00,3.310685013651446570e-03,4.890308092356949135e-08
3.771000000000000000e+03,1.092320444065990326e-01,4.000000000000000000e+00,3.309131723386830783e-03,4.912375789561369706e-08
3.772000000000000000e+03,1.092320241236238443e-01,4.000000000000000000e+00,3.307579915013510868e-03,4.892587862757662188e-08
3.773000000000000000e+03,1.092320038682517425e-01,4.000000000000001776e+00,3.306029591470604091e-03,4.854642724055411831e-08
3.774000000000000000e+03,1.092319836407250194e-01,3.999999999999999112e+00,3.304480699441537071e-03,4.889155700078946090e-08
3.775000000000000000e+03,1.092319634412895063e-01,4.000000000000000888e+00,3.302933418495402913e-03,4.809095263419543319e-08
3.776000000000000000e+03,1.092319432701786552e-01,4.000000000000000000e+00,3.301387554987562228e-03,4.872342473149684106e-08
3.777000000000000000e+03,1.092319231276360492e-01,4.000000000000001776e+00,3.299843383709091197e-03,4.777320313247666322e-08
3.778000000000000000e+03,1.092319030138887842e-01,3.999999999999999112e+00,3.298300662163381088e-03,4.840944318471257324e-08
3.779000000000000000e+03,1.092318829291753224e-01,4.000000000000000888e+00,3.296759667962769532e-03,4.757073549924603778e-08
3.780000000000000000e+03,1.092318628737189434e-01,4.000000000000000888e+00,3.295220195270467511e-03,4.799300439646298208e-08
3.781000000000000000e+03,1.092318428477514897e-01,3.999999999999999112e+00,3.293682451889426953e-03,4.744047785929943667e-08
3.782000000000000000e+03,1.092318228514933542e-01,4.000000000000000000e+00,3.292146324416345051e-03,4.753971085337418106e-08
3.783000000000000000e+03,1.092318028851688300e-01,4.000000000000000000e+00,3.290611913878549802e-03,4.733119216140375311e-08
3.784000000000000000e+03,1.092317829489965475e-01,3.999999999999999556e+00,3.289079217327641001e-03,4.710659979442457871e-08
3.785000000000000000e+03,1.092317630431927089e-01,4.000000000000000000e+00,3.287548228550843128e-03,4.719672495886476215e-08
3.786000000000000000e+03,1.092317431679738493e-01,3.999999999999998224e+00,3.286019040471812366e-03,4.672742818329213579e-08
3.787000000000000000e+03,1.092317233235488572e-01,4.000000000000000000e+00,3.284491566026011278e-03,4.700784760736827759e-08
3.788000000000000000e+03,1.092317035101313810e-01,4.000000000000000000e+00,3.282965959382461597e-03,4.641283563134032556e-08
3.789000000000000000e+03,1.092316837279243141e-01,4.000000000000000000e+00,3.281442091913957214e-03,4.675739171456452691e-08
3.790000000000000000e+03,1.092316639771368503e-01,4.000000000000000000e+00,3.279920138375797337e-03,4.615699801614051094e-08
3.791000000000000000e+03,1.092316442579671781e-01,4.000000000000000000e+00,3.278399967776674320e-03,4.645656389576939003e-08
3.792000000000000000e+03,1.092316245706191763e-01,3.999999999999999112e+00,3.276881739953065985e-03,4.594476139809598129e-08
3.793000000000000000e+03,1.092316049152870089e-01,4.000000000000000888e+00,3.275365351756880702e-03,4.612632033082352243e-08
3.794000000000000000e+03,1.092315852921689201e-01,3.999999999999999112e+00,3.273850924161165153e-03,4.575752421969228093e-08
3.795000000000000000e+03,1.092315657014553271e-01,4.000000000000001776e+00,3.272338399144847452e-03,4.578852575485539217e-08
3.796000000000000000e+03,1.092315461433385065e-01,3.999999999999999556e+00,3.270827848095592908e-03,4.557762925296606917e-08
3.797000000000000000e+03,1.092315266180055172e-01,4.000000000000000888e+00,3.269319262755635523e-03,4.546027307943035823e-08
3.798000000000000000e+03,1.092315071256425019e-01,4.000000000000000000e+00,3.267812665614009803e-03,4.539156284543441055e-08
3.799000000000000000e+03,1.092314876664331885e-01,4.000000000000000000e+00,3.266308093092429917e-03,4.515184524080090527e-08
3.800000000000000000e+03,1.092314682405577386e-01,3.999999999999999112e+00,3.264805527250891782e-03,4.519141873834592625e-08
3.801000000000000000e+03,1.092314488481962165e-01,4.000000000000000888e+00,3.263305038337985763e-03,4.486719127666718420e-08
3.802000000000000000e+03,1.092314294895235099e-01,4.000000000000000888e+00,3.261806580271179971e-03,4.497482208402574138e-08
3.803000000000000000e+03,1.092314101647155755e-01,3.999999999999999112e+00,3.260310244238976904e-03,4.460567984467613377e-08
3.804000000000000000e+03,1.092313908739420136e-01,3.999999999999999556e+00,3.258815968796107115e-03,4.474360755997986458e-08
3.805000000000000000e+03,1.092313716173746174e-01,3.999999999999999112e+00,3.257323853952279018e-03,4.436394493361080672e-08
3.806000000000000000e+03,1.092313523951781995e-01,4.000000000000001776e+00,3.255833833942231754e-03,4.450202384784333389e-08
3.807000000000000000e+03,1.092313332075200843e-01,4.000000000000000000e+00,3.254346007898370734e-03,4.413752698465764525e-08
3.808000000000000000e+03,1.092313140545605049e-01,4.000000000000000888e+00,3.252860313935114229e-03,4.425510240825204754e-08
3.809000000000000000e+03,1.092312949364619840e-01,4.000000000000000000e+00,3.251376843649924926e-03,4.392197411838281311e-08
3.810000000000000000e+03,1.092312758533806188e-01,4.000000000000000000e+00,3.249895544184783647e-03,4.400745939723152157e-08
3.811000000000000000e+03,1.092312568054738808e-01,4.000000000000000000e+00,3.248416495861218035e-03,4.371354176791416670e-08
3.812000000000000000e+03,1.092312377928937595e-01,4.000000000000000888e+00,3.246939657319847326e-03,4.376271381439136534e-08
3.813000000000000000e+03,1.092312188157928965e-01,4.000000000000000000e+00,3.245465096233808577e-03,4.350949123751308459e-08
3.814000000000000000e+03,1.092311998743190904e-01,4.000000000000000888e+00,3.243992783191220440e-03,4.352328873232849779e-08
3.815000000000000000e+03,1.092311809686202922e-01,3.999999999999999112e+00,3.242522773508648044e-03,4.330809956939230405e-08
3.816000000000000000e+03,1.092311620988399151e-01,3.999999999999999556e+00,3.241055048854529861e-03,4.329055203021291394e-08
3.817000000000000000e+03,1.092311432651211500e-01,3.999999999999998668e+00,3.239589653471396102e-03,4.310853124872490379e-08
3.818000000000000000e+03,1.092311244676033299e-01,4.000000000000000888e+00,3.238126578543617986e-03,4.306504113477041167e-08
3.819000000000000000e+03,1.092311057064250801e-01,3.999999999999999112e+00,3.236665858964520286e-03,4.291059142230176706e-08
3.820000000000000000e+03,1.092310869817213759e-01,3.999999999999999556e+00,3.235207493641223744e-03,4.284673694691960039e-08
3.821000000000000000e+03,1.092310682936260963e-01,3.999999999999999112e+00,3.233751509897435893e-03,4.271451630378681828e-08
3.822000000000000000e+03,1.092310496422701227e-01,4.000000000000000000e+00,3.232297912652001576e-03,4.263529894281090658e-08
3.823000000000000000e+03,1.092310310277828517e-01,3.999999999999999556e+00,3.230846723253879421e-03,4.252076285328041507e-08
3.824000000000000000e+03,1.092310124502907653e-01,4.000000000000000000e+00,3.229397951180144367e-03,4.243022211595002389e-08
3.825000000000000000e+03,1.092309939099187777e-01,4.000000000000000000e+00,3.227951613093000584e-03,4.232988528096773946e-08
3.826000000000000000e+03,1.092309754067892213e-01,4.000000000000000000e+00,3.226507721911494545e-03,4.223095774542679801e-08
3.827000000000000000e+03,1.092309569410224168e-01,4.000000000000000000e+00,3.225066290546536873e-03,4.214244859931562567e-08
3.828000000000000000e+03,1.092309385127364502e-01,4.000000000000000000e+00,3.223627334599614685e-03,4.203695132328802658e-08
3.829000000000000000e+03,1.092309201220472287e-01,4.000000000000000000e+00,3.222190863811160398e-03,4.195899428384681225e-08
3.830000000000000000e+03,1.092309017690685641e-01,4.000000000000000000e+00,3.220756896055270747e-03,4.184766577239043293e-08
3.831000000000000000e+03,1.092308834539120199e-01,4.000000000000000888e+00,3.219325438138459852e-03,4.178005215801728942e-08
3.832000000000000000e+03,1.092308651766871752e-01,4.000000000000000000e+00,3.217896510137971833e-03,4.166254863838031911e-08
3.833000000000000000e+03,1.092308469375011803e-01,3.999999999999999556e+00,3.216470115821408373e-03,4.160616736906394725e-08
3.834000000000000000e+03,1.092308287364592428e-01,4.000000000000000888e+00,3.215046277749768547e-03,4.148098916456488871e-08
3.835000000000000000e+03,1.092308105736642804e-01,3.999999999999999112e+00,3.213624996178851209e-03,4.143797556819793860e-08
3.836000000000000000e+03,1.092307924492172677e-01,4.000000000000000888e+00,3.212206296830849399e-03,4.130223640194809383e-08
3.837000000000000000e+03,1.092307743632167372e-01,4.000000000000000888e+00,3.210790175537099871e-03,4.127629642291317462e-08
3.838000000000000000e+03,1.092307563157595418e-01,4.000000000000001776e+00,3.209376662358511250e-03,4.112528021217064516e-08
3.839000000000000000e+03,1.092307383069397314e-01,4.000000000000000000e+00,3.207965747206920158e-03,4.112229585395200269e-08
3.840000000000000000e+03,1.092307203368501622e-01,4.000000000000000000e+00,3.206557466350455719e-03,4.094867957008974665e-08
3.841000000000000000e+03,1.092307024055801518e-01,4.000000000000001776e+00,3.205151801454413085e-03,4.097772422082590593e-08
3.842000000000000000e+03,1.092306845132189064e-01,4.000000000000000000e+00,3.203748797875956029e-03,4.077029020201376490e-08
3.843000000000000000e+03,1.092306666598511361e-01,3.999999999999999112e+00,3.202348425460672162e-03,4.084531317380155554e-08
3.844000000000000000e+03,1.092306488455618563e-01,3.999999999999999112e+00,3.200950743080664424e-03,4.058685689193803350e-08
3.845000000000000000e+03,1.092306310704313499e-01,3.999999999999999112e+00,3.199555703263834514e-03,4.072943416389826768e-08
3.846000000000000000e+03,1.092306133345408992e-01,4.000000000000000000e+00,3.198163385233993537e-03,4.039337008608354346e-08
3.847000000000000000e+03,1.092305956379658605e-01,4.000000000000000888e+00,3.196773715670782161e-03,4.063724028407080165e-08
3.848000000000000000e+03,1.092305779807842270e-01,4.000000000000000000e+00,3.195386804815095790e-03,4.018210517500777263e-08
3.849000000000000000e+03,1.092305603630660121e-01,3.999999999999999556e+00,3.194002540117526264e-03,4.058071112779543590e-08
3.850000000000000000e+03,1.092305427848862254e-01,3.999999999999999112e+00,3.192621079666140959e-03,3.994123820650991136e-08
3.851000000000000000e+03,1.092305252463091209e-01,3.999999999999999112e+00,3.191242250441440539e-03,4.058046496007458197e-08
3.852000000000000000e+03,1.092305077474074321e-01,3.999999999999999112e+00,3.189866285260537816e-03,3.965314944055512598e-08
3.853000000000000000e+03,1.092304902882387657e-01,4.000000000000000000e+00,3.188492916500452155e-03,4.067321176220854741e-08
3.854000000000000000e+03,1.092304728688747451e-01,4.000000000000000000e+00,3.187122495173263202e-03,3.929331492385176222e-08
3.855000000000000000e+03,1.092304554893649970e-01,4.000000000000000000e+00,3.185754603524528807e-03,4.092707473889200958e-08
3.856000000000000000e+03,1.092304381497816168e-01,4.000000000000000000e+00,3.184389781906693181e-03,3.883358795822390810e-08
3.857000000000000000e+03,1.092304208501639895e-01,4.000000000000000000e+00,3.183027370992607026e-03,4.147473490776781723e-08
3.858000000000000000e+03,1.092304035905878601e-01,3.999999999999999556e+00,3.181668218349268263e-03,3.826346050645842055e-08
3.859000000000000000e+03,1.092303863710782225e-01,4.000000000000000000e+00,3.180311270662579057e-03,4.258784017591092158e-08
3.860000000000000000e+03,1.092303691917196340e-01,4.000000000000000888e+00,3.178957880370933756e-03,3.767503297484206810e-08
3.861000000000000000e+03,1.092303520525164662e-01,3.999999999999999556e+00,3.177606343071106600e-03,4.484505227961881632e-08
3.862000000000000000e+03,1.092303349535702628e-01,3.999999999999999112e+00,3.176258851480920874e-03,3.755516032068820825e-08
3.863000000000000000e+03,1.092303178948533376e-01,4.000000000000000888e+00,3.174912611245831948e-03,4.949101864174441629e-08
3.864000000000000000e+03,1.092303008764994865e-01,3.999999999999999556e+00,3.173571231263438552e-03,3.963584763184731658e-08
3.865000000000000000e+03,1.092302838984296337e-01,4.000000000000001776e+00,3.172230069286304400e-03,5.909312992498263975e-08
3.866000000000000000e+03,1.092302669608346682e-01,4.000000000000001776e+00,3.170895150799451449e-03,4.848786284603220380e-08
3.867000000000000000e+03,1.092302500635513457e-01,4.000000000000000000e+00,3.169558661410379428e-03,7.848149780320287276e-08
3.868000000000000000e+03,1.092302332068717519e-01,4.000000000000000000e+00,3.168230801135175738e-03,7.221238527702299096e-08
3.869000000000000000e+03,1.092302163904891738e-01,4.000000000000001776e+00,3.166898243111623736e-03,1.160065851685730473e-07
3.870000000000000000e+03,1.092301996148764831e-01,3.999999999999999112e+00,3.165578486345815672e-03,1.220606605393367490e-07
3.871000000000000000e+03,1.092301828794781104e-01,4.000000000000000000e+00,3.164248508435188630e-03,1.860225199344021191e-07
3.872000000000000000e+03,1.092301661850893502e-01,4.000000000000000000e+00,3.162938723414018480e-03,2.164157272554951134e-07
3.873000000000000000e+03,1.092301495307170939e-01,4.000000000000000000e+00,3.161608852471941341e-03,3.143829491056645449e-07
3.874000000000000000e+03,1.092301329177369912e-01,4.000000000000000888e+00,3.160312432064904878e-03,3.898494363266785641e-07
3.875000000000000000e+03,1.092301163443748502e-01,4.000000000000000000e+00,3.158978108828543185e-03,5.492340834367840171e-07
3.876000000000000000e+03,1.092300998130633638e-01,4.000000000000000000e+00,3.157701299111633636e-03,7.081815535245523119e-07
3.877000000000000000e+03,1.092300833206188287e-01,4.000000000000000000e+00,3.156354043582264204e-03,9.815428102088140717e-07
3.878000000000000000e+03,1.092300668714245998e-01,4.000000000000000888e+00,3.155108484594080359e-03,1.296796035160950800e-06
3.879000000000000000e+03,1.092300504597360639e-01,3.999999999999999556e+00,3.153732370639539262e-03,1.784801959692023648e-06
3.880000000000000000e+03,1.092300340935990488e-01,4.000000000000000000e+00,3.152540003877138744e-03,2.396087041742930186e-06
3.881000000000000000e+03,1.092300177626081698e-01,3.999999999999999556e+00,3.151104818296320085e-03,3.292994111468000512e-06
3.882000000000000000e+03,1.092300014818520931e-01,3.999999999999999112e+00,3.150007460042647013e-03,4.471113291623652882e-06
3.883000000000000000e+03,1.092299852325309267e-01,4.000000000000000888e+00,3.148455299596065061e-03,6.155317365793782058e-06
3.884000000000000000e+03,1.092299690437641413e-01,4.000000000000000000e+00,3.147533502536986518e-03,8.430333305129068759e-06
3.885000000000000000e+03,1.092299528821857740e-01,4.000000000000000000e+00,3.145752266585597270e-03,1.164617440362084464e-05
3.886000000000000000e+03,1.092299368064572201e-01,3.999999999999999112e+00,3.145162856282615518e-03,1.606589721967810998e-05
3.887000000000000000e+03,1.092299207605931383e-01,4.000000000000000000e+00,3.142933347832655138e-03,2.229198656403343678e-05
3.888000000000000000e+03,1.092299048709616804e-01,4.000000000000000000e+00,3.142984897734500162e-03,3.094800556265676949e-05
3.889000000000000000e+03,1.092298890588217775e-01,3.999999999999999556e+00,3.139874376993337986e-03,4.315011760270960579e-05
3.890000000000000000e+03,1.092298736250848223e-01,4.000000000000000000e+00,3.141180622982802859e-03,6.025761898738447679e-05
3.891000000000000000e+03,1.092298585314867565e-01,4.000000000000000000e+00,3.136327150998763358e-03,8.444025550191416592e-05
3.892000000000000000e+03,1.092298445951118413e-01,4.000000000000000888e+00,3.140122524087202421e-03,1.185706099509972197e-04
3.893000000000000000e+03,1.092298322061714677e-01,4.000000000000000888e+00,3.131796633992897302e-03,1.669915215128457806e-04
3.894000000000000000e+03,1.092298239176057589e-01,4.000000000000000888e+00,3.140593512822357179e-03,2.356960353179628567e-04
3.895000000000000000e+03,1.092298224146795727e-01,4.000000000000000000e+00,3.125312744646677968e-03,3.334891733227321616e-04
3.896000000000000000e+03,1.092298366478738764e-01,4.000000000000000000e+00,3.144284803953173359e-03,4.726835999394455624e-04
3.897000000000000000e+03,1.092298797315764819e-01,4.000000000000000888e+00,3.115085672440781953e-03,6.708287580200126936e-04
3.898000000000000000e+03,1.092299847135762836e-01,3.999999999999999112e+00,3.154943016778746692e-03,9.517070415438787841e-04
3.899000000000000000e+03,1.092302054817144707e-01,4.000000000000000000e+00,3.098439656030856082e-03,1.346002880292757097e-03
3.900000000000000000e+03,1.092306506929800608e-01,4.000000000000000000e+00,3.180531407122078134e-03,1.886689589154629150e-03
3.901000000000000000e+03,1.092314610288730725e-01,3.999999999999998224e+00,3.074490917008689938e-03,2.591673113340234834e-03
3.902000000000000000e+03,1.092327466902213162e-01,4.000000000000000000e+00,3.230597052957549786e-03,3.414615107975275607e-03
3.903000000000000000e+03,1.092341939706006765e-01,4.000000000000000000e+00,3.053797639967011264e-03,4.153462871975319333e-03
3.904000000000000000e+03,1.092346942047449365e-01,3.999999999999999112e+00,3.265509361960988299e-03,4.381095475318141398e-03
3.905000000000000000e+03,1.092330678924378629e-01,4.000000000000001776e+00,3.056566868297397668e-03,3.616272783371228799e-03
3.906000000000000000e+03,1.092304705306712254e-01,4.000000000000000000e+00,3.170318290475774604e-03,1.795869306964034120e-03
3.907000000000000000e+03,1.092296703007302056e-01,3.999999999999999112e+00,3.131055345691765787e-03,4.879776018446863452e-04
3.908000000000000000e+03,1.092310548496081418e-01,4.000000000000001776e+00,3.069611800793691208e-03,2.361977303961606666e-03
3.909000000000000000e+03,1.092321375874321376e-01,4.000000000000000888e+00,3.211245460302650321e-03,3.122039518402504581e-03
3.910000000000000000e+03,1.092311580886690392e-01,4.000000000000000000e+00,3.065596369802310161e-03,2.467486210626401808e-03
3.911000000000000000e+03,1.092296883546172714e-01,4.000000000000000888e+00,3.132825146527777431e-03,7.330720848167219823e-04
3.912000000000000000e+03,1.092298988630504147e-01,3.999999999999999556e+00,3.144445173539836200e-03,1.181391815618371187e-03
3.913000000000000000e+03,1.092309367429840222e-01,4.000000000000000888e+00,3.064081545152898267e-03,2.327460944557404893e-03
3.914000000000000000e+03,1.092307571900584251e-01,4.000000000000000888e+00,3.173116924317942195e-03,2.185723878779186231e-03
3.915000000000000000e+03,1.092297046740284827e-01,3.999999999999999556e+00,3.087909143812775283e-03,9.127624763631607364e-04
3.916000000000000000e+03,1.092296083803018791e-01,3.999999999999999112e+00,3.090910006884993108e-03,7.228267477295428683e-04
3.917000000000000000e+03,1.092303129245429244e-01,4.000000000000001776e+00,3.157210760980623272e-03,1.804540737675759980e-03
3.918000000000000000e+03,1.092302803473017281e-01,4.000000000000000888e+00,3.067310308223026270e-03,1.788574300889970515e-03
3.919000000000000000e+03,1.092295846107693980e-01,4.000000000000000888e+00,3.124402229495021159e-03,7.728377540348358322e-04
3.920000000000000000e+03,1.092295012555635630e-01,4.000000000000000000e+00,3.118007899202549556e-03,5.801159458208044600e-04
3.921000000000000000e+03,1.092299621347395111e-01,4.000000000000000000e+00,3.069673864003254551e-03,1.467779489763850137e-03
3.922000000000000000e+03,1.092299167756616562e-01,4.000000000000000000e+00,3.139701117330868495e-03,1.424507693543207876e-03
3.923000000000000000e+03,1.092294499967963739e-01,4.000000000000000000e+00,3.086235435955435921e-03,5.588448379347187543e-04
3.924000000000000000e+03,1.092294322161571213e-01,4.000000000000000888e+00,3.085456752874430643e-03,5.478247075363487694e-04
3.925000000000000000e+03,1.092297328096340364e-01,4.000000000000000888e+00,3.130066267459809433e-03,1.223047777068955949e-03
3.926000000000000000e+03,1.092296486424014779e-01,3.999999999999999112e+00,3.071013054306445667e-03,1.112287224023202547e-03
3.927000000000000000e+03,1.092293437188018301e-01,4.000000000000001776e+00,3.103711692039066994e-03,3.555386266993219640e-04
3.928000000000000000e+03,1.092293725042536856e-01,4.000000000000001776e+00,3.107645423004707676e-03,5.390909271287612319e-04
3.929000000000000000e+03,1.092295553715103146e-01,3.999999999999999112e+00,3.069158672280933829e-03,1.023090270380718619e-03
3.930000000000000000e+03,1.092294580538040183e-01,3.999999999999999112e+00,3.113927691099640030e-03,8.516405431705653542e-04
3.931000000000000000e+03,1.092292626479898776e-01,4.000000000000000000e+00,3.085418284188479101e-03,1.960751124629521002e-04
3.932000000000000000e+03,1.092293101224142415e-01,4.000000000000000888e+00,3.077069286475080621e-03,5.240772423251592507e-04
3.933000000000000000e+03,1.092294150126521257e-01,4.000000000000000000e+00,3.109855559380603814e-03,8.513357067810369558e-04
3.934000000000000000e+03,1.092293181728395124e-01,3.999999999999999556e+00,3.072292120295210763e-03,6.435588877573354379e-04
3.935000000000000000e+03,1.092292001122508183e-01,4.000000000000000888e+00,3.086844844058189707e-03,1.282056343054499851e-04
3.936000000000000000e+03,1.092292487518280036e-01,4.000000000000000000e+00,3.097617812849832574e-03,5.043469656888341542e-04
3.937000000000000000e+03,1.092293004297013870e-01,4.000000000000000000e+00,3.066540054131134448e-03,7.130777976587050412e-04
3.938000000000000000e+03,1.092292212730711365e-01,4.000000000000000888e+00,3.095215542466422595e-03,5.069731258974673367e-04
3.939000000000000000e+03,1.092291542391924664e-01,4.000000000000000000e+00,3.080500591876034634e-03,2.378524713449451289e-04
3.940000000000000000e+03,1.092291983559980917e-01,4.000000000000001776e+00,3.071049634820300668e-03,5.282287270445868051e-04
3.941000000000000000e+03,1.092292285244393507e-01,4.000000000000000888e+00,3.091883735016981005e-03,6.667615753799351931e-04
3.942000000000000000e+03,1.092291784308371122e-01,3.999999999999999112e+00,3.072083577845788772e-03,5.558558491335777521e-04
3.943000000000000000e+03,1.092291624071135281e-01,4.000000000000000000e+00,3.073147032037007627e-03,5.481211316241079269e-04
3.944000000000000000e+03,1.092292287828340036e-01,3.999999999999999112e+00,3.089486551234233401e-03,7.773649718441486738e-04
3.945000000000000000e+03,1.092292911386250343e-01,4.000000000000000000e+00,3.061257215879241954e-03,9.473631196142930826e-04
3.946000000000000000e+03,1.092293349881741787e-01,4.000000000000000000e+00,3.086361920690667941e-03,1.055590911760841437e-03
3.947000000000000000e+03,1.092294472290449986e-01,4.000000000000000888e+00,3.071588286341809301e-03,1.263197891716032585e-03
3.948000000000000000e+03,1.092296577298836613e-01,4.000000000000000000e+00,3.074829382008931276e-03,1.565203102834510909e-03
3.949000000000000000e+03,1.092299063574783541e-01,4.000000000000000000e+00,3.076962980660478963e-03,1.857059787198963230e-03
3.950000000000000000e+03,1.092301617398294122e-01,4.000000000000000000e+00,3.083314340388923838e-03,2.115043743774060181e-03
3.951000000000000000e+03,1.092304038081250567e-01,4.000000000000000888e+00,3.065318863603481297e-03,2.334347954599162809e-03
3.952000000000000000e+03,1.092305138256659536e-01,4.000000000000000000e+00,3.096763872964350319e-03,2.432456796858731285e-03
3.953000000000000000e+03,1.092303269935512855e-01,4.000000000000000888e+00,3.058462503608108847e-03,2.293516059161406027e-03
3.954000000000000000e+03,1.092298497132178081e-01,4.000000000000000000e+00,3.083269754590659516e-03,1.868190454606955203e-03
3.955000000000000000e+03,1.092293062299360407e-01,4.000000000000000888e+00,3.063042326384596194e-03,1.213337751040426777e-03
3.956000000000000000e+03,1.092289669845904060e-01,4.000000000000000888e+00,3.058902894735259902e-03,4.805866946171626942e-04
3.957000000000000000e+03,1.092289421842904118e-01,4.000000000000000888e+00,3.069213272901070121e-03,4.314537849439205081e-04
3.958000000000000000e+03,1.092291489873871979e-01,4.000000000000000000e+00,3.055072016795753412e-03,1.013149059840055951e-03
3.959000000000000000e+03,1.092293921476137214e-01,3.999999999999998224e+00,3.067966325762282696e-03,1.415080593283892050e-03
3.960000000000000000e+03,1.092294682522774452e-01,4.000000000000000000e+00,3.059959152271663711e-03,1.530884491194828018e-03
3.961000000000000000e+03,1.092293056068020934e-01,4.000000000000000000e+00,3.062599583053092402e-03,1.331941104093136785e-03
3.962000000000000000e+03,1.092290265554138051e-01,4.000000000000000888e+00,3.054612393428593042e-03,8.726824153806853101e-04
3.963000000000000000e+03,1.092288360393060265e-01,3.999999999999999556e+00,3.058696115986248021e-03,2.920180325638419309e-04
3.964000000000000000e+03,1.092288321062108575e-01,3.999999999999999112e+00,3.051019823721615957e-03,3.479723660405162518e-04
3.965000000000000000e+03,1.092289503792616551e-01,4.000000000000000000e+00,3.054687892795628166e-03,7.881340538570205277e-04
3.966000000000000000e+03,1.092290532430450212e-01,4.000000000000001776e+00,3.056484002804138369e-03,1.030900896318456697e-03
3.967000000000000000e+03,1.092290449250761103e-01,4.000000000000000888e+00,3.047539963734288270e-03,1.039963680330024173e-03
3.968000000000000000e+03,1.092289288263779412e-01,4.000000000000000000e+00,3.056741041445340621e-03,8.292050376913906581e-04
3.969000000000000000e+03,1.092287905254628599e-01,3.999999999999999556e+00,3.045620191585247417e-03,4.594379001610856303e-04
3.970000000000000000e+03,1.092287257958384494e-01,4.000000000000000888e+00,3.046617372346799822e-03,1.159061123726986414e-04
3.971000000000000000e+03,1.092287570112301376e-01,4.000000000000000000e+00,3.052404843147533877e-03,4.253726621257931917e-04
3.972000000000000000e+03,1.092288235736970370e-01,4.000000000000000888e+00,3.037505309131667552e-03,6.964348082774022642e-04
3.973000000000000000e+03,1.092288492929433530e-01,3.999999999999999112e+00,3.055601944529702085e-03,7.937735190152050589e-04
3.974000000000000000e+03,1.092288073493096062e-01,3.999999999999999112e+00,3.035223895205563412e-03,7.217589894825645388e-04
3.975000000000000000e+03,1.092287379938332303e-01,4.000000000000000888e+00,3.050379220588580586e-03,5.512043295626634174e-04
3.976000000000000000e+03,1.092286968855880891e-01,3.999999999999999112e+00,3.035146404594341821e-03,4.438480238923001898e-04
3.977000000000000000e+03,1.092287147317428514e-01,4.000000000000000000e+00,3.048086903498076032e-03,5.588214443428925942e-04
3.978000000000000000e+03,1.092287807341626865e-01,3.999999999999999556e+00,3.030608679951096035e-03,7.832936943450162807e-04
3.979000000000000000e+03,1.092288700152579672e-01,4.000000000000000000e+00,3.054449480687468008e-03,9.998837556119716686e-04
3.980000000000000000e+03,1.092289685102695307e-01,4.000000000000000000e+00,3.020567877506145481e-03,1.194236494183668808e-03
3.981000000000000000e+03,1.092291021475097490e-01,4.000000000000000000e+00,3.065535277845831286e-03,1.406840556642546423e-03
3.982000000000000000e+03,1.092293149243729333e-01,4.000000000000000000e+00,3.008972571088861046e-03,1.686118031076861909e-03
3.983000000000000000e+03,1.092296478406291765e-01,4.000000000000000888e+00,3.080706520542842667e-03,2.037812414701624560e-03
3.984000000000000000e+03,1.092300648473385483e-01,4.000000000000000000e+00,2.998746648298640950e-03,2.407667780037942278e-03
3.985000000000000000e+03,1.092304381240159217e-01,4.000000000000000000e+00,3.097067820941632171e-03,2.693981397905214226e-03
3.986000000000000000e+03,1.092305276929336072e-01,3.999999999999998668e+00,2.992405545669188285e-03,2.766965965039388381e-03
3.987000000000000000e+03,1.092301578480887186e-01,4.000000000000000000e+00,3.091334506870616929e-03,2.506869216084655055e-03
3.988000000000000000e+03,1.092294127185658020e-01,3.999999999999999112e+00,2.998191017554276486e-03,1.871126235219903317e-03
3.989000000000000000e+03,1.092287180199525004e-01,4.000000000000000000e+00,3.049559871450779024e-03,9.464241942271408442e-04
3.990000000000000000e+03,1.092284732657486657e-01,3.999999999999999112e+00,3.027807789849151342e-03,1.098544265441736345e-04
3.991000000000000000e+03,1.092287143577784642e-01,4.000000000000000888e+00,3.008625974680289184e-03,9.896400455682646206e-04
3.992000000000000000e+03,1.092291185228680406e-01,4.000000000000000888e+00,3.061630945527953757e-03,1.600316719704788669e-03
3.993000000000000000e+03,1.092292879241930914e-01,4.000000000000000000e+00,2.994131057141969678e-03,1.805473862178217856e-03
3.994000000000000000e+03,1.092290715818791946e-01,4.000000000000001776e+00,3.059019061443124087e-03,1.573317521977456992e-03
3.995000000000000000e+03,1.092286595343763683e-01,4.000000000000000888e+00,3.004704819537960033e-03,9.781922920828912005e-04
3.996000000000000000e+03,1.092284068361563248e-01,3.999999999999999112e+00,3.024484266390645680e-03,1.953142622494416795e-04
3.997000000000000000e+03,1.092284678307944151e-01,3.999999999999999112e+00,3.032312916152546736e-03,5.620784171023383803e-04
3.998000000000000000e+03,1.092286885319173756e-01,3.999999999999999556e+00,2.999403709110550972e-03,1.098283743519796974e-03
3.999000000000000000e+03,1.092288028601985372e-01,3.999999999999999112e+00,3.046674036933870976e-03,1.297354474994627310e-03
4.000000000000000000e+03,1.092286851624054700e-01,3.999999999999999556e+00,2.997749600032816476e-03,1.133702454464931937e-03
