iteration,halvings,step,theta,loss,armijo_rhs,accepted,near_kink_count
0,0,0.1,-0.7829109586730388,0.020415895110713803,0.020477356018537066,True,0
1,0,0.1,-0.7804555102244586,0.02035598841875759,0.02041588908148672,True,0
2,0,0.1,-0.7780314783918294,0.020297605638375654,0.020355982542827264,True,0
3,0,0.1,-0.7756385222474246,0.020240710861570713,0.020297599912136546,True,0
4,0,0.1,-0.7732762999138184,0.02018526877359409,0.02024070528147636,True,0
5,0,0.1,-0.7709444688656928,0.02013124466192469,0.020185263336158055,True,0
6,0,0.1,-0.7686426862158113,0.0200786044235753,0.020131239363721326,True,0
7,0,0.1,-0.7663706089856697,0.020027314570835297,0.02007859926124036,True,0
8,0,0.1,-0.7641278943613354,0.01997734223555537,0.02002730954106641,True,0
9,0,0.1,-0.7619141999349868,0.019928655172075083,0.019977337335112356,True,0
10,0,0.1,-0.7597291839326569,0.019881221758889636,0.01992865039778015,True,0
11,0,0.1,-0.7575725054286876,0.019835010999148424,0.019881217107627466,True,0
12,0,0.1,-0.7554438245473895,0.01978692546179977,0.01983500646786613,True,0
13,0,0.1,-0.7531207166455597,0.019733316997184072,0.019786920064969446,True,0
14,0,0.1,-0.7508285941353683,0.01968112946171951,0.019733311743358472,True,0
15,0,0.1,-0.748567079595385,0.019630326769496373,0.019681124347271494,True,0
16,0,0.1,-0.7463357966665792,0.01958087357497184,0.019630321790872863,True,0
17,0,0.1,-0.7441343702829228,0.01953273527172434,0.019580868728693718,True,0
18,0,0.1,-0.741962426887359,0.01948587798999786,0.019532730554386226,True,0
19,0,0.1,-0.7398195946337321,0.01944026859313751,0.019485873398267795,True,0
20,0,0.1,-0.7377055035752662,0.019395874673011432,0.019440264123756507,True,0
21,0,0.1,-0.7356197858401645,0.019352664544509672,0.01939587032279296,True,0
22,0,0.1,-0.733562075794892,0.019310607239205163,0.019352660310339043,True,0
23,0,0.1,-0.7315320101956849,0.019269672498256903,0.019310603118038824,True,0
24,0,0.1,-0.729529228328822,0.019229830764631223,0.019269668487121697,True,0
25,0,0.1,-0.7275533721401727,0.01919105317471156,0.019229826860623543,True,0
26,0,0.1,-0.7256040863545252,0.01915331154936379,0.019191049374996487,True,0
27,0,0.1,-0.7236810185851826,0.019116578384518967,0.019153307851174143,True,0
28,0,0.1,-0.7217838194342956,0.019080826841331902,0.01911657478515435,True,0
29,0,0.1,-0.7199121425843905,0.01904603073596984,0.019080823338157672,True,0
30,0,0.1,-0.7180656448815316,0.019012164529081905,0.01904602732641607,True,0
31,0,0.1,-0.7162439864105427,0.01897920331499646,0.01901216121064232,True,0
32,0,0.1,-0.7144468305626979,0.018947122810689984,0.018979200085227316,True,0
33,0,0.1,-0.7126738440962759,0.01891589934456826,0.018947119667208974,True,0
34,0,0.1,-0.7109246971903564,0.01888550984509723,0.01891589628505336,True,0
35,0,0.1,-0.7091990634922253,0.01885593182931843,0.01888550686728557,True,0
36,0,0.1,-0.7074966201587354,0.01882714339128072,0.018855928931005125,True,0
37,0,0.1,-0.7058170478919626,0.0187991231904181,0.018827140570317723,True,0
38,0,0.1,-0.7041600309694764,0.01877185043990039,0.01879912044471302,True,0
39,0,0.1,-0.7025252572695343,0.018745304894981663,0.01877184776741534,True,0
40,0,0.1,-0.7009124182914961,0.018719466841369162,0.018745302293732093,True,0
41,0,0.1,-0.6993212091717392,0.018694317083633144,0.0187194643094227,True,0
42,0,0.1,-0.697751328695346,0.018669836933676784,0.018694314619108435,True,0
43,0,0.1,-0.6962024793038193,0.01864600819928275,0.018669834534742347,True,0
44,0,0.1,-0.6946743670990749,0.018622813172752214,0.018646005864155837,True,0
45,0,0.1,-0.6931667018439426,0.01860023461964994,0.01862281089969769,True,0
46,0,0.1,-0.691679196959401,0.018578255767667896,0.018600232406979157,True,0
47,0,0.1,-0.6902115695187605,0.018556860295618545,0.01857825361373759,True,0
48,0,0.1,-0.6887635402389932,0.018536032322567644,0.01855685819882975,True,0
49,0,0.1,-0.687334833469408,0.018515756397115092,0.01853603028136461,True,0
50,0,0.1,-0.6859251771778497,0.018496017486831752,0.018515754409984233,True,0
51,0,0.1,-0.6845343029345994,0.018476800967858528,0.018496015552300592,True,0
52,0,0.1,-0.68316194589414,0.018458092614673592,0.01847679908449468,True,0
53,0,0.1,-0.6818078447749458,0.018439878590032578,0.01845809078108375,True,0
54,0,0.1,-0.6804717418374429,0.018422145435085767,0.01843987680486152,True,0
55,0,0.1,-0.6791533828602835,0.018404880059675634,0.018422143697015374,True,0
56,0,0.1,-0.6778525171150676,0.018388069732817387,0.01840487836742395,True,0
57,0,0.1,-0.6765688973396378,0.01837170207336456,0.018388068085137658,True,0
58,0,0.1,-0.6753022797100686,0.018355765040861186,0.018371700469044343,True,0
59,0,0.1,-0.674052423811463,0.01834024692658144,0.018355763478721417,True,0
60,0,0.1,-0.6728190926076628,0.018325136344757437,0.018340245405475582,True,0
61,0,0.1,-0.6716020524099752,0.018310422223994927,0.018325134863570593,True,0
62,0,0.1,-0.6704010728450103,0.01829609379887697,0.01831042078164301,True,0
63,0,0.1,-0.6692159268217206,0.01828214060175461,0.018296092394305876,True,0
64,0,0.1,-0.6680463904977262,0.018268552454723745,0.0182821392339394,True,0
65,0,0.1,-0.6668922432450065,0.01825531946178674,0.018268551122667863,True,0
66,0,0.1,-0.6657532676150345,0.018242432001197465,0.018255318164521254,True,0
67,0,0.1,-0.664629249303423,0.018229880717987753,0.0182424307377803,True,0
68,0,0.1,-0.663519977114151,0.01821765651667344,0.018229879487502963,True,0
69,0,0.1,-0.6624252429234316,0.018205750554137812,0.01821765531823049,True,0
70,0,0.1,-0.6613448416432811,0.018194154232690073,0.018205749386870886,True,0
71,0,0.1,-0.6602785711848442,0.018182859193296375,0.018194153095757382,True,0
72,0,0.1,-0.6592262324215268,0.018171857308980868,0.0181828580858795,True,0
73,0,0.1,-0.6581876291519846,0.018161140678394003,0.01817185623028412,True,0
74,0,0.1,-0.6571625680630135,0.01815070161954529,0.018161139627643767,True,0
75,0,0.1,-0.6561508586923839,0.018140532663697764,0.018150700595989437,True,0
76,0,0.1,-0.6551523133916566,0.01813062654942102,0.018140531666605047,True,0
77,0,0.1,-0.6541667472890207,0.01812097621679997,0.018130625578080477,True,0
78,0,0.1,-0.6531939782521842,0.018111574801796294,0.01812097527052037,True,0
79,0,0.1,-0.6522338268513509,0.018102415630759438,0.01811157387990558,True,0
80,0,0.1,-0.651286116322314,0.018093492215084158,0.01810241473260419,True,0
81,0,0.1,-0.6503506725296917,0.018084798246011526,0.018093491340029067,True,0
82,0,0.1,-0.6494273239303319,0.018076327589570156,0.01808479739343889,True,0
83,0,0.1,-0.6485159015369094,0.01806807428165485,0.018076326758879376,True,0
84,0,0.1,-0.6476162388817371,0.0180600325232392,0.018068073472261956,True,0
85,0,0.1,-0.6467281719808107,0.01805219667571941,0.01806003173457638,True,0
86,0,0.1,-0.6458515392981057,0.018044561256386066,0.01805219590723455,True,0
87,0,0.1,-0.6449861817101445,0.018037120934020996,0.01804456050754231,True,0
88,0,0.1,-0.6441319424708478,0.01802987052461599,0.01803712020429632,True,0
89,0,0.1,-0.6432886671766842,0.018022804987210733,0.01802986981350277,True,0
90,0,0.1,-0.6424562037321326,0.018015919419846673,0.018022804294215346,True,0
91,0,0.1,-0.6416344023154672,0.018009209055634218,0.018015918744489105,True,0
92,0,0.1,-0.6408231153448758,0.01800266925893024,0.01800920839744767,True,0
93,0,0.1,-0.6400221974449225,0.01799629552162313,0.01800266861746076,True,0
94,0,0.1,-0.6392315054133609,0.01799008345952262,0.01799629489642924,True,0
95,0,0.1,-0.6384508981883069,0.017984028808851728,0.01799008285017498,True,0
96,0,0.1,-0.6376802368157768,0.017978127422838018,0.017984028214932776,True,0
97,0,0.1,-0.6369193844175972,0.017972375268401675,0.017978126843941646,True,0
98,0,0.1,-0.636168206159691,0.017966768422937776,0.0179723747041329,True,0
99,0,0.1,-0.6354265692207446,0.01796130307119023,0.017966767872912428,True,0
100,0,0.1,-0.6346943427612581,0.017955975502214935,0.01796130253503464,True,0
101,0,0.1,-0.6339713978929846,0.017950782106429673,0.017955974979565654,True,0
102,0,0.1,-0.633257607648757,0.017945719372748546,0.017950781596933158,True,0
103,0,0.1,-0.6325528469527076,0.017940783885798374,0.017945718876060907,True,0
104,0,0.1,-0.6318569925908794,0.01793597232321499,0.01794078340158508,True,0
105,0,0.1,-0.6311699231822308,0.01793128145301724,0.017935971851150617,True,0
106,0,0.1,-0.6304915191500347,0.01792670813105631,0.01793128099278521,True,0
107,0,0.1,-0.6298216626936699,0.01792224929853855,0.01792670768234864,True,0
108,0,0.1,-0.6291602377608068,0.01791790197961945,0.017922248861055607,True,0
109,0,0.1,-0.628507130019984,0.01791366327906712,0.01791790155306973,True,0
110,0,0.1,-0.6278622268335772,0.017909530379992822,0.017913662863167,True,0
111,0,0.1,-0.6272254172311562,0.017905500541647155,0.017909529974466352,True,0
112,0,0.1,-0.626596591883231,0.01790157109727975,0.01790550014622584,True,0
113,0,0.1,-0.6259756430753821,0.01789773945206055,0.017901570711702328,True,0
114,0,0.1,-0.6253624646827751,0.017894003081061358,0.01789773907607281,True,0
115,0,0.1,-0.6247569521450557,0.01789035952729532,0.017894002714415925,True,0
116,0,0.1,-0.6241590024416221,0.017886806399813247,0.01789035916975147,True,0
117,0,0.1,-0.6235685140672742,0.017883341371854718,0.017886806051136725,True,0
118,0,0.1,-0.6229853870082322,0.01787996217905268,0.01788334103181755,True,0
119,0,0.1,-0.6224095227185262,0.017876666617689697,0.017879961847433002,True,0
120,0,0.1,-0.6218408240967498,0.017873452543004684,0.017876666294271575,True,0
121,0,0.1,-0.6212791954631756,0.017870317867548384,0.01787345222757796,True,0
122,0,0.1,-0.6207245425372291,0.017867260559586304,0.017870317559908516,True,0
123,0,0.1,-0.6201767724153165,0.017864278641547698,0.017867260259534196,True,0
124,0,0.1,-0.6196357935490036,0.017861370188519285,0.017864278348889564,True,0
125,0,0.1,-0.6191015157235399,0.017858533326782333,0.01786136990306649,True,0
126,0,0.1,-0.6185738500367268,0.017855766232391816,0.017858533048351256,True,0
127,0,0.1,-0.618052708878123,0.01785306712979666,0.01785576596080371,True,0
128,0,0.1,-0.6175380059085847,0.017850434290499435,0.017853066864877514,True,0
129,0,0.1,-0.6170296560401357,0.01784786603175477,0.017850434032079848,True,0
130,0,0.1,-0.616527575416164,0.01784536071530511,0.017847865779669816,True,0
131,0,0.1,-0.6160316813919388,0.01784291674615278,0.01784536046939423,True,0
132,0,0.1,-0.615541892515446,0.017840532571367248,0.017842916506259635,True,0
133,0,0.1,-0.6150581285085367,0.017838206678926702,0.017840532337339635,True,0
134,0,0.1,-0.6145803102483836,0.017835937596592702,0.01783820645061641,True,0
135,0,0.1,-0.6141083597492426,0.017833723890817145,0.01783593737385543,True,0
136,0,0.1,-0.6136422001445149,0.017831564165680474,0.017833723673512367,True,0
137,0,0.1,-0.6131817556691037,0.017829457061860208,0.01783156395367136,True,0
138,0,0.1,-0.6127269516420638,0.017827401255629028,0.017829456855013505,True,0
139,0,0.1,-0.6122777144495376,0.017825395457881338,0.017827401053814973,True,0
140,0,0.1,-0.6118339715279745,0.017823438413187703,0.017825395260973556,True,0
141,0,0.1,-0.6113956513476285,0.01782152889887612,0.017823438221063123,True,0
142,0,0.1,-0.6109626833963315,0.017819665724139493,0.01782152871141487,True,0
143,0,0.1,-0.6105349981635352,0.017817847729168515,0.017819665541224834,True,0
144,0,0.1,-0.6101125271246203,0.0178160737843091,0.017817847550686737,True,0
145,0,0.1,-0.6096952027254674,0.01781434278924375,0.017816073610149443,True,0
146,0,0.1,-0.6092829583672855,0.01781265367219622,0.01781434261929834,True,0
147,0,0.1,-0.6088757283916946,0.017811005389158543,0.017812653506359966,True,0
148,0,0.1,-0.6084734480660571,0.017809396923140066,0.017811005227329084,True,0
149,0,0.1,-0.6080760535690563,0.017807827283437615,0.01780939676521768,True,0
150,0,0.1,-0.607683481976515,0.017806295504926323,0.01780782712932516,True,0
151,0,0.1,-0.6072956712474535,0.017804800647370386,0.017806295354529163,True,0
152,0,0.1,-0.6069125602103799,0.017803341794753312,0.01780480050059632,True,0
153,0,0.1,-0.6065340885498112,0.017801918054626907,0.017803341651512514,True,0
154,0,0.1,-0.6061601967930208,0.017800528557478677,0.01780191791483186,True,0
155,0,0.1,-0.6057908262970081,0.017799172456116882,0.017800528421044112,True,0
156,0,0.1,-0.6054259192356866,0.01779784892507287,0.01779917232295972,True,0
157,0,0.1,-0.6050654185872875,0.017796557160020175,0.017797848795112155,True,0
158,0,0.1,-0.6047092681219747,0.017795296377209776,0.01779655703317702,True,0
159,0,0.1,-0.6043574123896671,0.01779406581292124,0.017795296253407318,True,0
160,0,0.1,-0.6040097967080662,0.017792864722929066,0.017794065692084575,True,0
161,0,0.1,-0.6036663671508835,0.01779169238198401,0.017792864604985206,True,0
162,0,0.1,-0.603327070536266,0.01779054808330876,0.01779169226686182,True,0
163,0,0.1,-0.6029918544154156,0.017789431138107634,0.017790547970938913,True,0
164,0,0.1,-0.6026606670613989,0.017788340875089993,0.01778943102842257,True,0
165,0,0.1,-0.6023334574581447,0.017787276640006705,0.01778834076802387,True,0
166,0,0.1,-0.602010175289626,0.017786237795199555,0.017787276535495344,True,0
167,0,0.1,-0.6016907709292219,0.017785223719163135,0.01778623769318041,True,0
168,0,0.1,-0.6013751954292584,0.017784233806118724,0.017785223619575238,True,0
169,0,0.1,-0.6010634005107238,0.01778326746560004,0.017784233708902652,True,0
170,0,0.1,-0.6007553385531549,0.017782324122050337,0.01778326737069787,True,0
171,0,0.1,-0.6004509625846929,0.0177814032144306,0.01778232402940561,True,0
172,0,0.1,-0.600150226272305,0.017780504195838515,0.01778140312398827,True,0
173,0,0.1,-0.5998530839121681,0.017779626533137916,0.017780504107544934,True,0
174,0,0.1,-0.5995594904202132,0.017778769706598332,0.017779626446940776,True,0
175,0,0.1,-0.5992694013228266,0.017777933209544468,0.017778769622446646,True,0
176,0,0.1,-0.5989827727477056,0.017777116548015198,0.017777933127388526,True,0
177,0,0.1,-0.5986995614148662,0.01777631924043195,0.01777711646780654,True,0
178,0,0.1,-0.5984197246277992,0.017775540817276062,0.017776319162123324,True,0
179,0,0.1,-0.5981432202647733,0.017774780820774955,0.0177755407408214,True,0
180,0,0.1,-0.5978700067702815,0.017774038804596822,0.017774780746129343,True,0
181,0,0.1,-0.5976000431466293,0.017773314333553652,0.017774038731716464,True,0
182,0,0.1,-0.5973332889456614,0.017772606983312258,0.017773314262395846,True,0
183,0,0.1,-0.5970697042606246,0.017771916340113176,0.017772606913835372,True,0
184,0,0.1,-0.5968092497181645,0.017771242000497137,0.017771916272276606,True,0
185,0,0.1,-0.5965518864704548,0.01777058357103892,0.017771241934261297,True,0
186,0,0.1,-0.5962975761874537,0.017769940668088437,0.0177705835063652,True,0
187,0,0.1,-0.5960462810492897,0.01776931291751876,0.01776994060493919,True,0
188,0,0.1,-0.59579796373877,0.017768699954480924,0.017769312855857273,True,0
189,0,0.1,-0.5955525874340128,0.017768101423165324,0.017768699894271392,True,0
190,0,0.1,-0.5953101158011991,0.017767516976569545,0.017768101364372832,True,0
191,0,0.1,-0.5950705129874425,0.017766946276272354,0.017767516919160037,True,0
192,0,0.1,-0.5948337436137763,0.01776638899221385,0.017766946220212618,True,0
193,0,0.1,-0.5945997727682528,0.017765844802481338,0.017766388937471494,True,0
194,0,0.1,-0.5943685659991564,0.017765313393101077,0.01776584474902477,True,0
195,0,0.1,-0.5941400893083254,0.017764794457835468,0.01776531334089948,True,0
196,0,0.1,-0.5939143091445822,0.017764287697985725,0.017764794406858787,True,0
197,0,0.1,-0.5936911923972702,0.017763792822199698,0.017764287648204643,True,0
198,0,0.1,-0.5934707063898944,0.01776330954628493,0.01776379277358562,True,0
199,0,0.1,-0.5932528188738645,0.017762837593026555,0.01776330949880996,True,0
200,0,0.1,-0.5930374980223388,0.017762376692010085,0.017762837546663485,True,0
201,0,0.1,-0.592824712424167,0.017761926579448882,0.017762376646732372,True,0
202,0,0.1,-0.5926144310779297,0.01776148699801616,0.01776192653523064,True,0
203,0,0.1,-0.5924066233860737,0.01776105769668143,0.017761486954832123,True,0
204,0,0.1,-0.5922012591491412,0.017760638430551336,0.017761057654506963,True,0
205,0,0.1,-0.5919983085600903,0.01776022896071451,0.017760638389362395,True,0
206,0,0.1,-0.5917977421987065,0.017759829054090688,0.017760228920487644,True,0
207,0,0.1,-0.5915995310261033,0.0177594384832837,0.017759829014803018,True,0
208,0,0.1,-0.5914036463793092,0.017759057026438298,0.017759438444912904,True,0
209,0,0.1,-0.5912100599659416,0.017758684467100747,0.017759056988962598,True,0
210,0,0.1,-0.5910187438589637,0.017758320594083166,0.017758684430498894,True,0
211,0,0.1,-0.5908296704915257,0.01775796520133125,0.01775832055833443,True,0
212,0,0.1,-0.5906428126518857,0.017757618087795538,0.0177579651664154,True,0
213,0,0.1,-0.5904581434784117,0.017757279057306036,0.017757618053692834,True,0
214,0,0.1,-0.5902756364546619,0.017756947918450082,0.01775727902399722,True,0
215,0,0.1,-0.5900952654045415,0.017756624484453403,0.017756947885916367,True,0
216,0,0.1,-0.5899170044875363,0.01775630857306425,0.017756624452676447,True,0
217,0,0.1,-0.58974082819402,0.017756000006440523,0.017756308542026165,True,0
218,0,0.1,-0.5895667113406351,0.017755698611039882,0.017755999976123843,True,0
219,0,0.1,-0.5893946290657456,0.017755404217512618,0.017755698581427573,True,0
220,0,0.1,-0.5892245568249603,0.017755116660597366,0.01775540418858805,True,0
221,0,0.1,-0.5890564703867258,0.017754835779019464,0.017755116632344317,True,0
222,0,0.1,-0.5888903458279876,0.017754561415391952,0.017754835751422095,True,0
223,0,0.1,-0.588726159529918,0.017754293416119116,0.01775456138843481,True,0
224,0,0.1,-0.5885638881737107,0.01775403163130252,0.017754293389787124,True,0
225,0,0.1,-0.5884035087364394,0.017753775914649477,0.017754031605580957,True,0
226,0,0.1,-0.5882449984869802,0.017753526123383788,0.017753775889523978,True,0
227,0,0.1,-0.5880883349819972,0.017753282118158825,0.017753526098840334,True,0
228,0,0.1,-0.5879334960619887,0.017753043762972917,0.017753282094183732,True,0
229,0,0.1,-0.5877804598473948,0.017752810925086737,0.017753043739552835,True,0
230,0,0.1,-0.5876292047347634,0.017752583474942907,0.017752810902208628,True,0
231,0,0.1,-0.5874797093929757,0.01775236128608766,0.017752583452594048,True,0
232,0,0.1,-0.5873319527595278,0.017752144235094434,0.01775236126425564,True,0
233,0,0.1,-0.5871859140368704,0.01775193220148948,0.017752144213767126,True,0
234,0,0.1,-0.5870415726888024,0.0177517250676793,0.017751932180655055,True,0
235,0,0.1,-0.58689890843692,0.017751522718880013,0.017751725047326212,True,0
236,0,0.1,-0.5867579012571191,0.01775132504304839,0.017751522698996988,True,0
237,0,0.1,-0.5866185313761502,0.01775113193081478,0.017751325023624427,True,0
238,0,0.1,-0.5864807792682255,0.017750943275417604,0.017751131911839135,True,0
239,0,0.1,-0.5863446256516769,0.01775075897263962,0.017750943256879797,True,0
240,0,0.1,-0.5862100514856637,0.017750578920745705,0.017750758954529412,True,0
241,0,0.1,-0.5860770379669301,0.017750403020422252,0.017750578903053107,True,0
242,0,0.1,-0.5859455665266106,0.01775023117471813,0.017750403003137512,True,0
243,0,0.1,-0.5858156188270832,0.017750063288987046,0.017750231157831725,True,0
244,0,0.1,-0.5856871767588699,0.01774989927083142,0.01775006327248968,True,0
245,0,0.1,-0.5855602224375822,0.017749739030047673,0.01774989925471402,True,0
246,0,0.1,-0.5854347382009126,0.017749582478572848,0.01774973901430138,True,0
247,0,0.1,-0.585310706605671,0.0177494295304326,0.01774958246318901,True,0
248,0,0.1,-0.5851881104248633,0.017749280101690516,0.017749429515402777,True,0
249,0,0.1,-0.5850669326448151,0.01774913411039859,0.01774928008700646,True,0
250,0,0.1,-0.5849471564623363,0.01774899147654912,0.017749134096052256,True,0
251,0,0.1,-0.5848287652819276,0.01774885212202763,0.017748991462532646,True,0
252,0,0.1,-0.5847117427130284,0.01774871597056709,0.017748852108333348,True,0
253,0,0.1,-0.5845960725673044,0.01774858294770318,0.017748715957187508,True,0
254,0,0.1,-0.5844817388559754,0.017748452980730783,0.017748582934630983,True,0
255,0,0.1,-0.5843687257871816,0.017748325998661437,0.01774845296795883,True,0
256,0,0.1,-0.5842570177633885,0.01774820193218195,0.017748325986182756,True,0
257,0,0.1,-0.5841465993788292,0.017748080713613966,0.017748201919989732,True,0
258,0,0.1,-0.5840374554169843,0.017747962276874585,0.01774808070170156,True,0
259,0,0.1,-0.5839295708480978,0.017747846557437937,0.017747962265235506,True,0
260,0,0.1,-0.5838229308267291,0.017747733492297725,0.017747846546065843,True,0
261,0,0.1,-0.5837175206893402,0.01774762301993065,0.01774773348118643,True,0
262,0,0.1,-0.5836133259519181,0.017747515080260807,0.017747623009074107,True,0
263,0,0.1,-0.5835103323076303,0.017747409614624912,0.017747515069653115,True,0
264,0,0.1,-0.5834085256245154,0.017747306565738395,0.01774740960426031,True,0
265,0,0.1,-0.5833078919432056,0.017747205877662344,0.017747306555611256,True,0
266,0,0.1,-0.5832084174746823,0.01774710749577127,0.017747205867767173,True,0
267,0,0.1,-0.5831100885980635,0.01774701136672161,0.0177471074861027,True,0
268,0,0.1,-0.5830128918584228,0.017746917438421113,0.017747011357274405,True,0
269,0,0.1,-0.5829168139646398,0.017746825659998827,0.01774691742919015,True,0
270,0,0.1,-0.5828218417872805,0.01774673598177597,0.01774682565097911,True,0
271,0,0.1,-0.5827279623565075,0.017746648355237444,0.017746735972962623,True,0
272,0,0.1,-0.5826351628600208,0.017746562733004012,0.017746648346625697,True,0
273,0,0.1,-0.5825434306410269,0.01774647906880527,0.017746562724589212,True,0
274,0,0.1,-0.5824527531962362,0.017746397317453148,0.01774647906058287,True,0
275,0,0.1,-0.58236311817389,0.017746317434816156,0.01774639730941871,True,0
276,0,0.1,-0.5822745133718134,0.017746239377794223,0.017746317426965346,True,0
277,0,0.1,-0.5821869267354969,0.01774616310429411,0.017746239370122804,True,0
278,0,0.1,-0.5821003463562044,0.017746088573205542,0.017746163096797947,True,0
279,0,0.1,-0.5820147604691078,0.017746015744377765,0.0177460885658806,True,0
280,0,0.1,-0.5819301574514468,0.017745944578596802,0.017746015737220094,True,0
281,0,0.1,-0.5818465258207156,0.017745875037563204,0.017745944571602553,True,0
282,0,0.1,-0.5817638542328742,0.017745807083870333,0.017745875030728612,True,0
283,0,0.1,-0.5816821314805846,0.017745740680983217,0.017745807077191724,True,0
284,0,0.1,-0.5816013464914709,0.017745675793217848,0.017745740674457004,True,0
285,0,0.1,-0.5815214883264048,0.017745612385721077,0.017745675786840522,True,0
286,0,0.1,-0.5814425461778135,0.01774555042445094,0.017745612379489215,True,0
287,0,0.1,-0.5813645093680118,0.01774548987615741,0.017745550418361195,True,0
288,0,0.1,-0.5812873673475563,0.01774543070836373,0.017745489870206518,True,0
289,0,0.1,-0.5812111096936233,0.01774537288934811,0.017745430702548498,True,0
290,0,0.1,-0.5811357261084085,0.01774531638812591,0.017745372883665428,True,0
291,0,0.1,-0.5810612064175479,0.017745261174432213,0.017745316382572728,True,0
292,0,0.1,-0.5809875405685615,0.01774520721870487,0.017745261169005558,True,0
293,0,0.1,-0.5809147186293179,0.017745154492067903,0.017745207213401833,True,0
294,0,0.1,-0.580842730786519,0.017745102966315356,0.017745154486885652,True,0
295,0,0.1,-0.5807715673442071,0.01774505261389546,0.01774510296125112,True,0
296,0,0.1,-0.58070121872229,0.01774500340789531,0.01774505260894653,True,0
297,0,0.1,-0.5806316754550883,0.017744955322025746,0.017745003403059043,True,0
298,0,0.1,-0.5805629281899013,0.01774490833060673,0.017744955317299558,True,0
299,0,0.1,-0.5804949676855922,0.01774486240855303,0.017744908325988098,True,0
300,0,0.1,-0.5804277848111927,0.01774481753136021,0.01774486240403949,True,0
301,0,0.1,-0.5803613705445269,0.01774477367509099,0.017744817526949355,True,0
302,0,0.1,-0.5802957159708526,0.017744730816361964,0.017744773670780464,True,0
303,0,0.1,-0.5802308122815223,0.017744688932330582,0.017744730812149476,True,0
304,0,0.1,-0.5801666507726607,0.017744648000682435,0.017744688928213882,True,0
305,0,0.1,-0.5801032228438615,0.017744607999618946,0.017744647996659334,True,0
306,0,0.1,-0.5800405199969,0.01774456890784521,0.0177446079956873,True,0
307,0,0.1,-0.5799785338344644,0.017744530704558253,0.017744568904002927,True,0
308,0,0.1,-0.5799172560589032,0.01774449336943544,0.01774453070080329,True,0
309,0,0.1,-0.5798566784709895,0.017744456882623345,0.017744493365765796,True,0
310,0,0.1,-0.5797967929687018,0.01774442122472667,0.01774445687903707,True,0
311,0,0.1,-0.579737591546021,0.017744386376797608,0.017744421221221864,True,0
312,0,0.1,-0.5796790662917433,0.01774435232032533,0.017744386373372403,True,0
313,0,0.1,-0.579621209388309,0.017744319037225828,0.01774435231697791,True,0
314,0,0.1,-0.5795640131106465,0.01774428650983191,0.017744319033954414,True,0
315,0,0.1,-0.5795074698250324,0.017744254720883486,0.017744286506634767,True,0
316,0,0.1,-0.5794515719879654,0.01774422365351807,0.01774425471775892,True,0
317,0,0.1,-0.5793963121450557,0.017744193291261517,0.01774422365046442,True,0
318,0,0.1,-0.5793416829299296,0.017744163618018963,0.017744193288277164,True,0
319,0,0.1,-0.5792876770631474,0.017744134618065975,0.01774416361510233,True,0
320,0,0.1,-0.5792342873511364,0.01774410627603994,0.017744134615215512,True,0
321,0,0.1,-0.579181506685137,0.017744078576931645,0.01774410627325414,True,0
322,0,0.1,-0.579129328040164,0.017744051506077014,0.017744078574209034,True,0
323,0,0.1,-0.5790777444739799,0.017744025049149154,0.01774405150341615,True,0
324,0,0.1,-0.5790267491260824,0.017743999192150438,0.01774402504654863,True,0
325,0,0.1,-0.5789763352167057,0.017743973921404865,0.017743999189608877,True,0
326,0,0.1,-0.578926496045833,0.01774394922355065,0.01774397391892092,True,0
327,0,0.1,-0.5788772249922243,0.017743925085532845,0.01774394922112301,True,0
328,0,0.1,-0.5788285155124545,0.017743901494596252,0.017743925083160233,True,0
329,0,0.1,-0.5787803611399657,0.017743878438278453,0.01774390149227741,True,0
330,0,0.1,-0.5787327554841305,0.017743855904403038,0.017743878436012155,True,0
331,0,0.1,-0.5786856922293286,0.017743833881072982,0.017743855902188087,True,0
332,0,0.1,-0.5786391651340346,0.017743812356664092,0.01774383387890821,True,0
333,0,0.1,-0.5785931680299173,0.017743791319818757,0.017743812354548357,True,0
334,0,0.1,-0.5785476948209519,0.017743770759439774,0.017743791317750945,True,0
335,0,0.1,-0.5785027394825419,0.017743750664684255,0.01774377075741879,True,0
336,0,0.1,-0.5784582960606539,0.0177437310249578,0.017743750662709036,True,0
337,0,0.1,-0.5784143586709625,0.017743711829908724,0.017743731023027304,True,0
338,0,0.1,-0.5783709214980062,0.017743693069422417,0.017743711828021935,True,0
339,0,0.1,-0.578327978794355,0.01774367473361589,0.01774369306757834,True,0
340,0,0.1,-0.5782855248797879,0.017743656812832454,0.017743674731813555,True,0
341,0,0.1,-0.5782435541404807,0.01774363929763638,0.017743656811070912,True,0
342,0,0.1,-0.5782020610282047,0.017743622178807907,0.0177436392959147,True,0
343,0,0.1,-0.578161040059536,0.017743605447338197,0.017743622177125187,True,0
344,0,0.1,-0.5781204858150734,0.017743589094424455,0.01774360544569355,True,0
345,0,0.1,-0.5780803929386681,0.017743573111465235,0.017743589092817015,True,0
346,0,0.1,-0.5780407561366618,0.01774355749005572,0.01774357310989416,True,0
347,0,0.1,-0.5780015701771353,0.017743542221983207,0.01774355748852018,True,0
348,0,0.1,-0.5779628298891658,0.01774352729922272,0.017743542220482397,True,0
349,0,0.1,-0.5779245301620947,0.017743512713932603,0.017743527297755853,True,0
350,0,0.1,-0.5778866659448036,0.017743498458450392,0.017743512712498903,True,0
351,0,0.1,-0.5778492322450006,0.017743484525288587,0.01774349845704911,True,0
352,0,0.1,-0.5778122241285142,0.017743470907130687,0.017743484523918985,True,0
353,0,0.1,-0.5777756367185972,0.01774345759682724,0.01774347090579205,True,0
354,0,0.1,-0.5777394651952392,0.01774344458739197,0.01774345759551886,True,0
355,0,0.1,-0.5777037047944873,0.017743431871998058,0.017743444586113162,True,0
356,0,0.1,-0.5776683508077758,0.017743419443974444,0.017743431870748155,True,0
357,0,0.1,-0.5776333985812642,0.01774340729680226,0.017743419442752786,True,0
358,0,0.1,-0.5775988435151833,0.017743395424111328,0.017743407295608207,True,0
359,0,0.1,-0.5775646810631899,0.017743383819676738,0.017743395422944255,True,0
360,0,0.1,-0.5775309067317292,0.01774337247741551,0.017743383818536032,True,0
361,0,0.1,-0.5774975160794054,0.017743361391383328,0.017743372476300576,True,0
362,0,0.1,-0.5774645047163596,0.01774335055577137,0.017743361390293578,True,0
363,0,0.1,-0.577431868303657,0.01774333996490318,0.017743350554706237,True,0
364,0,0.1,-0.5773996025526797,0.017743329613231638,0.017743339963862098,True,0
365,0,0.1,-0.5773677032245288,0.01774331949533598,0.01774332961221407,True,0
366,0,0.1,-0.5773361661294326,0.01774330960591892,0.01774331949434139,True,0
367,0,0.1,-0.5773049871261633,0.01774329993980379,0.017743309604946793,True,0
368,0,0.1,-0.57727416212146,0.017743290491931792,0.01774329993885361,True,0
369,0,0.1,-0.5772436870694596,0.017743281257359283,0.017743290491003063,True,0
370,0,0.1,-0.5772135579711344,0.017743272231255162,0.01774328125645152,True,0
371,0,0.1,-0.5771837708737366,0.01774326340889824,0.01774327223036789,True,0
372,0,0.1,-0.57715432187025,0.01774325478567478,0.017743263408030997,True,0
373,0,0.1,-0.5771252070988477,0.01774324635707599,0.01774325478482711,True,0
374,0,0.1,-0.5770964227423582,0.017743238118695638,0.017743246356247452,True,0
375,0,0.1,-0.5770679650277356,0.01774323006622771,0.017743238117885796,True,0
376,0,0.1,-0.577039830225539,0.01774322219546409,0.01774323006543614,True,0
377,0,0.1,-0.5770120146494159,0.017743214502292357,0.01774322219469038,True,0
378,0,0.1,-0.5769845146555939,0.017743206982693563,0.017743214501536108,True,0
379,0,0.1,-0.5769573266423774,0.017743199632740108,0.017743206981954376,True,0
380,0,0.1,-0.5769304470496512,0.017743192448593646,0.017743199632017596,True,0
381,0,0.1,-0.5769038723583898,0.01774318542650305,0.017743192447887433,True,0
382,0,0.1,-0.5768775990901726,0.017743178562802407,0.017743185425812765,True,0
383,0,0.1,-0.5768516238067056,0.01774317185390909,0.017743178562127693,True,0
384,0,0.1,-0.5768259431093488,0.01774316529632184,0.017743171853249595,True,0
385,0,0.1,-0.5768005536386486,0.01774315888661889,0.017743165295677214,True,0
386,0,0.1,-0.5767754520738771,0.017743152621456194,0.0177431588859888,True,0
387,0,0.1,-0.5767506351325766,0.017743146497565605,0.017743152620840315,True,0
388,0,0.1,-0.5767260995701088,0.017743140511753172,0.01774314649696361,True,0
389,0,0.1,-0.5767018421792109,0.017743134660897438,0.01774314051116475,True,0
390,0,0.1,-0.5766778597895564,0.017743128941947774,0.017743134660322284,True,0
391,0,0.1,-0.576654149267321,0.01774312335192279,0.017743128941385584,True,0
392,0,0.1,-0.5766307075147541,0.017743117887908715,0.017743123351373274,True,0
393,0,0.1,-0.5766075314697561,0.017743112547057877,0.017743117887371585,True,0
394,0,0.1,-0.5765846181054592,0.01774310732658723,0.017743112546532856,True,0
395,0,0.1,-0.5765619644298156,0.01774310222377681,0.01774310732607404,True,0
396,0,0.1,-0.576539567485188,0.017743097235968334,0.017743102223275187,True,0
397,0,0.1,-0.5765174243479478,0.017743092360563803,0.017743097235478015,True,0
398,0,0.1,-0.5764955321280761,0.01774308759502412,0.017743092360084534,True,0
399,0,0.1,-0.5764738879687705,0.017743082936867733,0.017743087594555652,True,0
400,0,0.1,-0.5764524890460564,0.017743078383669342,0.017743082936409818,True,0
401,0,0.1,-0.5764313325684031,0.01774307393305862,0.017743078383221745,True,0
402,0,0.1,-0.5764104157763443,0.017743069582718922,0.01774307393262111,True,0
403,0,0.1,-0.5763897359421041,0.017743065330386117,0.017743069582291267,True,0
404,0,0.1,-0.5763692903692256,0.017743061173847365,0.017743065329968097,True,0
405,0,0.1,-0.5763490763922061,0.01774305711093994,0.01774306117343876,True,0
406,0,0.1,-0.5763290913761354,0.017743053139550123,0.01774305711054054,True,0
407,0,0.1,-0.5763093327163389,0.017743049257612047,0.01774305313915972,True,0
408,0,0.1,-0.5762897978380246,0.01774304546310662,0.017743049257230435,True,0
409,0,0.1,-0.5762704841959353,0.0177430417540605,0.017743045462733604,True,0
410,0,0.1,-0.5762513892740038,0.017743038128544983,0.017743041753695885,True,0
411,0,0.1,-0.5762325105850127,0.017743034584675046,0.017743038128188577,True,0
412,0,0.1,-0.5762138456702588,0.017743031120608335,0.017743034584326668,True,0
413,0,0.1,-0.5761953920992209,0.017743027734544177,0.017743031120267802,True,0
414,0,0.1,-0.5761771474692314,0.017743024424722687,0.01774302773421131,True,0
415,0,0.1,-0.5761591094051529,0.01774302118942375,0.017743024424397316,True,0
416,0,0.1,-0.5761412755590573,0.017743018026966213,0.0177430211891057,True,0
417,0,0.1,-0.5761236436099095,0.01774301493570694,0.017743018026655327,True,0
418,0,0.1,-0.5761062112632555,0.017743011914039965,0.017743014935403055,True,0
419,0,0.1,-0.5760889762509124,0.01774300896039565,0.017743011913742918,True,0
420,0,0.1,-0.5760719363306642,0.017743006073239864,0.01774300896010529,True,0
421,0,0.1,-0.5760550892859597,0.017743003251073163,0.017743006072956043,True,0
422,0,0.1,-0.5760384329256145,0.017743000492430015,0.017743003250795728,True,0
423,0,0.1,-0.5760219650835171,0.01774299779587801,0.017743000492158826,True,0
424,0,0.1,-0.5760056836183374,0.017742995160017153,0.017742997795612923,True,0
425,0,0.1,-0.5759895864132396,0.017742992583479056,0.017742995159758034,True,0
426,0,0.1,-0.5759736713755984,0.017742990064926314,0.01774299258322577,True,0
427,0,0.1,-0.5759579364367179,0.017742987603051714,0.017742990064678728,True,0
428,0,0.1,-0.5759423795515545,0.017742985196577594,0.017742987602809696,True,0
429,0,0.1,-0.5759269986984429,0.01774298284425517,0.017742985196341023,True,0
430,0,0.1,-0.5759117918788255,0.01774298054486389,0.01774298284402392,True,0
431,0,0.1,-0.5758967571169846,0.01774297829721074,0.017742980544637844,True,0
432,0,0.1,-0.5758818924597785,0.01774297610012971,0.017742978296989783,True,0
433,0,0.1,-0.5758671959763795,0.017742973952481103,0.017742976099913724,True,0
434,0,0.1,-0.5758526657580164,0.017742971853150963,0.017742973952269977,True,0
435,0,0.1,-0.5758382999177194,0.017742969801050508,0.017742971852944586,True,0
436,0,0.1,-0.5758240965900676,0.017742967795115548,0.017742969800848774,True,0
437,0,0.1,-0.5758100539309403,0.017742965834305922,0.017742967794918352,True,0
438,0,0.1,-0.5757961701172709,0.01774296391760496,0.017742965834113163,True,0
439,0,0.1,-0.5757824433468035,0.017742962044018946,0.017742963917416536,True,0
440,0,0.1,-0.5757688718378525,0.01774296021257659,0.01774296204383476,True,0
441,0,0.1,-0.5757554538290653,0.01774295842232856,0.017742960212396547,True,0
442,0,0.1,-0.5757421875791876,0.01774295667234694,0.017742958422152566,True,0
443,0,0.1,-0.575729071366831,0.01774295496172474,0.017742956672174903,True,0
444,0,0.1,-0.5757161034902446,0.017742953289575484,0.017742954961556576,True,0
445,0,0.1,-0.5757032822670877,0.01774295165503266,0.0177429532894111,True,0
446,0,0.1,-0.5756906060342064,0.01774295005724935,0.017742951654871972,True,0
447,0,0.1,-0.5756780731474125,0.017742948495397717,0.01774295005709228,True,0
448,0,0.1,-0.5756656819812644,0.017742946968668648,0.017742948495244177,True,0
449,0,0.1,-0.5756534309288518,0.017742945476271227,0.01774294696851856,True,0
450,0,0.1,-0.5756413184015814,0.017742944017432438,0.017742945476124514,True,0
451,0,0.1,-0.5756293428289665,0.017742942591396665,0.017742944017289024,True,0
452,0,0.1,-0.5756175026584184,0.017742941197425373,0.017742942591256475,True,0
453,0,0.1,-0.5756057963550402,0.017742939834796655,0.017742941197288337,True,0
454,0,0.1,-0.5755942224014232,0.01774293850280491,0.0177429398346627,True,0
455,0,0.1,-0.5755827792974458,0.01774293720076043,0.017742938502673965,True,0
456,0,0.1,-0.5755714655600745,0.017742935927989097,0.017742937200632428,True,0
457,0,0.1,-0.5755602797231674,0.017742934683831955,0.017742935927863974,True,0
458,0,0.1,-0.5755492203372797,0.017742933467644946,0.017742934683709646,True,0
459,0,0.1,-0.5755382859694723,0.0177429322787985,0.017742933467525385,True,0
460,0,0.1,-0.5755274752031215,0.01774293111667727,0.01774293227868163,True,0
461,0,0.1,-0.5755167866377318,0.017742929980679775,0.017742931116563023,True,0
462,0,0.1,-0.5755062188887503,0.017742928870218073,0.017742929980568097,True,0
463,0,0.1,-0.5754957705873842,0.017742927784717515,0.017742928870108907,True,0
464,0,0.1,-0.5754854403804189,0.01774292672361638,0.017742927784610802,True,0
465,0,0.1,-0.5754752269300398,0.01774292568636561,0.017742926723512065,True,0
466,0,0.1,-0.5754651289136552,0.017742924672428547,0.01774292568626364,True,0
467,0,0.1,-0.5754551450237216,0.01774292368128058,0.01774292467232887,True,0
468,0,0.1,-0.5754452739675713,0.01774292271240898,0.017742923681183142,True,0
469,0,0.1,-0.575435514467241,0.017742921765312534,0.017742922712313734,True,0
470,0,0.1,-0.5754258652593038,0.017742920839501325,0.017742921765219428,True,0
471,0,0.1,-0.5754163250947024,0.017742919934496493,0.01774292083941031,True,0
472,0,0.1,-0.5754068927385839,0.017742919049829952,0.017742919934407523,True,0
473,0,0.1,-0.5753975669701372,0.01774291818504418,0.017742919049742983,True,0
474,0,0.1,-0.5753883465824322,0.017742917339691956,0.017742918184959166,True,0
475,0,0.1,-0.5753792303822605,0.01774291651333612,0.017742917339608852,True,0
476,0,0.1,-0.5753702171899779,0.017742915705549374,0.017742916513254884,True,0
477,0,0.1,-0.5753613058393499,0.017742914915914055,0.01774291570546996,True,0
478,0,0.1,-0.5753524951773968,0.017742914144021883,0.017742914915836426,True,0
479,0,0.1,-0.5753437840642431,0.0177429133894738,0.017742914143946,True,0
480,0,0.1,-0.5753351713729667,0.01774291265187971,0.017742913389399623,True,0
481,0,0.1,-0.5753266559894508,0.017742911930858328,0.017742912651807198,True,0
482,0,0.1,-0.5753182368122373,0.017742911226036943,0.017742911930787444,True,0
483,0,0.1,-0.575309912752382,0.017742910537051234,0.017742911225967654,True,0
484,0,0.1,-0.5753016827333113,0.017742909863545098,0.0177429105369835,True,0
485,0,0.1,-0.5752935456906807,0.017742909205170437,0.017742909863478887,True,0
486,0,0.1,-0.575285500572235,0.017742908561587004,0.017742909205105715,True,0
487,0,0.1,-0.5752775463376699,0.017742907932462193,0.017742908561523735,True,0
488,0,0.1,-0.5752696819584953,0.01774290731747091,0.017742907932400343,True,0
489,0,0.1,-0.5752619064179,0.01774290671629536,0.01774290731741045,True,0
490,0,0.1,-0.5752542187106189,0.017742906128624926,0.017742906716236257,True,0
491,0,0.1,-0.5752466178428003,0.01774290555415596,0.017742906128567153,True,0
492,0,0.1,-0.5752391028318757,0.017742904992591648,0.017742905554099485,True,0
493,0,0.1,-0.575231672706431,0.01774290444364189,0.017742904992536442,True,0
494,0,0.1,-0.5752243265060789,0.01774290390702308,0.017742904443587924,True,0
495,0,0.1,-0.5752170632813328,0.017742903382458014,0.017742903906970326,True,0
496,0,0.1,-0.5752098820934826,0.017742902869675715,0.017742903382406444,True,0
497,0,0.1,-0.5752027820144713,0.01774290236841132,0.017742902869625304,True,0
498,0,0.1,-0.5751957621267736,0.017742901878405933,0.01774290236836204,True,0
499,0,0.1,-0.5751888215232757,0.01774290139940645,0.01774290187835776,True,0
500,0,0.1,-0.575181959307156,0.017742900931165494,0.01774290139935936,True,0
501,0,0.1,-0.5751751745917683,0.017742900473441237,0.01774290093111946,True,0
502,0,0.1,-0.5751684665005249,0.0177429000259973,0.017742900473396238,True,0
503,0,0.1,-0.5751618341667825,0.01774289958860263,0.01774290002595331,True,0
504,0,0.1,-0.5751552767337281,0.01774289916103137,0.01774289958855963,True,0
505,0,0.1,-0.5751487933542676,0.01774289874306272,0.017742899160989332,True,0
506,0,0.1,-0.5751423831909144,0.017742898334480877,0.01774289874302163,True,0
507,0,0.1,-0.5751360454156796,0.01774289793507489,0.01774289833444071,True,0
508,0,0.1,-0.5751297792099647,0.01774289754463855,0.017742897935035626,True,0
509,0,0.1,-0.5751235837644532,0.017742897162970273,0.017742897544600168,True,0
510,0,0.1,-0.5751174582790057,0.017742896789873026,0.01774289716293275,True,0
511,0,0.1,-0.5751114019625553,0.017742896425154205,0.017742896789836347,True,0
512,0,0.1,-0.5751054140330033,0.017742896068625537,0.017742896425118348,True,0
513,0,0.1,-0.5750994937171181,0.01774289572010298,0.017742896068590485,True,0
514,0,0.1,-0.5750936402504334,0.017742895379406643,0.017742895720068715,True,0
515,0,0.1,-0.5750878528771486,0.017742895046360667,0.01774289537937315,True,0
516,0,0.1,-0.57508213085003,0.01774289472079315,0.017742895046327926,True,0
517,0,0.1,-0.5750764734303134,0.017742894402536073,0.017742894720761144,True,0
518,0,0.1,-0.5750708798876073,0.01774289409142517,0.017742894402504785,True,0
519,0,0.1,-0.5750653494997977,0.017742893787299898,0.017742894091394585,True,0
520,0,0.1,-0.575059881552954,0.017742893490003304,0.01774289378727,True,0
521,0,0.1,-0.5750544753412353,0.01774289319938195,0.017742893489974078,True,0
522,0,0.1,-0.5750491301667993,0.0177428929152859,0.01774289319935338,True,0
523,0,0.1,-0.5750438453397099,0.017742892637568525,0.01774289291525797,True,0
524,0,0.1,-0.5750386201778482,0.017742892366086543,0.017742892637541224,True,0
525,0,0.1,-0.5750334540068235,0.01774289210069989,0.017742892366059852,True,0
526,0,0.1,-0.5750283461598845,0.017742891841271605,0.0177428921006738,True,0
527,0,0.1,-0.5750232959778334,0.01774289158766785,0.0177428918412461,True,0
528,0,0.1,-0.5750183028089392,0.01774289133975779,0.017742891587642917,True,0
529,0,0.1,-0.5750133660088531,0.017742891097413525,0.01774289133973342,True,0
530,0,0.1,-0.5750084849405247,0.01774289086051003,0.0177428910973897,True,0
531,0,0.1,-0.5750036589741183,0.01774289062892509,0.017742890860486738,True,0
532,0,0.1,-0.5749988874869316,0.017742890402539235,0.017742890628902323,True,0
533,0,0.1,-0.5749941698633142,0.017742890181235697,0.01774289040251698,True,0
534,0,0.1,-0.5749895054945873,0.017742889964900307,0.01774289018121394,True,0
535,0,0.1,-0.5749848937789647,0.01774288975342149,0.01774288996487904,True,0
536,0,0.1,-0.5749803341214742,0.017742889546690156,0.0177428897534007,True,0
537,0,0.1,-0.5749758259338805,0.01774288934459967,0.017742889546669832,True,0
538,0,0.1,-0.5749713686346081,0.01774288914704581,0.017742889344579803,True,0
539,0,0.1,-0.5749669616486659,0.017742888953926693,0.01774288914702639,True,0
540,0,0.1,-0.5749626044075725,0.017742888765142694,0.017742888953907708,True,0
541,0,0.1,-0.5749582963492819,0.01774288858059648,0.017742888765124136,True,0
542,0,0.1,-0.5749540369181104,0.017742888400192856,0.017742888580578337,True,0
543,0,0.1,-0.5749498255646648,0.017742888223838814,0.01774288840017512,True,0
544,0,0.1,-0.5749456617457702,0.01774288805144338,0.017742888223821477,True,0
545,0,0.1,-0.5749415449243999,0.017742887882917665,0.01774288805142643,True,0
546,0,0.1,-0.5749374745696051,0.01774288771817479,0.0177428878829011,True,0
547,0,0.1,-0.5749334501564465,0.017742887557129768,0.017742887718158594,True,0
548,0,0.1,-0.5749294711659255,0.017742887399699588,0.017742887557113937,True,0
549,0,0.1,-0.5749255370849169,0.017742887245803064,0.01774288739968411,True,0
550,0,0.1,-0.5749216474061021,0.017742887095360853,0.017742887245787934,True,0
551,0,0.1,-0.5749178016279035,0.01774288694829538,0.017742887095346063,True,0
552,0,0.1,-0.5749139992544189,0.017742886804530816,0.017742886948280922,True,0
553,0,0.1,-0.5749102397953573,0.01774288666399306,0.017742886804516682,True,0
554,0,0.1,-0.5749065227659751,0.017742886526609644,0.017742886663979246,True,0
555,0,0.1,-0.5749028476870133,0.01774288639230974,0.017742886526596138,True,0
556,0,0.1,-0.5748992140846351,0.01774288626102411,0.017742886392296535,True,0
557,0,0.1,-0.5748956214903641,0.01774288613268509,0.017742886261011205,True,0
558,0,0.1,-0.5748920694410242,0.0177428860072265,0.017742886132672473,True,0
559,0,0.1,-0.5748885574786786,0.017742885884583674,0.017742886007214166,True,0
560,0,0.1,-0.5748850851505709,0.017742885764693395,0.017742885884571617,True,0
561,0,0.1,-0.574881652009066,0.017742885647493857,0.01774288576468161,True,0
562,0,0.1,-0.5748782576115925,0.017742885532924656,0.017742885647482335,True,0
563,0,0.1,-0.5748749015205845,0.01774288542092673,0.017742885532913394,True,0
564,0,0.1,-0.5748715833034255,0.017742885311442344,0.01774288542091572,True,0
565,0,0.1,-0.5748683025323916,0.017742885204415082,0.017742885311431582,True,0
566,0,0.1,-0.5748650587845968,0.01774288509978978,0.01774288520440456,True,0
567,0,0.1,-0.5748618516419375,0.017742884997512504,0.017742885099779494,True,0
568,0,0.1,-0.5748586806910383,0.017742884897530536,0.01774288499750245,True,0
569,0,0.1,-0.5748555455231988,0.017742884799792358,0.017742884897520707,True,0
570,0,0.1,-0.5748524457343402,0.017742884704247598,0.017742884799782747,True,0
571,0,0.1,-0.5748493809249531,0.017742884610847002,0.017742884704238206,True,0
572,0,0.1,-0.5748463507000453,0.01774288451954245,0.017742884610837818,True,0
573,0,0.1,-0.5748433546690912,0.017742884430286883,0.017742884519533476,True,0
574,0,0.1,-0.5748403924459808,0.017742884343034303,0.01774288443027811,True,0
575,0,0.1,-0.5748374636489696,0.017742884257739747,0.017742884343025726,True,0
576,0,0.1,-0.5748345679006293,0.017742884174359267,0.01774288425773136,True,0
577,0,0.1,-0.5748317048277986,0.017742884092849888,0.01774288417435107,True,0
578,0,0.1,-0.5748288740615352,0.017742884013169608,0.017742884092841874,True,0
579,0,0.1,-0.5748260752370676,0.017742883935277384,0.017742884013161774,True,0
580,0,0.1,-0.5748233079937483,0.01774288385913305,0.017742883935269727,True,0
581,0,0.1,-0.5748205719750065,0.0177428837846974,0.017742883859125563,True,0
582,0,0.1,-0.5748178668283024,0.017742883711932066,0.01774288378469008,True,0
583,0,0.1,-0.5748151922050811,0.017742883640799553,0.017742883711924912,True,0
584,0,0.1,-0.574812547760728,0.017742883571263225,0.01774288364079256,True,0
585,0,0.1,-0.5748099331545233,0.017742883503287243,0.01774288357125639,True,0
586,0,0.1,-0.574807348049599,0.01774288343683658,0.01774288350328056,True,0
587,0,0.1,-0.574804792112894,0.017742883371877013,0.017742883436830045,True,0
588,0,0.1,-0.5748022650151122,0.017742883308375056,0.017742883371870626,True,0
589,0,0.1,-0.574799766430679,0.017742883246298007,0.017742883308368814,True,0
590,0,0.1,-0.5747972960376995,0.01774288318561388,0.017742883246291904,True,0
591,0,0.1,-0.5747948535179166,0.017742883126291412,0.017742883185607912,True,0
592,0,0.1,-0.5747924385566701,0.01774288306830004,0.01774288312628558,True,0
593,0,0.1,-0.5747900508428556,0.017742883011609898,0.01774288306829434,True,0
594,0,0.1,-0.5747876900688847,0.017742882956191766,0.017742883011604326,True,0
595,0,0.1,-0.5747853559306448,0.017742882902017094,0.01774288295618632,True,0
596,0,0.1,-0.5747830481274598,0.017742882849057996,0.01774288290201177,True,0
597,0,0.1,-0.5747807663620514,0.017742882797287165,0.017742882849052788,True,0
598,0,0.1,-0.5747785103405003,0.01774288274667795,0.017742882797282075,True,0
599,0,0.1,-0.5747762797722084,0.017742882697204275,0.017742882746672975,True,0
600,0,0.1,-0.5747740743698609,0.017742882648840653,0.01774288269719941,True,0
601,0,0.1,-0.5747718938493899,0.017742882601562177,0.0177428826488359,True,0
602,0,0.1,-0.5747697379299366,0.01774288255534448,0.017742882601557527,True,0
603,0,0.1,-0.5747676063338157,0.017742882510163774,0.017742882555339935,True,0
604,0,0.1,-0.5747654987864794,0.017742882465996774,0.017742882510159333,True,0
605,0,0.1,-0.5747634150164814,0.017742882422820738,0.01774288246599243,True,0
606,0,0.1,-0.5747613547554424,0.017742882380613424,0.017742882422816495,True,0
607,0,0.1,-0.574759317738015,0.017742882339353092,0.017742882380609275,True,0
608,0,0.1,-0.5747573037018495,0.017742882299018485,0.017742882339349036,True,0
609,0,0.1,-0.5747553123875601,0.01774288225958884,0.01774288229901452,True,0
610,0,0.1,-0.5747533435386909,0.017742882221043837,0.017742882259584966,True,0
611,0,0.1,-0.5747513969016835,0.01774288218336363,0.01774288222104005,True,0
612,0,0.1,-0.5747494722258436,0.017742882146528822,0.017742882183359926,True,0
613,0,0.1,-0.5747475692633087,0.01774288211052042,0.0177428821465252,True,0
614,0,0.1,-0.5747456877690164,0.017742882075319898,0.017742882110516882,True,0
615,0,0.1,-0.5747438275006721,0.017742882040909114,0.01774288207531644,True,0
616,0,0.1,-0.5747419882187184,0.017742882007270356,0.01774288204090573,True,0
617,0,0.1,-0.5747401696863034,0.01774288197438629,0.01774288200726705,True,0
618,0,0.1,-0.5747383716692507,0.01774288194223999,0.017742881974383055,True,0
619,0,0.1,-0.5747365939360289,0.0177428819108149,0.01774288194223683,True,0
620,0,0.1,-0.5747348362577217,0.017742881880094836,0.017742881910811813,True,0
621,0,0.1,-0.5747330984079981,0.017742881850063966,0.017742881880091817,True,0
622,0,0.1,-0.5747313801630836,0.01774288182070684,0.017742881850061013,True,0
623,0,0.1,-0.5747296813017306,0.017742881792008336,0.017742881820703955,True,0
624,0,0.1,-0.5747280016051908,0.017742881763953666,0.017742881792005515,True,0
625,0,0.1,-0.5747263408571859,0.017742881736528392,0.017742881763950908,True,0
626,0,0.1,-0.5747246988438803,0.017742881709718397,0.017742881736525697,True,0
627,0,0.1,-0.5747230753538536,0.017742881683509862,0.01774288170971576,True,0
628,0,0.1,-0.5747214701780725,0.0177428816578893,0.017742881683507284,True,0
629,0,0.1,-0.5747198831098647,0.01774288163284351,0.017742881657886782,True,0
630,0,0.1,-0.5747183139448915,0.0177428816083596,0.017742881632841045,True,0
631,0,0.1,-0.5747167624811218,0.017742881584424965,0.017742881608357193,True,0
632,0,0.1,-0.5747152285188061,0.017742881561027286,0.017742881584422613,True,0
633,0,0.1,-0.5747137118604503,0.0177428815381545,0.017742881561024985,True,0
634,0,0.1,-0.5747122123107905,0.01774288151579484,0.01774288153815225,True,0
635,0,0.1,-0.5747107296767677,0.01774288149393679,0.01774288151579264,True,0
636,0,0.1,-0.5747092637675029,0.017742881472569087,0.01774288149393464,True,0
637,0,0.1,-0.5747078143942722,0.017742881451680743,0.017742881472566988,True,0
638,0,0.1,-0.574706381370483,0.017742881431260998,0.01774288145167869,True,0
639,0,0.1,-0.5747049645116492,0.01774288141129933,0.01774288143125899,True,0
640,0,0.1,-0.574703563635368,0.01774288139178547,0.017742881411297366,True,0
641,0,0.1,-0.5747021785612959,0.017742881372709372,0.017742881391783552,True,0
642,0,0.1,-0.5747008091111258,0.017742881354061203,0.017742881372707495,True,0
643,0,0.1,-0.5746994551085636,0.01774288133583138,0.01774288135405937,True,0
644,0,0.1,-0.5746981163793058,0.0177428813180105,0.017742881335829585,True,0
645,0,0.1,-0.5746967927510166,0.017742881300589392,0.017742881318008746,True,0
646,0,0.1,-0.5746954840533062,0.01774288128355909,0.01774288130058768,True,0
647,0,0.1,-0.5746941901177082,0.017742881266910825,0.017742881283557416,True,0
648,0,0.1,-0.5746929107776583,0.017742881250636024,0.017742881266909188,True,0
649,0,0.1,-0.5746916458684727,0.01774288123472631,0.017742881250634425,True,0
650,0,0.1,-0.5746903952273266,0.017742881219173494,0.017742881234724745,True,0
651,0,0.1,-0.5746891586932336,0.017742881203969565,0.017742881219171964,True,0
652,0,0.1,-0.5746879361070245,0.01774288118910669,0.01774288120396807,True,0
653,0,0.1,-0.5746867273113273,0.01774288117457723,0.01774288118910523,True,0
654,0,0.1,-0.5746855321505463,0.0177428811603737,0.0177428811745758,True,0
655,0,0.1,-0.5746843504708422,0.01774288114648878,0.017742881160372304,True,0
656,0,0.1,-0.5746831821201126,0.017742881132915334,0.017742881146487418,True,0
657,0,0.1,-0.574682026947972,0.017742881119646364,0.017742881132913998,True,0
658,0,0.1,-0.5746808848057325,0.01774288110667505,0.01774288111964506,True,0
659,0,0.1,-0.5746797555463847,0.0177428810939947,0.017742881106673773,True,0
660,0,0.1,-0.5746786390245785,0.017742881081598803,0.017742881093993454,True,0
661,0,0.1,-0.5746775350966046,0.017742881069480958,0.017742881081597585,True,0
662,0,0.1,-0.574676443620376,0.017742881057634944,0.017742881069479768,True,0
663,0,0.1,-0.5746753644554093,0.017742881046054655,0.017742881057633778,True,0
664,0,0.1,-0.5746742974628071,0.017742881034734127,0.017742881046053517,True,0
665,0,0.1,-0.5746732425052395,0.017742881023667542,0.017742881034733014,True,0
666,0,0.1,-0.574672199446927,0.01774288101284919,0.017742881023666453,True,0
667,0,0.1,-0.5746711681536225,0.01774288100227351,0.017742881012848124,True,0
668,0,0.1,-0.5746701484925941,0.01774288099193506,0.01774288100227247,True,0
669,0,0.1,-0.5746691403326083,0.01774288098182852,0.017742880991934044,True,0
670,0,0.1,-0.5746681435439126,0.017742880971948677,0.017742880981827528,True,0
671,0,0.1,-0.574667157998219,0.01774288096229045,0.017742880971947705,True,0
672,0,0.1,-0.5746661835686876,0.01774288095284887,0.0177428809622895,True,0
673,0,0.1,-0.57466522012991,0.01774288094361907,0.01774288095284794,True,0
674,0,0.1,-0.5746642675578931,0.017742880934596313,0.017742880943618162,True,0
675,0,0.1,-0.5746633257300435,0.017742880925775945,0.017742880934595424,True,0
676,0,0.1,-0.5746623945251512,0.017742880917153418,0.017742880925775077,True,0
677,0,0.1,-0.5746614738233742,0.017742880908724303,0.01774288091715257,True,0
678,0,0.1,-0.5746605635062231,0.017742880900484263,0.017742880908723474,True,0
679,0,0.1,-0.5746596634565458,0.017742880892429053,0.017742880900483454,True,0
680,0,0.1,-0.5746587735585124,0.017742880884554536,0.017742880892428262,True,0
681,0,0.1,-0.5746578936976,0.01774288087685664,0.017742880884553763,True,0
682,0,0.1,-0.5746570237605784,0.017742880869331408,0.017742880876855882,True,0
683,0,0.1,-0.5746561636354951,0.01774288086197498,0.01774288086933067,True,0
684,0,0.1,-0.5746553132116611,0.01774288085478356,0.01774288086197426,True,0
685,0,0.1,-0.5746544723796366,0.017742880847753443,0.01774288085478285,True,0
686,0,0.1,-0.5746536410312169,0.01774288084088102,0.017742880847752752,True,0
687,0,0.1,-0.574652819059418,0.017742880834162745,0.017742880840880344,True,0
688,0,0.1,-0.5746520063584638,0.017742880827595165,0.017742880834162086,True,0
689,0,0.1,-0.5746512028237716,0.0177428808211749,0.01774288082759452,True,0
690,0,0.1,-0.5746504083519388,0.017742880814898634,0.01774288082117427,True,0
691,0,0.1,-0.5746496228407298,0.01774288080876315,0.017742880814898016,True,0
692,0,0.1,-0.5746488461890628,0.017742880802765287,0.017742880808762546,True,0
693,0,0.1,-0.5746480782969964,0.017742880796901964,0.017742880802764698,True,0
694,0,0.1,-0.5746473190657172,0.01774288079117015,0.017742880796901388,True,0
695,0,0.1,-0.5746465683975267,0.0177428807855669,0.017742880791169587,True,0
696,0,0.1,-0.574645826195829,0.01774288078008933,0.017742880785566347,True,0
697,0,0.1,-0.5746450923651182,0.01774288077473462,0.01774288078008879,True,0
698,0,0.1,-0.574644366810966,0.017742880769500015,0.017742880774734092,True,0
699,0,0.1,-0.5746436494400097,0.01774288076438283,0.0177428807694995,True,0
700,0,0.1,-0.57464294015994,0.01774288075938041,0.017742880764382327,True,0
701,0,0.1,-0.5746422388794894,0.01774288075449021,0.017742880759379916,True,0
702,0,0.1,-0.5746415455084202,0.017742880749709686,0.017742880754489727,True,0
703,0,0.1,-0.5746408599575127,0.01774288074503639,0.017742880749709217,True,0
704,0,0.1,-0.5746401821385542,0.017742880740467915,0.01774288074503593,True,0
705,0,0.1,-0.5746395119643272,0.017742880736001908,0.017742880740467468,True,0
706,0,0.1,-0.5746388493485984,0.01774288073163607,0.017742880736001467,True,0
707,0,0.1,-0.5746381942061075,0.017742880727368154,0.01774288073163564,True,0
708,0,0.1,-0.5746375464525562,0.017742880723195964,0.017742880727367735,True,0
709,0,0.1,-0.5746369060045972,0.017742880719117365,0.017742880723195555,True,0
710,0,0.1,-0.5746362727798239,0.017742880715130242,0.017742880719116963,True,0
711,0,0.1,-0.5746356466967594,0.01774288071123254,0.01774288071512985,True,0
712,0,0.1,-0.574635027674846,0.01774288070742227,0.01774288071123216,True,0
713,0,0.1,-0.5746344156344351,0.017742880703697457,0.017742880707421894,True,0
714,0,0.1,-0.5746338104967766,0.0177428807000562,0.01774288070369709,True,0
715,0,0.1,-0.5746332121840092,0.0177428806964966,0.017742880700055842,True,0
716,0,0.1,-0.5746326206191497,0.017742880693016848,0.01774288069649625,True,0
717,0,0.1,-0.5746320357260837,0.01774288068961514,0.017742880693016504,True,0
718,0,0.1,-0.5746314574295557,0.017742880686289722,0.017742880689614805,True,0
719,0,0.1,-0.5746308856551591,0.017742880683038902,0.017742880686289396,True,0
720,0,0.1,-0.5746303203293267,0.017742880679860996,0.017742880683038583,True,0
721,0,0.1,-0.5746297613793215,0.017742880676754356,0.017742880679860684,True,0
722,0,0.1,-0.5746292087332272,0.017742880673717404,0.01774288067675405,True,0
723,0,0.1,-0.5746286623199387,0.017742880670748563,0.017742880673717105,True,0
724,0,0.1,-0.5746281220691531,0.017742880667846312,0.017742880670748272,True,0
725,0,0.1,-0.574627587911361,0.017742880665009154,0.017742880667846028,True,0
726,0,0.1,-0.5746270597778368,0.017742880662235633,0.017742880665008877,True,0
727,0,0.1,-0.5746265376006305,0.01774288065952432,0.01774288066223536,True,0
728,0,0.1,-0.5746260213125587,0.01774288065687382,0.017742880659524052,True,0
729,0,0.1,-0.5746255108471958,0.017742880654282762,0.017742880656873558,True,0
730,0,0.1,-0.5746250061388659,0.01774288065174982,0.01774288065428251,True,0
731,0,0.1,-0.5746245071226338,0.017742880649273696,0.01774288065174957,True,0
732,0,0.1,-0.574624013734297,0.01774288064685311,0.017742880649273454,True,0
733,0,0.1,-0.574623525910377,0.017742880644486796,0.01774288064685287,True,0
734,0,0.1,-0.5746230435881121,0.017742880642173567,0.017742880644486564,True,0
735,0,0.1,-0.5746225667054481,0.01774288063991222,0.017742880642173338,True,0
736,0,0.1,-0.574622095201031,0.017742880637701595,0.017742880639911997,True,0
737,0,0.1,-0.5746216290141991,0.017742880635540546,0.017742880637701377,True,0
738,0,0.1,-0.5746211680849749,0.017742880633427972,0.017742880635540335,True,0
739,0,0.1,-0.5746207123540575,0.017742880631362777,0.017742880633427764,True,0
740,0,0.1,-0.5746202617628152,0.0177428806293439,0.017742880631362572,True,0
741,0,0.1,-0.5746198162532776,0.017742880627370304,0.0177428806293437,True,0
742,0,0.1,-0.5746193757681283,0.017742880625440972,0.01774288062737011,True,0
743,0,0.1,-0.5746189402506974,0.01774288062355491,0.01774288062544078,True,0
744,0,0.1,-0.5746185096449544,0.01774288062171116,0.017742880623554728,True,0
745,0,0.1,-0.5746180838955011,0.01774288061990875,0.01774288062171098,True,0
746,0,0.1,-0.5746176629475638,0.017742880618146772,0.01774288061990857,True,0
747,0,0.1,-0.574617246746987,0.01774288061642431,0.0177428806181466,True,0
748,0,0.1,-0.574616835240226,0.017742880614740476,0.01774288061642414,True,0
749,0,0.1,-0.5746164283743402,0.017742880613094418,0.01774288061474031,True,0
750,0,0.1,-0.5746160260969863,0.017742880611485275,0.017742880613094255,True,0
751,0,0.1,-0.5746156283564112,0.01774288060991222,0.017742880611485115,True,0
752,0,0.1,-0.574615235101446,0.017742880608374447,0.017742880609912064,True,0
753,0,0.1,-0.5746148462814986,0.017742880606871157,0.017742880608374294,True,0
754,0,0.1,-0.574614461846548,0.017742880605401596,0.017742880606871007,True,0
755,0,0.1,-0.5746140817471371,0.01774288060396498,0.01774288060540145,True,0
756,0,0.1,-0.5746137059343671,0.017742880602560587,0.01774288060396484,True,0
757,0,0.1,-0.5746133343598905,0.0177428806011877,0.01774288060256045,True,0
758,0,0.1,-0.5746129669759052,0.017742880599845603,0.017742880601187564,True,0
759,0,0.1,-0.5746126037351486,0.017742880598533607,0.01774288059984547,True,0
760,0,0.1,-0.5746122445908908,0.017742880597251032,0.01774288059853348,True,0
761,0,0.1,-0.5746118894969294,0.017742880595997223,0.017742880597250908,True,0
762,0,0.1,-0.5746115384075832,0.01774288059477154,0.017742880595997098,True,0
763,0,0.1,-0.574611191277686,0.01774288059357334,0.01774288059477142,True,0
764,0,0.1,-0.5746108480625813,0.01774288059240202,0.01774288059357322,True,0
765,0,0.1,-0.5746105087181163,0.017742880591256963,0.017742880592401904,True,0
766,0,0.1,-0.5746101732006361,0.017742880590137587,0.01774288059125685,True,0
767,0,0.1,-0.5746098414669785,0.01774288058904333,0.017742880590137476,True,0
768,0,0.1,-0.5746095134744679,0.017742880587973596,0.017742880589043223,True,0
769,0,0.1,-0.5746091891809103,0.01774288058692787,0.017742880587973492,True,0
770,0,0.1,-0.5746088685445876,0.01774288058590559,0.017742880586927766,True,0
771,0,0.1,-0.5746085515242522,0.017742880584906237,0.01774288058590549,True,0
772,0,0.1,-0.5746082380791218,0.017742880583929293,0.01774288058490614,True,0
773,0,0.1,-0.5746079281688741,0.01774288058297427,0.017742880583929196,True,0
774,0,0.1,-0.5746076217536418,0.01774288058204066,0.017742880582974175,True,0
775,0,0.1,-0.5746073187940071,0.017742880581127995,0.01774288058204057,True,0
776,0,0.1,-0.5746070192509968,0.017742880580235793,0.017742880581127905,True,0
777,0,0.1,-0.5746067230860774,0.017742880579363598,0.017742880580235706,True,0
778,0,0.1,-0.5746064302611501,0.017742880578510967,0.01774288057936351,True,0
779,0,0.1,-0.5746061407385459,0.017742880577677464,0.017742880578510884,True,0
780,0,0.1,-0.5746058544810204,0.017742880576862647,0.01774288057767738,True,0
781,0,0.1,-0.5746055714517495,0.017742880576066107,0.017742880576862567,True,0
782,0,0.1,-0.5746052916143245,0.017742880575287435,0.017742880576066027,True,0
783,0,0.1,-0.5746050149327473,0.017742880574526228,0.01774288057528736,True,0
784,0,0.1,-0.5746047413714258,0.01774288057378209,0.01774288057452615,True,0
785,0,0.1,-0.5746044708951695,0.017742880573054638,0.017742880573782017,True,0
786,0,0.1,-0.5746042034691847,0.017742880572343505,0.017742880573054565,True,0
787,0,0.1,-0.5746039390590703,0.017742880571648318,0.017742880572343436,True,0
788,0,0.1,-0.574603677630813,0.017742880570968726,0.01774288057164825,True,0
789,0,0.1,-0.5746034191507833,0.01774288057030438,0.01774288057096866,True,0
790,0,0.1,-0.574603163585731,0.017742880569654923,0.017742880570304313,True,0
791,0,0.1,-0.574602910902781,0.017742880569020035,0.01774288056965486,True,0
792,0,0.1,-0.5746026610694289,0.01774288056839939,0.017742880569019973,True,0
793,0,0.1,-0.574602414053537,0.017742880567792663,0.017742880568399327,True,0
794,0,0.1,-0.5746021698233299,0.01774288056719954,0.017742880567792604,True,0
795,0,0.1,-0.5746019283473909,0.017742880566619722,0.01774288056719948,True,0
796,0,0.1,-0.5746016895946574,0.01774288056605291,0.017742880566619667,True,0
797,0,0.1,-0.5746014535344174,0.017742880565498803,0.017742880566052853,True,0
798,0,0.1,-0.5746012201363051,0.017742880564957132,0.017742880565498748,True,0
799,0,0.1,-0.5746009893702974,0.017742880564427608,0.01774288056495708,True,0
800,0,0.1,-0.5746007612067094,0.017742880563909953,0.017742880564427556,True,0
801,0,0.1,-0.5746005356161916,0.01774288056340391,0.0177428805639099,True,0
802,0,0.1,-0.5746003125697252,0.017742880562909222,0.01774288056340386,True,0
803,0,0.1,-0.5746000920386187,0.017742880562425623,0.017742880562909173,True,0
804,0,0.1,-0.5745998739945043,0.01774288056195287,0.017742880562425574,True,0
805,0,0.1,-0.5745996584093341,0.017742880561490718,0.017742880561952824,True,0
806,0,0.1,-0.5745994452553767,0.01774288056103894,0.017742880561490672,True,0
807,0,0.1,-0.5745992345052131,0.017742880560597283,0.017742880561038895,True,0
808,0,0.1,-0.5745990261317341,0.01774288056016554,0.017742880560597238,True,0
809,0,0.1,-0.5745988201081358,0.017742880559743473,0.0177428805601655,True,0
810,0,0.1,-0.5745986164079168,0.017742880559330876,0.01774288055974343,True,0
811,0,0.1,-0.5745984150048746,0.01774288055892753,0.017742880559330834,True,0
812,0,0.1,-0.5745982158731023,0.017742880558533226,0.01774288055892749,True,0
813,0,0.1,-0.5745980189869851,0.017742880558147777,0.017742880558533188,True,0
814,0,0.1,-0.5745978243211971,0.017742880557770967,0.01774288055814774,True,0
815,0,0.1,-0.574597631850698,0.01774288055740261,0.01774288055777093,True,0
816,0,0.1,-0.5745974415507301,0.017742880557042505,0.017742880557402575,True,0
817,0,0.1,-0.5745972533968148,0.017742880556690488,0.01774288055704247,True,0
818,0,0.1,-0.5745970673647495,0.017742880556346357,0.017742880556690453,True,0
819,0,0.1,-0.5745968834306047,0.01774288055600995,0.017742880556346322,True,0
820,0,0.1,-0.5745967015707208,0.017742880555681087,0.017742880556009914,True,0
821,0,0.1,-0.5745965217617052,0.017742880555359594,0.017742880555681056,True,0
822,0,0.1,-0.5745963439804287,0.017742880555045314,0.017742880555359563,True,0
823,0,0.1,-0.5745961682040233,0.017742880554738077,0.017742880555045283,True,0
824,0,0.1,-0.5745959944098789,0.017742880554437738,0.017742880554738046,True,0
825,0,0.1,-0.5745958225756401,0.017742880554144136,0.017742880554437707,True,0
826,0,0.1,-0.5745956526792042,0.01774288055385711,0.017742880554144108,True,0
827,0,0.1,-0.5745954846987172,0.017742880553576534,0.01774288055385708,True,0
828,0,0.1,-0.5745953186125721,0.01774288055330224,0.017742880553576507,True,0
829,0,0.1,-0.5745951543994051,0.017742880553034104,0.017742880553302212,True,0
830,0,0.1,-0.5745949920380937,0.017742880552771973,0.017742880553034076,True,0
831,0,0.1,-0.5745948315077535,0.01774288055251573,0.01774288055277195,True,0
832,0,0.1,-0.5745946727877355,0.017742880552265226,0.017742880552515706,True,0
833,0,0.1,-0.5745945158576238,0.01774288055202035,0.0177428805522652,True,0
834,0,0.1,-0.5745943606972328,0.017742880551780953,0.017742880552020324,True,0
835,0,0.1,-0.5745942072866044,0.017742880551546936,0.01774288055178093,True,0
836,0,0.1,-0.5745940556060056,0.01774288055131816,0.01774288055154691,True,0
837,0,0.1,-0.574593905635926,0.01774288055109452,0.01774288055131814,True,0
838,0,0.1,-0.5745937573570754,0.01774288055087589,0.0177428805510945,True,0
839,0,0.1,-0.5745936107503807,0.01774288055066217,0.01774288055087587,True,0
840,0,0.1,-0.5745934657969844,0.01774288055045324,0.01774288055066215,True,0
841,0,0.1,-0.5745933224782416,0.01774288055024899,0.01774288055045322,True,0
842,0,0.1,-0.5745931807757173,0.017742880550049335,0.01774288055024897,True,0
843,0,0.1,-0.5745930406711849,0.017742880549854147,0.017742880550049314,True,0
844,0,0.1,-0.5745929021466231,0.017742880549663338,0.017742880549854127,True,0
845,0,0.1,-0.5745927651842138,0.017742880549476807,0.01774288054966332,True,0
846,0,0.1,-0.57459262976634,0.01774288054929446,0.01774288054947679,True,0
847,0,0.1,-0.5745924958755834,0.017742880549116206,0.017742880549294442,True,0
848,0,0.1,-0.574592363494722,0.01774288054894195,0.01774288054911619,True,0
849,0,0.1,-0.5745922326067281,0.017742880548771597,0.017742880548941933,True,0
850,0,0.1,-0.5745921031947661,0.01774288054860506,0.01774288054877158,True,0
851,0,0.1,-0.5745919752421902,0.01774288054844227,0.017742880548605042,True,0
852,0,0.1,-0.5745918487325423,0.017742880548283123,0.017742880548442252,True,0
853,0,0.1,-0.5745917236495501,0.017742880548127546,0.017742880548283105,True,0
854,0,0.1,-0.5745915999771246,0.01774288054797547,0.017742880548127532,True,0
855,0,0.1,-0.5745914776993584,0.01774288054782679,0.017742880547975456,True,0
856,0,0.1,-0.5745913568005233,0.01774288054768145,0.017742880547826776,True,0
857,0,0.1,-0.5745912372650687,0.01774288054753937,0.017742880547681437,True,0
858,0,0.1,-0.5745911190776193,0.01774288054740047,0.017742880547539357,True,0
859,0,0.1,-0.5745910022229732,0.01774288054726469,0.017742880547400457,True,0
860,0,0.1,-0.5745908866861,0.01774288054713196,0.017742880547264677,True,0
861,0,0.1,-0.5745907724521387,0.017742880547002196,0.017742880547131946,True,0
862,0,0.1,-0.5745906595063961,0.017742880546875346,0.017742880547002182,True,0
863,0,0.1,-0.5745905478343444,0.017742880546751345,0.017742880546875332,True,0
864,0,0.1,-0.5745904374216197,0.017742880546630126,0.01774288054675133,True,0
865,0,0.1,-0.5745903282540206,0.017742880546511623,0.017742880546630115,True,0
866,0,0.1,-0.5745902203175051,0.01774288054639577,0.017742880546511613,True,0
867,0,0.1,-0.5745901135981901,0.01774288054628253,0.01774288054639576,True,0
868,0,0.1,-0.574590008082349,0.01774288054617182,0.01774288054628252,True,0
869,0,0.1,-0.5745899037564096,0.017742880546063596,0.017742880546171808,True,0
870,0,0.1,-0.5745898006069533,0.017742880545957795,0.017742880546063586,True,0
871,0,0.1,-0.5745896986207125,0.017742880545854375,0.017742880545957785,True,0
872,0,0.1,-0.5745895977845694,0.017742880545753265,0.017742880545854364,True,0
873,0,0.1,-0.5745894980855542,0.017742880545654427,0.017742880545753254,True,0
874,0,0.1,-0.574589399510843,0.017742880545557803,0.017742880545654417,True,0
875,0,0.1,-0.5745893020477568,0.017742880545463344,0.017742880545557792,True,0
876,0,0.1,-0.5745892056837597,0.017742880545371008,0.017742880545463333,True,0
877,0,0.1,-0.574589110406457,0.01774288054528074,0.017742880545370997,True,0
878,0,0.1,-0.5745890162035937,0.017742880545192505,0.01774288054528073,True,0
879,0,0.1,-0.5745889230630532,0.01774288054510624,0.017742880545192494,True,0
880,0,0.1,-0.5745888309728555,0.017742880545021905,0.017742880545106234,True,0
881,0,0.1,-0.5745887399211557,0.017742880544939475,0.017742880545021898,True,0
882,0,0.1,-0.5745886498962423,0.01774288054485889,0.017742880544939468,True,0
883,0,0.1,-0.5745885608865361,0.017742880544780106,0.017742880544858883,True,0
884,0,0.1,-0.5745884728805885,0.017742880544703094,0.0177428805447801,True,0
885,0,0.1,-0.5745883858670798,0.01774288054462781,0.017742880544703087,True,0
886,0,0.1,-0.5745882998348183,0.017742880544554203,0.017742880544627804,True,0
887,0,0.1,-0.5745882147727382,0.017742880544482264,0.017742880544554196,True,0
888,0,0.1,-0.5745881306698987,0.01774288054441193,0.017742880544482257,True,0
889,0,0.1,-0.5745880475154821,0.017742880544343177,0.017742880544411924,True,0
890,0,0.1,-0.5745879652987931,0.017742880544275953,0.01774288054434317,True,0
891,0,0.1,-0.5745878840092566,0.01774288054421025,0.017742880544275946,True,0
892,0,0.1,-0.5745878036364171,0.017742880544146016,0.017742880544210242,True,0
893,0,0.1,-0.574587724169937,0.017742880544083225,0.01774288054414601,True,0
894,0,0.1,-0.574587645599595,0.01774288054402184,0.01774288054408322,True,0
895,0,0.1,-0.5745875679152852,0.01774288054396183,0.017742880544021834,True,0
896,0,0.1,-0.5745874911070158,0.017742880543903168,0.017742880543961823,True,0
897,0,0.1,-0.5745874151649075,0.01774288054384582,0.01774288054390316,True,0
898,0,0.1,-0.5745873400791927,0.017742880543789762,0.017742880543845815,True,0
899,0,0.1,-0.5745872658402135,0.017742880543734955,0.017742880543789755,True,0
900,0,0.1,-0.5745871924384213,0.01774288054368138,0.01774288054373495,True,0
901,0,0.1,-0.5745871198643749,0.017742880543629005,0.017742880543681373,True,0
902,0,0.1,-0.5745870481087401,0.01774288054357781,0.017742880543629002,True,0
903,0,0.1,-0.5745869771622872,0.017742880543527764,0.017742880543577807,True,0
904,0,0.1,-0.5745869070158912,0.01774288054347883,0.01774288054352776,True,0
905,0,0.1,-0.5745868376605298,0.017742880543431,0.017742880543478827,True,0
906,0,0.1,-0.5745867690872822,0.017742880543384243,0.017742880543430997,True,0
907,0,0.1,-0.5745867012873288,0.017742880543338533,0.01774288054338424,True,0
908,0,0.1,-0.5745866342519489,0.01774288054329385,0.01774288054333853,True,0
909,0,0.1,-0.5745865679725203,0.01774288054325017,0.017742880543293846,True,0
910,0,0.1,-0.5745865024405181,0.017742880543207468,0.017742880543250166,True,0
911,0,0.1,-0.5745864376475137,0.017742880543165723,0.017742880543207464,True,0
912,0,0.1,-0.5745863735851732,0.017742880543124916,0.01774288054316572,True,0
913,0,0.1,-0.5745863102452569,0.017742880543085017,0.017742880543124912,True,0
914,0,0.1,-0.574586247619618,0.01774288054304602,0.017742880543085014,True,0
915,0,0.1,-0.5745861857002016,0.017742880543007898,0.017742880543046017,True,0
916,0,0.1,-0.5745861244790436,0.017742880542970633,0.017742880543007895,True,0
917,0,0.1,-0.5745860639482696,0.0177428805429342,0.01774288054297063,True,0
918,0,0.1,-0.5745860041000942,0.01774288054289858,0.017742880542934197,True,0
919,0,0.1,-0.5745859449268197,0.017742880542863767,0.017742880542898576,True,0
920,0,0.1,-0.5745858864208352,0.017742880542829728,0.017742880542863763,True,0
921,0,0.1,-0.5745858285746157,0.017742880542796453,0.017742880542829725,True,0
922,0,0.1,-0.574585771380721,0.017742880542763934,0.01774288054279645,True,0
923,0,0.1,-0.5745857148317948,0.017742880542732126,0.01774288054276393,True,0
924,0,0.1,-0.5745856589205638,0.01774288054270104,0.017742880542732122,True,0
925,0,0.1,-0.5745856036398367,0.017742880542670657,0.017742880542701036,True,0
926,0,0.1,-0.5745855489825032,0.017742880542640945,0.017742880542670654,True,0
927,0,0.1,-0.5745854949415334,0.017742880542611916,0.01774288054264094,True,0
928,0,0.1,-0.5745854415099766,0.017742880542583522,0.017742880542611913,True,0
929,0,0.1,-0.5745853886809603,0.017742880542555774,0.01774288054258352,True,0
930,0,0.1,-0.5745853364476898,0.01774288054252864,0.01774288054255577,True,0
931,0,0.1,-0.5745852848034468,0.017742880542502122,0.017742880542528636,True,0
932,0,0.1,-0.5745852337415889,0.01774288054247619,0.01774288054250212,True,0
933,0,0.1,-0.5745851832555484,0.01774288054245085,0.017742880542476188,True,0
934,0,0.1,-0.574585133338832,0.017742880542426075,0.017742880542450847,True,0
935,0,0.1,-0.5745850839850193,0.01774288054240185,0.017742880542426072,True,0
936,0,0.1,-0.5745850351877625,0.017742880542378173,0.017742880542401848,True,0
937,0,0.1,-0.5745849869407853,0.017742880542355025,0.01774288054237817,True,0
938,0,0.1,-0.5745849392378822,0.0177428805423324,0.01774288054235502,True,0
939,0,0.1,-0.5745848920729179,0.017742880542310276,0.017742880542332397,True,0
940,0,0.1,-0.5745848454398258,0.017742880542288654,0.017742880542310272,True,0
941,0,0.1,-0.5745847993326081,0.017742880542267518,0.01774288054228865,True,0
942,0,0.1,-0.5745847537453346,0.017742880542246854,0.017742880542267515,True,0
943,0,0.1,-0.5745847086721417,0.01774288054222665,0.01774288054224685,True,0
944,0,0.1,-0.5745846641072324,0.017742880542206907,0.017742880542226648,True,0
945,0,0.1,-0.5745846200448746,0.017742880542187596,0.017742880542206903,True,0
946,0,0.1,-0.5745845764794012,0.01774288054216873,0.017742880542187593,True,0
947,0,0.1,-0.5745845334052088,0.01774288054215028,0.017742880542168726,True,0
948,0,0.1,-0.5745844908167572,0.017742880542132244,0.017742880542150275,True,0
949,0,0.1,-0.5745844487085688,0.017742880542114613,0.01774288054213224,True,0
950,0,0.1,-0.5745844070752277,0.017742880542097373,0.017742880542114613,True,0
951,0,0.1,-0.5745843659113791,0.017742880542080522,0.017742880542097373,True,0
952,0,0.1,-0.5745843252117284,0.017742880542064056,0.017742880542080522,True,0
953,0,0.1,-0.574584284971041,0.017742880542047958,0.017742880542064056,True,0
954,0,0.1,-0.5745842451841411,0.017742880542032213,0.017742880542047958,True,0
955,0,0.1,-0.5745842058459114,0.017742880542016826,0.017742880542032213,True,0
956,0,0.1,-0.5745841669512924,0.01774288054200178,0.017742880542016826,True,0
957,0,0.1,-0.5745841284952815,0.017742880541987076,0.01774288054200178,True,0
958,0,0.1,-0.5745840904729325,0.017742880541972702,0.017742880541987076,True,0
959,0,0.1,-0.5745840528793549,0.017742880541958647,0.017742880541972702,True,0
960,0,0.1,-0.5745840157097136,0.01774288054194491,0.017742880541958647,True,0
961,0,0.1,-0.574583978959228,0.017742880541931478,0.01774288054194491,True,0
962,0,0.1,-0.5745839426231711,0.017742880541918346,0.017742880541931478,True,0
963,0,0.1,-0.5745839066968697,0.017742880541905516,0.017742880541918346,True,0
964,0,0.1,-0.5745838711757028,0.01774288054189297,0.017742880541905516,True,0
965,0,0.1,-0.5745838360551018,0.017742880541880703,0.01774288054189297,True,0
966,0,0.1,-0.5745838013305495,0.01774288054186872,0.017742880541880703,True,0
967,0,0.1,-0.5745837669975798,0.017742880541857,0.01774288054186872,True,0
968,0,0.1,-0.5745837330517769,0.017742880541845533,0.017742880541857,True,0
969,0,0.1,-0.5745836994887746,0.01774288054183433,0.017742880541845533,True,0
970,0,0.1,-0.5745836663042562,0.017742880541823384,0.01774288054183433,True,0
971,0,0.1,-0.5745836334939535,0.01774288054181268,0.017742880541823384,True,0
972,0,0.1,-0.5745836010536465,0.01774288054180221,0.01774288054181268,True,0
973,0,0.1,-0.5745835689791629,0.01774288054179199,0.01774288054180221,True,0
974,0,0.1,-0.5745835372663772,0.01774288054178199,0.01774288054179199,True,0
975,0,0.1,-0.5745835059112108,0.017742880541772206,0.01774288054178199,True,0
976,0,0.1,-0.5745834749096306,0.01774288054176265,0.017742880541772206,True,0
977,0,0.1,-0.5745834442576494,0.017742880541753315,0.01774288054176265,True,0
978,0,0.1,-0.5745834139513248,0.01774288054174418,0.017742880541753315,True,0
979,0,0.1,-0.5745833839867589,0.01774288054173525,0.01774288054174418,True,0
980,0,0.1,-0.5745833543600977,0.01774288054172652,0.01774288054173525,True,0
981,0,0.1,-0.5745833250675305,0.01774288054171799,0.01774288054172652,True,0
982,0,0.1,-0.57458329610529,0.01774288054170965,0.01774288054171799,True,0
983,0,0.1,-0.5745832674696512,0.0177428805417015,0.01774288054170965,True,0
984,0,0.1,-0.5745832391569308,0.017742880541693526,0.0177428805417015,True,0
985,0,0.1,-0.5745832111634874,0.017742880541685734,0.017742880541693526,True,0
986,0,0.1,-0.5745831834857207,0.017742880541678115,0.017742880541685734,True,0
987,0,0.1,-0.5745831561200706,0.017742880541670673,0.017742880541678115,True,0
988,0,0.1,-0.5745831290630176,0.017742880541663387,0.017742880541670673,True,0
989,0,0.1,-0.5745831023110816,0.01774288054165627,0.017742880541663387,True,0
990,0,0.1,-0.5745830758608218,0.017742880541649318,0.01774288054165627,True,0
991,0,0.1,-0.5745830497088363,0.017742880541642518,0.017742880541649318,True,0
992,0,0.1,-0.5745830238517615,0.017742880541635864,0.017742880541642518,True,0
993,0,0.1,-0.5745829982862718,0.017742880541629365,0.017742880541635864,True,0
994,0,0.1,-0.5745829730090789,0.017742880541623013,0.017742880541629365,True,0
995,0,0.1,-0.5745829480169318,0.017742880541616796,0.017742880541623013,True,0
996,0,0.1,-0.574582923306616,0.01774288054161073,0.017742880541616796,True,0
997,0,0.1,-0.5745828988749534,0.0177428805416048,0.01774288054161073,True,0
998,0,0.1,-0.5745828747188017,0.017742880541598994,0.0177428805416048,True,0
999,0,0.1,-0.5745828508350539,0.01774288054159332,0.017742880541598994,True,0
1000,0,0.1,-0.5745828272206382,0.017742880541587774,0.01774288054159332,True,0
1001,0,0.1,-0.5745828038725175,0.017742880541582358,0.017742880541587774,True,0
1002,0,0.1,-0.5745827807876885,0.01774288054157706,0.017742880541582358,True,0
1003,0,0.1,-0.5745827579631825,0.017742880541571873,0.01774288054157706,True,0
1004,0,0.1,-0.5745827353960635,0.017742880541566808,0.017742880541571873,True,0
1005,0,0.1,-0.5745827130834292,0.017742880541561864,0.017742880541566808,True,0
1006,0,0.1,-0.5745826910224099,0.017742880541557024,0.017742880541561864,True,0
1007,0,0.1,-0.574582669210168,0.01774288054155229,0.017742880541557024,True,0
1008,0,0.1,-0.5745826476438981,0.017742880541547674,0.01774288054155229,True,0
1009,0,0.1,-0.5745826263208265,0.01774288054154315,0.017742880541547674,True,0
1010,0,0.1,-0.5745826052382106,0.017742880541538733,0.01774288054154315,True,0
1011,0,0.1,-0.5745825843933389,0.01774288054153441,0.017742880541538733,True,0
1012,0,0.1,-0.5745825637835303,0.017742880541530184,0.01774288054153441,True,0
1013,0,0.1,-0.5745825434061341,0.017742880541526056,0.017742880541530184,True,0
1014,0,0.1,-0.5745825232585294,0.017742880541522017,0.017742880541526056,True,0
1015,0,0.1,-0.574582503338125,0.01774288054151807,0.017742880541522017,True,0
1016,0,0.1,-0.5745824836423586,0.01774288054151421,0.01774288054151807,True,0
1017,0,0.1,-0.5745824641686972,0.017742880541510443,0.01774288054151421,True,0
1018,0,0.1,-0.574582444914636,0.01774288054150675,0.017742880541510443,True,0
1019,0,0.1,-0.5745824258776986,0.01774288054150315,0.01774288054150675,True,0
1020,0,0.1,-0.5745824070554366,0.017742880541499625,0.01774288054150315,True,0
1021,0,0.1,-0.5745823884454291,0.017742880541496184,0.017742880541499625,True,0
1022,0,0.1,-0.5745823700452826,0.01774288054149282,0.017742880541496184,True,0
1023,0,0.1,-0.5745823518526304,0.017742880541489536,0.01774288054149282,True,0
1024,0,0.1,-0.5745823338651328,0.017742880541486317,0.017742880541489536,True,0
1025,0,0.1,-0.5745823160804763,0.017742880541483166,0.017742880541486317,True,0
1026,0,0.1,-0.5745822984963733,0.017742880541480092,0.017742880541483166,True,0
1027,0,0.1,-0.5745822811105624,0.017742880541477084,0.017742880541480092,True,0
1028,0,0.1,-0.5745822639208075,0.017742880541474153,0.017742880541477084,True,0
1029,0,0.1,-0.5745822469248975,0.01774288054147128,0.017742880541474153,True,0
1030,0,0.1,-0.5745822301206466,0.017742880541468466,0.01774288054147128,True,0
1031,0,0.1,-0.5745822135058934,0.017742880541465722,0.017742880541468466,True,0
1032,0,0.1,-0.5745821970785012,0.017742880541463044,0.017742880541465722,True,0
1033,0,0.1,-0.5745821808363569,0.01774288054146041,0.017742880541463044,True,0
1034,0,0.1,-0.5745821647773717,0.017742880541457853,0.01774288054146041,True,0
1035,0,0.1,-0.57458214889948,0.01774288054145535,0.017742880541457853,True,0
1036,0,0.1,-0.5745821332006397,0.0177428805414529,0.01774288054145535,True,0
1037,0,0.1,-0.5745821176788316,0.017742880541450498,0.0177428805414529,True,0
1038,0,0.1,-0.5745821023320594,0.017742880541448156,0.017742880541450498,True,0
1039,0,0.1,-0.5745820871583494,0.01774288054144587,0.017742880541448156,True,0
1040,0,0.1,-0.5745820721557497,0.017742880541443636,0.01774288054144587,True,0
1041,0,0.1,-0.574582057322331,0.017742880541441443,0.017742880541443636,True,0
1042,0,0.1,-0.5745820426561853,0.017742880541439302,0.017742880541441443,True,0
1043,0,0.1,-0.5745820281554264,0.017742880541437207,0.017742880541439302,True,0
1044,0,0.1,-0.5745820138181892,0.017742880541435167,0.017742880541437207,True,0
1045,0,0.1,-0.5745819996426297,0.017742880541433175,0.017742880541435167,True,0
1046,0,0.1,-0.5745819856269248,0.01774288054143122,0.017742880541433175,True,0
1047,0,0.1,-0.5745819717692716,0.017742880541429307,0.01774288054143122,True,0
1048,0,0.1,-0.574581958067888,0.017742880541427437,0.017742880541429307,True,0
1049,0,0.1,-0.5745819445210117,0.01774288054142561,0.017742880541427437,True,0
1050,0,0.1,-0.5745819311269005,0.017742880541423835,0.01774288054142561,True,0
1051,0,0.1,-0.5745819178838315,0.017742880541422083,0.017742880541423835,True,0
1052,0,0.1,-0.5745819047901015,0.01774288054142038,0.017742880541422083,True,0
1053,0,0.1,-0.5745818918440265,0.017742880541418718,0.01774288054142038,True,0
1054,0,0.1,-0.5745818790439413,0.017742880541417094,0.017742880541418718,True,0
1055,0,0.1,-0.5745818663881997,0.0177428805414155,0.017742880541417094,True,0
1056,0,0.1,-0.5745818538751739,0.017742880541413934,0.0177428805414155,True,0
1057,0,0.1,-0.5745818415032545,0.01774288054141242,0.017742880541413934,True,0
1058,0,0.1,-0.5745818292708504,0.017742880541410926,0.01774288054141242,True,0
1059,0,0.1,-0.5745818171763882,0.017742880541409475,0.017742880541410926,True,0
1060,0,0.1,-0.5745818052183125,0.017742880541408053,0.017742880541409475,True,0
1061,0,0.1,-0.5745817933950851,0.01774288054140666,0.017742880541408053,True,0
1062,0,0.1,-0.5745817817051855,0.017742880541405305,0.01774288054140666,True,0
1063,0,0.1,-0.5745817701471101,0.01774288054140398,0.017742880541405305,True,0
1064,0,0.1,-0.5745817587193723,0.017742880541402675,0.01774288054140398,True,0
1065,0,0.1,-0.5745817474205025,0.017742880541401412,0.017742880541402675,True,0
1066,0,0.1,-0.5745817362490473,0.017742880541400167,0.017742880541401412,True,0
1067,0,0.1,-0.57458172520357,0.017742880541398956,0.017742880541400167,True,0
1068,0,0.1,-0.5745817142826498,0.01774288054139777,0.017742880541398956,True,0
1069,0,0.1,-0.5745817034848824,0.017742880541396604,0.01774288054139777,True,0
1070,0,0.1,-0.5745816928088787,0.017742880541395473,0.017742880541396604,True,0
1071,0,0.1,-0.5745816822532658,0.017742880541394366,0.017742880541395473,True,0
1072,0,0.1,-0.574581671816686,0.01774288054139328,0.017742880541394366,True,0
1073,0,0.1,-0.574581661497797,0.017742880541392225,0.01774288054139328,True,0
1074,0,0.1,-0.5745816512952716,0.01774288054139119,0.017742880541392225,True,0
1075,0,0.1,-0.5745816412077976,0.01774288054139018,0.01774288054139119,True,0
1076,0,0.1,-0.5745816312340777,0.017742880541389193,0.01774288054139018,True,0
1077,0,0.1,-0.574581621372829,0.01774288054138822,0.017742880541389193,True,0
1078,0,0.1,-0.5745816116227832,0.017742880541387278,0.01774288054138822,True,0
1079,0,0.1,-0.5745816019826864,0.01774288054138635,0.017742880541387278,True,0
1080,0,0.1,-0.5745815924512986,0.017742880541385453,0.01774288054138635,True,0
1081,0,0.1,-0.5745815830273939,0.017742880541384565,0.017742880541385453,True,0
1082,0,0.1,-0.5745815737097604,0.017742880541383704,0.017742880541384565,True,0
1083,0,0.1,-0.5745815644971994,0.017742880541382865,0.017742880541383704,True,0
1084,0,0.1,-0.5745815553885263,0.017742880541382035,0.017742880541382865,True,0
1085,0,0.1,-0.5745815463825695,0.017742880541381227,0.017742880541382035,True,0
1086,0,0.1,-0.5745815374781708,0.017742880541380436,0.017742880541381227,True,0
1087,0,0.1,-0.5745815286741847,0.01774288054137967,0.017742880541380436,True,0
1088,0,0.1,-0.5745815199694789,0.01774288054137891,0.01774288054137967,True,0
1089,0,0.1,-0.5745815113629341,0.01774288054137818,0.01774288054137891,True,0
1090,0,0.1,-0.5745815028534431,0.017742880541377452,0.01774288054137818,True,0
1091,0,0.1,-0.5745814944399116,0.01774288054137675,0.017742880541377452,True,0
1092,0,0.1,-0.5745814861212574,0.017742880541376068,0.01774288054137675,True,0
1093,0,0.1,-0.5745814778964107,0.01774288054137539,0.017742880541376068,True,0
1094,0,0.1,-0.5745814697643135,0.017742880541374732,0.01774288054137539,True,0
1095,0,0.1,-0.57458146172392,0.01774288054137409,0.017742880541374732,True,0
1096,0,0.1,-0.574581453774196,0.017742880541373462,0.01774288054137409,True,0
1097,0,0.1,-0.5745814459141191,0.01774288054137285,0.017742880541373462,True,0
1098,0,0.1,-0.5745814381426784,0.01774288054137225,0.01774288054137285,True,0
1099,0,0.1,-0.5745814304588742,0.017742880541371665,0.01774288054137225,True,0
1100,0,0.1,-0.5745814228617184,0.01774288054137109,0.017742880541371665,True,0
1101,0,0.1,-0.5745814153502339,0.017742880541370527,0.01774288054137109,True,0
1102,0,0.1,-0.5745814079234546,0.01774288054136998,0.017742880541370527,True,0
1103,0,0.1,-0.5745814005804252,0.017742880541369438,0.01774288054136998,True,0
1104,0,0.1,-0.5745813933202013,0.01774288054136892,0.017742880541369438,True,0
1105,0,0.1,-0.5745813861418492,0.017742880541368404,0.01774288054136892,True,0
1106,0,0.1,-0.5745813790444455,0.017742880541367904,0.017742880541368404,True,0
1107,0,0.1,-0.5745813720270775,0.01774288054136742,0.017742880541367904,True,0
1108,0,0.1,-0.5745813650888426,0.017742880541366933,0.01774288054136742,True,0
1109,0,0.1,-0.5745813582288485,0.01774288054136646,0.017742880541366933,True,0
1110,0,0.1,-0.5745813514462128,0.01774288054136601,0.01774288054136646,True,0
1111,0,0.1,-0.5745813447400633,0.017742880541365566,0.01774288054136601,True,0
1112,0,0.1,-0.5745813381095373,0.017742880541365122,0.017742880541365566,True,0
1113,0,0.1,-0.5745813315537821,0.0177428805413647,0.017742880541365122,True,0
1114,0,0.1,-0.5745813250719545,0.017742880541364286,0.0177428805413647,True,0
1115,0,0.1,-0.5745813186632208,0.017742880541363873,0.017742880541364286,True,0
1116,0,0.1,-0.5745813123267569,0.01774288054136347,0.017742880541363873,True,0
1117,0,0.1,-0.5745813060617476,0.01774288054136309,0.01774288054136347,True,0
1118,0,0.1,-0.5745812998673873,0.017742880541362704,0.01774288054136309,True,0
1119,0,0.1,-0.5745812937428793,0.017742880541362322,0.017742880541362704,True,0
1120,0,0.1,-0.5745812876874358,0.017742880541361965,0.017742880541362322,True,0
1121,0,0.1,-0.574581281700278,0.01774288054136161,0.017742880541361965,True,0
1122,0,0.1,-0.5745812757806359,0.01774288054136126,0.01774288054136161,True,0
1123,0,0.1,-0.574581269927748,0.01774288054136091,0.01774288054136126,True,0
1124,0,0.1,-0.5745812641408617,0.017742880541360584,0.01774288054136091,True,0
1125,0,0.1,-0.5745812584192328,0.017742880541360258,0.017742880541360584,True,0
1126,0,0.1,-0.5745812527621251,0.017742880541359946,0.017742880541360258,True,0
1127,0,0.1,-0.5745812471688113,0.017742880541359633,0.017742880541359946,True,0
1128,0,0.1,-0.5745812416385718,0.017742880541359328,0.017742880541359633,True,0
1129,0,0.1,-0.5745812361706955,0.01774288054135903,0.017742880541359328,True,0
1130,0,0.1,-0.574581230764479,0.017742880541358738,0.01774288054135903,True,0
1131,0,0.1,-0.5745812254192271,0.017742880541358457,0.017742880541358738,True,0
1132,0,0.1,-0.5745812201342522,0.017742880541358176,0.017742880541358457,True,0
1133,0,0.1,-0.5745812149088746,0.01774288054135791,0.017742880541358176,True,0
1134,0,0.1,-0.5745812097424223,0.01774288054135764,0.01774288054135791,True,0
1135,0,0.1,-0.5745812046342308,0.017742880541357385,0.01774288054135764,True,0
1136,0,0.1,-0.5745811995836431,0.01774288054135712,0.017742880541357385,True,0
1137,0,0.1,-0.5745811945900096,0.017742880541356882,0.01774288054135712,True,0
1138,0,0.1,-0.5745811896526879,0.017742880541356632,0.017742880541356882,True,0
1139,0,0.1,-0.5745811847710433,0.017742880541356396,0.017742880541356632,True,0
1140,0,0.1,-0.5745811799444477,0.01774288054135617,0.017742880541356396,True,0
1141,0,0.1,-0.5745811751722804,0.017742880541355942,0.01774288054135617,True,0
1142,0,0.1,-0.5745811704539275,0.017742880541355716,0.017742880541355942,True,0
1143,0,0.1,-0.5745811657887824,0.017742880541355505,0.017742880541355716,True,0
1144,0,0.1,-0.5745811611762449,0.017742880541355296,0.017742880541355505,True,0
1145,0,0.1,-0.5745811566157218,0.017742880541355078,0.017742880541355296,True,0
1146,0,0.1,-0.5745811521066266,0.01774288054135488,0.017742880541355078,True,0
1147,0,0.1,-0.5745811476483793,0.017742880541354686,0.01774288054135488,True,0
1148,0,0.1,-0.5745811432404065,0.01774288054135449,0.017742880541354686,True,0
1149,0,0.1,-0.5745811388821414,0.017742880541354304,0.01774288054135449,True,0
1150,0,0.1,-0.5745811345730232,0.01774288054135412,0.017742880541354304,True,0
1151,0,0.1,-0.5745811303124978,0.017742880541353936,0.01774288054135412,True,0
1152,0,0.1,-0.5745811261000173,0.017742880541353766,0.017742880541353936,True,0
1153,0,0.1,-0.57458112193504,0.017742880541353593,0.017742880541353766,True,0
1154,0,0.1,-0.5745811178170299,0.01774288054135342,0.017742880541353593,True,0
1155,0,0.1,-0.5745811137454576,0.017742880541353253,0.01774288054135342,True,0
1156,0,0.1,-0.5745811097197994,0.017742880541353093,0.017742880541353253,True,0
1157,0,0.1,-0.5745811057395375,0.01774288054135294,0.017742880541353093,True,0
1158,0,0.1,-0.57458110180416,0.017742880541352788,0.01774288054135294,True,0
1159,0,0.1,-0.5745810979131607,0.01774288054135264,0.017742880541352788,True,0
1160,0,0.1,-0.5745810940660393,0.01774288054135248,0.01774288054135264,True,0
1161,0,0.1,-0.5745810902623009,0.017742880541352344,0.01774288054135248,True,0
1162,0,0.1,-0.5745810865014562,0.017742880541352198,0.017742880541352344,True,0
1163,0,0.1,-0.5745810827830217,0.017742880541352063,0.017742880541352198,True,0
1164,0,0.1,-0.5745810791065189,0.01774288054135193,0.017742880541352063,True,0
1165,0,0.1,-0.5745810754714751,0.0177428805413518,0.01774288054135193,True,0
1166,0,0.1,-0.5745810718774228,0.017742880541351667,0.0177428805413518,True,0
1167,0,0.1,-0.5745810683238997,0.01774288054135154,0.017742880541351667,True,0
1168,0,0.1,-0.5745810648104487,0.017742880541351418,0.01774288054135154,True,0
1169,0,0.1,-0.574581061336618,0.017742880541351307,0.017742880541351418,True,0
1170,0,0.1,-0.5745810579019608,0.01774288054135119,0.017742880541351307,True,0
1171,0,0.1,-0.5745810545060354,0.01774288054135107,0.01774288054135119,True,0
1172,0,0.1,-0.574581051148405,0.017742880541350956,0.01774288054135107,True,0
1173,0,0.1,-0.5745810478286376,0.017742880541350845,0.017742880541350956,True,0
1174,0,0.1,-0.5745810445463064,0.01774288054135074,0.017742880541350845,True,0
1175,0,0.1,-0.5745810413009893,0.01774288054135063,0.01774288054135074,True,0
1176,0,0.1,-0.5745810380922688,0.017742880541350536,0.01774288054135063,True,0
1177,0,0.1,-0.5745810349197321,0.017742880541350432,0.017742880541350536,True,0
1178,0,0.1,-0.5745810317829714,0.017742880541350335,0.017742880541350432,True,0
1179,0,0.1,-0.574581028681583,0.017742880541350238,0.017742880541350335,True,0
1180,0,0.1,-0.5745810256151682,0.017742880541350155,0.017742880541350238,True,0
1181,0,0.1,-0.5745810225833327,0.017742880541350058,0.017742880541350155,True,0
1182,0,0.1,-0.5745810195856863,0.017742880541349967,0.017742880541350058,True,0
1183,0,0.1,-0.5745810166218436,0.017742880541349877,0.017742880541349967,True,0
1184,0,0.1,-0.5745810136914233,0.017742880541349787,0.017742880541349877,True,0
1185,0,0.1,-0.5745810107940488,0.017742880541349707,0.017742880541349787,True,0
1186,0,0.1,-0.5745810079293471,0.017742880541349634,0.017742880541349707,True,0
1187,0,0.1,-0.5745810050969499,0.017742880541349544,0.017742880541349634,True,0
1188,0,0.1,-0.5745810022964929,0.01774288054134947,0.017742880541349544,True,0
1189,0,0.1,-0.574580999527616,0.01774288054134939,0.01774288054134947,True,0
1190,0,0.1,-0.574580996789963,0.017742880541349322,0.01774288054134939,True,0
1191,0,0.1,-0.5745809940831818,0.017742880541349246,0.017742880541349322,True,0
1192,0,0.1,-0.5745809914069242,0.017742880541349173,0.017742880541349246,True,0
1193,0,0.1,-0.5745809887608461,0.017742880541349107,0.017742880541349173,True,0
1194,0,0.1,-0.5745809861446071,0.017742880541349038,0.017742880541349107,True,0
1195,0,0.1,-0.5745809835578708,0.01774288054134897,0.017742880541349038,True,0
1196,0,0.1,-0.5745809810003044,0.017742880541348906,0.01774288054134897,True,0
1197,0,0.1,-0.5745809784715791,0.01774288054134885,0.017742880541348906,True,0
1198,0,0.1,-0.5745809759713695,0.01774288054134878,0.01774288054134885,True,0
1199,0,0.1,-0.5745809734993541,0.01774288054134872,0.01774288054134878,True,0
1200,0,0.1,-0.574580971055215,0.017742880541348656,0.01774288054134872,True,0
1201,0,0.1,-0.5745809686386378,0.0177428805413486,0.017742880541348656,True,0
1202,0,0.1,-0.5745809662493118,0.01774288054134855,0.0177428805413486,True,0
1203,0,0.1,-0.5745809638869296,0.017742880541348482,0.01774288054134855,True,0
1204,0,0.1,-0.5745809615511873,0.017742880541348434,0.017742880541348482,True,0
1205,0,0.1,-0.5745809592417847,0.017742880541348385,0.017742880541348434,True,0
1206,0,0.1,-0.5745809569584245,0.017742880541348333,0.017742880541348385,True,0
1207,0,0.1,-0.5745809547008132,0.017742880541348288,0.017742880541348333,True,0
1208,0,0.1,-0.5745809524686604,0.017742880541348233,0.017742880541348288,True,0
1209,0,0.1,-0.574580950261679,0.017742880541348184,0.017742880541348233,True,0
1210,0,0.1,-0.5745809480795852,0.017742880541348136,0.017742880541348184,True,0
1211,0,0.1,-0.5745809459220982,0.017742880541348087,0.017742880541348136,True,0
1212,0,0.1,-0.5745809437889406,0.017742880541348045,0.017742880541348087,True,0
1213,0,0.1,-0.5745809416798382,0.017742880541348,0.017742880541348045,True,0
1214,0,0.1,-0.5745809395945195,0.01774288054134795,0.017742880541348,True,0
1215,0,0.1,-0.5745809375327164,0.017742880541347917,0.01774288054134795,True,0
1216,0,0.1,-0.5745809354941638,0.017742880541347872,0.017742880541347917,True,0
1217,0,0.1,-0.5745809334785994,0.01774288054134783,0.017742880541347872,True,0
1218,0,0.1,-0.574580931485764,0.01774288054134779,0.01774288054134783,True,0
1219,0,0.1,-0.5745809295154012,0.01774288054134775,0.01774288054134779,True,0
1220,0,0.1,-0.5745809275672576,0.017742880541347712,0.01774288054134775,True,0
1221,0,0.1,-0.5745809256410829,0.017742880541347678,0.017742880541347712,True,0
1222,0,0.1,-0.5745809237366291,0.017742880541347646,0.017742880541347678,True,0
1223,0,0.1,-0.5745809218536513,0.017742880541347605,0.017742880541347646,True,0
1224,0,0.1,-0.5745809199919073,0.017742880541347567,0.017742880541347605,True,0
1225,0,0.1,-0.5745809181511577,0.017742880541347535,0.017742880541347567,True,0
1226,0,0.1,-0.5745809163311658,0.017742880541347504,0.017742880541347535,True,0
1227,0,0.1,-0.5745809145316975,0.017742880541347476,0.017742880541347504,True,0
1228,0,0.1,-0.5745809127525213,0.01774288054134744,0.017742880541347476,True,0
1229,0,0.1,-0.5745809109934085,0.017742880541347414,0.01774288054134744,True,0
1230,0,0.1,-0.5745809092541326,0.01774288054134738,0.017742880541347414,True,0
1231,0,0.1,-0.5745809075344702,0.01774288054134735,0.01774288054134738,True,0
1232,0,0.1,-0.5745809058342,0.01774288054134732,0.01774288054134735,True,0
1233,0,0.1,-0.5745809041531031,0.017742880541347296,0.01774288054134732,True,0
1234,0,0.1,-0.5745809024909636,0.017742880541347268,0.017742880541347296,True,0
1235,0,0.1,-0.5745809008475676,0.017742880541347244,0.017742880541347268,True,0
1236,0,0.1,-0.5745808992227038,0.017742880541347223,0.017742880541347244,True,0
1237,0,0.1,-0.5745808976161632,0.01774288054134719,0.017742880541347223,True,0
1238,0,0.1,-0.574580896027739,0.017742880541347164,0.01774288054134719,True,0
1239,0,0.1,-0.5745808944572272,0.017742880541347136,0.017742880541347164,True,0
1240,0,0.1,-0.5745808929044255,0.01774288054134712,0.017742880541347136,True,0
1241,0,0.1,-0.5745808913691344,0.01774288054134709,0.01774288054134712,True,0
1242,0,0.1,-0.5745808898511563,0.01774288054134707,0.01774288054134709,True,0
1243,0,0.1,-0.5745808883502961,0.017742880541347046,0.01774288054134707,True,0
1244,0,0.1,-0.5745808868663607,0.017742880541347025,0.017742880541347046,True,0
1245,0,0.1,-0.5745808853991592,0.017742880541346998,0.017742880541347025,True,0
1246,0,0.1,-0.574580883948503,0.017742880541346984,0.017742880541346998,True,0
1247,0,0.1,-0.5745808825142056,0.017742880541346963,0.017742880541346984,True,0
1248,0,0.1,-0.5745808810960823,0.01774288054134694,0.017742880541346963,True,0
1249,0,0.1,-0.5745808796939508,0.017742880541346918,0.01774288054134694,True,0
1250,0,0.1,-0.5745808783076307,0.017742880541346904,0.017742880541346918,True,0
1251,0,0.1,-0.5745808769369438,0.017742880541346887,0.017742880541346904,True,0
1252,0,0.1,-0.5745808755817138,0.017742880541346866,0.017742880541346887,True,0
1253,0,0.1,-0.5745808742417664,0.017742880541346845,0.017742880541346866,True,0
1254,0,0.1,-0.5745808729169292,0.017742880541346838,0.017742880541346845,True,0
1255,0,0.1,-0.5745808716070319,0.017742880541346814,0.017742880541346838,True,0
1256,0,0.1,-0.5745808703119059,0.017742880541346796,0.017742880541346814,True,0
1257,0,0.1,-0.5745808690313847,0.01774288054134678,0.017742880541346796,True,0
1258,0,0.1,-0.5745808677653036,0.017742880541346758,0.01774288054134678,True,0
1259,0,0.1,-0.5745808665134998,0.017742880541346748,0.017742880541346758,True,0
1260,0,0.1,-0.5745808652758123,0.01774288054134674,0.017742880541346748,True,0
1261,0,0.1,-0.5745808640520819,0.017742880541346717,0.01774288054134674,True,0
1262,0,0.1,-0.574580862842151,0.017742880541346706,0.017742880541346717,True,0
1263,0,0.1,-0.5745808616458643,0.01774288054134669,0.017742880541346706,True,0
1264,0,0.1,-0.5745808604630678,0.017742880541346675,0.01774288054134669,True,0
1265,0,0.1,-0.5745808592936094,0.01774288054134666,0.017742880541346675,True,0
1266,0,0.1,-0.5745808581373386,0.017742880541346644,0.01774288054134666,True,0
1267,0,0.1,-0.5745808569941068,0.017742880541346633,0.017742880541346644,True,0
1268,0,0.1,-0.574580855863767,0.017742880541346623,0.017742880541346633,True,0
1269,0,0.1,-0.5745808547461736,0.017742880541346605,0.017742880541346623,True,0
1270,0,0.1,-0.574580853641183,0.017742880541346602,0.017742880541346605,True,0
1271,0,0.1,-0.5745808525486532,0.017742880541346588,0.017742880541346602,True,0
1272,0,0.1,-0.5745808514684435,0.017742880541346578,0.017742880541346588,True,0
1273,0,0.1,-0.5745808504004151,0.01774288054134656,0.017742880541346578,True,0
1274,0,0.1,-0.5745808493444305,0.017742880541346553,0.01774288054134656,True,0
1275,0,0.1,-0.574580848300354,0.017742880541346543,0.017742880541346553,True,0
1276,0,0.1,-0.5745808472680514,0.017742880541346533,0.017742880541346543,True,0
1277,0,0.1,-0.5745808462473897,0.017742880541346522,0.017742880541346533,True,0
1278,0,0.1,-0.5745808452382377,0.017742880541346515,0.017742880541346522,True,0
